host_monotonic_ns,t_ms,ax_g,ay_g,az_g,gx_dps,gy_dps,gz_dps
474084875000000,5761,-0.856,-0.025,-0.523,-0.04,-0.06,0.03
474084890000000,5781,-0.852,-0.021,-0.515,0.05,0.07,0.03
474084921000000,5801,-0.853,-0.028,-0.515,0.01,0.11,-0.04
474084937000000,5821,-0.856,-0.027,-0.517,-0.01,-0.12,0.02
474084953000000,5841,-0.857,-0.026,-0.516,0.05,0.07,-0.0
474084984000000,5861,-0.854,-0.024,-0.516,0.08,0.08,-0.0
474085000000000,5881,-0.851,-0.023,-0.514,-0.02,-0.15,-0.07
474085015000000,5901,-0.855,-0.025,-0.519,0.08,-0.21,-0.03
474085031000000,5921,-0.856,-0.029,-0.514,-0.02,-0.02,0.08
474085062000000,5941,-0.859,-0.024,-0.513,0.0,0.01,0.06
474085078000000,5961,-0.857,-0.023,-0.513,-0.01,-0.16,-0.18
474085093000000,5981,-0.857,-0.03,-0.516,0.02,-0.01,-0.08
474085125000000,6001,-0.859,-0.022,-0.522,-0.04,0.05,0.03
474085140000000,6021,-0.859,-0.019,-0.508,-0.05,0.11,0.03
474085156000000,6041,-0.855,-0.027,-0.517,-0.05,-0.05,-0.08
474085171000000,6061,-0.861,-0.03,-0.519,0.01,-0.05,-0.08
474085203000000,6081,-0.855,-0.022,-0.509,0.04,0.14,0.07
474085218000000,6101,-0.857,-0.026,-0.517,-0.04,0.04,-0.02
474085234000000,6121,-0.856,-0.026,-0.515,0.01,-0.07,-0.02
474085250000000,6141,-0.854,-0.022,-0.515,0.0,0.03,0.01
474085281000000,6161,-0.859,-0.022,-0.511,0.02,0.12,0.05
474085296000000,6181,-0.856,-0.023,-0.519,-0.01,-0.12,-0.05
474085312000000,6201,-0.852,-0.021,-0.511,0.04,-0.1,0.01
474085343000000,6221,-0.856,-0.023,-0.519,-0.01,0.03,0.08
474085359000000,6241,-0.857,-0.027,-0.512,-0.01,0.02,-0.01
474085375000000,6261,-0.859,-0.025,-0.521,0.03,-0.09,-0.08
474085390000000,6281,-0.855,-0.022,-0.514,-0.04,-0.25,-0.04
474085421000000,6301,-0.854,-0.022,-0.516,-0.02,0.01,0.05
474085437000000,6321,-0.857,-0.024,-0.516,0.02,-0.05,0.05
474085453000000,6341,-0.859,-0.022,-0.521,0.02,-0.1,-0.15
474085484000000,6361,-0.855,-0.026,-0.513,-0.06,0.01,-0.02
474085500000000,6381,-0.855,-0.023,-0.518,0.02,0.02,0.13
474085515000000,6401,-0.855,-0.027,-0.517,0.03,-0.01,0.09
474085531000000,6421,-0.853,-0.021,-0.518,0.0,-0.07,-0.09
474085562000000,6441,-0.857,-0.029,-0.514,-0.02,-0.06,-0.07
474085578000000,6461,-0.854,-0.027,-0.514,0.02,0.12,0.01
474085593000000,6481,-0.855,-0.023,-0.518,-0.01,-0.04,0.05
474085609000000,6501,-0.855,-0.022,-0.515,0.04,-0.23,0.01
474085640000000,6521,-0.858,-0.027,-0.517,0.04,-0.0,-0.02
474085656000000,6541,-0.857,-0.022,-0.514,0.0,0.13,-0.01
474085671000000,6561,-0.861,-0.025,-0.513,-0.04,0.03,-0.02
474085703000000,6581,-0.854,-0.02,-0.513,-0.01,-0.12,0.03
474085718000000,6601,-0.857,-0.024,-0.516,-0.04,-0.01,0.1
474085734000000,6621,-0.855,-0.025,-0.521,0.0,0.07,-0.02
474085750000000,6641,-0.859,-0.026,-0.512,0.01,-0.08,-0.08
474085781000000,6661,-0.858,-0.031,-0.51,-0.04,-0.08,-0.07
474085796000000,6681,-0.856,-0.026,-0.516,0.05,0.11,0.08
474085812000000,6701,-0.859,-0.027,-0.516,0.05,0.07,0.05
474085843000000,6721,-0.853,-0.024,-0.512,0.02,-0.18,-0.09
474085859000000,6741,-0.854,-0.025,-0.516,0.09,-0.12,-0.14
474085875000000,6761,-0.86,-0.027,-0.518,0.02,0.15,0.02
474085890000000,6781,-0.857,-0.025,-0.517,-0.07,0.02,0.05
474085921000000,6801,-0.853,-0.025,-0.515,-0.02,-0.13,-0.07
474085937000000,6821,-0.854,-0.025,-0.515,-0.06,-0.12,-0.06
474085953000000,6841,-0.857,-0.024,-0.521,0.05,0.17,0.05
474085984000000,6861,-0.857,-0.023,-0.515,0.01,0.04,-0.0
474086000000000,6881,-0.858,-0.025,-0.523,0.0,-0.11,-0.04
474086015000000,6901,-0.858,-0.022,-0.513,-0.05,-0.05,0.03
474086031000000,6921,-0.851,-0.026,-0.517,-0.01,-0.05,-0.02
474086062000000,6941,-0.858,-0.023,-0.508,-0.01,-0.02,-0.08
474086078000000,6961,-0.857,-0.024,-0.517,-0.01,-0.11,-0.05
474086093000000,6981,-0.856,-0.024,-0.512,0.03,0.14,0.05
474086109000000,7001,-0.856,-0.027,-0.518,0.06,0.09,0.01
474086140000000,7021,-0.856,-0.026,-0.518,-0.01,-0.01,-0.09
474086156000000,7041,-0.855,-0.023,-0.52,0.09,-0.12,-0.06
474086171000000,7061,-0.857,-0.023,-0.521,0.03,-0.01,0.09
474086203000000,7081,-0.855,-0.026,-0.515,-0.06,0.02,0.03
474086218000000,7101,-0.856,-0.025,-0.518,-0.04,-0.16,-0.11
474086234000000,7121,-0.855,-0.024,-0.508,0.08,-0.1,-0.1
474086250000000,7141,-0.852,-0.024,-0.51,0.09,0.09,0.13
474086281000000,7161,-0.862,-0.025,-0.514,0.02,0.04,0.05
474086296000000,7181,-0.859,-0.028,-0.522,0.02,-0.15,-0.11
474086312000000,7201,-0.861,-0.023,-0.51,0.03,-0.09,-0.05
474086343000000,7221,-0.859,-0.027,-0.516,-0.01,0.16,0.03
474086359000000,7241,-0.856,-0.022,-0.513,-0.03,-0.0,0.04
474086375000000,7261,-0.859,-0.026,-0.515,-0.04,-0.12,-0.08
474086390000000,7281,-0.854,-0.028,-0.511,-0.01,0.04,-0.01
474086421000000,7301,-0.854,-0.027,-0.52,0.06,0.09,0.04
474086437000000,7321,-0.856,-0.026,-0.525,0.04,-0.02,-0.02
474086453000000,7341,-0.856,-0.025,-0.515,-0.01,-0.12,-0.04
474086468000000,7361,-0.857,-0.023,-0.517,-0.02,0.05,0.05
474086500000000,7381,-0.855,-0.024,-0.52,0.05,0.04,0.03
474086515000000,7401,-0.854,-0.023,-0.517,0.01,-0.18,-0.04
474086531000000,7421,-0.856,-0.026,-0.515,0.05,-0.09,-0.03
474086562000000,7441,-0.856,-0.025,-0.513,0.07,0.04,0.05
474086578000000,7461,-0.855,-0.026,-0.515,-0.03,0.19,-0.04
474086593000000,7481,-0.855,-0.03,-0.512,-0.02,-0.19,-0.12
474086609000000,7501,-0.858,-0.023,-0.521,-0.06,-0.13,-0.05
474086640000000,7521,-0.853,-0.021,-0.515,0.08,0.01,0.06
474086656000000,7541,-0.858,-0.024,-0.518,0.06,0.08,0.01
474086671000000,7561,-0.854,-0.028,-0.523,0.02,-0.14,-0.02
474086703000000,7581,-0.855,-0.024,-0.514,0.03,0.02,-0.05
474086718000000,7601,-0.86,-0.026,-0.514,0.03,0.03,-0.02
474086734000000,7621,-0.852,-0.024,-0.521,0.02,-0.04,0.02
474086750000000,7641,-0.858,-0.021,-0.512,-0.01,-0.13,-0.07
474086781000000,7661,-0.86,-0.026,-0.51,0.04,0.11,-0.0
474086796000000,7681,-0.856,-0.023,-0.516,0.02,0.26,0.03
474086812000000,7701,-0.858,-0.019,-0.513,-0.06,-0.05,0.05
474086843000000,7721,-0.855,-0.027,-0.516,-0.01,-0.02,0.13
474086859000000,7741,-0.854,-0.024,-0.517,-0.04,-0.08,0.05
474086875000000,7761,-0.855,-0.024,-0.525,0.04,0.11,-0.02
474086890000000,7781,-0.857,-0.026,-0.513,0.05,-0.13,-0.12
474086921000000,7801,-0.86,-0.023,-0.52,0.02,-0.16,0.06
474086937000000,7821,-0.858,-0.022,-0.51,-0.01,0.05,0.09
474086953000000,7841,-0.856,-0.02,-0.518,0.02,-0.02,0.08
474086968000000,7861,-0.858,-0.027,-0.523,-0.01,-0.06,-0.02
474087000000000,7881,-0.858,-0.024,-0.525,0.02,0.01,-0.06
474087015000000,7901,-0.852,-0.026,-0.519,0.03,0.1,0.1
474087031000000,7921,-0.858,-0.026,-0.519,0.05,0.07,0.14
474087062000000,7941,-0.856,-0.023,-0.516,0.05,-0.22,-0.05
474087078000000,7961,-0.855,-0.022,-0.515,-0.07,0.04,-0.08
474087093000000,7981,-0.856,-0.023,-0.51,0.05,0.17,0.07
474087109000000,8001,-0.861,-0.025,-0.519,-0.01,-0.01,0.07
474087140000000,8021,-0.855,-0.028,-0.52,0.02,-0.23,-0.05
474087156000000,8041,-0.855,-0.026,-0.513,0.05,0.01,-0.0
474087171000000,8061,-0.856,-0.023,-0.517,0.0,0.11,0.07
474087203000000,8081,-0.853,-0.025,-0.518,0.0,-0.05,-0.0
474087218000000,8101,-0.856,-0.024,-0.515,-0.01,-0.14,-0.02
474087234000000,8121,-0.857,-0.026,-0.516,0.09,-0.03,-0.04
474087250000000,8141,-0.858,-0.017,-0.518,0.02,0.09,0.01
474087281000000,8161,-0.854,-0.023,-0.517,-0.04,-0.13,-0.05
474087296000000,8181,-0.86,-0.027,-0.516,-0.07,0.01,-0.1
474087312000000,8201,-0.857,-0.021,-0.515,0.06,0.08,0.11
474087343000000,8221,-0.854,-0.024,-0.516,-0.04,0.04,0.09
474087359000000,8241,-0.852,-0.029,-0.514,-0.05,-0.09,-0.05
474087375000000,8261,-0.858,-0.023,-0.513,0.0,-0.1,-0.06
474087390000000,8281,-0.859,-0.027,-0.515,-0.04,0.18,0.1
474087421000000,8301,-0.857,-0.027,-0.513,-0.04,0.09,0.08
474087437000000,8321,-0.855,-0.023,-0.519,-0.06,-0.06,-0.12
474087453000000,8341,-0.855,-0.023,-0.513,0.01,0.01,-0.03
474087484000000,8361,-0.853,-0.027,-0.517,0.07,0.11,0.09
474087500000000,8381,-0.856,-0.024,-0.513,0.0,0.08,0.07
474087515000000,8401,-0.859,-0.025,-0.516,0.02,-0.14,0.01
474087531000000,8421,-0.854,-0.023,-0.518,0.02,-0.09,-0.05
474087562000000,8441,-0.855,-0.025,-0.517,0.07,0.08,-0.03
474087578000000,8461,-0.859,-0.022,-0.513,0.02,-0.15,0.04
474087593000000,8481,-0.853,-0.023,-0.516,-0.02,-0.08,0.08
474087609000000,8501,-0.855,-0.024,-0.51,0.02,-0.0,-0.01
474087640000000,8521,-0.856,-0.025,-0.515,0.1,0.07,-0.0
474087656000000,8541,-0.858,-0.027,-0.51,0.03,-0.13,-0.02
474087671000000,8561,-0.856,-0.021,-0.518,0.02,-0.04,-0.03
474087703000000,8581,-0.856,-0.027,-0.519,-0.02,0.07,0.04
474087718000000,8601,-0.854,-0.028,-0.515,0.02,0.05,0.07
474087734000000,8621,-0.858,-0.022,-0.517,0.03,0.02,-0.05
474087750000000,8641,-0.856,-0.029,-0.514,0.04,0.04,-0.03
474087781000000,8661,-0.854,-0.025,-0.515,-0.03,0.07,0.05
474087796000000,8681,-0.853,-0.026,-0.511,-0.01,0.15,0.07
474087812000000,8701,-0.858,-0.022,-0.521,-0.11,-0.19,-0.08
474087843000000,8721,-0.854,-0.024,-0.527,-0.05,-0.02,-0.12
474087859000000,8741,-0.859,-0.024,-0.521,0.02,0.17,0.02
474087875000000,8761,-0.857,-0.027,-0.512,0.02,0.12,-0.02
474087890000000,8781,-0.852,-0.025,-0.507,-0.04,-0.15,0.07
474087921000000,8801,-0.859,-0.025,-0.518,-0.03,0.03,-0.05
474087937000000,8821,-0.859,-0.024,-0.517,0.05,0.22,-0.0
474087953000000,8841,-0.853,-0.025,-0.513,-0.1,0.07,0.01
474087984000000,8861,-0.851,-0.021,-0.514,-0.11,-0.15,0.06
474088000000000,8881,-0.853,-0.025,-0.507,0.02,0.14,0.06
474088015000000,8901,-0.859,-0.024,-0.517,0.04,0.08,0.03
474088031000000,8921,-0.859,-0.022,-0.519,0.01,-0.17,-0.17
474088062000000,8941,-0.858,-0.026,-0.524,-0.03,-0.15,0.01
474088078000000,8961,-0.86,-0.024,-0.518,0.06,-0.01,0.08
474088093000000,8981,-0.855,-0.027,-0.514,-0.02,0.06,0.14
474088109000000,9001,-0.857,-0.025,-0.516,0.03,-0.28,-0.14
474088140000000,9021,-0.855,-0.023,-0.513,-0.02,-0.04,-0.01
474088156000000,9041,-0.862,-0.023,-0.514,-0.07,0.05,0.05
474088171000000,9061,-0.853,-0.024,-0.519,-0.05,0.01,0.1
474088203000000,9081,-0.856,-0.026,-0.518,-0.05,-0.1,-0.05
474088218000000,9101,-0.852,-0.025,-0.51,-0.01,-0.02,-0.05
474088234000000,9121,-0.858,-0.023,-0.521,0.09,0.13,0.08
474088250000000,9141,-0.855,-0.017,-0.522,0.0,-0.02,0.02
474088281000000,9161,-0.855,-0.027,-0.518,-0.04,-0.12,-0.04
474088296000000,9181,-0.855,-0.027,-0.517,-0.05,-0.06,-0.08
474088312000000,9201,-0.855,-0.025,-0.515,0.01,0.14,-0.02
474088343000000,9221,-0.859,-0.023,-0.517,-0.01,-0.08,-0.02
474088359000000,9241,-0.852,-0.022,-0.513,0.04,0.03,0.05
474088375000000,9261,-0.855,-0.025,-0.509,-0.03,0.11,0.08
474088390000000,9281,-0.857,-0.027,-0.517,-0.05,0.2,0.07
474088421000000,9301,-0.855,-0.025,-0.514,-0.06,-0.15,-0.08
474088437000000,9321,-0.855,-0.022,-0.518,0.02,-0.24,-0.15
474088453000000,9341,-0.855,-0.027,-0.519,0.05,0.04,0.07
474088484000000,9361,-0.853,-0.027,-0.514,-0.01,0.21,0.07
474088500000000,9381,-0.858,-0.022,-0.514,-0.02,-0.05,-0.02
474088515000000,9401,-0.852,-0.023,-0.514,0.08,-0.16,-0.08
474088531000000,9421,-0.861,-0.027,-0.517,-0.01,0.06,0.1
474088562000000,9441,-0.854,-0.023,-0.517,-0.02,0.06,0.05
474088578000000,9461,-0.852,-0.024,-0.514,-0.03,-0.02,-0.02
474088593000000,9481,-0.853,-0.026,-0.515,0.0,-0.08,-0.03
474088609000000,9501,-0.861,-0.023,-0.516,0.09,0.07,0.1
474088640000000,9521,-0.853,-0.027,-0.516,0.05,0.11,-0.01
474088656000000,9541,-0.855,-0.023,-0.515,-0.12,-0.17,-0.12
474088671000000,9561,-0.853,-0.025,-0.514,0.07,0.05,-0.03
474088703000000,9581,-0.857,-0.029,-0.519,-0.01,-0.09,0.03
474088718000000,9601,-0.856,-0.023,-0.52,-0.04,-0.02,-0.04
474088734000000,9621,-0.854,-0.023,-0.513,-0.01,-0.1,0.03
474088750000000,9641,-0.855,-0.029,-0.52,0.02,0.04,0.11
474088781000000,9661,-0.856,-0.026,-0.513,-0.07,0.04,0.06
474088796000000,9681,-0.854,-0.024,-0.512,-0.04,-0.21,-0.01
474088812000000,9701,-0.858,-0.026,-0.512,0.03,-0.14,-0.09
474088828000000,9721,-0.86,-0.026,-0.518,0.03,0.14,0.05
474088859000000,9741,-0.857,-0.022,-0.519,0.0,0.18,0.02
474088875000000,9761,-0.854,-0.023,-0.519,-0.05,-0.06,-0.1
474088890000000,9781,-0.86,-0.028,-0.518,-0.01,-0.09,-0.06
474088921000000,9801,-0.857,-0.023,-0.518,0.04,0.13,0.09
474088937000000,9821,-0.85,-0.029,-0.518,0.05,0.11,0.04
474088953000000,9841,-0.86,-0.024,-0.516,0.04,-0.04,-0.07
474088984000000,9861,-0.858,-0.024,-0.52,0.03,-0.08,-0.02
474089000000000,9881,-0.854,-0.023,-0.507,0.02,-0.04,0.11
474089015000000,9901,-0.854,-0.028,-0.514,0.05,-0.03,0.02
474089031000000,9921,-0.859,-0.028,-0.519,-0.01,-0.12,-0.1
474089062000000,9941,-0.859,-0.023,-0.52,0.01,0.03,-0.05
474089078000000,9961,-0.857,-0.023,-0.52,0.04,0.09,0.07
474089093000000,9981,-0.854,-0.024,-0.522,-0.01,-0.05,-0.03
474089109000000,10001,-0.853,-0.023,-0.513,0.07,-0.19,-0.02
474089140000000,10021,-0.856,-0.024,-0.513,0.02,0.08,0.08
474089156000000,10041,-0.858,-0.022,-0.512,-0.04,0.11,-0.04
474089171000000,10061,-0.854,-0.025,-0.509,-0.03,0.02,-0.12
474089203000000,10081,-0.86,-0.024,-0.517,-0.08,-0.21,-0.0
474089218000000,10101,-0.856,-0.029,-0.514,-0.04,0.2,0.11
474089234000000,10121,-0.855,-0.023,-0.514,0.03,0.1,0.05
474089250000000,10141,-0.854,-0.025,-0.517,0.05,-0.07,-0.02
474089281000000,10161,-0.855,-0.027,-0.522,0.02,-0.11,-0.01
474089296000000,10181,-0.857,-0.025,-0.516,-0.06,0.1,0.16
474089312000000,10201,-0.858,-0.024,-0.522,0.02,0.02,0.05
474089343000000,10221,-0.859,-0.02,-0.515,0.02,-0.09,-0.07
474089359000000,10241,-0.857,-0.023,-0.526,0.03,0.06,-0.04
474089375000000,10261,-0.861,-0.024,-0.517,-0.06,0.04,0.08
474089390000000,10281,-0.857,-0.024,-0.521,0.02,-0.08,0.06
474089421000000,10301,-0.853,-0.027,-0.52,0.04,-0.09,-0.06
474089437000000,10321,-0.852,-0.026,-0.517,0.0,-0.06,-0.04
474089453000000,10341,-0.85,-0.026,-0.523,0.05,0.17,-0.02
474089484000000,10361,-0.858,-0.028,-0.518,-0.02,-0.09,-0.0
474089500000000,10381,-0.855,-0.028,-0.515,-0.1,-0.14,-0.05
474089515000000,10401,-0.853,-0.03,-0.517,0.05,-0.06,0.02
474089531000000,10421,-0.856,-0.026,-0.515,0.02,0.1,0.05
474089562000000,10441,-0.858,-0.024,-0.509,-0.02,-0.1,-0.07
474089578000000,10461,-0.858,-0.023,-0.512,0.02,-0.14,-0.05
474089593000000,10481,-0.855,-0.023,-0.508,0.05,-0.02,0.1
474089609000000,10501,-0.86,-0.023,-0.512,0.03,-0.02,0.08
474089640000000,10521,-0.855,-0.028,-0.513,0.09,-0.04,-0.05
474089656000000,10541,-0.858,-0.021,-0.518,0.02,-0.14,-0.04
474089671000000,10561,-0.859,-0.022,-0.515,0.03,0.15,0.05
474089703000000,10581,-0.855,-0.024,-0.521,0.01,0.04,0.11
474089718000000,10601,-0.854,-0.027,-0.521,-0.05,-0.09,0.01
474089734000000,10621,-0.858,-0.023,-0.513,0.03,-0.1,-0.01
474089750000000,10641,-0.852,-0.023,-0.516,0.02,0.13,0.07
474089781000000,10661,-0.86,-0.03,-0.521,0.02,0.07,0.09
474089796000000,10681,-0.856,-0.026,-0.514,-0.04,-0.19,-0.02
474089812000000,10701,-0.851,-0.021,-0.521,0.03,0.09,0.01
474089843000000,10721,-0.856,-0.025,-0.521,0.02,0.11,-0.01
474089859000000,10741,-0.86,-0.026,-0.516,-0.01,0.08,0.01
474089875000000,10761,-0.856,-0.025,-0.519,-0.01,-0.07,-0.04
474089890000000,10781,-0.858,-0.028,-0.519,-0.05,0.15,0.03
474089921000000,10801,-0.857,-0.028,-0.517,0.0,0.11,0.04
474089937000000,10821,-0.85,-0.024,-0.516,0.01,-0.12,-0.04
474089953000000,10841,-0.86,-0.027,-0.514,-0.02,0.03,-0.03
474089984000000,10861,-0.856,-0.022,-0.52,0.01,-0.01,0.11
474090000000000,10881,-0.86,-0.023,-0.512,0.03,-0.01,0.01
474090015000000,10901,-0.857,-0.026,-0.518,-0.08,-0.02,-0.03
474090031000000,10921,-0.852,-0.022,-0.513,-0.03,-0.21,-0.11
474090062000000,10941,-0.858,-0.025,-0.516,0.02,0.11,0.06
474090078000000,10961,-0.853,-0.023,-0.517,0.02,-0.02,0.08
474090093000000,10981,-0.856,-0.028,-0.509,-0.07,-0.08,-0.0
474090109000000,11001,-0.858,-0.02,-0.514,0.0,-0.02,-0.0
474090140000000,11021,-0.855,-0.028,-0.515,0.02,0.04,0.05
474090156000000,11041,-0.852,-0.025,-0.518,0.01,0.06,0.05
474090171000000,11061,-0.862,-0.025,-0.514,-0.04,0.11,-0.08
474090203000000,11081,-0.856,-0.026,-0.513,-0.05,0.11,-0.1
474090218000000,11101,-0.859,-0.023,-0.518,0.03,0.07,-0.02
474090234000000,11121,-0.855,-0.021,-0.519,-0.01,-0.06,0.05
474090250000000,11141,-0.853,-0.026,-0.519,0.03,-0.14,0.02
474090281000000,11161,-0.855,-0.025,-0.523,0.04,0.01,-0.0
474090296000000,11181,-0.861,-0.028,-0.511,0.05,0.18,0.05
474090312000000,11201,-0.855,-0.025,-0.517,-0.01,-0.16,-0.11
474090343000000,11221,-0.858,-0.027,-0.522,-0.01,-0.25,-0.05
474090359000000,11241,-0.858,-0.025,-0.514,-0.01,0.04,0.11
474090375000000,11261,-0.855,-0.022,-0.511,0.01,-0.02,0.08
474090390000000,11281,-0.856,-0.026,-0.522,-0.05,0.01,-0.07
474090421000000,11301,-0.855,-0.024,-0.516,-0.03,-0.22,-0.03
474090437000000,11321,-0.855,-0.029,-0.522,0.0,0.17,0.12
474090453000000,11341,-0.855,-0.025,-0.508,0.03,0.11,0.11
474090484000000,11361,-0.856,-0.027,-0.519,-0.01,-0.21,-0.07
474090500000000,11381,-0.856,-0.026,-0.516,0.04,-0.03,-0.08
474090515000000,11401,-0.856,-0.025,-0.51,-0.07,0.15,0.08
474090531000000,11421,-0.856,-0.024,-0.51,0.09,0.08,0.07
474090562000000,11441,-0.859,-0.022,-0.509,0.03,-0.12,-0.02
474090578000000,11461,-0.857,-0.028,-0.508,0.02,0.04,-0.02
474090593000000,11481,-0.852,-0.028,-0.508,-0.01,0.21,-0.05
474090609000000,11501,-0.856,-0.025,-0.516,0.02,0.04,0.01
474090640000000,11521,-0.852,-0.021,-0.516,-0.01,-0.15,0.05
474090656000000,11541,-0.853,-0.028,-0.52,-0.01,0.01,0.04
474090671000000,11561,-0.855,-0.025,-0.518,0.02,0.09,0.02
474090703000000,11581,-0.856,-0.025,-0.516,-0.02,0.01,-0.08
474090718000000,11601,-0.857,-0.027,-0.516,-0.01,-0.06,-0.05
474090734000000,11621,-0.857,-0.021,-0.512,-0.01,0.05,0.09
474090750000000,11641,-0.859,-0.026,-0.516,0.02,0.01,-0.0
474090781000000,11661,-0.86,-0.025,-0.513,0.01,-0.15,-0.08
474090796000000,11681,-0.856,-0.026,-0.518,-0.04,-0.07,-0.09
474090812000000,11701,-0.859,-0.025,-0.512,0.01,0.01,0.08
474090843000000,11721,-0.859,-0.027,-0.517,0.02,0.01,0.08
474090859000000,11741,-0.856,-0.025,-0.515,-0.06,-0.12,-0.03
474090875000000,11761,-0.855,-0.027,-0.517,-0.09,0.02,0.03
474090890000000,11781,-0.859,-0.024,-0.513,-0.03,0.12,0.06
474090921000000,11801,-0.854,-0.026,-0.519,0.02,0.02,0.11
474090937000000,11821,-0.856,-0.025,-0.522,-0.04,-0.14,0.05
474090953000000,11841,-0.855,-0.024,-0.519,0.03,0.05,0.02
474090968000000,11861,-0.859,-0.03,-0.525,0.1,0.11,0.03
474091000000000,11881,-0.852,-0.024,-0.516,0.02,-0.06,-0.08
474091015000000,11901,-0.853,-0.02,-0.517,-0.1,-0.06,-0.02
474091031000000,11921,-0.854,-0.023,-0.517,0.06,0.04,0.08
474091062000000,11941,-0.854,-0.025,-0.513,0.08,0.05,0.09
474091078000000,11961,-0.856,-0.024,-0.517,0.0,-0.12,0.01
474091093000000,11981,-0.859,-0.019,-0.519,-0.02,-0.04,-0.01
474091109000000,12001,-0.859,-0.024,-0.513,0.08,-0.0,0.08
474091140000000,12021,-0.857,-0.025,-0.516,0.03,-0.02,0.11
474091156000000,12041,-0.854,-0.028,-0.515,-0.03,-0.08,0.08
474091171000000,12061,-0.855,-0.028,-0.511,-0.13,-0.18,0.01
474091203000000,12081,-0.86,-0.026,-0.511,-0.04,0.02,0.07
474091218000000,12101,-0.857,-0.027,-0.519,0.02,-0.12,0.16
474091234000000,12121,-0.854,-0.024,-0.509,0.05,-0.23,-0.0
474091250000000,12141,-0.859,-0.025,-0.513,0.09,-0.18,-0.0
474091281000000,12161,-0.857,-0.026,-0.51,0.09,-0.06,0.09
474091296000000,12181,-0.86,-0.026,-0.512,0.04,-0.01,0.1
474091312000000,12201,-0.855,-0.024,-0.521,-0.04,-0.19,0.05
474091343000000,12221,-0.852,-0.033,-0.524,0.0,0.05,-0.0
474091359000000,12241,-0.853,-0.028,-0.511,0.1,-0.17,0.03
474091375000000,12261,-0.858,-0.022,-0.528,0.09,0.27,0.08
474091390000000,12281,-0.865,-0.024,-0.509,0.17,-0.49,0.14
474091421000000,12301,-0.864,-0.024,-0.508,0.12,-0.07,0.08
474091437000000,12321,-0.862,-0.022,-0.502,0.06,-0.06,0.1
474091453000000,12341,-0.859,-0.019,-0.51,-0.05,0.01,-0.04
474091484000000,12361,-0.857,-0.023,-0.522,-0.13,0.21,0.01
474091500000000,12381,-0.853,-0.022,-0.52,-0.1,-0.01,0.01
474091515000000,12401,-0.851,-0.022,-0.525,-0.1,0.31,0.01
474091531000000,12421,-0.855,-0.022,-0.518,-0.05,-0.02,-0.02
474091562000000,12441,-0.856,-0.026,-0.518,-0.04,-0.0,-0.08
474091578000000,12461,-0.856,-0.029,-0.523,0.12,0.07,0.05
474091593000000,12481,-0.861,-0.027,-0.512,0.0,-0.19,0.08
474091609000000,12501,-0.862,-0.023,-0.508,0.04,-0.15,0.01
474091640000000,12521,-0.859,-0.024,-0.515,-0.02,-0.11,-0.01
474091656000000,12541,-0.854,-0.025,-0.512,-0.11,0.11,0.06
474091671000000,12561,-0.854,-0.023,-0.525,-0.12,0.08,0.01
474091703000000,12581,-0.856,-0.021,-0.522,-0.12,-0.17,-0.0
474091718000000,12601,-0.855,-0.025,-0.518,-0.02,0.04,0.05
474091734000000,12621,-0.855,-0.02,-0.512,0.06,0.08,0.01
474091750000000,12641,-0.862,-0.026,-0.514,0.11,-0.02,0.05
474091781000000,12661,-0.859,-0.025,-0.518,-0.01,-0.13,0.01
474091796000000,12681,-0.859,-0.025,-0.514,0.03,-0.1,0.07
474091812000000,12701,-0.855,-0.023,-0.524,-0.1,0.16,-0.05
474091843000000,12721,-0.859,-0.02,-0.517,-0.02,0.1,-0.08
474091859000000,12741,-0.857,-0.024,-0.51,-0.04,0.07,-0.07
474091875000000,12761,-0.852,-0.023,-0.523,0.03,0.2,0.06
474091890000000,12781,-0.85,-0.024,-0.519,-0.01,0.13,0.11
474091921000000,12801,-0.856,-0.027,-0.517,0.0,-0.09,-0.02
474091937000000,12821,-0.855,-0.028,-0.517,0.04,-0.11,-0.02
474091953000000,12841,-0.86,-0.025,-0.507,0.12,0.04,0.05
474091968000000,12861,-0.862,-0.025,-0.516,-0.01,0.11,0.03
474092000000000,12881,-0.855,-0.024,-0.515,0.0,-0.08,-0.06
474092015000000,12901,-0.858,-0.027,-0.518,0.0,-0.13,-0.04
474092031000000,12921,-0.854,-0.025,-0.52,0.02,0.13,0.02
474092062000000,12941,-0.853,-0.029,-0.52,-0.01,0.17,0.01
474092078000000,12961,-0.855,-0.026,-0.517,0.0,-0.08,-0.03
474092093000000,12981,-0.859,-0.023,-0.521,-0.03,-0.02,0.01
474092109000000,13001,-0.856,-0.025,-0.517,0.06,0.05,-0.01
474092140000000,13021,-0.856,-0.025,-0.515,0.02,-0.16,0.04
474092156000000,13041,-0.855,-0.025,-0.519,0.08,-0.19,-0.02
474092171000000,13061,-0.861,-0.025,-0.518,0.01,-0.06,0.03
474092203000000,13081,-0.854,-0.022,-0.51,0.07,0.04,-0.01
474092218000000,13101,-0.855,-0.024,-0.516,0.02,0.05,0.01
474092234000000,13121,-0.857,-0.023,-0.511,-0.07,-0.04,-0.06
474092250000000,13141,-0.853,-0.023,-0.521,0.02,0.07,0.01
474092281000000,13161,-0.857,-0.025,-0.516,0.04,-0.0,0.15
474092296000000,13181,-0.858,-0.022,-0.516,0.0,-0.06,-0.06
474092312000000,13201,-0.856,-0.028,-0.518,0.05,-0.1,-0.11
474092328000000,13221,-0.853,-0.024,-0.512,0.03,0.02,0.11
474092359000000,13241,-0.856,-0.021,-0.508,-0.01,0.08,0.07
474092375000000,13261,-0.858,-0.023,-0.524,-0.02,-0.05,-0.0
474092390000000,13281,-0.863,-0.019,-0.512,-0.04,0.01,-0.05
474092421000000,13301,-0.861,-0.024,-0.523,-0.01,0.05,-0.01
474092437000000,13321,-0.858,-0.019,-0.52,-0.02,0.04,-0.03
474092453000000,13341,-0.856,-0.022,-0.519,-0.05,-0.09,0.03
474092484000000,13361,-0.856,-0.024,-0.512,-0.02,-0.03,0.02
474092500000000,13381,-0.855,-0.022,-0.521,0.02,0.06,0.03
474092515000000,13401,-0.855,-0.029,-0.506,0.04,-0.12,-0.04
474092531000000,13421,-0.855,-0.027,-0.509,0.04,-0.08,-0.02
474092562000000,13441,-0.858,-0.017,-0.512,0.0,-0.09,0.02
474092578000000,13461,-0.856,-0.024,-0.514,-0.04,0.13,0.03
474092593000000,13481,-0.852,-0.024,-0.519,-0.04,-0.03,-0.12
474092609000000,13501,-0.857,-0.019,-0.517,-0.03,-0.09,-0.08
474092640000000,13521,-0.857,-0.024,-0.515,-0.04,0.04,0.06
474092656000000,13541,-0.83,-0.017,-0.504,-0.07,0.18,0.09
474092671000000,13561,-0.854,-0.021,-0.518,0.05,-0.16,-0.02
474092703000000,13581,-0.854,-0.026,-0.513,-0.03,-0.16,-0.05
474092718000000,13601,-0.856,-0.023,-0.508,-0.02,-0.06,0.05
474092734000000,13621,-0.866,-0.025,-0.519,-0.04,-0.07,0.09
474092750000000,13641,-0.856,-0.026,-0.515,-0.14,-0.1,-0.04
474092781000000,13661,-0.856,-0.028,-0.519,-0.07,0.19,-0.08
474092796000000,13681,-0.856,-0.029,-0.522,0.08,0.08,0.05
474092812000000,13701,-0.859,-0.018,-0.524,0.09,0.09,0.11
474092843000000,13721,-0.86,-0.02,-0.522,0.0,-0.07,0.05
474092859000000,13741,-0.853,-0.034,-0.518,-0.01,-0.06,-0.04
474092875000000,13761,-0.824,-0.025,-0.499,0.05,-0.09,-0.0
474092890000000,13781,-0.861,-0.016,-0.5,0.07,0.03,0.01
474092921000000,13801,-0.866,-0.018,-0.502,0.07,-0.13,0.05
474092937000000,13821,-0.868,-0.024,-0.517,-0.11,-0.01,0.03
474092953000000,13841,-0.858,-0.032,-0.524,-0.11,0.5,0.01
474092968000000,13861,-0.856,-0.026,-0.512,-0.07,-0.22,-0.05
474093000000000,13881,-0.849,-0.024,-0.521,-0.04,0.04,-0.04
474093015000000,13901,-0.853,-0.021,-0.521,0.0,0.04,-0.01
474093031000000,13921,-0.855,-0.025,-0.52,-0.04,0.16,0.07
474093062000000,13941,-0.855,-0.022,-0.525,0.07,-0.07,0.01
474093078000000,13961,-0.858,-0.02,-0.513,0.07,-0.35,-0.07
474093093000000,13981,-0.858,-0.02,-0.508,0.01,-0.03,0.09
474093109000000,14001,-0.863,-0.024,-0.509,0.01,-0.14,0.01
474093140000000,14021,-0.857,-0.027,-0.514,0.05,0.04,0.01
474093156000000,14041,-0.855,-0.027,-0.512,0.02,-0.06,-0.05
474093171000000,14061,-0.852,-0.027,-0.517,0.03,0.22,-0.03
474093203000000,14081,-0.851,-0.025,-0.525,-0.06,0.13,-0.02
474093218000000,14101,-0.854,-0.027,-0.526,-0.06,-0.13,-0.02
474093234000000,14121,-0.852,-0.026,-0.514,0.01,-0.09,0.06
474093250000000,14141,-0.858,-0.028,-0.519,0.09,-0.09,-0.03
474093281000000,14161,-0.859,-0.025,-0.514,0.12,-0.08,-0.02
474093296000000,14181,-0.858,-0.019,-0.509,0.02,-0.15,0.01
474093312000000,14201,-0.861,-0.02,-0.511,-0.06,0.01,0.05
474093343000000,14221,-0.855,-0.021,-0.519,-0.06,0.06,0.02
474093359000000,14241,-0.857,-0.025,-0.518,-0.04,0.07,-0.05
474093375000000,14261,-0.854,-0.025,-0.517,0.0,0.07,-0.08
474093390000000,14281,-0.854,-0.025,-0.519,0.04,0.03,0.08
474093421000000,14301,-0.856,-0.02,-0.518,0.03,0.03,0.16
474093437000000,14321,-0.854,-0.023,-0.515,-0.01,-0.08,0.01
474093453000000,14341,-0.858,-0.03,-0.512,0.01,-0.14,-0.03
474093468000000,14361,-0.861,-0.027,-0.508,0.05,0.02,0.01
474093500000000,14381,-0.862,-0.02,-0.512,0.04,0.13,0.08
474093515000000,14401,-0.854,-0.024,-0.512,-0.07,0.02,-0.01
474093531000000,14421,-0.852,-0.023,-0.527,-0.04,0.02,-0.02
474093562000000,14441,-0.851,-0.023,-0.517,0.02,0.12,0.04
474093578000000,14461,-0.849,-0.025,-0.521,0.01,0.1,0.05
474093593000000,14481,-0.855,-0.025,-0.519,-0.06,-0.08,0.03
474093609000000,14501,-0.854,-0.026,-0.518,0.02,-0.14,-0.02
474093640000000,14521,-0.861,-0.026,-0.517,0.1,-0.04,0.03
474093656000000,14541,-0.851,-0.025,-0.514,0.08,-0.01,0.04
474093671000000,14561,-0.859,-0.023,-0.512,0.02,-0.15,-0.02
474093703000000,14581,-0.857,-0.024,-0.518,-0.06,-0.02,0.01
474093718000000,14601,-0.859,-0.021,-0.527,-0.06,0.19,0.1
474093734000000,14621,-0.851,-0.016,-0.523,0.01,0.03,-0.11
474093750000000,14641,-0.854,-0.021,-0.51,-0.04,-0.01,-0.08
474093781000000,14661,-0.858,-0.028,-0.521,0.02,0.02,0.04
474093796000000,14681,-0.859,-0.026,-0.517,0.05,0.04,0.16
474093812000000,14701,-0.856,-0.025,-0.517,-0.05,-0.13,-0.02
474093843000000,14721,-0.86,-0.023,-0.515,0.0,-0.14,-0.12
474093859000000,14741,-0.86,-0.025,-0.512,0.01,-0.04,-0.02
474093875000000,14761,-0.863,-0.027,-0.515,-0.05,0.03,0.05
474093890000000,14781,-0.858,-0.026,-0.523,-0.01,-0.03,-0.03
474093921000000,14801,-0.853,-0.031,-0.521,-0.06,0.01,-0.05
474093937000000,14821,-0.853,-0.022,-0.519,0.01,0.08,-0.06
474093953000000,14841,-0.856,-0.022,-0.519,-0.01,0.14,0.02
474093984000000,14861,-0.859,-0.029,-0.513,-0.04,0.01,-0.0
474094000000000,14881,-0.861,-0.034,-0.517,0.02,-0.02,-0.01
474094015000000,14901,-0.857,-0.027,-0.516,0.05,0.07,-0.06
474094031000000,14921,-0.851,-0.031,-0.509,0.03,0.04,-0.05
474094062000000,14941,-0.855,-0.02,-0.513,-0.04,-0.15,-0.05
474094078000000,14961,-0.855,-0.024,-0.515,-0.03,-0.03,-0.02
474094093000000,14981,-0.859,-0.028,-0.52,-0.05,0.08,0.05
474094109000000,15001,-0.856,-0.02,-0.519,-0.07,-0.01,-0.08
474094140000000,15021,-0.854,-0.025,-0.525,-0.04,-0.14,0.03
474094156000000,15041,-0.863,-0.022,-0.515,0.04,-0.01,0.04
474094171000000,15061,-0.857,-0.031,-0.511,0.04,-0.04,0.03
474094203000000,15081,-0.867,-0.026,-0.513,0.06,-0.09,-0.04
474094218000000,15101,-0.858,-0.025,-0.511,-0.04,-0.15,-0.09
474094234000000,15121,-0.859,-0.021,-0.514,0.05,0.06,0.01
474094250000000,15141,-0.858,-0.021,-0.518,0.0,0.14,-0.01
474094281000000,15161,-0.856,-0.025,-0.508,-0.07,-0.0,-0.0
474094296000000,15181,-0.857,-0.021,-0.521,0.0,-0.04,-0.07
474094312000000,15201,-0.851,-0.025,-0.518,0.02,-0.14,0.03
474094328000000,15221,-0.859,-0.025,-0.511,0.06,0.05,0.08
474094359000000,15241,-0.865,-0.023,-0.516,-0.01,-0.07,-0.02
474094375000000,15261,-0.86,-0.027,-0.516,-0.04,-0.16,-0.0
474094390000000,15281,-0.86,-0.023,-0.519,-0.06,-0.09,0.02
474094421000000,15301,-0.857,-0.025,-0.521,-0.02,-0.01,-0.05
474094437000000,15321,-0.858,-0.027,-0.515,-0.07,-0.02,-0.04
474094453000000,15341,-0.854,-0.02,-0.521,-0.04,-0.12,-0.01
474094468000000,15361,-0.861,-0.02,-0.513,0.08,0.01,0.03
474094500000000,15381,-0.86,-0.029,-0.527,0.08,-0.07,-0.02
474094515000000,15401,-0.858,-0.023,-0.518,-0.04,-0.03,-0.02
474094531000000,15421,-0.856,-0.032,-0.516,0.17,-0.15,-0.08
474094562000000,15441,-0.858,-0.02,-0.524,0.03,0.3,0.14
474094578000000,15461,-0.858,-0.027,-0.509,0.01,0.01,0.01
474094593000000,15481,-0.861,-0.02,-0.526,-0.07,0.01,-0.05
474094609000000,15501,-0.858,-0.02,-0.519,0.0,0.07,-0.04
474094640000000,15521,-0.859,-0.024,-0.527,-0.04,0.13,-0.02
474094656000000,15541,-0.856,-0.025,-0.51,-0.04,0.09,0.03
474094671000000,15561,-0.856,-0.031,-0.515,-0.06,-0.06,-0.05
474094703000000,15581,-0.856,-0.026,-0.517,0.03,-0.0,-0.04
474094718000000,15601,-0.863,-0.028,-0.52,0.09,-0.09,0.01
474094734000000,15621,-0.853,-0.021,-0.518,-0.03,-0.08,0.04
474094750000000,15641,-0.856,-0.025,-0.507,-0.06,-0.31,-0.04
474094781000000,15661,-0.857,-0.018,-0.508,0.04,0.11,-0.06
474094796000000,15681,-0.865,-0.02,-0.522,0.03,0.05,0.1
474094812000000,15701,-0.853,-0.022,-0.519,0.02,-0.06,-0.02
474094843000000,15721,-0.853,-0.032,-0.52,0.0,-0.11,-0.05
474094859000000,15741,-0.859,-0.023,-0.518,0.03,0.05,0.05
474094875000000,15761,-0.862,-0.023,-0.519,0.16,0.02,-0.04
474094890000000,15781,-0.853,-0.025,-0.513,0.15,-0.26,0.05
474094921000000,15801,-0.857,-0.022,-0.512,-0.09,0.09,0.02
474094937000000,15821,-0.861,-0.022,-0.52,0.02,0.15,0.14
474094953000000,15841,-0.862,-0.022,-0.517,-0.01,0.01,0.05
474094984000000,15861,-0.856,-0.028,-0.517,-0.02,-0.02,-0.07
474095000000000,15881,-0.868,-0.017,-0.513,-0.03,0.03,-0.07
474095015000000,15901,-0.855,-0.022,-0.518,-0.03,0.25,0.13
474095031000000,15921,-0.853,-0.022,-0.513,-0.04,-0.05,0.06
474095062000000,15941,-0.85,-0.021,-0.519,-0.03,-0.12,0.06
474095078000000,15961,-0.86,-0.02,-0.517,-0.04,-0.05,-0.05
474095093000000,15981,-0.855,-0.024,-0.513,0.03,0.13,-0.0
474095109000000,16001,-0.858,-0.025,-0.507,-0.01,0.14,0.02
474095140000000,16021,-0.855,-0.028,-0.509,-0.04,-0.11,-0.02
474095156000000,16041,-0.86,-0.02,-0.517,0.02,0.17,0.01
474095171000000,16061,-0.86,-0.022,-0.522,0.01,0.17,-0.06
474095203000000,16081,-0.856,-0.025,-0.513,0.09,0.01,-0.01
474095218000000,16101,-0.854,-0.024,-0.517,0.05,-0.02,0.01
474095234000000,16121,-0.854,-0.023,-0.516,0.01,0.15,0.06
474095250000000,16141,-0.857,-0.024,-0.513,0.09,0.1,0.08
474095281000000,16161,-0.858,-0.022,-0.505,0.03,-0.13,-0.04
474095296000000,16181,-0.859,-0.024,-0.51,-0.07,-0.12,-0.08
474095312000000,16201,-0.856,-0.019,-0.521,0.02,0.2,0.11
474095328000000,16221,-0.854,-0.025,-0.506,-0.07,0.07,0.08
474095359000000,16241,-0.853,-0.023,-0.524,-0.09,-0.15,-0.12
474095375000000,16261,-0.856,-0.024,-0.519,-0.09,-0.06,-0.12
474095390000000,16281,-0.857,-0.025,-0.514,0.02,0.14,0.07
474095421000000,16301,-0.855,-0.024,-0.519,0.09,-0.02,0.03
474095437000000,16321,-0.858,-0.025,-0.513,-0.01,-0.22,-0.01
474095453000000,16341,-0.854,-0.028,-0.514,0.03,-0.1,-0.01
474095484000000,16361,-0.858,-0.027,-0.516,-0.01,0.03,-0.05
474095500000000,16381,-0.858,-0.024,-0.52,0.02,0.01,-0.02
474095515000000,16401,-0.857,-0.026,-0.51,-0.01,-0.13,-0.11
474095531000000,16421,-0.856,-0.026,-0.516,0.02,0.05,0.11
474095562000000,16441,-0.856,-0.02,-0.521,0.09,0.2,0.1
474095578000000,16461,-0.857,-0.023,-0.517,0.01,-0.16,-0.08
474095593000000,16481,-0.853,-0.029,-0.513,0.01,-0.17,-0.07
474095609000000,16501,-0.856,-0.02,-0.517,0.15,0.11,0.09
474095640000000,16521,-0.857,-0.021,-0.515,0.15,0.16,0.05
474095656000000,16541,-0.854,-0.029,-0.511,0.1,-0.12,-0.15
474095671000000,16561,-0.856,-0.027,-0.515,-0.06,0.11,-0.06
474095703000000,16581,-0.853,-0.026,-0.513,-0.01,0.07,0.11
474095718000000,16601,-0.854,-0.024,-0.508,-0.18,-0.02,0.05
474095734000000,16621,-0.858,-0.025,-0.519,-0.07,-0.11,-0.06
474095750000000,16641,-0.85,-0.025,-0.513,0.02,0.1,0.08
474095781000000,16661,-0.858,-0.023,-0.517,-0.04,0.07,0.1
474095796000000,16681,-0.853,-0.022,-0.518,0.01,-0.15,-0.03
474095812000000,16701,-0.857,-0.022,-0.515,0.04,-0.1,-0.02
474095828000000,16721,-0.858,-0.024,-0.52,0.0,0.14,0.04
474095859000000,16741,-0.857,-0.023,-0.513,-0.03,-0.02,-0.02
474095875000000,16761,-0.852,-0.027,-0.512,-0.11,0.05,0.03
474095890000000,16781,-0.857,-0.023,-0.516,-0.05,0.02,0.03
474095921000000,16801,-0.853,-0.022,-0.508,0.02,0.07,0.02
474095937000000,16821,-0.857,-0.023,-0.515,-0.04,0.01,-0.02
474095953000000,16841,-0.86,-0.022,-0.516,-0.03,-0.16,-0.02
474095968000000,16861,-0.858,-0.025,-0.511,0.05,0.05,0.06
474096000000000,16881,-0.858,-0.023,-0.511,0.03,0.03,0.07
474096015000000,16901,-0.853,-0.02,-0.518,0.03,-0.09,-0.14
474096031000000,16921,-0.855,-0.023,-0.514,-0.07,0.03,0.01
474096062000000,16941,-0.856,-0.023,-0.519,0.03,0.1,0.19
474096078000000,16961,-0.855,-0.022,-0.522,-0.04,0.03,0.06
474096093000000,16981,-0.855,-0.022,-0.514,-0.04,-0.09,-0.06
474096109000000,17001,-0.858,-0.027,-0.513,-0.05,0.04,-0.05
474096140000000,17021,-0.851,-0.024,-0.52,0.04,0.15,0.08
474096156000000,17041,-0.857,-0.028,-0.515,-0.07,0.19,0.1
474096171000000,17061,-0.858,-0.025,-0.514,-0.04,-0.12,-0.05
474096187000000,17081,-0.856,-0.021,-0.519,0.06,0.04,0.01
474096218000000,17101,-0.856,-0.024,-0.516,0.03,0.21,-0.05
474096234000000,17121,-0.854,-0.027,-0.517,0.02,0.17,-0.03
474096250000000,17141,-0.857,-0.023,-0.521,-0.04,-0.15,-0.01
474096281000000,17161,-0.854,-0.025,-0.512,0.07,0.06,0.08
474096296000000,17181,-0.856,-0.025,-0.513,0.08,0.2,0.07
474096312000000,17201,-0.854,-0.024,-0.509,-0.01,-0.06,-0.12
474096343000000,17221,-0.86,-0.024,-0.516,-0.04,-0.04,-0.07
474096359000000,17241,-0.859,-0.025,-0.525,0.02,0.14,0.17
474096375000000,17261,-0.858,-0.026,-0.517,-0.01,0.14,0.09
474096390000000,17281,-0.853,-0.025,-0.523,-0.04,-0.15,-0.08
474096421000000,17301,-0.858,-0.026,-0.508,-0.01,-0.22,-0.05
474096437000000,17321,-0.856,-0.026,-0.52,-0.07,0.04,0.09
474096453000000,17341,-0.86,-0.021,-0.519,-0.01,0.07,0.04
474096468000000,17361,-0.856,-0.026,-0.524,-0.09,-0.15,-0.18
474096500000000,17381,-0.86,-0.026,-0.519,-0.07,0.11,-0.12
474096515000000,17401,-0.857,-0.028,-0.511,-0.05,0.09,-0.0
474096531000000,17421,-0.855,-0.026,-0.517,0.05,-0.03,0.02
474096562000000,17441,-0.854,-0.029,-0.516,-0.01,-0.42,-0.03
474096578000000,17461,-0.856,-0.026,-0.513,0.05,-0.06,0.01
474096593000000,17481,-0.856,-0.021,-0.515,0.05,-0.01,-0.01
474096609000000,17501,-0.853,-0.028,-0.514,0.01,-0.09,-0.01
474096640000000,17521,-0.855,-0.025,-0.519,-0.03,-0.21,-0.03
474096656000000,17541,-0.856,-0.025,-0.51,0.05,0.12,0.05
474096671000000,17561,-0.853,-0.022,-0.516,0.03,0.07,0.04
474096703000000,17581,-0.856,-0.021,-0.52,0.02,0.01,-0.07
474096718000000,17601,-0.857,-0.02,-0.511,0.02,0.08,-0.15
474096734000000,17621,-0.854,-0.027,-0.515,0.02,0.1,0.06
474096750000000,17641,-0.86,-0.025,-0.512,0.02,0.15,0.06
474096781000000,17661,-0.859,-0.025,-0.516,-0.01,-0.07,-0.15
474096796000000,17681,-0.858,-0.021,-0.512,-0.04,-0.0,-0.03
474096812000000,17701,-0.859,-0.024,-0.518,-0.01,0.23,0.14
474096828000000,17721,-0.857,-0.025,-0.517,-0.11,0.1,-0.0
474096859000000,17741,-0.857,-0.021,-0.529,-0.26,0.22,-0.12
474096875000000,17761,-0.857,-0.022,-0.517,-0.14,-0.13,-0.02
474096890000000,17781,-0.855,-0.029,-0.517,-0.03,-0.06,0.03
474096921000000,17801,-0.858,-0.025,-0.524,-0.07,-0.01,0.1
474096937000000,17821,-0.857,-0.027,-0.519,-0.06,-0.3,-0.03
474096953000000,17841,-0.854,-0.023,-0.509,0.02,0.03,-0.05
474096968000000,17861,-0.856,-0.026,-0.521,0.07,-0.01,0.04
474097000000000,17881,-0.853,-0.024,-0.521,0.05,-0.02,-0.02
474097015000000,17901,-0.855,-0.025,-0.522,-0.02,-0.21,-0.05
474097031000000,17921,-0.858,-0.025,-0.518,0.05,0.05,0.09
474097062000000,17941,-0.857,-0.025,-0.515,-0.08,-0.01,0.07
474097078000000,17961,-0.856,-0.025,-0.516,-0.04,-0.11,-0.01
474097093000000,17981,-0.859,-0.027,-0.51,-0.04,-0.09,0.03
474097109000000,18001,-0.855,-0.023,-0.51,0.0,0.08,0.12
474097140000000,18021,-0.854,-0.027,-0.519,0.02,-0.03,0.11
474097156000000,18041,-0.856,-0.023,-0.519,-0.03,-0.26,-0.11
474097171000000,18061,-0.855,-0.026,-0.525,-0.02,-0.07,-0.08
474097203000000,18081,-0.848,-0.025,-0.514,0.0,0.11,0.01
474097218000000,18101,-0.853,-0.021,-0.517,0.02,0.02,0.16
474097234000000,18121,-0.858,-0.023,-0.519,0.02,-0.13,-0.07
474097250000000,18141,-0.859,-0.024,-0.521,-0.03,-0.01,0.01
474097281000000,18161,-0.857,-0.023,-0.521,-0.01,0.17,0.03
474097296000000,18181,-0.858,-0.026,-0.519,0.05,-0.09,0.07
474097312000000,18201,-0.854,-0.024,-0.514,0.01,-0.15,0.04
474097328000000,18221,-0.855,-0.024,-0.515,0.04,-0.06,-0.01
474097359000000,18241,-0.856,-0.023,-0.521,0.02,0.15,-0.05
474097375000000,18261,-0.856,-0.025,-0.511,-0.01,-0.07,-0.04
474097390000000,18281,-0.859,-0.024,-0.515,-0.01,-0.12,0.02
474097421000000,18301,-0.858,-0.025,-0.519,0.05,0.16,0.05
474097437000000,18321,-0.856,-0.021,-0.513,0.05,0.13,0.04
474097453000000,18341,-0.857,-0.022,-0.515,0.01,-0.07,-0.1
474097484000000,18361,-0.853,-0.024,-0.507,-0.02,-0.01,-0.03
474097500000000,18381,-0.856,-0.024,-0.52,0.02,0.17,0.12
474097515000000,18401,-0.855,-0.025,-0.515,-0.01,0.08,0.09
474097531000000,18421,-0.86,-0.022,-0.521,-0.03,-0.09,-0.06
474097562000000,18441,-0.857,-0.026,-0.516,-0.01,-0.06,-0.03
474097578000000,18461,-0.858,-0.025,-0.515,-0.02,0.11,0.08
474097593000000,18481,-0.858,-0.02,-0.514,-0.04,-0.0,0.07
474097609000000,18501,-0.853,-0.022,-0.517,-0.06,-0.07,-0.06
474097640000000,18521,-0.854,-0.022,-0.514,-0.08,0.03,-0.09
474097656000000,18541,-0.856,-0.027,-0.516,0.03,0.09,-0.0
474097671000000,18561,-0.86,-0.026,-0.517,-0.09,-0.08,-0.02
474097703000000,18581,-0.86,-0.026,-0.518,-0.08,-0.07,-0.02
474097718000000,18601,-0.854,-0.022,-0.521,-0.04,0.07,0.04
474097734000000,18621,-0.858,-0.021,-0.515,-0.03,0.14,0.03
474097750000000,18641,-0.857,-0.022,-0.52,-0.03,-0.12,-0.02
474097781000000,18661,-0.852,-0.024,-0.522,-0.01,-0.19,-0.0
474097796000000,18681,-0.854,-0.023,-0.517,-0.04,0.02,0.1
474097812000000,18701,-0.859,-0.025,-0.507,0.0,0.06,0.09
474097843000000,18721,-0.857,-0.024,-0.51,-0.01,-0.16,-0.03
474097859000000,18741,-0.856,-0.021,-0.509,0.02,-0.15,-0.0
474097875000000,18761,-0.85,-0.029,-0.515,-0.01,0.04,0.07
474097890000000,18781,-0.854,-0.024,-0.511,0.01,0.14,0.09
474097921000000,18801,-0.856,-0.027,-0.524,-0.03,-0.07,-0.08
474097937000000,18821,-0.858,-0.021,-0.519,-0.07,-0.03,-0.06
474097953000000,18841,-0.855,-0.022,-0.512,-0.03,0.12,0.16
474097968000000,18861,-0.859,-0.022,-0.515,0.05,0.04,0.06
474098000000000,18881,-0.856,-0.022,-0.515,0.03,-0.07,-0.04
474098015000000,18901,-0.855,-0.028,-0.52,0.02,-0.0,-0.05
474098031000000,18921,-0.853,-0.02,-0.51,0.01,0.22,0.11
474098062000000,18941,-0.857,-0.025,-0.508,-0.04,0.08,0.12
474098078000000,18961,-0.858,-0.03,-0.515,0.02,-0.11,-0.02
474098093000000,18981,-0.856,-0.021,-0.513,0.06,0.01,-0.03
474098109000000,19001,-0.861,-0.023,-0.519,0.03,0.05,-0.01
474098140000000,19021,-0.854,-0.026,-0.51,0.08,-0.08,-0.07
474098156000000,19041,-0.86,-0.024,-0.513,-0.03,-0.17,0.01
474098171000000,19061,-0.859,-0.025,-0.504,0.01,0.17,0.09
474098203000000,19081,-0.858,-0.027,-0.516,0.08,0.11,0.06
474098218000000,19101,-0.858,-0.024,-0.517,0.03,-0.08,-0.14
474098234000000,19121,-0.854,-0.024,-0.521,0.02,-0.09,-0.05
474098250000000,19141,-0.856,-0.022,-0.511,-0.02,0.19,0.09
474098281000000,19161,-0.857,-0.028,-0.516,0.0,0.05,0.1
474098296000000,19181,-0.854,-0.027,-0.512,0.0,-0.27,-0.17
474098312000000,19201,-0.855,-0.024,-0.514,0.01,-0.06,-0.11
474098328000000,19221,-0.859,-0.026,-0.524,0.01,0.15,0.11
474098359000000,19241,-0.854,-0.024,-0.517,0.05,0.04,0.08
474098375000000,19261,-0.859,-0.023,-0.516,-0.02,-0.09,-0.04
474098390000000,19281,-0.859,-0.028,-0.519,0.02,0.05,-0.08
474098421000000,19301,-0.857,-0.027,-0.522,0.12,0.15,0.05
474098437000000,19321,-0.854,-0.025,-0.521,0.08,-0.03,0.08
474098453000000,19341,-0.858,-0.021,-0.519,-0.04,-0.05,0.03
474098468000000,19361,-0.857,-0.023,-0.521,0.08,0.01,0.03
474098500000000,19381,-0.857,-0.024,-0.514,0.01,0.03,-0.01
474098515000000,19401,-0.854,-0.021,-0.518,-0.03,-0.03,-0.02
474098531000000,19421,-0.854,-0.024,-0.512,0.18,-0.24,-0.01
474098562000000,19441,-0.853,-0.021,-0.516,0.0,0.11,0.08
474098578000000,19461,-0.858,-0.026,-0.512,0.09,-0.0,0.01
474098593000000,19481,-0.858,-0.022,-0.512,-0.09,0.03,-0.03
474098609000000,19501,-0.858,-0.026,-0.513,0.01,-0.06,-0.0
474098640000000,19521,-0.856,-0.025,-0.524,-0.01,0.09,0.08
474098656000000,19541,-0.857,-0.023,-0.521,-0.04,0.19,0.07
474098671000000,19561,-0.855,-0.027,-0.511,-0.14,-0.09,-0.1
474098703000000,19581,-0.859,-0.025,-0.519,-0.01,0.02,-0.11
474098718000000,19601,-0.855,-0.025,-0.514,-0.02,0.13,0.05
474098734000000,19621,-0.859,-0.023,-0.519,-0.05,0.1,0.07
474098750000000,19641,-0.853,-0.023,-0.522,-0.01,-0.07,-0.04
474098781000000,19661,-0.859,-0.023,-0.515,0.02,-0.02,-0.02
474098796000000,19681,-0.857,-0.023,-0.511,0.06,-0.0,0.05
474098812000000,19701,-0.852,-0.021,-0.519,0.02,-0.08,-0.05
474098843000000,19721,-0.852,-0.024,-0.517,-0.04,-0.17,-0.01
474098859000000,19741,-0.856,-0.026,-0.515,-0.02,-0.0,-0.05
474098875000000,19761,-0.855,-0.02,-0.52,0.03,0.11,-0.05
474098890000000,19781,-0.86,-0.024,-0.51,-0.04,-0.03,-0.0
474098921000000,19801,-0.858,-0.024,-0.511,-0.01,-0.06,0.02
474098937000000,19821,-0.854,-0.02,-0.519,0.03,0.14,0.02
474098953000000,19841,-0.854,-0.021,-0.516,0.04,0.16,0.05
474098968000000,19861,-0.857,-0.021,-0.515,-0.03,-0.07,-0.1
474099000000000,19881,-0.856,-0.03,-0.517,0.05,-0.02,0.01
474099015000000,19901,-0.859,-0.02,-0.513,0.03,0.14,0.13
474099031000000,19921,-0.855,-0.022,-0.516,-0.01,0.03,0.08
474099062000000,19941,-0.86,-0.025,-0.518,-0.02,-0.15,-0.02
474099078000000,19961,-0.855,-0.026,-0.517,-0.01,-0.07,-0.05
474099093000000,19981,-0.858,-0.021,-0.515,-0.04,0.12,0.09
474099109000000,20001,-0.859,-0.026,-0.515,-0.03,-0.0,0.11
474099140000000,20021,-0.856,-0.019,-0.514,-0.01,-0.22,-0.05
474099156000000,20041,-0.855,-0.021,-0.512,0.03,0.07,0.01
474099171000000,20061,-0.856,-0.026,-0.52,-0.02,0.12,-0.05
474099203000000,20081,-0.857,-0.023,-0.519,0.09,-0.12,0.06
474099218000000,20101,-0.851,-0.022,-0.523,0.1,-0.01,0.05
474099234000000,20121,-0.86,-0.023,-0.521,0.08,-0.07,0.03
474099250000000,20141,-0.859,-0.028,-0.519,0.06,-0.04,-0.0
474099281000000,20161,-0.855,-0.023,-0.516,0.12,-0.13,-0.02
474099296000000,20181,-0.858,-0.022,-0.511,-0.04,-0.18,0.01
474099312000000,20201,-0.856,-0.024,-0.518,-0.07,0.2,0.07
474099343000000,20221,-0.855,-0.023,-0.514,-0.03,0.23,0.08
474099359000000,20241,-0.856,-0.021,-0.523,-0.14,0.11,-0.08
474099375000000,20261,-0.858,-0.025,-0.516,-0.01,0.1,-0.01
474099390000000,20281,-0.856,-0.024,-0.518,-0.1,0.07,0.12
474099421000000,20301,-0.859,-0.023,-0.517,-0.04,0.12,0.12
474099437000000,20321,-0.857,-0.024,-0.522,-0.07,-0.12,-0.13
474099453000000,20341,-0.854,-0.024,-0.517,0.02,-0.03,-0.01
474099468000000,20361,-0.856,-0.025,-0.518,0.05,0.09,0.01
474099500000000,20381,-0.857,-0.02,-0.514,0.04,-0.12,0.05
474099515000000,20401,-0.852,-0.022,-0.512,-0.01,-0.13,0.01
474099531000000,20421,-0.861,-0.029,-0.513,-0.05,0.02,-0.08
474099562000000,20441,-0.856,-0.024,-0.512,0.04,0.18,0.04
474099578000000,20461,-0.858,-0.024,-0.514,-0.01,0.04,-0.04
474099593000000,20481,-0.851,-0.024,-0.523,-0.12,-0.06,-0.03
474099609000000,20501,-0.853,-0.023,-0.515,-0.06,0.09,0.08
474099640000000,20521,-0.856,-0.025,-0.51,0.07,0.11,-0.0
474099656000000,20541,-0.856,-0.027,-0.52,0.02,-0.12,-0.07
474099671000000,20561,-0.856,-0.027,-0.519,-0.07,-0.15,-0.05
474099703000000,20581,-0.858,-0.026,-0.518,0.02,0.17,0.08
474099718000000,20601,-0.852,-0.026,-0.513,-0.02,0.11,0.01
474099734000000,20621,-0.853,-0.018,-0.515,-0.06,-0.09,-0.09
474099750000000,20641,-0.86,-0.022,-0.519,-0.04,0.01,-0.03
474099781000000,20661,-0.855,-0.024,-0.512,-0.01,0.11,0.11
474099796000000,20681,-0.855,-0.026,-0.513,0.02,0.04,0.07
474099812000000,20701,-0.853,-0.026,-0.511,-0.02,-0.18,-0.15
474099828000000,20721,-0.852,-0.027,-0.517,0.02,-0.14,-0.0
474099859000000,20741,-0.854,-0.025,-0.51,0.06,0.12,0.05
474099875000000,20761,-0.854,-0.025,-0.514,-0.01,-0.03,0.05
474099890000000,20781,-0.852,-0.025,-0.512,-0.07,-0.16,-0.09
474099921000000,20801,-0.857,-0.021,-0.518,0.03,-0.09,-0.08
474099937000000,20821,-0.857,-0.024,-0.523,-0.01,0.01,-0.08
474099953000000,20841,-0.859,-0.027,-0.511,-0.05,-0.12,-0.09
474099968000000,20861,-0.857,-0.028,-0.507,-0.01,-0.1,-0.04
474100000000000,20881,-0.853,-0.025,-0.52,0.01,0.17,0.01
474100015000000,20901,-0.856,-0.027,-0.517,-0.01,0.18,0.08
474100031000000,20921,-0.855,-0.019,-0.521,0.03,-0.11,-0.05
474100062000000,20941,-0.855,-0.025,-0.513,-0.08,-0.07,-0.08
474100078000000,20961,-0.856,-0.027,-0.517,-0.09,0.11,0.13
474100093000000,20981,-0.859,-0.023,-0.517,-0.04,0.13,0.01
474100109000000,21001,-0.857,-0.024,-0.521,0.02,-0.07,-0.08
474100140000000,21021,-0.857,-0.026,-0.52,0.01,-0.09,-0.08
474100156000000,21041,-0.857,-0.025,-0.514,0.09,0.15,0.1
474100171000000,21061,-0.857,-0.026,-0.514,-0.01,0.01,0.01
474100203000000,21081,-0.853,-0.025,-0.515,-0.07,-0.13,-0.12
474100218000000,21101,-0.858,-0.025,-0.514,0.02,-0.08,-0.08
474100234000000,21121,-0.852,-0.025,-0.52,0.0,0.13,0.1
474100250000000,21141,-0.858,-0.024,-0.519,0.02,0.09,0.08
474100281000000,21161,-0.858,-0.025,-0.514,-0.04,-0.11,-0.03
474100296000000,21181,-0.856,-0.023,-0.512,0.04,0.01,-0.02
474100312000000,21201,-0.856,-0.026,-0.515,0.02,0.04,0.01
474100328000000,21221,-0.856,-0.022,-0.521,-0.04,-0.02,-0.06
474100359000000,21241,-0.857,-0.025,-0.515,-0.07,-0.05,-0.0
474100375000000,21261,-0.858,-0.024,-0.521,-0.05,0.1,0.07
474100390000000,21281,-0.863,-0.023,-0.516,-0.01,0.09,0.09
474100421000000,21301,-0.859,-0.024,-0.515,0.02,-0.03,-0.05
474100437000000,21321,-0.857,-0.021,-0.516,0.01,-0.0,-0.03
474100453000000,21341,-0.861,-0.026,-0.519,0.06,0.09,0.1
474100468000000,21361,-0.856,-0.022,-0.517,-0.01,0.12,0.02
474100500000000,21381,-0.856,-0.025,-0.519,0.01,-0.17,0.01
474100515000000,21401,-0.85,-0.024,-0.519,0.05,-0.07,-0.02
474100531000000,21421,-0.854,-0.023,-0.519,-0.01,0.14,0.13
474100562000000,21441,-0.856,-0.028,-0.516,0.12,0.04,0.11
474100578000000,21461,-0.856,-0.027,-0.512,-0.01,-0.12,-0.05
474100593000000,21481,-0.857,-0.024,-0.515,0.01,-0.11,-0.05
474100609000000,21501,-0.854,-0.024,-0.515,0.09,0.06,0.07
474100640000000,21521,-0.856,-0.021,-0.514,0.02,0.06,0.08
474100656000000,21541,-0.857,-0.026,-0.511,0.02,-0.15,-0.01
474100671000000,21561,-0.856,-0.028,-0.522,-0.01,-0.04,0.06
474100703000000,21581,-0.861,-0.019,-0.518,0.11,0.17,0.01
474100718000000,21601,-0.856,-0.025,-0.516,0.02,-0.09,0.01
474100734000000,21621,-0.858,-0.021,-0.519,-0.04,-0.11,-0.01
474100750000000,21641,-0.86,-0.021,-0.517,0.02,0.08,0.05
474100781000000,21661,-0.86,-0.024,-0.524,0.09,0.07,-0.02
474100796000000,21681,-0.86,-0.024,-0.515,0.1,-0.02,-0.07
474100812000000,21701,-0.855,-0.022,-0.514,0.12,-0.05,-0.0
474100843000000,21721,-0.856,-0.025,-0.516,0.01,0.4,0.12
474100859000000,21741,-0.859,-0.023,-0.52,-0.11,-0.05,0.01
474100875000000,21761,-0.857,-0.027,-0.508,-0.01,-0.09,-0.15
474100890000000,21781,-0.857,-0.026,-0.51,-0.02,-0.08,-0.09
474100921000000,21801,-0.856,-0.027,-0.515,0.02,0.09,0.13
474100937000000,21821,-0.855,-0.023,-0.523,-0.01,0.15,0.08
474100953000000,21841,-0.855,-0.02,-0.519,-0.04,-0.15,-0.01
474100968000000,21861,-0.858,-0.025,-0.516,0.02,-0.06,0.01
474101000000000,21881,-0.855,-0.024,-0.512,0.05,0.09,0.1
474101015000000,21901,-0.859,-0.023,-0.513,-0.01,-0.06,0.08
474101031000000,21921,-0.853,-0.025,-0.518,-0.03,-0.19,-0.02
474101062000000,21941,-0.855,-0.021,-0.517,0.05,-0.08,-0.06
474101078000000,21961,-0.858,-0.023,-0.517,0.02,0.04,-0.07
474101093000000,21981,-0.856,-0.023,-0.517,-0.11,-0.09,-0.03
474101109000000,22001,-0.861,-0.027,-0.519,-0.02,-0.05,0.05
474101140000000,22021,-0.855,-0.028,-0.508,0.02,0.04,0.07
474101156000000,22041,-0.851,-0.026,-0.516,-0.01,0.11,0.05
474101171000000,22061,-0.852,-0.022,-0.513,-0.01,-0.06,-0.09
474101187000000,22081,-0.856,-0.025,-0.516,-0.1,-0.09,-0.03
474101218000000,22101,-0.858,-0.025,-0.507,0.02,0.17,0.09
474101234000000,22121,-0.859,-0.022,-0.514,-0.01,0.03,0.05
474101250000000,22141,-0.856,-0.017,-0.513,-0.01,-0.12,-0.05
474101281000000,22161,-0.856,-0.025,-0.522,-0.04,-0.16,-0.0
474101296000000,22181,-0.857,-0.022,-0.517,-0.1,0.07,0.11
474101312000000,22201,-0.857,-0.023,-0.519,-0.07,-0.03,0.09
474101328000000,22221,-0.853,-0.025,-0.513,0.01,-0.13,-0.07
474101359000000,22241,-0.859,-0.024,-0.512,-0.12,-0.04,-0.14
474101375000000,22261,-0.858,-0.02,-0.519,0.0,0.09,0.05
474101390000000,22281,-0.859,-0.026,-0.519,-0.03,-0.09,0.02
474101421000000,22301,-0.852,-0.023,-0.51,-0.03,-0.12,-0.04
474101437000000,22321,-0.855,-0.025,-0.513,-0.07,-0.01,0.05
474101453000000,22341,-0.859,-0.022,-0.521,-0.02,0.03,0.01
474101468000000,22361,-0.856,-0.028,-0.518,-0.01,0.01,-0.04
474101500000000,22381,-0.859,-0.024,-0.521,-0.07,-0.24,0.04
474101515000000,22401,-0.857,-0.026,-0.514,0.02,0.12,0.09
474101531000000,22421,-0.857,-0.024,-0.517,0.03,0.01,-0.02
474101562000000,22441,-0.852,-0.026,-0.512,0.09,-0.1,-0.09
474101578000000,22461,-0.857,-0.021,-0.512,-0.01,-0.12,-0.08
474101593000000,22481,-0.859,-0.027,-0.52,0.06,0.14,0.09
474101609000000,22501,-0.857,-0.027,-0.517,-0.04,-0.09,0.05
474101640000000,22521,-0.855,-0.026,-0.516,-0.03,-0.22,-0.15
474101656000000,22541,-0.855,-0.024,-0.516,0.0,-0.09,-0.05
474101671000000,22561,-0.857,-0.025,-0.516,0.04,0.12,0.01
474101703000000,22581,-0.855,-0.023,-0.511,0.0,-0.04,0.04
474101718000000,22601,-0.853,-0.024,-0.517,0.01,-0.06,-0.02
474101734000000,22621,-0.855,-0.026,-0.517,-0.03,-0.09,-0.08
474101750000000,22641,-0.857,-0.023,-0.515,0.04,0.12,0.03
474101781000000,22661,-0.855,-0.022,-0.516,-0.06,0.04,0.05
474101796000000,22681,-0.855,-0.027,-0.518,0.02,-0.17,0.02
474101812000000,22701,-0.857,-0.022,-0.522,0.04,0.1,-0.0
474101828000000,22721,-0.855,-0.026,-0.514,0.02,0.1,-0.0
474101859000000,22741,-0.857,-0.022,-0.521,-0.1,-0.03,-0.08
474101875000000,22761,-0.856,-0.027,-0.517,-0.08,-0.22,-0.04
474101890000000,22781,-0.858,-0.022,-0.514,-0.06,0.1,0.05
474101921000000,22801,-0.858,-0.029,-0.514,0.08,-0.12,0.03
474101937000000,22821,-0.856,-0.022,-0.511,0.06,-0.15,-0.04
474101953000000,22841,-0.858,-0.023,-0.516,0.01,0.03,-0.04
474101968000000,22861,-0.854,-0.025,-0.516,0.01,0.07,0.06
474102000000000,22881,-0.856,-0.025,-0.517,0.02,0.17,0.08
474102015000000,22901,-0.856,-0.025,-0.515,0.01,-0.21,-0.08
474102031000000,22921,-0.854,-0.026,-0.521,0.02,0.01,-0.13
474102062000000,22941,-0.858,-0.026,-0.519,0.07,0.13,0.05
474102078000000,22961,-0.854,-0.025,-0.513,-0.02,0.01,0.03
474102093000000,22981,-0.855,-0.022,-0.515,-0.14,-0.21,-0.05
474102109000000,23001,-0.857,-0.028,-0.509,-0.03,-0.06,-0.05
474102140000000,23021,-0.857,-0.028,-0.514,0.06,0.12,0.06
474102156000000,23041,-0.856,-0.023,-0.524,-0.01,-0.07,0.01
474102171000000,23061,-0.86,-0.024,-0.518,-0.03,-0.07,0.02
474102203000000,23081,-0.857,-0.021,-0.517,0.0,0.07,0.04
474102218000000,23101,-0.855,-0.022,-0.522,0.03,0.07,-0.02
474102234000000,23121,-0.852,-0.027,-0.517,0.01,-0.13,-0.01
474102250000000,23141,-0.856,-0.027,-0.512,0.0,-0.15,-0.07
474102281000000,23161,-0.857,-0.028,-0.511,0.03,0.13,0.1
474102296000000,23181,-0.852,-0.023,-0.52,0.02,0.07,-0.0
474102312000000,23201,-0.857,-0.029,-0.52,-0.06,-0.15,-0.13
474102328000000,23221,-0.854,-0.025,-0.515,-0.02,-0.12,-0.05
474102359000000,23241,-0.855,-0.022,-0.512,0.05,0.13,0.12
474102375000000,23261,-0.856,-0.027,-0.512,0.09,0.06,0.14
474102390000000,23281,-0.855,-0.027,-0.513,-0.07,-0.03,-0.15
474102421000000,23301,-0.854,-0.021,-0.518,-0.02,-0.03,-0.08
474102437000000,23321,-0.854,-0.029,-0.518,0.12,0.11,0.05
474102453000000,23341,-0.857,-0.025,-0.518,0.01,0.11,0.14
474102468000000,23361,-0.858,-0.022,-0.525,-0.06,-0.09,0.05
474102500000000,23381,-0.856,-0.026,-0.512,-0.01,0.01,-0.02
474102515000000,23401,-0.857,-0.028,-0.516,0.02,0.11,-0.02
474102531000000,23421,-0.862,-0.026,-0.514,0.06,-0.02,0.02
474102562000000,23441,-0.858,-0.026,-0.523,-0.07,-0.15,0.05
474102578000000,23461,-0.857,-0.026,-0.512,0.04,0.14,0.13
474102593000000,23481,-0.858,-0.026,-0.51,0.05,0.14,-0.02
474102609000000,23501,-0.853,-0.025,-0.515,0.0,-0.08,-0.07
474102640000000,23521,-0.86,-0.021,-0.511,-0.04,-0.11,0.01
474102656000000,23541,-0.858,-0.023,-0.514,-0.03,0.07,0.01
474102671000000,23561,-0.861,-0.024,-0.523,-0.01,0.19,0.02
474102687000000,23581,-0.858,-0.022,-0.524,0.01,-0.11,-0.09
474102718000000,23601,-0.858,-0.023,-0.517,0.01,0.02,-0.01
474102734000000,23621,-0.852,-0.025,-0.512,0.01,0.13,0.14
474102750000000,23641,-0.855,-0.02,-0.512,0.01,0.1,0.16
474102781000000,23661,-0.859,-0.024,-0.51,-0.03,-0.08,-0.01
474102796000000,23681,-0.858,-0.021,-0.522,0.06,-0.01,-0.03
474102812000000,23701,-0.857,-0.026,-0.512,0.02,0.14,0.06
474102843000000,23721,-0.858,-0.023,-0.519,0.01,0.11,0.01
474102859000000,23741,-0.857,-0.023,-0.519,0.0,-0.13,-0.03
474102875000000,23761,-0.851,-0.025,-0.517,0.03,0.01,0.05
474102890000000,23781,-0.856,-0.026,-0.517,0.01,0.15,0.01
474102921000000,23801,-0.858,-0.023,-0.519,-0.01,-0.02,-0.08
474102937000000,23821,-0.855,-0.028,-0.517,-0.04,-0.09,-0.0
474102953000000,23841,-0.857,-0.025,-0.513,-0.04,0.01,0.08
474102968000000,23861,-0.857,-0.025,-0.513,0.03,0.12,0.01
474103000000000,23881,-0.855,-0.022,-0.509,-0.07,-0.07,-0.02
474103015000000,23901,-0.859,-0.024,-0.517,0.02,-0.04,-0.08
474103031000000,23921,-0.855,-0.026,-0.52,0.03,0.07,0.08
474103062000000,23941,-0.855,-0.023,-0.513,0.06,0.14,0.03
474103078000000,23961,-0.853,-0.023,-0.514,0.02,-0.02,-0.11
474103093000000,23981,-0.857,-0.023,-0.513,0.07,0.02,-0.03
474103109000000,24001,-0.855,-0.026,-0.526,0.02,-0.01,0.12
474103140000000,24021,-0.854,-0.024,-0.519,0.04,0.01,0.04
474103156000000,24041,-0.857,-0.025,-0.519,0.09,-0.21,-0.07
474103171000000,24061,-0.857,-0.026,-0.515,0.01,-0.03,0.01
474103203000000,24081,-0.856,-0.023,-0.515,0.05,0.03,0.06
474103218000000,24101,-0.858,-0.028,-0.517,-0.06,-0.01,0.01
474103234000000,24121,-0.855,-0.027,-0.515,-0.01,-0.14,-0.02
474103250000000,24141,-0.86,-0.023,-0.515,0.03,0.01,-0.03
474103281000000,24161,-0.857,-0.028,-0.516,0.07,0.01,-0.11
474103296000000,24181,-0.858,-0.025,-0.514,0.03,-0.18,0.01
474103312000000,24201,-0.851,-0.025,-0.517,-0.04,-0.18,-0.01
474103328000000,24221,-0.858,-0.025,-0.516,-0.07,0.01,0.04
474103359000000,24241,-0.855,-0.024,-0.519,0.02,0.14,-0.04
474103375000000,24261,-0.857,-0.025,-0.517,-0.01,-0.05,-0.08
474103390000000,24281,-0.855,-0.022,-0.512,-0.07,-0.12,-0.03
474103421000000,24301,-0.854,-0.022,-0.516,0.06,0.05,0.1
474103437000000,24321,-0.858,-0.024,-0.512,0.08,-0.05,0.11
474103453000000,24341,-0.857,-0.021,-0.512,-0.05,-0.05,-0.13
474103468000000,24361,-0.857,-0.024,-0.519,0.03,-0.0,-0.06
474103500000000,24381,-0.853,-0.023,-0.517,0.06,0.06,0.08
474103515000000,24401,-0.855,-0.025,-0.512,0.0,0.13,0.02
474103531000000,24421,-0.854,-0.028,-0.52,0.09,-0.15,-0.1
474103562000000,24441,-0.861,-0.023,-0.514,0.09,-0.08,-0.01
474103578000000,24461,-0.852,-0.021,-0.515,0.05,0.01,-0.05
474103593000000,24481,-0.856,-0.021,-0.511,0.05,-0.02,0.07
474103609000000,24501,-0.86,-0.025,-0.516,0.03,-0.02,0.01
474103640000000,24521,-0.856,-0.026,-0.517,-0.04,0.11,0.01
474103656000000,24541,-0.861,-0.024,-0.518,0.02,0.24,-0.02
474103671000000,24561,-0.857,-0.024,-0.517,-0.04,-0.02,-0.04
474103703000000,24581,-0.856,-0.025,-0.519,-0.11,-0.24,0.01
474103718000000,24601,-0.854,-0.026,-0.514,0.03,0.05,0.09
474103734000000,24621,-0.861,-0.025,-0.515,-0.01,0.25,0.08
474103750000000,24641,-0.86,-0.022,-0.522,-0.07,-0.06,-0.02
474103781000000,24661,-0.854,-0.029,-0.511,-0.02,-0.06,-0.02
474103796000000,24681,-0.856,-0.025,-0.518,-0.04,0.05,0.16
474103812000000,24701,-0.851,-0.026,-0.525,-0.01,0.07,0.02
474103843000000,24721,-0.854,-0.025,-0.519,-0.01,-0.12,-0.04
474103859000000,24741,-0.856,-0.025,-0.514,-0.01,-0.14,-0.05
474103875000000,24761,-0.856,-0.029,-0.514,0.06,0.27,0.06
474103890000000,24781,-0.859,-0.025,-0.515,0.0,0.06,0.15
474103921000000,24801,-0.859,-0.026,-0.514,-0.07,-0.18,-0.06
474103937000000,24821,-0.859,-0.025,-0.522,0.02,-0.1,-0.08
474103953000000,24841,-0.853,-0.026,-0.516,0.03,0.21,0.01
474103968000000,24861,-0.857,-0.023,-0.518,-0.01,0.08,-0.01
474104000000000,24881,-0.857,-0.021,-0.516,-0.03,-0.14,-0.03
474104015000000,24901,-0.854,-0.024,-0.513,0.06,0.08,0.04
474104031000000,24921,-0.853,-0.028,-0.514,0.15,0.02,0.04
474104062000000,24941,-0.856,-0.022,-0.513,-0.01,-0.02,0.11
474104078000000,24961,-0.856,-0.021,-0.514,0.04,-0.01,0.03
474104093000000,24981,-0.852,-0.025,-0.511,0.02,0.16,0.06
474104109000000,25001,-0.858,-0.026,-0.518,0.04,0.07,0.03
474104140000000,25021,-0.859,-0.029,-0.518,-0.06,-0.09,-0.12
474104156000000,25041,-0.855,-0.028,-0.517,-0.1,-0.05,-0.03
474104171000000,25061,-0.857,-0.02,-0.518,-0.01,0.11,0.04
474104203000000,25081,-0.852,-0.028,-0.506,0.09,-0.06,0.05
474104218000000,25101,-0.859,-0.023,-0.516,-0.07,-0.09,-0.08
474104234000000,25121,-0.86,-0.025,-0.517,-0.06,-0.01,-0.12
474104250000000,25141,-0.855,-0.026,-0.516,0.02,0.21,0.07
474104281000000,25161,-0.856,-0.023,-0.514,-0.01,0.13,0.05
474104296000000,25181,-0.859,-0.024,-0.517,-0.01,-0.09,-0.05
474104312000000,25201,-0.857,-0.026,-0.522,0.0,-0.0,-0.05
474104328000000,25221,-0.856,-0.025,-0.512,0.02,0.19,0.02
474104359000000,25241,-0.858,-0.025,-0.514,-0.06,0.03,0.02
474104375000000,25261,-0.858,-0.025,-0.512,-0.05,-0.12,0.01
474104390000000,25281,-0.857,-0.029,-0.517,-0.11,0.07,0.06
474104421000000,25301,-0.854,-0.024,-0.515,-0.02,0.23,-0.01
474104437000000,25321,-0.857,-0.025,-0.517,-0.05,-0.1,-0.02
474104453000000,25341,-0.851,-0.024,-0.512,-0.05,-0.24,-0.02
474104468000000,25361,-0.857,-0.027,-0.516,-0.03,-0.06,0.09
474104500000000,25381,-0.853,-0.022,-0.519,0.04,0.06,-0.0
474104515000000,25401,-0.859,-0.025,-0.51,-0.01,-0.17,-0.13
474104531000000,25421,-0.858,-0.023,-0.52,-0.07,-0.03,-0.05
474104562000000,25441,-0.855,-0.024,-0.515,0.1,0.11,0.15
474104578000000,25461,-0.85,-0.027,-0.51,0.06,0.04,0.11
474104593000000,25481,-0.859,-0.024,-0.516,-0.04,-0.02,-0.02
474104609000000,25501,-0.857,-0.026,-0.514,-0.01,-0.01,-0.03
474104640000000,25521,-0.86,-0.023,-0.52,-0.01,0.15,0.05
474104656000000,25541,-0.854,-0.023,-0.515,-0.02,0.01,0.04
474104671000000,25561,-0.86,-0.027,-0.513,-0.02,-0.13,0.01
474104703000000,25581,-0.858,-0.025,-0.52,-0.05,-0.02,0.02
474104718000000,25601,-0.861,-0.022,-0.511,-0.06,0.12,0.03
474104734000000,25621,-0.854,-0.025,-0.518,-0.01,-0.1,-0.02
474104750000000,25641,-0.856,-0.024,-0.517,-0.01,-0.1,0.05
474104781000000,25661,-0.851,-0.026,-0.519,-0.01,-0.0,0.05
474104796000000,25681,-0.854,-0.025,-0.517,0.01,0.21,0.01
474104812000000,25701,-0.858,-0.025,-0.521,-0.04,-0.02,-0.04
474104828000000,25721,-0.859,-0.026,-0.519,0.04,-0.16,-0.05
474104859000000,25741,-0.857,-0.028,-0.51,0.01,0.17,0.07
474104875000000,25761,-0.858,-0.024,-0.518,0.02,0.11,0.08
474104890000000,25781,-0.854,-0.025,-0.511,-0.01,-0.11,-0.1
474104921000000,25801,-0.857,-0.026,-0.515,-0.01,-0.18,-0.08
474104937000000,25821,-0.859,-0.027,-0.515,0.08,0.17,0.11
474104953000000,25841,-0.86,-0.025,-0.517,0.0,0.08,0.16
474104968000000,25861,-0.856,-0.027,-0.521,0.02,-0.09,-0.0
474105000000000,25881,-0.855,-0.023,-0.517,-0.04,-0.0,-0.1
474105015000000,25901,-0.854,-0.025,-0.511,0.1,0.17,0.07
474105031000000,25921,-0.855,-0.024,-0.51,-0.04,0.07,0.06
474105062000000,25941,-0.859,-0.024,-0.512,-0.02,-0.06,-0.02
474105078000000,25961,-0.854,-0.024,-0.519,-0.01,0.04,0.01
474105093000000,25981,-0.852,-0.024,-0.518,0.07,0.1,0.01
474105109000000,26001,-0.859,-0.025,-0.512,0.02,0.08,-0.04
474105140000000,26021,-0.852,-0.025,-0.511,-0.04,-0.09,-0.07
474105156000000,26041,-0.852,-0.023,-0.522,0.06,0.02,-0.0
474105171000000,26061,-0.854,-0.025,-0.512,0.07,0.01,0.08
474105203000000,26081,-0.856,-0.023,-0.515,0.09,-0.04,-0.02
474105218000000,26101,-0.854,-0.02,-0.51,-0.01,0.05,-0.03
474105234000000,26121,-0.858,-0.027,-0.521,0.1,0.11,0.16
474105250000000,26141,-0.856,-0.026,-0.522,0.05,-0.03,0.03
474105281000000,26161,-0.858,-0.026,-0.525,0.01,-0.18,-0.15
474105296000000,26181,-0.853,-0.025,-0.516,0.04,-0.15,-0.08
474105312000000,26201,-0.857,-0.024,-0.511,0.05,-0.06,0.14
474105343000000,26221,-0.856,-0.023,-0.509,0.02,0.05,0.07
474105359000000,26241,-0.856,-0.025,-0.515,-0.01,-0.09,-0.03
474105375000000,26261,-0.854,-0.02,-0.514,0.05,-0.02,-0.05
474105390000000,26281,-0.853,-0.022,-0.517,0.04,-0.01,0.05
474105421000000,26301,-0.856,-0.024,-0.52,0.04,0.05,0.05
474105437000000,26321,-0.853,-0.027,-0.51,0.02,-0.06,-0.0
474105453000000,26341,-0.86,-0.025,-0.52,-0.01,-0.03,-0.02
474105468000000,26361,-0.853,-0.024,-0.515,0.04,0.05,-0.02
474105500000000,26381,-0.859,-0.028,-0.521,-0.03,-0.02,0.02
474105515000000,26401,-0.857,-0.023,-0.518,-0.08,-0.04,0.03
474105531000000,26421,-0.854,-0.022,-0.512,-0.01,0.02,0.1
474105562000000,26441,-0.852,-0.024,-0.517,0.02,0.11,0.02
474105578000000,26461,-0.854,-0.022,-0.518,0.01,0.01,-0.03
474105593000000,26481,-0.859,-0.027,-0.509,0.09,-0.13,-0.04
474105609000000,26501,-0.852,-0.021,-0.522,0.07,0.08,0.07
474105640000000,26521,-0.861,-0.025,-0.52,0.0,0.03,0.07
474105656000000,26541,-0.856,-0.023,-0.511,-0.01,-0.15,-0.02
474105671000000,26561,-0.859,-0.025,-0.513,0.03,-0.13,-0.05
474105687000000,26581,-0.856,-0.025,-0.521,-0.01,0.13,0.06
474105718000000,26601,-0.856,-0.025,-0.518,0.02,0.14,0.05
474105734000000,26621,-0.859,-0.027,-0.522,-0.07,-0.19,-0.05
474105750000000,26641,-0.858,-0.026,-0.517,0.01,-0.02,-0.02
474105781000000,26661,-0.855,-0.029,-0.518,0.04,0.06,0.05
474105796000000,26681,-0.855,-0.025,-0.512,-0.04,0.04,0.09
474105812000000,26701,-0.854,-0.025,-0.522,-0.02,-0.07,-0.02
474105828000000,26721,-0.853,-0.023,-0.519,-0.04,-0.09,-0.04
474105859000000,26741,-0.853,-0.022,-0.516,0.05,0.09,-0.02
474105875000000,26761,-0.858,-0.021,-0.506,0.06,-0.01,-0.03
474105890000000,26781,-0.857,-0.022,-0.511,-0.01,-0.11,-0.06
474105921000000,26801,-0.858,-0.025,-0.521,0.02,0.06,0.1
474105937000000,26821,-0.854,-0.022,-0.52,-0.01,-0.0,0.02
474105953000000,26841,-0.859,-0.026,-0.523,0.05,-0.11,-0.1
474105968000000,26861,-0.856,-0.02,-0.515,0.0,-0.22,-0.09
474106000000000,26881,-0.858,-0.027,-0.519,0.0,0.07,0.14
474106015000000,26901,-0.857,-0.024,-0.523,-0.01,-0.02,0.08
474106031000000,26921,-0.852,-0.019,-0.518,-0.03,-0.07,-0.02
474106062000000,26941,-0.857,-0.027,-0.52,0.02,-0.13,-0.07
474106078000000,26961,-0.855,-0.026,-0.516,0.03,0.07,0.09
474106093000000,26981,-0.859,-0.025,-0.518,0.06,0.11,0.08
474106109000000,27001,-0.856,-0.025,-0.511,-0.06,-0.15,-0.14
474106140000000,27021,-0.858,-0.024,-0.511,0.0,-0.01,-0.04
474106156000000,27041,-0.857,-0.025,-0.516,0.04,0.19,0.05
474106171000000,27061,-0.856,-0.025,-0.512,-0.05,-0.12,-0.02
474109968000000,30861,-0.866,-0.031,-0.524,0.54,-0.48,-0.16
474110000000000,30881,-0.857,-0.028,-0.513,0.31,-0.07,-0.0
474110015000000,30901,-0.858,-0.024,-0.52,-0.3,-0.19,-0.09
474110031000000,30921,-0.854,-0.023,-0.521,-0.32,-0.25,-0.09
474110062000000,30941,-0.852,-0.026,-0.512,0.02,0.33,0.3
474110078000000,30961,-0.852,-0.023,-0.513,-0.22,0.3,-0.14
474110093000000,30981,-0.861,-0.027,-0.522,-0.04,0.31,-0.12
474110109000000,31001,-0.863,-0.025,-0.523,0.13,0.49,0.01
474110140000000,31021,-0.855,-0.023,-0.516,-0.02,-0.38,-0.05
474110156000000,31041,-0.855,-0.025,-0.521,0.16,0.12,0.24
474110171000000,31061,-0.856,-0.027,-0.524,-0.02,-0.09,0.1
474110203000000,31081,-0.854,-0.024,-0.519,0.0,-0.37,0.07
474110218000000,31101,-0.857,-0.027,-0.51,-0.11,0.11,0.11
474110234000000,31121,-0.853,-0.028,-0.517,-0.01,-0.25,0.01
474110250000000,31141,-0.851,-0.025,-0.519,-0.24,-0.15,-0.02
474110281000000,31161,-0.855,-0.023,-0.516,0.0,-0.19,0.09
474110296000000,31181,-0.854,-0.024,-0.515,-0.11,0.08,-0.09
474110312000000,31201,-0.85,-0.026,-0.514,0.02,0.39,-0.31
474110328000000,31221,-0.855,-0.026,-0.513,-0.17,0.29,0.07
474110359000000,31241,-0.857,-0.024,-0.522,-0.34,-0.25,0.27
474110375000000,31261,-0.853,-0.027,-0.515,0.07,-0.28,0.14
474110390000000,31281,-0.858,-0.022,-0.511,-0.37,0.07,-0.08
474110421000000,31301,-0.855,-0.024,-0.513,-0.21,0.09,0.11
474110437000000,31321,-0.856,-0.023,-0.508,-0.01,0.26,0.19
474110453000000,31341,-0.859,-0.022,-0.526,0.02,-0.19,-0.0
474110468000000,31361,-0.855,-0.027,-0.518,0.18,-0.13,-0.11
474110500000000,31381,-0.858,-0.025,-0.519,-0.18,0.31,-0.08
474110515000000,31401,-0.855,-0.025,-0.523,-0.27,0.03,-0.3
474110531000000,31421,-0.855,-0.029,-0.515,-0.02,0.18,0.45
474110562000000,31441,-0.86,-0.025,-0.513,-0.11,-0.1,-0.21
474110578000000,31461,-0.857,-0.023,-0.512,-0.26,0.01,0.3
474110593000000,31481,-0.859,-0.029,-0.524,-0.01,-0.02,-0.22
474110609000000,31501,-0.855,-0.024,-0.515,-0.07,0.27,0.21
474110640000000,31521,-0.855,-0.019,-0.525,-0.27,0.11,0.01
474110656000000,31541,-0.856,-0.022,-0.512,0.01,0.46,-0.08
474110671000000,31561,-0.857,-0.025,-0.514,0.15,-0.12,-0.09
474110687000000,31581,-0.853,-0.023,-0.516,-0.17,0.02,-0.09
474110718000000,31601,-0.858,-0.029,-0.515,0.04,0.08,0.16
474110734000000,31621,-0.86,-0.019,-0.516,0.18,-0.35,-0.11
474110750000000,31641,-0.859,-0.024,-0.521,-0.04,0.16,0.17
474110781000000,31661,-0.856,-0.025,-0.508,0.05,-0.15,0.08
474110796000000,31681,-0.855,-0.023,-0.52,-0.02,-0.08,0.04
474110812000000,31701,-0.856,-0.025,-0.517,-0.04,0.01,-0.02
474110843000000,31721,-0.859,-0.023,-0.514,0.22,-0.12,-0.2
474110859000000,31741,-0.858,-0.029,-0.517,-0.17,-0.09,0.17
474110875000000,31761,-0.857,-0.025,-0.52,0.12,0.36,0.12
474110890000000,31781,-0.855,-0.024,-0.518,0.17,-0.29,0.35
474110921000000,31801,-0.857,-0.026,-0.519,0.28,-0.25,-0.08
474110937000000,31821,-0.854,-0.026,-0.513,0.15,-0.12,-0.1
474110953000000,31841,-0.857,-0.025,-0.519,-0.11,0.3,-0.1
474110968000000,31861,-0.86,-0.025,-0.508,0.12,0.33,0.08
474111000000000,31881,-0.855,-0.02,-0.514,-0.04,-0.28,-0.05
474111015000000,31901,-0.853,-0.026,-0.518,-0.17,-0.4,0.05
474111031000000,31921,-0.858,-0.026,-0.52,0.08,0.27,0.13
474111062000000,31941,-0.853,-0.026,-0.51,-0.04,-0.11,-0.12
474111078000000,31961,-0.858,-0.025,-0.519,-0.17,-0.41,-0.06
474111093000000,31981,-0.855,-0.024,-0.512,0.06,-0.36,0.01
474111109000000,32001,-0.858,-0.023,-0.51,-0.1,-0.15,0.13
474111140000000,32021,-0.857,-0.022,-0.517,0.12,-0.15,0.04
474111156000000,32041,-0.858,-0.025,-0.525,-0.01,-0.09,0.06
474111171000000,32061,-0.858,-0.027,-0.519,-0.11,-0.27,0.03
474111203000000,32081,-0.856,-0.024,-0.512,-0.14,-0.01,-0.17
474111218000000,32101,-0.855,-0.021,-0.516,-0.05,-0.0,0.08
474111234000000,32121,-0.857,-0.022,-0.512,-0.01,0.09,0.06
474111250000000,32141,-0.854,-0.023,-0.505,0.1,0.07,0.16
474111281000000,32161,-0.855,-0.025,-0.512,-0.1,0.11,0.05
474111296000000,32181,-0.853,-0.022,-0.512,0.25,0.3,-0.06
474111312000000,32201,-0.853,-0.024,-0.517,-0.01,-0.15,0.05
474111328000000,32221,-0.857,-0.022,-0.523,-0.05,-0.14,-0.06
474111359000000,32241,-0.854,-0.024,-0.518,0.05,0.23,-0.08
474111375000000,32261,-0.858,-0.025,-0.513,-0.04,-0.0,0.14
474111390000000,32281,-0.857,-0.022,-0.519,0.18,-0.11,0.1
474111421000000,32301,-0.857,-0.027,-0.519,0.14,0.27,-0.1
474111437000000,32321,-0.857,-0.023,-0.523,-0.06,-0.05,0.21
474111453000000,32341,-0.859,-0.026,-0.517,0.15,0.14,0.11
474111468000000,32361,-0.856,-0.023,-0.515,-0.11,0.14,0.05
474111500000000,32381,-0.857,-0.024,-0.514,0.25,0.07,0.05
474111515000000,32401,-0.857,-0.024,-0.518,-0.07,-0.48,0.11
474111531000000,32421,-0.859,-0.022,-0.518,-0.01,-0.22,-0.19
474111562000000,32441,-0.858,-0.028,-0.517,0.08,-0.01,-0.08
474111578000000,32461,-0.86,-0.022,-0.516,0.15,0.17,-0.09
474111593000000,32481,-0.858,-0.024,-0.512,-0.03,-0.25,0.13
474111609000000,32501,-0.855,-0.024,-0.506,0.09,0.07,0.07
474111640000000,32521,-0.856,-0.03,-0.517,0.09,0.49,0.16
474111656000000,32541,-0.86,-0.025,-0.515,0.24,0.52,0.17
474111671000000,32561,-0.855,-0.026,-0.518,-0.11,0.14,0.09
474111703000000,32581,-0.856,-0.027,-0.521,0.3,0.16,0.09
474111718000000,32601,-0.856,-0.025,-0.512,0.15,-0.29,0.37
474111734000000,32621,-0.854,-0.021,-0.519,-0.15,0.13,0.05
474111750000000,32641,-0.857,-0.023,-0.516,-0.01,0.25,-0.05
474111781000000,32661,-0.855,-0.023,-0.519,0.09,-0.18,-0.15
474111796000000,32681,-0.861,-0.026,-0.518,-0.13,-0.15,0.09
474111812000000,32701,-0.857,-0.024,-0.516,-0.04,-0.1,-0.05
474111843000000,32721,-0.855,-0.019,-0.512,-0.04,-0.1,0.01
474111859000000,32741,-0.855,-0.028,-0.517,-0.12,-0.2,0.08
474111875000000,32761,-0.858,-0.024,-0.512,0.12,0.43,-0.06
474111890000000,32781,-0.858,-0.022,-0.513,0.01,0.07,0.02
474111921000000,32801,-0.855,-0.028,-0.519,-0.07,0.07,0.23
474111937000000,32821,-0.856,-0.024,-0.52,0.18,-0.2,-0.18
474111953000000,32841,-0.859,-0.025,-0.515,0.12,-0.09,0.02
474111968000000,32861,-0.853,-0.023,-0.515,0.05,0.07,0.11
474112000000000,32881,-0.858,-0.026,-0.517,-0.06,0.07,-0.36
474112015000000,32901,-0.853,-0.022,-0.506,0.2,0.18,0.01
474112031000000,32921,-0.856,-0.024,-0.51,-0.01,-0.44,0.02
474112062000000,32941,-0.854,-0.026,-0.518,0.15,-0.01,0.11
474112078000000,32961,-0.856,-0.025,-0.514,0.4,0.14,-0.09
474112093000000,32981,-0.858,-0.027,-0.52,0.03,0.13,-0.26
474112109000000,33001,-0.855,-0.024,-0.516,-0.05,-0.15,0.16
474112140000000,33021,-0.855,-0.022,-0.513,0.18,0.12,0.15
474112156000000,33041,-0.858,-0.026,-0.514,0.11,0.05,0.1
474112171000000,33061,-0.854,-0.024,-0.511,0.05,-0.06,-0.12
474112203000000,33081,-0.856,-0.023,-0.514,0.01,0.07,0.2
474112218000000,33101,-0.858,-0.022,-0.515,0.0,0.2,0.08
474112234000000,33121,-0.855,-0.023,-0.51,0.12,0.04,0.12
474112250000000,33141,-0.853,-0.024,-0.511,-0.1,0.2,-0.03
474112281000000,33161,-0.855,-0.023,-0.514,-0.08,0.1,-0.2
474112296000000,33181,-0.855,-0.023,-0.517,-0.08,-0.07,-0.11
474112312000000,33201,-0.857,-0.027,-0.515,0.06,-0.02,-0.18
474112328000000,33221,-0.86,-0.021,-0.515,0.02,-0.47,0.16
474112359000000,33241,-0.855,-0.022,-0.517,0.23,-0.11,-0.08
474112375000000,33261,-0.853,-0.023,-0.52,0.05,-0.05,0.19
474112390000000,33281,-0.855,-0.021,-0.511,-0.07,0.05,0.17
474112421000000,33301,-0.857,-0.023,-0.515,0.07,-0.29,0.07
474112437000000,33321,-0.855,-0.026,-0.518,-0.04,-0.02,0.03
474112453000000,33341,-0.861,-0.028,-0.518,0.02,0.19,0.05
474112468000000,33361,-0.86,-0.026,-0.515,-0.14,-0.01,-0.02
474112500000000,33381,-0.854,-0.024,-0.517,0.21,-0.06,0.12
474112515000000,33401,-0.857,-0.024,-0.518,-0.07,0.14,0.08
474112531000000,33421,-0.855,-0.024,-0.522,-0.08,-0.02,0.05
474112562000000,33441,-0.856,-0.018,-0.518,-0.2,0.18,-0.02
474112578000000,33461,-0.851,-0.025,-0.521,-0.04,-0.18,-0.24
474112593000000,33481,-0.861,-0.021,-0.518,-0.08,0.14,0.09
474112609000000,33501,-0.857,-0.032,-0.516,0.04,-0.06,-0.04
474112640000000,33521,-0.856,-0.027,-0.512,0.0,0.17,-0.12
474112656000000,33541,-0.855,-0.028,-0.515,-0.11,-0.4,0.08
474112671000000,33561,-0.856,-0.028,-0.52,-0.07,0.23,0.15
474112703000000,33581,-0.856,-0.029,-0.516,0.15,-0.43,-0.07
474112718000000,33601,-0.854,-0.025,-0.517,-0.28,-0.14,0.17
474112734000000,33621,-0.859,-0.025,-0.515,-0.31,0.1,0.22
474112750000000,33641,-0.854,-0.026,-0.517,-0.07,-0.07,-0.02
474112781000000,33661,-0.858,-0.024,-0.52,0.04,0.13,-0.05
474112796000000,33681,-0.854,-0.026,-0.516,-0.15,-0.09,-0.04
474112812000000,33701,-0.855,-0.025,-0.516,-0.07,-0.2,0.34
474112828000000,33721,-0.855,-0.024,-0.516,0.17,0.12,0.2
474112859000000,33741,-0.854,-0.023,-0.517,-0.05,0.06,0.09
474112875000000,33761,-0.86,-0.023,-0.522,0.17,0.09,-0.05
474112890000000,33781,-0.857,-0.023,-0.509,-0.09,0.18,0.01
474112921000000,33801,-0.857,-0.025,-0.516,-0.18,0.17,0.05
474112937000000,33821,-0.854,-0.025,-0.512,0.0,-0.09,-0.21
474112953000000,33841,-0.854,-0.025,-0.519,-0.11,0.06,0.01
474112968000000,33861,-0.856,-0.025,-0.51,0.17,-0.0,0.12
474113000000000,33881,-0.854,-0.026,-0.52,-0.03,-0.02,-0.07
474113015000000,33901,-0.857,-0.024,-0.518,-0.02,-0.05,0.34
474113031000000,33921,-0.856,-0.022,-0.519,0.08,0.25,0.06
474113062000000,33941,-0.86,-0.028,-0.515,-0.11,-0.06,0.12
474113078000000,33961,-0.858,-0.024,-0.523,-0.14,0.23,-0.19
474113093000000,33981,-0.86,-0.02,-0.52,-0.15,-0.1,-0.09
474113109000000,34001,-0.856,-0.021,-0.518,0.17,0.08,-0.24
474113140000000,34021,-0.86,-0.02,-0.515,0.08,0.01,-0.11
474113156000000,34041,-0.861,-0.023,-0.523,-0.13,0.37,0.12
474113171000000,34061,-0.856,-0.022,-0.516,-0.21,0.04,0.09
474113203000000,34081,-0.856,-0.027,-0.516,0.07,-0.06,0.24
474113218000000,34101,-0.857,-0.028,-0.519,0.15,-0.05,-0.02
474113234000000,34121,-0.856,-0.024,-0.518,-0.07,0.25,-0.14
474113250000000,34141,-0.862,-0.022,-0.514,-0.07,-0.04,0.16
474113281000000,34161,-0.855,-0.022,-0.512,0.06,0.1,0.07
474113296000000,34181,-0.855,-0.024,-0.513,-0.12,0.06,-0.15
474113312000000,34201,-0.856,-0.028,-0.521,-0.14,0.2,0.1
474113328000000,34221,-0.857,-0.026,-0.517,-0.17,0.13,-0.02
474113359000000,34241,-0.855,-0.026,-0.513,-0.14,-0.24,0.15
474113375000000,34261,-0.855,-0.025,-0.52,0.0,-0.15,0.11
474113390000000,34281,-0.859,-0.025,-0.515,0.17,-0.38,0.04
474113421000000,34301,-0.859,-0.024,-0.516,-0.1,0.14,0.05
474113437000000,34321,-0.856,-0.021,-0.524,0.04,0.24,0.02
474113453000000,34341,-0.858,-0.023,-0.517,-0.07,0.3,0.12
474113468000000,34361,-0.857,-0.021,-0.514,0.05,-0.09,0.37
474113500000000,34381,-0.855,-0.025,-0.514,0.08,0.13,-0.08
474113515000000,34401,-0.858,-0.027,-0.52,0.27,-0.17,0.22
474113531000000,34421,-0.854,-0.024,-0.514,-0.11,0.01,-0.31
474113562000000,34441,-0.858,-0.026,-0.519,0.09,-0.0,-0.04
474113578000000,34461,-0.859,-0.024,-0.523,-0.07,0.23,0.14
474113593000000,34481,-0.855,-0.026,-0.516,-0.15,0.11,0.05
474113609000000,34501,-0.856,-0.022,-0.512,0.0,0.14,-0.19
474113640000000,34521,-0.856,-0.022,-0.517,0.14,-0.18,-0.04
474113656000000,34541,-0.855,-0.022,-0.519,0.05,0.15,0.02
474113671000000,34561,-0.858,-0.026,-0.521,0.0,-0.11,0.04
474113703000000,34581,-0.859,-0.021,-0.516,-0.24,-0.17,-0.08
474113718000000,34601,-0.852,-0.027,-0.514,0.05,-0.31,0.04
474113734000000,34621,-0.854,-0.025,-0.519,0.02,0.01,0.14
474113750000000,34641,-0.852,-0.027,-0.514,-0.11,-0.03,-0.05
474113781000000,34661,-0.857,-0.025,-0.517,0.05,0.1,0.43
474113796000000,34681,-0.855,-0.025,-0.518,0.03,-0.12,0.12
474113812000000,34701,-0.852,-0.025,-0.522,0.09,0.17,-0.12
474113843000000,34721,-0.859,-0.024,-0.516,-0.12,0.23,-0.21
474113859000000,34741,-0.858,-0.021,-0.521,-0.17,0.06,-0.15
474113875000000,34761,-0.857,-0.026,-0.514,0.09,0.18,-0.03
474113890000000,34781,-0.857,-0.018,-0.507,-0.18,-0.01,0.27
474113921000000,34801,-0.856,-0.028,-0.514,0.14,-0.25,0.08
474113937000000,34821,-0.855,-0.024,-0.506,-0.28,0.02,-0.13
474113953000000,34841,-0.858,-0.026,-0.516,0.15,0.18,0.06
474113968000000,34861,-0.855,-0.025,-0.515,-0.13,0.12,0.24
474114000000000,34881,-0.856,-0.018,-0.514,-0.23,0.13,0.09
474114015000000,34901,-0.855,-0.027,-0.517,0.07,-0.28,-0.21
474114031000000,34921,-0.857,-0.022,-0.512,-0.06,0.31,0.3
474114062000000,34941,-0.858,-0.024,-0.518,-0.05,-0.19,0.01
474114078000000,34961,-0.853,-0.022,-0.514,-0.01,-0.01,-0.11
474114093000000,34981,-0.859,-0.026,-0.52,0.15,-0.11,0.05
474114109000000,35001,-0.856,-0.018,-0.517,0.19,0.12,0.08
474114140000000,35021,-0.854,-0.023,-0.516,0.38,0.04,-0.11
474114156000000,35041,-0.857,-0.024,-0.518,-0.01,0.34,0.17
474114171000000,35061,-0.862,-0.025,-0.513,0.17,-0.15,0.05
474114203000000,35081,-0.857,-0.023,-0.515,-0.02,0.22,0.06
474114218000000,35101,-0.857,-0.024,-0.515,0.16,0.47,-0.05
474114234000000,35121,-0.858,-0.024,-0.515,0.01,0.27,0.14
474114250000000,35141,-0.858,-0.024,-0.511,0.09,-0.09,0.06
474114281000000,35161,-0.858,-0.027,-0.521,0.07,0.33,0.04
474114296000000,35181,-0.854,-0.023,-0.514,-0.14,-0.46,-0.02
474114312000000,35201,-0.851,-0.023,-0.511,-0.07,0.01,0.14
474114328000000,35221,-0.856,-0.027,-0.511,-0.15,0.11,0.13
474114359000000,35241,-0.859,-0.029,-0.511,0.15,0.01,0.07
474114375000000,35261,-0.858,-0.027,-0.515,-0.12,0.23,-0.0
474114390000000,35281,-0.862,-0.023,-0.514,0.18,-0.11,0.21
474114421000000,35301,-0.856,-0.026,-0.516,-0.05,-0.02,-0.02
474114437000000,35321,-0.858,-0.021,-0.516,-0.04,-0.25,0.02
474114453000000,35341,-0.859,-0.025,-0.518,-0.04,0.06,0.06
474114468000000,35361,-0.861,-0.026,-0.515,-0.1,0.3,-0.0
474114500000000,35381,-0.862,-0.024,-0.513,-0.04,0.23,-0.33
474114515000000,35401,-0.858,-0.022,-0.517,0.1,0.14,-0.01
474114531000000,35421,-0.857,-0.022,-0.508,0.1,-0.08,0.12
474114562000000,35441,-0.861,-0.026,-0.512,-0.29,-0.12,-0.08
474114578000000,35461,-0.858,-0.021,-0.519,0.06,-0.03,0.14
474114593000000,35481,-0.857,-0.027,-0.514,0.05,0.17,0.21
474114609000000,35501,-0.857,-0.025,-0.508,-0.18,0.01,0.35
474114640000000,35521,-0.859,-0.022,-0.514,-0.12,0.09,-0.08
474114656000000,35541,-0.856,-0.02,-0.514,-0.07,0.06,0.05
474114671000000,35561,-0.857,-0.022,-0.51,-0.01,0.18,0.03
474114703000000,35581,-0.858,-0.022,-0.51,0.04,0.31,-0.36
474114718000000,35601,-0.85,-0.025,-0.509,-0.23,0.06,0.12
474114734000000,35621,-0.859,-0.023,-0.514,0.13,0.14,0.05
474114750000000,35641,-0.859,-0.028,-0.519,-0.17,0.1,0.05
474114781000000,35661,-0.852,-0.023,-0.515,0.17,-0.05,-0.05
474114796000000,35681,-0.853,-0.025,-0.516,0.33,0.11,0.27
474114812000000,35701,-0.858,-0.024,-0.513,-0.05,0.17,0.04
474114828000000,35721,-0.858,-0.024,-0.513,-0.04,0.04,-0.02
474114859000000,35741,-0.857,-0.026,-0.511,0.13,-0.06,-0.09
474114875000000,35761,-0.862,-0.025,-0.514,0.09,-0.09,0.14
474114890000000,35781,-0.857,-0.028,-0.518,-0.21,0.02,0.01
474114921000000,35801,-0.855,-0.026,-0.515,0.21,-0.04,0.03
474114937000000,35821,-0.855,-0.025,-0.517,0.1,-0.3,0.24
474114953000000,35841,-0.851,-0.026,-0.517,0.02,0.1,0.07
474114968000000,35861,-0.852,-0.025,-0.509,0.07,-0.13,-0.01
474115000000000,35881,-0.855,-0.025,-0.514,0.0,0.52,0.15
474115015000000,35901,-0.856,-0.023,-0.508,0.03,0.04,0.24
474115031000000,35921,-0.856,-0.026,-0.508,-0.14,0.06,0.23
474115062000000,35941,-0.856,-0.025,-0.519,-0.04,-0.28,-0.18
474115078000000,35961,-0.855,-0.025,-0.516,0.05,-0.25,0.07
474115093000000,35981,-0.859,-0.025,-0.513,0.33,0.23,-0.15
474115109000000,36001,-0.856,-0.022,-0.519,-0.17,0.13,0.01
474115140000000,36021,-0.859,-0.025,-0.513,0.0,-0.28,0.09
474115156000000,36041,-0.856,-0.024,-0.514,-0.02,0.1,-0.08
474115171000000,36061,-0.855,-0.023,-0.511,-0.23,0.05,0.15
474115187000000,36081,-0.853,-0.031,-0.516,-0.08,-0.09,0.23
474115218000000,36101,-0.853,-0.025,-0.514,-0.06,0.1,0.01
474115234000000,36121,-0.857,-0.024,-0.508,0.23,0.02,0.01
474115250000000,36141,-0.853,-0.028,-0.515,-0.23,0.55,0.34
474115281000000,36161,-0.859,-0.024,-0.523,-0.19,-0.09,0.17
474115296000000,36181,-0.855,-0.022,-0.512,0.15,0.1,0.06
474115312000000,36201,-0.854,-0.023,-0.515,-0.07,0.03,0.19
474115343000000,36221,-0.854,-0.027,-0.516,0.02,-0.51,-0.06
474115359000000,36241,-0.85,-0.026,-0.515,0.01,-0.15,0.05
474115375000000,36261,-0.854,-0.023,-0.523,-0.07,0.02,0.02
474115390000000,36281,-0.855,-0.027,-0.51,-0.1,0.17,0.27
474115421000000,36301,-0.857,-0.021,-0.518,0.16,0.11,-0.16
474115437000000,36321,-0.853,-0.024,-0.512,0.17,0.06,-0.03
474115453000000,36341,-0.86,-0.025,-0.517,0.05,0.22,0.09
474115468000000,36361,-0.857,-0.026,-0.516,0.02,0.17,-0.0
474115500000000,36381,-0.858,-0.024,-0.516,-0.11,-0.02,-0.04
474115515000000,36401,-0.857,-0.022,-0.515,-0.11,-0.02,0.17
474115531000000,36421,-0.856,-0.022,-0.508,0.05,0.04,-0.08
474115562000000,36441,-0.86,-0.022,-0.519,0.13,0.07,0.14
474115578000000,36461,-0.856,-0.024,-0.514,0.14,0.14,-0.21
474115593000000,36481,-0.853,-0.026,-0.51,0.0,0.29,0.06
474115609000000,36501,-0.854,-0.025,-0.519,0.05,0.22,0.06
474115640000000,36521,-0.859,-0.023,-0.516,0.3,-0.19,0.2
474115656000000,36541,-0.858,-0.023,-0.52,-0.12,0.02,0.08
474115671000000,36561,-0.852,-0.023,-0.518,-0.04,0.11,0.12
474115703000000,36581,-0.856,-0.023,-0.513,-0.12,-0.1,-0.05
474115718000000,36601,-0.857,-0.023,-0.519,-0.24,0.03,0.02
474115734000000,36621,-0.858,-0.024,-0.514,0.0,0.39,0.03
474115750000000,36641,-0.856,-0.021,-0.516,0.14,0.02,-0.01
474115781000000,36661,-0.859,-0.023,-0.508,0.15,-0.02,0.2
474115796000000,36681,-0.86,-0.021,-0.514,-0.07,-0.03,-0.14
474115812000000,36701,-0.858,-0.026,-0.522,-0.03,-0.15,-0.08
474115843000000,36721,-0.855,-0.022,-0.512,0.01,0.08,0.08
474115859000000,36741,-0.855,-0.024,-0.514,-0.07,0.14,-0.05
474115875000000,36761,-0.857,-0.025,-0.519,0.19,0.23,-0.13
474115890000000,36781,-0.858,-0.023,-0.517,-0.04,0.12,-0.22
474115921000000,36801,-0.857,-0.027,-0.513,-0.18,0.06,-0.02
474115937000000,36821,-0.859,-0.026,-0.519,-0.04,-0.41,-0.04
474115953000000,36841,-0.855,-0.028,-0.515,0.01,0.01,-0.18
474115968000000,36861,-0.86,-0.026,-0.521,-0.08,0.13,-0.0
474116000000000,36881,-0.858,-0.026,-0.515,0.04,0.03,0.12
474116015000000,36901,-0.857,-0.024,-0.516,0.0,-0.05,0.14
474116031000000,36921,-0.857,-0.02,-0.519,0.0,-0.28,0.01
474116062000000,36941,-0.858,-0.026,-0.513,0.01,-0.23,0.14
474116078000000,36961,-0.858,-0.024,-0.518,0.04,-0.06,-0.12
474116093000000,36981,-0.86,-0.023,-0.519,0.03,0.04,-0.1
474116109000000,37001,-0.857,-0.021,-0.518,0.13,-0.04,-0.11
474116140000000,37021,-0.851,-0.023,-0.518,0.11,-0.05,0.05
474116156000000,37041,-0.86,-0.021,-0.514,-0.17,0.02,0.08
474116171000000,37061,-0.856,-0.024,-0.51,-0.07,0.11,0.21
474116203000000,37081,-0.857,-0.021,-0.516,0.02,-0.07,0.07
474116218000000,37101,-0.856,-0.026,-0.508,-0.14,0.23,-0.27
474116234000000,37121,-0.854,-0.022,-0.519,-0.1,0.21,0.1
474116250000000,37141,-0.854,-0.023,-0.514,-0.11,0.24,-0.02
474116281000000,37161,-0.857,-0.027,-0.51,0.06,-0.05,0.14
474116296000000,37181,-0.854,-0.025,-0.514,0.03,-0.16,0.21
474116312000000,37201,-0.86,-0.026,-0.514,-0.17,0.18,0.14
474116328000000,37221,-0.855,-0.026,-0.512,-0.06,0.04,-0.11
474116359000000,37241,-0.858,-0.024,-0.522,-0.03,-0.02,0.05
474116375000000,37261,-0.856,-0.024,-0.516,0.07,0.01,0.32
474116390000000,37281,-0.855,-0.018,-0.516,0.11,0.08,-0.12
474116421000000,37301,-0.859,-0.026,-0.514,0.12,-0.23,0.05
474116437000000,37321,-0.852,-0.022,-0.512,-0.17,-0.15,-0.03
474116453000000,37341,-0.856,-0.028,-0.515,0.07,-0.28,0.07
474116468000000,37361,-0.862,-0.021,-0.511,-0.03,0.05,-0.19
474116500000000,37381,-0.855,-0.025,-0.521,0.14,0.12,-0.0
474116515000000,37401,-0.86,-0.027,-0.519,-0.22,-0.06,0.01
474116531000000,37421,-0.858,-0.022,-0.516,-0.25,0.12,-0.15
474116562000000,37441,-0.858,-0.025,-0.514,-0.05,-0.14,-0.05
474116578000000,37461,-0.858,-0.023,-0.518,0.05,-0.16,0.03
474116593000000,37481,-0.855,-0.022,-0.512,-0.14,-0.04,0.17
474116609000000,37501,-0.856,-0.023,-0.518,0.18,-0.05,0.03
474116640000000,37521,-0.855,-0.023,-0.517,0.13,0.2,0.05
474116656000000,37541,-0.857,-0.023,-0.516,-0.16,0.14,0.13
474116671000000,37561,-0.858,-0.024,-0.52,0.08,-0.11,0.1
474116687000000,37581,-0.861,-0.027,-0.518,0.14,-0.01,-0.02
474116718000000,37601,-0.855,-0.026,-0.511,0.32,-0.22,0.13
474116734000000,37621,-0.858,-0.024,-0.517,0.09,0.05,0.08
474116750000000,37641,-0.858,-0.026,-0.512,-0.01,-0.08,0.11
474116781000000,37661,-0.856,-0.027,-0.517,0.02,-0.13,-0.0
474116796000000,37681,-0.856,-0.025,-0.519,0.21,-0.01,0.08
474116812000000,37701,-0.86,-0.026,-0.512,0.05,-0.35,0.14
474116828000000,37721,-0.857,-0.023,-0.512,-0.03,0.2,0.12
474116859000000,37741,-0.855,-0.023,-0.509,0.06,0.03,0.08
474116875000000,37761,-0.861,-0.026,-0.518,0.09,0.05,0.06
474116890000000,37781,-0.855,-0.029,-0.516,-0.13,0.1,0.13
474116921000000,37801,-0.857,-0.024,-0.516,-0.14,-0.13,-0.01
474116937000000,37821,-0.852,-0.022,-0.513,-0.21,0.03,0.01
474116953000000,37841,-0.854,-0.025,-0.519,0.31,-0.15,0.05
474116968000000,37861,-0.855,-0.023,-0.512,0.09,-0.09,-0.12
474117000000000,37881,-0.858,-0.021,-0.519,0.07,-0.32,-0.03
474117015000000,37901,-0.856,-0.024,-0.518,-0.29,-0.14,0.21
474117031000000,37921,-0.857,-0.023,-0.513,-0.07,0.04,0.05
474117062000000,37941,-0.85,-0.025,-0.513,-0.43,0.1,-0.08
474117078000000,37961,-0.854,-0.025,-0.519,0.0,0.04,-0.06
474117093000000,37981,-0.855,-0.022,-0.506,-0.1,0.01,-0.04
474117109000000,38001,-0.855,-0.024,-0.519,0.04,-0.03,0.05
474117140000000,38021,-0.856,-0.024,-0.518,-0.04,0.01,-0.02
474117156000000,38041,-0.857,-0.028,-0.522,-0.01,-0.19,0.23
474117171000000,38061,-0.854,-0.023,-0.517,0.08,-0.0,0.09
474117187000000,38081,-0.859,-0.023,-0.518,0.02,-0.08,0.05
474117218000000,38101,-0.852,-0.025,-0.516,-0.08,0.01,0.07
474117234000000,38121,-0.857,-0.027,-0.518,0.08,-0.29,0.05
474117250000000,38141,-0.851,-0.023,-0.516,0.18,0.01,0.12
474117281000000,38161,-0.857,-0.024,-0.518,-0.2,-0.05,0.19
474117296000000,38181,-0.858,-0.023,-0.521,0.12,0.03,-0.1
474117312000000,38201,-0.859,-0.025,-0.511,-0.25,0.03,0.12
474117343000000,38221,-0.858,-0.023,-0.519,0.27,0.17,0.04
474117359000000,38241,-0.852,-0.02,-0.517,0.01,0.07,-0.08
474117375000000,38261,-0.855,-0.026,-0.52,0.15,-0.13,0.11
474117390000000,38281,-0.857,-0.023,-0.52,-0.18,0.14,0.05
474117421000000,38301,-0.855,-0.028,-0.514,0.29,-0.04,0.29
474117437000000,38321,-0.858,-0.025,-0.518,0.08,-0.15,0.01
474117453000000,38341,-0.856,-0.024,-0.51,-0.14,0.32,-0.06
474117468000000,38361,-0.856,-0.022,-0.514,-0.41,0.15,0.19
474117500000000,38381,-0.856,-0.021,-0.514,0.04,-0.12,-0.05
474117515000000,38401,-0.861,-0.023,-0.513,0.05,0.14,0.11
474117531000000,38421,-0.86,-0.027,-0.517,-0.26,-0.23,-0.03
474117562000000,38441,-0.86,-0.027,-0.515,0.02,0.13,0.14
474117578000000,38461,-0.855,-0.025,-0.518,0.05,0.07,-0.06
474117593000000,38481,-0.85,-0.023,-0.51,-0.19,0.08,-0.18
474117609000000,38501,-0.854,-0.022,-0.515,0.22,-0.23,-0.12
474117640000000,38521,-0.853,-0.021,-0.517,-0.06,-0.2,-0.1
474117656000000,38541,-0.853,-0.025,-0.514,-0.13,-0.12,-0.18
474117671000000,38561,-0.859,-0.021,-0.516,-0.17,-0.21,0.15
474117703000000,38581,-0.858,-0.024,-0.516,0.15,-0.06,-0.16
474117718000000,38601,-0.855,-0.025,-0.51,-0.14,-0.07,-0.0
474117734000000,38621,-0.852,-0.02,-0.514,0.08,-0.1,-0.15
474117750000000,38641,-0.856,-0.024,-0.517,0.07,-0.1,-0.05
474117781000000,38661,-0.857,-0.022,-0.511,-0.01,0.02,0.2
474117796000000,38681,-0.861,-0.024,-0.513,-0.08,0.04,0.38
474117812000000,38701,-0.86,-0.025,-0.513,-0.17,-0.02,-0.15
474117828000000,38721,-0.856,-0.027,-0.515,0.29,0.04,0.1
474117859000000,38741,-0.853,-0.026,-0.505,-0.25,-0.06,0.11
474117875000000,38761,-0.858,-0.021,-0.519,0.1,0.36,0.4
474117890000000,38781,-0.856,-0.022,-0.508,-0.13,-0.01,-0.19
474117921000000,38801,-0.858,-0.024,-0.517,0.09,-0.0,-0.21
474117937000000,38821,-0.858,-0.025,-0.516,0.27,-0.58,-0.13
474117953000000,38841,-0.861,-0.024,-0.516,-0.16,-0.0,0.21
474117968000000,38861,-0.859,-0.023,-0.514,0.0,-0.34,0.1
474118000000000,38881,-0.86,-0.021,-0.518,0.28,0.18,-0.01
474118015000000,38901,-0.856,-0.026,-0.518,-0.08,-0.13,-0.06
474118031000000,38921,-0.854,-0.021,-0.514,-0.01,0.22,-0.0
474118062000000,38941,-0.857,-0.025,-0.517,-0.16,0.12,0.06
474118078000000,38961,-0.858,-0.029,-0.516,0.14,-0.45,-0.19
474118093000000,38981,-0.858,-0.031,-0.514,0.11,0.07,0.06
474118109000000,39001,-0.858,-0.021,-0.519,-0.07,-0.2,0.06
474118140000000,39021,-0.855,-0.025,-0.52,0.08,-0.28,0.16
474118156000000,39041,-0.854,-0.025,-0.509,-0.13,0.26,0.09
474118171000000,39061,-0.854,-0.028,-0.52,0.13,-0.26,-0.09
474118187000000,39081,-0.857,-0.022,-0.513,0.09,-0.25,0.29
474118218000000,39101,-0.856,-0.026,-0.513,-0.04,0.23,0.14
474118234000000,39121,-0.857,-0.026,-0.52,0.15,0.02,0.13
474118250000000,39141,-0.856,-0.025,-0.522,-0.04,0.01,-0.12
474118281000000,39161,-0.856,-0.019,-0.515,-0.19,-0.26,0.28
474118296000000,39181,-0.857,-0.022,-0.509,0.09,-0.09,-0.08
474118312000000,39201,-0.854,-0.024,-0.513,0.04,-0.0,-0.19
474118328000000,39221,-0.855,-0.025,-0.518,-0.19,-0.11,0.12
474118359000000,39241,-0.858,-0.024,-0.513,0.07,-0.23,-0.05
474118375000000,39261,-0.851,-0.02,-0.515,0.17,-0.2,0.14
474118390000000,39281,-0.855,-0.022,-0.516,-0.08,-0.06,-0.24
474118421000000,39301,-0.854,-0.025,-0.515,-0.11,-0.23,-0.08
474118437000000,39321,-0.852,-0.022,-0.511,0.25,-0.12,-0.08
474118453000000,39341,-0.858,-0.025,-0.516,0.05,-0.09,-0.04
474118468000000,39361,-0.857,-0.022,-0.521,0.17,0.05,-0.06
474118500000000,39381,-0.856,-0.02,-0.515,-0.4,-0.12,-0.22
474118515000000,39401,-0.852,-0.027,-0.517,-0.11,0.07,0.08
474118531000000,39421,-0.858,-0.026,-0.518,-0.03,-0.08,0.03
474118562000000,39441,-0.855,-0.019,-0.519,0.2,-0.18,-0.21
474118578000000,39461,-0.858,-0.023,-0.517,0.3,-0.0,0.26
474118593000000,39481,-0.855,-0.022,-0.519,0.02,0.01,0.04
474118609000000,39501,-0.856,-0.026,-0.519,0.31,-0.28,0.11
474118640000000,39521,-0.857,-0.028,-0.509,-0.14,0.01,0.1
474118656000000,39541,-0.854,-0.023,-0.52,0.17,0.17,0.17
474118671000000,39561,-0.858,-0.022,-0.517,-0.07,-0.07,0.12
474118703000000,39581,-0.851,-0.023,-0.509,-0.02,-0.05,0.1
474118718000000,39601,-0.857,-0.026,-0.516,-0.06,-0.36,0.01
474118734000000,39621,-0.858,-0.026,-0.516,0.11,-0.04,-0.17
474118750000000,39641,-0.86,-0.024,-0.513,0.17,0.14,0.02
474118781000000,39661,-0.854,-0.026,-0.521,0.12,-0.19,-0.12
474118796000000,39681,-0.857,-0.027,-0.515,0.15,-0.06,0.05
474118812000000,39701,-0.857,-0.021,-0.511,0.09,-0.04,0.19
474118828000000,39721,-0.851,-0.027,-0.523,0.15,-0.31,0.01
474118859000000,39741,-0.855,-0.025,-0.518,0.22,-0.03,0.13
474118875000000,39761,-0.857,-0.023,-0.514,0.25,0.01,-0.15
474118890000000,39781,-0.861,-0.028,-0.518,-0.04,0.12,0.3
474118921000000,39801,-0.854,-0.023,-0.515,-0.2,0.33,-0.02
474118937000000,39821,-0.854,-0.023,-0.514,0.18,0.17,0.17
474118953000000,39841,-0.856,-0.026,-0.517,0.12,-0.27,0.14
474118968000000,39861,-0.863,-0.025,-0.514,0.07,0.04,0.29
474119000000000,39881,-0.857,-0.024,-0.517,-0.02,-0.17,0.17
474119015000000,39901,-0.855,-0.021,-0.519,-0.28,0.05,0.03
474119031000000,39921,-0.854,-0.027,-0.516,0.06,0.06,0.17
474119062000000,39941,-0.851,-0.027,-0.512,0.09,0.04,-0.28
474119078000000,39961,-0.855,-0.025,-0.52,0.11,0.04,-0.0
474119093000000,39981,-0.855,-0.025,-0.511,0.05,-0.12,0.03
474119109000000,40001,-0.856,-0.022,-0.516,-0.27,-0.17,0.01
474119140000000,40021,-0.857,-0.022,-0.512,0.01,-0.1,0.02
474119156000000,40041,-0.857,-0.023,-0.511,0.05,0.33,-0.02
474119171000000,40061,-0.856,-0.021,-0.514,0.16,-0.15,-0.02
474119203000000,40081,-0.857,-0.025,-0.513,-0.17,0.13,-0.03
474119218000000,40101,-0.858,-0.025,-0.519,-0.02,0.1,-0.12
474119234000000,40121,-0.859,-0.022,-0.516,0.18,0.27,0.31
474119250000000,40141,-0.854,-0.025,-0.519,0.01,-0.11,0.01
474119281000000,40161,-0.859,-0.024,-0.518,-0.13,-0.02,0.02
474119296000000,40181,-0.861,-0.024,-0.508,-0.17,0.27,0.13
474119312000000,40201,-0.859,-0.028,-0.519,-0.01,-0.1,0.02
474119328000000,40221,-0.858,-0.023,-0.507,-0.08,-0.15,0.05
474119359000000,40241,-0.854,-0.023,-0.517,-0.06,-0.02,0.01
474119375000000,40261,-0.853,-0.022,-0.517,0.12,-0.18,0.03
474119390000000,40281,-0.857,-0.023,-0.511,-0.01,0.02,0.03
474119421000000,40301,-0.854,-0.025,-0.509,0.15,-0.18,0.1
474119437000000,40321,-0.858,-0.028,-0.52,0.13,0.18,0.17
474119453000000,40341,-0.856,-0.025,-0.52,0.14,-0.19,0.06
474119468000000,40361,-0.858,-0.025,-0.519,-0.24,-0.03,0.02
474119500000000,40381,-0.86,-0.023,-0.517,0.02,0.01,-0.09
474119515000000,40401,-0.85,-0.022,-0.515,0.11,0.17,0.2
474119531000000,40421,-0.86,-0.027,-0.517,-0.24,-0.03,0.09
474119562000000,40441,-0.861,-0.027,-0.51,0.02,0.27,0.01
474119578000000,40461,-0.851,-0.028,-0.512,0.14,0.2,0.16
474119593000000,40481,-0.857,-0.026,-0.513,-0.01,0.14,-0.13
474119609000000,40501,-0.856,-0.026,-0.519,0.15,-0.09,0.14
474119640000000,40521,-0.856,-0.024,-0.515,0.18,-0.2,0.03
474119656000000,40541,-0.862,-0.024,-0.515,0.15,-0.16,-0.07
474119671000000,40561,-0.855,-0.027,-0.514,-0.21,0.01,0.08
474119703000000,40581,-0.858,-0.025,-0.516,0.2,-0.1,-0.17
474119718000000,40601,-0.855,-0.023,-0.508,0.09,0.04,-0.02
474119734000000,40621,-0.859,-0.022,-0.514,-0.14,0.2,-0.02
474119750000000,40641,-0.86,-0.024,-0.513,-0.06,0.05,-0.09
474119781000000,40661,-0.854,-0.024,-0.519,0.16,0.08,-0.08
474119796000000,40681,-0.853,-0.021,-0.521,0.08,0.11,0.09
474119812000000,40701,-0.856,-0.026,-0.517,0.24,-0.05,-0.04
474119828000000,40721,-0.853,-0.023,-0.513,0.1,0.29,-0.08
474119859000000,40741,-0.852,-0.022,-0.514,0.05,0.15,-0.26
474119875000000,40761,-0.855,-0.022,-0.511,0.05,0.14,-0.16
474119890000000,40781,-0.858,-0.026,-0.517,-0.11,0.29,0.07
474119921000000,40801,-0.857,-0.029,-0.512,-0.12,-0.0,0.02
474119937000000,40821,-0.858,-0.022,-0.511,-0.17,0.14,0.09
474119953000000,40841,-0.861,-0.023,-0.511,-0.08,0.05,-0.1
474119968000000,40861,-0.853,-0.019,-0.511,-0.04,-0.01,0.04
474120000000000,40881,-0.856,-0.023,-0.516,-0.04,-0.03,0.11
474120015000000,40901,-0.856,-0.024,-0.516,-0.03,0.03,0.05
474120031000000,40921,-0.859,-0.025,-0.517,-0.01,0.01,0.05
474120062000000,40941,-0.857,-0.025,-0.511,0.0,0.08,0.08
474120078000000,40961,-0.858,-0.023,-0.521,-0.01,0.14,0.04
474120093000000,40981,-0.855,-0.024,-0.515,0.04,-0.09,0.19
474120109000000,41001,-0.854,-0.025,-0.515,0.12,0.01,-0.12
474120140000000,41021,-0.859,-0.025,-0.516,-0.13,-0.25,0.04
474120156000000,41041,-0.859,-0.024,-0.516,-0.07,0.02,-0.0
474120171000000,41061,-0.852,-0.027,-0.51,0.06,0.17,0.07
474120203000000,41081,-0.855,-0.021,-0.512,-0.29,0.19,0.11
474120218000000,41101,-0.853,-0.027,-0.514,0.15,-0.06,0.24
474120234000000,41121,-0.856,-0.023,-0.512,-0.08,0.11,-0.08
474120250000000,41141,-0.856,-0.025,-0.518,-0.04,0.04,-0.08
474120281000000,41161,-0.858,-0.026,-0.518,0.25,-0.13,0.02
474120296000000,41181,-0.853,-0.024,-0.508,0.12,-0.09,0.14
474120312000000,41201,-0.856,-0.025,-0.514,-0.16,-0.29,0.01
474120328000000,41221,-0.854,-0.022,-0.517,-0.18,0.07,-0.05
474120359000000,41241,-0.858,-0.023,-0.516,-0.12,-0.03,0.2
474120375000000,41261,-0.853,-0.025,-0.519,0.15,-0.16,-0.08
474120390000000,41281,-0.858,-0.021,-0.513,0.11,0.31,0.03
474120421000000,41301,-0.856,-0.027,-0.514,-0.15,0.33,-0.05
474120437000000,41321,-0.855,-0.025,-0.515,-0.04,-0.25,0.17
474120453000000,41341,-0.858,-0.026,-0.513,0.0,-0.14,0.14
474120468000000,41361,-0.859,-0.027,-0.512,0.07,0.25,0.24
474120500000000,41381,-0.854,-0.026,-0.512,-0.3,0.13,-0.15
474120515000000,41401,-0.859,-0.021,-0.519,0.31,-0.15,0.13
474120531000000,41421,-0.86,-0.023,-0.51,-0.17,0.08,0.08
474120562000000,41441,-0.857,-0.024,-0.507,-0.1,-0.19,0.37
474120578000000,41461,-0.856,-0.025,-0.516,0.15,0.19,-0.03
474120593000000,41481,-0.857,-0.022,-0.516,0.26,-0.06,0.01
474120609000000,41501,-0.857,-0.026,-0.52,0.29,0.11,-0.01
474120640000000,41521,-0.854,-0.025,-0.519,0.1,0.17,0.06
474120656000000,41541,-0.851,-0.025,-0.516,0.02,-0.1,0.02
474120671000000,41561,-0.856,-0.026,-0.512,-0.08,-0.1,0.28
474120703000000,41581,-0.855,-0.021,-0.504,-0.07,-0.35,-0.18
474120718000000,41601,-0.858,-0.024,-0.519,-0.05,-0.18,-0.23
474120734000000,41621,-0.858,-0.025,-0.511,0.22,-0.02,0.4
474120750000000,41641,-0.859,-0.024,-0.517,0.19,-0.07,0.04
474120781000000,41661,-0.853,-0.025,-0.517,0.02,-0.04,0.1
474120796000000,41681,-0.853,-0.02,-0.518,0.22,-0.07,0.01
474120812000000,41701,-0.855,-0.024,-0.515,-0.22,0.04,-0.05
474120828000000,41721,-0.857,-0.021,-0.512,0.05,-0.15,0.13
474120859000000,41741,-0.857,-0.025,-0.517,0.07,0.04,0.02
474120875000000,41761,-0.861,-0.026,-0.516,-0.11,-0.19,0.16
474120890000000,41781,-0.857,-0.029,-0.514,0.1,0.14,0.11
474120921000000,41801,-0.854,-0.025,-0.514,0.03,-0.31,0.04
474120937000000,41821,-0.854,-0.025,-0.51,-0.32,-0.01,-0.01
474120953000000,41841,-0.853,-0.022,-0.524,0.11,-0.04,0.14
474120968000000,41861,-0.859,-0.023,-0.516,0.06,0.11,0.01
474121000000000,41881,-0.859,-0.021,-0.516,-0.04,0.08,-0.16
474121015000000,41901,-0.857,-0.028,-0.518,-0.11,0.18,-0.02
474121031000000,41921,-0.859,-0.025,-0.514,0.05,0.01,0.02
474121062000000,41941,-0.855,-0.023,-0.519,0.18,-0.12,0.25
474121078000000,41961,-0.857,-0.02,-0.513,-0.05,-0.07,0.03
474121093000000,41981,-0.857,-0.023,-0.514,-0.08,0.14,0.14
474121109000000,42001,-0.86,-0.028,-0.51,0.1,-0.2,-0.15
474121140000000,42021,-0.857,-0.025,-0.511,-0.11,-0.19,0.16
474121156000000,42041,-0.858,-0.022,-0.521,0.25,0.02,0.23
474121171000000,42061,-0.857,-0.024,-0.511,-0.24,0.21,0.11
474121203000000,42081,-0.854,-0.022,-0.524,-0.14,-0.06,-0.08
474121218000000,42101,-0.86,-0.024,-0.516,-0.09,0.19,-0.21
474121234000000,42121,-0.852,-0.025,-0.515,0.17,-0.07,0.08
474121250000000,42141,-0.858,-0.024,-0.522,-0.06,-0.19,0.05
474121281000000,42161,-0.857,-0.03,-0.515,0.34,0.17,0.02
474121296000000,42181,-0.856,-0.023,-0.518,0.05,-0.06,-0.14
474121312000000,42201,-0.854,-0.026,-0.523,-0.11,-0.16,-0.21
474121343000000,42221,-0.858,-0.024,-0.516,-0.01,-0.09,-0.01
474121359000000,42241,-0.858,-0.023,-0.521,0.12,-0.15,0.22
474121375000000,42261,-0.855,-0.023,-0.519,0.17,0.05,0.11
474121390000000,42281,-0.858,-0.025,-0.509,0.08,-0.17,0.01
474121421000000,42301,-0.854,-0.028,-0.521,0.05,-0.24,0.17
474121437000000,42321,-0.854,-0.024,-0.517,0.06,0.4,0.23
474121453000000,42341,-0.857,-0.019,-0.51,-0.17,0.09,-0.02
474121468000000,42361,-0.86,-0.021,-0.513,0.1,0.17,-0.0
474121500000000,42381,-0.857,-0.025,-0.519,0.22,-0.2,-0.03
474121515000000,42401,-0.852,-0.026,-0.51,0.01,0.27,-0.12
474121531000000,42421,-0.859,-0.02,-0.515,-0.14,-0.02,-0.18
474121562000000,42441,-0.862,-0.028,-0.513,-0.04,-0.2,0.22
474121578000000,42461,-0.856,-0.026,-0.515,0.18,0.17,0.03
474121593000000,42481,-0.855,-0.026,-0.514,-0.06,-0.06,0.19
474121609000000,42501,-0.856,-0.024,-0.516,-0.08,-0.22,0.08
474121640000000,42521,-0.857,-0.026,-0.512,0.02,0.07,0.12
474121656000000,42541,-0.858,-0.019,-0.511,0.04,-0.02,0.12
474121671000000,42561,-0.86,-0.025,-0.514,0.14,0.29,0.17
474121703000000,42581,-0.859,-0.023,-0.515,0.09,-0.0,-0.0
474121718000000,42601,-0.856,-0.027,-0.525,-0.02,-0.09,0.24
474121734000000,42621,-0.857,-0.022,-0.516,-0.19,0.15,0.13
474121750000000,42641,-0.855,-0.023,-0.511,0.02,0.02,-0.01
474121781000000,42661,-0.856,-0.027,-0.512,0.15,0.04,-0.18
474121796000000,42681,-0.86,-0.024,-0.51,0.47,0.07,0.24
474121812000000,42701,-0.859,-0.024,-0.514,0.05,-0.07,0.3
474121828000000,42721,-0.86,-0.026,-0.513,-0.02,0.4,0.28
474121859000000,42741,-0.857,-0.019,-0.514,0.01,0.15,0.05
474121875000000,42761,-0.854,-0.025,-0.517,-0.22,-0.3,0.06
474121890000000,42781,-0.857,-0.023,-0.515,0.09,0.42,0.09
474121921000000,42801,-0.858,-0.024,-0.518,0.02,0.14,0.15
474121937000000,42821,-0.854,-0.022,-0.516,0.13,0.05,-0.12
474121953000000,42841,-0.857,-0.023,-0.521,0.18,-0.19,-0.05
474121968000000,42861,-0.857,-0.021,-0.512,0.09,-0.01,-0.01
474122000000000,42881,-0.853,-0.02,-0.515,0.28,-0.28,0.15
474122015000000,42901,-0.854,-0.026,-0.518,0.07,0.06,0.07
474122031000000,42921,-0.851,-0.023,-0.514,-0.03,-0.09,0.02
474122062000000,42941,-0.86,-0.026,-0.517,0.18,-0.4,0.39
474122078000000,42961,-0.86,-0.022,-0.514,0.05,-0.02,-0.05
474122093000000,42981,-0.854,-0.026,-0.52,-0.03,-0.0,0.06
474122109000000,43001,-0.857,-0.02,-0.514,0.18,0.14,-0.15
474122140000000,43021,-0.857,-0.025,-0.517,0.01,-0.12,-0.09
474122156000000,43041,-0.856,-0.02,-0.515,-0.05,0.2,0.14
474122171000000,43061,-0.854,-0.026,-0.52,-0.17,-0.25,-0.19
474122187000000,43081,-0.855,-0.029,-0.511,0.09,0.23,0.3
474122218000000,43101,-0.856,-0.024,-0.518,0.31,0.09,-0.1
474122234000000,43121,-0.857,-0.025,-0.515,0.12,0.45,0.07
474122250000000,43141,-0.855,-0.021,-0.512,0.47,0.01,-0.09
474122281000000,43161,-0.854,-0.023,-0.506,-0.15,-0.16,0.01
474122296000000,43181,-0.855,-0.025,-0.51,0.05,0.09,-0.08
474122312000000,43201,-0.859,-0.024,-0.52,-0.05,0.13,0.01
474122328000000,43221,-0.855,-0.024,-0.514,0.25,0.24,0.02
474122359000000,43241,-0.857,-0.023,-0.511,-0.27,-0.37,-0.05
474122375000000,43261,-0.858,-0.024,-0.512,0.09,-0.12,0.08
474122390000000,43281,-0.858,-0.024,-0.515,-0.27,-0.22,0.05
474122421000000,43301,-0.858,-0.024,-0.513,0.43,-0.03,0.17
474122437000000,43321,-0.858,-0.028,-0.518,0.33,-0.21,0.08
474122453000000,43341,-0.855,-0.025,-0.522,0.02,-0.01,0.27
474122468000000,43361,-0.86,-0.024,-0.516,-0.61,-0.57,0.12
474122500000000,43381,-0.855,-0.02,-0.521,-0.18,-0.3,0.15
474122515000000,43401,-0.857,-0.027,-0.52,0.02,0.13,-0.08
474122531000000,43421,-0.858,-0.026,-0.514,-0.16,0.17,0.25
474122562000000,43441,-0.856,-0.025,-0.51,0.28,-0.23,0.16
474122578000000,43461,-0.857,-0.019,-0.515,-0.02,0.13,0.24
474122593000000,43481,-0.855,-0.025,-0.516,0.02,-0.06,-0.02
474122609000000,43501,-0.855,-0.026,-0.516,0.18,-0.02,0.04
474122640000000,43521,-0.855,-0.024,-0.518,0.35,-0.03,0.29
474122656000000,43541,-0.859,-0.024,-0.516,0.13,0.16,-0.34
474122671000000,43561,-0.856,-0.026,-0.514,-0.02,0.25,0.03
474122703000000,43581,-0.858,-0.021,-0.518,0.12,-0.49,-0.19
474122718000000,43601,-0.852,-0.022,-0.507,-0.05,-0.44,-0.31
474122734000000,43621,-0.861,-0.026,-0.52,-0.2,0.65,0.28
474122750000000,43641,-0.857,-0.024,-0.52,-0.08,-0.1,0.1
474122781000000,43661,-0.86,-0.025,-0.509,-0.11,-0.16,0.12
474122796000000,43681,-0.857,-0.028,-0.508,0.01,-0.15,0.27
474122812000000,43701,-0.855,-0.028,-0.513,-0.05,-0.22,-0.05
474122828000000,43721,-0.857,-0.025,-0.517,0.12,-0.53,0.18
474122859000000,43741,-0.855,-0.025,-0.517,0.39,-0.55,0.18
474122890000000,43781,-0.004,-0.0,-0.002,0.54,-0.48,-0.16
474122921000000,43801,-0.858,-0.027,-0.514,0.22,0.22,-0.08
474122937000000,43821,-0.858,-0.027,-0.524,-0.27,-0.38,-0.08
474122953000000,43841,-0.856,-0.026,-0.511,-0.1,-0.16,-0.06
474122968000000,43861,-0.858,-0.022,-0.513,0.09,-0.43,0.09
474123000000000,43881,-0.856,-0.024,-0.517,-0.05,0.17,-0.03
474123015000000,43901,-0.856,-0.025,-0.513,-0.07,0.11,0.08
474123031000000,43921,-0.859,-0.024,-0.515,0.01,0.04,0.24
474123062000000,43941,-0.852,-0.024,-0.514,-0.01,-0.02,0.12
474123078000000,43961,-0.853,-0.022,-0.507,-0.08,-0.0,-0.12
474123093000000,43981,-0.854,-0.026,-0.516,-0.24,-0.38,0.01
474123109000000,44001,-0.853,-0.026,-0.512,-0.24,-0.03,-0.07
474123140000000,44021,-0.854,-0.023,-0.513,0.17,0.17,-0.1
474123156000000,44041,-0.858,-0.024,-0.521,0.13,-0.49,0.12
474123171000000,44061,-0.85,-0.023,-0.512,0.24,-0.13,0.2
474123203000000,44081,-0.859,-0.026,-0.516,-0.14,0.21,-0.08
474123218000000,44101,-0.856,-0.024,-0.515,0.01,-0.06,0.33
474123234000000,44121,-0.859,-0.024,-0.514,0.22,-0.12,-0.11
474123250000000,44141,-0.857,-0.021,-0.513,0.12,-0.06,-0.08
474123281000000,44161,-0.86,-0.028,-0.509,0.03,-0.0,0.08
474123296000000,44181,-0.86,-0.023,-0.513,-0.15,0.09,0.13
474123312000000,44201,-0.857,-0.027,-0.514,0.23,0.04,-0.0
474123328000000,44221,-0.861,-0.025,-0.511,0.11,0.07,0.05
474123359000000,44241,-0.857,-0.023,-0.513,-0.01,-0.14,-0.18
474123375000000,44261,-0.856,-0.025,-0.513,0.16,-0.25,-0.14
474123390000000,44281,-0.854,-0.029,-0.516,0.07,0.23,0.11
474123421000000,44301,-0.856,-0.026,-0.515,0.16,-0.15,-0.2
474123437000000,44321,-0.854,-0.021,-0.515,-0.09,0.33,-0.26
474123453000000,44341,-0.858,-0.027,-0.519,-0.17,0.31,-0.07
474123468000000,44361,-0.86,-0.027,-0.517,0.07,-0.28,-0.07
474123500000000,44381,-0.861,-0.023,-0.518,0.11,0.44,0.1
474123515000000,44401,-0.858,-0.025,-0.519,0.37,0.04,0.17
474123531000000,44421,-0.86,-0.02,-0.513,0.02,0.03,-0.08
474123562000000,44441,-0.854,-0.021,-0.517,-0.06,0.3,0.12
474123578000000,44461,-0.858,-0.027,-0.513,-0.18,0.63,0.14
474123593000000,44481,-0.854,-0.027,-0.513,-0.24,0.01,-0.1
474123609000000,44501,-0.856,-0.023,-0.515,0.25,-0.45,0.01
474123640000000,44521,-0.856,-0.026,-0.511,0.05,0.05,-0.05
474123656000000,44541,-0.858,-0.024,-0.52,0.05,-0.05,0.04
474123671000000,44561,-0.857,-0.023,-0.513,0.02,0.36,0.24
474123703000000,44581,-0.86,-0.026,-0.512,0.09,-0.11,0.25
474123718000000,44601,-0.86,-0.025,-0.52,-0.14,0.19,0.09
474123734000000,44621,-0.855,-0.024,-0.524,0.04,-0.26,-0.05
474123750000000,44641,-0.856,-0.026,-0.519,-0.36,-0.09,-0.14
474123781000000,44661,-0.859,-0.024,-0.515,-0.17,0.35,-0.03
474123796000000,44681,-0.856,-0.026,-0.511,0.06,0.27,-0.09
474123812000000,44701,-0.855,-0.022,-0.514,0.16,0.33,0.1
474123828000000,44721,-0.856,-0.03,-0.518,-0.24,0.27,0.09
474123859000000,44741,-0.855,-0.028,-0.516,-0.02,-0.22,-0.05
474123875000000,44761,-0.857,-0.026,-0.512,-0.03,-0.08,0.03
474123890000000,44781,-0.857,-0.023,-0.518,-0.2,0.38,0.25
474123921000000,44801,-0.859,-0.023,-0.514,-0.27,0.06,0.1
474123937000000,44821,-0.858,-0.028,-0.511,0.34,-0.3,-0.12
474123953000000,44841,-0.856,-0.025,-0.516,0.07,0.05,-0.01
474123968000000,44861,-0.854,-0.023,-0.51,-0.01,-0.22,0.07
474124000000000,44881,-0.856,-0.023,-0.516,-0.15,0.11,0.14
474124015000000,44901,-0.855,-0.026,-0.511,0.05,-0.18,0.22
474124031000000,44921,-0.858,-0.029,-0.515,-0.07,-0.25,-0.21
474124062000000,44941,-0.859,-0.025,-0.524,-0.24,-0.21,-0.02
474124078000000,44961,-0.859,-0.026,-0.514,0.06,0.11,0.22
474124093000000,44981,-0.858,-0.024,-0.52,0.03,-0.01,0.13
474124109000000,45001,-0.854,-0.024,-0.509,0.17,-0.2,-0.01
474124140000000,45021,-0.858,-0.022,-0.519,-0.04,-0.17,-0.05
474124156000000,45041,-0.86,-0.024,-0.51,0.2,0.15,-0.08
474124171000000,45061,-0.857,-0.025,-0.513,0.39,-0.39,-0.12
474124187000000,45081,-0.857,-0.021,-0.511,-0.07,0.29,0.04
474124218000000,45101,-0.857,-0.025,-0.51,0.02,0.02,0.19
474124234000000,45121,-0.857,-0.022,-0.514,-0.01,0.31,0.17
474124250000000,45141,-0.86,-0.026,-0.512,-0.14,-0.02,-0.02
474124281000000,45161,-0.853,-0.027,-0.517,-0.11,-0.15,0.27
474124296000000,45181,-0.855,-0.024,-0.516,0.19,0.21,0.03
474124312000000,45201,-0.855,-0.021,-0.524,-0.04,-0.15,-0.05
474124328000000,45221,-0.856,-0.021,-0.515,0.2,-0.11,-0.08
474124359000000,45241,-0.852,-0.025,-0.514,0.08,-0.7,0.11
474124375000000,45261,-0.851,-0.026,-0.511,-0.09,-0.17,0.14
474124390000000,45281,-0.854,-0.025,-0.512,0.02,-0.54,0.02
474124421000000,45301,-0.858,-0.022,-0.52,0.02,0.14,-0.0
474124437000000,45321,-0.856,-0.025,-0.516,0.08,-0.01,0.11
474124453000000,45341,-0.858,-0.025,-0.514,0.11,0.03,-0.0
474124468000000,45361,-0.854,-0.023,-0.516,0.05,-0.12,0.26
474124500000000,45381,-0.857,-0.017,-0.522,-0.07,0.09,0.05
474124515000000,45401,-0.859,-0.027,-0.512,0.35,0.04,0.02
474124531000000,45421,-0.861,-0.023,-0.522,0.28,-0.01,-0.22
474124546000000,45441,-0.859,-0.026,-0.515,0.22,0.12,-0.18
474124578000000,45461,-0.857,-0.026,-0.515,-0.04,0.45,-0.05
474124593000000,45481,-0.856,-0.024,-0.514,-0.14,-0.21,0.03
474124609000000,45501,-0.855,-0.025,-0.509,0.15,0.04,-0.05
474124640000000,45521,-0.853,-0.022,-0.516,0.07,0.39,0.19
474124656000000,45541,-0.858,-0.025,-0.516,-0.1,-0.31,-0.22
474124671000000,45561,-0.858,-0.025,-0.519,0.01,0.04,-0.15
474124687000000,45581,-0.856,-0.022,-0.514,-0.06,0.14,0.1
474124718000000,45601,-0.856,-0.023,-0.514,-0.15,-0.05,0.08
474124734000000,45621,-0.859,-0.027,-0.515,0.09,-0.27,0.16
474124750000000,45641,-0.856,-0.023,-0.515,-0.01,-0.09,-0.21
474124781000000,45661,-0.855,-0.02,-0.512,0.02,0.07,-0.16
474124796000000,45681,-0.859,-0.026,-0.521,-0.08,-0.24,0.12
474124812000000,45701,-0.855,-0.024,-0.52,0.11,-0.1,-0.16
474124828000000,45721,-0.857,-0.024,-0.515,0.14,-0.22,0.02
474124859000000,45741,-0.857,-0.023,-0.522,-0.01,-0.13,-0.0
474124875000000,45761,-0.86,-0.02,-0.515,0.04,0.19,0.05
474124890000000,45781,-0.857,-0.026,-0.519,0.1,-0.47,-0.21
474124921000000,45801,-0.851,-0.023,-0.513,0.22,0.06,-0.08
474124937000000,45821,-0.853,-0.023,-0.513,0.09,0.15,0.09
474124953000000,45841,-0.854,-0.02,-0.513,0.11,-0.28,-0.21
474124968000000,45861,-0.86,-0.022,-0.515,0.05,-0.05,0.14
474125000000000,45881,-0.856,-0.022,-0.515,-0.05,-0.37,0.05
474125015000000,45901,-0.852,-0.025,-0.518,0.11,0.27,0.16
474125031000000,45921,-0.853,-0.025,-0.51,0.04,0.06,0.06
474125062000000,45941,-0.854,-0.019,-0.516,0.26,0.02,0.09
474125078000000,45961,-0.853,-0.025,-0.52,0.2,-0.25,0.14
474125093000000,45981,-0.86,-0.027,-0.515,-0.01,-0.2,0.04
474125109000000,46001,-0.86,-0.02,-0.513,0.12,-0.02,-0.02
474125140000000,46021,-0.862,-0.022,-0.515,-0.01,-0.45,-0.12
474125156000000,46041,-0.855,-0.022,-0.512,-0.05,-0.18,-0.17
474125171000000,46061,-0.852,-0.023,-0.513,0.04,0.46,-0.1
474125187000000,46081,-0.861,-0.021,-0.517,0.14,-0.34,0.11
474125218000000,46101,-0.856,-0.024,-0.513,-0.14,0.36,0.28
474125234000000,46121,-0.856,-0.022,-0.513,-0.17,-0.09,0.06
474125250000000,46141,-0.855,-0.024,-0.513,-0.02,0.09,0.1
474125281000000,46161,-0.858,-0.024,-0.51,-0.04,-0.23,0.17
474125296000000,46181,-0.859,-0.025,-0.505,0.05,0.19,0.01
474125312000000,46201,-0.854,-0.025,-0.513,0.03,0.06,0.15
474125328000000,46221,-0.86,-0.027,-0.518,0.0,0.02,0.09
474125359000000,46241,-0.861,-0.022,-0.518,-0.04,-0.04,-0.09
474125375000000,46261,-0.858,-0.022,-0.516,0.05,-0.06,0.33
474125390000000,46281,-0.859,-0.023,-0.513,-0.07,-0.22,-0.2
474125421000000,46301,-0.855,-0.024,-0.514,0.09,0.26,-0.04
474125437000000,46321,-0.855,-0.024,-0.511,0.08,0.18,0.29
474125453000000,46341,-0.854,-0.023,-0.511,0.12,-0.19,0.13
474125468000000,46361,-0.858,-0.024,-0.516,0.13,-0.51,-0.14
474125500000000,46381,-0.857,-0.026,-0.521,0.12,0.16,-0.18
474125515000000,46401,-0.856,-0.024,-0.515,-0.19,0.27,0.05
474125531000000,46421,-0.858,-0.024,-0.524,0.09,0.07,0.17
474125562000000,46441,-0.853,-0.025,-0.519,0.25,0.01,-0.11
474125578000000,46461,-0.85,-0.025,-0.518,0.07,0.33,0.01
474125593000000,46481,-0.85,-0.023,-0.513,0.11,-0.09,0.16
474125609000000,46501,-0.855,-0.027,-0.514,-0.28,-0.15,0.01
474125640000000,46521,-0.854,-0.023,-0.516,0.05,0.02,0.01
474125656000000,46541,-0.854,-0.023,-0.516,0.15,0.09,0.21
474125671000000,46561,-0.857,-0.024,-0.512,0.09,-0.04,-0.02
474125687000000,46581,-0.857,-0.024,-0.515,0.09,0.07,-0.01
474125718000000,46601,-0.852,-0.025,-0.518,-0.11,0.07,0.18
474125734000000,46621,-0.862,-0.025,-0.523,0.18,-0.04,-0.07
474125750000000,46641,-0.856,-0.025,-0.517,-0.02,0.05,0.01
474125781000000,46661,-0.857,-0.025,-0.519,-0.13,0.07,0.06
474125796000000,46681,-0.858,-0.025,-0.517,0.02,0.32,-0.31
474125812000000,46701,-0.855,-0.026,-0.512,-0.08,-0.03,-0.23
474125828000000,46721,-0.862,-0.022,-0.517,0.08,0.14,-0.17
474125859000000,46741,-0.858,-0.02,-0.514,0.14,-0.02,-0.2
474125875000000,46761,-0.862,-0.021,-0.517,-0.11,0.25,0.09
474125890000000,46781,-0.851,-0.024,-0.516,-0.24,-0.17,0.19
474125921000000,46801,-0.858,-0.026,-0.516,-0.14,-0.06,0.17
474125937000000,46821,-0.859,-0.027,-0.512,0.08,-0.1,0.23
474125953000000,46841,-0.859,-0.024,-0.512,0.1,0.1,0.12
474125968000000,46861,-0.853,-0.026,-0.508,0.11,0.03,0.4
474126000000000,46881,-0.857,-0.022,-0.512,0.1,-0.15,0.02
474126015000000,46901,-0.856,-0.026,-0.517,0.21,0.17,0.14
474126031000000,46921,-0.857,-0.025,-0.511,-0.14,-0.08,0.01
474126062000000,46941,-0.855,-0.026,-0.513,-0.02,-0.02,0.24
474126078000000,46961,-0.857,-0.025,-0.515,-0.17,-0.16,-0.12
474126093000000,46981,-0.849,-0.025,-0.516,-0.01,-0.02,-0.09
474126109000000,47001,-0.856,-0.021,-0.52,-0.04,-0.35,-0.11
474126140000000,47021,-0.858,-0.022,-0.512,-0.07,-0.18,-0.12
474126156000000,47041,-0.86,-0.022,-0.514,0.14,-0.26,0.19
474126171000000,47061,-0.855,-0.026,-0.512,-0.16,-0.13,0.11
474126187000000,47081,-0.856,-0.021,-0.52,-0.01,-0.19,0.14
474126218000000,47101,-0.857,-0.024,-0.513,-0.01,0.04,-0.04
474126234000000,47121,-0.859,-0.023,-0.51,0.18,-0.02,0.07
474126250000000,47141,-0.85,-0.026,-0.513,-0.05,-0.06,-0.18
474126281000000,47161,-0.86,-0.022,-0.515,-0.04,0.04,0.03
474126296000000,47181,-0.857,-0.026,-0.517,0.02,0.14,-0.28
474126312000000,47201,-0.854,-0.023,-0.513,-0.1,0.11,0.05
474126328000000,47221,-0.853,-0.024,-0.513,0.11,0.09,0.13
474126359000000,47241,-0.852,-0.024,-0.513,0.11,-0.15,-0.15
474126375000000,47261,-0.855,-0.025,-0.506,0.12,0.08,0.02
474126390000000,47281,-0.854,-0.026,-0.514,0.05,-0.22,0.03
474126421000000,47301,-0.861,-0.027,-0.507,0.0,-0.15,0.1
474126437000000,47321,-0.854,-0.022,-0.512,-0.21,0.05,0.06
474126453000000,47341,-0.856,-0.026,-0.519,-0.13,0.02,0.17
474126468000000,47361,-0.856,-0.023,-0.525,-0.11,0.14,0.07
474126500000000,47381,-0.858,-0.02,-0.521,0.13,0.24,-0.15
474126515000000,47401,-0.857,-0.027,-0.514,0.06,0.27,0.16
474126531000000,47421,-0.856,-0.023,-0.515,0.18,0.04,0.16
474126562000000,47441,-0.859,-0.023,-0.515,-0.12,0.08,0.04
474126578000000,47461,-0.857,-0.029,-0.517,0.18,0.08,0.11
474126593000000,47481,-0.856,-0.023,-0.516,0.01,-0.07,-0.05
474126609000000,47501,-0.856,-0.024,-0.517,0.09,-0.09,0.06
474126640000000,47521,-0.857,-0.022,-0.518,0.01,-0.02,-0.04
474126656000000,47541,-0.854,-0.024,-0.516,0.07,0.4,0.07
474126671000000,47561,-0.858,-0.025,-0.523,-0.09,0.03,-0.03
474126687000000,47581,-0.862,-0.027,-0.515,0.01,-0.23,-0.12
474126718000000,47601,-0.852,-0.025,-0.515,-0.05,-0.24,-0.06
474126734000000,47621,-0.854,-0.024,-0.513,0.07,-0.0,-0.01
474126750000000,47641,-0.854,-0.025,-0.515,-0.02,-0.13,0.07
474126781000000,47661,-0.855,-0.017,-0.509,0.09,0.07,0.21
474126796000000,47681,-0.856,-0.021,-0.511,0.22,0.03,0.06
474126812000000,47701,-0.858,-0.026,-0.512,-0.15,-0.22,0.3
474126828000000,47721,-0.855,-0.019,-0.518,0.07,-0.22,0.25
474126859000000,47741,-0.858,-0.024,-0.516,-0.06,0.1,0.01
474126875000000,47761,-0.856,-0.021,-0.516,-0.12,0.15,-0.21
474126890000000,47781,-0.855,-0.022,-0.516,0.05,0.01,-0.15
474126921000000,47801,-0.856,-0.026,-0.51,-0.07,0.24,0.02
474126937000000,47821,-0.854,-0.026,-0.523,0.05,-0.19,0.05
474126953000000,47841,-0.86,-0.025,-0.508,0.23,-0.26,-0.18
474126968000000,47861,-0.855,-0.023,-0.514,0.12,-0.06,0.22
474127000000000,47881,-0.853,-0.023,-0.513,-0.07,-0.38,-0.13
474127015000000,47901,-0.855,-0.025,-0.52,-0.01,0.31,0.12
474127031000000,47921,-0.854,-0.025,-0.519,0.08,-0.06,-0.06
474127046000000,47941,-0.853,-0.022,-0.514,0.13,-0.25,-0.05
474127078000000,47961,-0.861,-0.027,-0.513,-0.11,-0.15,0.27
474127093000000,47981,-0.861,-0.026,-0.516,0.13,0.28,0.29
474127109000000,48001,-0.859,-0.026,-0.517,0.02,0.01,0.21
474127140000000,48021,-0.856,-0.023,-0.52,0.22,-0.08,-0.07
474127156000000,48041,-0.86,-0.025,-0.518,-0.02,-0.06,-0.06
474127171000000,48061,-0.852,-0.023,-0.508,0.02,0.04,-0.0
474127187000000,48081,-0.856,-0.026,-0.519,-0.07,0.1,-0.07
474127218000000,48101,-0.858,-0.021,-0.511,0.14,-0.26,0.14
474127234000000,48121,-0.858,-0.021,-0.506,0.02,0.07,0.06
474127250000000,48141,-0.855,-0.027,-0.518,0.18,-0.17,-0.04
474127281000000,48161,-0.853,-0.024,-0.518,0.08,-0.13,0.2
474127296000000,48181,-0.86,-0.022,-0.514,-0.04,-0.06,0.26
474127312000000,48201,-0.854,-0.029,-0.513,0.24,0.13,-0.23
474127328000000,48221,-0.858,-0.023,-0.511,-0.02,0.04,-0.02
474127359000000,48241,-0.857,-0.03,-0.515,-0.01,-0.16,-0.0
474127375000000,48261,-0.858,-0.024,-0.512,0.0,-0.02,0.18
474127390000000,48281,-0.86,-0.02,-0.523,-0.01,0.09,-0.01
474127421000000,48301,-0.858,-0.025,-0.508,0.04,0.11,-0.05
474127437000000,48321,-0.859,-0.029,-0.515,0.21,0.09,-0.0
474127453000000,48341,-0.857,-0.024,-0.512,-0.23,0.23,-0.02
474127468000000,48361,-0.854,-0.017,-0.517,0.12,-0.13,0.05
474127500000000,48381,-0.854,-0.024,-0.521,0.12,-0.2,-0.08
474127515000000,48401,-0.853,-0.027,-0.515,0.02,0.21,-0.0
474127531000000,48421,-0.858,-0.021,-0.517,-0.25,0.04,0.01
474127562000000,48441,-0.855,-0.026,-0.518,-0.07,0.04,0.08
474127578000000,48461,-0.863,-0.021,-0.512,0.18,0.13,0.28
474127593000000,48481,-0.857,-0.023,-0.516,0.0,-0.09,0.01
474127609000000,48501,-0.855,-0.024,-0.516,0.16,0.05,0.18
474127640000000,48521,-0.855,-0.023,-0.512,0.22,0.16,-0.09
474127656000000,48541,-0.855,-0.02,-0.521,0.35,0.13,-0.01
474127671000000,48561,-0.853,-0.028,-0.513,0.27,-0.02,-0.0
474127703000000,48581,-0.859,-0.024,-0.517,-0.14,-0.57,-0.15
474127718000000,48601,-0.853,-0.024,-0.515,0.02,-0.15,0.09
474127734000000,48621,-0.852,-0.027,-0.515,0.18,0.2,0.14
474127750000000,48641,-0.86,-0.026,-0.514,-0.02,-0.27,-0.07
474127781000000,48661,-0.856,-0.025,-0.521,0.31,-0.31,0.08
474127796000000,48681,-0.854,-0.023,-0.515,0.09,0.09,0.11
474127812000000,48701,-0.857,-0.03,-0.512,0.05,-0.15,0.14
474127828000000,48721,-0.859,-0.025,-0.516,0.05,0.27,-0.11
474127859000000,48741,-0.857,-0.023,-0.515,-0.24,0.09,-0.05
474127875000000,48761,-0.855,-0.022,-0.515,-0.14,0.1,0.15
474127890000000,48781,-0.86,-0.024,-0.522,0.28,-0.01,0.13
474127921000000,48801,-0.853,-0.027,-0.52,0.17,-0.05,0.14
474127937000000,48821,-0.856,-0.027,-0.512,0.11,-0.15,-0.08
474127953000000,48841,-0.856,-0.026,-0.512,0.08,0.4,-0.23
474127968000000,48861,-0.856,-0.023,-0.523,0.42,0.15,0.03
474128000000000,48881,-0.858,-0.024,-0.512,-0.27,0.42,-0.19
474128015000000,48901,-0.856,-0.025,-0.514,0.02,-0.25,0.02
474128031000000,48921,-0.86,-0.022,-0.517,0.04,-0.1,-0.11
474128062000000,48941,-0.853,-0.026,-0.517,0.09,-0.12,0.17
474128078000000,48961,-0.861,-0.027,-0.517,-0.14,-0.03,-0.12
474128093000000,48981,-0.853,-0.025,-0.527,-0.22,-0.22,0.01
474128109000000,49001,-0.854,-0.024,-0.514,-0.13,-0.04,0.04
474128140000000,49021,-0.854,-0.025,-0.511,0.18,0.05,-0.02
474128156000000,49041,-0.858,-0.024,-0.521,0.04,0.03,0.02
474128171000000,49061,-0.854,-0.025,-0.514,0.22,-0.06,0.08
474128203000000,49081,-0.86,-0.026,-0.51,-0.08,-0.15,-0.21
474128218000000,49101,-0.863,-0.025,-0.52,-0.01,-0.2,0.01
474128234000000,49121,-0.854,-0.027,-0.51,0.28,-0.14,0.28
474128250000000,49141,-0.858,-0.026,-0.52,0.13,-0.05,-0.08
474128281000000,49161,-0.853,-0.025,-0.515,0.01,-0.27,0.03
474128296000000,49181,-0.855,-0.023,-0.518,0.15,-0.05,0.11
474128312000000,49201,-0.854,-0.025,-0.516,0.03,0.19,-0.02
474128328000000,49221,-0.853,-0.026,-0.52,0.03,-0.07,0.18
474128359000000,49241,-0.858,-0.024,-0.515,0.02,-0.28,0.08
474128375000000,49261,-0.856,-0.023,-0.517,-0.11,0.22,-0.18
474128390000000,49281,-0.855,-0.025,-0.511,0.02,-0.04,-0.15
474128421000000,49301,-0.856,-0.027,-0.518,0.13,-0.31,0.05
474128437000000,49321,-0.859,-0.028,-0.515,-0.04,0.16,0.01
474128453000000,49341,-0.859,-0.026,-0.512,0.16,-0.21,0.11
474128468000000,49361,-0.86,-0.022,-0.518,0.08,0.18,-0.15
474128500000000,49381,-0.863,-0.026,-0.521,-0.15,0.11,0.13
474128515000000,49401,-0.856,-0.025,-0.517,-0.1,0.49,-0.06
474128531000000,49421,-0.86,-0.026,-0.519,0.1,0.04,0.16
474128562000000,49441,-0.859,-0.025,-0.519,-0.04,-0.06,-0.03
474128578000000,49461,-0.859,-0.022,-0.509,-0.2,0.26,0.14
474128593000000,49481,-0.857,-0.024,-0.515,0.32,0.13,0.11
474128609000000,49501,-0.857,-0.021,-0.515,0.05,-0.42,0.29
474128640000000,49521,-0.855,-0.024,-0.513,-0.04,0.05,0.05
474128656000000,49541,-0.859,-0.027,-0.521,0.31,0.04,0.36
474128671000000,49561,-0.858,-0.025,-0.509,-0.11,0.11,0.01
474128687000000,49581,-0.854,-0.025,-0.517,-0.08,0.12,-0.06
474128718000000,49601,-0.857,-0.025,-0.51,-0.02,0.03,0.05
474128734000000,49621,-0.86,-0.026,-0.514,-0.03,0.05,-0.21
474128750000000,49641,-0.855,-0.026,-0.515,0.02,0.21,-0.24
474128781000000,49661,-0.855,-0.024,-0.51,-0.07,0.27,-0.0
474128796000000,49681,-0.858,-0.022,-0.525,0.13,0.39,0.06
474128812000000,49701,-0.86,-0.025,-0.512,0.01,-0.0,-0.04
474128828000000,49721,-0.856,-0.025,-0.522,-0.19,-0.08,-0.26
474128859000000,49741,-0.857,-0.024,-0.516,0.17,-0.19,-0.05
474128875000000,49761,-0.855,-0.027,-0.507,-0.04,-0.09,-0.15
474128890000000,49781,-0.856,-0.029,-0.507,-0.2,0.18,-0.15
474128921000000,49801,-0.859,-0.023,-0.513,0.32,-0.02,0.08
474128937000000,49821,-0.854,-0.022,-0.518,-0.07,0.14,0.3
474128953000000,49841,-0.857,-0.026,-0.52,0.05,0.15,0.24
474128968000000,49861,-0.853,-0.027,-0.514,0.18,-0.06,-0.05
474129000000000,49881,-0.853,-0.028,-0.503,-0.11,0.25,0.1
474129015000000,49901,-0.856,-0.024,-0.513,0.03,0.31,-0.06
474129031000000,49921,-0.86,-0.024,-0.514,0.02,0.01,-0.05
474129062000000,49941,-0.856,-0.021,-0.507,0.04,-0.13,0.11
474129078000000,49961,-0.859,-0.023,-0.512,0.39,-0.06,0.19
474129093000000,49981,-0.859,-0.023,-0.512,-0.23,0.22,0.14
474129109000000,50001,-0.858,-0.027,-0.506,0.12,0.23,0.26
474129140000000,50021,-0.856,-0.024,-0.511,0.29,0.06,0.07
474129156000000,50041,-0.855,-0.023,-0.52,-0.09,-0.06,0.13
474129171000000,50061,-0.856,-0.026,-0.515,0.11,0.01,0.05
474129187000000,50081,-0.857,-0.022,-0.511,0.12,0.04,-0.02
474129218000000,50101,-0.86,-0.026,-0.505,0.07,0.04,0.17
474129234000000,50121,-0.864,-0.026,-0.514,-0.01,-0.06,0.11
474129250000000,50141,-0.855,-0.027,-0.513,0.17,-0.06,-0.07
474129281000000,50161,-0.861,-0.024,-0.517,-0.04,-0.01,-0.0
474129296000000,50181,-0.861,-0.023,-0.516,0.18,0.03,-0.01
474129312000000,50201,-0.853,-0.027,-0.519,0.12,-0.12,-0.05
474129328000000,50221,-0.856,-0.028,-0.516,-0.07,-0.21,0.07
474129359000000,50241,-0.855,-0.025,-0.517,-0.15,-0.21,0.04
474129375000000,50261,-0.857,-0.027,-0.521,0.19,0.27,0.23
474129390000000,50281,-0.858,-0.024,-0.515,-0.05,-0.41,-0.11
474129421000000,50301,-0.856,-0.025,-0.512,0.22,-0.11,-0.04
474129437000000,50321,-0.852,-0.023,-0.512,-0.14,-0.05,-0.15
474129453000000,50341,-0.856,-0.025,-0.508,-0.03,-0.03,-0.05
474129468000000,50361,-0.858,-0.023,-0.516,-0.14,-0.1,0.01
474129500000000,50381,-0.86,-0.024,-0.519,-0.13,-0.12,-0.02
474129515000000,50401,-0.859,-0.023,-0.518,0.0,-0.04,-0.1
474129531000000,50421,-0.861,-0.022,-0.509,-0.05,-0.09,-0.03
474129546000000,50441,-0.857,-0.021,-0.509,0.09,0.15,0.25
474129578000000,50461,-0.855,-0.022,-0.513,0.15,0.25,-0.12
474129593000000,50481,-0.852,-0.025,-0.514,0.05,0.09,-0.0
474129609000000,50501,-0.86,-0.025,-0.511,-0.13,-0.02,-0.13
474129640000000,50521,-0.851,-0.024,-0.514,0.16,-0.2,-0.37
474129656000000,50541,-0.856,-0.024,-0.515,0.02,0.3,0.24
474129671000000,50561,-0.854,-0.031,-0.509,-0.01,0.04,0.03
474129687000000,50581,-0.853,-0.024,-0.516,-0.2,-0.09,0.17
474129718000000,50601,-0.853,-0.025,-0.513,-0.03,0.17,0.09
474129734000000,50621,-0.857,-0.022,-0.515,-0.06,0.03,-0.12
474129750000000,50641,-0.851,-0.027,-0.516,-0.04,-0.17,0.12
474129781000000,50661,-0.856,-0.023,-0.523,0.03,-0.0,0.05
474129796000000,50681,-0.857,-0.021,-0.514,-0.14,0.29,0.01
474129812000000,50701,-0.861,-0.028,-0.521,0.12,-0.27,0.22
474129828000000,50721,-0.855,-0.021,-0.516,0.06,0.01,0.06
474129859000000,50741,-0.857,-0.026,-0.511,-0.2,0.31,-0.04
474129875000000,50761,-0.856,-0.02,-0.513,0.04,-0.21,-0.04
474129890000000,50781,-0.858,-0.025,-0.512,-0.06,0.13,0.26
474129921000000,50801,-0.857,-0.02,-0.512,0.08,-0.09,0.04
474129937000000,50821,-0.858,-0.023,-0.518,0.03,0.15,0.04
474129953000000,50841,-0.855,-0.025,-0.517,0.16,0.11,0.17
474129968000000,50861,-0.856,-0.025,-0.515,0.05,0.06,0.14
474130000000000,50881,-0.852,-0.023,-0.511,-0.11,-0.06,-0.07
474130015000000,50901,-0.857,-0.025,-0.512,0.08,0.01,0.24
474130031000000,50921,-0.858,-0.023,-0.516,-0.15,-0.27,-0.05
474130062000000,50941,-0.856,-0.023,-0.516,-0.02,-0.02,0.09
474130078000000,50961,-0.86,-0.023,-0.515,-0.08,0.01,0.05
474130093000000,50981,-0.857,-0.027,-0.511,-0.04,-0.06,-0.13
474130109000000,51001,-0.855,-0.021,-0.508,0.08,0.17,-0.05
474130140000000,51021,-0.863,-0.024,-0.517,0.26,-0.08,0.05
474130156000000,51041,-0.856,-0.025,-0.515,0.22,-0.03,0.06
474130171000000,51061,-0.861,-0.023,-0.522,0.05,0.07,-0.12
474130187000000,51081,-0.858,-0.025,-0.515,-0.07,-0.08,-0.21
474130218000000,51101,-0.856,-0.026,-0.52,-0.06,-0.02,0.06
474130234000000,51121,-0.857,-0.024,-0.516,0.06,0.4,-0.08
474130250000000,51141,-0.853,-0.028,-0.515,-0.02,-0.21,-0.02
474130281000000,51161,-0.854,-0.027,-0.516,-0.27,-0.42,0.11
474130296000000,51181,-0.854,-0.027,-0.518,0.02,-0.12,-0.06
474130312000000,51201,-0.859,-0.024,-0.52,-0.09,0.13,-0.2
474130328000000,51221,-0.861,-0.024,-0.511,0.17,0.14,-0.28
474130359000000,51241,-0.856,-0.026,-0.515,0.22,-0.03,0.01
474130375000000,51261,-0.857,-0.022,-0.511,0.09,-0.21,-0.15
474130390000000,51281,-0.853,-0.027,-0.507,0.02,-0.29,0.2
474130421000000,51301,-0.86,-0.026,-0.512,-0.2,0.12,0.27
474130437000000,51321,-0.858,-0.027,-0.512,0.21,-0.06,-0.05
474130453000000,51341,-0.859,-0.026,-0.516,-0.16,0.07,0.03
474130468000000,51361,-0.859,-0.025,-0.523,0.02,-0.19,0.01
474130500000000,51381,-0.858,-0.025,-0.516,-0.07,0.02,0.03
474130515000000,51401,-0.855,-0.023,-0.513,-0.12,0.42,0.04
474130531000000,51421,-0.861,-0.022,-0.511,0.02,-0.05,-0.11
474130562000000,51441,-0.859,-0.026,-0.511,0.09,0.09,0.05
474130578000000,51461,-0.857,-0.027,-0.516,-0.07,-0.02,-0.02
474130593000000,51481,-0.856,-0.027,-0.515,0.03,0.15,-0.01
474130609000000,51501,-0.854,-0.023,-0.517,0.05,0.01,-0.06
474130640000000,51521,-0.855,-0.027,-0.518,0.18,-0.02,-0.03
474130656000000,51541,-0.855,-0.025,-0.516,-0.16,-0.09,-0.06
474130671000000,51561,-0.857,-0.027,-0.518,0.12,-0.03,0.08
474130687000000,51581,-0.858,-0.024,-0.521,-0.07,0.03,0.15
474130718000000,51601,-0.854,-0.024,-0.52,0.24,0.07,0.11
474130734000000,51621,-0.854,-0.025,-0.517,0.07,-0.12,0.12
474130750000000,51641,-0.857,-0.025,-0.509,0.22,-0.02,0.05
474130781000000,51661,-0.855,-0.024,-0.508,-0.01,0.07,-0.01
474130796000000,51681,-0.861,-0.024,-0.514,0.14,0.07,0.07
474130812000000,51701,-0.856,-0.024,-0.514,0.07,0.08,0.17
474130828000000,51721,-0.857,-0.029,-0.516,-0.22,-0.22,-0.02
474130859000000,51741,-0.856,-0.02,-0.517,0.18,-0.02,-0.05
474130875000000,51761,-0.858,-0.029,-0.517,0.02,-0.39,-0.01
474130890000000,51781,-0.859,-0.02,-0.519,-0.17,-0.05,0.06
474130921000000,51801,-0.857,-0.022,-0.515,-0.11,-0.35,0.18
474130937000000,51821,-0.854,-0.02,-0.511,0.05,0.36,0.02
474130953000000,51841,-0.853,-0.024,-0.518,0.11,0.29,0.02
474130968000000,51861,-0.852,-0.023,-0.511,-0.04,-0.09,0.33
474131000000000,51881,-0.86,-0.021,-0.518,0.27,0.25,0.02
474131015000000,51901,-0.854,-0.025,-0.513,0.12,-0.0,-0.21
474131031000000,51921,-0.855,-0.029,-0.522,0.05,-0.11,0.21
474131062000000,51941,-0.854,-0.02,-0.51,-0.24,0.01,0.14
474131078000000,51961,-0.853,-0.021,-0.516,0.2,-0.34,-0.01
474131093000000,51981,-0.853,-0.022,-0.514,0.05,-0.06,-0.15
474131109000000,52001,-0.856,-0.027,-0.512,-0.14,-0.07,0.11
474131140000000,52021,-0.856,-0.024,-0.52,0.22,0.29,0.27
474131156000000,52041,-0.86,-0.029,-0.518,-0.1,-0.16,0.18
474131171000000,52061,-0.854,-0.024,-0.516,-0.1,-0.04,-0.24
474131187000000,52081,-0.858,-0.02,-0.511,0.1,-0.11,0.03
474131218000000,52101,-0.856,-0.019,-0.513,-0.24,0.16,0.05
474131234000000,52121,-0.857,-0.024,-0.519,0.05,0.07,0.19
474131250000000,52141,-0.855,-0.027,-0.522,0.11,-0.02,0.13
474131281000000,52161,-0.861,-0.029,-0.517,0.06,0.2,0.14
474131296000000,52181,-0.857,-0.025,-0.521,0.31,-0.29,0.02
474131312000000,52201,-0.855,-0.024,-0.509,-0.1,0.34,0.12
474131328000000,52221,-0.854,-0.021,-0.508,-0.27,-0.35,0.36
474131359000000,52241,-0.858,-0.024,-0.511,0.16,-0.15,-0.02
474131375000000,52261,-0.851,-0.025,-0.518,0.28,-0.17,0.07
474131390000000,52281,-0.854,-0.024,-0.511,-0.13,0.41,0.21
474131421000000,52301,-0.856,-0.019,-0.523,0.09,0.01,-0.04
474131437000000,52321,-0.855,-0.024,-0.515,-0.06,-0.12,-0.05
474131453000000,52341,-0.858,-0.025,-0.522,0.02,0.14,0.03
474131468000000,52361,-0.856,-0.025,-0.514,-0.1,-0.25,0.09
474131500000000,52381,-0.857,-0.023,-0.513,-0.01,0.11,-0.02
474131515000000,52401,-0.856,-0.028,-0.517,0.17,0.08,0.17
474131531000000,52421,-0.857,-0.024,-0.515,-0.11,0.32,-0.12
474131546000000,52441,-0.862,-0.023,-0.514,-0.21,0.27,0.02
474131578000000,52461,-0.853,-0.025,-0.514,-0.02,-0.01,0.13
474131593000000,52481,-0.851,-0.024,-0.515,-0.01,-0.15,-0.02
474131609000000,52501,-0.858,-0.019,-0.512,-0.11,0.2,-0.05
474131640000000,52521,-0.856,-0.026,-0.513,0.09,0.1,0.19
474131656000000,52541,-0.859,-0.028,-0.516,-0.02,0.23,-0.05
474131671000000,52561,-0.858,-0.027,-0.516,-0.01,-0.31,0.15
474131687000000,52581,-0.856,-0.022,-0.519,0.13,0.03,0.13
474131718000000,52601,-0.855,-0.028,-0.523,-0.15,-0.03,-0.02
474131734000000,52621,-0.856,-0.024,-0.516,-0.19,-0.25,-0.08
474131750000000,52641,-0.854,-0.024,-0.524,-0.15,-0.18,-0.14
474131781000000,52661,-0.86,-0.025,-0.522,0.26,0.34,0.11
474131796000000,52681,-0.854,-0.025,-0.511,0.05,0.32,-0.05
474131812000000,52701,-0.861,-0.025,-0.513,0.0,-0.31,0.32
474131828000000,52721,-0.857,-0.024,-0.515,0.03,0.18,0.06
474131859000000,52741,-0.853,-0.027,-0.51,-0.07,0.4,-0.05
474131875000000,52761,-0.857,-0.025,-0.52,-0.05,0.32,-0.01
474131890000000,52781,-0.856,-0.024,-0.516,0.03,-0.25,-0.08
474131921000000,52801,-0.858,-0.029,-0.515,0.06,0.07,-0.09
474131937000000,52821,-0.854,-0.028,-0.511,-0.11,-0.03,0.03
474131953000000,52841,-0.856,-0.027,-0.514,0.19,-0.03,0.1
474131968000000,52861,-0.854,-0.022,-0.521,-0.03,-0.16,-0.32
474132000000000,52881,-0.854,-0.025,-0.518,0.06,-0.04,-0.02
474132015000000,52901,-0.858,-0.023,-0.512,-0.03,0.07,-0.12
474132031000000,52921,-0.854,-0.021,-0.514,0.02,-0.03,0.06
474132046000000,52941,-0.853,-0.029,-0.51,0.01,-0.07,0.05
474132078000000,52961,-0.849,-0.023,-0.523,0.25,0.03,-0.11
474132093000000,52981,-0.851,-0.022,-0.521,0.44,-0.41,0.19
474132109000000,53001,-0.857,-0.026,-0.513,-0.24,-0.11,0.1
474132140000000,53021,-0.856,-0.025,-0.517,0.06,-0.39,0.09
474132156000000,53041,-0.859,-0.021,-0.522,0.28,-0.48,-0.05
474132171000000,53061,-0.857,-0.024,-0.516,-0.36,0.59,0.16
474132187000000,53081,-0.86,-0.026,-0.509,0.05,0.24,0.13
474132218000000,53101,-0.86,-0.027,-0.509,-0.17,-0.02,0.05
474132234000000,53121,-0.854,-0.023,-0.522,0.05,-0.06,0.21
474132250000000,53141,-0.854,-0.024,-0.519,0.05,-0.23,-0.11
474132281000000,53161,-0.852,-0.027,-0.519,-0.12,-0.13,-0.1
474132296000000,53181,-0.855,-0.025,-0.516,0.13,0.33,0.2
474132312000000,53201,-0.859,-0.027,-0.518,0.09,-0.32,0.13
474132328000000,53221,-0.856,-0.021,-0.513,0.05,-0.07,-0.19
474132359000000,53241,-0.858,-0.024,-0.507,0.17,0.22,0.07
474132375000000,53261,-0.85,-0.026,-0.521,0.02,0.14,-0.16
474132390000000,53281,-0.86,-0.025,-0.52,-0.01,-0.08,0.04
474132421000000,53301,-0.855,-0.026,-0.51,0.09,-0.22,0.05
474132437000000,53321,-0.855,-0.027,-0.518,-0.18,-0.03,-0.05
474132453000000,53341,-0.858,-0.024,-0.523,0.04,0.03,0.04
474132468000000,53361,-0.852,-0.025,-0.519,0.03,0.09,-0.15
474132500000000,53381,-0.857,-0.022,-0.518,0.19,-0.09,-0.03
474132515000000,53401,-0.857,-0.027,-0.517,0.31,0.09,-0.0
474132531000000,53421,-0.854,-0.027,-0.508,0.19,0.18,0.03
474132546000000,53441,-0.858,-0.025,-0.512,0.04,0.12,0.13
474132578000000,53461,-0.857,-0.026,-0.515,0.08,-0.06,0.23
474132593000000,53481,-0.854,-0.025,-0.515,0.3,-0.12,0.05
474132609000000,53501,-0.857,-0.025,-0.518,0.07,-0.02,-0.0
474132640000000,53521,-0.853,-0.026,-0.515,0.11,-0.25,-0.01
474132656000000,53541,-0.856,-0.025,-0.515,-0.15,0.46,0.27
474132671000000,53561,-0.858,-0.025,-0.512,0.27,0.42,0.05
474132687000000,53581,-0.857,-0.026,-0.515,0.0,0.05,-0.14
474132718000000,53601,-0.857,-0.023,-0.516,0.11,-0.05,-0.12
474132734000000,53621,-0.857,-0.021,-0.516,0.09,-0.4,-0.12
474132750000000,53641,-0.859,-0.02,-0.515,-0.11,0.34,0.11
474132781000000,53661,-0.859,-0.023,-0.515,0.15,-0.14,-0.08
474132796000000,53681,-0.857,-0.021,-0.516,-0.03,0.01,-0.01
474132812000000,53701,-0.853,-0.024,-0.519,0.15,0.1,0.01
474132828000000,53721,-0.853,-0.025,-0.51,-0.21,0.07,0.1
474132859000000,53741,-0.861,-0.026,-0.516,-0.05,0.11,0.09
474132875000000,53761,-0.855,-0.03,-0.516,0.02,0.07,0.15
474132890000000,53781,-0.857,-0.025,-0.514,0.08,0.18,0.2
474132921000000,53801,-0.856,-0.023,-0.511,-0.16,0.15,0.14
474132937000000,53821,-0.86,-0.027,-0.517,-0.09,0.07,0.17
474132953000000,53841,-0.855,-0.024,-0.519,0.1,-0.19,-0.08
474132968000000,53861,-0.857,-0.026,-0.513,-0.31,0.4,-0.22
474133000000000,53881,-0.857,-0.022,-0.516,0.08,-0.09,0.16
474133015000000,53901,-0.858,-0.024,-0.517,-0.17,-0.06,-0.11
474133031000000,53921,-0.857,-0.026,-0.508,0.22,0.14,0.01
474133046000000,53941,-0.86,-0.024,-0.511,-0.18,0.21,0.11
474133078000000,53961,-0.856,-0.024,-0.517,0.27,-0.03,0.36
474133093000000,53981,-0.853,-0.025,-0.514,0.07,0.04,0.29
474133109000000,54001,-0.86,-0.022,-0.522,-0.12,-0.35,0.05
474133140000000,54021,-0.856,-0.02,-0.517,-0.14,-0.17,0.14
474133156000000,54041,-0.861,-0.023,-0.514,0.07,-0.12,-0.13
474133171000000,54061,-0.855,-0.023,-0.52,-0.13,0.08,0.14
474133187000000,54081,-0.854,-0.023,-0.513,-0.14,-0.09,-0.2
474133218000000,54101,-0.856,-0.027,-0.509,-0.14,-0.2,0.08
474133234000000,54121,-0.853,-0.022,-0.508,0.12,0.04,-0.01
474133250000000,54141,-0.855,-0.026,-0.515,0.22,0.2,0.13
474133281000000,54161,-0.855,-0.028,-0.511,-0.09,-0.22,0.05
474133296000000,54181,-0.852,-0.02,-0.522,0.02,0.26,0.11
474133312000000,54201,-0.855,-0.025,-0.516,-0.14,-0.06,0.11
474133328000000,54221,-0.853,-0.025,-0.514,-0.01,0.07,-0.26
474133359000000,54241,-0.854,-0.026,-0.519,0.29,-0.32,0.13
474133375000000,54261,-0.856,-0.029,-0.513,0.18,-0.17,0.05
474133390000000,54281,-0.853,-0.024,-0.519,-0.1,0.05,0.06
474133421000000,54301,-0.857,-0.024,-0.512,-0.11,-0.06,-0.12
474133437000000,54321,-0.857,-0.024,-0.503,0.12,-0.09,-0.05
474133453000000,54341,-0.858,-0.025,-0.513,0.07,-0.1,0.34
474133468000000,54361,-0.862,-0.027,-0.52,0.32,-0.08,-0.21
474133500000000,54381,-0.853,-0.023,-0.518,0.07,0.01,0.24
474133515000000,54401,-0.859,-0.022,-0.517,-0.13,0.06,0.03
474133531000000,54421,-0.856,-0.02,-0.518,-0.04,0.2,0.05
474133546000000,54441,-0.856,-0.025,-0.517,0.21,-0.02,0.05
474133578000000,54461,-0.858,-0.023,-0.52,0.25,-0.18,0.08
474133593000000,54481,-0.857,-0.023,-0.51,0.19,0.27,-0.06
474133609000000,54501,-0.857,-0.022,-0.517,0.09,-0.28,0.14
474133640000000,54521,-0.856,-0.025,-0.517,-0.11,-0.02,-0.18
474133656000000,54541,-0.859,-0.029,-0.52,0.11,0.12,0.01
474133671000000,54561,-0.854,-0.022,-0.509,-0.22,-0.11,0.11
474133687000000,54581,-0.854,-0.023,-0.515,0.05,-0.06,0.28
474133718000000,54601,-0.858,-0.023,-0.524,-0.32,-0.05,-0.06
474133734000000,54621,-0.853,-0.025,-0.509,0.02,0.18,-0.26
474133750000000,54641,-0.859,-0.028,-0.516,-0.07,-0.37,0.05
474133781000000,54661,-0.859,-0.023,-0.515,0.08,0.13,0.04
474133796000000,54681,-0.859,-0.023,-0.514,0.15,-0.1,-0.18
474133812000000,54701,-0.856,-0.026,-0.517,0.02,-0.04,-0.06
474133828000000,54721,-0.852,-0.022,-0.519,0.31,-0.01,-0.0
474133859000000,54741,-0.854,-0.025,-0.513,0.05,0.1,0.02
474133875000000,54761,-0.855,-0.025,-0.516,0.15,-0.0,-0.08
474133890000000,54781,-0.856,-0.025,-0.512,0.37,-0.06,0.35
474133921000000,54801,-0.86,-0.03,-0.508,0.25,-0.04,0.05
474133937000000,54821,-0.855,-0.023,-0.512,-0.07,0.14,-0.08
474133953000000,54841,-0.855,-0.021,-0.514,0.05,0.07,-0.03
474133968000000,54861,-0.86,-0.023,-0.518,0.22,0.17,-0.27
474134000000000,54881,-0.858,-0.026,-0.517,0.1,0.11,-0.05
474134015000000,54901,-0.859,-0.025,-0.518,0.02,0.13,-0.09
474134031000000,54921,-0.855,-0.023,-0.517,0.1,0.19,-0.08
474134046000000,54941,-0.854,-0.028,-0.516,0.25,-0.45,0.04
474134078000000,54961,-0.853,-0.03,-0.515,-0.09,-0.07,0.22
474134093000000,54981,-0.857,-0.024,-0.513,0.25,-0.08,0.21
474134109000000,55001,-0.852,-0.024,-0.519,0.08,-0.38,-0.03
474134140000000,55021,-0.858,-0.023,-0.52,0.05,-0.59,0.08
474134156000000,55041,-0.854,-0.024,-0.514,0.05,-0.44,-0.12
474134171000000,55061,-0.861,-0.023,-0.516,0.24,-0.12,0.24
474134187000000,55081,-0.857,-0.025,-0.516,-0.08,0.08,-0.07
474134218000000,55101,-0.858,-0.028,-0.518,-0.16,0.01,-0.15
474134234000000,55121,-0.857,-0.026,-0.515,-0.04,0.18,-0.23
474134250000000,55141,-0.855,-0.024,-0.513,-0.27,-0.18,0.04
474134281000000,55161,-0.853,-0.022,-0.519,-0.02,0.17,0.3
474134296000000,55181,-0.857,-0.024,-0.517,0.21,-0.12,0.01
474134312000000,55201,-0.854,-0.025,-0.516,-0.08,0.04,0.02
474134328000000,55221,-0.854,-0.02,-0.519,0.07,0.23,0.05
474134359000000,55241,-0.855,-0.022,-0.518,0.12,-0.15,0.09
474134375000000,55261,-0.852,-0.024,-0.515,0.05,-0.07,-0.17
474134390000000,55281,-0.858,-0.021,-0.516,0.12,0.14,-0.21
474134421000000,55301,-0.859,-0.022,-0.512,0.22,-0.13,-0.2
474134437000000,55321,-0.857,-0.027,-0.516,-0.01,-0.16,0.33
474134453000000,55341,-0.855,-0.025,-0.514,-0.2,0.07,0.05
474134468000000,55361,-0.859,-0.025,-0.514,-0.04,-0.18,-0.09
474134500000000,55381,-0.859,-0.025,-0.517,-0.05,0.03,-0.02
474134515000000,55401,-0.856,-0.026,-0.506,-0.16,-0.09,-0.13
474134531000000,55421,-0.856,-0.025,-0.517,0.07,-0.03,-0.08
474134546000000,55441,-0.861,-0.024,-0.517,-0.08,-0.2,-0.01
474134578000000,55461,-0.854,-0.027,-0.518,0.08,-0.35,0.02
474134593000000,55481,-0.856,-0.024,-0.518,-0.2,0.02,0.01
474134609000000,55501,-0.855,-0.025,-0.517,0.17,-0.13,-0.2
474134640000000,55521,-0.852,-0.021,-0.514,-0.04,-0.0,0.08
474134656000000,55541,-0.854,-0.028,-0.509,0.29,-0.09,0.07
474134671000000,55561,-0.861,-0.023,-0.521,0.12,-0.22,-0.18
474134687000000,55581,-0.857,-0.024,-0.511,0.22,-0.23,0.07
474134718000000,55601,-0.857,-0.027,-0.518,-0.08,-0.05,0.27
474134734000000,55621,-0.853,-0.023,-0.508,-0.05,0.13,-0.12
474134750000000,55641,-0.858,-0.026,-0.518,0.09,0.17,-0.18
474134781000000,55661,-0.858,-0.019,-0.515,0.09,-0.14,0.17
474134796000000,55681,-0.861,-0.025,-0.513,0.02,0.28,-0.04
474134812000000,55701,-0.86,-0.022,-0.515,0.08,-0.31,0.01
474134828000000,55721,-0.855,-0.021,-0.518,0.13,0.3,0.27
474134859000000,55741,-0.857,-0.023,-0.516,0.16,-0.06,0.02
474134875000000,55761,-0.858,-0.024,-0.516,0.0,-0.05,-0.01
474134890000000,55781,-0.855,-0.024,-0.512,0.03,-0.11,0.08
474134921000000,55801,-0.858,-0.022,-0.52,-0.27,0.12,0.11
474134937000000,55821,-0.856,-0.021,-0.511,0.13,-0.1,-0.08
474134953000000,55841,-0.858,-0.022,-0.511,0.15,-0.06,-0.16
474134968000000,55861,-0.857,-0.026,-0.517,-0.27,0.16,0.24
474135000000000,55881,-0.856,-0.029,-0.519,-0.1,-0.26,-0.0
474135015000000,55901,-0.855,-0.024,-0.509,-0.01,-0.09,0.07
474135031000000,55921,-0.852,-0.028,-0.512,0.0,0.07,-0.06
474135046000000,55941,-0.853,-0.026,-0.516,0.27,-0.24,0.01
474135078000000,55961,-0.856,-0.026,-0.516,0.13,-0.06,-0.01
474135093000000,55981,-0.859,-0.022,-0.514,-0.04,-0.03,-0.0
474135109000000,56001,-0.854,-0.028,-0.519,-0.04,-0.02,-0.09
474135140000000,56021,-0.852,-0.025,-0.518,-0.01,0.07,0.2
474135156000000,56041,-0.857,-0.024,-0.52,-0.17,-0.46,-0.35
474135171000000,56061,-0.853,-0.024,-0.515,0.23,0.25,0.14
474135187000000,56081,-0.857,-0.023,-0.516,-0.04,0.17,-0.1
474135218000000,56101,-0.853,-0.026,-0.516,-0.06,-0.16,0.06
474135234000000,56121,-0.858,-0.022,-0.522,-0.11,0.33,0.05
474135250000000,56141,-0.857,-0.027,-0.519,0.1,0.04,0.06
474135281000000,56161,-0.857,-0.024,-0.515,-0.3,0.04,-0.01
474135296000000,56181,-0.854,-0.023,-0.51,0.05,0.15,-0.05
474135312000000,56201,-0.852,-0.025,-0.516,0.02,0.17,0.13
474135328000000,56221,-0.854,-0.021,-0.517,0.22,0.04,0.11
474135359000000,56241,-0.856,-0.024,-0.516,0.05,-0.05,-0.07
474135375000000,56261,-0.853,-0.023,-0.515,0.24,-0.17,-0.12
474135390000000,56281,-0.859,-0.025,-0.511,0.18,0.05,-0.05
474135421000000,56301,-0.853,-0.02,-0.518,-0.22,0.05,0.25
474135437000000,56321,-0.856,-0.024,-0.517,0.02,-0.06,-0.07
474135453000000,56341,-0.858,-0.024,-0.517,-0.23,0.09,-0.07
474135468000000,56361,-0.856,-0.027,-0.511,0.05,0.11,0.08
474135500000000,56381,-0.853,-0.023,-0.519,-0.14,-0.26,0.04
474135515000000,56401,-0.856,-0.026,-0.516,0.21,0.19,0.22
474135531000000,56421,-0.858,-0.019,-0.516,0.13,-0.16,-0.07
474135546000000,56441,-0.855,-0.027,-0.517,-0.04,-0.03,0.24
474135578000000,56461,-0.856,-0.022,-0.508,-0.11,0.41,0.06
474135593000000,56481,-0.854,-0.022,-0.511,-0.25,0.04,-0.03
474135609000000,56501,-0.857,-0.023,-0.518,-0.11,0.07,-0.13
474135640000000,56521,-0.86,-0.023,-0.512,-0.04,0.01,-0.05
474135656000000,56541,-0.86,-0.02,-0.519,-0.09,-0.05,-0.02
474135671000000,56561,-0.856,-0.025,-0.519,0.21,-0.14,-0.02
474135687000000,56581,-0.856,-0.023,-0.52,-0.02,-0.34,0.14
474135718000000,56601,-0.856,-0.028,-0.513,-0.01,-0.05,-0.19
474135734000000,56621,-0.858,-0.024,-0.512,0.05,-0.0,0.11
474135750000000,56641,-0.856,-0.023,-0.51,0.35,0.01,0.05
474135781000000,56661,-0.854,-0.028,-0.519,0.11,-0.05,-0.15
474135796000000,56681,-0.856,-0.029,-0.513,0.22,-0.11,-0.18
474135812000000,56701,-0.856,-0.024,-0.514,0.12,-0.03,-0.15
474135828000000,56721,-0.858,-0.023,-0.514,-0.09,0.07,0.02
474135859000000,56741,-0.859,-0.024,-0.513,-0.2,0.33,0.25
474135875000000,56761,-0.854,-0.024,-0.519,0.15,-0.18,0.11
474135890000000,56781,-0.861,-0.025,-0.51,-0.05,0.13,0.01
474135921000000,56801,-0.856,-0.024,-0.52,0.22,-0.42,-0.02
474135937000000,56821,-0.855,-0.028,-0.516,0.0,-0.45,0.34
474135953000000,56841,-0.854,-0.024,-0.517,-0.09,-0.0,0.4
474135968000000,56861,-0.851,-0.022,-0.51,0.14,0.03,-0.01
474136000000000,56881,-0.858,-0.018,-0.521,-0.08,0.03,0.03
474136015000000,56901,-0.857,-0.027,-0.51,-0.17,-0.01,0.24
474136031000000,56921,-0.858,-0.025,-0.511,0.26,0.46,-0.34
474136046000000,56941,-0.856,-0.024,-0.516,0.28,0.1,0.11
474136078000000,56961,-0.853,-0.026,-0.52,0.2,0.09,0.32
474136093000000,56981,-0.86,-0.029,-0.515,-0.3,0.14,0.06
474136109000000,57001,-0.857,-0.023,-0.52,0.0,-0.13,0.23
474136140000000,57021,-0.863,-0.021,-0.515,0.03,-0.03,-0.35
474136156000000,57041,-0.856,-0.025,-0.515,0.12,0.08,0.07
474136171000000,57061,-0.857,-0.026,-0.513,-0.03,-0.03,-0.12
474136187000000,57081,-0.859,-0.028,-0.517,0.12,0.45,0.07
474136218000000,57101,-0.857,-0.025,-0.508,-0.01,0.22,-0.02
474136234000000,57121,-0.855,-0.026,-0.516,-0.07,0.28,0.06
474136250000000,57141,-0.853,-0.028,-0.527,0.06,0.07,0.3
474136281000000,57161,-0.858,-0.022,-0.512,0.18,-0.6,-0.18
474136296000000,57181,-0.857,-0.021,-0.515,0.15,0.13,-0.23
474136312000000,57201,-0.859,-0.024,-0.52,0.01,-0.09,-0.02
474136328000000,57221,-0.86,-0.025,-0.513,-0.08,-0.28,0.24
474136359000000,57241,-0.859,-0.026,-0.519,0.05,-0.19,0.01
474136375000000,57261,-0.858,-0.025,-0.517,-0.38,0.04,0.2
474136390000000,57281,-0.855,-0.024,-0.516,0.29,0.25,-0.15
474136421000000,57301,-0.858,-0.024,-0.515,-0.08,-0.76,-0.22
474136437000000,57321,-0.856,-0.021,-0.52,0.06,0.04,-0.21
474136453000000,57341,-0.856,-0.022,-0.518,0.13,-0.12,-0.03
474136468000000,57361,-0.854,-0.02,-0.519,0.24,-0.11,0.27
474136500000000,57381,-0.858,-0.021,-0.519,-0.02,-0.13,0.1
474136515000000,57401,-0.854,-0.021,-0.514,-0.13,-0.19,-0.2
474136531000000,57421,-0.855,-0.025,-0.509,0.02,0.32,-0.18
474136562000000,57441,-0.856,-0.022,-0.516,0.16,-0.19,0.05
474136578000000,57461,-0.855,-0.022,-0.515,-0.15,-0.39,-0.01
474136593000000,57481,-0.856,-0.025,-0.515,-0.31,0.23,-0.03
474136609000000,57501,-0.857,-0.024,-0.516,-0.01,-0.18,-0.1
474136640000000,57521,-0.854,-0.021,-0.512,-0.03,0.17,-0.04
474136656000000,57541,-0.857,-0.024,-0.515,-0.02,0.03,-0.17
474136671000000,57561,-0.856,-0.028,-0.51,0.24,-0.48,0.02
474136687000000,57581,-0.856,-0.023,-0.514,0.09,-0.02,0.02
474136718000000,57601,-0.853,-0.026,-0.514,-0.11,0.2,0.28
474136734000000,57621,-0.853,-0.026,-0.519,0.24,-0.01,0.28
474136750000000,57641,-0.855,-0.026,-0.512,0.14,0.14,0.02
474136781000000,57661,-0.852,-0.024,-0.516,-0.15,-0.05,-0.17
474136796000000,57681,-0.858,-0.02,-0.518,-0.1,-0.03,0.05
474136812000000,57701,-0.856,-0.025,-0.515,0.04,0.28,-0.37
474136828000000,57721,-0.854,-0.026,-0.51,0.1,0.27,-0.0
474136859000000,57741,-0.856,-0.027,-0.519,0.02,0.04,0.03
474136875000000,57761,-0.856,-0.02,-0.515,0.0,0.2,-0.1
474136890000000,57781,-0.858,-0.024,-0.515,-0.11,-0.15,0.08
474136921000000,57801,-0.858,-0.025,-0.51,0.05,-0.12,-0.05
474136937000000,57821,-0.854,-0.023,-0.512,0.21,-0.18,-0.06
474136953000000,57841,-0.857,-0.025,-0.508,-0.17,-0.05,-0.0
474136968000000,57861,-0.858,-0.021,-0.513,-0.03,0.11,0.17
474137000000000,57881,-0.856,-0.022,-0.515,-0.23,0.05,-0.02
474137015000000,57901,-0.856,-0.022,-0.521,-0.11,0.18,-0.02
474137031000000,57921,-0.854,-0.023,-0.519,-0.11,-0.12,-0.18
474137062000000,57941,-0.858,-0.026,-0.51,-0.12,-0.57,0.05
474137078000000,57961,-0.856,-0.022,-0.521,-0.04,-0.29,0.03
474137093000000,57981,-0.858,-0.021,-0.522,-0.12,-0.32,0.01
474137109000000,58001,-0.857,-0.025,-0.512,-0.07,-0.21,0.2
474137140000000,58021,-0.859,-0.028,-0.52,0.15,0.03,0.03
474137156000000,58041,-0.853,-0.027,-0.519,0.06,-0.08,-0.36
474137171000000,58061,-0.855,-0.025,-0.508,0.12,0.49,0.2
474137187000000,58081,-0.856,-0.025,-0.516,0.06,0.27,0.01
474137218000000,58101,-0.859,-0.022,-0.516,0.27,0.28,0.21
474137234000000,58121,-0.853,-0.026,-0.524,-0.27,-0.52,0.01
474137250000000,58141,-0.857,-0.023,-0.513,-0.04,0.1,-0.08
474137281000000,58161,-0.856,-0.029,-0.513,0.15,-0.29,-0.27
474137296000000,58181,-0.856,-0.024,-0.512,0.2,0.64,0.14
474137312000000,58201,-0.86,-0.029,-0.516,0.07,-0.31,0.15
474137328000000,58221,-0.855,-0.027,-0.515,0.1,-0.14,0.11
474137359000000,58241,-0.856,-0.026,-0.519,-0.23,-0.3,-0.27
474137375000000,58261,-0.855,-0.024,-0.516,-0.17,-0.31,0.04
474137390000000,58281,-0.858,-0.027,-0.513,0.09,-0.2,0.13
474137421000000,58301,-0.856,-0.022,-0.519,-0.06,0.04,-0.25
474137437000000,58321,-0.857,-0.021,-0.512,-0.01,-0.08,0.11
474137453000000,58341,-0.854,-0.023,-0.513,-0.21,-0.09,-0.28
474137468000000,58361,-0.856,-0.023,-0.512,-0.01,0.07,0.11
474137500000000,58381,-0.857,-0.026,-0.512,0.04,0.27,0.21
474137515000000,58401,-0.858,-0.025,-0.52,-0.08,0.29,-0.06
474137531000000,58421,-0.854,-0.025,-0.517,-0.18,0.44,0.28
474137546000000,58441,-0.855,-0.025,-0.516,0.09,-0.39,0.06
474137578000000,58461,-0.855,-0.025,-0.522,-0.07,-0.4,0.4
474137593000000,58481,-0.857,-0.025,-0.522,-0.08,-0.02,-0.06
474137609000000,58501,-0.851,-0.03,-0.511,-0.03,0.27,0.16
474137640000000,58521,-0.853,-0.024,-0.515,-0.04,-0.12,0.22
474137656000000,58541,-0.856,-0.024,-0.525,0.07,0.05,0.24
474137671000000,58561,-0.854,-0.024,-0.519,-0.2,0.33,-0.12
474137687000000,58581,-0.854,-0.024,-0.517,0.17,0.45,0.12
474137718000000,58601,-0.859,-0.026,-0.515,-0.14,0.03,-0.04
474137734000000,58621,-0.856,-0.021,-0.518,0.25,0.46,-0.12
474137750000000,58641,-0.859,-0.024,-0.519,0.18,0.14,-0.22
474137781000000,58661,-0.852,-0.03,-0.516,-0.01,0.07,0.12
474137796000000,58681,-0.856,-0.023,-0.526,0.15,0.41,-0.08
474137812000000,58701,-0.858,-0.025,-0.518,0.01,-0.04,-0.12
474137828000000,58721,-0.857,-0.023,-0.517,-0.06,-0.12,0.2
474137859000000,58741,-0.859,-0.021,-0.512,0.04,-0.34,0.02
474137875000000,58761,-0.854,-0.025,-0.51,0.13,0.25,0.07
474137890000000,58781,-0.861,-0.023,-0.516,0.34,0.24,-0.25
474137921000000,58801,-0.859,-0.025,-0.516,0.09,-0.12,0.14
474137937000000,58821,-0.859,-0.022,-0.519,-0.07,0.11,-0.21
474137953000000,58841,-0.859,-0.025,-0.518,0.02,0.01,0.05
474137968000000,58861,-0.851,-0.024,-0.511,-0.08,0.07,-0.18
474138000000000,58881,-0.856,-0.024,-0.512,0.02,-0.32,-0.0
474138015000000,58901,-0.853,-0.023,-0.513,-0.2,0.03,-0.05
474138031000000,58921,-0.859,-0.021,-0.516,0.18,-0.1,0.03
474138062000000,58941,-0.854,-0.025,-0.515,-0.06,0.15,0.3
474138078000000,58961,-0.86,-0.025,-0.513,-0.07,0.22,0.11
474138093000000,58981,-0.86,-0.026,-0.516,-0.01,0.09,-0.21
474138109000000,59001,-0.855,-0.023,-0.514,-0.17,0.15,0.24
474138140000000,59021,-0.858,-0.026,-0.512,-0.13,0.15,0.01
474138156000000,59041,-0.853,-0.027,-0.514,-0.24,-0.12,0.16
474138171000000,59061,-0.857,-0.026,-0.512,-0.09,0.15,0.05
474138187000000,59081,-0.861,-0.022,-0.518,-0.12,-0.28,0.01
474138218000000,59101,-0.858,-0.021,-0.519,-0.02,-0.25,0.07
474138234000000,59121,-0.856,-0.026,-0.51,-0.05,0.07,-0.02
474138250000000,59141,-0.856,-0.022,-0.517,-0.06,-0.07,0.25
474138281000000,59161,-0.857,-0.023,-0.515,0.12,-0.08,0.1
474138296000000,59181,-0.859,-0.024,-0.52,0.1,0.31,-0.1
474138312000000,59201,-0.856,-0.023,-0.512,-0.09,-0.0,0.01
474138328000000,59221,-0.858,-0.026,-0.513,-0.01,0.22,-0.08
474138359000000,59241,-0.859,-0.023,-0.515,0.0,-0.13,-0.07
474138375000000,59261,-0.856,-0.025,-0.516,0.18,0.11,-0.05
474138390000000,59281,-0.851,-0.025,-0.514,0.0,-0.31,0.08
474138421000000,59301,-0.856,-0.025,-0.512,0.11,-0.09,0.06
474138437000000,59321,-0.859,-0.024,-0.514,-0.01,-0.15,0.25
474138453000000,59341,-0.856,-0.026,-0.518,0.25,-0.17,0.17
474138468000000,59361,-0.86,-0.024,-0.509,0.11,0.05,0.21
474138500000000,59381,-0.858,-0.023,-0.521,-0.01,0.01,-0.0
474138515000000,59401,-0.856,-0.024,-0.519,-0.02,0.27,-0.34
474138531000000,59421,-0.85,-0.025,-0.516,0.24,0.16,-0.13
474138546000000,59441,-0.856,-0.023,-0.514,0.01,0.21,-0.1
474138578000000,59461,-0.857,-0.027,-0.518,-0.01,-0.09,0.24
474138593000000,59481,-0.858,-0.021,-0.512,-0.11,-0.35,-0.15
474138609000000,59501,-0.854,-0.027,-0.513,0.08,-0.09,0.05
474138640000000,59521,-0.857,-0.025,-0.521,0.02,0.12,0.16
474138656000000,59541,-0.854,-0.023,-0.517,-0.15,0.01,-0.05
474138671000000,59561,-0.855,-0.025,-0.511,0.21,0.08,-0.05
474138687000000,59581,-0.852,-0.026,-0.519,0.06,0.01,0.01
474138718000000,59601,-0.858,-0.028,-0.518,0.04,-0.12,0.03
474138734000000,59621,-0.861,-0.027,-0.514,0.15,0.13,-0.06
474138750000000,59641,-0.854,-0.028,-0.516,0.15,-0.02,0.06
474138781000000,59661,-0.858,-0.02,-0.517,0.15,-0.34,0.02
474138796000000,59681,-0.859,-0.02,-0.515,-0.04,-0.03,-0.3
474138812000000,59701,-0.855,-0.025,-0.506,0.24,0.11,0.1
474138828000000,59721,-0.857,-0.026,-0.521,-0.01,0.19,0.08
474138859000000,59741,-0.856,-0.025,-0.515,0.09,-0.06,-0.02
474138875000000,59761,-0.857,-0.026,-0.509,0.21,0.15,0.09
474138890000000,59781,-0.859,-0.021,-0.518,0.06,0.09,0.06
474138921000000,59801,-0.855,-0.029,-0.515,-0.01,0.04,-0.1
474138937000000,59821,-0.852,-0.021,-0.512,0.02,-0.08,0.13
474138953000000,59841,-0.859,-0.028,-0.512,-0.36,0.2,-0.17
474138968000000,59861,-0.856,-0.024,-0.511,-0.07,0.17,-0.09
474139000000000,59881,-0.856,-0.029,-0.513,-0.11,-0.02,0.21
474139015000000,59901,-0.853,-0.025,-0.518,-0.01,0.02,0.18
474139031000000,59921,-0.861,-0.023,-0.517,-0.02,0.27,-0.04
474139046000000,59941,-0.858,-0.023,-0.516,0.2,0.33,0.02
474139078000000,59961,-0.855,-0.024,-0.512,0.16,-0.33,-0.16
474139093000000,59981,-0.858,-0.025,-0.524,-0.12,-0.04,0.19
474139109000000,60001,-0.861,-0.024,-0.519,0.13,0.04,0.02
474139140000000,60021,-0.856,-0.027,-0.514,0.23,-0.25,0.12
474139156000000,60041,-0.856,-0.024,-0.522,-0.11,0.33,-0.0
474139171000000,60061,-0.858,-0.027,-0.515,-0.13,0.12,0.31
474139187000000,60081,-0.857,-0.023,-0.516,-0.33,0.09,0.08
474139218000000,60101,-0.859,-0.026,-0.516,0.05,-0.06,0.23
474139234000000,60121,-0.858,-0.024,-0.518,0.23,-0.28,0.09
474139250000000,60141,-0.856,-0.026,-0.521,0.28,-0.16,0.12
474139281000000,60161,-0.858,-0.026,-0.52,-0.31,0.05,0.21
474139296000000,60181,-0.859,-0.028,-0.513,-0.07,-0.21,0.11
474139312000000,60201,-0.855,-0.023,-0.516,-0.04,0.02,0.05
474139328000000,60221,-0.855,-0.026,-0.514,0.1,-0.15,0.05
474139359000000,60241,-0.86,-0.024,-0.508,-0.28,-0.04,0.01
474139375000000,60261,-0.859,-0.024,-0.511,-0.01,-0.24,-0.34
474139390000000,60281,-0.858,-0.025,-0.515,0.15,-0.22,-0.05
474139421000000,60301,-0.86,-0.023,-0.508,-0.17,-0.12,-0.2
474139437000000,60321,-0.857,-0.02,-0.512,0.09,-0.29,0.17
474139453000000,60341,-0.852,-0.025,-0.511,0.06,-0.09,0.17
474139468000000,60361,-0.858,-0.023,-0.517,0.12,-0.01,0.14
474139500000000,60381,-0.855,-0.023,-0.513,0.12,0.04,-0.1
474139515000000,60401,-0.854,-0.023,-0.513,0.32,0.17,0.09
474139531000000,60421,-0.857,-0.024,-0.522,0.08,-0.29,-0.05
474139546000000,60441,-0.86,-0.023,-0.517,0.12,0.26,0.14
474139578000000,60461,-0.856,-0.024,-0.511,-0.19,-0.13,-0.27
474139593000000,60481,-0.856,-0.025,-0.518,0.09,-0.08,-0.15
474139609000000,60501,-0.86,-0.026,-0.514,-0.21,-0.12,0.22
474139640000000,60521,-0.855,-0.021,-0.516,-0.22,0.04,-0.02
474139656000000,60541,-0.858,-0.024,-0.515,-0.11,0.02,-0.0
474139671000000,60561,-0.855,-0.02,-0.514,-0.08,-0.07,0.14
474139687000000,60581,-0.852,-0.025,-0.511,0.09,-0.08,0.07
474139718000000,60601,-0.859,-0.024,-0.514,0.1,-0.08,0.14
474139734000000,60621,-0.857,-0.024,-0.519,0.12,-0.23,0.13
474139750000000,60641,-0.855,-0.025,-0.513,0.15,0.09,0.26
474139781000000,60661,-0.857,-0.023,-0.521,0.31,-0.39,0.14
474139796000000,60681,-0.857,-0.024,-0.52,-0.01,-0.29,-0.08
474139812000000,60701,-0.86,-0.025,-0.518,0.38,-0.23,-0.11
474139828000000,60721,-0.857,-0.025,-0.518,-0.04,0.01,0.21
474139859000000,60741,-0.855,-0.024,-0.513,0.02,0.15,0.06
474139875000000,60761,-0.857,-0.024,-0.512,0.16,0.2,-0.02
474139890000000,60781,-0.853,-0.022,-0.512,-0.04,0.43,0.01
474139921000000,60801,-0.856,-0.026,-0.517,0.07,-0.03,0.17
474139937000000,60821,-0.857,-0.024,-0.511,-0.07,-0.02,0.19
474139953000000,60841,-0.856,-0.027,-0.522,-0.16,0.01,0.16
474139968000000,60861,-0.857,-0.025,-0.504,0.25,-0.01,0.27
474140000000000,60881,-0.857,-0.023,-0.519,0.07,-0.03,0.2
474140015000000,60901,-0.851,-0.025,-0.518,-0.24,-0.38,0.12
474140031000000,60921,-0.856,-0.026,-0.511,0.17,0.16,-0.19
474140062000000,60941,-0.857,-0.028,-0.518,0.12,-0.01,0.12
474140078000000,60961,-0.859,-0.025,-0.506,0.04,-0.12,-0.04
474140093000000,60981,-0.857,-0.022,-0.516,0.05,0.23,0.11
474140109000000,61001,-0.857,-0.026,-0.516,0.2,0.04,-0.08
474140140000000,61021,-0.857,-0.025,-0.509,0.05,0.2,-0.18
474140156000000,61041,-0.859,-0.023,-0.521,-0.3,0.24,-0.07
474140171000000,61061,-0.856,-0.024,-0.515,-0.04,-0.14,0.03
474140187000000,61081,-0.858,-0.02,-0.516,-0.02,-0.22,0.33
474140218000000,61101,-0.855,-0.025,-0.511,0.09,0.04,-0.0
474140234000000,61121,-0.852,-0.025,-0.513,-0.13,-0.02,0.17
474140250000000,61141,-0.859,-0.025,-0.512,-0.1,-0.03,-0.06
474140281000000,61161,-0.855,-0.023,-0.515,0.18,-0.15,0.08
474140296000000,61181,-0.853,-0.024,-0.511,0.31,-0.03,0.13
474140312000000,61201,-0.856,-0.026,-0.517,0.09,-0.27,0.34
474140328000000,61221,-0.856,-0.025,-0.518,0.02,0.12,0.21
474140359000000,61241,-0.855,-0.027,-0.518,-0.08,0.07,0.2
474140375000000,61261,-0.858,-0.028,-0.515,-0.21,0.12,-0.11
474140390000000,61281,-0.859,-0.026,-0.517,0.06,-0.03,0.04
474140421000000,61301,-0.858,-0.025,-0.519,0.17,-0.29,0.04
474140437000000,61321,-0.861,-0.023,-0.515,-0.14,0.05,-0.1
474140453000000,61341,-0.858,-0.026,-0.516,-0.05,0.01,-0.09
474140468000000,61361,-0.864,-0.025,-0.514,-0.04,0.01,0.08
474140500000000,61381,-0.857,-0.025,-0.521,0.0,-0.33,0.06
474140515000000,61401,-0.861,-0.028,-0.512,0.01,0.09,-0.04
474140531000000,61421,-0.859,-0.022,-0.515,-0.26,0.15,0.08
474140546000000,61441,-0.854,-0.025,-0.518,0.22,-0.1,0.11
474140578000000,61461,-0.854,-0.02,-0.516,-0.12,0.23,-0.02
474140593000000,61481,-0.856,-0.022,-0.519,-0.04,0.01,0.03
474140609000000,61501,-0.856,-0.026,-0.524,-0.01,0.04,-0.1
474140640000000,61521,-0.855,-0.025,-0.516,-0.04,-0.08,-0.05
474140656000000,61541,-0.856,-0.026,-0.514,0.08,0.04,-0.16
474140671000000,61561,-0.857,-0.025,-0.508,0.16,0.06,0.12
474140687000000,61581,-0.857,-0.023,-0.515,0.12,-0.22,0.27
474140718000000,61601,-0.854,-0.024,-0.515,-0.27,-0.21,-0.07
474140734000000,61621,-0.856,-0.025,-0.517,0.04,-0.12,0.21
474140750000000,61641,-0.855,-0.028,-0.52,0.07,-0.03,0.05
474140781000000,61661,-0.858,-0.028,-0.518,0.05,0.22,0.04
474140796000000,61681,-0.854,-0.023,-0.517,-0.07,0.04,0.16
474140812000000,61701,-0.856,-0.023,-0.511,-0.05,0.08,0.14
474140828000000,61721,-0.855,-0.022,-0.512,-0.11,-0.17,0.07
474140859000000,61741,-0.861,-0.023,-0.51,-0.04,0.16,-0.09
474140875000000,61761,-0.858,-0.023,-0.521,0.21,0.23,0.26
474140890000000,61781,-0.858,-0.027,-0.52,0.34,0.11,0.05
474140921000000,61801,-0.856,-0.024,-0.512,-0.42,-0.22,0.01
474140937000000,61821,-0.854,-0.025,-0.521,0.12,-0.21,-0.06
474140953000000,61841,-0.856,-0.026,-0.518,0.14,0.14,0.03
474140968000000,61861,-0.857,-0.028,-0.514,-0.02,0.17,0.08
474141000000000,61881,-0.857,-0.025,-0.516,-0.04,0.01,0.01
474141015000000,61901,-0.855,-0.021,-0.516,0.17,-0.11,-0.02
474141031000000,61921,-0.857,-0.022,-0.516,0.02,-0.16,0.2
474141062000000,61941,-0.858,-0.024,-0.514,0.16,0.13,0.07
474141078000000,61961,-0.854,-0.025,-0.517,-0.04,-0.02,0.12
474141093000000,61981,-0.854,-0.025,-0.514,0.13,0.05,-0.0
474141109000000,62001,-0.857,-0.024,-0.509,0.03,-0.17,0.11
474141140000000,62021,-0.857,-0.027,-0.513,0.04,-0.19,0.03
474141156000000,62041,-0.856,-0.023,-0.515,-0.16,0.24,0.01
474141171000000,62061,-0.855,-0.023,-0.516,-0.01,0.17,-0.03
474141187000000,62081,-0.854,-0.026,-0.518,0.22,-0.05,0.13
474141218000000,62101,-0.855,-0.024,-0.518,-0.2,-0.24,0.04
474141234000000,62121,-0.854,-0.024,-0.515,0.12,0.01,0.11
474141250000000,62141,-0.861,-0.023,-0.516,-0.3,0.29,-0.05
474141281000000,62161,-0.853,-0.024,-0.515,-0.1,0.04,0.09
474141296000000,62181,-0.856,-0.024,-0.522,0.15,-0.26,-0.01
474141312000000,62201,-0.851,-0.023,-0.511,-0.22,0.34,-0.03
474141328000000,62221,-0.855,-0.026,-0.514,0.09,-0.17,0.16
474141359000000,62241,-0.852,-0.022,-0.512,-0.06,0.12,0.08
474141375000000,62261,-0.856,-0.022,-0.521,0.05,-0.13,-0.09
474141390000000,62281,-0.858,-0.025,-0.516,0.02,0.23,-0.12
474141421000000,62301,-0.858,-0.027,-0.514,0.12,0.04,0.04
474141437000000,62321,-0.859,-0.022,-0.52,0.04,-0.28,0.17
474141453000000,62341,-0.86,-0.026,-0.515,-0.17,-0.22,-0.05
474141468000000,62361,-0.858,-0.023,-0.515,-0.19,-0.01,0.14
474141500000000,62381,-0.856,-0.024,-0.519,0.0,-0.38,-0.12
474141515000000,62401,-0.857,-0.024,-0.511,-0.16,-0.19,-0.17
474141531000000,62421,-0.859,-0.024,-0.514,0.29,-0.19,-0.09
474141546000000,62441,-0.856,-0.029,-0.516,0.02,-0.18,0.04
474141578000000,62461,-0.855,-0.026,-0.513,0.27,0.1,-0.07
474141593000000,62481,-0.856,-0.026,-0.513,0.11,-0.19,-0.05
474141609000000,62501,-0.852,-0.022,-0.512,-0.07,-0.03,-0.08
474141640000000,62521,-0.852,-0.021,-0.516,0.09,0.25,0.19
474141656000000,62541,-0.858,-0.028,-0.515,-0.2,-0.25,-0.11
474141671000000,62561,-0.856,-0.022,-0.51,-0.17,0.09,-0.24
474141687000000,62581,-0.857,-0.024,-0.517,0.02,-0.19,0.04
474141718000000,62601,-0.856,-0.027,-0.517,-0.02,-0.15,0.11
474141734000000,62621,-0.856,-0.027,-0.522,-0.11,0.11,-0.02
474141750000000,62641,-0.857,-0.025,-0.508,0.03,-0.25,0.11
474141781000000,62661,-0.858,-0.02,-0.515,-0.06,-0.13,-0.0
474141796000000,62681,-0.857,-0.022,-0.52,0.01,0.23,-0.08
474141812000000,62701,-0.856,-0.022,-0.516,-0.33,-0.28,-0.16
474141828000000,62721,-0.86,-0.023,-0.513,-0.11,0.03,0.05
474141859000000,62741,-0.858,-0.02,-0.521,-0.17,-0.07,-0.2
474141875000000,62761,-0.856,-0.025,-0.517,0.04,-0.15,-0.03
474141890000000,62781,-0.854,-0.025,-0.515,-0.07,-0.07,0.14
474141921000000,62801,-0.858,-0.025,-0.516,0.22,-0.16,-0.1
474141937000000,62821,-0.858,-0.02,-0.512,-0.11,0.2,0.07
474141953000000,62841,-0.86,-0.027,-0.515,-0.04,-0.06,0.08
474141968000000,62861,-0.859,-0.025,-0.515,0.07,0.01,-0.12
474142000000000,62881,-0.857,-0.023,-0.516,0.24,0.01,-0.05
474142015000000,62901,-0.857,-0.024,-0.517,0.07,-0.09,0.01
474142031000000,62921,-0.855,-0.025,-0.515,0.25,-0.24,-0.02
474142062000000,62941,-0.859,-0.022,-0.516,-0.02,0.1,0.14
474142078000000,62961,-0.856,-0.025,-0.516,-0.01,-0.08,0.09
474142093000000,62981,-0.861,-0.026,-0.514,0.09,0.01,-0.05
474142109000000,63001,-0.857,-0.023,-0.511,-0.07,-0.01,0.01
474142140000000,63021,-0.854,-0.026,-0.516,-0.02,-0.23,0.08
474142156000000,63041,-0.855,-0.024,-0.518,0.1,0.01,0.1
474142171000000,63061,-0.855,-0.021,-0.517,0.07,0.26,0.05
474142187000000,63081,-0.856,-0.022,-0.519,-0.17,0.19,-0.13
474142218000000,63101,-0.856,-0.023,-0.524,0.0,0.34,0.14
474142234000000,63121,-0.855,-0.023,-0.513,0.35,0.17,-0.12
474142250000000,63141,-0.857,-0.027,-0.509,0.16,-0.45,0.19
474142281000000,63161,-0.855,-0.025,-0.508,0.18,-0.0,0.03
474142296000000,63181,-0.858,-0.024,-0.518,-0.18,-0.26,-0.08
474142312000000,63201,-0.855,-0.025,-0.514,-0.25,-0.13,-0.05
474142328000000,63221,-0.857,-0.03,-0.518,0.03,-0.37,0.05
474142359000000,63241,-0.857,-0.023,-0.512,-0.15,0.11,-0.06
474142375000000,63261,-0.858,-0.025,-0.508,-0.23,-0.45,0.24
474142390000000,63281,-0.858,-0.027,-0.521,0.07,-0.41,0.2
474142421000000,63301,-0.855,-0.025,-0.519,-0.09,0.14,-0.22
474142437000000,63321,-0.854,-0.028,-0.516,0.02,0.21,0.17
474142453000000,63341,-0.858,-0.024,-0.515,0.02,0.27,-0.14
474142468000000,63361,-0.856,-0.024,-0.514,0.09,-0.13,-0.06
474142500000000,63381,-0.862,-0.023,-0.511,0.01,0.07,0.14
474142515000000,63401,-0.855,-0.03,-0.514,0.05,0.2,-0.03
474142531000000,63421,-0.858,-0.026,-0.511,0.02,-0.19,0.09
474142562000000,63441,-0.854,-0.024,-0.504,0.15,-0.17,-0.21
474142578000000,63461,-0.854,-0.025,-0.522,0.02,0.23,0.14
474142593000000,63481,-0.855,-0.025,-0.52,-0.17,0.25,0.16
474142609000000,63501,-0.856,-0.024,-0.512,-0.12,0.27,0.07
474142640000000,63521,-0.855,-0.026,-0.516,0.02,0.07,0.11
474142656000000,63541,-0.851,-0.026,-0.516,0.37,0.12,0.21
474142671000000,63561,-0.854,-0.026,-0.519,0.29,0.3,0.14
474142687000000,63581,-0.856,-0.023,-0.513,-0.08,-0.56,0.04
474142718000000,63601,-0.856,-0.025,-0.514,0.08,0.36,0.43
474142734000000,63621,-0.858,-0.027,-0.518,-0.14,-0.36,-0.15
474142750000000,63641,-0.856,-0.023,-0.514,0.04,0.22,0.21
474142781000000,63661,-0.857,-0.025,-0.519,-0.44,-0.12,-0.16
474142796000000,63681,-0.857,-0.024,-0.514,0.18,0.45,0.06
474142812000000,63701,-0.861,-0.023,-0.516,0.12,-0.15,-0.23
474142828000000,63721,-0.853,-0.023,-0.516,0.31,-0.29,-0.18
474142859000000,63741,-0.854,-0.022,-0.51,-0.03,-0.44,0.11
474142875000000,63761,-0.856,-0.025,-0.511,0.05,-0.06,0.07
474142890000000,63781,-0.851,-0.024,-0.516,0.16,0.09,0.11
474142921000000,63801,-0.854,-0.025,-0.514,0.22,0.17,-0.09
474142937000000,63821,-0.853,-0.022,-0.513,0.04,0.11,-0.12
474142953000000,63841,-0.857,-0.022,-0.51,0.07,0.03,0.15
474142968000000,63861,-0.855,-0.024,-0.514,0.18,0.1,-0.11
474143000000000,63881,-0.854,-0.026,-0.513,0.37,-0.22,0.14
474143015000000,63901,-0.855,-0.025,-0.517,0.08,0.3,0.19
474143031000000,63921,-0.856,-0.031,-0.52,0.0,-0.44,0.16
474143062000000,63941,-0.861,-0.022,-0.519,-0.18,-0.14,0.24
474143078000000,63961,-0.854,-0.025,-0.518,0.05,-0.39,-0.04
474143093000000,63981,-0.857,-0.027,-0.518,-0.23,0.57,-0.08
474143109000000,64001,-0.857,-0.025,-0.516,0.18,-0.32,0.09
474143140000000,64021,-0.858,-0.026,-0.52,-0.08,-0.38,0.13
474143156000000,64041,-0.86,-0.025,-0.52,-0.19,0.11,-0.03
474143171000000,64061,-0.86,-0.027,-0.515,0.25,0.01,0.19
474143187000000,64081,-0.858,-0.024,-0.516,0.05,-0.15,0.14
474143218000000,64101,-0.855,-0.019,-0.518,-0.3,0.15,-0.02
474143234000000,64121,-0.858,-0.026,-0.516,0.15,0.05,-0.15
474143250000000,64141,-0.855,-0.027,-0.514,0.14,-0.19,-0.13
474143281000000,64161,-0.859,-0.025,-0.512,0.02,-0.07,-0.15
474143296000000,64181,-0.859,-0.025,-0.516,0.23,0.05,0.18
474143312000000,64201,-0.853,-0.024,-0.517,0.05,-0.02,0.05
474143328000000,64221,-0.855,-0.023,-0.512,-0.13,-0.36,-0.11
474143359000000,64241,-0.858,-0.023,-0.511,-0.02,-0.02,-0.27
474143375000000,64261,-0.854,-0.026,-0.516,0.36,0.14,0.18
474143390000000,64281,-0.857,-0.026,-0.515,0.13,-0.11,-0.3
474143421000000,64301,-0.86,-0.02,-0.514,0.07,-0.22,0.14
474143437000000,64321,-0.857,-0.021,-0.518,0.11,-0.08,-0.12
474143453000000,64341,-0.857,-0.023,-0.514,0.08,0.06,-0.21
474143468000000,64361,-0.859,-0.022,-0.514,0.29,0.11,0.07
474143500000000,64381,-0.853,-0.023,-0.513,-0.09,0.23,-0.02
474143515000000,64401,-0.855,-0.022,-0.513,0.03,0.62,-0.07
474143531000000,64421,-0.857,-0.024,-0.52,-0.03,0.29,-0.22
474143546000000,64441,-0.854,-0.025,-0.518,0.07,0.05,0.02
474143578000000,64461,-0.852,-0.028,-0.516,-0.05,-0.05,0.4
474143593000000,64481,-0.855,-0.027,-0.518,0.0,0.11,0.01
474143609000000,64501,-0.852,-0.024,-0.519,0.01,-0.35,0.27
474143640000000,64521,-0.859,-0.027,-0.522,-0.01,0.04,0.08
474143656000000,64541,-0.859,-0.026,-0.515,0.02,-0.17,-0.02
474143671000000,64561,-0.858,-0.025,-0.512,0.05,-0.13,-0.21
474143687000000,64581,-0.857,-0.026,-0.509,0.24,0.23,-0.2
474143718000000,64601,-0.859,-0.025,-0.519,-0.01,-0.01,0.07
474143734000000,64621,-0.856,-0.024,-0.516,-0.07,-0.25,-0.04
474143750000000,64641,-0.86,-0.02,-0.515,-0.26,-0.22,-0.06
474143781000000,64661,-0.855,-0.025,-0.523,0.16,-0.23,0.35
474143796000000,64681,-0.855,-0.02,-0.514,0.02,-0.05,-0.23
474143812000000,64701,-0.858,-0.023,-0.514,-0.07,0.2,0.22
474143828000000,64721,-0.86,-0.027,-0.508,0.01,0.08,0.09
474143859000000,64741,-0.855,-0.025,-0.521,0.13,0.23,-0.23
474143875000000,64761,-0.856,-0.026,-0.51,-0.14,0.56,0.27
474143890000000,64781,-0.852,-0.025,-0.508,0.05,0.26,-0.04
474143921000000,64801,-0.854,-0.027,-0.517,0.21,0.03,0.12
474143937000000,64821,-0.857,-0.021,-0.518,-0.04,-0.35,-0.2
474143953000000,64841,-0.855,-0.023,-0.513,0.15,0.23,0.21
474143968000000,64861,-0.86,-0.022,-0.515,-0.12,0.13,-0.08
474144000000000,64881,-0.853,-0.029,-0.511,-0.06,-0.41,-0.15
474144015000000,64901,-0.853,-0.022,-0.513,-0.09,-0.24,0.11
474144031000000,64921,-0.859,-0.025,-0.513,0.03,-0.28,-0.22
474144062000000,64941,-0.855,-0.025,-0.519,0.11,-0.03,-0.19
474144078000000,64961,-0.857,-0.026,-0.52,-0.22,0.09,-0.24
474144093000000,64981,-0.854,-0.021,-0.526,0.18,0.26,0.26
474144109000000,65001,-0.854,-0.024,-0.513,0.18,-0.19,0.13
474144140000000,65021,-0.853,-0.025,-0.507,0.02,-0.02,0.4
474144156000000,65041,-0.858,-0.027,-0.515,0.04,0.14,0.11
474144171000000,65061,-0.852,-0.023,-0.517,-0.15,0.14,-0.09
474144187000000,65081,-0.86,-0.024,-0.511,0.09,0.01,-0.31
474144218000000,65101,-0.857,-0.024,-0.517,-0.12,-0.16,-0.05
474144234000000,65121,-0.855,-0.024,-0.519,0.15,-0.02,0.24
474144250000000,65141,-0.853,-0.02,-0.515,0.15,-0.1,-0.19
474144281000000,65161,-0.855,-0.022,-0.518,0.1,-0.12,-0.02
474144296000000,65181,-0.857,-0.024,-0.516,0.31,-0.0,0.08
474144312000000,65201,-0.854,-0.023,-0.513,0.15,-0.06,0.04
474144328000000,65221,-0.859,-0.024,-0.519,-0.03,0.08,-0.04
474144359000000,65241,-0.86,-0.028,-0.519,-0.06,-0.06,-0.31
474144375000000,65261,-0.857,-0.026,-0.518,0.06,-0.21,0.08
474144390000000,65281,-0.855,-0.03,-0.52,-0.21,-0.12,0.06
474144421000000,65301,-0.857,-0.025,-0.516,0.07,0.22,0.08
474144437000000,65321,-0.856,-0.022,-0.517,-0.16,0.09,-0.32
474144453000000,65341,-0.854,-0.021,-0.516,0.05,-0.31,-0.03
474144468000000,65361,-0.86,-0.027,-0.515,0.01,0.07,0.06
474144500000000,65381,-0.861,-0.02,-0.519,0.07,-0.09,0.05
474144515000000,65401,-0.859,-0.024,-0.514,-0.01,-0.05,0.01
474144531000000,65421,-0.855,-0.022,-0.512,0.01,0.25,-0.11
474144562000000,65441,-0.854,-0.021,-0.505,0.26,-0.03,0.07
474144578000000,65461,-0.856,-0.021,-0.515,0.04,-0.06,-0.11
474144593000000,65481,-0.857,-0.023,-0.52,0.15,-0.12,0.05
474144609000000,65501,-0.858,-0.028,-0.519,-0.2,-0.25,0.11
474144640000000,65521,-0.857,-0.027,-0.514,-0.12,-0.15,-0.09
474144656000000,65541,-0.854,-0.022,-0.512,-0.2,-0.0,0.21
474144671000000,65561,-0.857,-0.019,-0.508,-0.08,0.23,-0.04
474144687000000,65581,-0.858,-0.026,-0.516,0.13,-0.22,-0.03
474144718000000,65601,-0.859,-0.022,-0.517,0.22,0.27,-0.25
474144734000000,65621,-0.855,-0.024,-0.518,-0.07,0.01,0.02
474144750000000,65641,-0.856,-0.024,-0.514,-0.07,-0.02,-0.11
474144781000000,65661,-0.856,-0.022,-0.514,-0.14,-0.02,-0.1
474144796000000,65681,-0.856,-0.023,-0.512,0.0,-0.09,-0.24
474144812000000,65701,-0.857,-0.023,-0.513,0.15,0.05,0.08
474144828000000,65721,-0.861,-0.03,-0.513,0.03,0.14,-0.19
474144859000000,65741,-0.859,-0.024,-0.51,0.04,-0.12,0.08
474144875000000,65761,-0.861,-0.025,-0.515,0.13,0.04,0.01
474144890000000,65781,-0.86,-0.026,-0.516,0.0,0.1,0.29
474144921000000,65801,-0.854,-0.026,-0.514,0.15,-0.14,0.17
474144937000000,65821,-0.851,-0.023,-0.515,0.0,0.23,0.16
474144953000000,65841,-0.852,-0.02,-0.518,-0.27,-0.13,0.25
474144968000000,65861,-0.858,-0.02,-0.511,-0.08,-0.15,0.12
474145000000000,65881,-0.855,-0.025,-0.515,-0.12,0.2,-0.02
474145015000000,65901,-0.858,-0.021,-0.513,0.18,0.11,0.27
474145031000000,65921,-0.859,-0.026,-0.515,-0.04,0.09,-0.04
474145062000000,65941,-0.858,-0.022,-0.515,-0.09,0.07,-0.12
474145078000000,65961,-0.854,-0.027,-0.512,-0.19,0.27,-0.06
474145093000000,65981,-0.856,-0.023,-0.526,-0.06,0.19,0.05
474145109000000,66001,-0.856,-0.027,-0.519,-0.08,0.07,0.26
474145140000000,66021,-0.859,-0.026,-0.519,-0.17,-0.14,-0.09
474145156000000,66041,-0.86,-0.023,-0.513,-0.05,0.08,0.14
474145171000000,66061,-0.863,-0.023,-0.512,0.16,-0.02,0.12
474145187000000,66081,-0.858,-0.028,-0.52,-0.07,0.11,-0.12
474145218000000,66101,-0.863,-0.017,-0.515,-0.04,-0.31,-0.08
474145234000000,66121,-0.857,-0.02,-0.519,0.05,0.14,0.01
474145250000000,66141,-0.855,-0.025,-0.513,0.0,-0.07,0.01
474145281000000,66161,-0.854,-0.025,-0.518,-0.07,0.05,-0.1
474145296000000,66181,-0.856,-0.025,-0.518,0.17,-0.03,-0.2
474145312000000,66201,-0.852,-0.026,-0.513,0.07,-0.02,0.09
474145328000000,66221,-0.859,-0.027,-0.514,-0.01,0.08,-0.04
474145359000000,66241,-0.856,-0.03,-0.508,0.22,-0.11,-0.05
474145375000000,66261,-0.856,-0.024,-0.523,0.09,0.03,-0.02
474145390000000,66281,-0.856,-0.025,-0.522,-0.16,0.27,0.08
474145421000000,66301,-0.857,-0.026,-0.521,-0.04,0.28,-0.19
474145437000000,66321,-0.859,-0.026,-0.519,0.08,0.01,0.04
474145453000000,66341,-0.854,-0.024,-0.508,-0.14,0.11,0.03
474145468000000,66361,-0.861,-0.026,-0.515,-0.29,0.07,-0.09
474145500000000,66381,-0.856,-0.025,-0.507,-0.13,-0.18,0.01
474145515000000,66401,-0.857,-0.023,-0.518,-0.03,-0.12,0.07
474145531000000,66421,-0.857,-0.023,-0.512,-0.21,0.08,-0.15
474145546000000,66441,-0.855,-0.026,-0.517,0.04,0.12,0.07
474145578000000,66461,-0.859,-0.024,-0.516,-0.11,0.26,0.24
474145593000000,66481,-0.857,-0.023,-0.521,0.05,-0.08,-0.15
474145609000000,66501,-0.856,-0.026,-0.514,0.0,-0.35,0.09
474145640000000,66521,-0.858,-0.021,-0.517,0.22,-0.09,0.28
474145656000000,66541,-0.857,-0.025,-0.514,-0.24,-0.15,-0.08
474145671000000,66561,-0.859,-0.019,-0.517,-0.01,0.27,-0.02
474145687000000,66581,-0.854,-0.022,-0.521,-0.02,0.02,0.07
474145718000000,66601,-0.852,-0.026,-0.512,-0.16,0.4,-0.07
474145734000000,66621,-0.853,-0.024,-0.515,0.04,0.17,-0.04
474145750000000,66641,-0.857,-0.022,-0.507,-0.05,-0.01,0.37
474145781000000,66661,-0.852,-0.025,-0.519,0.08,0.36,-0.07
474145796000000,66681,-0.862,-0.025,-0.516,-0.01,-0.07,-0.15
474145812000000,66701,-0.858,-0.02,-0.513,0.16,-0.07,-0.26
474145828000000,66721,-0.858,-0.025,-0.511,0.05,0.45,-0.1
474145859000000,66741,-0.85,-0.026,-0.52,-0.08,0.3,0.11
474145875000000,66761,-0.851,-0.024,-0.517,0.02,0.27,-0.02
474145890000000,66781,-0.857,-0.022,-0.513,0.0,0.17,-0.08
474145921000000,66801,-0.853,-0.026,-0.515,-0.14,-0.12,0.06
474145937000000,66821,-0.852,-0.027,-0.519,0.04,-0.11,-0.0
474145953000000,66841,-0.854,-0.021,-0.517,-0.01,0.39,-0.08
474145968000000,66861,-0.858,-0.025,-0.516,-0.09,-0.06,-0.01
474146000000000,66881,-0.86,-0.028,-0.517,-0.01,0.12,0.1
474146015000000,66901,-0.859,-0.023,-0.513,0.0,0.09,0.11
474146031000000,66921,-0.852,-0.025,-0.511,-0.17,0.08,0.02
474146062000000,66941,-0.862,-0.024,-0.519,0.14,0.36,-0.25
474146078000000,66961,-0.856,-0.024,-0.513,0.06,-0.03,0.08
474146093000000,66981,-0.857,-0.023,-0.519,0.15,-0.05,-0.13
474146109000000,67001,-0.858,-0.025,-0.515,-0.01,0.02,-0.14
474146140000000,67021,-0.855,-0.024,-0.516,0.1,0.09,0.13
474146156000000,67041,-0.854,-0.025,-0.518,-0.01,-0.03,0.08
474146171000000,67061,-0.86,-0.022,-0.514,0.13,-0.42,-0.12
474146187000000,67081,-0.854,-0.023,-0.522,0.02,-0.21,0.28
474146218000000,67101,-0.855,-0.026,-0.513,-0.14,0.31,0.05
474146234000000,67121,-0.857,-0.023,-0.513,-0.01,-0.22,-0.11
474146250000000,67141,-0.855,-0.023,-0.514,-0.24,0.38,0.16
474146281000000,67161,-0.851,-0.027,-0.513,0.02,0.2,0.24
474146296000000,67181,-0.854,-0.023,-0.51,-0.19,0.17,0.3
474146312000000,67201,-0.861,-0.025,-0.517,-0.01,-0.38,-0.03
474146328000000,67221,-0.851,-0.023,-0.516,0.09,-0.14,-0.04
474146359000000,67241,-0.859,-0.023,-0.521,-0.1,-0.11,-0.06
474146375000000,67261,-0.858,-0.025,-0.513,0.31,0.03,0.17
474146390000000,67281,-0.858,-0.023,-0.516,0.05,0.08,-0.19
474146421000000,67301,-0.855,-0.022,-0.515,0.31,-0.35,0.11
474146437000000,67321,-0.855,-0.024,-0.505,0.18,0.14,-0.13
474146453000000,67341,-0.855,-0.021,-0.51,0.12,-0.14,-0.1
474146468000000,67361,-0.855,-0.023,-0.518,-0.13,-0.27,0.06
474146500000000,67381,-0.858,-0.026,-0.511,-0.2,0.04,-0.09
474146515000000,67401,-0.854,-0.018,-0.519,-0.2,0.14,-0.02
474146531000000,67421,-0.856,-0.021,-0.519,0.0,-0.06,0.09
474146562000000,67441,-0.855,-0.024,-0.514,0.05,-0.03,-0.12
474146578000000,67461,-0.856,-0.022,-0.517,0.09,-0.19,-0.04
474146593000000,67481,-0.853,-0.023,-0.512,-0.14,0.26,0.21
474146609000000,67501,-0.854,-0.023,-0.509,0.09,-0.29,-0.08
474146640000000,67521,-0.858,-0.02,-0.516,0.15,-0.03,0.11
474146656000000,67541,-0.858,-0.022,-0.512,0.05,0.19,0.05
474146671000000,67561,-0.854,-0.023,-0.515,-0.07,-0.03,0.02
474146687000000,67581,-0.858,-0.023,-0.517,0.0,-0.14,0.01
474146718000000,67601,-0.855,-0.028,-0.526,-0.01,0.15,-0.1
474146734000000,67621,-0.86,-0.025,-0.518,0.21,0.07,0.08
474146750000000,67641,-0.859,-0.023,-0.509,0.13,0.14,-0.06
474146781000000,67661,-0.859,-0.022,-0.517,-0.05,-0.07,-0.18
474146796000000,67681,-0.853,-0.021,-0.517,-0.11,0.37,0.11
474146812000000,67701,-0.858,-0.024,-0.514,-0.07,-0.02,0.06
474146828000000,67721,-0.857,-0.021,-0.517,-0.1,0.04,0.34
474146859000000,67741,-0.855,-0.024,-0.52,0.01,-0.28,0.03
474146875000000,67761,-0.859,-0.028,-0.517,-0.04,-0.03,0.13
474146890000000,67781,-0.861,-0.028,-0.511,0.05,-0.12,0.14
474146921000000,67801,-0.853,-0.022,-0.51,0.09,0.07,0.14
474146937000000,67821,-0.858,-0.024,-0.517,0.24,0.17,0.14
474146953000000,67841,-0.859,-0.021,-0.511,0.2,-0.51,0.11
474146968000000,67861,-0.858,-0.025,-0.513,-0.22,-0.41,-0.21
474147000000000,67881,-0.856,-0.028,-0.509,-0.01,0.1,0.02
474147015000000,67901,-0.857,-0.023,-0.521,0.09,0.37,-0.28
474147031000000,67921,-0.858,-0.022,-0.517,0.01,-0.19,-0.01
474147062000000,67941,-0.857,-0.025,-0.512,0.05,-0.07,-0.1
474147078000000,67961,-0.852,-0.026,-0.517,-0.04,0.94,-0.14
474147093000000,67981,-0.854,-0.028,-0.509,-0.14,0.17,0.01
474147109000000,68001,-0.855,-0.024,-0.514,0.01,-0.15,0.14
474147140000000,68021,-0.855,-0.025,-0.515,0.05,0.2,-0.07
474147156000000,68041,-0.859,-0.022,-0.509,0.07,-0.0,-0.09
474147171000000,68061,-0.856,-0.024,-0.512,0.24,0.07,-0.01
474147187000000,68081,-0.857,-0.025,-0.523,0.25,-0.11,0.11
474147218000000,68101,-0.857,-0.023,-0.515,0.02,0.02,0.27
474147234000000,68121,-0.858,-0.024,-0.511,-0.03,-0.08,-0.12
474147250000000,68141,-0.856,-0.02,-0.507,0.12,-0.02,-0.01
474147281000000,68161,-0.856,-0.029,-0.518,-0.02,-0.0,-0.08
474147296000000,68181,-0.855,-0.026,-0.519,0.0,-0.13,-0.16
474147312000000,68201,-0.852,-0.027,-0.515,0.19,0.01,-0.17
474147328000000,68221,-0.858,-0.023,-0.513,-0.04,0.14,-0.08
474147359000000,68241,-0.859,-0.024,-0.505,0.02,-0.03,0.04
474147375000000,68261,-0.863,-0.024,-0.518,-0.3,0.17,0.08
474147390000000,68281,-0.855,-0.019,-0.515,-0.2,0.22,-0.03
474147421000000,68301,-0.855,-0.026,-0.517,-0.1,0.35,0.07
474147437000000,68321,-0.855,-0.026,-0.521,0.0,-0.11,-0.06
474147453000000,68341,-0.857,-0.021,-0.526,0.06,-0.27,-0.29
474147468000000,68361,-0.858,-0.026,-0.519,0.02,0.15,0.01
474147500000000,68381,-0.856,-0.027,-0.513,0.02,0.11,0.11
474147515000000,68401,-0.86,-0.023,-0.521,0.27,-0.06,-0.0
474147531000000,68421,-0.858,-0.025,-0.518,0.19,0.07,0.08
474147562000000,68441,-0.855,-0.025,-0.516,0.02,0.28,-0.05
474147578000000,68461,-0.858,-0.026,-0.519,0.12,-0.0,-0.08
474147593000000,68481,-0.856,-0.021,-0.514,-0.12,0.04,0.11
474147609000000,68501,-0.854,-0.022,-0.511,-0.06,0.2,0.17
474147640000000,68521,-0.855,-0.022,-0.516,0.03,-0.42,0.05
474147656000000,68541,-0.857,-0.025,-0.517,0.22,0.19,0.3
474147671000000,68561,-0.858,-0.027,-0.514,0.14,0.03,-0.14
474147687000000,68581,-0.854,-0.021,-0.516,-0.19,-0.14,-0.12
474147718000000,68601,-0.857,-0.023,-0.513,-0.17,-0.15,-0.08
474147734000000,68621,-0.859,-0.027,-0.521,0.05,0.07,0.09
474147750000000,68641,-0.855,-0.028,-0.514,-0.02,-0.0,0.05
474147781000000,68661,-0.858,-0.024,-0.52,0.13,-0.05,-0.08
474147796000000,68681,-0.861,-0.025,-0.522,-0.18,0.42,0.17
474147812000000,68701,-0.858,-0.025,-0.52,-0.04,-0.18,-0.07
474147828000000,68721,-0.857,-0.02,-0.517,-0.09,0.19,-0.11
474147859000000,68741,-0.854,-0.025,-0.512,0.36,-0.01,0.03
474147875000000,68761,-0.855,-0.025,-0.52,0.33,-0.3,-0.05
474147890000000,68781,-0.858,-0.026,-0.514,-0.11,-0.06,0.15
474147921000000,68801,-0.855,-0.028,-0.514,-0.22,-0.38,0.05
474147937000000,68821,-0.857,-0.025,-0.521,-0.23,0.22,-0.04
474147953000000,68841,-0.858,-0.027,-0.514,-0.01,-0.08,-0.08
474147968000000,68861,-0.856,-0.026,-0.516,-0.12,-0.27,0.18
474148000000000,68881,-0.855,-0.025,-0.512,-0.24,0.2,0.34
474148015000000,68901,-0.855,-0.023,-0.52,0.05,-0.38,-0.24
474148031000000,68921,-0.859,-0.022,-0.514,0.03,-0.11,0.03
474148046000000,68941,-0.855,-0.028,-0.519,0.09,-0.27,-0.08
474148078000000,68961,-0.856,-0.025,-0.519,-0.24,-0.12,0.23
474148093000000,68981,-0.858,-0.024,-0.519,0.33,0.06,-0.11
474148109000000,69001,-0.859,-0.022,-0.509,0.01,0.19,-0.02
474148140000000,69021,-0.854,-0.025,-0.523,-0.05,0.32,0.01
474148156000000,69041,-0.856,-0.023,-0.514,0.25,0.1,-0.08
474148171000000,69061,-0.857,-0.023,-0.512,0.21,0.22,0.18
474148187000000,69081,-0.858,-0.025,-0.513,0.21,0.03,-0.15
474148218000000,69101,-0.854,-0.019,-0.514,0.09,0.07,-0.21
474148234000000,69121,-0.855,-0.023,-0.516,0.15,0.3,0.04
474148250000000,69141,-0.854,-0.021,-0.511,-0.08,-0.25,0.05
474148281000000,69161,-0.854,-0.028,-0.517,0.14,0.42,0.46
474148296000000,69181,-0.858,-0.025,-0.518,-0.33,0.11,-0.31
474148312000000,69201,-0.854,-0.026,-0.518,0.08,0.07,0.14
474148328000000,69221,-0.858,-0.024,-0.513,0.22,-0.1,0.01
474148359000000,69241,-0.854,-0.026,-0.517,-0.04,0.03,0.16
474148375000000,69261,-0.854,-0.026,-0.514,-0.11,-0.07,-0.08
474148390000000,69281,-0.856,-0.025,-0.506,0.09,-0.45,0.11
474148421000000,69301,-0.857,-0.024,-0.517,0.22,-0.67,-0.05
474148437000000,69321,-0.858,-0.024,-0.517,-0.06,-0.54,0.13
474148453000000,69341,-0.86,-0.022,-0.51,-0.17,0.08,-0.12
474148468000000,69361,-0.858,-0.019,-0.513,0.02,0.14,-0.03
474148500000000,69381,-0.859,-0.022,-0.518,-0.11,0.36,0.05
474148515000000,69401,-0.855,-0.024,-0.517,0.13,0.01,-0.02
474148531000000,69421,-0.853,-0.025,-0.514,0.0,0.4,-0.1
474148546000000,69441,-0.855,-0.027,-0.513,0.11,0.02,0.15
474148578000000,69461,-0.856,-0.021,-0.516,0.15,0.27,0.27
474148593000000,69481,-0.855,-0.026,-0.509,0.03,0.25,0.08
474148609000000,69501,-0.858,-0.02,-0.512,-0.12,0.35,-0.15
474148640000000,69521,-0.858,-0.027,-0.514,0.06,-0.06,-0.1
474148656000000,69541,-0.857,-0.022,-0.513,0.08,-0.25,0.2
474148671000000,69561,-0.859,-0.024,-0.517,-0.04,0.14,0.05
474148687000000,69581,-0.858,-0.021,-0.514,0.18,-0.19,0.16
474148718000000,69601,-0.859,-0.025,-0.52,0.08,-0.19,0.16
474148734000000,69621,-0.855,-0.024,-0.518,-0.03,-0.1,0.13
474148750000000,69641,-0.856,-0.023,-0.522,0.15,-0.0,0.08
474148781000000,69661,-0.858,-0.024,-0.516,0.11,-0.04,0.11
474148796000000,69681,-0.858,-0.023,-0.515,-0.01,0.27,-0.15
474148812000000,69701,-0.857,-0.026,-0.51,0.14,-0.25,-0.17
474148828000000,69721,-0.855,-0.022,-0.513,0.04,0.07,0.01
474148859000000,69741,-0.856,-0.024,-0.523,-0.15,-0.49,-0.06
474148875000000,69761,-0.861,-0.026,-0.511,-0.03,0.01,0.22
474148890000000,69781,-0.856,-0.024,-0.514,-0.15,-0.04,0.26
474148921000000,69801,-0.856,-0.023,-0.514,-0.02,0.07,0.41
474148937000000,69821,-0.855,-0.024,-0.518,-0.04,0.18,0.1
474148953000000,69841,-0.855,-0.025,-0.518,0.25,-0.07,0.09
474148968000000,69861,-0.856,-0.023,-0.515,-0.03,-0.14,0.13
474149000000000,69881,-0.858,-0.026,-0.518,0.18,-0.08,-0.07
474149015000000,69901,-0.852,-0.021,-0.514,0.09,-0.15,-0.18
474149031000000,69921,-0.857,-0.026,-0.511,0.14,0.01,-0.02
474149046000000,69941,-0.855,-0.027,-0.522,-0.11,-0.15,0.05
474149078000000,69961,-0.856,-0.028,-0.515,0.09,0.08,-0.05
474149093000000,69981,-0.856,-0.025,-0.517,-0.05,-0.12,-0.03
474149109000000,70001,-0.859,-0.023,-0.518,0.02,-0.02,0.06
474149140000000,70021,-0.86,-0.022,-0.512,-0.11,0.01,-0.03
474149156000000,70041,-0.858,-0.026,-0.517,0.21,0.23,0.18
474149171000000,70061,-0.855,-0.025,-0.508,-0.04,0.18,-0.0
474149187000000,70081,-0.855,-0.026,-0.514,-0.23,-0.02,0.02
474149218000000,70101,-0.856,-0.026,-0.509,-0.11,0.01,-0.02
474149234000000,70121,-0.851,-0.025,-0.516,0.13,0.11,-0.01
474149250000000,70141,-0.86,-0.026,-0.513,0.01,0.11,-0.26
474149281000000,70161,-0.856,-0.021,-0.516,-0.27,-0.0,0.01
474149296000000,70181,-0.854,-0.021,-0.511,0.21,-0.15,-0.08
474149312000000,70201,-0.857,-0.025,-0.518,0.04,-0.24,0.11
474149328000000,70221,-0.856,-0.027,-0.518,0.16,-0.08,0.08
474149359000000,70241,-0.856,-0.021,-0.516,-0.24,0.01,0.27
474149375000000,70261,-0.858,-0.022,-0.521,-0.01,0.03,0.06
474149390000000,70281,-0.856,-0.025,-0.522,0.11,-0.2,0.01
474149421000000,70301,-0.862,-0.023,-0.514,0.12,0.02,-0.01
474149437000000,70321,-0.858,-0.024,-0.514,0.17,0.07,0.02
474149453000000,70341,-0.852,-0.025,-0.516,0.08,-0.02,0.17
474149468000000,70361,-0.856,-0.025,-0.513,-0.1,0.23,0.18
474149500000000,70381,-0.855,-0.029,-0.515,0.0,-0.0,-0.02
474149515000000,70401,-0.858,-0.027,-0.51,0.04,0.18,0.11
474149531000000,70421,-0.857,-0.024,-0.509,0.03,-0.14,-0.21
474149562000000,70441,-0.856,-0.028,-0.515,0.18,0.1,-0.02
474149578000000,70461,-0.86,-0.024,-0.518,0.15,-0.07,-0.05
474149593000000,70481,-0.856,-0.025,-0.518,0.12,-0.19,0.08
474149609000000,70501,-0.858,-0.022,-0.515,-0.2,0.02,0.06
474149640000000,70521,-0.856,-0.024,-0.516,0.02,-0.31,-0.28
474149656000000,70541,-0.857,-0.027,-0.512,0.34,-0.15,-0.14
474149671000000,70561,-0.858,-0.024,-0.517,-0.14,-0.19,-0.1
474149687000000,70581,-0.858,-0.023,-0.515,-0.04,0.11,-0.28
474149718000000,70601,-0.856,-0.021,-0.514,0.03,-0.01,-0.02
474149734000000,70621,-0.85,-0.024,-0.511,-0.08,-0.19,-0.17
474149750000000,70641,-0.854,-0.024,-0.507,-0.02,0.28,-0.06
474149781000000,70661,-0.857,-0.022,-0.515,-0.23,-0.0,-0.02
474149796000000,70681,-0.858,-0.026,-0.514,0.28,0.25,-0.04
474149812000000,70701,-0.858,-0.024,-0.516,0.32,0.32,-0.02
474149828000000,70721,-0.857,-0.027,-0.514,-0.09,0.14,-0.19
474149859000000,70741,-0.854,-0.022,-0.511,-0.26,0.11,0.05
474149875000000,70761,-0.856,-0.025,-0.515,-0.07,0.04,0.09
474149890000000,70781,-0.855,-0.02,-0.516,-0.06,0.01,-0.02
474149921000000,70801,-0.858,-0.017,-0.522,0.05,0.17,0.01
474149937000000,70821,-0.86,-0.025,-0.516,0.28,0.04,-0.18
474149953000000,70841,-0.857,-0.022,-0.521,0.02,-0.13,0.1
474149968000000,70861,-0.853,-0.025,-0.51,-0.06,0.09,0.05
474150000000000,70881,-0.856,-0.023,-0.52,-0.1,-0.22,0.14
474150015000000,70901,-0.853,-0.024,-0.517,0.28,-0.12,-0.05
474150031000000,70921,-0.859,-0.022,-0.511,0.11,-0.09,0.09
474150062000000,70941,-0.857,-0.025,-0.511,0.01,-0.07,0.08
474150078000000,70961,-0.849,-0.027,-0.523,0.13,0.04,-0.12
474150093000000,70981,-0.859,-0.018,-0.515,0.21,-0.19,0.31
474150109000000,71001,-0.859,-0.023,-0.519,0.13,0.01,0.08
474150140000000,71021,-0.86,-0.025,-0.515,-0.04,-0.03,0.08
474150156000000,71041,-0.854,-0.019,-0.509,-0.01,0.08,0.03
474150171000000,71061,-0.86,-0.025,-0.518,0.18,-0.21,0.01
474150187000000,71081,-0.859,-0.021,-0.524,0.18,-0.24,0.08
474150218000000,71101,-0.859,-0.025,-0.51,0.07,0.41,0.05
474150234000000,71121,-0.856,-0.026,-0.52,0.25,-0.02,0.08
474150250000000,71141,-0.854,-0.022,-0.513,-0.07,0.73,0.05
474150281000000,71161,-0.854,-0.023,-0.512,0.16,-0.32,0.25
474150296000000,71181,-0.858,-0.024,-0.519,0.1,-0.41,0.24
474150312000000,71201,-0.858,-0.023,-0.518,0.15,0.36,-0.31
474150328000000,71221,-0.858,-0.026,-0.512,0.12,0.33,-0.12
474150359000000,71241,-0.856,-0.023,-0.522,-0.14,-0.52,-0.02
474150375000000,71261,-0.863,-0.029,-0.511,-0.06,0.07,0.14
474150390000000,71281,-0.858,-0.024,-0.512,0.05,0.14,-0.12
474150421000000,71301,-0.855,-0.027,-0.516,-0.24,0.23,0.03
474150437000000,71321,-0.855,-0.022,-0.515,-0.23,0.38,0.01
474150453000000,71341,-0.854,-0.022,-0.517,0.12,-0.09,0.03
474150468000000,71361,-0.856,-0.02,-0.515,0.31,0.46,-0.09
474150500000000,71381,-0.858,-0.022,-0.517,-0.07,-0.24,0.12
474150515000000,71401,-0.854,-0.025,-0.52,-0.03,-0.44,0.09
474150531000000,71421,-0.854,-0.026,-0.521,-0.15,-0.15,-0.15
474150562000000,71441,-0.855,-0.022,-0.52,-0.03,0.15,-0.15
474150578000000,71461,-0.856,-0.025,-0.516,0.05,-0.17,-0.21
474150593000000,71481,-0.852,-0.026,-0.516,-0.2,0.08,-0.05
474150609000000,71501,-0.857,-0.023,-0.512,-0.08,0.19,-0.02
474150640000000,71521,-0.859,-0.027,-0.515,0.03,0.12,-0.01
474150656000000,71541,-0.856,-0.023,-0.512,-0.33,-0.35,0.17
474150671000000,71561,-0.854,-0.021,-0.51,0.03,-0.18,-0.26
474150687000000,71581,-0.856,-0.024,-0.513,0.01,-0.12,-0.21
474150718000000,71601,-0.853,-0.025,-0.519,0.21,0.01,0.03
474150734000000,71621,-0.857,-0.025,-0.514,0.02,0.04,0.16
474150750000000,71641,-0.855,-0.029,-0.518,-0.06,0.4,-0.07
474150781000000,71661,-0.859,-0.025,-0.514,0.09,0.33,0.04
474150796000000,71681,-0.854,-0.027,-0.512,-0.19,0.01,0.05
474150812000000,71701,-0.853,-0.022,-0.514,0.15,-0.19,-0.19
474150828000000,71721,-0.856,-0.02,-0.52,0.05,-0.35,-0.12
474150859000000,71741,-0.855,-0.023,-0.525,0.02,-0.02,-0.01
474150875000000,71761,-0.858,-0.021,-0.519,-0.24,-0.14,0.17
474150890000000,71781,-0.855,-0.021,-0.513,-0.08,0.05,0.09
474150921000000,71801,-0.858,-0.027,-0.507,0.12,0.07,-0.02
474150937000000,71821,-0.855,-0.025,-0.508,-0.1,-0.32,0.03
474150953000000,71841,-0.86,-0.026,-0.51,-0.07,-0.17,0.06
474150968000000,71861,-0.855,-0.027,-0.513,0.18,-0.2,0.16
474151000000000,71881,-0.857,-0.025,-0.516,0.17,0.18,0.03
474151015000000,71901,-0.855,-0.029,-0.517,-0.02,-0.09,0.16
474151031000000,71921,-0.859,-0.024,-0.516,-0.07,0.01,0.07
474151046000000,71941,-0.853,-0.028,-0.512,0.09,-0.02,-0.2
474151078000000,71961,-0.859,-0.021,-0.505,0.25,0.06,0.24
474151093000000,71981,-0.854,-0.026,-0.507,-0.03,0.11,0.12
474151109000000,72001,-0.859,-0.024,-0.519,-0.11,-0.09,0.06
474151140000000,72021,-0.858,-0.023,-0.514,0.33,0.07,0.2
474151156000000,72041,-0.857,-0.024,-0.516,-0.07,-0.09,0.08
474151171000000,72061,-0.857,-0.021,-0.511,-0.16,0.06,0.19
474151187000000,72081,-0.852,-0.023,-0.521,-0.3,0.07,0.09
474151218000000,72101,-0.855,-0.025,-0.512,-0.07,0.08,-0.12
474151234000000,72121,-0.857,-0.027,-0.515,0.02,0.32,0.38
474151250000000,72141,-0.86,-0.025,-0.519,0.11,0.22,0.13
474151281000000,72161,-0.853,-0.021,-0.52,-0.09,-0.25,-0.07
474151296000000,72181,-0.862,-0.024,-0.517,0.2,-0.09,-0.08
474151312000000,72201,-0.854,-0.024,-0.512,0.02,0.13,0.11
474151328000000,72221,-0.854,-0.023,-0.515,0.12,-0.22,0.19
474151359000000,72241,-0.857,-0.024,-0.516,0.02,0.12,0.15
474151375000000,72261,-0.856,-0.028,-0.518,0.09,-0.17,-0.04
474151390000000,72281,-0.859,-0.022,-0.514,0.35,-0.18,-0.07
474151421000000,72301,-0.862,-0.025,-0.515,0.06,0.11,-0.21
474151437000000,72321,-0.857,-0.027,-0.519,-0.06,-0.07,-0.09
474151453000000,72341,-0.856,-0.024,-0.513,-0.04,0.3,-0.04
474151468000000,72361,-0.858,-0.026,-0.515,0.03,-0.09,0.14
474151500000000,72381,-0.858,-0.026,-0.515,0.0,0.05,-0.02
474151515000000,72401,-0.856,-0.024,-0.518,0.12,0.27,-0.07
474151531000000,72421,-0.852,-0.023,-0.513,0.02,-0.17,0.05
474151562000000,72441,-0.858,-0.022,-0.519,0.09,0.19,-0.14
474151578000000,72461,-0.859,-0.024,-0.516,-0.17,0.04,0.24
474151593000000,72481,-0.856,-0.025,-0.518,0.36,-0.15,0.19
474151609000000,72501,-0.854,-0.025,-0.519,-0.27,-0.27,-0.19
474151640000000,72521,-0.859,-0.024,-0.515,-0.1,-0.08,-0.0
474151656000000,72541,-0.856,-0.022,-0.518,-0.07,-0.35,0.04
474151671000000,72561,-0.852,-0.024,-0.51,0.1,0.32,0.1
474151687000000,72581,-0.86,-0.025,-0.512,0.26,0.2,0.11
474151718000000,72601,-0.856,-0.027,-0.512,-0.11,0.07,-0.18
474151734000000,72621,-0.853,-0.019,-0.512,-0.04,-0.06,-0.08
474151750000000,72641,-0.854,-0.026,-0.509,-0.18,0.14,-0.07
474151781000000,72661,-0.856,-0.022,-0.511,0.15,0.13,-0.06
474151796000000,72681,-0.858,-0.022,-0.513,-0.08,-0.14,-0.15
474151812000000,72701,-0.86,-0.026,-0.512,-0.08,-0.02,0.13
474151828000000,72721,-0.853,-0.025,-0.514,-0.04,0.04,0.25
474151859000000,72741,-0.857,-0.025,-0.511,-0.07,0.12,0.17
474151875000000,72761,-0.856,-0.026,-0.52,-0.3,-0.26,-0.17
474151890000000,72781,-0.855,-0.025,-0.511,0.3,0.14,-0.06
474151921000000,72801,-0.857,-0.022,-0.52,0.16,-0.11,0.11
474151937000000,72821,-0.856,-0.025,-0.513,-0.25,0.03,0.18
474151953000000,72841,-0.853,-0.024,-0.509,-0.04,0.04,-0.08
474151968000000,72861,-0.857,-0.028,-0.508,0.02,0.01,0.15
474152000000000,72881,-0.854,-0.021,-0.512,0.08,0.48,0.09
474152015000000,72901,-0.855,-0.026,-0.518,0.18,-0.22,0.09
474152031000000,72921,-0.858,-0.026,-0.519,0.02,-0.18,0.01
474152046000000,72941,-0.856,-0.022,-0.514,0.02,-0.29,-0.15
474152078000000,72961,-0.857,-0.028,-0.518,-0.03,0.06,-0.04
474152093000000,72981,-0.856,-0.021,-0.519,0.06,0.07,0.05
474152109000000,73001,-0.856,-0.027,-0.516,0.02,0.08,-0.05
474152140000000,73021,-0.858,-0.025,-0.513,0.1,-0.26,-0.02
474152156000000,73041,-0.855,-0.025,-0.517,0.18,-0.2,-0.05
474152171000000,73061,-0.856,-0.024,-0.516,0.05,-0.18,0.01
474152187000000,73081,-0.857,-0.024,-0.516,-0.14,-0.02,0.11
474152218000000,73101,-0.859,-0.024,-0.52,-0.15,0.3,-0.18
474152234000000,73121,-0.857,-0.025,-0.513,0.05,0.18,0.03
474152250000000,73141,-0.856,-0.02,-0.521,0.0,-0.09,0.04
474152281000000,73161,-0.854,-0.025,-0.513,0.02,0.1,0.01
474152296000000,73181,-0.852,-0.025,-0.507,-0.1,-0.02,0.03
474152312000000,73201,-0.858,-0.02,-0.52,0.12,-0.4,-0.19
474152328000000,73221,-0.856,-0.023,-0.518,0.22,-0.12,0.02
474152359000000,73241,-0.86,-0.022,-0.511,0.35,-0.65,0.05
474152375000000,73261,-0.855,-0.026,-0.509,0.18,0.23,0.15
474152390000000,73281,-0.853,-0.03,-0.515,-0.36,-0.16,0.27
474152421000000,73301,-0.853,-0.024,-0.511,-0.16,-0.21,0.04
474152437000000,73321,-0.858,-0.023,-0.508,0.02,0.62,0.24
474152453000000,73341,-0.86,-0.026,-0.512,0.12,-0.48,-0.12
474152468000000,73361,-0.858,-0.03,-0.519,-0.05,0.45,0.08
474152500000000,73381,-0.854,-0.024,-0.523,-0.07,0.49,0.25
474152515000000,73401,-0.854,-0.024,-0.515,-0.24,-0.04,0.24
474152531000000,73421,-0.851,-0.022,-0.508,0.04,-0.22,-0.05
474152562000000,73441,-0.857,-0.025,-0.516,0.16,-0.01,0.04
474152578000000,73461,-0.856,-0.027,-0.513,-0.18,-0.12,-0.06
474152593000000,73481,-0.86,-0.023,-0.515,0.14,-0.09,-0.15
474152609000000,73501,-0.858,-0.028,-0.515,-0.07,0.18,0.29
474152640000000,73521,-0.854,-0.028,-0.518,-0.07,-0.44,-0.24
474152656000000,73541,-0.858,-0.028,-0.521,0.0,0.3,-0.05
474152671000000,73561,-0.859,-0.026,-0.513,-0.22,-0.29,-0.12
474152687000000,73581,-0.857,-0.024,-0.512,-0.06,-0.07,-0.08
474152718000000,73601,-0.858,-0.024,-0.518,0.04,0.06,-0.24
474152734000000,73621,-0.857,-0.025,-0.523,-0.12,0.24,-0.0
474152750000000,73641,-0.856,-0.028,-0.516,0.0,0.08,-0.25
474152781000000,73661,-0.859,-0.026,-0.514,0.22,-0.14,0.1
474152796000000,73681,-0.856,-0.025,-0.522,-0.06,0.48,-0.05
474152812000000,73701,-0.855,-0.023,-0.509,-0.05,0.09,-0.03
474152828000000,73721,-0.859,-0.024,-0.52,0.05,-0.17,-0.34
474152859000000,73741,-0.857,-0.022,-0.512,0.18,0.03,-0.03
474152875000000,73761,-0.857,-0.021,-0.52,-0.06,0.27,0.19
474152890000000,73781,-0.854,-0.024,-0.514,0.15,0.18,-0.22
474152921000000,73801,-0.854,-0.023,-0.516,-0.13,0.31,0.4
474152937000000,73821,-0.854,-0.025,-0.515,0.01,0.14,-0.08
474152953000000,73841,-0.852,-0.023,-0.513,0.08,0.33,-0.27
474152968000000,73861,-0.854,-0.023,-0.511,0.02,0.04,0.1
474153000000000,73881,-0.857,-0.022,-0.515,0.0,-0.14,0.01
474153015000000,73901,-0.856,-0.025,-0.509,-0.04,-0.25,-0.02
474153031000000,73921,-0.857,-0.024,-0.509,-0.04,0.27,0.25
474153046000000,73941,-0.854,-0.026,-0.513,0.31,0.35,-0.15
474153078000000,73961,-0.857,-0.024,-0.521,-0.11,-0.36,-0.02
474153093000000,73981,-0.857,-0.022,-0.513,0.07,-0.04,0.05
474153109000000,74001,-0.857,-0.024,-0.515,0.05,0.01,0.18
474153140000000,74021,-0.858,-0.022,-0.511,0.08,0.4,-0.13
474153156000000,74041,-0.858,-0.02,-0.516,0.04,0.01,-0.1
474153171000000,74061,-0.859,-0.027,-0.515,0.1,0.09,0.05
474153187000000,74081,-0.856,-0.019,-0.512,0.08,0.01,0.03
474153218000000,74101,-0.857,-0.021,-0.515,0.2,-0.07,-0.18
474153234000000,74121,-0.855,-0.027,-0.512,-0.16,0.36,-0.04
474153250000000,74141,-0.859,-0.023,-0.519,-0.04,-0.16,0.14
474153281000000,74161,-0.855,-0.026,-0.519,-0.07,0.05,-0.02
474153296000000,74181,-0.855,-0.022,-0.51,-0.01,-0.16,-0.11
474153312000000,74201,-0.852,-0.026,-0.515,0.31,0.01,-0.27
474153328000000,74221,-0.853,-0.025,-0.517,0.23,0.06,0.07
474153359000000,74241,-0.854,-0.021,-0.509,0.12,-0.01,0.17
474153375000000,74261,-0.857,-0.021,-0.521,-0.11,0.22,0.16
474153390000000,74281,-0.856,-0.021,-0.522,0.04,0.33,-0.14
474153421000000,74301,-0.857,-0.022,-0.514,-0.07,0.26,0.06
474153437000000,74321,-0.858,-0.028,-0.517,-0.08,0.28,-0.09
474153453000000,74341,-0.857,-0.025,-0.517,-0.07,-0.23,-0.14
474153468000000,74361,-0.854,-0.027,-0.517,0.14,-0.06,0.01
474153500000000,74381,-0.855,-0.02,-0.517,0.0,0.09,0.03
474153515000000,74401,-0.856,-0.019,-0.517,0.12,-0.13,0.14
474153531000000,74421,-0.855,-0.024,-0.511,0.05,0.11,-0.12
474153562000000,74441,-0.857,-0.026,-0.519,0.06,0.38,-0.11
474153578000000,74461,-0.853,-0.026,-0.512,0.02,0.19,0.27
474153593000000,74481,-0.859,-0.025,-0.519,0.09,-0.44,-0.15
474153609000000,74501,-0.859,-0.025,-0.519,0.08,-0.06,-0.08
474153640000000,74521,-0.855,-0.021,-0.513,0.25,0.03,0.1
474153656000000,74541,-0.862,-0.027,-0.51,-0.07,-0.2,0.08
474153671000000,74561,-0.858,-0.022,-0.516,0.02,0.22,-0.18
474153687000000,74581,-0.862,-0.026,-0.513,-0.17,0.07,0.17
474153718000000,74601,-0.861,-0.024,-0.518,0.04,0.19,0.03
474153734000000,74621,-0.856,-0.029,-0.508,-0.22,-0.19,0.05
474153750000000,74641,-0.857,-0.027,-0.51,0.04,0.06,-0.07
474153781000000,74661,-0.859,-0.022,-0.514,-0.06,0.04,-0.1
474153796000000,74681,-0.855,-0.025,-0.513,0.05,0.04,-0.26
474153812000000,74701,-0.853,-0.026,-0.515,0.12,-0.09,0.01
474153828000000,74721,-0.859,-0.022,-0.52,0.1,0.13,0.17
474153859000000,74741,-0.86,-0.027,-0.515,-0.04,-0.03,0.15
474153875000000,74761,-0.86,-0.024,-0.516,-0.07,-0.35,-0.21
474153890000000,74781,-0.858,-0.022,-0.513,0.08,0.13,-0.15
474153921000000,74801,-0.857,-0.024,-0.511,0.18,-0.28,-0.08
474153937000000,74821,-0.858,-0.027,-0.514,0.13,-0.25,-0.28
474153953000000,74841,-0.855,-0.023,-0.51,0.16,-0.26,0.13
474153968000000,74861,-0.86,-0.024,-0.513,-0.07,0.09,0.02
474154000000000,74881,-0.855,-0.026,-0.517,0.0,0.01,-0.17
474154015000000,74901,-0.854,-0.029,-0.517,0.15,0.02,0.01
474154031000000,74921,-0.856,-0.024,-0.524,0.43,-0.12,0.05
474154062000000,74941,-0.852,-0.027,-0.511,0.05,-0.04,0.28
474154078000000,74961,-0.859,-0.022,-0.509,0.12,0.49,0.05
474154093000000,74981,-0.857,-0.025,-0.516,-0.1,-0.42,0.06
474154109000000,75001,-0.854,-0.021,-0.516,-0.27,0.01,-0.05
474154140000000,75021,-0.855,-0.021,-0.521,-0.23,0.04,-0.12
474154156000000,75041,-0.857,-0.025,-0.514,-0.31,-0.15,-0.15
474154171000000,75061,-0.856,-0.02,-0.515,0.28,-0.04,0.03
474154187000000,75081,-0.857,-0.023,-0.516,0.03,-0.15,0.02
474154218000000,75101,-0.853,-0.024,-0.509,-0.11,-0.21,-0.06
474154234000000,75121,-0.857,-0.025,-0.51,0.15,0.03,0.27
474154250000000,75141,-0.855,-0.027,-0.514,-0.06,-0.1,0.35
474154281000000,75161,-0.85,-0.024,-0.518,-0.1,-0.11,0.26
474154296000000,75181,-0.854,-0.025,-0.514,0.2,0.15,-0.16
474154312000000,75201,-0.86,-0.023,-0.515,0.09,-0.08,-0.24
474154328000000,75221,-0.862,-0.023,-0.517,0.12,-0.68,0.03
474154359000000,75241,-0.855,-0.028,-0.512,0.12,0.5,0.37
474154375000000,75261,-0.857,-0.024,-0.52,0.03,-0.36,-0.1
474154390000000,75281,-0.861,-0.025,-0.515,-0.35,-0.06,0.23
474154421000000,75301,-0.857,-0.025,-0.516,0.0,-0.14,0.37
474154437000000,75321,-0.855,-0.023,-0.508,-0.01,-0.28,0.12
474154453000000,75341,-0.859,-0.03,-0.516,-0.11,0.09,-0.04
474154468000000,75361,-0.856,-0.026,-0.509,-0.05,-0.07,0.05
474154500000000,75381,-0.855,-0.025,-0.514,0.13,0.14,0.06
474154515000000,75401,-0.856,-0.021,-0.515,-0.01,0.33,0.05
474154531000000,75421,-0.855,-0.023,-0.515,-0.19,-0.08,-0.08
474154546000000,75441,-0.856,-0.026,-0.522,0.33,-0.19,-0.19
474154578000000,75461,-0.857,-0.024,-0.516,-0.21,0.07,0.1
474154593000000,75481,-0.857,-0.025,-0.519,-0.18,-0.14,-0.0
474154609000000,75501,-0.858,-0.026,-0.519,0.07,0.08,-0.16
474154640000000,75521,-0.854,-0.025,-0.52,-0.07,0.21,0.02
474154656000000,75541,-0.856,-0.019,-0.508,0.0,-0.07,-0.0
474154671000000,75561,-0.86,-0.024,-0.518,0.18,-0.28,-0.06
474154687000000,75581,-0.857,-0.028,-0.525,0.02,-0.0,0.14
474154718000000,75601,-0.859,-0.024,-0.522,0.2,-0.4,0.11
474154734000000,75621,-0.858,-0.022,-0.517,0.18,-0.06,-0.08
474154750000000,75641,-0.852,-0.021,-0.515,0.24,0.17,-0.0
474154781000000,75661,-0.855,-0.019,-0.513,-0.02,0.2,-0.06
474154796000000,75681,-0.856,-0.022,-0.507,0.12,-0.18,-0.15
474154812000000,75701,-0.857,-0.028,-0.513,0.05,-0.05,-0.04
474154828000000,75721,-0.858,-0.023,-0.513,-0.01,0.05,0.32
474154859000000,75741,-0.856,-0.026,-0.518,-0.03,-0.12,-0.08
474154875000000,75761,-0.86,-0.021,-0.515,-0.21,0.12,0.02
474154890000000,75781,-0.858,-0.021,-0.519,0.05,-0.14,0.07
474154921000000,75801,-0.856,-0.021,-0.521,0.05,-0.02,0.08
474154937000000,75821,-0.855,-0.023,-0.518,-0.01,-0.03,0.22
474154953000000,75841,-0.856,-0.022,-0.514,0.11,-0.16,0.05
474154968000000,75861,-0.855,-0.023,-0.511,-0.2,0.01,0.07
474155000000000,75881,-0.853,-0.027,-0.508,-0.07,0.07,0.07
474155015000000,75901,-0.854,-0.028,-0.514,0.07,0.56,0.1
474155031000000,75921,-0.855,-0.021,-0.515,0.04,0.33,-0.05
474155046000000,75941,-0.856,-0.025,-0.515,-0.32,0.01,-0.06
474155078000000,75961,-0.856,-0.025,-0.515,-0.04,0.3,0.14
474155093000000,75981,-0.859,-0.022,-0.517,0.15,0.01,0.16
474155109000000,76001,-0.861,-0.023,-0.522,0.1,0.03,0.18
474155140000000,76021,-0.861,-0.024,-0.516,0.01,0.1,0.02
474155156000000,76041,-0.853,-0.022,-0.513,-0.11,-0.24,-0.16
474155171000000,76061,-0.859,-0.028,-0.512,-0.04,-0.05,-0.02
474155187000000,76081,-0.854,-0.024,-0.515,-0.04,-0.2,0.08
474155218000000,76101,-0.858,-0.021,-0.51,0.06,0.06,0.15
474155234000000,76121,-0.857,-0.025,-0.519,0.12,0.1,0.27
474155250000000,76141,-0.858,-0.027,-0.518,0.22,0.11,0.06
474155281000000,76161,-0.857,-0.027,-0.522,0.01,-0.1,-0.12
474155296000000,76181,-0.857,-0.028,-0.514,-0.09,-0.39,0.08
474155312000000,76201,-0.853,-0.021,-0.516,0.2,0.03,0.06
474155328000000,76221,-0.861,-0.026,-0.518,-0.01,-0.33,0.01
474155359000000,76241,-0.859,-0.025,-0.517,0.02,-0.2,0.11
474155375000000,76261,-0.853,-0.025,-0.522,-0.05,0.11,-0.14
474155390000000,76281,-0.857,-0.025,-0.519,-0.17,0.29,0.07
474155421000000,76301,-0.854,-0.022,-0.513,0.18,-0.18,-0.04
474155437000000,76321,-0.856,-0.021,-0.52,0.34,0.4,0.07
474155453000000,76341,-0.858,-0.023,-0.512,0.09,0.08,-0.0
474155468000000,76361,-0.857,-0.022,-0.51,0.08,-0.07,-0.15
474155500000000,76381,-0.858,-0.023,-0.508,-0.11,0.43,-0.12
474155515000000,76401,-0.856,-0.025,-0.513,-0.18,-0.09,-0.12
474155531000000,76421,-0.86,-0.022,-0.518,-0.07,0.07,0.11
474155546000000,76441,-0.859,-0.028,-0.512,0.12,-0.23,0.19
474155578000000,76461,-0.858,-0.02,-0.517,0.06,0.01,0.04
474155593000000,76481,-0.849,-0.024,-0.507,0.15,-0.06,-0.31
474155609000000,76501,-0.855,-0.018,-0.517,0.08,-0.21,-0.0
474155640000000,76521,-0.854,-0.023,-0.524,0.15,0.08,-0.04
474155656000000,76541,-0.86,-0.024,-0.52,0.04,-0.0,0.15
474155671000000,76561,-0.856,-0.028,-0.515,0.03,-0.27,0.08
474155687000000,76581,-0.859,-0.024,-0.518,0.02,0.11,-0.03
474155718000000,76601,-0.857,-0.026,-0.519,-0.12,0.21,-0.24
474155734000000,76621,-0.855,-0.025,-0.516,-0.04,-0.19,-0.03
474155750000000,76641,-0.859,-0.023,-0.51,-0.04,-0.2,-0.33
474155781000000,76661,-0.855,-0.023,-0.512,0.09,0.07,0.17
474155796000000,76681,-0.855,-0.022,-0.514,-0.13,-0.11,0.11
474155812000000,76701,-0.859,-0.025,-0.517,-0.01,-0.29,0.2
474155828000000,76721,-0.857,-0.029,-0.513,0.1,0.29,0.05
474155859000000,76741,-0.853,-0.027,-0.512,0.1,0.04,-0.08
474155875000000,76761,-0.855,-0.029,-0.514,0.01,-0.22,-0.01
474155890000000,76781,-0.859,-0.024,-0.522,-0.1,-0.19,0.01
474155906000000,76801,-0.854,-0.023,-0.519,0.01,0.08,0.13
474155937000000,76821,-0.854,-0.029,-0.518,0.07,0.11,-0.15
474155953000000,76841,-0.857,-0.023,-0.509,0.09,-0.07,-0.12
474155968000000,76861,-0.859,-0.024,-0.523,0.05,-0.02,0.09
474156000000000,76881,-0.859,-0.023,-0.518,-0.2,0.27,-0.0
474156015000000,76901,-0.854,-0.024,-0.521,0.16,-0.21,0.02
474156031000000,76921,-0.859,-0.023,-0.522,0.16,-0.09,-0.06
474156046000000,76941,-0.858,-0.024,-0.512,-0.13,-0.12,0.14
474156078000000,76961,-0.856,-0.026,-0.511,-0.03,0.19,-0.14
474156093000000,76981,-0.856,-0.032,-0.517,0.04,0.27,0.16
474156109000000,77001,-0.855,-0.025,-0.516,0.21,0.08,0.09
474156140000000,77021,-0.852,-0.028,-0.513,-0.04,0.12,-0.22
474156156000000,77041,-0.856,-0.019,-0.513,0.0,-0.19,-0.29
474156171000000,77061,-0.855,-0.025,-0.519,0.12,0.05,0.23
474156187000000,77081,-0.857,-0.025,-0.514,0.18,-0.19,0.12
474156218000000,77101,-0.859,-0.025,-0.518,-0.05,-0.09,-0.12
474156234000000,77121,-0.852,-0.024,-0.522,0.01,-0.31,-0.02
474156250000000,77141,-0.854,-0.022,-0.512,0.24,-0.17,0.13
474156281000000,77161,-0.854,-0.022,-0.509,0.33,0.17,-0.05
474156296000000,77181,-0.861,-0.021,-0.52,-0.01,0.29,-0.15
474156312000000,77201,-0.861,-0.023,-0.514,0.12,0.06,0.11
474156328000000,77221,-0.855,-0.022,-0.514,0.05,0.24,0.04
474156359000000,77241,-0.857,-0.022,-0.514,-0.08,-0.21,0.21
474156375000000,77261,-0.857,-0.021,-0.517,0.14,0.28,0.07
474156390000000,77281,-0.854,-0.024,-0.517,0.12,-0.14,-0.04
474156421000000,77301,-0.853,-0.023,-0.518,-0.11,-0.1,-0.2
474156437000000,77321,-0.854,-0.025,-0.511,0.05,-0.3,0.1
474156453000000,77341,-0.856,-0.026,-0.521,-0.2,0.4,0.19
474156468000000,77361,-0.853,-0.023,-0.514,0.26,0.06,0.13
474156500000000,77381,-0.859,-0.021,-0.511,-0.01,-0.06,-0.02
474156515000000,77401,-0.858,-0.023,-0.516,0.04,-0.19,0.15
474156531000000,77421,-0.854,-0.027,-0.514,-0.11,0.07,0.08
474156546000000,77441,-0.861,-0.026,-0.514,0.07,-0.22,0.1
474156578000000,77461,-0.856,-0.022,-0.517,-0.13,0.04,0.17
474156593000000,77481,-0.86,-0.022,-0.514,-0.03,0.15,0.04
474156609000000,77501,-0.856,-0.025,-0.509,0.01,0.31,0.04
474156640000000,77521,-0.855,-0.026,-0.513,-0.11,-0.15,-0.14
474156656000000,77541,-0.854,-0.02,-0.517,0.09,-0.28,-0.16
474156671000000,77561,-0.853,-0.027,-0.513,0.23,-0.22,-0.02
474156687000000,77581,-0.857,-0.022,-0.517,-0.17,0.23,-0.11
474156718000000,77601,-0.857,-0.025,-0.51,0.2,0.31,0.08
474156734000000,77621,-0.856,-0.023,-0.512,0.32,-0.02,0.23
474156750000000,77641,-0.857,-0.025,-0.511,0.06,-0.12,0.02
474156781000000,77661,-0.856,-0.024,-0.512,0.05,-0.06,-0.2
474156796000000,77681,-0.855,-0.02,-0.516,0.08,-0.09,-0.05
474156812000000,77701,-0.858,-0.022,-0.511,0.09,-0.07,0.08
474156828000000,77721,-0.856,-0.023,-0.51,-0.14,0.14,-0.1
474156859000000,77741,-0.855,-0.02,-0.516,-0.04,-0.16,-0.11
474156875000000,77761,-0.858,-0.024,-0.51,0.22,0.12,0.09
474156890000000,77781,-0.853,-0.019,-0.516,-0.11,-0.25,0.02
474156906000000,77801,-0.854,-0.026,-0.518,0.04,-0.12,0.34
474156937000000,77821,-0.853,-0.024,-0.513,-0.07,-0.05,-0.16
474156953000000,77841,-0.859,-0.023,-0.512,-0.22,-0.12,0.22
474156968000000,77861,-0.859,-0.025,-0.518,-0.17,0.04,-0.07
474157000000000,77881,-0.861,-0.021,-0.519,-0.01,-0.22,-0.18
474157015000000,77901,-0.858,-0.024,-0.521,-0.2,0.17,-0.05
474157031000000,77921,-0.858,-0.024,-0.519,-0.32,0.05,-0.16
474157046000000,77941,-0.852,-0.021,-0.515,0.03,0.06,-0.12
474157078000000,77961,-0.858,-0.025,-0.512,0.03,-0.03,0.15
474157093000000,77981,-0.854,-0.025,-0.516,0.2,-0.11,0.08
474157109000000,78001,-0.859,-0.022,-0.52,0.09,0.14,-0.02
474157140000000,78021,-0.855,-0.027,-0.518,0.13,0.05,-0.02
474157156000000,78041,-0.854,-0.023,-0.515,-0.05,0.03,0.11
474157171000000,78061,-0.854,-0.02,-0.518,-0.04,0.23,0.01
474157187000000,78081,-0.855,-0.025,-0.516,-0.03,-0.1,-0.11
474157218000000,78101,-0.857,-0.028,-0.518,-0.02,-0.39,-0.05
474157234000000,78121,-0.858,-0.022,-0.518,0.05,-0.25,0.1
474157250000000,78141,-0.854,-0.021,-0.513,0.11,0.09,0.01
474157281000000,78161,-0.857,-0.025,-0.516,-0.18,0.06,-0.21
474157296000000,78181,-0.853,-0.025,-0.517,0.01,-0.25,0.14
474157312000000,78201,-0.854,-0.022,-0.515,-0.11,-0.1,0.05
474157328000000,78221,-0.859,-0.027,-0.515,0.0,-0.06,-0.05
474157359000000,78241,-0.856,-0.022,-0.519,0.04,0.23,0.03
474157375000000,78261,-0.854,-0.024,-0.523,-0.22,-0.15,-0.03
474157390000000,78281,-0.854,-0.022,-0.516,0.1,0.08,0.03
474157406000000,78301,-0.856,-0.02,-0.513,-0.19,0.29,0.43
474157437000000,78321,-0.854,-0.024,-0.517,-0.06,0.09,0.03
474157453000000,78341,-0.854,-0.023,-0.52,0.16,-0.11,-0.02
474157468000000,78361,-0.856,-0.02,-0.517,0.02,0.09,-0.06
474157500000000,78381,-0.862,-0.029,-0.518,0.02,-0.11,0.04
474157515000000,78401,-0.857,-0.025,-0.514,0.08,-0.05,-0.02
474157531000000,78421,-0.849,-0.025,-0.519,0.15,0.19,0.17
474157562000000,78441,-0.852,-0.024,-0.51,0.02,-0.15,-0.05
474157578000000,78461,-0.855,-0.023,-0.518,0.05,-0.14,0.17
474157593000000,78481,-0.854,-0.025,-0.512,0.02,0.28,0.11
474157609000000,78501,-0.861,-0.025,-0.507,0.16,0.07,-0.05
474157640000000,78521,-0.857,-0.026,-0.516,0.16,0.11,-0.03
474157656000000,78541,-0.855,-0.021,-0.513,0.03,0.27,-0.01
474157671000000,78561,-0.854,-0.021,-0.516,0.12,-0.17,-0.03
474157687000000,78581,-0.854,-0.025,-0.518,-0.06,0.08,0.32
474157718000000,78601,-0.856,-0.026,-0.519,0.01,0.11,0.06
474157734000000,78621,-0.862,-0.024,-0.52,-0.14,-0.06,0.15
474157750000000,78641,-0.852,-0.027,-0.517,0.09,-0.09,-0.24
474157781000000,78661,-0.86,-0.022,-0.514,0.35,-0.03,0.04
474157796000000,78681,-0.853,-0.026,-0.515,0.02,0.02,-0.12
474157812000000,78701,-0.855,-0.024,-0.513,0.18,-0.2,0.18
474157828000000,78721,-0.858,-0.024,-0.516,0.12,0.14,-0.03
474157859000000,78741,-0.855,-0.022,-0.514,0.09,-0.14,-0.16
474157875000000,78761,-0.857,-0.025,-0.514,-0.08,0.05,0.06
474157890000000,78781,-0.853,-0.022,-0.519,-0.04,0.03,0.05
474157921000000,78801,-0.852,-0.028,-0.517,0.15,-0.01,0.11
474157937000000,78821,-0.859,-0.025,-0.51,0.0,-0.06,0.34
474157953000000,78841,-0.855,-0.024,-0.51,-0.18,0.04,-0.13
474157968000000,78861,-0.855,-0.024,-0.517,-0.07,-0.28,-0.01
474158000000000,78881,-0.859,-0.025,-0.512,0.17,0.05,0.13
474158015000000,78901,-0.858,-0.021,-0.516,-0.02,-0.34,0.08
474158031000000,78921,-0.861,-0.026,-0.512,0.07,0.16,0.14
474158062000000,78941,-0.853,-0.025,-0.509,-0.09,-0.12,0.04
474158078000000,78961,-0.858,-0.019,-0.516,-0.04,0.14,-0.18
474158093000000,78981,-0.852,-0.024,-0.518,-0.07,-0.03,0.02
474158109000000,79001,-0.851,-0.026,-0.513,-0.12,0.25,-0.18
474158140000000,79021,-0.855,-0.027,-0.513,0.05,-0.03,0.17
474158156000000,79041,-0.856,-0.025,-0.516,-0.14,-0.07,0.17
474158171000000,79061,-0.858,-0.028,-0.519,0.2,-0.09,0.01
474158187000000,79081,-0.858,-0.027,-0.519,-0.13,0.32,-0.01
474158218000000,79101,-0.857,-0.03,-0.518,0.09,0.05,-0.06
474158234000000,79121,-0.85,-0.023,-0.514,-0.14,-0.33,0.08
474158250000000,79141,-0.855,-0.026,-0.515,0.12,-0.19,-0.2
474158281000000,79161,-0.852,-0.024,-0.514,0.08,-0.18,0.17
474158296000000,79181,-0.861,-0.022,-0.511,0.12,0.07,-0.12
474158312000000,79201,-0.862,-0.027,-0.517,0.14,0.29,0.18
474158328000000,79221,-0.858,-0.019,-0.507,-0.08,0.22,-0.19
474158359000000,79241,-0.858,-0.021,-0.519,0.31,-0.1,-0.15
474158375000000,79261,-0.858,-0.025,-0.511,-0.06,0.01,0.08
474158390000000,79281,-0.854,-0.017,-0.513,0.05,0.14,-0.05
474158406000000,79301,-0.855,-0.026,-0.514,0.04,0.25,0.09
474158437000000,79321,-0.86,-0.025,-0.515,0.18,-0.03,0.08
474158453000000,79341,-0.856,-0.023,-0.516,0.0,0.06,-0.08
474158468000000,79361,-0.854,-0.028,-0.514,0.07,-0.19,-0.02
474158500000000,79381,-0.855,-0.024,-0.514,0.01,0.25,0.16
474158515000000,79401,-0.858,-0.024,-0.51,-0.06,-0.06,-0.19
474158531000000,79421,-0.858,-0.023,-0.513,0.05,-0.0,0.14
474158546000000,79441,-0.855,-0.026,-0.507,0.09,-0.2,0.17
474158578000000,79461,-0.858,-0.024,-0.517,0.0,0.17,0.06
474158593000000,79481,-0.857,-0.024,-0.518,0.1,0.01,-0.3
474158609000000,79501,-0.856,-0.025,-0.512,-0.18,0.17,0.14
474158640000000,79521,-0.86,-0.025,-0.521,0.05,-0.04,0.04
474158656000000,79541,-0.857,-0.026,-0.513,-0.2,0.17,-0.0
474158671000000,79561,-0.856,-0.02,-0.517,-0.01,0.08,0.16
474158687000000,79581,-0.857,-0.021,-0.514,0.21,0.04,0.12
474158718000000,79601,-0.861,-0.022,-0.52,0.03,-0.04,0.01
474158734000000,79621,-0.858,-0.024,-0.515,-0.17,-0.16,-0.15
474158750000000,79641,-0.857,-0.024,-0.515,-0.09,-0.01,-0.01
474158781000000,79661,-0.854,-0.021,-0.513,0.15,-0.2,0.04
474158796000000,79681,-0.855,-0.024,-0.517,0.02,-0.09,0.01
474158812000000,79701,-0.857,-0.025,-0.517,0.32,0.11,0.2
474158828000000,79721,-0.852,-0.023,-0.516,-0.01,0.23,-0.02
474158859000000,79741,-0.858,-0.024,-0.515,0.21,0.09,-0.28
474158875000000,79761,-0.856,-0.025,-0.518,-0.13,0.19,-0.11
474158890000000,79781,-0.857,-0.027,-0.514,-0.14,0.01,0.02
474158921000000,79801,-0.857,-0.029,-0.518,-0.16,-0.36,0.02
474158937000000,79821,-0.853,-0.022,-0.52,0.18,-0.24,0.04
474158953000000,79841,-0.856,-0.025,-0.52,0.08,0.3,0.06
474158968000000,79861,-0.857,-0.025,-0.515,-0.15,0.27,0.02
474159000000000,79881,-0.858,-0.025,-0.519,0.14,-0.09,0.11
474159015000000,79901,-0.858,-0.023,-0.515,-0.06,-0.08,-0.0
474159031000000,79921,-0.855,-0.028,-0.515,0.14,0.15,-0.04
474159046000000,79941,-0.857,-0.024,-0.515,0.04,0.48,0.2
474159078000000,79961,-0.853,-0.025,-0.511,-0.07,0.27,0.04
474159093000000,79981,-0.86,-0.02,-0.516,-0.19,0.04,0.12
474159109000000,80001,-0.857,-0.023,-0.519,0.05,-0.35,-0.14
474159140000000,80021,-0.855,-0.022,-0.518,0.16,0.27,-0.02
474159156000000,80041,-0.856,-0.026,-0.518,0.08,0.07,-0.1
474159171000000,80061,-0.853,-0.024,-0.515,0.17,-0.09,-0.1
474159187000000,80081,-0.861,-0.025,-0.512,0.05,-0.24,-0.04
474159218000000,80101,-0.855,-0.019,-0.516,0.09,-0.08,0.14
474159234000000,80121,-0.854,-0.024,-0.513,0.18,-0.09,-0.22
474159250000000,80141,-0.855,-0.024,-0.515,0.17,-0.01,0.01
474159265000000,80161,-0.854,-0.025,-0.518,0.15,0.06,0.01
474159296000000,80181,-0.856,-0.022,-0.516,-0.14,-0.26,-0.12
474159312000000,80201,-0.854,-0.025,-0.513,0.02,0.13,-0.09
474159328000000,80221,-0.862,-0.022,-0.516,-0.24,0.14,-0.13
474159359000000,80241,-0.859,-0.028,-0.524,0.15,-0.04,-0.24
474159375000000,80261,-0.857,-0.026,-0.515,-0.18,-0.03,0.23
474159390000000,80281,-0.86,-0.025,-0.503,0.11,-0.19,0.08
474159421000000,80301,-0.854,-0.022,-0.516,-0.08,-0.03,-0.16
474159437000000,80321,-0.852,-0.028,-0.517,-0.02,0.2,0.2
474159453000000,80341,-0.854,-0.026,-0.518,-0.01,-0.25,0.01
474159468000000,80361,-0.86,-0.023,-0.517,0.18,-0.31,-0.09
474159500000000,80381,-0.853,-0.021,-0.509,0.09,0.06,0.08
474159515000000,80401,-0.856,-0.026,-0.522,0.19,0.11,0.06
474159531000000,80421,-0.855,-0.022,-0.516,-0.13,-0.24,-0.13
474159546000000,80441,-0.855,-0.026,-0.515,-0.01,0.1,0.17
474159578000000,80461,-0.852,-0.024,-0.511,0.01,0.19,-0.2
474159593000000,80481,-0.855,-0.026,-0.514,-0.17,-0.07,-0.05
474159609000000,80501,-0.859,-0.022,-0.524,0.0,0.05,-0.04
474159640000000,80521,-0.857,-0.021,-0.515,0.09,0.13,0.14
474159656000000,80541,-0.855,-0.028,-0.51,-0.16,-0.06,0.06
474159671000000,80561,-0.855,-0.032,-0.508,-0.09,0.11,-0.34
474159687000000,80581,-0.857,-0.025,-0.511,0.07,0.13,0.27
474159718000000,80601,-0.854,-0.023,-0.514,0.07,0.1,0.34
474159734000000,80621,-0.856,-0.027,-0.514,-0.2,0.08,0.01
474159750000000,80641,-0.856,-0.024,-0.511,0.02,0.2,0.11
474159765000000,80661,-0.858,-0.026,-0.514,-0.01,0.02,0.01
474159796000000,80681,-0.854,-0.024,-0.512,-0.05,-0.24,-0.18
474159812000000,80701,-0.855,-0.022,-0.511,0.12,-0.04,0.03
474159828000000,80721,-0.856,-0.024,-0.512,-0.16,0.49,0.11
474159859000000,80741,-0.855,-0.024,-0.513,-0.03,-0.05,0.01
474159875000000,80761,-0.853,-0.021,-0.519,-0.24,-0.06,0.01
474159890000000,80781,-0.859,-0.023,-0.518,0.18,-0.04,0.17
474159906000000,80801,-0.856,-0.026,-0.522,0.0,0.16,-0.01
474159937000000,80821,-0.854,-0.025,-0.507,-0.36,0.07,-0.02
474159953000000,80841,-0.852,-0.026,-0.513,0.02,0.13,0.01
474159968000000,80861,-0.854,-0.025,-0.514,-0.06,0.11,-0.02
474160000000000,80881,-0.856,-0.026,-0.515,0.04,-0.02,0.02
474160015000000,80901,-0.854,-0.02,-0.521,-0.19,0.07,-0.03
474160031000000,80921,-0.856,-0.024,-0.515,0.19,-0.09,0.01
474160046000000,80941,-0.858,-0.026,-0.52,0.06,0.04,-0.04
474160078000000,80961,-0.859,-0.029,-0.516,-0.03,-0.02,-0.05
474160093000000,80981,-0.853,-0.023,-0.517,0.0,0.07,-0.12
474160109000000,81001,-0.857,-0.023,-0.521,0.2,0.02,0.21
474160140000000,81021,-0.853,-0.021,-0.515,-0.04,0.09,0.05
474160156000000,81041,-0.856,-0.024,-0.513,0.07,-0.19,0.05
474160171000000,81061,-0.86,-0.022,-0.512,0.16,-0.27,-0.21
474160187000000,81081,-0.861,-0.026,-0.515,0.12,-0.01,-0.06
474160218000000,81101,-0.856,-0.025,-0.508,-0.23,0.07,-0.08
474160234000000,81121,-0.855,-0.022,-0.518,0.16,0.16,0.13
474160250000000,81141,-0.86,-0.024,-0.518,-0.3,-0.02,0.08
474160281000000,81161,-0.856,-0.023,-0.519,-0.04,-0.3,0.17
474160296000000,81181,-0.86,-0.025,-0.519,0.0,-0.05,-0.09
474160312000000,81201,-0.856,-0.026,-0.522,-0.07,-0.01,-0.08
474160328000000,81221,-0.859,-0.019,-0.517,0.22,0.06,-0.03
474160359000000,81241,-0.853,-0.022,-0.518,-0.13,-0.22,-0.25
474160375000000,81261,-0.858,-0.023,-0.514,0.05,0.09,0.03
474160390000000,81281,-0.855,-0.024,-0.514,0.05,-0.05,-0.1
474160406000000,81301,-0.853,-0.026,-0.516,-0.17,0.05,-0.15
474160437000000,81321,-0.857,-0.022,-0.511,-0.1,0.12,-0.13
474160453000000,81341,-0.854,-0.026,-0.513,0.12,0.08,0.01
474160468000000,81361,-0.858,-0.023,-0.515,-0.26,0.11,-0.02
474160500000000,81381,-0.859,-0.023,-0.517,-0.12,0.03,-0.05
474160515000000,81401,-0.856,-0.023,-0.51,0.12,-0.04,0.11
474160531000000,81421,-0.855,-0.023,-0.519,-0.27,-0.31,0.19
474160546000000,81441,-0.856,-0.028,-0.523,0.07,-0.25,0.08
474160578000000,81461,-0.854,-0.022,-0.515,0.39,-0.09,0.24
474160593000000,81481,-0.86,-0.025,-0.522,-0.02,0.18,-0.08
474160609000000,81501,-0.857,-0.026,-0.512,0.02,-0.38,-0.11
474160640000000,81521,-0.856,-0.023,-0.514,0.13,-0.03,-0.24
474160656000000,81541,-0.855,-0.027,-0.508,-0.07,-0.15,-0.18
474160671000000,81561,-0.856,-0.022,-0.512,-0.07,0.36,-0.05
474160687000000,81581,-0.854,-0.024,-0.518,0.04,0.11,-0.09
474160718000000,81601,-0.858,-0.026,-0.517,-0.08,0.3,-0.09
474160734000000,81621,-0.851,-0.022,-0.514,0.08,-0.13,-0.25
474160750000000,81641,-0.851,-0.025,-0.512,0.0,0.07,-0.01
474160781000000,81661,-0.853,-0.028,-0.512,0.38,-0.08,-0.03
474160796000000,81681,-0.855,-0.025,-0.509,0.01,-0.12,-0.08
474160812000000,81701,-0.855,-0.025,-0.519,0.22,-0.38,-0.02
474160828000000,81721,-0.857,-0.022,-0.517,0.15,-0.22,0.01
474160859000000,81741,-0.854,-0.025,-0.518,-0.11,-0.19,0.17
474160875000000,81761,-0.857,-0.027,-0.516,0.11,0.16,0.05
474160890000000,81781,-0.857,-0.023,-0.512,-0.15,-0.04,-0.03
474160906000000,81801,-0.857,-0.022,-0.512,0.12,0.09,0.02
474160937000000,81821,-0.852,-0.024,-0.514,-0.14,-0.03,0.13
474160953000000,81841,-0.86,-0.028,-0.516,-0.17,-0.1,0.21
474160968000000,81861,-0.857,-0.023,-0.522,0.1,-0.12,-0.05
474161000000000,81881,-0.856,-0.026,-0.515,0.05,0.01,-0.12
474161015000000,81901,-0.858,-0.026,-0.507,-0.18,0.19,-0.08
474161031000000,81921,-0.861,-0.022,-0.514,-0.03,-0.09,0.04
474161046000000,81941,-0.858,-0.024,-0.513,0.2,-0.19,0.17
474161078000000,81961,-0.854,-0.021,-0.51,0.17,0.05,0.04
474161093000000,81981,-0.857,-0.029,-0.51,0.12,0.2,-0.01
474161109000000,82001,-0.858,-0.024,-0.514,0.15,-0.2,0.04
474161140000000,82021,-0.854,-0.022,-0.51,-0.21,0.23,-0.08
474161156000000,82041,-0.857,-0.023,-0.516,0.09,0.07,-0.02
474161171000000,82061,-0.853,-0.023,-0.513,0.18,-0.05,-0.18
474161187000000,82081,-0.861,-0.026,-0.511,0.06,-0.11,0.06
474161218000000,82101,-0.854,-0.023,-0.516,-0.09,-0.12,0.21
474161234000000,82121,-0.854,-0.025,-0.518,-0.14,0.08,0.1
474161250000000,82141,-0.858,-0.025,-0.515,-0.24,-0.05,-0.02
474161281000000,82161,-0.854,-0.021,-0.52,-0.07,-0.06,0.31
474161296000000,82181,-0.859,-0.025,-0.524,-0.04,-0.1,-0.04
474161312000000,82201,-0.855,-0.022,-0.512,0.01,-0.06,-0.05
474161328000000,82221,-0.86,-0.026,-0.514,-0.21,0.37,-0.02
474161359000000,82241,-0.863,-0.021,-0.518,-0.22,-0.24,-0.11
474161375000000,82261,-0.854,-0.024,-0.515,0.08,0.19,-0.01
474161390000000,82281,-0.86,-0.03,-0.515,0.23,-0.09,-0.08
474161406000000,82301,-0.855,-0.025,-0.509,0.16,0.07,0.05
474161437000000,82321,-0.853,-0.025,-0.511,0.27,-0.44,-0.12
474161453000000,82341,-0.851,-0.024,-0.515,0.18,0.01,-0.0
474161468000000,82361,-0.859,-0.025,-0.515,-0.11,-0.03,0.09
474161500000000,82381,-0.855,-0.022,-0.516,0.15,-0.29,-0.15
474161515000000,82401,-0.86,-0.025,-0.517,0.14,0.14,0.03
474161531000000,82421,-0.852,-0.028,-0.523,0.01,0.19,-0.03
474161546000000,82441,-0.855,-0.024,-0.52,0.03,0.27,-0.05
474161578000000,82461,-0.859,-0.022,-0.518,0.16,-0.0,0.03
474161593000000,82481,-0.86,-0.024,-0.518,-0.17,0.17,0.07
474161609000000,82501,-0.856,-0.023,-0.519,-0.01,-0.19,-0.05
474161640000000,82521,-0.855,-0.026,-0.513,0.22,0.16,0.17
474161656000000,82541,-0.856,-0.022,-0.509,0.08,0.08,-0.01
474161671000000,82561,-0.856,-0.021,-0.514,-0.07,0.54,0.19
474161687000000,82581,-0.857,-0.025,-0.52,0.15,-0.35,0.16
474161718000000,82601,-0.855,-0.023,-0.511,0.27,-0.15,-0.12
474161734000000,82621,-0.856,-0.023,-0.516,-0.09,0.17,0.06
474161750000000,82641,-0.859,-0.023,-0.518,0.12,-0.0,-0.0
474161781000000,82661,-0.857,-0.026,-0.52,-0.08,0.01,-0.01
474161796000000,82681,-0.857,-0.026,-0.516,0.07,0.06,0.21
474161812000000,82701,-0.856,-0.023,-0.516,0.11,-0.04,-0.08
474161828000000,82721,-0.854,-0.025,-0.516,0.01,0.28,0.11
474161859000000,82741,-0.856,-0.031,-0.515,0.09,-0.11,0.05
474161875000000,82761,-0.855,-0.023,-0.521,0.16,0.01,-0.15
474161890000000,82781,-0.858,-0.024,-0.523,0.08,-0.17,0.14
474161906000000,82801,-0.855,-0.02,-0.506,0.09,-0.19,0.2
474161937000000,82821,-0.858,-0.025,-0.511,0.37,-0.18,-0.03
474161953000000,82841,-0.855,-0.028,-0.519,0.22,-0.02,-0.15
474161968000000,82861,-0.854,-0.027,-0.516,-0.03,0.3,0.06
474162000000000,82881,-0.857,-0.022,-0.509,-0.09,-0.18,-0.08
474162015000000,82901,-0.855,-0.024,-0.518,0.12,0.36,-0.02
474162031000000,82921,-0.858,-0.024,-0.519,-0.14,-0.06,-0.02
474162046000000,82941,-0.854,-0.026,-0.513,0.09,0.25,0.14
474162078000000,82961,-0.856,-0.024,-0.511,-0.04,-0.0,-0.04
474162093000000,82981,-0.851,-0.026,-0.512,0.0,0.05,0.19
474162109000000,83001,-0.854,-0.022,-0.512,-0.06,0.04,-0.04
474162140000000,83021,-0.858,-0.023,-0.519,-0.01,-0.05,0.05
474162156000000,83041,-0.859,-0.027,-0.511,0.1,0.2,0.42
474162171000000,83061,-0.856,-0.023,-0.519,0.15,-0.2,-0.07
474162187000000,83081,-0.852,-0.027,-0.52,0.16,-0.06,-0.08
474162218000000,83101,-0.852,-0.026,-0.518,-0.08,0.06,0.01
474162234000000,83121,-0.858,-0.024,-0.515,0.01,-0.04,0.12
474162250000000,83141,-0.862,-0.021,-0.515,-0.15,-0.01,0.03
474162281000000,83161,-0.858,-0.023,-0.518,-0.1,-0.01,0.11
474162296000000,83181,-0.856,-0.021,-0.515,0.16,-0.04,0.06
474162312000000,83201,-0.856,-0.023,-0.519,0.12,0.23,0.24
474162328000000,83221,-0.854,-0.022,-0.517,-0.18,0.01,-0.18
474162359000000,83241,-0.856,-0.022,-0.516,0.24,0.31,0.13
474162375000000,83261,-0.849,-0.023,-0.52,-0.07,0.04,-0.02
474162390000000,83281,-0.857,-0.022,-0.518,0.22,-0.15,-0.03
474162421000000,83301,-0.861,-0.024,-0.507,0.02,-0.11,0.04
474162437000000,83321,-0.857,-0.024,-0.52,0.08,0.08,0.02
474162453000000,83341,-0.857,-0.021,-0.52,0.11,-0.09,-0.04
474162468000000,83361,-0.853,-0.025,-0.519,0.08,-0.06,-0.02
474162500000000,83381,-0.858,-0.027,-0.514,0.15,0.04,-0.01
474162515000000,83401,-0.855,-0.023,-0.513,0.02,-0.17,-0.23
474162531000000,83421,-0.857,-0.021,-0.515,-0.11,0.06,-0.01
474162546000000,83441,-0.857,-0.024,-0.517,0.25,0.21,0.26
474162578000000,83461,-0.856,-0.022,-0.516,-0.2,0.15,0.05
474162593000000,83481,-0.856,-0.024,-0.516,-0.02,0.16,0.02
474162609000000,83501,-0.858,-0.023,-0.523,-0.04,-0.17,-0.03
474162640000000,83521,-0.856,-0.023,-0.514,0.22,0.41,-0.02
474162656000000,83541,-0.856,-0.021,-0.516,0.19,-0.4,0.11
474162671000000,83561,-0.857,-0.024,-0.518,0.03,-0.41,-0.1
474162687000000,83581,-0.858,-0.023,-0.517,0.01,0.33,0.1
474162718000000,83601,-0.858,-0.026,-0.513,-0.2,-0.09,0.08
474162734000000,83621,-0.858,-0.026,-0.522,0.03,-0.16,0.1
474162750000000,83641,-0.856,-0.025,-0.517,0.19,-0.15,0.19
474162765000000,83661,-0.856,-0.026,-0.519,-0.2,0.11,0.11
474162796000000,83681,-0.853,-0.019,-0.515,0.13,-0.05,0.08
474162812000000,83701,-0.856,-0.025,-0.519,-0.02,-0.2,0.13
474162828000000,83721,-0.859,-0.023,-0.519,0.07,-0.27,-0.29
474162859000000,83741,-0.858,-0.026,-0.518,-0.06,-0.39,-0.09
474162875000000,83761,-0.856,-0.026,-0.518,-0.24,-0.0,-0.0
474162890000000,83781,-0.858,-0.022,-0.516,-0.17,0.22,-0.15
474162906000000,83801,-0.859,-0.022,-0.52,-0.06,0.2,0.09
474162937000000,83821,-0.859,-0.026,-0.51,-0.2,-0.15,-0.0
474162953000000,83841,-0.854,-0.023,-0.519,0.08,0.17,-0.03
474162968000000,83861,-0.855,-0.024,-0.516,-0.08,0.02,0.01
474163000000000,83881,-0.857,-0.024,-0.515,0.05,-0.04,0.02
474163015000000,83901,-0.855,-0.023,-0.513,-0.02,0.13,0.03
474163031000000,83921,-0.855,-0.027,-0.52,-0.13,-0.05,0.03
474163046000000,83941,-0.854,-0.024,-0.519,0.05,0.07,0.11
474163078000000,83961,-0.86,-0.022,-0.52,-0.07,0.04,0.05
474163093000000,83981,-0.855,-0.021,-0.519,-0.08,-0.22,0.19
474163109000000,84001,-0.86,-0.026,-0.51,-0.03,0.14,0.07
474163140000000,84021,-0.858,-0.027,-0.517,-0.14,0.14,0.02
474163156000000,84041,-0.853,-0.024,-0.506,-0.1,0.11,-0.13
474163171000000,84061,-0.855,-0.025,-0.513,0.07,-0.35,0.06
474163187000000,84081,-0.855,-0.025,-0.516,0.15,-0.15,-0.12
474163218000000,84101,-0.858,-0.021,-0.517,-0.07,-0.22,-0.08
474163234000000,84121,-0.855,-0.027,-0.517,-0.02,0.12,-0.01
474163250000000,84141,-0.854,-0.023,-0.515,0.25,0.3,0.12
474163281000000,84161,-0.856,-0.022,-0.515,0.15,-0.38,-0.08
474163296000000,84181,-0.859,-0.023,-0.519,0.16,-0.03,-0.13
474163312000000,84201,-0.859,-0.023,-0.513,-0.05,-0.12,0.1
474163328000000,84221,-0.857,-0.025,-0.518,0.06,-0.1,0.12
474163359000000,84241,-0.859,-0.021,-0.515,0.02,0.23,-0.01
474163375000000,84261,-0.857,-0.024,-0.515,0.08,0.28,0.14
474163390000000,84281,-0.858,-0.027,-0.512,-0.11,0.23,0.05
474163406000000,84301,-0.851,-0.024,-0.518,-0.14,0.17,-0.03
474163437000000,84321,-0.862,-0.026,-0.516,0.27,-0.06,-0.19
474163453000000,84341,-0.858,-0.026,-0.517,-0.04,-0.02,-0.06
474163468000000,84361,-0.853,-0.024,-0.519,-0.03,-0.11,0.02
474163500000000,84381,-0.857,-0.025,-0.516,-0.12,0.01,-0.03
474163515000000,84401,-0.861,-0.028,-0.522,0.16,-0.15,0.05
474163531000000,84421,-0.855,-0.027,-0.515,0.15,-0.24,0.08
474163546000000,84441,-0.853,-0.024,-0.516,0.22,0.03,-0.06
474163578000000,84461,-0.857,-0.024,-0.517,0.17,0.27,0.11
474163593000000,84481,-0.856,-0.023,-0.52,0.18,-0.19,-0.28
474163609000000,84501,-0.852,-0.027,-0.524,0.02,0.08,0.03
474163640000000,84521,-0.858,-0.03,-0.518,-0.04,0.01,-0.04
474163656000000,84541,-0.857,-0.025,-0.518,-0.15,0.14,-0.04
474163671000000,84561,-0.858,-0.024,-0.521,-0.01,0.35,-0.26
474163687000000,84581,-0.858,-0.022,-0.52,0.13,0.05,0.05
474163718000000,84601,-0.856,-0.023,-0.515,0.15,-0.06,-0.19
474163734000000,84621,-0.857,-0.025,-0.518,-0.16,-0.29,0.05
474163750000000,84641,-0.854,-0.023,-0.514,0.07,-0.11,-0.05
474163765000000,84661,-0.861,-0.025,-0.509,0.1,-0.25,-0.1
474163796000000,84681,-0.856,-0.029,-0.515,-0.07,-0.39,0.12
474163812000000,84701,-0.855,-0.02,-0.511,0.07,0.36,-0.25
474163828000000,84721,-0.852,-0.021,-0.512,-0.06,-0.09,0.14
474163859000000,84741,-0.854,-0.025,-0.523,0.04,-0.21,0.11
474163875000000,84761,-0.857,-0.022,-0.517,-0.03,0.23,0.23
474163890000000,84781,-0.856,-0.023,-0.512,0.46,0.27,-0.05
474163906000000,84801,-0.853,-0.027,-0.514,-0.18,0.44,-0.18
474163937000000,84821,-0.858,-0.023,-0.519,0.03,0.11,-0.17
474163953000000,84841,-0.857,-0.023,-0.51,0.04,0.15,0.08
474163968000000,84861,-0.854,-0.025,-0.513,-0.18,0.09,-0.02
474164000000000,84881,-0.857,-0.024,-0.513,0.15,-0.02,-0.01
474164015000000,84901,-0.857,-0.026,-0.51,-0.09,0.25,-0.05
474164031000000,84921,-0.853,-0.026,-0.519,-0.2,-0.14,-0.0
474164046000000,84941,-0.861,-0.025,-0.521,-0.11,0.11,-0.08
474164078000000,84961,-0.853,-0.023,-0.514,-0.01,0.14,-0.07
474164093000000,84981,-0.857,-0.021,-0.512,0.13,0.07,0.01
474164109000000,85001,-0.854,-0.022,-0.517,0.02,-0.21,-0.09
474164140000000,85021,-0.86,-0.025,-0.516,0.22,0.28,-0.13
474164156000000,85041,-0.856,-0.027,-0.516,-0.06,0.08,0.05
474164171000000,85061,-0.857,-0.024,-0.514,-0.14,-0.08,0.06
474164187000000,85081,-0.852,-0.027,-0.515,0.18,0.24,0.04
474164218000000,85101,-0.857,-0.026,-0.522,-0.04,0.11,-0.18
474164234000000,85121,-0.862,-0.02,-0.517,-0.11,0.05,0.12
474164250000000,85141,-0.855,-0.022,-0.517,0.15,0.2,-0.02
474164281000000,85161,-0.86,-0.026,-0.516,0.11,0.16,-0.0
474164296000000,85181,-0.854,-0.027,-0.515,-0.07,0.06,0.15
474164312000000,85201,-0.857,-0.024,-0.521,-0.17,-0.24,-0.02
474164328000000,85221,-0.859,-0.023,-0.515,-0.06,0.08,-0.15
474164359000000,85241,-0.854,-0.026,-0.514,-0.11,0.08,-0.07
474164375000000,85261,-0.858,-0.026,-0.509,0.18,0.1,0.09
474164390000000,85281,-0.857,-0.024,-0.511,-0.23,0.15,0.18
474164421000000,85301,-0.855,-0.026,-0.521,-0.11,-0.04,0.05
474164437000000,85321,-0.85,-0.026,-0.517,0.07,-0.17,-0.04
474164453000000,85341,-0.855,-0.029,-0.517,-0.14,-0.15,-0.1
474164468000000,85361,-0.856,-0.026,-0.514,-0.1,0.04,0.08
474164500000000,85381,-0.855,-0.027,-0.515,0.3,-0.08,-0.04
474164515000000,85401,-0.857,-0.025,-0.514,-0.07,-0.02,0.01
474164531000000,85421,-0.857,-0.025,-0.516,0.04,0.13,-0.08
474164546000000,85441,-0.856,-0.025,-0.519,-0.16,0.15,-0.05
474164578000000,85461,-0.857,-0.023,-0.515,-0.33,0.17,0.17
474164593000000,85481,-0.858,-0.026,-0.515,0.15,0.04,-0.25
474164609000000,85501,-0.852,-0.021,-0.516,0.05,0.22,-0.11
474164640000000,85521,-0.858,-0.023,-0.51,0.17,-0.06,0.19
474164656000000,85541,-0.855,-0.022,-0.513,0.0,0.18,-0.08
474164671000000,85561,-0.852,-0.029,-0.512,-0.2,0.11,-0.15
474164687000000,85581,-0.855,-0.021,-0.515,-0.07,0.04,0.18
474164718000000,85601,-0.857,-0.028,-0.516,0.11,-0.22,-0.01
474164734000000,85621,-0.859,-0.025,-0.516,0.3,-0.16,0.13
474164750000000,85641,-0.854,-0.025,-0.522,0.15,0.08,0.04
474164781000000,85661,-0.856,-0.025,-0.514,-0.01,0.09,-0.0
474164796000000,85681,-0.86,-0.025,-0.516,0.13,0.34,-0.02
474164812000000,85701,-0.857,-0.026,-0.512,0.01,-0.02,0.49
474164828000000,85721,-0.859,-0.026,-0.52,0.08,-0.14,0.02
474164859000000,85741,-0.852,-0.025,-0.511,0.02,0.07,-0.1
474164875000000,85761,-0.855,-0.024,-0.519,0.15,-0.07,-0.12
474164890000000,85781,-0.855,-0.026,-0.509,-0.07,0.2,0.3
474164906000000,85801,-0.855,-0.023,-0.516,-0.07,-0.21,-0.12
474164937000000,85821,-0.86,-0.025,-0.516,0.06,-0.02,0.05
474164953000000,85841,-0.859,-0.027,-0.517,-0.08,-0.0,-0.08
474164968000000,85861,-0.857,-0.024,-0.518,0.13,0.27,-0.02
474165000000000,85881,-0.858,-0.021,-0.512,-0.14,-0.08,0.11
474165015000000,85901,-0.852,-0.023,-0.518,-0.01,-0.06,-0.15
474165031000000,85921,-0.856,-0.02,-0.517,-0.01,0.22,0.02
474165046000000,85941,-0.857,-0.027,-0.519,-0.11,0.34,0.08
474165078000000,85961,-0.854,-0.024,-0.512,-0.07,0.04,-0.14
474165093000000,85981,-0.856,-0.028,-0.512,0.12,0.09,-0.12
474165109000000,86001,-0.857,-0.024,-0.519,0.15,-0.09,-0.05
474165140000000,86021,-0.856,-0.029,-0.519,0.09,0.26,0.17
474165156000000,86041,-0.857,-0.026,-0.517,0.15,0.04,0.25
474165171000000,86061,-0.858,-0.026,-0.518,0.15,-0.03,0.16
474165187000000,86081,-0.859,-0.024,-0.513,-0.04,0.04,0.17
474165218000000,86101,-0.855,-0.026,-0.51,0.0,-0.04,-0.18
474165234000000,86121,-0.855,-0.025,-0.52,0.02,-0.24,0.25
474165250000000,86141,-0.859,-0.028,-0.517,-0.01,-0.15,-0.3
474165281000000,86161,-0.859,-0.023,-0.52,0.02,0.2,0.04
474165296000000,86181,-0.853,-0.023,-0.513,-0.04,-0.18,-0.09
474165312000000,86201,-0.856,-0.027,-0.508,0.39,-0.1,0.16
474165328000000,86221,-0.861,-0.025,-0.514,-0.01,0.17,0.11
474165359000000,86241,-0.857,-0.023,-0.52,-0.06,0.11,-0.02
474165375000000,86261,-0.855,-0.025,-0.514,-0.12,-0.03,0.08
474165390000000,86281,-0.853,-0.025,-0.521,-0.04,-0.27,0.15
474165421000000,86301,-0.854,-0.025,-0.512,0.01,0.2,-0.03
474165437000000,86321,-0.855,-0.027,-0.513,-0.33,0.04,-0.13
474165453000000,86341,-0.855,-0.022,-0.516,0.02,0.13,0.24
474165468000000,86361,-0.86,-0.022,-0.519,-0.27,-0.28,-0.09
474165500000000,86381,-0.854,-0.023,-0.517,0.02,-0.29,0.05
474165515000000,86401,-0.855,-0.022,-0.522,-0.06,-0.06,0.06
474165531000000,86421,-0.857,-0.023,-0.523,0.22,0.23,-0.04
474165546000000,86441,-0.855,-0.026,-0.512,0.1,-0.26,0.05
474165578000000,86461,-0.855,-0.024,-0.514,0.05,0.19,0.11
474165593000000,86481,-0.855,-0.022,-0.513,0.05,0.11,0.05
474165609000000,86501,-0.861,-0.028,-0.517,0.02,0.19,-0.14
474165640000000,86521,-0.856,-0.028,-0.516,0.09,0.21,-0.13
474165656000000,86541,-0.856,-0.026,-0.521,-0.16,-0.06,-0.13
474165671000000,86561,-0.856,-0.022,-0.514,-0.26,0.02,0.24
474165687000000,86581,-0.859,-0.027,-0.52,0.13,0.17,-0.03
474165718000000,86601,-0.855,-0.023,-0.515,-0.01,-0.12,0.06
474165734000000,86621,-0.855,-0.024,-0.51,0.44,-0.12,0.07
474165750000000,86641,-0.853,-0.025,-0.516,0.02,-0.06,-0.21
474165781000000,86661,-0.855,-0.022,-0.522,0.01,-0.14,0.05
474165796000000,86681,-0.858,-0.025,-0.515,-0.07,-0.06,-0.12
474165812000000,86701,-0.856,-0.022,-0.519,0.01,-0.24,-0.0
474165828000000,86721,-0.856,-0.025,-0.512,-0.02,-0.02,-0.01
474165859000000,86741,-0.855,-0.024,-0.52,0.01,0.11,0.13
474165875000000,86761,-0.854,-0.024,-0.506,-0.17,0.17,-0.08
474165890000000,86781,-0.857,-0.023,-0.521,-0.07,-0.01,-0.01
474165906000000,86801,-0.861,-0.024,-0.515,0.02,-0.05,0.15
474165937000000,86821,-0.853,-0.024,-0.518,0.15,-0.06,-0.02
474165953000000,86841,-0.854,-0.024,-0.516,-0.19,0.04,-0.15
474165968000000,86861,-0.855,-0.023,-0.518,-0.14,-0.08,-0.07
474166000000000,86881,-0.856,-0.017,-0.511,0.12,0.2,0.09
474166015000000,86901,-0.86,-0.022,-0.518,0.19,-0.09,0.04
474166031000000,86921,-0.86,-0.025,-0.521,0.05,-0.02,-0.05
474166046000000,86941,-0.859,-0.022,-0.522,0.05,0.24,-0.02
474166078000000,86961,-0.854,-0.024,-0.517,0.24,0.17,-0.06
474166093000000,86981,-0.854,-0.023,-0.515,0.04,-0.04,0.08
474166109000000,87001,-0.857,-0.024,-0.514,0.05,-0.13,-0.03
474166140000000,87021,-0.851,-0.025,-0.511,0.12,0.14,-0.0
474166156000000,87041,-0.856,-0.029,-0.509,-0.11,0.06,0.15
474166171000000,87061,-0.861,-0.027,-0.519,-0.05,-0.0,0.09
474166187000000,87081,-0.855,-0.024,-0.511,0.12,-0.12,-0.11
474166218000000,87101,-0.855,-0.025,-0.51,-0.01,0.11,-0.08
474166234000000,87121,-0.856,-0.023,-0.517,-0.02,-0.2,-0.33
474166250000000,87141,-0.861,-0.022,-0.507,0.12,-0.14,0.09
474166281000000,87161,-0.86,-0.024,-0.512,-0.15,0.03,0.11
474166296000000,87181,-0.857,-0.024,-0.515,0.18,0.07,-0.08
474166312000000,87201,-0.858,-0.022,-0.511,0.01,0.15,-0.25
474166328000000,87221,-0.854,-0.027,-0.516,-0.04,0.04,-0.01
474166359000000,87241,-0.858,-0.025,-0.518,-0.19,-0.39,-0.02
474166375000000,87261,-0.858,-0.023,-0.51,0.15,-0.05,0.11
474166390000000,87281,-0.855,-0.022,-0.514,0.29,-0.07,-0.07
474166421000000,87301,-0.857,-0.026,-0.512,-0.21,0.32,0.08
474166437000000,87321,-0.854,-0.027,-0.512,0.22,0.37,0.3
474166453000000,87341,-0.856,-0.025,-0.514,-0.08,-0.18,-0.08
474166468000000,87361,-0.855,-0.027,-0.513,-0.14,-0.2,-0.12
474166500000000,87381,-0.857,-0.024,-0.514,0.15,-0.08,-0.05
474166515000000,87401,-0.856,-0.026,-0.507,0.16,0.14,0.28
474166531000000,87421,-0.857,-0.025,-0.518,0.17,-0.08,0.07
474166546000000,87441,-0.856,-0.026,-0.519,0.15,-0.02,-0.15
474166578000000,87461,-0.861,-0.025,-0.508,0.15,0.08,-0.05
474166593000000,87481,-0.857,-0.027,-0.516,0.13,0.03,0.03
474166609000000,87501,-0.859,-0.025,-0.513,-0.06,-0.41,0.11
474166640000000,87521,-0.859,-0.024,-0.514,0.08,0.04,0.06
474166656000000,87541,-0.857,-0.019,-0.512,-0.11,0.29,-0.05
474166671000000,87561,-0.853,-0.024,-0.526,-0.04,-0.02,0.06
474166687000000,87581,-0.855,-0.024,-0.518,0.31,0.28,0.04
474166718000000,87601,-0.856,-0.025,-0.514,0.05,-0.0,-0.21
474166734000000,87621,-0.859,-0.025,-0.518,0.13,0.07,-0.16
474166750000000,87641,-0.855,-0.021,-0.513,-0.01,0.23,-0.07
474166781000000,87661,-0.857,-0.025,-0.514,0.09,-0.03,0.13
474166796000000,87681,-0.857,-0.024,-0.511,-0.04,0.07,0.08
474166812000000,87701,-0.852,-0.024,-0.51,-0.08,-0.18,0.2
474166828000000,87721,-0.857,-0.027,-0.523,0.11,0.03,0.02
474166859000000,87741,-0.857,-0.03,-0.515,0.18,0.39,-0.06
474166875000000,87761,-0.86,-0.028,-0.524,0.1,0.15,0.09
474166890000000,87781,-0.856,-0.022,-0.516,-0.04,-0.21,-0.2
474166906000000,87801,-0.853,-0.022,-0.52,0.05,-0.0,-0.12
474166937000000,87821,-0.855,-0.028,-0.516,-0.14,-0.27,0.04
474166953000000,87841,-0.858,-0.024,-0.52,-0.11,0.24,-0.07
474166968000000,87861,-0.857,-0.024,-0.512,0.2,0.05,0.11
474167000000000,87881,-0.856,-0.022,-0.511,-0.01,0.07,-0.05
474167015000000,87901,-0.853,-0.022,-0.514,-0.11,0.05,0.03
474167031000000,87921,-0.856,-0.022,-0.512,0.15,-0.02,-0.12
474167046000000,87941,-0.854,-0.021,-0.516,0.01,0.01,-0.21
474167078000000,87961,-0.856,-0.026,-0.519,-0.24,-0.08,0.03
474167093000000,87981,-0.859,-0.025,-0.511,-0.1,-0.16,0.15
474167109000000,88001,-0.855,-0.025,-0.516,0.16,0.23,-0.03
474167140000000,88021,-0.857,-0.025,-0.512,0.23,0.08,0.11
474167156000000,88041,-0.855,-0.026,-0.511,0.03,0.11,0.29
474167171000000,88061,-0.854,-0.02,-0.515,-0.12,-0.12,-0.12
474167187000000,88081,-0.86,-0.021,-0.517,0.18,0.17,-0.16
474167218000000,88101,-0.853,-0.024,-0.518,-0.04,-0.14,-0.13
474167234000000,88121,-0.857,-0.026,-0.519,-0.04,-0.28,0.05
474167250000000,88141,-0.857,-0.023,-0.513,0.26,-0.21,-0.05
474167281000000,88161,-0.859,-0.02,-0.52,0.16,-0.03,-0.07
474167296000000,88181,-0.853,-0.023,-0.511,-0.01,0.27,0.18
474167312000000,88201,-0.854,-0.024,-0.508,0.12,-0.02,-0.05
474167328000000,88221,-0.854,-0.022,-0.513,-0.07,0.15,-0.16
474167359000000,88241,-0.86,-0.022,-0.51,-0.04,0.01,0.09
474167375000000,88261,-0.861,-0.02,-0.513,-0.17,0.12,-0.05
474167390000000,88281,-0.853,-0.024,-0.512,0.12,0.04,-0.04
474167406000000,88301,-0.857,-0.022,-0.516,0.13,-0.04,-0.01
474167437000000,88321,-0.851,-0.022,-0.511,0.22,-0.15,0.27
474167453000000,88341,-0.858,-0.024,-0.514,-0.01,-0.19,0.08
474167468000000,88361,-0.855,-0.024,-0.511,0.03,0.09,0.05
474167500000000,88381,-0.857,-0.023,-0.514,0.02,-0.22,-0.0
474167515000000,88401,-0.857,-0.021,-0.513,0.01,0.01,0.02
474167531000000,88421,-0.859,-0.027,-0.512,0.13,-0.07,0.21
474167546000000,88441,-0.855,-0.022,-0.517,0.01,0.2,0.21
474167578000000,88461,-0.855,-0.025,-0.512,0.09,-0.12,-0.07
474167593000000,88481,-0.858,-0.022,-0.515,0.26,-0.1,0.13
474167609000000,88501,-0.856,-0.023,-0.518,-0.02,0.04,-0.02
474167640000000,88521,-0.857,-0.02,-0.518,0.16,-0.01,0.08
474167656000000,88541,-0.855,-0.025,-0.52,0.21,-0.14,-0.15
474167671000000,88561,-0.859,-0.025,-0.507,-0.03,0.18,-0.08
474167687000000,88581,-0.857,-0.023,-0.516,0.06,0.06,0.12
474167718000000,88601,-0.857,-0.027,-0.518,0.09,-0.31,0.05
474167734000000,88621,-0.852,-0.026,-0.512,-0.01,-0.09,0.01
474167750000000,88641,-0.853,-0.025,-0.512,0.31,-0.08,-0.16
474167781000000,88661,-0.853,-0.025,-0.517,-0.04,-0.04,0.12
474167796000000,88681,-0.857,-0.022,-0.519,-0.17,-0.01,-0.05
474167812000000,88701,-0.856,-0.026,-0.509,0.03,-0.29,0.05
474167828000000,88721,-0.853,-0.023,-0.515,0.04,0.03,-0.02
474167859000000,88741,-0.859,-0.026,-0.514,-0.11,0.03,0.14
474167875000000,88761,-0.859,-0.022,-0.51,0.02,-0.07,-0.12
474167890000000,88781,-0.86,-0.026,-0.516,0.19,-0.34,0.17
474167906000000,88801,-0.858,-0.031,-0.512,0.11,0.16,0.04
474167937000000,88821,-0.857,-0.027,-0.518,0.23,-0.16,-0.1
474167953000000,88841,-0.857,-0.026,-0.516,0.03,0.15,0.1
474167968000000,88861,-0.857,-0.022,-0.512,-0.14,-0.13,-0.27
474168000000000,88881,-0.858,-0.022,-0.519,-0.23,0.04,-0.01
474168015000000,88901,-0.855,-0.022,-0.507,-0.04,0.23,0.11
474168031000000,88921,-0.856,-0.021,-0.515,0.22,0.1,-0.21
474168046000000,88941,-0.858,-0.025,-0.512,0.28,-0.15,0.1
474168078000000,88961,-0.856,-0.026,-0.518,0.22,0.01,-0.29
474168093000000,88981,-0.855,-0.028,-0.519,-0.05,-0.24,-0.02
474168109000000,89001,-0.858,-0.025,-0.514,-0.06,0.06,0.12
474168140000000,89021,-0.853,-0.025,-0.509,-0.06,0.01,0.32
474168156000000,89041,-0.856,-0.02,-0.512,0.02,-0.16,0.03
474168171000000,89061,-0.855,-0.023,-0.517,0.09,0.38,-0.09
474168187000000,89081,-0.857,-0.027,-0.517,0.05,-0.38,0.03
474168218000000,89101,-0.856,-0.024,-0.512,-0.2,-0.25,-0.19
474168234000000,89121,-0.855,-0.02,-0.513,-0.11,-0.05,0.28
474168250000000,89141,-0.854,-0.025,-0.515,0.18,0.14,-0.02
474168281000000,89161,-0.86,-0.026,-0.515,0.02,-0.13,-0.2
474168296000000,89181,-0.854,-0.022,-0.51,0.16,0.17,-0.05
474168312000000,89201,-0.856,-0.025,-0.511,0.09,0.04,0.02
474168328000000,89221,-0.858,-0.021,-0.513,0.12,-0.09,-0.1
474168359000000,89241,-0.855,-0.023,-0.518,-0.09,0.12,0.01
474168375000000,89261,-0.857,-0.023,-0.513,-0.16,0.33,-0.06
474168390000000,89281,-0.857,-0.025,-0.516,0.18,-0.16,0.11
474168406000000,89301,-0.857,-0.024,-0.512,-0.09,-0.2,0.27
474168437000000,89321,-0.855,-0.023,-0.515,-0.18,-0.21,-0.08
474168453000000,89341,-0.86,-0.024,-0.519,0.15,0.2,0.17
474168468000000,89361,-0.861,-0.024,-0.518,-0.08,0.25,-0.1
474168500000000,89381,-0.855,-0.022,-0.513,0.08,0.09,-0.12
474168515000000,89401,-0.856,-0.024,-0.516,0.32,-0.13,-0.26
474168531000000,89421,-0.853,-0.025,-0.513,-0.01,0.27,-0.25
474168546000000,89441,-0.859,-0.023,-0.513,-0.11,0.33,0.22
474168578000000,89461,-0.856,-0.02,-0.515,-0.19,-0.6,-0.04
474168593000000,89481,-0.856,-0.025,-0.516,0.24,-0.31,-0.08
474168609000000,89501,-0.856,-0.024,-0.515,0.03,-0.25,0.2
474168640000000,89521,-0.854,-0.022,-0.515,0.2,-0.32,-0.19
474168656000000,89541,-0.854,-0.022,-0.515,0.02,0.14,0.04
474168671000000,89561,-0.856,-0.022,-0.519,-0.13,0.07,0.12
474168687000000,89581,-0.857,-0.026,-0.51,0.1,0.18,0.21
474168718000000,89601,-0.858,-0.027,-0.516,0.2,-0.07,0.12
474168734000000,89621,-0.853,-0.025,-0.51,-0.06,-0.2,-0.05
474168750000000,89641,-0.858,-0.026,-0.512,0.1,0.4,0.11
474168781000000,89661,-0.857,-0.023,-0.517,0.31,0.05,0.14
474168796000000,89681,-0.858,-0.025,-0.507,-0.08,0.29,0.14
474168812000000,89701,-0.857,-0.025,-0.519,0.02,0.39,-0.1
474168828000000,89721,-0.851,-0.021,-0.52,0.12,-0.35,0.08
474168859000000,89741,-0.86,-0.022,-0.51,-0.1,0.17,-0.07
474168875000000,89761,-0.857,-0.024,-0.512,-0.04,-0.09,0.04
474168890000000,89781,-0.855,-0.024,-0.518,0.1,0.15,0.21
474168906000000,89801,-0.862,-0.021,-0.52,0.07,-0.2,0.09
474168937000000,89821,-0.855,-0.02,-0.517,-0.15,-0.35,0.07
474168953000000,89841,-0.858,-0.022,-0.515,0.22,0.03,-0.14
474168968000000,89861,-0.859,-0.022,-0.519,-0.06,-0.25,0.15
474169000000000,89881,-0.856,-0.02,-0.515,-0.3,-0.04,-0.12
474169015000000,89901,-0.857,-0.027,-0.514,0.17,0.38,0.3
474169031000000,89921,-0.857,-0.023,-0.517,0.41,0.07,-0.08
474169046000000,89941,-0.857,-0.022,-0.509,0.13,-0.17,0.21
474169078000000,89961,-0.856,-0.025,-0.508,-0.18,0.22,0.08
474169093000000,89981,-0.858,-0.025,-0.519,-0.07,-0.14,0.19
474169109000000,90001,-0.858,-0.023,-0.52,-0.07,-0.25,0.14
474169140000000,90021,-0.854,-0.022,-0.516,-0.15,0.08,0.09
474169156000000,90041,-0.857,-0.024,-0.516,-0.27,0.17,0.02
474169171000000,90061,-0.855,-0.022,-0.512,-0.03,-0.32,-0.02
474169187000000,90081,-0.856,-0.027,-0.513,0.05,-0.35,0.11
474169218000000,90101,-0.862,-0.027,-0.51,-0.01,-0.27,0.11
474169234000000,90121,-0.855,-0.029,-0.518,0.08,-0.23,-0.12
474169250000000,90141,-0.86,-0.02,-0.516,0.09,0.32,0.04
474169265000000,90161,-0.854,-0.024,-0.525,0.12,-0.06,0.04
474169296000000,90181,-0.857,-0.021,-0.513,0.08,0.28,0.23
474169312000000,90201,-0.856,-0.023,-0.51,0.18,-0.13,-0.1
474169328000000,90221,-0.852,-0.025,-0.515,-0.22,0.11,0.21
474169359000000,90241,-0.855,-0.025,-0.516,0.1,0.01,-0.37
474169375000000,90261,-0.854,-0.026,-0.515,-0.23,0.36,0.1
474169390000000,90281,-0.855,-0.025,-0.513,-0.12,-0.38,-0.03
474169406000000,90301,-0.857,-0.024,-0.518,0.25,-0.29,0.01
474169437000000,90321,-0.86,-0.024,-0.516,0.03,-0.29,0.18
474169453000000,90341,-0.857,-0.028,-0.511,0.02,-0.16,0.01
474169468000000,90361,-0.862,-0.023,-0.515,-0.24,-0.1,0.1
474169500000000,90381,-0.857,-0.024,-0.512,-0.17,0.41,-0.13
474169515000000,90401,-0.854,-0.023,-0.515,0.07,-0.41,-0.04
474169531000000,90421,-0.857,-0.027,-0.516,0.21,-0.23,-0.01
474169546000000,90441,-0.859,-0.025,-0.512,-0.17,-0.03,-0.15
474169578000000,90461,-0.853,-0.026,-0.512,0.11,0.18,0.08
474169593000000,90481,-0.854,-0.021,-0.525,0.17,0.14,0.09
474169609000000,90501,-0.859,-0.022,-0.517,-0.07,-0.21,0.05
474169640000000,90521,-0.859,-0.025,-0.518,-0.13,0.08,-0.03
474169656000000,90541,-0.857,-0.025,-0.511,-0.04,0.14,0.03
474169671000000,90561,-0.855,-0.026,-0.512,-0.08,-0.24,0.12
474169687000000,90581,-0.857,-0.025,-0.516,-0.08,-0.18,0.08
474169718000000,90601,-0.856,-0.022,-0.519,0.12,0.26,0.14
474169734000000,90621,-0.856,-0.025,-0.517,0.05,-0.06,0.07
474169750000000,90641,-0.859,-0.023,-0.517,-0.09,0.03,-0.19
474169781000000,90661,-0.858,-0.025,-0.519,0.02,-0.03,0.06
474169796000000,90681,-0.854,-0.027,-0.519,0.15,-0.02,-0.07
474169812000000,90701,-0.856,-0.023,-0.517,-0.1,-0.03,0.11
474169828000000,90721,-0.861,-0.027,-0.516,0.02,-0.02,-0.07
474169859000000,90741,-0.858,-0.021,-0.518,-0.02,-0.02,0.05
474169875000000,90761,-0.857,-0.025,-0.519,0.02,-0.14,0.05
474169890000000,90781,-0.855,-0.025,-0.517,-0.21,0.2,0.18
474169906000000,90801,-0.858,-0.022,-0.518,0.03,0.16,-0.05
474169937000000,90821,-0.856,-0.026,-0.517,0.04,0.04,0.32
474169953000000,90841,-0.854,-0.023,-0.515,-0.04,0.18,0.08
474169968000000,90861,-0.858,-0.031,-0.515,-0.27,0.12,0.34
474170000000000,90881,-0.854,-0.022,-0.523,-0.13,0.07,0.2
474170015000000,90901,-0.855,-0.023,-0.517,-0.11,-0.12,-0.24
474170031000000,90921,-0.857,-0.022,-0.516,-0.04,-0.12,0.1
474170046000000,90941,-0.853,-0.02,-0.514,-0.14,-0.02,-0.02
474170078000000,90961,-0.856,-0.022,-0.522,0.22,-0.28,0.11
474170093000000,90981,-0.854,-0.026,-0.512,0.04,0.02,-0.15
474170109000000,91001,-0.855,-0.026,-0.529,-0.14,0.02,0.05
474170140000000,91021,-0.855,-0.025,-0.517,0.03,-0.05,0.09
474170156000000,91041,-0.858,-0.025,-0.51,-0.01,-0.12,0.01
474170171000000,91061,-0.855,-0.026,-0.507,0.12,0.14,-0.12
474170187000000,91081,-0.858,-0.026,-0.522,-0.11,-0.09,0.13
474170218000000,91101,-0.859,-0.025,-0.519,-0.1,-0.04,0.03
474170234000000,91121,-0.853,-0.022,-0.518,-0.12,0.23,0.13
474170250000000,91141,-0.857,-0.023,-0.515,-0.05,-0.07,0.22
474170281000000,91161,-0.861,-0.023,-0.515,-0.05,0.03,0.03
474170296000000,91181,-0.856,-0.027,-0.511,0.18,0.19,0.22
474170312000000,91201,-0.854,-0.019,-0.517,0.0,-0.27,0.06
474170328000000,91221,-0.854,-0.024,-0.512,0.35,-0.0,-0.07
474170359000000,91241,-0.858,-0.023,-0.515,0.09,0.09,-0.06
474170375000000,91261,-0.855,-0.022,-0.512,-0.04,0.07,-0.08
474170390000000,91281,-0.859,-0.022,-0.517,-0.07,0.07,0.14
474170406000000,91301,-0.857,-0.025,-0.517,0.32,-0.26,-0.02
474170437000000,91321,-0.859,-0.029,-0.519,-0.17,-0.21,0.18
474170453000000,91341,-0.857,-0.025,-0.517,-0.23,-0.04,0.09
474170468000000,91361,-0.857,-0.027,-0.517,0.15,-0.44,-0.09
474170500000000,91381,-0.857,-0.022,-0.517,0.09,-0.35,-0.09
474170515000000,91401,-0.857,-0.023,-0.511,0.04,-0.08,0.07
474170531000000,91421,-0.855,-0.026,-0.511,-0.14,-0.16,0.05
474170546000000,91441,-0.855,-0.019,-0.512,-0.07,0.08,-0.11
474170578000000,91461,-0.855,-0.022,-0.51,-0.29,0.23,-0.04
474170593000000,91481,-0.857,-0.026,-0.512,0.07,0.37,0.04
474170609000000,91501,-0.856,-0.021,-0.514,0.33,-0.31,0.13
474170640000000,91521,-0.858,-0.023,-0.512,0.15,0.14,-0.03
474170656000000,91541,-0.85,-0.025,-0.515,0.02,-0.03,0.17
474170671000000,91561,-0.85,-0.024,-0.52,-0.17,-0.03,0.05
474170687000000,91581,-0.859,-0.027,-0.516,0.02,-0.24,-0.09
474170718000000,91601,-0.857,-0.022,-0.51,0.09,-0.25,-0.13
474170734000000,91621,-0.855,-0.027,-0.521,-0.14,-0.0,-0.42
474170750000000,91641,-0.856,-0.023,-0.518,0.01,-0.11,-0.04
474170781000000,91661,-0.858,-0.028,-0.516,-0.13,0.05,0.08
474170796000000,91681,-0.854,-0.025,-0.519,-0.07,0.11,0.13
474170812000000,91701,-0.856,-0.021,-0.512,0.15,0.21,0.06
474170828000000,91721,-0.86,-0.021,-0.511,0.05,0.11,0.03
474170859000000,91741,-0.862,-0.023,-0.521,-0.2,-0.03,0.08
474170875000000,91761,-0.855,-0.022,-0.521,0.14,0.01,-0.15
474170890000000,91781,-0.851,-0.022,-0.519,0.06,-0.1,-0.15
474170906000000,91801,-0.853,-0.026,-0.521,0.19,-0.12,-0.0
474170937000000,91821,-0.856,-0.021,-0.515,-0.04,0.09,-0.05
474170953000000,91841,-0.86,-0.027,-0.519,-0.07,-0.19,-0.09
474170968000000,91861,-0.86,-0.025,-0.514,-0.03,0.1,-0.08
474171000000000,91881,-0.86,-0.025,-0.513,0.05,-0.27,0.04
474171015000000,91901,-0.855,-0.029,-0.516,0.03,0.31,-0.01
474171031000000,91921,-0.862,-0.027,-0.512,0.15,0.14,-0.08
474171046000000,91941,-0.854,-0.025,-0.523,-0.14,0.16,0.06
474171078000000,91961,-0.858,-0.022,-0.511,0.11,0.2,0.12
474171093000000,91981,-0.856,-0.023,-0.519,-0.01,-0.39,-0.1
474171109000000,92001,-0.859,-0.026,-0.515,0.37,-0.22,0.09
474171140000000,92021,-0.861,-0.026,-0.519,0.59,0.19,-0.15
474171156000000,92041,-0.855,-0.023,-0.512,-0.11,0.37,0.27
474171171000000,92061,-0.856,-0.024,-0.514,0.0,-0.67,-0.08
474171187000000,92081,-0.859,-0.025,-0.517,-0.3,0.07,0.2
474171218000000,92101,-0.853,-0.029,-0.511,-0.08,0.01,-0.08
474171234000000,92121,-0.856,-0.027,-0.518,-0.23,0.02,-0.06
474171250000000,92141,-0.853,-0.025,-0.518,0.18,0.19,0.24
474171281000000,92161,-0.854,-0.025,-0.513,-0.29,0.05,-0.19
474171296000000,92181,-0.854,-0.024,-0.514,-0.22,0.18,0.08
474171312000000,92201,-0.852,-0.026,-0.512,-0.11,0.06,0.19
474171328000000,92221,-0.857,-0.023,-0.52,0.01,0.07,-0.28
474171359000000,92241,-0.858,-0.024,-0.514,0.16,-0.18,-0.08
474171375000000,92261,-0.86,-0.024,-0.519,-0.01,0.24,0.17
474171390000000,92281,-0.861,-0.024,-0.517,-0.01,-0.07,-0.06
474171406000000,92301,-0.856,-0.022,-0.518,-0.26,-0.06,-0.16
474171437000000,92321,-0.857,-0.023,-0.517,-0.37,-0.31,-0.14
474171453000000,92341,-0.856,-0.025,-0.516,-0.23,0.31,-0.12
474171468000000,92361,-0.85,-0.025,-0.533,-0.19,-0.48,0.26
474171500000000,92381,-0.858,-0.034,-0.508,0.72,1.16,-0.54
474171515000000,92401,-0.852,-0.026,-0.511,-0.04,0.26,0.16
474171531000000,92421,-0.858,-0.018,-0.509,0.04,0.67,0.13
474171546000000,92441,-0.859,-0.02,-0.51,-0.08,-0.4,0.14
474171578000000,92461,-0.863,-0.016,-0.518,0.09,0.11,-0.14
474171593000000,92481,-0.856,-0.027,-0.518,0.18,0.03,-0.0
474171609000000,92501,-0.858,-0.027,-0.521,0.0,-0.47,-0.16
474171640000000,92521,-0.854,-0.022,-0.519,-0.07,-0.25,-0.06
474171656000000,92541,-0.855,-0.024,-0.515,0.1,-0.44,-0.19
474171671000000,92561,-0.856,-0.022,-0.52,0.07,0.05,-0.05
474171687000000,92581,-0.856,-0.024,-0.514,0.22,0.02,0.21
474171718000000,92601,-0.855,-0.026,-0.515,0.03,0.01,0.25
474171734000000,92621,-0.858,-0.03,-0.508,0.0,0.08,0.26
474171750000000,92641,-0.857,-0.024,-0.518,0.09,0.23,0.23
474171781000000,92661,-0.852,-0.025,-0.525,-0.01,0.37,0.43
474171796000000,92681,-0.854,-0.025,-0.511,-0.36,0.43,0.27
474171812000000,92701,-0.855,-0.023,-0.518,0.1,-0.27,-0.34
474171828000000,92721,-0.853,-0.023,-0.521,-0.06,0.07,-0.08
474171859000000,92741,-0.859,-0.024,-0.519,0.09,0.01,0.01
474171875000000,92761,-0.857,-0.023,-0.518,-0.01,0.51,0.09
474171890000000,92781,-0.858,-0.026,-0.516,-0.12,0.27,0.07
474171906000000,92801,-0.861,-0.029,-0.511,0.03,-0.09,-0.13
474171937000000,92821,-0.854,-0.026,-0.513,0.02,-0.27,-0.2
474171953000000,92841,-0.858,-0.025,-0.516,0.24,0.15,-0.06
474171968000000,92861,-0.855,-0.02,-0.511,-0.28,0.37,0.28
474172000000000,92881,-0.856,-0.022,-0.521,-0.07,-0.01,0.04
474172015000000,92901,-0.856,-0.025,-0.514,0.15,-0.16,0.11
474172031000000,92921,-0.855,-0.028,-0.513,0.05,0.08,-0.03
474172046000000,92941,-0.857,-0.028,-0.512,-0.16,0.14,0.09
474172078000000,92961,-0.855,-0.028,-0.508,-0.44,-0.2,-0.12
474172093000000,92981,-0.861,-0.021,-0.513,-0.11,0.09,0.07
474172109000000,93001,-0.86,-0.022,-0.513,0.02,-0.21,0.1
474172140000000,93021,-0.862,-0.023,-0.517,0.02,0.45,-0.05
474172156000000,93041,-0.857,-0.027,-0.514,-0.07,-0.15,0.01
474172171000000,93061,-0.855,-0.025,-0.519,0.32,0.02,-0.15
474172187000000,93081,-0.851,-0.025,-0.514,0.21,0.01,0.01
474172218000000,93101,-0.853,-0.026,-0.516,0.05,-0.41,0.14
474172234000000,93121,-0.858,-0.025,-0.509,0.21,0.17,-0.03
474172250000000,93141,-0.856,-0.029,-0.506,0.24,0.69,0.05
474172265000000,93161,-0.851,-0.024,-0.511,-0.04,0.65,0.11
474172296000000,93181,-0.861,-0.023,-0.517,0.12,0.39,0.07
474172312000000,93201,-0.858,-0.023,-0.513,-0.17,0.07,0.01
474172328000000,93221,-0.853,-0.026,-0.508,-0.06,0.14,-0.0
474172359000000,93241,-0.855,-0.021,-0.509,-0.1,-0.34,0.17
474172375000000,93261,-0.86,-0.023,-0.515,-0.14,-0.05,0.15
474172390000000,93281,-0.857,-0.02,-0.52,0.0,0.26,0.08
474172406000000,93301,-0.86,-0.021,-0.514,0.09,-0.11,-0.12
474172437000000,93321,-0.858,-0.027,-0.517,-0.04,0.71,0.1
474172453000000,93341,-0.852,-0.028,-0.515,-0.2,-0.28,0.11
474172468000000,93361,-0.859,-0.024,-0.516,-0.17,0.07,0.04
474172500000000,93381,-0.857,-0.027,-0.513,0.09,0.23,0.24
474172515000000,93401,-0.859,-0.022,-0.516,-0.2,-0.39,-0.07
474172531000000,93421,-0.858,-0.022,-0.516,0.02,0.1,-0.02
474172546000000,93441,-0.856,-0.023,-0.518,0.05,-0.11,-0.12
474172578000000,93461,-0.861,-0.023,-0.516,0.09,-0.14,-0.12
474172593000000,93481,-0.855,-0.017,-0.516,0.02,0.06,0.31
474172609000000,93501,-0.854,-0.021,-0.506,-0.14,0.3,-0.07
474172640000000,93521,-0.854,-0.021,-0.517,0.09,0.3,-0.08
474172656000000,93541,-0.856,-0.029,-0.519,0.04,-0.07,-0.19
474172671000000,93561,-0.856,-0.027,-0.516,-0.14,0.11,0.23
474172687000000,93581,-0.859,-0.026,-0.52,0.36,-0.33,0.08
474172718000000,93601,-0.854,-0.026,-0.521,-0.14,-0.35,-0.03
474172734000000,93621,-0.855,-0.027,-0.522,-0.32,0.36,0.05
474172750000000,93641,-0.851,-0.025,-0.517,0.26,-0.35,0.08
474172781000000,93661,-0.859,-0.021,-0.51,-0.1,-0.15,-0.15
474172796000000,93681,-0.86,-0.022,-0.511,0.11,-0.09,-0.08
474172812000000,93701,-0.862,-0.021,-0.518,0.21,-0.06,0.05
474172828000000,93721,-0.858,-0.024,-0.515,0.1,0.37,0.05
474172859000000,93741,-0.878,-0.031,-0.537,-0.6,3.57,1.66
474172875000000,93761,-0.853,-0.028,-0.523,0.55,-0.06,-0.24
474172890000000,93781,-0.859,-0.026,-0.516,0.51,-0.54,0.08
474172906000000,93801,-0.858,-0.022,-0.52,-0.2,-1.25,0.11
474172937000000,93821,-0.856,-0.019,-0.517,-0.27,-0.01,-0.24
474172953000000,93841,-0.855,-0.027,-0.518,-0.3,0.43,0.11
474172968000000,93861,-0.846,-0.024,-0.519,-0.11,-0.25,0.1
474173000000000,93881,-0.856,-0.022,-0.515,0.2,0.73,-0.05
474173015000000,93901,-0.86,-0.027,-0.512,0.06,-0.36,-0.04
474173031000000,93921,-0.861,-0.02,-0.519,-0.04,0.09,-0.22
474173046000000,93941,-0.854,-0.027,-0.518,-0.02,0.32,-0.28
474173078000000,93961,-0.854,-0.024,-0.527,-0.25,-0.19,0.09
474173093000000,93981,-0.858,-0.023,-0.509,0.21,0.01,-0.01
474173109000000,94001,-0.857,-0.028,-0.516,0.18,-0.22,0.17
474173140000000,94021,-0.853,-0.028,-0.509,0.06,0.18,-0.07
474173156000000,94041,-0.86,-0.027,-0.517,-0.04,0.1,-0.07
474173171000000,94061,-0.858,-0.03,-0.516,0.15,-0.01,0.11
474173187000000,94081,-0.859,-0.024,-0.52,0.23,0.07,0.01
474173218000000,94101,-0.857,-0.024,-0.516,0.26,0.02,-0.26
474173234000000,94121,-0.86,-0.024,-0.516,-0.06,0.01,-0.21
474173250000000,94141,-0.855,-0.022,-0.52,-0.19,-0.26,0.29
474173281000000,94161,-0.86,-0.024,-0.517,-0.22,0.05,0.03
474173296000000,94181,-0.856,-0.023,-0.513,0.05,0.18,0.11
474173312000000,94201,-0.856,-0.024,-0.514,0.2,0.15,-0.17
474173328000000,94221,-0.856,-0.025,-0.516,0.0,-0.0,-0.04
474173359000000,94241,-0.855,-0.028,-0.513,0.28,-0.1,0.07
474173375000000,94261,-0.856,-0.027,-0.52,0.03,-0.28,-0.24
474173390000000,94281,-0.855,-0.027,-0.513,0.17,0.27,-0.02
474173406000000,94301,-0.857,-0.025,-0.513,0.12,0.04,0.07
474173437000000,94321,-0.857,-0.017,-0.51,0.09,-0.12,0.14
474173453000000,94341,-0.863,-0.019,-0.512,0.2,0.24,0.12
474173468000000,94361,-0.855,-0.022,-0.513,0.02,0.18,-0.06
474173500000000,94381,-0.854,-0.02,-0.517,0.11,0.14,-0.19
474173515000000,94401,-0.854,-0.025,-0.52,0.19,-0.19,-0.09
474173531000000,94421,-0.852,-0.026,-0.514,-0.04,-0.12,-0.05
474173546000000,94441,-0.854,-0.022,-0.52,-0.03,-0.79,-0.05
474173578000000,94461,-0.859,-0.026,-0.52,0.12,0.04,0.17
474173593000000,94481,-0.857,-0.024,-0.518,0.18,0.3,0.07
474173609000000,94501,-0.86,-0.027,-0.519,0.15,0.24,0.14
474173640000000,94521,-0.855,-0.024,-0.514,0.0,0.16,-0.01
474173656000000,94541,-0.854,-0.024,-0.518,0.24,-0.31,-0.16
474173671000000,94561,-0.856,-0.023,-0.519,-0.2,0.55,0.23
474173687000000,94581,-0.853,-0.019,-0.506,-0.33,0.91,-0.23
474173718000000,94601,-0.854,-0.025,-0.517,0.0,0.04,0.08
474173734000000,94621,-0.855,-0.024,-0.519,0.12,-0.35,-0.08
474173750000000,94641,-0.857,-0.022,-0.509,0.1,-0.27,-0.01
474173781000000,94661,-0.854,-0.022,-0.515,0.06,-0.25,0.12
474173796000000,94681,-0.856,-0.018,-0.511,-0.09,-0.12,0.24
474173812000000,94701,-0.857,-0.02,-0.517,-0.19,-0.31,0.04
474173828000000,94721,-0.856,-0.02,-0.519,-0.14,0.05,0.08
474173859000000,94741,-0.858,-0.023,-0.515,0.02,0.04,-0.04
474173875000000,94761,-0.81,-0.025,-0.518,0.64,-3.71,-1.31
474173890000000,94781,-0.881,-0.024,-0.505,-1.69,0.62,0.56
474173906000000,94801,-0.861,-0.027,-0.517,-2.77,-2.13,-0.75
474173937000000,94821,-0.835,-0.026,-0.501,2.59,2.44,1.54
474173953000000,94841,-0.847,-0.019,-0.499,-0.09,-0.38,-1.44
474173968000000,94861,-0.865,-0.03,-0.517,-0.98,2.21,1.01
474174000000000,94881,-0.864,-0.026,-0.522,-0.49,0.33,0.85
474174015000000,94901,-0.858,-0.021,-0.51,0.16,-0.95,-0.29
474174031000000,94921,-0.856,-0.02,-0.52,0.6,-0.07,0.27
474174046000000,94941,-0.847,-0.027,-0.508,-0.06,-0.51,-0.44
474174078000000,94961,-0.872,-0.041,-0.547,2.41,-0.73,1.14
474174093000000,94981,-0.835,-0.018,-0.481,-1.23,-2.6,-1.66
474174109000000,95001,-0.848,-0.025,-0.512,1.75,1.86,1.16
474174140000000,95021,-0.849,-0.016,-0.499,0.12,-1.93,-1.05
474174156000000,95041,-0.85,-0.028,-0.502,0.12,1.76,-0.38
474174171000000,95061,-0.856,-0.031,-0.517,-0.49,0.69,0.23
474174187000000,95081,-0.849,-0.025,-0.516,-0.51,0.04,0.24
474174218000000,95101,-0.859,-0.023,-0.529,0.08,0.82,0.66
474174234000000,95121,-0.853,-0.021,-0.511,0.05,-0.99,-0.41
474174250000000,95141,-0.86,-0.025,-0.521,-0.06,0.61,0.06
474174281000000,95161,-0.857,-0.025,-0.514,-0.04,-0.42,0.28
474174296000000,95181,-0.86,-0.024,-0.506,-0.15,0.29,0.07
474174312000000,95201,-0.859,-0.025,-0.514,0.09,-0.28,-0.32
474174328000000,95221,-0.857,-0.024,-0.511,0.23,0.08,0.04
474174359000000,95241,-0.859,-0.026,-0.517,0.17,0.31,0.03
474174375000000,95261,-0.857,-0.024,-0.517,-0.11,-0.23,-0.31
474174390000000,95281,-0.851,-0.023,-0.523,-0.17,0.24,0.08
474174406000000,95301,-0.859,-0.02,-0.516,0.15,-0.25,0.3
474174437000000,95321,-0.853,-0.027,-0.52,0.05,0.44,0.08
474174453000000,95341,-0.856,-0.028,-0.514,-0.07,-0.03,-0.18
474174468000000,95361,-0.854,-0.026,-0.509,0.19,-0.2,0.07
474174500000000,95381,-0.855,-0.023,-0.508,0.38,-0.18,-0.18
474174515000000,95401,-0.857,-0.02,-0.515,-0.2,0.2,-0.04
474174531000000,95421,-0.856,-0.024,-0.514,0.11,0.17,-0.09
474174546000000,95441,-0.853,-0.024,-0.517,-0.06,-0.09,-0.15
474174578000000,95461,-0.855,-0.023,-0.518,-0.49,-0.25,-0.09
474174593000000,95481,-0.855,-0.026,-0.518,0.02,-0.1,-0.09
474174609000000,95501,-0.855,-0.022,-0.513,-0.07,0.14,0.08
474174640000000,95521,-0.855,-0.027,-0.513,0.05,0.17,-0.08
474174656000000,95541,-0.854,-0.029,-0.515,-0.14,-0.19,0.11
474174671000000,95561,-0.863,-0.027,-0.504,0.3,0.2,-0.05
474174687000000,95581,-0.858,-0.024,-0.516,0.1,-0.19,-0.21
474174718000000,95601,-0.856,-0.023,-0.519,-0.15,-0.04,-0.25
474174734000000,95621,-0.851,-0.022,-0.521,0.07,0.15,0.11
474174750000000,95641,-0.852,-0.025,-0.514,0.2,-0.09,-0.05
474174765000000,95661,-0.85,-0.021,-0.516,-0.02,-0.17,0.05
474174796000000,95681,-0.854,-0.022,-0.523,0.14,0.14,-0.06
474174812000000,95701,-0.856,-0.026,-0.516,-0.18,0.04,-0.21
474174828000000,95721,-0.856,-0.023,-0.512,0.17,-0.03,0.14
474174859000000,95741,-0.862,-0.023,-0.513,-0.12,0.1,-0.05
474174875000000,95761,-0.859,-0.03,-0.511,0.31,0.15,0.24
474174890000000,95781,-0.858,-0.019,-0.515,-0.02,0.15,-0.19
474174906000000,95801,-0.856,-0.026,-0.522,-0.05,-0.31,-0.02
474174937000000,95821,-0.853,-0.023,-0.516,0.0,0.01,0.04
474174953000000,95841,-0.853,-0.02,-0.517,0.09,-0.08,-0.01
474174968000000,95861,-0.853,-0.021,-0.518,0.0,0.16,0.11
474175000000000,95881,-0.851,-0.021,-0.509,-0.07,-0.15,0.13
474175015000000,95901,-0.858,-0.026,-0.513,-0.18,0.02,-0.05
474175031000000,95921,-0.859,-0.02,-0.51,0.18,-0.0,0.34
474175046000000,95941,-0.858,-0.028,-0.522,0.18,-0.22,-0.02
474175078000000,95961,-0.854,-0.029,-0.518,-0.14,0.28,0.06
474175093000000,95981,-0.855,-0.025,-0.519,-0.07,-0.12,0.32
474175109000000,96001,-0.853,-0.029,-0.522,-0.2,0.33,-0.17
474175140000000,96021,-0.857,-0.026,-0.524,0.11,-0.28,0.05
474175156000000,96041,-0.858,-0.018,-0.521,0.02,-0.24,-0.08
474175171000000,96061,-0.858,-0.022,-0.51,0.0,-0.14,0.04
474175187000000,96081,-0.854,-0.023,-0.51,-0.03,0.47,0.05
474175218000000,96101,-0.862,-0.019,-0.509,0.21,-0.11,-0.14
474175234000000,96121,-0.862,-0.024,-0.52,-0.07,-0.38,-0.21
474175250000000,96141,-0.856,-0.025,-0.513,-0.15,0.26,0.25
474175281000000,96161,-0.846,-0.02,-0.522,0.13,-0.54,-0.29
474175296000000,96181,-0.858,-0.03,-0.511,0.21,0.42,0.34
474175312000000,96201,-0.855,-0.028,-0.52,0.0,-0.1,0.11
474175328000000,96221,-0.854,-0.025,-0.514,0.16,0.14,0.08
474175359000000,96241,-0.857,-0.027,-0.512,0.17,0.07,0.02
474175375000000,96261,-0.855,-0.026,-0.517,0.07,-0.17,0.19
474175390000000,96281,-0.864,-0.021,-0.512,0.17,0.04,0.16
474175406000000,96301,-0.854,-0.021,-0.513,-0.27,-0.33,0.05
474175437000000,96321,-0.859,-0.023,-0.519,0.0,0.22,-0.12
474175453000000,96341,-0.854,-0.026,-0.522,-0.01,0.04,0.17
474175468000000,96361,-0.85,-0.022,-0.522,0.16,-0.4,-0.12
474175500000000,96381,-0.858,-0.018,-0.519,0.36,0.03,0.01
474175515000000,96401,-0.858,-0.024,-0.514,0.0,0.18,-0.14
474175531000000,96421,-0.856,-0.028,-0.514,0.09,0.08,-0.04
474175546000000,96441,-0.854,-0.023,-0.51,0.06,0.2,0.02
474175578000000,96461,-0.861,-0.022,-0.515,0.08,0.1,0.24
474175593000000,96481,-0.853,-0.024,-0.519,0.12,-0.13,0.12
474175609000000,96501,-0.853,-0.024,-0.516,-0.36,0.14,-0.09
474175640000000,96521,-0.857,-0.023,-0.513,-0.25,-0.0,0.06
474175656000000,96541,-0.855,-0.023,-0.52,-0.3,-0.06,0.31
474175671000000,96561,-0.854,-0.02,-0.513,0.05,-0.06,0.18
474175687000000,96581,-0.856,-0.025,-0.514,-0.17,-0.03,0.04
474175718000000,96601,-0.858,-0.025,-0.514,0.13,0.2,0.09
474175734000000,96621,-0.859,-0.025,-0.518,0.08,0.13,-0.0
474175750000000,96641,-0.859,-0.026,-0.512,0.15,0.03,0.15
474175781000000,96661,-0.858,-0.022,-0.511,-0.27,-0.16,-0.16
474175796000000,96681,-0.855,-0.02,-0.515,-0.11,0.07,0.01
474175812000000,96701,-0.855,-0.023,-0.523,-0.17,-0.12,0.06
474175828000000,96721,-0.857,-0.021,-0.515,0.15,-0.12,-0.02
474175859000000,96741,-0.856,-0.026,-0.512,0.04,-0.03,-0.03
474175875000000,96761,-0.853,-0.026,-0.515,0.12,0.35,-0.11
474175890000000,96781,-0.856,-0.024,-0.516,0.16,-0.2,0.24
474175906000000,96801,-0.857,-0.02,-0.512,0.05,0.3,0.01
474175937000000,96821,-0.852,-0.025,-0.51,-0.12,-0.19,0.09
474175953000000,96841,-0.858,-0.028,-0.515,-0.01,-0.09,0.19
474175968000000,96861,-0.857,-0.022,-0.513,0.09,0.02,-0.05
474176000000000,96881,-0.853,-0.022,-0.51,0.06,-0.23,0.19
474176015000000,96901,-0.857,-0.025,-0.515,-0.24,-0.12,-0.17
474176031000000,96921,-0.855,-0.025,-0.516,0.14,0.18,0.22
474176046000000,96941,-0.857,-0.025,-0.517,0.15,0.85,0.07
474176078000000,96961,-0.861,-0.02,-0.523,-0.33,0.07,-0.17
474176093000000,96981,-0.859,-0.021,-0.514,0.2,-0.34,0.39
474176109000000,97001,-0.854,-0.024,-0.514,0.09,-0.03,-0.06
474176140000000,97021,-0.859,-0.029,-0.519,-0.03,0.14,0.17
474176156000000,97041,-0.852,-0.026,-0.522,0.1,-0.36,0.28
474176171000000,97061,-0.854,-0.025,-0.517,0.12,0.32,-0.14
474176187000000,97081,-0.854,-0.023,-0.513,0.15,-0.31,0.06
474176218000000,97101,-0.855,-0.023,-0.519,0.08,-0.09,0.21
474176234000000,97121,-0.855,-0.023,-0.512,0.15,0.04,0.18
474176250000000,97141,-0.86,-0.022,-0.512,0.04,-0.18,0.37
474176265000000,97161,-0.857,-0.022,-0.524,0.09,0.17,-0.15
474176296000000,97181,-0.857,-0.023,-0.511,0.1,0.33,-0.05
474176312000000,97201,-0.855,-0.026,-0.515,0.09,0.16,0.03
474176328000000,97221,-0.854,-0.026,-0.513,-0.3,0.11,-0.14
474176359000000,97241,-0.856,-0.025,-0.515,0.12,-0.02,0.09
474176375000000,97261,-0.859,-0.028,-0.514,-0.05,-0.06,-0.04
474176390000000,97281,-0.86,-0.025,-0.519,0.08,0.07,0.09
474176406000000,97301,-0.853,-0.024,-0.51,-0.05,-0.06,0.03
474176437000000,97321,-0.857,-0.026,-0.516,0.2,-0.06,-0.06
474176453000000,97341,-0.852,-0.022,-0.514,-0.04,-0.09,-0.09
474176468000000,97361,-0.859,-0.025,-0.517,0.0,-0.18,0.06
474176500000000,97381,-0.86,-0.016,-0.512,-0.1,0.11,0.28
474176515000000,97401,-0.858,-0.023,-0.515,0.26,-0.1,0.03
474176531000000,97421,-0.858,-0.024,-0.514,0.29,-0.19,0.04
474176546000000,97441,-0.859,-0.025,-0.514,-0.07,0.16,-0.0
474176578000000,97461,-0.856,-0.022,-0.517,0.22,0.03,-0.08
474176593000000,97481,-0.854,-0.03,-0.516,0.09,-0.01,0.1
474176609000000,97501,-0.855,-0.026,-0.509,-0.11,0.16,-0.02
474176640000000,97521,-0.856,-0.022,-0.516,-0.02,0.11,-0.19
474176656000000,97541,-0.857,-0.024,-0.515,-0.02,-0.09,0.01
474176671000000,97561,-0.856,-0.023,-0.518,-0.07,-0.16,-0.13
474176687000000,97581,-0.856,-0.022,-0.513,-0.06,-0.15,0.07
474176718000000,97601,-0.856,-0.021,-0.511,0.0,0.01,-0.13
474176734000000,97621,-0.856,-0.025,-0.512,-0.14,-0.02,-0.07
474176750000000,97641,-0.858,-0.025,-0.524,0.09,-0.13,-0.08
474176781000000,97661,-0.852,-0.024,-0.521,0.17,0.08,-0.12
474176796000000,97681,-0.856,-0.024,-0.519,0.1,0.02,-0.19
474176812000000,97701,-0.856,-0.026,-0.523,0.15,0.03,0.17
474176828000000,97721,-0.854,-0.02,-0.509,0.01,-0.0,0.07
474176859000000,97741,-0.853,-0.023,-0.515,-0.13,0.31,-0.15
474176875000000,97761,-0.857,-0.022,-0.505,0.05,-0.07,-0.05
474176890000000,97781,-0.854,-0.025,-0.521,0.12,0.19,0.11
474176906000000,97801,-0.863,-0.029,-0.518,0.2,0.06,0.01
474176937000000,97821,-0.858,-0.029,-0.515,-0.09,-0.27,-0.12
474176953000000,97841,-0.854,-0.028,-0.521,-0.2,0.14,0.05
474176968000000,97861,-0.849,-0.023,-0.516,-0.15,0.17,-0.2
474177000000000,97881,-0.856,-0.022,-0.514,-0.28,0.11,-0.02
474177015000000,97901,-0.861,-0.027,-0.511,0.23,-0.43,0.23
474177031000000,97921,-0.859,-0.023,-0.516,0.19,0.1,0.17
474177046000000,97941,-0.857,-0.022,-0.516,-0.03,0.2,0.09
474177078000000,97961,-0.859,-0.027,-0.511,-0.11,-0.19,-0.33
474177093000000,97981,-0.826,-0.015,-0.507,-0.26,-0.72,-0.82
474177109000000,98001,-0.885,-0.044,-0.542,0.54,-0.48,-0.16
474177140000000,98021,-0.844,-0.016,-0.503,-0.73,-6.77,-0.62
474177156000000,98041,-0.84,-0.019,-0.494,1.23,1.69,0.72
474177171000000,98061,-0.854,-0.022,-0.501,-0.05,-0.38,-0.0
474177187000000,98081,-0.861,-0.028,-0.511,-0.11,1.81,0.68
474177218000000,98101,-0.866,-0.027,-0.517,0.05,0.59,0.43
474177234000000,98121,-0.856,-0.02,-0.505,-0.12,-1.06,-0.55
474177250000000,98141,-0.853,-0.024,-0.52,0.07,0.36,-0.08
474177281000000,98161,-0.843,-0.023,-0.527,0.05,-0.16,0.05
474177296000000,98181,-0.855,-0.019,-0.525,0.13,0.68,-0.02
474177312000000,98201,-0.854,-0.025,-0.514,0.08,-0.84,-0.02
474177328000000,98221,-0.86,-0.028,-0.513,0.32,0.1,0.3
474177359000000,98241,-0.859,-0.028,-0.507,0.09,-0.41,0.11
474177375000000,98261,-0.859,-0.024,-0.504,-0.12,0.07,-0.08
474177390000000,98281,-0.86,-0.022,-0.508,-0.07,-0.22,0.01
474177406000000,98301,-0.85,-0.02,-0.515,0.05,-0.08,-0.04
474177437000000,98321,-0.851,-0.022,-0.523,0.33,0.54,0.14
474177453000000,98341,-0.85,-0.024,-0.53,0.18,-0.28,0.01
474177468000000,98361,-0.856,-0.025,-0.523,-0.11,-0.34,0.21
474177500000000,98381,-0.857,-0.016,-0.509,0.15,-0.34,-0.01
474177515000000,98401,-0.856,-0.022,-0.505,0.12,0.27,0.14
474177531000000,98421,-0.856,-0.026,-0.512,0.76,-0.39,-0.24
474177546000000,98441,-0.858,-0.03,-0.499,-0.14,0.52,0.11
474177578000000,98461,-0.862,-0.026,-0.511,-0.33,0.68,0.01
474177593000000,98481,-0.85,-0.029,-0.515,-0.04,-0.22,-0.26
474177609000000,98501,-0.852,-0.025,-0.522,-0.4,-0.05,-0.13
474177640000000,98521,-0.854,-0.025,-0.523,0.04,-0.3,0.14
474177656000000,98541,-0.854,-0.025,-0.522,0.22,-0.25,0.05
474177671000000,98561,-0.859,-0.022,-0.517,0.37,-0.35,0.11
474177687000000,98581,-0.855,-0.018,-0.505,-0.2,0.04,0.27
474177718000000,98601,-0.858,-0.021,-0.507,-0.16,0.01,0.08
474177734000000,98621,-0.857,-0.027,-0.512,0.18,0.1,-0.18
474177750000000,98641,-0.858,-0.024,-0.521,-0.1,0.16,-0.12
474177781000000,98661,-0.856,-0.024,-0.521,0.0,-0.02,0.07
474177796000000,98681,-0.852,-0.028,-0.52,0.31,-0.14,-0.09
474177812000000,98701,-0.854,-0.024,-0.516,0.01,-0.2,-0.05
474177828000000,98721,-0.854,-0.025,-0.518,0.12,-0.41,-0.06
474177859000000,98741,-0.858,-0.025,-0.511,0.09,-0.23,0.03
474177875000000,98761,-0.86,-0.027,-0.513,0.21,-0.15,-0.06
474177890000000,98781,-0.86,-0.023,-0.51,0.13,-0.21,0.09
474177906000000,98801,-0.854,-0.023,-0.516,0.01,0.09,-0.15
474177937000000,98821,-0.856,-0.02,-0.511,-0.16,0.23,0.19
474177953000000,98841,-0.853,-0.02,-0.513,0.02,0.2,-0.07
474177968000000,98861,-0.854,-0.021,-0.52,0.0,0.08,0.06
474178000000000,98881,-0.854,-0.021,-0.515,0.01,0.12,0.07
474178015000000,98901,-0.857,-0.025,-0.515,-0.23,-0.04,0.01
474178031000000,98921,-0.857,-0.033,-0.514,-0.13,0.08,0.05
474178046000000,98941,-0.858,-0.03,-0.511,-0.06,0.23,0.12
474178078000000,98961,-0.858,-0.025,-0.507,-0.3,0.02,0.17
474178093000000,98981,-0.86,-0.022,-0.506,-0.02,0.36,-0.06
474178109000000,99001,-0.857,-0.021,-0.514,-0.08,-0.2,-0.17
474178140000000,99021,-0.857,-0.022,-0.518,-0.12,-0.35,0.11
474178156000000,99041,-0.856,-0.025,-0.513,-0.03,0.14,0.26
474178171000000,99061,-0.858,-0.026,-0.513,0.23,0.2,-0.3
474178187000000,99081,-0.856,-0.027,-0.515,0.09,-0.27,-0.13
474178218000000,99101,-0.852,-0.03,-0.513,0.1,-0.14,0.01
474178234000000,99121,-0.853,-0.028,-0.516,0.06,-0.17,-0.04
474178250000000,99141,-0.855,-0.028,-0.516,0.26,0.1,-0.37
474178281000000,99161,-0.906,-0.031,-0.573,-0.11,-1.35,0.12
474178296000000,99181,-0.838,-0.022,-0.5,0.11,-2.31,-0.25
474178312000000,99201,-0.862,-0.024,-0.515,-0.22,1.41,0.13
474178328000000,99221,-0.856,-0.02,-0.513,-0.1,-2.44,0.15
474178359000000,99241,-0.855,-0.02,-0.504,0.22,0.36,-0.12
474178375000000,99261,-0.855,-0.023,-0.514,0.14,0.37,-0.12
474178390000000,99281,-0.85,-0.024,-0.513,-0.2,-0.68,-0.21
474178406000000,99301,-0.862,-0.022,-0.52,0.0,1.51,0.05
474178437000000,99321,-0.853,-0.027,-0.516,-0.45,-0.97,-0.16
474178453000000,99341,-0.862,-0.026,-0.512,0.43,0.85,0.17
474178468000000,99361,-0.856,-0.022,-0.512,0.35,-0.81,-0.08
474178500000000,99381,-0.858,-0.022,-0.513,0.12,0.15,0.17
474178515000000,99401,-0.858,-0.023,-0.519,-0.02,0.34,0.12
474178531000000,99421,-0.85,-0.024,-0.517,-0.29,0.01,-0.2
474178546000000,99441,-0.863,-0.026,-0.517,0.07,0.25,0.05
474178578000000,99461,-0.858,-0.021,-0.515,-0.25,-0.31,0.06
474178593000000,99481,-0.855,-0.023,-0.514,-0.28,0.29,-0.37
474178609000000,99501,-0.85,-0.027,-0.512,0.54,-0.48,-0.16
474178640000000,99521,-0.847,-0.029,-0.506,0.02,1.01,0.28
474178656000000,99541,-0.858,-0.025,-0.512,-0.05,0.22,0.26
474178671000000,99561,-0.857,-0.024,-0.51,0.4,0.32,-0.1
474178687000000,99581,-0.866,-0.023,-0.508,0.28,-0.28,-0.05
474178718000000,99601,-0.86,-0.025,-0.513,0.05,0.33,-0.12
474178734000000,99621,-0.86,-0.028,-0.52,-0.52,0.27,0.26
474178750000000,99641,-0.854,-0.03,-0.515,0.1,-0.01,-0.05
474178765000000,99661,-0.854,-0.027,-0.516,0.19,-0.62,0.05
474178796000000,99681,-0.864,-0.022,-0.52,-0.12,0.7,0.4
474178812000000,99701,-0.854,-0.023,-0.517,-0.11,-0.05,-0.22
474178828000000,99721,-0.859,-0.024,-0.523,-0.3,0.09,-0.1
474178859000000,99741,-0.854,-0.026,-0.514,-0.14,-0.11,0.29
474178875000000,99761,-0.861,-0.022,-0.51,0.12,0.11,0.24
474178890000000,99781,-0.857,-0.021,-0.523,0.12,-0.1,-0.16
474178906000000,99801,-0.858,-0.025,-0.508,0.07,-0.0,-0.18
474178937000000,99821,-0.856,-0.034,-0.514,-0.04,0.18,-0.09
474178953000000,99841,-0.853,-0.025,-0.516,0.1,0.27,-0.04
474178968000000,99861,-0.857,-0.027,-0.517,-0.01,-0.12,0.21
474179000000000,99881,-0.855,-0.019,-0.52,-0.14,-0.08,0.18
474179015000000,99901,-0.858,-0.019,-0.514,-0.07,-0.05,-0.12
474179031000000,99921,-0.861,-0.017,-0.515,0.15,-0.1,-0.08
474179046000000,99941,-0.863,-0.027,-0.511,0.12,0.04,-0.15
474179078000000,99961,-0.861,-0.025,-0.518,0.02,-0.23,0.13
474179093000000,99981,-0.856,-0.019,-0.514,-0.24,0.17,-0.15
474179109000000,100001,-0.851,-0.022,-0.52,-0.14,0.04,-0.01
474179140000000,100021,-0.857,-0.023,-0.516,0.03,0.07,0.04
474179156000000,100041,-0.852,-0.026,-0.519,-0.01,0.08,-0.14
474179171000000,100061,-0.856,-0.022,-0.517,-0.01,-0.06,0.01
474179187000000,100081,-0.857,-0.023,-0.516,0.11,0.07,0.05
474179218000000,100101,-0.855,-0.021,-0.514,0.14,-0.0,0.21
474179234000000,100121,-0.854,-0.023,-0.512,-0.35,-0.22,0.03
474179250000000,100141,-0.856,-0.023,-0.51,0.11,-0.06,-0.06
474179265000000,100161,-0.856,-0.026,-0.511,-0.1,0.06,0.13
474179296000000,100181,-0.857,-0.022,-0.511,0.17,-0.16,-0.03
474179312000000,100201,-0.854,-0.029,-0.516,0.05,0.49,-0.19
474179328000000,100221,-0.854,-0.024,-0.514,-0.17,-0.18,0.02
474179359000000,100241,-0.855,-0.029,-0.518,0.02,-0.14,0.21
474179375000000,100261,-0.855,-0.019,-0.512,0.08,-0.08,-0.2
474179390000000,100281,-0.853,-0.024,-0.514,0.22,0.04,0.35
474179406000000,100301,-0.859,-0.024,-0.508,0.24,0.18,0.04
474179437000000,100321,-0.858,-0.023,-0.512,0.15,0.03,0.08
474179453000000,100341,-0.86,-0.025,-0.519,0.06,-0.16,-0.11
474179468000000,100361,-0.854,-0.023,-0.516,-0.04,-0.09,-0.17
474179500000000,100381,-0.854,-0.021,-0.515,-0.04,0.08,-0.13
474179515000000,100401,-0.854,-0.022,-0.509,0.17,0.33,0.27
474179531000000,100421,-0.859,-0.025,-0.521,-0.07,-0.03,0.05
474179546000000,100441,-0.856,-0.025,-0.511,0.05,0.14,0.17
474179578000000,100461,-0.857,-0.027,-0.512,0.15,-0.28,-0.13
474179593000000,100481,-0.856,-0.029,-0.513,-0.04,-0.31,-0.06
474179609000000,100501,-0.857,-0.026,-0.516,0.18,0.49,0.21
474179640000000,100521,-0.856,-0.027,-0.513,0.1,0.07,-0.09
474179656000000,100541,-0.856,-0.027,-0.513,-0.06,0.27,0.08
474179671000000,100561,-0.856,-0.029,-0.518,0.07,-0.13,0.43
474179687000000,100581,-0.856,-0.019,-0.516,0.2,-0.42,0.05
474179718000000,100601,-0.859,-0.025,-0.517,-0.38,-0.07,0.27
474179734000000,100621,-0.864,-0.02,-0.514,0.08,-0.66,-0.24
474179750000000,100641,-0.856,-0.024,-0.509,0.22,0.68,0.49
474179765000000,100661,-0.856,-0.027,-0.51,-0.34,-0.35,-0.12
474179796000000,100681,-0.86,-0.024,-0.512,-0.14,0.27,-0.05
474179812000000,100701,-0.862,-0.025,-0.51,0.07,0.14,0.01
474179828000000,100721,-0.857,-0.027,-0.515,0.02,-0.17,0.11
474179859000000,100741,-0.851,-0.024,-0.514,-0.2,0.31,0.21
474179875000000,100761,-0.857,-0.025,-0.518,-0.18,-0.32,0.01
474179890000000,100781,-0.854,-0.024,-0.525,-0.2,-0.02,-0.03
474179906000000,100801,-0.858,-0.024,-0.522,-0.24,0.46,-0.2
474179937000000,100821,-0.852,-0.026,-0.515,-0.1,-0.13,0.11
474179953000000,100841,-0.856,-0.024,-0.52,0.02,-0.22,-0.05
474179968000000,100861,-0.86,-0.023,-0.516,0.06,-0.02,0.11
474180000000000,100881,-0.856,-0.028,-0.513,-0.26,0.12,0.02
474180015000000,100901,-0.857,-0.029,-0.522,-0.07,0.05,0.11
474180031000000,100921,-0.856,-0.018,-0.519,-0.1,-0.0,-0.09
474180046000000,100941,-0.858,-0.024,-0.515,-0.05,-0.0,-0.21
474180078000000,100961,-0.856,-0.023,-0.513,-0.03,-0.01,-0.0
474180093000000,100981,-0.855,-0.025,-0.515,0.12,-0.03,-0.05
474180109000000,101001,-0.857,-0.025,-0.518,-0.01,-0.0,0.2
474180140000000,101021,-0.854,-0.027,-0.509,0.18,0.04,-0.16
474180156000000,101041,-0.861,-0.025,-0.511,0.19,-0.12,-0.01
474180171000000,101061,-0.857,-0.022,-0.517,0.09,0.14,-0.1
474180187000000,101081,-0.851,-0.024,-0.514,-0.17,0.11,-0.12
474180218000000,101101,-0.853,-0.024,-0.518,-0.14,0.2,0.37
474180234000000,101121,-0.855,-0.025,-0.509,-0.14,-0.02,0.02
474180250000000,101141,-0.854,-0.022,-0.52,0.27,-0.2,0.07
474180265000000,101161,-0.858,-0.023,-0.519,-0.18,0.08,0.14
474180296000000,101181,-0.853,-0.024,-0.513,-0.05,0.24,0.21
474180312000000,101201,-0.861,-0.022,-0.513,0.15,-0.09,0.14
474180328000000,101221,-0.856,-0.025,-0.515,0.15,-0.15,-0.2
474180359000000,101241,-0.854,-0.025,-0.521,-0.15,-0.21,0.05
474180375000000,101261,-0.859,-0.026,-0.511,-0.19,0.02,-0.2
474180390000000,101281,-0.857,-0.027,-0.512,0.16,0.05,0.03
474180406000000,101301,-0.85,-0.018,-0.513,0.05,-0.24,0.07
474180437000000,101321,-0.853,-0.025,-0.518,0.24,0.01,-0.04
474180453000000,101341,-0.859,-0.027,-0.513,-0.03,0.23,0.25
474180468000000,101361,-0.858,-0.021,-0.516,-0.04,-0.03,-0.2
474180500000000,101381,-0.861,-0.021,-0.511,-0.16,0.17,-0.05
474180515000000,101401,-0.861,-0.024,-0.511,-0.06,0.18,-0.15
474180531000000,101421,-0.851,-0.027,-0.518,-0.01,0.14,0.09
474180546000000,101441,-0.856,-0.023,-0.522,-0.17,0.14,-0.0
474180578000000,101461,-0.856,-0.026,-0.521,-0.2,-0.03,0.02
474180593000000,101481,-0.855,-0.024,-0.512,0.03,-0.08,0.14
474180609000000,101501,-0.855,-0.025,-0.517,0.12,-0.26,-0.18
474180640000000,101521,-0.858,-0.022,-0.516,-0.12,-0.36,0.36
474180656000000,101541,-0.855,-0.026,-0.517,-0.09,-0.27,0.09
474180671000000,101561,-0.853,-0.024,-0.516,0.27,0.23,-0.09
474180687000000,101581,-0.855,-0.026,-0.515,0.14,-0.36,0.46
474180718000000,101601,-0.858,-0.022,-0.505,-0.16,0.28,-0.27
474180734000000,101621,-0.854,-0.03,-0.512,0.01,-0.04,0.19
474180750000000,101641,-0.858,-0.023,-0.52,-0.28,0.18,-0.36
474180765000000,101661,-0.857,-0.023,-0.511,0.13,-0.36,0.3
474180796000000,101681,-0.862,-0.027,-0.517,0.57,-0.03,0.14
474180812000000,101701,-0.855,-0.028,-0.51,0.06,0.39,-0.16
474180828000000,101721,-0.856,-0.021,-0.51,0.21,0.55,-0.0
474180859000000,101741,-0.856,-0.029,-0.517,-0.18,0.03,0.05
474180875000000,101761,-0.861,-0.025,-0.522,0.05,-0.12,0.14
474180890000000,101781,-0.858,-0.028,-0.509,0.1,-0.14,-0.02
474180906000000,101801,-0.857,-0.025,-0.517,0.23,-0.05,0.26
474180937000000,101821,-0.858,-0.024,-0.517,-0.09,-0.09,-0.37
474180953000000,101841,-0.854,-0.025,-0.513,-0.31,0.75,-0.02
474180968000000,101861,-0.858,-0.025,-0.519,0.05,0.04,-0.02
474181000000000,101881,-0.851,-0.02,-0.514,0.15,0.02,0.17
474181015000000,101901,-0.855,-0.024,-0.516,0.11,0.15,-0.28
474181031000000,101921,-0.858,-0.02,-0.519,-0.18,-0.0,0.17
474181046000000,101941,-0.856,-0.025,-0.518,0.03,-0.23,-0.01
474181078000000,101961,-0.86,-0.027,-0.516,-0.02,-0.19,-0.01
474181093000000,101981,-0.86,-0.026,-0.515,-0.18,0.04,-0.05
474181109000000,102001,-0.849,-0.024,-0.514,-0.01,0.56,0.07
474181140000000,102021,-0.855,-0.022,-0.517,0.0,-0.0,0.2
474181156000000,102041,-0.855,-0.027,-0.521,-0.01,-0.35,0.25
474181171000000,102061,-0.857,-0.027,-0.522,0.22,-0.14,-0.24
474181187000000,102081,-0.856,-0.023,-0.514,-0.04,0.3,-0.4
474181218000000,102101,-0.854,-0.025,-0.512,-0.24,0.11,-0.02
474181234000000,102121,-0.852,-0.025,-0.513,0.01,0.1,0.19
474181250000000,102141,-0.856,-0.025,-0.516,-0.15,0.17,0.09
474181265000000,102161,-0.857,-0.025,-0.514,-0.04,0.23,0.13
474181296000000,102181,-0.857,-0.024,-0.514,0.07,-0.07,0.08
474181312000000,102201,-0.856,-0.023,-0.513,-0.16,-0.06,0.04
474181328000000,102221,-0.858,-0.024,-0.517,0.27,-0.18,-0.02
474181359000000,102241,-0.857,-0.024,-0.515,-0.07,-0.12,0.05
474181375000000,102261,-0.855,-0.025,-0.515,-0.18,0.1,0.25
474181390000000,102281,-0.856,-0.023,-0.516,-0.07,0.3,0.18
474181406000000,102301,-0.854,-0.028,-0.506,-0.33,0.33,-0.13
474181437000000,102321,-0.859,-0.023,-0.514,-0.04,-0.04,0.04
474181453000000,102341,-0.857,-0.028,-0.516,-0.04,0.11,0.03
474181468000000,102361,-0.857,-0.026,-0.515,-0.07,-0.24,-0.02
474181500000000,102381,-0.858,-0.025,-0.514,0.24,-0.47,-0.12
474181515000000,102401,-0.858,-0.025,-0.513,0.07,-0.2,-0.18
474181531000000,102421,-0.853,-0.025,-0.516,0.08,-0.03,0.02
474181546000000,102441,-0.855,-0.026,-0.513,0.1,-0.16,0.16
474181578000000,102461,-0.855,-0.024,-0.514,-0.02,-0.14,0.08
474181593000000,102481,-0.86,-0.027,-0.516,-0.07,-0.22,0.26
474181609000000,102501,-0.86,-0.025,-0.519,-0.07,0.02,0.07
474181640000000,102521,-0.852,-0.024,-0.513,-0.25,0.09,-0.21
474181656000000,102541,-0.854,-0.024,-0.515,0.1,0.04,0.05
474181671000000,102561,-0.854,-0.025,-0.515,0.12,0.09,0.2
474181687000000,102581,-0.857,-0.022,-0.516,-0.14,0.01,-0.11
474181718000000,102601,-0.857,-0.022,-0.512,0.15,-0.25,0.06
474181734000000,102621,-0.858,-0.024,-0.509,0.05,0.14,0.06
474181750000000,102641,-0.855,-0.024,-0.522,-0.27,-0.24,-0.15
474181781000000,102661,-0.857,-0.021,-0.516,-0.03,0.25,0.09
474181796000000,102681,-0.851,-0.024,-0.515,-0.17,-0.05,-0.06
474181812000000,102701,-0.857,-0.029,-0.52,0.04,0.02,-0.17
474181828000000,102721,-0.855,-0.023,-0.51,-0.14,0.29,-0.01
474181859000000,102741,-0.86,-0.02,-0.511,0.05,-0.09,-0.02
474181875000000,102761,-0.858,-0.024,-0.519,-0.13,-0.12,0.17
474181890000000,102781,-0.861,-0.023,-0.514,-0.02,0.17,0.31
474181906000000,102801,-0.853,-0.023,-0.514,0.02,-0.2,-0.07
474181937000000,102821,-0.859,-0.026,-0.517,-0.04,-0.49,-0.04
474181953000000,102841,-0.854,-0.022,-0.513,0.14,-0.06,0.23
474181968000000,102861,-0.851,-0.025,-0.516,-0.28,-0.03,0.07
474182000000000,102881,-0.858,-0.025,-0.512,-0.27,-0.03,0.03
474182015000000,102901,-0.855,-0.024,-0.516,-0.18,0.1,-0.15
474182031000000,102921,-0.857,-0.024,-0.518,-0.2,-0.03,-0.16
474182046000000,102941,-0.856,-0.026,-0.514,-0.01,-0.07,0.17
474182078000000,102961,-0.858,-0.026,-0.518,-0.14,0.19,0.11
474182093000000,102981,-0.855,-0.026,-0.517,-0.01,-0.02,0.16
474182109000000,103001,-0.862,-0.023,-0.514,-0.22,0.27,0.33
474182140000000,103021,-0.853,-0.024,-0.517,0.22,0.15,-0.08
474182156000000,103041,-0.859,-0.022,-0.515,0.1,0.13,0.04
474182171000000,103061,-0.855,-0.025,-0.511,-0.15,0.02,0.07
474182187000000,103081,-0.857,-0.028,-0.517,-0.1,-0.06,0.05
474182218000000,103101,-0.855,-0.025,-0.513,0.08,-0.15,-0.02
474182234000000,103121,-0.856,-0.023,-0.521,0.02,-0.03,-0.09
474182250000000,103141,-0.857,-0.025,-0.516,0.23,0.01,0.26
474182281000000,103161,-0.855,-0.025,-0.516,-0.04,-0.19,0.13
474182296000000,103181,-0.852,-0.024,-0.518,-0.27,-0.06,-0.18
474182312000000,103201,-0.854,-0.024,-0.516,-0.02,0.27,-0.04
474182328000000,103221,-0.862,-0.024,-0.52,-0.04,-0.08,-0.21
474182359000000,103241,-0.853,-0.021,-0.514,0.05,-0.07,0.14
474182375000000,103261,-0.86,-0.021,-0.515,0.1,0.31,0.21
474182390000000,103281,-0.859,-0.024,-0.517,-0.2,-0.22,-0.12
474182406000000,103301,-0.859,-0.024,-0.517,0.09,-0.06,0.21
474182437000000,103321,-0.86,-0.026,-0.513,-0.01,0.07,0.01
474182453000000,103341,-0.859,-0.021,-0.521,0.0,0.02,0.11
474182468000000,103361,-0.859,-0.019,-0.512,0.09,-0.09,-0.02
474182500000000,103381,-0.86,-0.024,-0.514,-0.2,0.1,0.11
474182515000000,103401,-0.858,-0.023,-0.514,0.03,-0.3,-0.02
474182531000000,103421,-0.856,-0.023,-0.515,-0.06,0.03,0.11
474182546000000,103441,-0.857,-0.024,-0.523,-0.11,-0.08,-0.05
474182578000000,103461,-0.851,-0.026,-0.519,0.0,-0.15,-0.15
474182593000000,103481,-0.858,-0.023,-0.511,-0.1,0.01,-0.04
474182609000000,103501,-0.86,-0.024,-0.514,-0.04,0.04,-0.2
474182640000000,103521,-0.856,-0.025,-0.514,-0.21,-0.02,-0.0
474182656000000,103541,-0.857,-0.019,-0.517,-0.25,0.11,0.05
474182671000000,103561,-0.861,-0.02,-0.518,-0.12,0.11,0.05
474182687000000,103581,-0.855,-0.022,-0.52,-0.13,0.2,0.09
474182718000000,103601,-0.856,-0.024,-0.521,0.18,0.08,0.08
474182734000000,103621,-0.859,-0.021,-0.513,-0.2,0.17,-0.03
474182750000000,103641,-0.858,-0.027,-0.515,-0.32,-0.13,0.05
474182781000000,103661,-0.859,-0.02,-0.513,-0.05,-0.18,-0.03
474182796000000,103681,-0.857,-0.024,-0.515,0.01,0.08,0.1
474182812000000,103701,-0.858,-0.026,-0.513,-0.09,0.05,0.04
474182828000000,103721,-0.859,-0.027,-0.512,-0.2,0.21,-0.05
474182859000000,103741,-0.857,-0.025,-0.515,0.03,-0.09,-0.01
474182875000000,103761,-0.858,-0.025,-0.511,0.06,-0.18,-0.01
474182890000000,103781,-0.853,-0.025,-0.517,-0.05,-0.35,-0.01
474182906000000,103801,-0.851,-0.021,-0.505,0.08,-0.08,-0.37
474182937000000,103821,-0.86,-0.025,-0.511,-0.2,0.23,0.17
474182953000000,103841,-0.858,-0.022,-0.505,0.07,-0.15,0.15
474182968000000,103861,-0.855,-0.026,-0.513,0.01,-0.25,0.14
474183000000000,103881,-0.855,-0.026,-0.511,-0.07,-0.17,-0.24
474183015000000,103901,-0.855,-0.024,-0.518,-0.22,0.33,0.16
474183031000000,103921,-0.853,-0.024,-0.519,0.0,-0.03,-0.08
474183046000000,103941,-0.856,-0.028,-0.512,-0.14,0.09,0.11
474183078000000,103961,-0.856,-0.03,-0.519,-0.11,0.16,-0.12
474183093000000,103981,-0.857,-0.021,-0.521,0.25,-0.11,-0.01
474183109000000,104001,-0.852,-0.025,-0.513,-0.2,0.12,0.01
474183140000000,104021,-0.851,-0.025,-0.514,-0.06,-0.0,0.19
474183156000000,104041,-0.859,-0.025,-0.519,0.04,-0.31,-0.05
474183171000000,104061,-0.854,-0.022,-0.516,0.11,0.37,-0.09
474183187000000,104081,-0.857,-0.021,-0.508,0.25,0.12,0.01
474183218000000,104101,-0.853,-0.018,-0.515,0.13,-0.08,0.14
474183234000000,104121,-0.858,-0.025,-0.513,-0.01,0.03,0.04
474183250000000,104141,-0.856,-0.025,-0.515,-0.11,-0.15,0.1
474183265000000,104161,-0.855,-0.026,-0.52,0.18,-0.33,0.14
474183296000000,104181,-0.856,-0.022,-0.516,0.02,-0.12,-0.04
474183312000000,104201,-0.854,-0.026,-0.512,-0.13,0.01,0.03
474183328000000,104221,-0.856,-0.025,-0.51,-0.09,0.53,0.17
474183359000000,104241,-0.855,-0.025,-0.514,0.07,-0.02,0.08
474183375000000,104261,-0.858,-0.023,-0.51,0.09,0.21,0.04
474183390000000,104281,-0.856,-0.022,-0.515,0.29,-0.26,-0.11
474183406000000,104301,-0.857,-0.026,-0.516,0.12,0.38,0.15
474183437000000,104321,-0.861,-0.019,-0.512,-0.14,-0.03,-0.08
474183453000000,104341,-0.86,-0.024,-0.522,-0.4,0.37,-0.04
474183468000000,104361,-0.859,-0.026,-0.512,-0.27,0.23,0.09
474183500000000,104381,-0.858,-0.026,-0.519,-0.2,0.06,-0.14
474183515000000,104401,-0.85,-0.027,-0.522,-0.01,0.01,0.14
474183531000000,104421,-0.858,-0.024,-0.516,-0.06,0.1,0.02
474183546000000,104441,-0.856,-0.027,-0.522,-0.17,0.07,-0.27
474183578000000,104461,-0.859,-0.027,-0.513,0.06,0.1,-0.39
474183593000000,104481,-0.861,-0.028,-0.513,-0.15,0.17,0.09
474183609000000,104501,-0.856,-0.027,-0.515,0.12,-0.28,0.17
474183640000000,104521,-0.86,-0.02,-0.516,0.15,0.4,0.18
474183656000000,104541,-0.853,-0.026,-0.511,0.12,0.43,-0.08
474183671000000,104561,-0.861,-0.026,-0.521,0.09,-0.83,-0.15
474183687000000,104581,-0.857,-0.017,-0.52,-0.12,0.05,-0.23
474183718000000,104601,-0.859,-0.03,-0.519,-0.12,0.24,0.07
474183734000000,104621,-0.859,-0.024,-0.521,-0.06,0.11,-0.04
474183750000000,104641,-0.852,-0.026,-0.518,0.12,-0.17,-0.08
474183781000000,104661,-0.857,-0.025,-0.514,-0.1,-0.44,-0.17
474183796000000,104681,-0.857,-0.023,-0.511,0.25,-0.02,0.24
474183812000000,104701,-0.857,-0.023,-0.514,0.05,-0.4,0.04
474183828000000,104721,-0.859,-0.024,-0.515,0.15,-0.23,0.07
474183859000000,104741,-0.856,-0.022,-0.519,0.19,0.3,-0.18
474183875000000,104761,-0.855,-0.028,-0.511,0.05,0.43,0.06
474183890000000,104781,-0.857,-0.027,-0.514,0.02,0.11,0.13
474183906000000,104801,-0.86,-0.024,-0.515,0.22,-0.25,-0.11
474183937000000,104821,-0.857,-0.025,-0.506,0.18,-0.07,-0.2
474183953000000,104841,-0.855,-0.029,-0.515,-0.14,-0.17,0.06
474183968000000,104861,-0.858,-0.026,-0.513,0.17,-0.23,-0.07
474184000000000,104881,-0.852,-0.028,-0.505,0.17,-0.11,-0.12
474184015000000,104901,-0.861,-0.023,-0.521,-0.01,-0.06,0.2
474184031000000,104921,-0.856,-0.028,-0.51,-0.3,0.14,0.01
474184046000000,104941,-0.861,-0.028,-0.515,-0.14,0.1,0.15
474184078000000,104961,-0.856,-0.025,-0.513,-0.01,-0.44,0.01
474184093000000,104981,-0.856,-0.021,-0.514,-0.22,0.32,-0.11
474184109000000,105001,-0.862,-0.033,-0.52,-0.32,-0.09,0.36
474184140000000,105021,-0.855,-0.026,-0.513,-0.16,-0.06,-0.01
474184156000000,105041,-0.856,-0.022,-0.518,-0.15,0.14,-0.03
474184171000000,105061,-0.853,-0.025,-0.515,0.21,-0.15,-0.13
474184187000000,105081,-0.853,-0.022,-0.514,-0.07,0.06,-0.09
474184218000000,105101,-0.858,-0.023,-0.514,0.17,0.08,-0.17
474184234000000,105121,-0.855,-0.022,-0.519,-0.27,-0.1,-0.04
474184250000000,105141,-0.856,-0.024,-0.515,-0.36,0.2,-0.13
474184281000000,105161,-0.851,-0.028,-0.512,0.06,-0.06,0.17
474184296000000,105181,-0.856,-0.02,-0.516,0.13,0.01,-0.35
474184312000000,105201,-0.853,-0.026,-0.516,0.33,-0.52,-0.21
474184328000000,105221,-0.854,-0.024,-0.516,0.29,0.05,0.18
474184375000000,105261,-0.868,-0.029,-0.527,0.54,-0.48,-0.16
474184390000000,105281,-0.889,-0.028,-0.533,0.77,1.41,0.6
474184406000000,105301,-0.838,-0.017,-0.515,0.71,-1.39,-0.41
474184437000000,105321,-0.842,-0.023,-0.495,-0.2,-0.54,-0.08
474184453000000,105341,-0.858,-0.024,-0.513,-0.13,1.44,0.07
474184468000000,105361,-0.854,-0.025,-0.519,-0.14,0.24,0.15
474184500000000,105381,-0.857,-0.023,-0.527,0.02,-0.17,-0.1
474184515000000,105401,-0.858,-0.026,-0.516,0.17,0.23,-0.1
474184531000000,105421,-0.859,-0.028,-0.514,0.15,0.04,0.08
474184546000000,105441,-0.859,-0.025,-0.519,-0.04,-0.11,0.02
474184578000000,105461,-0.854,-0.028,-0.516,0.15,-0.07,-0.12
474184593000000,105481,-0.854,-0.024,-0.52,0.18,0.19,0.16
474184609000000,105501,-0.857,-0.023,-0.523,0.26,-0.06,-0.06
474184640000000,105521,-0.854,-0.025,-0.509,0.08,-0.36,0.08
474184656000000,105541,-0.859,-0.023,-0.514,0.05,-0.37,-0.01
474184671000000,105561,-0.859,-0.023,-0.51,-0.13,-0.41,-0.02
474184687000000,105581,-0.858,-0.022,-0.51,0.15,-0.0,0.06
474184718000000,105601,-0.861,-0.02,-0.515,0.27,-0.0,-0.01
474184734000000,105621,-0.849,-0.021,-0.51,-0.14,-0.83,0.24
474184750000000,105641,-0.87,-0.024,-0.53,0.1,0.12,-0.18
474184781000000,105661,-0.852,-0.018,-0.523,-0.12,-0.01,0.04
474184796000000,105681,-0.851,-0.025,-0.514,0.06,1.11,-0.01
474184812000000,105701,-0.85,-0.027,-0.511,-0.16,-0.06,0.5
474184828000000,105721,-0.855,-0.028,-0.524,0.38,-0.07,0.21
474184859000000,105741,-0.86,-0.024,-0.518,0.73,-0.04,0.07
474184875000000,105761,-0.865,-0.028,-0.518,0.8,-0.51,-0.06
474184890000000,105781,-0.83,-0.033,-0.502,-2.01,-1.41,-0.7
474184906000000,105801,-0.835,-0.042,-0.514,-1.73,1.89,2.14
474184937000000,105821,-0.866,-0.021,-0.527,0.17,0.55,0.3
474184953000000,105841,-0.863,-0.019,-0.518,0.13,0.35,-0.15
474184968000000,105861,-0.859,-0.023,-0.518,0.03,0.1,-0.05
474185000000000,105881,-0.86,-0.024,-0.52,-0.23,-0.33,0.2
474185015000000,105901,-0.859,-0.023,-0.512,-0.04,-0.02,0.22
474185031000000,105921,-0.854,-0.024,-0.513,0.22,-0.05,-0.06
474185046000000,105941,-0.86,-0.023,-0.517,-0.15,0.04,0.03
474185078000000,105961,-0.86,-0.025,-0.513,0.22,0.36,-0.09
474185093000000,105981,-0.853,-0.033,-0.518,0.12,0.18,0.04
474185109000000,106001,-0.86,-0.029,-0.518,-0.15,-0.12,0.14
474185140000000,106021,-0.852,-0.027,-0.512,-0.17,-0.02,0.23
474185156000000,106041,-0.851,-0.022,-0.519,-0.23,0.07,-0.19
474185171000000,106061,-0.857,-0.026,-0.517,-0.03,0.03,0.13
474185187000000,106081,-0.853,-0.021,-0.513,0.09,-0.14,0.14
474185218000000,106101,-0.855,-0.026,-0.508,-0.07,-0.01,-0.15
474185234000000,106121,-0.856,-0.023,-0.504,0.07,-0.08,0.22
474185250000000,106141,-0.861,-0.022,-0.507,0.08,0.07,-0.34
474185281000000,106161,-0.854,-0.024,-0.516,-0.17,-0.06,-0.22
474185296000000,106181,-0.857,-0.027,-0.512,0.09,0.27,-0.12
474185312000000,106201,-0.86,-0.029,-0.514,0.21,0.01,0.17
474185328000000,106221,-0.856,-0.023,-0.51,0.01,0.2,0.21
474185359000000,106241,-0.854,-0.025,-0.515,-0.04,0.18,0.3
474185375000000,106261,-0.855,-0.022,-0.51,0.07,-0.11,0.23
474185390000000,106281,-0.854,-0.024,-0.514,0.05,-0.2,0.07
474185406000000,106301,-0.855,-0.024,-0.519,-0.01,-0.07,0.1
474185437000000,106321,-0.861,-0.023,-0.505,0.0,0.04,0.07
474185453000000,106341,-0.859,-0.024,-0.515,0.12,0.2,0.18
474185468000000,106361,-0.861,-0.024,-0.51,-0.04,-0.2,0.05
474185500000000,106381,-0.852,-0.021,-0.514,0.02,0.1,-0.05
474185515000000,106401,-0.856,-0.022,-0.521,-0.04,0.15,0.1
474185531000000,106421,-0.854,-0.024,-0.521,0.31,-0.06,0.04
474185546000000,106441,-0.853,-0.024,-0.509,0.19,-0.05,-0.04
474185578000000,106461,-0.86,-0.028,-0.516,0.13,-0.18,0.01
474185593000000,106481,-0.854,-0.027,-0.519,0.13,-0.19,-0.08
474185609000000,106501,-0.856,-0.028,-0.514,-0.07,-0.16,-0.11
474185640000000,106521,-0.852,-0.021,-0.502,-0.16,-0.28,-0.06
474185656000000,106541,-0.859,-0.021,-0.517,0.05,-0.01,-0.01
474185671000000,106561,-0.856,-0.027,-0.522,0.03,-0.28,-0.12
474185687000000,106581,-0.86,-0.025,-0.515,0.02,0.19,-0.12
474185718000000,106601,-0.883,-0.038,-0.53,0.96,3.15,1.38
474185734000000,106621,-0.825,-0.022,-0.5,-0.04,-1.0,0.37
474185750000000,106641,-0.858,-0.03,-0.514,0.57,1.75,0.26
474185781000000,106661,-0.862,-0.023,-0.51,-0.16,-0.55,-0.03
474185796000000,106681,-0.844,-0.011,-0.516,-1.14,-1.19,-0.66
474185812000000,106701,-0.861,-0.023,-0.522,0.51,0.96,0.79
474185828000000,106721,-0.841,-0.02,-0.505,-0.49,-0.83,-0.08
474185859000000,106741,-0.855,-0.023,-0.514,0.29,1.04,0.02
474185875000000,106761,-0.861,-0.021,-0.523,0.11,-1.14,0.1
474185890000000,106781,-0.862,-0.025,-0.509,-0.15,0.7,0.43
474185906000000,106801,-0.852,-0.021,-0.501,0.04,-0.28,-0.06
474185937000000,106821,-0.855,-0.03,-0.513,-0.1,-0.19,0.07
474185953000000,106841,-0.863,-0.031,-0.515,-0.12,0.24,0.01
474185968000000,106861,-0.856,-0.027,-0.506,-0.22,-0.25,-0.07
474186000000000,106881,-0.862,-0.021,-0.519,0.12,0.37,0.11
474186015000000,106901,-0.855,-0.027,-0.518,0.03,-0.49,0.22
474186031000000,106921,-0.856,-0.023,-0.52,-0.14,0.16,0.16
474186046000000,106941,-0.853,-0.018,-0.515,0.01,-0.14,0.16
474186078000000,106961,-0.856,-0.024,-0.506,-0.01,-0.28,-0.02
474186093000000,106981,-0.861,-0.022,-0.51,0.21,0.08,0.17
474186109000000,107001,-0.859,-0.025,-0.516,0.31,0.27,0.05
474186140000000,107021,-0.857,-0.025,-0.516,-0.11,-0.02,-0.18
474186156000000,107041,-0.853,-0.026,-0.51,-0.24,0.2,0.01
474186171000000,107061,-0.855,-0.024,-0.512,-0.01,0.1,0.11
474186187000000,107081,-0.857,-0.02,-0.515,-0.15,0.27,-0.11
474186218000000,107101,-0.858,-0.023,-0.519,-0.01,-0.07,-0.2
474186234000000,107121,-0.856,-0.019,-0.521,-0.03,-0.12,-0.04
474186250000000,107141,-0.855,-0.021,-0.515,-0.17,-0.06,0.05
474186281000000,107161,-0.847,-0.024,-0.507,0.15,-0.09,-0.25
474186296000000,107181,-0.858,-0.023,-0.513,0.11,0.05,0.03
474186312000000,107201,-0.855,-0.024,-0.517,0.18,-0.09,0.1
474186328000000,107221,-0.853,-0.026,-0.522,-0.01,0.74,0.24
474186359000000,107241,-0.858,-0.025,-0.518,0.1,-0.48,0.09
474186375000000,107261,-0.857,-0.021,-0.525,0.13,0.37,0.04
474186390000000,107281,-0.853,-0.025,-0.518,-0.1,-0.2,0.11
474186406000000,107301,-0.855,-0.026,-0.517,-0.17,0.04,-0.14
474186437000000,107321,-0.854,-0.025,-0.527,-0.45,-0.22,0.08
474186453000000,107341,-0.856,-0.025,-0.508,0.07,0.08,-0.39
474186468000000,107361,-0.855,-0.026,-0.515,0.03,-0.0,-0.02
474186500000000,107381,-0.859,-0.025,-0.514,-0.12,-0.41,-0.06
474186515000000,107401,-0.856,-0.025,-0.512,-0.11,0.47,0.22
474186531000000,107421,-0.858,-0.022,-0.517,-0.3,-0.48,0.11
474186546000000,107441,-0.855,-0.026,-0.512,-0.2,0.01,0.27
474186578000000,107461,-0.85,-0.028,-0.514,0.25,-0.29,0.12
474186593000000,107481,-0.857,-0.023,-0.514,0.34,-0.15,-0.08
474186609000000,107501,-0.857,-0.021,-0.515,0.17,0.04,0.23
474186640000000,107521,-0.861,-0.024,-0.514,-0.17,-0.09,-0.01
474186656000000,107541,-0.858,-0.022,-0.518,-0.12,-0.28,0.12
474186671000000,107561,-0.858,-0.027,-0.511,-0.11,0.07,-0.26
474186687000000,107581,-0.858,-0.03,-0.51,0.11,0.35,0.21
474186718000000,107601,-0.857,-0.022,-0.514,-0.1,-0.12,-0.15
474186734000000,107621,-0.859,-0.021,-0.516,-0.2,0.17,0.01
474186750000000,107641,-0.855,-0.022,-0.519,-0.12,-0.04,0.27
474186765000000,107661,-0.857,-0.029,-0.52,0.09,0.11,0.01
474186796000000,107681,-0.856,-0.027,-0.511,0.02,0.2,0.24
474186812000000,107701,-0.859,-0.022,-0.515,0.08,-0.06,-0.09
474186828000000,107721,-0.859,-0.024,-0.509,0.04,-0.15,-0.18
474186859000000,107741,-0.861,-0.025,-0.513,-0.11,0.25,0.01
474186875000000,107761,-0.862,-0.027,-0.526,-0.08,-0.16,-0.07
474186890000000,107781,-0.859,-0.027,-0.517,-0.05,-0.01,0.17
474186906000000,107801,-0.857,-0.025,-0.517,-0.14,0.04,0.03
474186937000000,107821,-0.855,-0.024,-0.518,-0.01,0.14,0.09
474186953000000,107841,-0.857,-0.026,-0.517,0.23,-0.15,0.05
474186968000000,107861,-0.859,-0.027,-0.516,-0.02,0.1,0.25
474187000000000,107881,-0.852,-0.024,-0.508,-0.04,-0.18,-0.11
474187015000000,107901,-0.858,-0.023,-0.518,-0.01,0.06,0.31
474187031000000,107921,-0.858,-0.024,-0.515,-0.06,0.05,0.02
474187046000000,107941,-0.859,-0.024,-0.516,0.06,-0.07,-0.13
474187078000000,107961,-0.857,-0.023,-0.52,0.15,-0.06,-0.23
474187093000000,107981,-0.855,-0.022,-0.516,0.02,0.14,-0.02
474187109000000,108001,-0.853,-0.024,-0.518,-0.11,0.21,0.16
474187140000000,108021,-0.855,-0.024,-0.507,0.14,-0.28,-0.02
474187156000000,108041,-0.858,-0.03,-0.511,-0.14,0.09,0.05
474187171000000,108061,-0.857,-0.02,-0.514,-0.04,0.23,0.05
474187187000000,108081,-0.855,-0.023,-0.518,0.39,0.04,-0.13
474187218000000,108101,-0.861,-0.026,-0.507,-0.01,-0.13,0.11
474187234000000,108121,-0.856,-0.025,-0.517,-0.17,-0.16,-0.06
474187250000000,108141,-0.86,-0.024,-0.519,-0.4,0.09,0.11
474187265000000,108161,-0.852,-0.028,-0.517,-0.08,-0.0,0.01
474187296000000,108181,-0.853,-0.029,-0.519,0.26,0.3,-0.05
474187312000000,108201,-0.902,-0.033,-0.556,-1.78,3.8,3.25
474187328000000,108221,-0.85,-0.017,-0.517,0.27,0.69,1.32
474187359000000,108241,-0.864,-0.025,-0.524,0.53,1.53,0.09
474187375000000,108261,-0.874,-0.022,-0.528,0.07,-2.25,-0.35
474187390000000,108281,-0.858,-0.022,-0.51,-0.14,-0.6,-0.4
474187406000000,108301,-0.858,-0.024,-0.518,0.46,0.56,0.06
474187437000000,108321,-0.845,-0.021,-0.514,0.04,-0.47,-0.23
474187453000000,108341,-0.856,-0.029,-0.523,-0.04,1.38,0.05
474187468000000,108361,-0.852,-0.026,-0.518,0.28,-0.66,-0.01
474187500000000,108381,-0.855,-0.024,-0.513,-0.06,0.82,0.36
474187515000000,108401,-0.854,-0.026,-0.519,0.25,-0.5,-0.05
474187531000000,108421,-0.864,-0.025,-0.514,0.02,-0.31,-0.08
474187546000000,108441,-0.865,-0.021,-0.523,0.28,0.08,0.12
474187578000000,108461,-0.851,-0.023,-0.512,-0.07,-0.35,0.04
474187593000000,108481,-0.859,-0.025,-0.52,0.17,0.07,0.08
474187609000000,108501,-0.855,-0.021,-0.514,-0.25,-0.07,0.12
474187640000000,108521,-0.851,-0.025,-0.516,-0.06,0.11,0.08
474187656000000,108541,-0.858,-0.021,-0.518,0.01,0.11,0.05
474187671000000,108561,-0.859,-0.022,-0.516,0.1,0.04,0.19
474187687000000,108581,-0.859,-0.026,-0.515,0.06,-0.06,0.04
474187718000000,108601,-0.857,-0.021,-0.51,-0.03,0.01,0.01
474187734000000,108621,-0.859,-0.025,-0.506,0.08,-0.02,-0.05
474187750000000,108641,-0.853,-0.023,-0.519,-0.3,0.19,-0.05
474187781000000,108661,-0.856,-0.023,-0.517,0.03,0.3,-0.17
474187796000000,108681,-0.857,-0.024,-0.522,0.02,0.01,0.08
474187812000000,108701,-0.855,-0.025,-0.52,0.1,-0.15,-0.1
474187828000000,108721,-0.86,-0.022,-0.512,-0.01,-0.04,-0.06
474187859000000,108741,-0.858,-0.025,-0.514,0.02,-0.28,0.16
474187875000000,108761,-0.854,-0.026,-0.518,-0.06,-0.02,0.07
474187890000000,108781,-0.855,-0.027,-0.512,0.12,-0.25,0.14
474187906000000,108801,-0.858,-0.022,-0.511,0.02,0.05,-0.02
474187937000000,108821,-0.856,-0.02,-0.517,-0.05,-0.05,-0.18
474187953000000,108841,-0.862,-0.027,-0.508,0.01,0.01,-0.04
474187968000000,108861,-0.856,-0.027,-0.523,0.16,0.21,0.06
474188000000000,108881,-0.855,-0.024,-0.515,0.01,0.31,-0.02
474188015000000,108901,-0.856,-0.019,-0.513,0.13,-0.06,0.33
474188031000000,108921,-0.857,-0.021,-0.516,0.03,-0.0,-0.22
474188046000000,108941,-0.858,-0.027,-0.516,-0.2,-0.17,-0.21
474188078000000,108961,-0.858,-0.025,-0.513,-0.04,0.17,-0.09
474188093000000,108981,-0.857,-0.026,-0.512,0.12,0.13,0.03
474188109000000,109001,-0.856,-0.025,-0.518,-0.08,0.14,0.14
474188140000000,109021,-0.857,-0.023,-0.516,-0.06,-0.12,-0.24
474188156000000,109041,-0.851,-0.026,-0.519,0.3,-0.02,0.21
474188171000000,109061,-0.856,-0.021,-0.515,-0.11,-0.19,-0.07
474188187000000,109081,-0.852,-0.025,-0.515,0.11,-0.13,0.06
474188218000000,109101,-0.856,-0.027,-0.514,-0.25,-0.01,-0.15
474188234000000,109121,-0.848,-0.026,-0.514,-0.14,-0.41,0.06
474188250000000,109141,-0.851,-0.022,-0.511,-0.11,0.33,0.23
474188265000000,109161,-0.858,-0.026,-0.514,0.0,0.11,0.01
474188296000000,109181,-0.856,-0.027,-0.518,0.02,-0.13,-0.22
474188312000000,109201,-0.858,-0.034,-0.511,0.08,0.39,-0.16
474188328000000,109221,-0.857,-0.019,-0.514,-0.09,-0.22,-0.05
474188359000000,109241,-0.859,-0.026,-0.51,-0.24,0.26,0.04
474188375000000,109261,-0.858,-0.023,-0.515,-0.07,-0.1,-0.05
474188390000000,109281,-0.856,-0.031,-0.514,-0.24,-0.03,-0.03
474188406000000,109301,-0.855,-0.025,-0.519,0.01,0.11,0.27
474188437000000,109321,-0.855,-0.025,-0.518,0.15,-0.12,0.08
474188453000000,109341,-0.854,-0.024,-0.515,-0.12,0.13,0.23
474188468000000,109361,-0.857,-0.023,-0.522,0.16,-0.25,0.23
474188500000000,109381,-0.859,-0.026,-0.512,-0.21,-0.1,0.09
474188515000000,109401,-0.86,-0.024,-0.509,-0.41,-0.12,0.15
474188531000000,109421,-0.855,-0.022,-0.516,-0.2,-0.05,0.13
474188546000000,109441,-0.857,-0.025,-0.517,-0.01,0.2,0.11
474188578000000,109461,-0.854,-0.025,-0.517,0.1,-0.29,0.19
474188593000000,109481,-0.854,-0.023,-0.508,-0.14,-0.24,0.18
474188609000000,109501,-0.858,-0.025,-0.508,0.06,0.06,0.13
474188640000000,109521,-0.857,-0.023,-0.517,0.15,0.02,0.21
474188656000000,109541,-0.857,-0.022,-0.517,0.13,0.15,0.01
474188671000000,109561,-0.855,-0.022,-0.518,0.11,0.14,0.17
474188687000000,109581,-0.852,-0.023,-0.517,-0.03,-0.0,-0.0
474188718000000,109601,-0.855,-0.026,-0.515,-0.03,0.03,0.09
474188734000000,109621,-0.859,-0.025,-0.516,0.03,0.14,0.07
474188750000000,109641,-0.853,-0.028,-0.512,0.12,-0.07,0.21
474188781000000,109661,-0.855,-0.027,-0.517,-0.07,-0.08,0.2
474188796000000,109681,-0.855,-0.028,-0.514,-0.08,0.05,0.3
474188812000000,109701,-0.86,-0.025,-0.513,0.03,0.3,0.14
474188828000000,109721,-0.855,-0.023,-0.506,0.29,-0.11,0.11
474188859000000,109741,-0.853,-0.026,-0.517,0.11,-0.1,0.11
474188875000000,109761,-0.858,-0.027,-0.513,0.11,-0.07,0.19
474188890000000,109781,-0.854,-0.027,-0.515,0.08,0.08,-0.07
474188906000000,109801,-0.856,-0.026,-0.512,-0.3,0.14,-0.01
474188937000000,109821,-0.857,-0.026,-0.521,0.23,-0.02,0.03
474188953000000,109841,-0.854,-0.023,-0.515,0.04,0.21,-0.1
474188968000000,109861,-0.856,-0.023,-0.515,-0.02,-0.09,-0.15
474189000000000,109881,-0.861,-0.021,-0.523,0.33,-0.3,0.17
474189015000000,109901,-0.857,-0.022,-0.513,-0.12,0.27,0.09
474189031000000,109921,-0.858,-0.025,-0.519,-0.37,0.34,0.25
474189046000000,109941,-0.858,-0.025,-0.515,0.09,0.03,-0.27
474189078000000,109961,-0.856,-0.022,-0.514,-0.07,-0.19,0.22
474189093000000,109981,-0.855,-0.022,-0.508,-0.04,0.17,0.22
474189109000000,110001,-0.857,-0.024,-0.515,-0.22,0.14,-0.11
474189140000000,110021,-0.857,-0.022,-0.515,0.28,-0.12,-0.05
474189156000000,110041,-0.861,-0.026,-0.517,-0.2,-0.09,0.09
474189171000000,110061,-0.859,-0.023,-0.506,0.01,0.22,0.15
474189187000000,110081,-0.856,-0.025,-0.515,-0.2,0.07,0.16
474189218000000,110101,-0.856,-0.025,-0.509,0.01,0.1,0.06
474189234000000,110121,-0.854,-0.024,-0.514,-0.2,-0.4,-0.12
474189250000000,110141,-0.852,-0.024,-0.519,-0.1,0.08,-0.04
474189281000000,110161,-0.856,-0.023,-0.514,-0.12,-0.15,-0.06
474189296000000,110181,-0.856,-0.021,-0.52,0.01,-0.18,-0.02
474189312000000,110201,-0.857,-0.024,-0.519,0.18,0.07,-0.06
474189328000000,110221,-0.855,-0.024,-0.51,-0.33,-0.17,0.11
474189359000000,110241,-0.855,-0.019,-0.511,-0.02,0.23,0.37
474189375000000,110261,-0.85,-0.022,-0.516,0.03,0.3,-0.14
474189390000000,110281,-0.858,-0.023,-0.512,-0.11,-0.08,-0.07
474189406000000,110301,-0.857,-0.023,-0.517,0.19,0.04,0.05
474189437000000,110321,-0.851,-0.023,-0.514,-0.02,0.01,0.07
474189453000000,110341,-0.855,-0.02,-0.52,0.02,0.11,0.04
474189468000000,110361,-0.859,-0.025,-0.52,-0.07,-0.01,-0.04
474189500000000,110381,-0.853,-0.025,-0.517,-0.09,-0.13,0.11
474189515000000,110401,-0.854,-0.024,-0.509,-0.1,-0.11,0.16
474189531000000,110421,-0.859,-0.028,-0.514,0.01,-0.08,-0.05
474189546000000,110441,-0.854,-0.024,-0.513,0.36,-0.1,0.05
474189578000000,110461,-0.856,-0.023,-0.514,-0.03,-0.08,-0.18
474189593000000,110481,-0.858,-0.026,-0.517,-0.2,0.09,-0.15
474189609000000,110501,-0.855,-0.024,-0.512,0.09,-0.12,-0.02
474189640000000,110521,-0.854,-0.022,-0.518,0.13,0.18,-0.04
474189656000000,110541,-0.849,-0.025,-0.518,0.05,-0.48,0.03
474189671000000,110561,-0.855,-0.023,-0.517,-0.07,-0.41,0.08
474189687000000,110581,-0.855,-0.027,-0.518,-0.05,-0.18,0.24
474189718000000,110601,-0.857,-0.027,-0.514,0.21,-0.02,-0.1
474189734000000,110621,-0.853,-0.023,-0.513,-0.04,0.32,0.02
474189750000000,110641,-0.854,-0.026,-0.516,-0.04,-0.15,-0.02
474189765000000,110661,-0.854,-0.024,-0.514,0.12,-0.21,-0.06
474189796000000,110681,-0.852,-0.027,-0.518,-0.06,-0.28,-0.19
474189812000000,110701,-0.853,-0.022,-0.519,0.18,-0.05,0.31
474189828000000,110721,-0.852,-0.027,-0.519,0.2,0.08,0.12
474189859000000,110741,-0.855,-0.027,-0.512,0.08,-0.06,0.05
474189875000000,110761,-0.855,-0.022,-0.521,0.07,0.08,0.27
474189890000000,110781,-0.854,-0.024,-0.518,0.02,0.07,-0.04
474189906000000,110801,-0.858,-0.021,-0.517,-0.05,-0.04,-0.02
474189937000000,110821,-0.855,-0.026,-0.519,-0.03,0.04,-0.2
474189953000000,110841,-0.855,-0.025,-0.513,0.15,0.22,0.02
474189968000000,110861,-0.855,-0.028,-0.517,0.16,0.3,-0.12
474190000000000,110881,-0.855,-0.021,-0.515,0.07,0.07,0.05
474190015000000,110901,-0.852,-0.025,-0.51,-0.06,0.24,0.38
474190031000000,110921,-0.854,-0.025,-0.517,0.07,0.34,-0.05
474190046000000,110941,-0.856,-0.023,-0.516,-0.3,0.06,-0.21
474190078000000,110961,-0.858,-0.026,-0.514,-0.11,0.41,0.05
474190093000000,110981,-0.852,-0.024,-0.511,0.04,0.45,0.16
474190109000000,111001,-0.857,-0.028,-0.516,0.12,0.05,0.27
474190140000000,111021,-0.856,-0.023,-0.512,-0.12,-0.03,-0.07
474190156000000,111041,-0.858,-0.025,-0.515,0.07,0.01,0.24
474190171000000,111061,-0.856,-0.021,-0.508,0.13,-0.09,-0.24
474190187000000,111081,-0.855,-0.024,-0.512,0.05,0.07,-0.24
474190218000000,111101,-0.856,-0.025,-0.513,-0.08,0.09,0.2
474190234000000,111121,-0.856,-0.026,-0.506,0.11,0.06,-0.19
474190250000000,111141,-0.853,-0.026,-0.52,0.05,-0.06,-0.01
474190281000000,111161,-0.853,-0.026,-0.519,-0.13,-0.17,0.28
474190296000000,111181,-0.855,-0.024,-0.512,0.21,0.05,-0.01
474190312000000,111201,-0.857,-0.027,-0.513,-0.34,-0.15,-0.02
474190328000000,111221,-0.857,-0.022,-0.517,-0.11,0.06,0.21
474190359000000,111241,-0.86,-0.022,-0.518,-0.22,-0.12,0.11
474190375000000,111261,-0.859,-0.026,-0.511,-0.01,0.04,-0.05
474190390000000,111281,-0.856,-0.027,-0.51,-0.19,0.17,-0.02
474190406000000,111301,-0.857,-0.025,-0.517,-0.23,0.42,-0.07
474190437000000,111321,-0.857,-0.022,-0.515,-0.05,-0.12,0.21
474190453000000,111341,-0.854,-0.023,-0.516,0.26,-0.23,-0.06
474190468000000,111361,-0.857,-0.023,-0.517,0.17,-0.0,-0.08
474190500000000,111381,-0.855,-0.024,-0.515,0.0,-0.12,-0.17
474190515000000,111401,-0.854,-0.027,-0.514,0.22,-0.01,0.07
474190531000000,111421,-0.857,-0.027,-0.519,-0.09,-0.01,-0.03
474190546000000,111441,-0.856,-0.027,-0.513,0.05,0.25,0.28
474190578000000,111461,-0.858,-0.025,-0.519,-0.06,0.16,0.19
474190593000000,111481,-0.855,-0.022,-0.516,-0.14,-0.1,0.06
474190609000000,111501,-0.852,-0.025,-0.521,0.12,-0.23,-0.03
474190640000000,111521,-0.858,-0.026,-0.516,0.34,-0.11,0.09
474190656000000,111541,-0.857,-0.027,-0.512,-0.15,0.36,0.04
474190671000000,111561,-0.86,-0.029,-0.517,-0.16,-0.01,0.12
474190687000000,111581,-0.856,-0.022,-0.515,-0.18,-0.24,-0.11
474190718000000,111601,-0.857,-0.024,-0.517,0.09,-0.07,0.08
474190734000000,111621,-0.858,-0.02,-0.522,0.23,-0.16,0.15
474190750000000,111641,-0.853,-0.026,-0.517,0.36,-0.14,0.17
474190765000000,111661,-0.853,-0.028,-0.522,-0.1,0.11,0.21
474190796000000,111681,-0.856,-0.023,-0.518,0.22,-0.14,0.21
474190812000000,111701,-0.855,-0.024,-0.51,0.06,0.01,-0.14
474190828000000,111721,-0.855,-0.022,-0.51,0.02,-0.03,0.09
474190859000000,111741,-0.86,-0.03,-0.513,-0.04,-0.18,0.01
474190875000000,111761,-0.857,-0.024,-0.519,0.04,0.13,0.01
474190890000000,111781,-0.855,-0.024,-0.516,0.02,-0.07,0.07
474190906000000,111801,-0.854,-0.023,-0.521,-0.01,0.03,-0.01
474190937000000,111821,-0.857,-0.023,-0.51,-0.24,0.17,0.09
474190953000000,111841,-0.856,-0.023,-0.516,0.35,-0.13,0.03
474190968000000,111861,-0.852,-0.022,-0.521,0.36,-0.22,-0.02
474191000000000,111881,-0.858,-0.027,-0.516,0.05,0.12,0.05
474191015000000,111901,-0.859,-0.023,-0.522,0.04,-0.15,-0.08
474191031000000,111921,-0.858,-0.026,-0.518,0.05,0.04,0.1
474191046000000,111941,-0.857,-0.028,-0.51,-0.04,0.15,0.09
474191078000000,111961,-0.856,-0.024,-0.504,0.14,0.07,0.16
474191093000000,111981,-0.859,-0.026,-0.521,-0.05,-0.01,-0.05
474191109000000,112001,-0.858,-0.025,-0.513,0.34,-0.25,-0.27
474191140000000,112021,-0.86,-0.028,-0.515,0.37,0.27,0.21
474191156000000,112041,-0.856,-0.024,-0.516,-0.09,0.01,0.06
474191171000000,112061,-0.86,-0.026,-0.514,-0.1,0.11,0.16
474191187000000,112081,-0.859,-0.022,-0.511,-0.01,-0.12,0.11
474191218000000,112101,-0.854,-0.026,-0.517,-0.14,0.12,0.21
474191234000000,112121,-0.856,-0.025,-0.511,0.14,0.01,0.03
474191250000000,112141,-0.855,-0.024,-0.52,-0.09,-0.14,0.08
474191265000000,112161,-0.862,-0.025,-0.515,0.13,0.03,0.05
474191296000000,112181,-0.857,-0.025,-0.516,0.21,-0.08,-0.01
474191312000000,112201,-0.86,-0.023,-0.515,-0.16,-0.05,0.04
474191328000000,112221,-0.852,-0.026,-0.511,0.18,0.09,0.03
474191359000000,112241,-0.856,-0.024,-0.516,-0.17,-0.06,-0.09
474191375000000,112261,-0.856,-0.024,-0.508,0.09,0.06,-0.1
474191390000000,112281,-0.856,-0.025,-0.521,0.26,-0.02,0.06
474191406000000,112301,-0.856,-0.026,-0.519,-0.09,0.07,-0.25
474191437000000,112321,-0.851,-0.025,-0.514,0.08,0.01,-0.15
474191453000000,112341,-0.859,-0.023,-0.511,0.09,-0.06,0.24
474191468000000,112361,-0.855,-0.026,-0.507,0.04,0.16,-0.02
474191500000000,112381,-0.857,-0.024,-0.512,-0.01,0.02,0.12
474191515000000,112401,-0.856,-0.023,-0.515,0.02,-0.0,0.1
474191531000000,112421,-0.853,-0.025,-0.512,0.22,-0.02,0.19
474191546000000,112441,-0.862,-0.027,-0.517,-0.18,0.13,0.05
474191578000000,112461,-0.853,-0.028,-0.513,0.14,0.38,0.21
474191593000000,112481,-0.859,-0.022,-0.513,0.01,-0.12,0.12
474191609000000,112501,-0.856,-0.021,-0.518,-0.23,0.01,-0.04
474191640000000,112521,-0.851,-0.026,-0.518,-0.2,-0.16,-0.06
474191656000000,112541,-0.858,-0.027,-0.516,-0.08,0.23,0.06
474191671000000,112561,-0.853,-0.025,-0.519,-0.05,0.27,0.03
474191687000000,112581,-0.856,-0.026,-0.512,-0.06,0.2,0.01
474191718000000,112601,-0.855,-0.028,-0.514,-0.02,-0.07,0.13
474191734000000,112621,-0.856,-0.028,-0.519,-0.07,0.11,-0.01
474191750000000,112641,-0.858,-0.022,-0.515,-0.2,0.22,0.05
474191765000000,112661,-0.858,-0.023,-0.518,0.18,0.12,-0.02
474191796000000,112681,-0.856,-0.021,-0.516,0.02,-0.28,-0.1
474191812000000,112701,-0.856,-0.024,-0.514,0.16,0.04,0.08
474191828000000,112721,-0.855,-0.026,-0.519,0.06,0.35,0.03
474191859000000,112741,-0.855,-0.025,-0.516,-0.01,0.12,-0.01
474191875000000,112761,-0.854,-0.026,-0.518,0.05,-0.12,-0.03
474191890000000,112781,-0.855,-0.024,-0.516,-0.24,0.17,0.14
474191906000000,112801,-0.86,-0.027,-0.52,0.19,-0.39,0.05
474191937000000,112821,-0.855,-0.024,-0.513,0.28,0.06,-0.08
474191953000000,112841,-0.86,-0.028,-0.519,-0.07,0.27,-0.02
474191968000000,112861,-0.855,-0.024,-0.513,0.37,-0.03,0.21
474192000000000,112881,-0.858,-0.023,-0.518,-0.09,0.02,-0.05
474192015000000,112901,-0.86,-0.025,-0.518,-0.24,-0.16,-0.0
474192031000000,112921,-0.855,-0.02,-0.514,-0.19,-0.19,0.11
474192046000000,112941,-0.858,-0.024,-0.515,-0.1,0.01,-0.13
474192078000000,112961,-0.857,-0.024,-0.514,0.05,-0.22,-0.04
474192093000000,112981,-0.857,-0.024,-0.517,0.0,0.49,-0.14
474192109000000,113001,-0.856,-0.026,-0.518,0.14,-0.05,-0.07
474192140000000,113021,-0.853,-0.025,-0.507,0.04,0.07,-0.18
474192156000000,113041,-0.888,-0.037,-0.546,0.18,0.21,0.27
474192171000000,113061,-0.851,-0.02,-0.505,-0.09,-2.23,-0.38
474192187000000,113081,-0.854,-0.021,-0.514,-0.23,0.98,0.49
474192218000000,113101,-0.86,-0.019,-0.515,0.05,-2.06,-0.05
474192234000000,113121,-0.853,-0.026,-0.512,-0.17,0.4,-0.12
474192250000000,113141,-0.857,-0.027,-0.518,0.18,0.71,0.3
474192265000000,113161,-0.847,-0.02,-0.517,-0.02,-0.69,0.05
474192296000000,113181,-0.862,-0.024,-0.518,0.13,0.86,-0.12
474192312000000,113201,-0.851,-0.026,-0.516,0.07,-0.87,0.12
474192328000000,113221,-0.854,-0.026,-0.518,0.11,0.51,0.13
474192359000000,113241,-0.857,-0.024,-0.514,0.07,-0.27,0.06
474192375000000,113261,-0.86,-0.025,-0.516,0.35,0.08,-0.11
474192390000000,113281,-0.859,-0.024,-0.521,-0.17,0.22,0.09
474192406000000,113301,-0.856,-0.025,-0.514,-0.18,-0.12,0.15
474192437000000,113321,-0.854,-0.023,-0.52,0.14,-0.2,-0.08
474192453000000,113341,-0.858,-0.024,-0.512,-0.16,0.14,0.1
474192468000000,113361,-0.856,-0.025,-0.517,-0.02,0.23,0.02
474192500000000,113381,-0.854,-0.022,-0.517,-0.04,-0.1,-0.07
474192515000000,113401,-0.856,-0.027,-0.516,0.09,-0.06,-0.13
474192531000000,113421,-0.859,-0.028,-0.512,0.07,-0.13,-0.11
474192546000000,113441,-0.854,-0.025,-0.508,0.11,0.18,-0.1
474192578000000,113461,-0.86,-0.019,-0.51,-0.02,-0.37,-0.13
474192593000000,113481,-0.857,-0.023,-0.52,-0.21,-0.25,0.11
474192609000000,113501,-0.856,-0.025,-0.512,0.03,0.1,-0.07
474192625000000,113521,-0.855,-0.023,-0.511,0.03,0.01,-0.16
474192656000000,113541,-0.857,-0.025,-0.524,-0.11,0.03,0.08
474192671000000,113561,-0.854,-0.022,-0.516,-0.01,-0.01,0.22
474192687000000,113581,-0.854,-0.021,-0.513,0.05,0.07,0.08
474192718000000,113601,-0.86,-0.021,-0.512,0.07,-0.02,-0.18
474192734000000,113621,-0.856,-0.022,-0.512,-0.11,0.06,-0.19
474192750000000,113641,-0.861,-0.028,-0.516,0.28,-0.15,0.08
474192765000000,113661,-0.858,-0.027,-0.518,0.0,0.07,-0.12
474192796000000,113681,-0.853,-0.023,-0.514,0.33,0.15,-0.08
474192812000000,113701,-0.857,-0.022,-0.519,-0.01,-0.06,0.02
474192828000000,113721,-0.855,-0.025,-0.512,0.21,-0.06,-0.03
474192859000000,113741,-0.86,-0.024,-0.515,0.0,0.16,-0.01
474192875000000,113761,-0.858,-0.022,-0.521,0.14,-0.03,-0.11
474192890000000,113781,-0.859,-0.031,-0.517,-0.02,0.01,-0.11
474192906000000,113801,-0.856,-0.026,-0.515,0.09,-0.02,0.08
474192937000000,113821,-0.854,-0.022,-0.518,0.18,-0.13,-0.1
474192953000000,113841,-0.857,-0.027,-0.516,-0.29,0.01,0.07
474192968000000,113861,-0.854,-0.024,-0.508,-0.03,0.05,0.19
474193000000000,113881,-0.858,-0.025,-0.517,0.15,-0.32,0.35
474193015000000,113901,-0.855,-0.021,-0.523,-0.14,0.11,-0.42
474193031000000,113921,-0.857,-0.026,-0.514,-0.07,0.07,0.04
474193046000000,113941,-0.849,-0.025,-0.517,0.12,0.32,0.08
474193078000000,113961,-0.851,-0.025,-0.519,-0.14,0.08,-0.1
474193093000000,113981,-0.856,-0.023,-0.514,-0.31,-0.17,0.04
474193109000000,114001,-0.86,-0.025,-0.515,-0.01,-0.12,0.05
474193140000000,114021,-0.856,-0.024,-0.518,0.04,-0.16,0.13
474193156000000,114041,-0.858,-0.024,-0.522,-0.36,-0.04,0.24
474193171000000,114061,-0.857,-0.027,-0.516,-0.09,-0.02,0.03
474193187000000,114081,-0.859,-0.028,-0.517,-0.12,0.1,-0.19
474193218000000,114101,-0.855,-0.025,-0.522,-0.16,-0.09,-0.05
474193234000000,114121,-0.856,-0.024,-0.505,-0.1,0.07,0.08
474193250000000,114141,-0.858,-0.023,-0.511,-0.18,-0.03,-0.02
474193265000000,114161,-0.857,-0.027,-0.513,0.15,0.08,-0.11
474193296000000,114181,-0.858,-0.024,-0.508,-0.1,0.04,-0.09
474193312000000,114201,-0.86,-0.025,-0.52,0.12,-0.08,0.08
474193328000000,114221,-0.855,-0.02,-0.517,0.23,-0.03,-0.11
474193359000000,114241,-0.856,-0.022,-0.507,0.06,0.01,0.23
474193375000000,114261,-0.855,-0.026,-0.513,0.2,-0.2,-0.02
474193390000000,114281,-0.858,-0.026,-0.52,-0.1,0.17,0.18
474193406000000,114301,-0.856,-0.024,-0.516,0.02,-0.23,0.02
474193437000000,114321,-0.852,-0.026,-0.514,0.18,0.24,-0.27
474193453000000,114341,-0.857,-0.024,-0.518,0.17,-0.1,-0.13
474193468000000,114361,-0.854,-0.026,-0.508,0.0,-0.12,0.02
474193500000000,114381,-0.855,-0.021,-0.506,-0.01,0.02,-0.04
474193515000000,114401,-0.858,-0.025,-0.518,-0.11,0.15,0.19
474193531000000,114421,-0.86,-0.027,-0.515,-0.27,0.08,-0.18
474193546000000,114441,-0.853,-0.022,-0.517,-0.09,-0.04,-0.0
474193578000000,114461,-0.854,-0.026,-0.513,0.15,-0.21,0.02
474193593000000,114481,-0.858,-0.023,-0.518,-0.07,-0.26,0.34
474193609000000,114501,-0.861,-0.022,-0.523,0.0,0.14,0.14
474193640000000,114521,-0.862,-0.026,-0.518,-0.11,-0.25,-0.03
474193656000000,114541,-0.86,-0.027,-0.513,0.35,0.12,0.04
474193671000000,114561,-0.859,-0.024,-0.51,0.1,0.21,-0.12
474193687000000,114581,-0.857,-0.022,-0.512,0.12,-0.12,0.04
474193718000000,114601,-0.855,-0.024,-0.519,0.19,0.4,0.41
474193734000000,114621,-0.852,-0.024,-0.517,0.22,-0.06,-0.31
474193750000000,114641,-0.857,-0.023,-0.513,-0.15,-0.33,-0.05
474193765000000,114661,-0.856,-0.023,-0.515,-0.05,-0.0,0.12
474193796000000,114681,-0.855,-0.027,-0.516,0.0,-0.24,-0.02
474193812000000,114701,-0.858,-0.026,-0.512,-0.01,0.08,0.11
474193828000000,114721,-0.858,-0.021,-0.515,-0.06,-0.02,-0.16
474193859000000,114741,-0.854,-0.022,-0.516,-0.21,-0.02,0.03
474193875000000,114761,-0.85,-0.022,-0.516,-0.04,0.09,0.25
474193890000000,114781,-0.851,-0.023,-0.514,0.09,-0.04,0.04
474193906000000,114801,-0.855,-0.025,-0.517,0.05,-0.08,0.07
474193937000000,114821,-0.854,-0.023,-0.516,0.41,0.03,0.21
474193953000000,114841,-0.859,-0.028,-0.514,0.02,0.11,0.14
474193968000000,114861,-0.858,-0.026,-0.519,0.15,0.01,0.14
474194000000000,114881,-0.858,-0.024,-0.518,0.04,0.07,-0.05
474194015000000,114901,-0.852,-0.023,-0.513,0.15,-0.2,0.24
474194031000000,114921,-0.86,-0.027,-0.516,0.08,-0.03,0.03
474194046000000,114941,-0.858,-0.025,-0.512,-0.12,0.17,0.17
474194078000000,114961,-0.86,-0.026,-0.521,0.2,-0.06,-0.0
474194093000000,114981,-0.853,-0.029,-0.517,-0.14,0.22,0.05
474194109000000,115001,-0.853,-0.026,-0.509,-0.14,0.07,0.17
474194125000000,115021,-0.854,-0.022,-0.513,-0.03,0.02,0.15
474194156000000,115041,-0.856,-0.026,-0.515,0.08,-0.19,-0.01
474194171000000,115061,-0.856,-0.024,-0.511,0.12,-0.02,0.21
474194187000000,115081,-0.858,-0.022,-0.511,-0.32,-0.04,0.11
474194218000000,115101,-0.855,-0.024,-0.506,-0.01,0.15,-0.06
474194234000000,115121,-0.858,-0.026,-0.515,0.06,-0.28,-0.02
474194250000000,115141,-0.857,-0.024,-0.516,0.16,-0.19,0.11
474194265000000,115161,-0.856,-0.023,-0.521,-0.24,-0.22,0.22
474194296000000,115181,-0.858,-0.024,-0.518,0.09,0.04,0.06
474194312000000,115201,-0.856,-0.026,-0.516,-0.09,0.14,-0.04
474194328000000,115221,-0.852,-0.023,-0.52,-0.18,0.07,-0.1
474194359000000,115241,-0.854,-0.025,-0.516,0.02,0.25,0.06
474194375000000,115261,-0.859,-0.025,-0.514,0.37,-0.12,-0.16
474194390000000,115281,-0.858,-0.025,-0.51,-0.01,-0.09,0.17
474194406000000,115301,-0.862,-0.023,-0.517,0.0,0.03,0.05
474194437000000,115321,-0.851,-0.028,-0.513,0.01,0.02,0.08
474194453000000,115341,-0.855,-0.025,-0.518,-0.1,-0.1,-0.0
474194468000000,115361,-0.856,-0.022,-0.515,0.25,0.19,0.11
474194500000000,115381,-0.855,-0.023,-0.514,-0.11,0.04,0.07
474194515000000,115401,-0.852,-0.024,-0.509,0.33,0.11,-0.06
474194531000000,115421,-0.855,-0.026,-0.514,-0.21,-0.23,-0.0
474194546000000,115441,-0.855,-0.023,-0.51,0.0,-0.02,0.02
474194578000000,115461,-0.859,-0.021,-0.513,0.28,0.05,0.02
474194593000000,115481,-0.861,-0.027,-0.519,-0.04,0.01,0.16
474194609000000,115501,-0.857,-0.024,-0.511,-0.14,-0.04,0.1
474194640000000,115521,-0.857,-0.023,-0.518,-0.01,0.11,0.17
474194656000000,115541,-0.857,-0.024,-0.517,0.18,0.07,0.19
474194671000000,115561,-0.857,-0.024,-0.51,-0.29,0.3,-0.1
474194687000000,115581,-0.853,-0.026,-0.514,0.11,-0.02,0.13
474194718000000,115601,-0.857,-0.02,-0.516,0.06,-0.28,-0.05
474194734000000,115621,-0.857,-0.023,-0.511,0.14,-0.04,0.15
474194750000000,115641,-0.858,-0.026,-0.517,0.11,-0.05,0.05
474194765000000,115661,-0.857,-0.026,-0.521,-0.04,0.01,-0.08
474194796000000,115681,-0.856,-0.024,-0.512,0.02,-0.22,0.11
474194812000000,115701,-0.855,-0.025,-0.518,-0.04,-0.02,-0.02
474194828000000,115721,-0.856,-0.022,-0.513,0.12,0.1,0.12
474194859000000,115741,-0.855,-0.024,-0.511,-0.01,-0.12,-0.22
474194875000000,115761,-0.858,-0.023,-0.516,-0.09,-0.15,0.14
474194890000000,115781,-0.854,-0.025,-0.506,-0.15,0.29,0.1
474194906000000,115801,-0.854,-0.023,-0.514,0.0,-0.28,0.18
474194937000000,115821,-0.86,-0.022,-0.519,-0.15,0.26,-0.08
474194953000000,115841,-0.858,-0.024,-0.518,0.23,-0.15,-0.18
474194968000000,115861,-0.86,-0.025,-0.515,0.02,-0.06,0.06
474195000000000,115881,-0.855,-0.027,-0.51,0.31,0.15,-0.07
474195015000000,115901,-0.859,-0.021,-0.514,-0.07,0.15,-0.16
474195031000000,115921,-0.852,-0.022,-0.515,-0.01,0.32,0.37
474195046000000,115941,-0.855,-0.025,-0.517,-0.24,-0.06,0.31
474195078000000,115961,-0.85,-0.02,-0.512,0.14,0.19,-0.24
474195093000000,115981,-0.861,-0.026,-0.511,0.02,-0.15,0.11
474195109000000,116001,-0.853,-0.025,-0.513,0.07,-0.16,0.11
474195140000000,116021,-0.856,-0.024,-0.513,-0.01,-0.19,0.14
474195156000000,116041,-0.855,-0.024,-0.518,0.05,-0.33,0.17
474195171000000,116061,-0.856,-0.023,-0.515,-0.05,0.19,0.27
474195187000000,116081,-0.854,-0.026,-0.509,0.17,-0.18,-0.01
474195218000000,116101,-0.854,-0.025,-0.515,-0.21,0.15,-0.02
474195234000000,116121,-0.855,-0.029,-0.513,0.06,0.08,0.24
474195250000000,116141,-0.854,-0.021,-0.515,0.09,-0.31,-0.09
474195265000000,116161,-0.858,-0.023,-0.514,-0.12,-0.23,0.45
474195296000000,116181,-0.857,-0.023,-0.513,-0.09,-0.22,0.24
474195312000000,116201,-0.858,-0.023,-0.512,0.14,0.4,0.04
474195328000000,116221,-0.862,-0.023,-0.513,-0.12,0.25,-0.02
474195359000000,116241,-0.855,-0.023,-0.513,0.05,-0.05,-0.08
474195375000000,116261,-0.856,-0.023,-0.519,0.1,-0.19,0.21
474195390000000,116281,-0.858,-0.024,-0.519,0.05,0.04,0.11
474195406000000,116301,-0.856,-0.024,-0.511,0.24,0.21,0.11
474195437000000,116321,-0.855,-0.022,-0.52,0.05,-0.03,-0.06
474195453000000,116341,-0.858,-0.026,-0.518,0.22,0.11,0.21
474195468000000,116361,-0.851,-0.027,-0.517,0.28,-0.26,-0.03
474195500000000,116381,-0.856,-0.024,-0.509,-0.02,0.09,0.24
474195515000000,116401,-0.852,-0.026,-0.514,-0.03,0.11,0.14
474195531000000,116421,-0.856,-0.028,-0.511,0.13,-0.25,-0.12
474195546000000,116441,-0.858,-0.027,-0.511,-0.01,-0.09,-0.02
474195578000000,116461,-0.854,-0.029,-0.517,-0.04,0.32,0.14
474195593000000,116481,-0.853,-0.023,-0.515,-0.09,0.1,0.09
474195609000000,116501,-0.856,-0.023,-0.52,-0.02,0.22,-0.14
474195640000000,116521,-0.856,-0.024,-0.509,-0.18,-0.07,-0.19
474195656000000,116541,-0.858,-0.021,-0.514,-0.13,0.3,0.01
474195671000000,116561,-0.856,-0.027,-0.516,-0.3,-0.09,0.09
474195687000000,116581,-0.859,-0.023,-0.52,0.05,0.1,-0.01
474195718000000,116601,-0.856,-0.02,-0.516,0.1,0.2,0.08
474195734000000,116621,-0.855,-0.028,-0.518,-0.04,0.13,0.08
474195750000000,116641,-0.857,-0.022,-0.519,-0.06,0.04,0.07
474195765000000,116661,-0.855,-0.025,-0.52,0.07,-0.16,-0.01
474195796000000,116681,-0.858,-0.025,-0.514,0.02,0.14,-0.02
474195812000000,116701,-0.856,-0.026,-0.507,-0.11,0.03,-0.22
474195828000000,116721,-0.858,-0.02,-0.515,0.09,0.17,0.21
474195859000000,116741,-0.853,-0.022,-0.52,0.2,0.07,-0.03
474195875000000,116761,-0.859,-0.025,-0.512,0.07,-0.01,-0.14
474195890000000,116781,-0.855,-0.021,-0.512,0.1,0.04,0.12
474195906000000,116801,-0.857,-0.025,-0.518,0.06,-0.11,0.25
474195937000000,116821,-0.858,-0.02,-0.51,-0.02,0.12,-0.18
474195953000000,116841,-0.861,-0.025,-0.516,0.1,-0.15,-0.11
474195968000000,116861,-0.858,-0.022,-0.511,-0.12,-0.0,0.07
474196000000000,116881,-0.855,-0.031,-0.519,-0.07,0.06,-0.29
474196015000000,116901,-0.86,-0.023,-0.517,-0.07,0.29,0.08
474196031000000,116921,-0.862,-0.023,-0.514,-0.17,0.17,0.08
474196046000000,116941,-0.858,-0.022,-0.51,-0.11,-0.12,0.03
474196078000000,116961,-0.86,-0.023,-0.516,-0.13,0.11,0.06
474196093000000,116981,-0.859,-0.028,-0.515,0.05,-0.22,-0.1
474196109000000,117001,-0.858,-0.023,-0.514,-0.17,-0.06,0.05
474196140000000,117021,-0.855,-0.028,-0.525,0.02,0.18,0.17
474196156000000,117041,-0.854,-0.022,-0.518,-0.14,0.07,0.21
474196171000000,117061,-0.858,-0.028,-0.51,-0.11,-0.02,0.4
474196187000000,117081,-0.852,-0.019,-0.516,0.1,-0.41,0.24
474196218000000,117101,-0.856,-0.025,-0.518,-0.13,-0.41,-0.1
474196234000000,117121,-0.854,-0.03,-0.518,0.05,0.35,-0.05
474196250000000,117141,-0.858,-0.024,-0.514,-0.1,0.27,0.01
474196265000000,117161,-0.855,-0.02,-0.517,0.05,0.14,-0.03
474196296000000,117181,-0.861,-0.025,-0.517,0.1,0.07,-0.04
474196312000000,117201,-0.859,-0.026,-0.517,0.08,0.14,-0.3
474196328000000,117221,-0.854,-0.022,-0.514,-0.14,0.04,0.24
474196359000000,117241,-0.859,-0.019,-0.513,0.05,-0.24,-0.12
474196375000000,117261,-0.854,-0.027,-0.514,0.26,-0.02,-0.02
474196390000000,117281,-0.853,-0.025,-0.513,0.02,0.05,0.28
474196406000000,117301,-0.854,-0.029,-0.513,-0.02,-0.16,0.05
474196437000000,117321,-0.857,-0.026,-0.508,-0.17,-0.1,0.01
474196453000000,117341,-0.857,-0.024,-0.508,0.28,0.21,0.05
474196468000000,117361,-0.858,-0.025,-0.513,-0.04,0.24,0.13
474196500000000,117381,-0.855,-0.024,-0.516,0.05,0.2,0.27
474196515000000,117401,-0.855,-0.021,-0.524,-0.2,0.28,0.14
474196531000000,117421,-0.86,-0.024,-0.525,0.09,0.38,-0.12
474196546000000,117441,-0.853,-0.024,-0.508,-0.04,0.28,0.02
474196578000000,117461,-0.858,-0.02,-0.508,-0.14,0.05,0.07
474196593000000,117481,-0.857,-0.025,-0.517,0.19,0.23,-0.03
474196609000000,117501,-0.855,-0.023,-0.518,-0.1,0.13,0.07
474196640000000,117521,-0.86,-0.023,-0.509,-0.11,0.11,0.17
474196656000000,117541,-0.859,-0.025,-0.516,-0.08,0.35,-0.17
474196671000000,117561,-0.857,-0.025,-0.521,0.06,-0.28,-0.02
474196687000000,117581,-0.857,-0.028,-0.519,-0.01,-0.07,0.21
474196718000000,117601,-0.856,-0.024,-0.517,-0.04,0.03,-0.02
474196734000000,117621,-0.855,-0.024,-0.518,-0.09,-0.09,-0.01
474196750000000,117641,-0.859,-0.024,-0.519,0.04,0.25,-0.02
474196765000000,117661,-0.854,-0.023,-0.517,0.28,-0.1,-0.12
474196796000000,117681,-0.856,-0.027,-0.509,-0.24,0.18,0.19
474196812000000,117701,-0.854,-0.025,-0.515,0.16,0.18,0.01
474196828000000,117721,-0.855,-0.028,-0.512,-0.11,-0.06,-0.05
474196859000000,117741,-0.856,-0.024,-0.515,-0.1,0.04,0.17
474196875000000,117761,-0.856,-0.022,-0.518,0.0,0.07,-0.03
474196890000000,117781,-0.857,-0.023,-0.514,0.15,-0.06,-0.01
474196906000000,117801,-0.858,-0.023,-0.517,0.19,0.16,0.01
474196937000000,117821,-0.855,-0.027,-0.515,0.02,0.2,0.05
474196953000000,117841,-0.857,-0.023,-0.516,0.14,-0.22,0.15
474196968000000,117861,-0.855,-0.026,-0.517,0.09,-0.01,0.15
474197000000000,117881,-0.857,-0.026,-0.516,-0.23,-0.09,0.01
474197015000000,117901,-0.857,-0.025,-0.515,-0.09,-0.09,0.08
474197031000000,117921,-0.861,-0.026,-0.515,-0.04,-0.06,-0.02
474197046000000,117941,-0.856,-0.025,-0.514,0.13,0.19,-0.1
474197078000000,117961,-0.857,-0.024,-0.51,-0.36,0.16,0.2
474197093000000,117981,-0.85,-0.024,-0.518,0.19,0.11,-0.12
474197109000000,118001,-0.854,-0.022,-0.515,-0.17,0.17,0.16
474197125000000,118021,-0.855,-0.027,-0.517,0.05,-0.12,0.14
474197156000000,118041,-0.859,-0.029,-0.51,-0.08,-0.17,-0.12
474197171000000,118061,-0.858,-0.023,-0.518,-0.06,-0.12,-0.18
474197187000000,118081,-0.854,-0.026,-0.519,0.05,-0.13,0.03
474197218000000,118101,-0.858,-0.024,-0.518,0.05,0.13,0.04
474197234000000,118121,-0.857,-0.028,-0.511,-0.05,-0.12,0.31
474197250000000,118141,-0.856,-0.022,-0.517,0.13,-0.11,-0.14
474197265000000,118161,-0.859,-0.025,-0.513,-0.01,-0.12,-0.04
474197296000000,118181,-0.855,-0.023,-0.521,0.06,0.14,-0.02
474197312000000,118201,-0.86,-0.027,-0.516,-0.13,0.07,-0.05
474197328000000,118221,-0.853,-0.023,-0.517,0.08,0.23,-0.0
474197359000000,118241,-0.856,-0.023,-0.512,-0.02,0.13,0.03
474197375000000,118261,-0.853,-0.027,-0.519,0.15,-0.12,0.08
474197390000000,118281,-0.856,-0.024,-0.516,0.26,0.04,-0.01
474197406000000,118301,-0.857,-0.027,-0.519,0.05,-0.02,0.05
474197437000000,118321,-0.857,-0.024,-0.513,0.09,-0.08,-0.01
474197453000000,118341,-0.853,-0.023,-0.512,0.0,0.14,0.08
474197468000000,118361,-0.856,-0.026,-0.516,0.17,-0.11,0.11
474197500000000,118381,-0.857,-0.025,-0.508,-0.11,0.01,-0.02
474197515000000,118401,-0.856,-0.022,-0.512,0.15,-0.2,-0.35
474197531000000,118421,-0.858,-0.023,-0.517,0.08,0.01,0.05
474197546000000,118441,-0.858,-0.025,-0.514,-0.02,-0.29,-0.01
474197578000000,118461,-0.86,-0.024,-0.518,0.07,0.33,0.05
474197593000000,118481,-0.859,-0.025,-0.515,-0.22,0.04,-0.05
474197609000000,118501,-0.857,-0.027,-0.514,-0.05,-0.13,-0.14
474197625000000,118521,-0.855,-0.026,-0.516,-0.09,-0.06,-0.24
474197656000000,118541,-0.853,-0.021,-0.514,0.37,-0.43,0.01
474197671000000,118561,-0.854,-0.025,-0.513,0.18,-0.06,-0.18
474197687000000,118581,-0.854,-0.024,-0.524,-0.14,0.12,0.02
474197718000000,118601,-0.855,-0.023,-0.52,0.02,0.27,-0.01
474197734000000,118621,-0.856,-0.031,-0.515,0.16,0.02,0.25
474197750000000,118641,-0.857,-0.026,-0.515,0.26,0.11,0.05
474197765000000,118661,-0.855,-0.024,-0.511,0.01,0.12,-0.08
474197796000000,118681,-0.854,-0.024,-0.517,0.36,-0.2,0.18
474197812000000,118701,-0.86,-0.025,-0.515,-0.16,0.2,-0.24
474197828000000,118721,-0.857,-0.024,-0.515,0.16,-0.04,0.07
474197859000000,118741,-0.857,-0.024,-0.512,0.23,-0.35,-0.13
474197875000000,118761,-0.859,-0.023,-0.519,0.05,0.01,0.05
474197890000000,118781,-0.858,-0.029,-0.511,0.05,0.55,0.11
474197906000000,118801,-0.855,-0.024,-0.51,0.11,0.28,-0.04
474197937000000,118821,-0.858,-0.025,-0.514,0.21,-0.28,0.08
474197953000000,118841,-0.854,-0.023,-0.523,0.16,-0.24,0.21
474197968000000,118861,-0.855,-0.02,-0.519,0.15,-0.07,-0.05
474198000000000,118881,-0.854,-0.021,-0.513,0.09,-0.05,-0.21
474198015000000,118901,-0.853,-0.021,-0.52,-0.51,-0.11,0.11
474198031000000,118921,-0.855,-0.022,-0.517,0.26,0.11,-0.15
474198046000000,118941,-0.856,-0.022,-0.513,-0.11,0.17,0.07
474198078000000,118961,-0.859,-0.025,-0.513,-0.05,-0.15,0.01
474198093000000,118981,-0.856,-0.025,-0.515,0.28,0.04,0.3
474198109000000,119001,-0.86,-0.023,-0.516,-0.05,-0.44,0.2
474198125000000,119021,-0.857,-0.028,-0.522,-0.12,-0.04,-0.1
474198156000000,119041,-0.855,-0.022,-0.516,-0.03,-0.02,0.02
474198171000000,119061,-0.856,-0.028,-0.515,0.38,0.13,-0.09
474198187000000,119081,-0.858,-0.023,-0.513,-0.01,0.29,0.21
474198218000000,119101,-0.857,-0.023,-0.518,-0.02,-0.25,-0.07
474198234000000,119121,-0.856,-0.028,-0.517,-0.2,0.03,-0.02
474198250000000,119141,-0.855,-0.021,-0.515,-0.01,0.13,0.27
474198265000000,119161,-0.856,-0.022,-0.521,-0.18,0.17,-0.05
474198296000000,119181,-0.857,-0.022,-0.518,0.11,0.3,0.04
474198312000000,119201,-0.855,-0.028,-0.518,0.29,-0.11,0.1
474198328000000,119221,-0.854,-0.023,-0.517,-0.04,0.06,-0.17
474198359000000,119241,-0.854,-0.024,-0.513,0.08,-0.05,-0.05
474198375000000,119261,-0.851,-0.028,-0.515,-0.07,0.13,0.05
474198390000000,119281,-0.856,-0.021,-0.516,0.04,-0.21,0.08
474198406000000,119301,-0.858,-0.025,-0.522,0.04,-0.2,0.11
474198437000000,119321,-0.855,-0.023,-0.513,-0.19,-0.0,-0.04
474198453000000,119341,-0.854,-0.025,-0.519,-0.15,0.05,0.03
474198468000000,119361,-0.856,-0.023,-0.519,0.02,-0.33,-0.15
474198500000000,119381,-0.856,-0.026,-0.513,-0.14,-0.07,0.17
474198515000000,119401,-0.854,-0.025,-0.516,0.23,-0.04,-0.04
474198531000000,119421,-0.858,-0.022,-0.51,0.15,-0.04,-0.02
474198546000000,119441,-0.857,-0.021,-0.516,-0.07,0.14,0.1
474198578000000,119461,-0.857,-0.025,-0.518,-0.11,-0.44,0.04
474198593000000,119481,-0.853,-0.023,-0.518,0.05,0.14,0.07
474198609000000,119501,-0.857,-0.021,-0.517,-0.03,-0.0,-0.05
474198640000000,119521,-0.856,-0.023,-0.514,0.08,0.01,-0.14
474198656000000,119541,-0.86,-0.02,-0.516,0.18,-0.14,-0.26
474198671000000,119561,-0.859,-0.032,-0.515,0.08,0.04,0.11
474198687000000,119581,-0.856,-0.023,-0.515,-0.02,-0.08,-0.09
474198718000000,119601,-0.853,-0.025,-0.519,-0.18,-0.35,-0.07
474198734000000,119621,-0.858,-0.025,-0.514,0.16,-0.12,0.08
474198750000000,119641,-0.858,-0.021,-0.508,-0.05,-0.11,-0.07
474198765000000,119661,-0.859,-0.023,-0.516,0.04,-0.04,0.11
474198796000000,119681,-0.859,-0.025,-0.518,0.27,-0.04,0.12
474198812000000,119701,-0.859,-0.023,-0.519,-0.12,-0.26,-0.08
474198828000000,119721,-0.857,-0.023,-0.514,-0.16,-0.13,0.13
474198859000000,119741,-0.859,-0.021,-0.518,0.15,-0.07,0.07
474198875000000,119761,-0.856,-0.025,-0.512,0.05,-0.07,0.34
474198890000000,119781,-0.856,-0.026,-0.511,0.15,-0.12,-0.12
474198906000000,119801,-0.858,-0.025,-0.52,0.16,-0.08,-0.25
474198937000000,119821,-0.858,-0.023,-0.514,0.06,0.32,0.17
474198953000000,119841,-0.855,-0.029,-0.51,-0.02,-0.17,0.18
474198968000000,119861,-0.854,-0.023,-0.518,0.18,0.15,-0.08
474199000000000,119881,-0.855,-0.026,-0.517,-0.17,0.46,0.38
474199015000000,119901,-0.861,-0.025,-0.514,-0.27,0.05,0.13
474199031000000,119921,-0.859,-0.029,-0.514,-0.11,-0.02,0.08
474199046000000,119941,-0.856,-0.024,-0.519,0.02,0.04,-0.18
474199078000000,119961,-0.859,-0.027,-0.522,0.05,0.17,-0.13
474199093000000,119981,-0.855,-0.023,-0.52,-0.01,0.18,0.17
474199109000000,120001,-0.852,-0.027,-0.518,-0.16,-0.12,0.12
474199140000000,120021,-0.859,-0.023,-0.513,0.05,-0.19,0.07
474199156000000,120041,-0.856,-0.026,-0.518,-0.1,-0.34,0.23
474199171000000,120061,-0.856,-0.018,-0.514,-0.1,0.04,-0.03
474199187000000,120081,-0.857,-0.023,-0.519,-0.04,0.19,0.02
474199218000000,120101,-0.86,-0.028,-0.512,-0.09,-0.18,-0.0
474199234000000,120121,-0.857,-0.026,-0.514,0.12,0.14,-0.12
474199250000000,120141,-0.859,-0.023,-0.519,-0.17,-0.02,-0.12
474199265000000,120161,-0.857,-0.021,-0.519,-0.09,-0.19,-0.18
474199296000000,120181,-0.856,-0.03,-0.508,0.15,0.04,-0.12
474199312000000,120201,-0.858,-0.025,-0.515,0.08,-0.2,-0.18
474199328000000,120221,-0.852,-0.029,-0.518,0.07,0.23,0.12
474199359000000,120241,-0.855,-0.023,-0.512,-0.04,0.14,-0.02
474199375000000,120261,-0.857,-0.025,-0.514,0.02,-0.03,-0.18
474199390000000,120281,-0.85,-0.025,-0.515,0.02,-0.0,-0.3
474199406000000,120301,-0.853,-0.025,-0.516,-0.01,-0.04,0.01
474199437000000,120321,-0.853,-0.024,-0.518,-0.07,-0.41,0.09
474199453000000,120341,-0.857,-0.019,-0.509,-0.12,0.12,-0.09
474199468000000,120361,-0.855,-0.027,-0.514,-0.14,0.04,0.12
474199500000000,120381,-0.858,-0.024,-0.519,0.08,0.25,0.22
474199515000000,120401,-0.851,-0.023,-0.515,-0.11,-0.22,-0.23
474199531000000,120421,-0.857,-0.019,-0.514,-0.01,0.02,-0.16
474199546000000,120441,-0.854,-0.024,-0.516,0.31,-0.02,-0.0
474199578000000,120461,-0.857,-0.027,-0.518,0.16,0.06,0.05
474199593000000,120481,-0.857,-0.025,-0.512,0.09,0.37,-0.12
474199609000000,120501,-0.852,-0.026,-0.506,-0.2,0.01,-0.12
474199625000000,120521,-0.855,-0.024,-0.512,0.19,0.15,0.05
474199656000000,120541,-0.854,-0.025,-0.512,0.16,-0.15,0.04
474199671000000,120561,-0.851,-0.023,-0.511,-0.09,0.12,-0.14
474199687000000,120581,-0.86,-0.026,-0.52,-0.24,-0.18,0.24
474199718000000,120601,-0.856,-0.025,-0.517,0.15,-0.07,0.05
474199734000000,120621,-0.854,-0.024,-0.52,0.09,-0.0,0.08
474199750000000,120641,-0.858,-0.024,-0.508,0.1,-0.22,-0.03
474199765000000,120661,-0.857,-0.024,-0.511,-0.37,-0.19,0.14
474199796000000,120681,-0.853,-0.027,-0.513,-0.01,0.04,-0.08
474199812000000,120701,-0.857,-0.024,-0.51,-0.03,-0.01,0.21
474199828000000,120721,-0.854,-0.022,-0.513,0.02,-0.28,0.02
474199859000000,120741,-0.856,-0.024,-0.518,0.01,-0.11,0.19
474199875000000,120761,-0.86,-0.024,-0.517,-0.04,-0.17,-0.0
474199890000000,120781,-0.856,-0.025,-0.513,0.14,0.18,0.34
474199906000000,120801,-0.853,-0.027,-0.513,-0.14,0.01,0.26
474199937000000,120821,-0.858,-0.021,-0.512,0.17,0.18,0.11
474199953000000,120841,-0.859,-0.025,-0.512,0.15,-0.03,0.11
474199968000000,120861,-0.853,-0.027,-0.519,-0.09,0.07,-0.2
474200000000000,120881,-0.857,-0.025,-0.517,0.45,-0.12,-0.05
474200015000000,120901,-0.854,-0.03,-0.519,0.24,0.11,0.02
474200031000000,120921,-0.856,-0.023,-0.511,-0.02,0.13,0.04
474200046000000,120941,-0.853,-0.027,-0.515,0.15,-0.51,0.08
474200078000000,120961,-0.855,-0.025,-0.516,0.12,0.01,-0.07
474200093000000,120981,-0.861,-0.023,-0.511,-0.2,-0.09,-0.24
474200109000000,121001,-0.857,-0.025,-0.517,0.01,0.14,0.03
474200140000000,121021,-0.859,-0.022,-0.516,0.09,0.11,-0.06
474200156000000,121041,-0.859,-0.024,-0.521,-0.1,0.12,0.07
474200171000000,121061,-0.855,-0.021,-0.513,0.29,-0.12,-0.06
474200187000000,121081,-0.855,-0.026,-0.516,-0.03,0.06,-0.07
474200218000000,121101,-0.853,-0.022,-0.518,-0.02,-0.22,-0.05
474200234000000,121121,-0.856,-0.02,-0.519,0.29,-0.22,0.02
474200250000000,121141,-0.86,-0.025,-0.519,-0.01,-0.08,0.09
474200265000000,121161,-0.856,-0.027,-0.515,-0.21,0.17,0.24
474200296000000,121181,-0.855,-0.025,-0.518,-0.2,0.2,-0.1
474200312000000,121201,-0.859,-0.023,-0.514,0.17,0.37,0.05
474200328000000,121221,-0.853,-0.022,-0.514,-0.04,-0.32,-0.08
474200359000000,121241,-0.855,-0.028,-0.513,0.26,0.08,-0.01
474200375000000,121261,-0.86,-0.025,-0.517,0.04,0.14,0.03
474200390000000,121281,-0.858,-0.024,-0.514,-0.07,0.17,-0.07
474200406000000,121301,-0.855,-0.026,-0.515,-0.12,0.35,-0.31
474200437000000,121321,-0.859,-0.021,-0.512,-0.36,0.17,0.32
474200453000000,121341,-0.855,-0.023,-0.513,-0.2,-0.07,0.06
474200468000000,121361,-0.855,-0.027,-0.51,0.21,0.05,0.02
474200500000000,121381,-0.857,-0.023,-0.51,-0.07,-0.06,0.1
474200515000000,121401,-0.854,-0.024,-0.516,0.01,0.08,0.1
474200531000000,121421,-0.857,-0.025,-0.525,0.0,0.18,0.13
474200546000000,121441,-0.855,-0.024,-0.516,0.01,0.19,0.05
474200578000000,121461,-0.857,-0.027,-0.51,0.06,-0.28,-0.09
474200593000000,121481,-0.854,-0.024,-0.514,-0.08,-0.02,-0.05
474200609000000,121501,-0.855,-0.026,-0.509,0.14,0.23,-0.31
474200640000000,121521,-0.858,-0.022,-0.509,-0.24,-0.07,-0.12
474200656000000,121541,-0.859,-0.026,-0.512,-0.11,0.02,0.11
474200671000000,121561,-0.856,-0.027,-0.517,-0.04,0.26,0.24
474200687000000,121581,-0.856,-0.021,-0.522,-0.19,0.14,-0.15
474200718000000,121601,-0.856,-0.026,-0.517,0.09,-0.07,-0.0
474200734000000,121621,-0.856,-0.025,-0.519,0.12,-0.11,-0.03
474200750000000,121641,-0.858,-0.024,-0.517,0.02,-0.48,0.08
474200765000000,121661,-0.86,-0.026,-0.516,-0.07,-0.19,-0.21
474200796000000,121681,-0.86,-0.024,-0.519,-0.12,0.02,0.13
474200812000000,121701,-0.858,-0.029,-0.509,-0.15,-0.2,0.2
474200828000000,121721,-0.857,-0.026,-0.518,0.1,0.05,-0.12
474200859000000,121741,-0.857,-0.023,-0.507,0.02,-0.28,0.11
474200875000000,121761,-0.858,-0.026,-0.52,-0.09,0.13,-0.12
474200890000000,121781,-0.857,-0.019,-0.517,0.26,-0.06,0.31
474200906000000,121801,-0.858,-0.024,-0.514,0.22,-0.02,-0.02
474200937000000,121821,-0.861,-0.023,-0.511,0.11,-0.01,0.01
474200953000000,121841,-0.854,-0.022,-0.511,-0.16,0.08,-0.03
474200968000000,121861,-0.857,-0.027,-0.518,0.07,0.21,0.13
474201000000000,121881,-0.855,-0.025,-0.515,-0.16,-0.19,0.16
474201015000000,121901,-0.859,-0.025,-0.518,-0.04,0.33,-0.06
474201031000000,121921,-0.86,-0.025,-0.513,-0.17,0.16,0.02
474201046000000,121941,-0.856,-0.026,-0.521,0.18,-0.14,0.01
474201078000000,121961,-0.856,-0.025,-0.525,-0.04,-0.06,-0.18
474201093000000,121981,-0.857,-0.025,-0.509,-0.11,0.08,0.05
474201109000000,122001,-0.858,-0.025,-0.516,0.0,-0.02,-0.11
474201140000000,122021,-0.857,-0.023,-0.514,0.05,-0.06,0.13
474201156000000,122041,-0.858,-0.027,-0.512,0.12,0.07,-0.02
474201171000000,122061,-0.859,-0.023,-0.51,0.14,-0.19,-0.32
474201187000000,122081,-0.856,-0.027,-0.516,-0.08,0.47,-0.03
474201218000000,122101,-0.858,-0.025,-0.517,0.02,-0.04,0.27
474201234000000,122121,-0.855,-0.023,-0.51,0.11,0.01,-0.02
474201250000000,122141,-0.851,-0.022,-0.514,-0.01,0.07,-0.01
474201265000000,122161,-0.859,-0.025,-0.52,-0.02,-0.31,0.08
474201296000000,122181,-0.854,-0.023,-0.516,0.02,0.18,0.09
474201312000000,122201,-0.857,-0.026,-0.517,-0.2,-0.19,-0.05
474201328000000,122221,-0.858,-0.022,-0.514,-0.05,0.04,-0.12
474201359000000,122241,-0.853,-0.023,-0.511,0.1,0.47,-0.35
474201375000000,122261,-0.856,-0.027,-0.517,0.0,0.34,0.29
474201390000000,122281,-0.857,-0.026,-0.519,0.28,0.17,-0.11
474201406000000,122301,-0.859,-0.021,-0.516,-0.09,0.19,-0.04
474201437000000,122321,-0.86,-0.021,-0.514,0.05,0.04,0.03
474201453000000,122341,-0.858,-0.025,-0.518,0.08,-0.15,0.2
474201468000000,122361,-0.856,-0.024,-0.523,-0.07,0.3,-0.12
474201500000000,122381,-0.856,-0.025,-0.508,-0.04,0.14,0.19
474201515000000,122401,-0.853,-0.027,-0.509,0.23,-0.05,-0.05
474201531000000,122421,-0.851,-0.022,-0.515,0.2,-0.2,-0.14
474201546000000,122441,-0.859,-0.024,-0.522,-0.14,-0.02,-0.07
474201578000000,122461,-0.858,-0.026,-0.511,-0.1,-0.01,-0.07
474201593000000,122481,-0.858,-0.024,-0.511,0.04,0.18,0.3
474201609000000,122501,-0.852,-0.023,-0.515,0.09,0.1,0.11
474201625000000,122521,-0.859,-0.023,-0.516,-0.12,-0.04,0.04
474201656000000,122541,-0.858,-0.026,-0.516,-0.14,-0.31,-0.11
474201671000000,122561,-0.859,-0.028,-0.525,0.09,0.17,-0.17
474201687000000,122581,-0.858,-0.027,-0.517,-0.06,0.27,0.1
474201718000000,122601,-0.856,-0.027,-0.517,-0.04,0.06,-0.06
474201734000000,122621,-0.858,-0.028,-0.507,0.05,0.05,0.09
474201750000000,122641,-0.861,-0.019,-0.523,0.12,-0.27,0.14
474201765000000,122661,-0.856,-0.026,-0.516,0.11,0.07,0.05
474201796000000,122681,-0.859,-0.024,-0.518,-0.11,0.15,-0.19
474201812000000,122701,-0.861,-0.024,-0.521,0.03,0.08,-0.01
474201828000000,122721,-0.859,-0.025,-0.521,0.01,0.34,0.24
474201859000000,122741,-0.857,-0.023,-0.522,0.11,-0.01,-0.13
474201875000000,122761,-0.858,-0.023,-0.521,0.17,0.15,0.1
474201890000000,122781,-0.855,-0.025,-0.511,-0.26,-0.25,0.06
474201906000000,122801,-0.854,-0.025,-0.51,0.13,-0.09,0.1
474201937000000,122821,-0.86,-0.025,-0.514,0.02,-0.06,0.36
474201953000000,122841,-0.854,-0.021,-0.511,0.09,-0.25,0.03
474201968000000,122861,-0.857,-0.025,-0.516,0.09,-0.28,-0.05
474202000000000,122881,-0.854,-0.025,-0.518,-0.06,0.25,-0.24
474202015000000,122901,-0.859,-0.027,-0.511,0.0,0.04,0.11
474202031000000,122921,-0.852,-0.026,-0.512,0.04,-0.11,0.2
474202046000000,122941,-0.858,-0.027,-0.518,0.18,-0.02,0.05
474202078000000,122961,-0.859,-0.025,-0.514,0.11,-0.13,0.08
474202093000000,122981,-0.856,-0.022,-0.523,-0.11,-0.02,0.13
474202109000000,123001,-0.858,-0.025,-0.511,0.0,0.11,0.14
474202125000000,123021,-0.854,-0.025,-0.518,0.02,0.01,-0.01
474202156000000,123041,-0.853,-0.025,-0.518,0.19,0.07,0.05
474202171000000,123061,-0.856,-0.023,-0.512,0.04,-0.16,-0.05
474202187000000,123081,-0.855,-0.022,-0.514,-0.05,0.01,0.05
474202218000000,123101,-0.859,-0.023,-0.512,0.31,0.06,-0.18
474202234000000,123121,-0.854,-0.027,-0.51,0.07,0.31,-0.03
474202250000000,123141,-0.855,-0.027,-0.512,-0.19,0.02,0.03
474202265000000,123161,-0.852,-0.024,-0.514,0.18,-0.1,-0.05
474202296000000,123181,-0.855,-0.025,-0.513,0.08,0.17,0.11
474202312000000,123201,-0.858,-0.023,-0.513,0.14,0.04,-0.14
474202328000000,123221,-0.855,-0.028,-0.516,0.05,-0.02,0.07
474202359000000,123241,-0.857,-0.025,-0.517,0.22,0.1,-0.15
474202375000000,123261,-0.858,-0.027,-0.515,-0.05,-0.28,0.01
474202390000000,123281,-0.86,-0.029,-0.516,-0.13,-0.12,0.24
474202406000000,123301,-0.856,-0.021,-0.511,0.02,-0.27,-0.18
474202437000000,123321,-0.856,-0.02,-0.513,0.19,0.06,-0.11
474202453000000,123341,-0.856,-0.022,-0.52,0.12,-0.16,0.24
474202468000000,123361,-0.855,-0.025,-0.518,0.05,0.01,0.43
474202500000000,123381,-0.86,-0.027,-0.517,-0.1,0.15,0.11
474202515000000,123401,-0.853,-0.025,-0.517,-0.04,0.11,-0.15
474202531000000,123421,-0.857,-0.025,-0.514,-0.12,-0.12,0.16
474202546000000,123441,-0.854,-0.024,-0.512,0.17,0.11,-0.24
474202578000000,123461,-0.856,-0.022,-0.513,-0.01,-0.08,0.11
474202593000000,123481,-0.858,-0.023,-0.518,-0.04,-0.08,0.05
474202609000000,123501,-0.86,-0.026,-0.519,0.05,-0.11,-0.05
474202625000000,123521,-0.856,-0.023,-0.527,0.18,0.11,0.03
474202656000000,123541,-0.86,-0.025,-0.526,0.02,-0.1,0.21
474202671000000,123561,-0.854,-0.023,-0.51,0.0,0.51,-0.0
474202687000000,123581,-0.853,-0.028,-0.522,-0.01,-0.07,0.12
474202718000000,123601,-0.858,-0.024,-0.515,-0.12,0.27,-0.06
474202734000000,123621,-0.854,-0.022,-0.515,0.1,-0.07,0.21
474202750000000,123641,-0.861,-0.026,-0.512,-0.02,-0.01,0.24
474202765000000,123661,-0.854,-0.024,-0.523,0.14,0.02,-0.08
474202796000000,123681,-0.855,-0.022,-0.515,0.13,-0.13,0.05
474202812000000,123701,-0.856,-0.024,-0.514,0.02,0.07,0.14
474202828000000,123721,-0.858,-0.023,-0.518,0.09,0.1,0.17
474202859000000,123741,-0.86,-0.026,-0.513,0.07,0.08,-0.1
474202875000000,123761,-0.859,-0.026,-0.522,-0.01,-0.06,0.06
474202890000000,123781,-0.86,-0.027,-0.521,0.08,-0.06,0.07
474202906000000,123801,-0.855,-0.022,-0.512,-0.12,0.23,0.09
474202937000000,123821,-0.854,-0.022,-0.511,0.05,0.02,0.06
474202953000000,123841,-0.855,-0.024,-0.51,-0.17,-0.04,0.11
474202968000000,123861,-0.856,-0.023,-0.516,0.07,0.11,-0.08
474203000000000,123881,-0.855,-0.025,-0.512,0.22,-0.22,0.01
474203015000000,123901,-0.856,-0.021,-0.516,-0.04,-0.13,-0.05
474203031000000,123921,-0.855,-0.026,-0.519,0.06,0.01,-0.05
474203046000000,123941,-0.857,-0.026,-0.513,-0.14,-0.05,0.19
474203078000000,123961,-0.859,-0.028,-0.521,0.15,0.29,0.05
474203093000000,123981,-0.858,-0.022,-0.515,0.06,-0.24,0.21
474203109000000,124001,-0.856,-0.023,-0.519,-0.07,-0.26,0.01
474203125000000,124021,-0.855,-0.023,-0.519,-0.34,-0.02,0.17
474203156000000,124041,-0.858,-0.026,-0.514,-0.04,-0.09,-0.21
474203171000000,124061,-0.86,-0.022,-0.516,-0.21,0.15,-0.01
474203187000000,124081,-0.858,-0.024,-0.517,-0.17,0.01,0.24
474203218000000,124101,-0.858,-0.022,-0.522,0.17,-0.14,0.11
474203234000000,124121,-0.858,-0.02,-0.512,-0.13,0.02,-0.09
474203250000000,124141,-0.856,-0.02,-0.513,0.06,-0.3,-0.12
474203265000000,124161,-0.859,-0.026,-0.519,-0.1,0.12,-0.1
474203296000000,124181,-0.854,-0.024,-0.514,-0.2,-0.2,-0.03
474203312000000,124201,-0.857,-0.023,-0.516,-0.24,0.46,0.34
474203328000000,124221,-0.854,-0.024,-0.514,-0.11,-0.22,-0.35
474203359000000,124241,-0.856,-0.026,-0.519,0.11,0.44,-0.08
474203375000000,124261,-0.857,-0.027,-0.513,0.04,-0.16,-0.05
474203390000000,124281,-0.852,-0.025,-0.51,0.15,0.08,-0.12
474203406000000,124301,-0.858,-0.025,-0.509,0.12,-0.0,-0.15
474203437000000,124321,-0.859,-0.023,-0.518,0.05,0.01,0.11
474203453000000,124341,-0.858,-0.027,-0.51,0.22,0.01,0.03
474203468000000,124361,-0.861,-0.023,-0.515,0.22,0.17,-0.08
474203484000000,124381,-0.856,-0.026,-0.511,-0.35,-0.03,0.11
474203515000000,124401,-0.857,-0.025,-0.512,0.04,0.21,0.06
474203531000000,124421,-0.859,-0.026,-0.51,-0.08,0.04,-0.02
474203546000000,124441,-0.861,-0.027,-0.522,-0.01,0.17,-0.06
474203578000000,124461,-0.862,-0.021,-0.514,0.19,-0.21,0.07
474203593000000,124481,-0.856,-0.02,-0.524,0.02,-0.13,-0.06
474203609000000,124501,-0.854,-0.025,-0.512,-0.04,0.07,0.08
474203640000000,124521,-0.856,-0.022,-0.508,0.12,0.14,0.14
474203656000000,124541,-0.851,-0.029,-0.51,-0.07,-0.25,0.24
474203671000000,124561,-0.854,-0.024,-0.512,0.11,-0.06,-0.01
474203687000000,124581,-0.859,-0.024,-0.512,-0.06,-0.0,0.02
474203718000000,124601,-0.859,-0.02,-0.518,-0.05,-0.15,-0.01
474203734000000,124621,-0.86,-0.022,-0.521,0.0,0.06,0.09
474203750000000,124641,-0.857,-0.027,-0.515,0.02,0.12,0.23
474203765000000,124661,-0.854,-0.025,-0.518,-0.02,-0.04,-0.03
474203796000000,124681,-0.857,-0.026,-0.507,-0.14,0.19,-0.07
474203812000000,124701,-0.86,-0.023,-0.516,0.18,0.06,0.17
474203828000000,124721,-0.857,-0.025,-0.515,0.04,-0.09,0.13
474203859000000,124741,-0.856,-0.022,-0.511,0.19,0.23,0.29
474203875000000,124761,-0.857,-0.025,-0.519,0.18,0.06,0.22
474203890000000,124781,-0.858,-0.027,-0.514,-0.03,-0.19,0.11
474203906000000,124801,-0.854,-0.022,-0.516,-0.02,-0.01,0.09
474203937000000,124821,-0.859,-0.021,-0.516,0.1,0.31,0.08
474203953000000,124841,-0.854,-0.025,-0.519,0.02,-0.06,-0.16
474203968000000,124861,-0.853,-0.027,-0.512,0.12,-0.33,-0.05
474204000000000,124881,-0.855,-0.025,-0.515,0.08,-0.14,0.16
474204015000000,124901,-0.858,-0.022,-0.513,0.01,0.07,-0.02
474204031000000,124921,-0.857,-0.025,-0.52,-0.03,-0.19,0.09
474204046000000,124941,-0.859,-0.024,-0.512,-0.05,0.04,-0.05
474204078000000,124961,-0.854,-0.025,-0.511,0.15,-0.18,-0.0
474204093000000,124981,-0.856,-0.029,-0.519,0.05,0.11,-0.05
474204109000000,125001,-0.854,-0.025,-0.514,-0.28,-0.0,0.02
474204140000000,125021,-0.857,-0.025,-0.512,-0.09,0.3,0.14
474204156000000,125041,-0.854,-0.025,-0.516,-0.01,-0.1,0.14
474204171000000,125061,-0.855,-0.027,-0.515,-0.01,0.17,-0.16
474204187000000,125081,-0.858,-0.021,-0.51,0.02,0.06,0.24
474204218000000,125101,-0.863,-0.025,-0.515,0.03,0.08,0.1
474204234000000,125121,-0.855,-0.023,-0.515,-0.07,0.09,-0.21
474204250000000,125141,-0.85,-0.021,-0.517,-0.07,-0.06,-0.18
474204265000000,125161,-0.852,-0.023,-0.51,-0.01,0.15,-0.03
474204296000000,125181,-0.851,-0.024,-0.512,-0.06,0.17,0.04
474204312000000,125201,-0.85,-0.026,-0.514,0.03,-0.16,0.12
474204328000000,125221,-0.86,-0.023,-0.517,0.26,-0.09,0.02
474204359000000,125241,-0.853,-0.027,-0.512,0.02,-0.31,-0.08
474204375000000,125261,-0.858,-0.025,-0.515,-0.14,0.13,0.09
474204390000000,125281,-0.858,-0.025,-0.507,-0.05,0.28,0.24
474204406000000,125301,-0.855,-0.023,-0.519,0.1,0.28,-0.12
474204437000000,125321,-0.857,-0.028,-0.509,-0.07,-0.2,-0.12
474204453000000,125341,-0.853,-0.026,-0.517,-0.11,0.2,-0.33
474204468000000,125361,-0.857,-0.029,-0.515,-0.19,0.05,0.08
474204500000000,125381,-0.858,-0.024,-0.513,0.05,0.25,0.11
474204515000000,125401,-0.86,-0.025,-0.517,-0.08,0.14,0.37
474204531000000,125421,-0.853,-0.027,-0.512,0.06,-0.0,0.08
474204546000000,125441,-0.859,-0.025,-0.513,0.35,0.11,-0.01
474204578000000,125461,-0.856,-0.025,-0.512,0.05,0.18,-0.15
474204593000000,125481,-0.858,-0.026,-0.52,-0.07,-0.37,-0.06
474204609000000,125501,-0.857,-0.028,-0.516,-0.07,-0.08,-0.02
474204625000000,125521,-0.858,-0.024,-0.514,-0.19,-0.06,0.05
474204656000000,125541,-0.853,-0.022,-0.509,-0.07,-0.09,0.13
474204671000000,125561,-0.858,-0.023,-0.513,0.02,-0.0,-0.04
474204687000000,125581,-0.858,-0.022,-0.514,0.08,-0.15,-0.11
474204718000000,125601,-0.858,-0.028,-0.513,0.11,0.01,-0.27
474204734000000,125621,-0.86,-0.023,-0.511,-0.02,0.01,0.11
474204750000000,125641,-0.86,-0.026,-0.518,0.09,0.37,0.09
474204765000000,125661,-0.86,-0.02,-0.522,0.01,0.04,0.03
474204796000000,125681,-0.855,-0.025,-0.515,-0.2,0.11,-0.1
474204812000000,125701,-0.86,-0.026,-0.514,0.18,0.21,0.34
474204828000000,125721,-0.853,-0.025,-0.516,0.37,-0.09,0.17
474204859000000,125741,-0.857,-0.019,-0.519,0.01,-0.14,0.15
474204875000000,125761,-0.858,-0.027,-0.519,0.01,-0.19,-0.06
474204890000000,125781,-0.856,-0.027,-0.516,0.04,0.18,-0.02
474204906000000,125801,-0.856,-0.026,-0.514,0.18,0.04,0.18
474204937000000,125821,-0.857,-0.026,-0.513,-0.16,0.23,-0.12
474204953000000,125841,-0.851,-0.025,-0.517,-0.06,-0.36,0.18
474204968000000,125861,-0.855,-0.024,-0.51,0.04,-0.16,0.24
474205000000000,125881,-0.855,-0.021,-0.518,-0.07,0.18,-0.06
474205015000000,125901,-0.858,-0.025,-0.514,-0.07,-0.22,0.11
474205031000000,125921,-0.857,-0.025,-0.513,0.19,-0.19,-0.09
474205046000000,125941,-0.859,-0.025,-0.521,0.02,0.08,-0.01
474205078000000,125961,-0.859,-0.026,-0.515,0.05,0.07,-0.15
474205093000000,125981,-0.856,-0.024,-0.519,-0.02,0.01,-0.05
474205109000000,126001,-0.853,-0.028,-0.517,0.05,-0.05,0.08
474205125000000,126021,-0.859,-0.023,-0.511,-0.01,0.01,-0.07
474205156000000,126041,-0.862,-0.024,-0.519,0.11,0.11,-0.01
474205171000000,126061,-0.859,-0.025,-0.513,-0.18,0.07,-0.05
474205187000000,126081,-0.856,-0.025,-0.515,-0.07,0.12,-0.05
474205218000000,126101,-0.851,-0.021,-0.514,0.06,0.13,-0.03
474205234000000,126121,-0.855,-0.025,-0.515,0.05,-0.06,-0.15
474205250000000,126141,-0.856,-0.026,-0.511,0.04,0.37,0.06
474205265000000,126161,-0.854,-0.023,-0.515,0.33,-0.0,-0.02
474205296000000,126181,-0.854,-0.023,-0.511,0.04,-0.02,0.17
474205312000000,126201,-0.854,-0.024,-0.52,-0.07,0.01,-0.01
474205328000000,126221,-0.853,-0.025,-0.516,-0.17,-0.11,0.1
474205359000000,126241,-0.859,-0.022,-0.508,-0.07,0.2,-0.21
474205375000000,126261,-0.86,-0.025,-0.52,-0.06,0.24,0.05
474205390000000,126281,-0.861,-0.026,-0.519,0.15,0.2,-0.11
474205406000000,126301,-0.86,-0.023,-0.519,-0.2,0.12,-0.08
474205437000000,126321,-0.861,-0.024,-0.519,-0.01,0.01,-0.03
474205453000000,126341,-0.859,-0.023,-0.519,0.21,0.39,0.11
474205468000000,126361,-0.859,-0.023,-0.515,0.34,0.15,0.13
474205500000000,126381,-0.859,-0.021,-0.509,-0.19,0.13,-0.0
474205515000000,126401,-0.858,-0.021,-0.513,0.09,0.01,0.26
474205531000000,126421,-0.861,-0.026,-0.513,0.15,0.17,0.1
474205546000000,126441,-0.856,-0.027,-0.519,0.17,-0.0,0.1
474205578000000,126461,-0.851,-0.03,-0.516,-0.22,-0.09,0.05
474205593000000,126481,-0.858,-0.019,-0.518,-0.11,0.05,0.18
474205609000000,126501,-0.857,-0.025,-0.516,-0.14,-0.21,0.17
474205625000000,126521,-0.852,-0.023,-0.517,-0.04,-0.0,0.09
474205656000000,126541,-0.857,-0.028,-0.518,-0.03,-0.03,0.3
474205671000000,126561,-0.855,-0.028,-0.514,-0.01,-0.08,-0.17
474205687000000,126581,-0.859,-0.023,-0.519,0.14,-0.0,-0.07
474205718000000,126601,-0.859,-0.024,-0.52,-0.05,0.01,0.01
474205734000000,126621,-0.856,-0.025,-0.516,0.0,0.14,0.14
474205750000000,126641,-0.857,-0.027,-0.511,-0.11,0.18,-0.01
474205765000000,126661,-0.86,-0.024,-0.518,-0.01,0.04,0.27
474205796000000,126681,-0.854,-0.026,-0.514,0.05,0.17,0.19
474205812000000,126701,-0.86,-0.025,-0.52,0.03,-0.12,0.05
474205828000000,126721,-0.857,-0.033,-0.517,0.18,0.25,0.12
474205859000000,126741,-0.856,-0.026,-0.517,-0.06,-0.09,-0.0
474205875000000,126761,-0.857,-0.022,-0.515,-0.01,-0.02,0.19
474205890000000,126781,-0.853,-0.024,-0.517,-0.17,0.2,0.17
474205906000000,126801,-0.857,-0.023,-0.519,0.06,0.04,0.13
474205937000000,126821,-0.859,-0.027,-0.524,-0.07,0.11,0.11
474205953000000,126841,-0.856,-0.025,-0.517,0.12,-0.12,-0.09
474205968000000,126861,-0.853,-0.027,-0.513,0.0,0.01,-0.2
474206000000000,126881,-0.858,-0.017,-0.51,0.08,-0.09,-0.13
474206015000000,126901,-0.857,-0.025,-0.517,0.12,-0.04,-0.12
474206031000000,126921,-0.86,-0.023,-0.519,0.21,-0.08,-0.05
474206046000000,126941,-0.857,-0.027,-0.52,-0.05,-0.01,0.14
474206078000000,126961,-0.86,-0.026,-0.525,0.04,-0.24,0.21
474206093000000,126981,-0.862,-0.025,-0.516,0.12,-0.02,0.12
474206109000000,127001,-0.857,-0.023,-0.515,0.01,0.28,-0.12
474206125000000,127021,-0.852,-0.028,-0.517,-0.19,-0.18,0.33
474206156000000,127041,-0.856,-0.021,-0.512,-0.07,-0.12,0.06
474206171000000,127061,-0.856,-0.025,-0.512,0.17,-0.28,-0.03
474206187000000,127081,-0.857,-0.02,-0.515,0.19,-0.1,-0.27
474206218000000,127101,-0.855,-0.025,-0.513,0.1,-0.03,-0.15
474206234000000,127121,-0.853,-0.028,-0.517,-0.01,-0.15,-0.16
474206250000000,127141,-0.853,-0.025,-0.52,-0.16,0.23,0.01
474206265000000,127161,-0.852,-0.025,-0.514,0.07,-0.3,-0.12
474206296000000,127181,-0.855,-0.021,-0.512,-0.26,0.07,-0.17
474206312000000,127201,-0.861,-0.024,-0.509,0.0,0.01,-0.14
474206328000000,127221,-0.861,-0.024,-0.51,0.05,0.19,-0.19
474206359000000,127241,-0.854,-0.022,-0.513,0.08,0.72,-0.07
474206375000000,127261,-0.857,-0.026,-0.517,-0.05,-0.15,0.03
474206390000000,127281,-0.857,-0.025,-0.513,0.08,-0.02,0.14
474206406000000,127301,-0.854,-0.021,-0.518,-0.08,-0.12,-0.44
474206437000000,127321,-0.853,-0.021,-0.512,-0.08,0.24,0.22
474206453000000,127341,-0.861,-0.022,-0.518,0.12,0.04,0.34
474206468000000,127361,-0.859,-0.02,-0.516,0.0,-0.09,-0.34
474206500000000,127381,-0.856,-0.027,-0.516,0.07,-0.01,-0.12
474206515000000,127401,-0.857,-0.024,-0.515,-0.03,-0.3,-0.1
474206531000000,127421,-0.852,-0.023,-0.511,0.09,0.05,0.26
474206546000000,127441,-0.852,-0.026,-0.515,0.1,-0.3,0.05
474206578000000,127461,-0.858,-0.026,-0.512,-0.01,0.04,0.01
474206593000000,127481,-0.853,-0.025,-0.507,-0.17,-0.33,-0.0
474206609000000,127501,-0.856,-0.024,-0.517,-0.13,-0.02,-0.02
474206625000000,127521,-0.854,-0.022,-0.519,0.25,-0.11,0.24
474206656000000,127541,-0.854,-0.023,-0.518,-0.07,0.17,0.14
474206671000000,127561,-0.859,-0.024,-0.514,-0.16,0.03,0.05
474206687000000,127581,-0.854,-0.029,-0.514,0.13,0.13,-0.21
474206718000000,127601,-0.856,-0.023,-0.512,-0.02,0.23,0.05
474206734000000,127621,-0.858,-0.029,-0.513,-0.08,0.15,-0.1
474206750000000,127641,-0.859,-0.024,-0.514,-0.07,0.25,0.16
474206765000000,127661,-0.857,-0.024,-0.517,-0.23,0.18,0.08
474206796000000,127681,-0.858,-0.021,-0.512,0.03,-0.0,-0.07
474206812000000,127701,-0.856,-0.021,-0.513,0.01,0.18,0.21
474206828000000,127721,-0.858,-0.027,-0.514,0.15,-0.28,-0.38
474206859000000,127741,-0.858,-0.023,-0.516,-0.11,0.04,0.08
474206875000000,127761,-0.858,-0.029,-0.51,-0.17,0.01,0.02
474206890000000,127781,-0.855,-0.027,-0.513,-0.09,0.14,-0.03
474206906000000,127801,-0.852,-0.019,-0.517,-0.07,-0.05,0.02
474206937000000,127821,-0.852,-0.03,-0.515,-0.02,0.11,-0.07
474206953000000,127841,-0.851,-0.027,-0.509,-0.01,-0.38,-0.0
474206968000000,127861,-0.858,-0.023,-0.516,0.17,-0.26,0.09
474207000000000,127881,-0.857,-0.025,-0.514,0.25,0.02,-0.1
474207015000000,127901,-0.855,-0.024,-0.517,0.07,-0.12,-0.15
474207031000000,127921,-0.854,-0.024,-0.517,-0.19,0.11,-0.16
474207046000000,127941,-0.853,-0.023,-0.514,-0.05,-0.15,-0.1
474207078000000,127961,-0.86,-0.021,-0.515,-0.13,0.16,0.04
474207093000000,127981,-0.856,-0.025,-0.515,-0.1,0.43,0.04
474207109000000,128001,-0.854,-0.025,-0.517,0.24,0.07,0.11
474207140000000,128021,-0.856,-0.023,-0.516,-0.02,0.11,0.01
474207156000000,128041,-0.858,-0.028,-0.516,0.34,-0.0,0.18
474207171000000,128061,-0.859,-0.028,-0.518,-0.05,-0.11,0.08
474207187000000,128081,-0.857,-0.023,-0.513,-0.13,0.23,0.21
474207218000000,128101,-0.856,-0.026,-0.516,-0.07,0.07,-0.13
474207234000000,128121,-0.858,-0.026,-0.518,-0.15,-0.19,-0.15
474207250000000,128141,-0.86,-0.025,-0.518,0.12,-0.23,0.15
474207265000000,128161,-0.858,-0.024,-0.524,-0.11,0.01,0.09
474207296000000,128181,-0.858,-0.026,-0.514,-0.04,-0.01,0.1
474207312000000,128201,-0.855,-0.023,-0.509,0.12,-0.22,0.02
474207328000000,128221,-0.856,-0.023,-0.515,-0.31,-0.2,0.12
474207359000000,128241,-0.856,-0.025,-0.509,0.05,-0.29,-0.24
474207375000000,128261,-0.86,-0.022,-0.515,-0.19,-0.18,0.27
474207390000000,128281,-0.864,-0.028,-0.513,0.09,0.05,0.06
474207406000000,128301,-0.857,-0.025,-0.518,-0.01,0.12,0.09
474207437000000,128321,-0.86,-0.023,-0.515,0.01,0.56,0.06
474207453000000,128341,-0.86,-0.021,-0.511,0.0,0.05,-0.14
474207468000000,128361,-0.851,-0.026,-0.51,-0.15,-0.19,-0.3
474207500000000,128381,-0.858,-0.029,-0.52,0.16,-0.2,-0.02
474207515000000,128401,-0.852,-0.024,-0.515,-0.27,-0.37,0.17
474207531000000,128421,-0.857,-0.032,-0.514,0.17,0.02,0.19
474207546000000,128441,-0.856,-0.026,-0.522,-0.15,-0.05,0.14
474207578000000,128461,-0.855,-0.026,-0.516,-0.11,-0.0,-0.12
474207593000000,128481,-0.851,-0.025,-0.524,0.0,-0.18,-0.08
474207609000000,128501,-0.859,-0.027,-0.518,0.19,-0.27,-0.21
474207640000000,128521,-0.86,-0.022,-0.515,-0.01,0.14,0.08
474207656000000,128541,-0.855,-0.023,-0.509,0.29,0.2,0.15
474207671000000,128561,-0.853,-0.023,-0.518,-0.03,-0.0,-0.08
474207687000000,128581,-0.859,-0.021,-0.516,0.02,-0.1,0.15
474207718000000,128601,-0.854,-0.024,-0.512,-0.02,-0.12,-0.21
474207734000000,128621,-0.855,-0.023,-0.517,0.1,-0.22,0.13
474207750000000,128641,-0.859,-0.026,-0.514,0.01,-0.08,0.3
474207765000000,128661,-0.856,-0.024,-0.516,0.21,0.13,0.03
474207796000000,128681,-0.856,-0.026,-0.519,-0.12,0.11,-0.27
474207812000000,128701,-0.856,-0.025,-0.515,0.11,0.13,-0.01
474207828000000,128721,-0.853,-0.025,-0.507,0.2,0.06,-0.12
474207859000000,128741,-0.852,-0.029,-0.513,-0.06,-0.08,0.07
474207875000000,128761,-0.853,-0.022,-0.519,-0.04,-0.31,0.13
474207890000000,128781,-0.856,-0.024,-0.519,0.14,0.09,0.2
474207906000000,128801,-0.855,-0.027,-0.514,-0.07,-0.24,0.24
474207937000000,128821,-0.851,-0.026,-0.514,0.14,-0.02,0.03
474207953000000,128841,-0.854,-0.026,-0.522,-0.11,-0.05,-0.24
474207968000000,128861,-0.854,-0.026,-0.519,-0.21,-0.12,0.04
474208000000000,128881,-0.855,-0.027,-0.519,0.16,-0.03,0.01
474208015000000,128901,-0.87,-0.026,-0.529,-0.11,0.63,0.2
474208031000000,128921,-0.862,-0.016,-0.524,-0.01,-0.15,0.05
474208046000000,128941,-0.857,-0.028,-0.519,0.34,-0.97,-0.07
474208078000000,128961,-0.857,-0.025,-0.514,0.14,-0.31,-0.27
474208093000000,128981,-0.857,-0.026,-0.516,0.2,0.06,0.14
474208109000000,129001,-0.855,-0.027,-0.505,-0.06,0.6,0.27
474208125000000,129021,-0.851,-0.021,-0.513,-0.15,0.29,0.3
474208156000000,129041,-0.863,-0.023,-0.517,-0.16,0.51,-0.0
474208171000000,129061,-0.855,-0.022,-0.511,0.3,-0.47,-0.05
474208187000000,129081,-0.858,-0.025,-0.514,0.23,0.52,0.16
474208218000000,129101,-0.856,-0.026,-0.523,-0.06,-0.28,-0.13
474208234000000,129121,-0.86,-0.027,-0.513,0.01,0.28,0.1
474208250000000,129141,-0.857,-0.027,-0.52,0.0,0.07,-0.12
474208265000000,129161,-0.856,-0.026,-0.518,-0.09,-0.29,0.07
474208296000000,129181,-0.857,-0.023,-0.518,-0.14,0.38,0.25
474208312000000,129201,-0.86,-0.023,-0.517,-0.2,-0.27,-0.06
474208328000000,129221,-0.859,-0.027,-0.514,0.02,0.2,-0.09
474208359000000,129241,-0.856,-0.027,-0.519,-0.05,-0.05,0.01
474208375000000,129261,-0.859,-0.026,-0.514,0.25,0.29,0.02
474208390000000,129281,-0.857,-0.023,-0.518,-0.04,-0.12,0.08
474208406000000,129301,-0.86,-0.021,-0.511,0.24,-0.22,0.08
474208437000000,129321,-0.856,-0.024,-0.511,-0.11,0.2,-0.14
474208453000000,129341,-0.86,-0.024,-0.519,0.02,0.02,-0.06
474208468000000,129361,-0.855,-0.024,-0.518,-0.24,0.18,-0.03
474208500000000,129381,-0.855,-0.027,-0.515,-0.07,0.12,-0.12
474208515000000,129401,-0.857,-0.026,-0.516,-0.09,0.01,0.05
474208531000000,129421,-0.858,-0.025,-0.51,0.18,-0.18,-0.12
474208546000000,129441,-0.856,-0.018,-0.513,0.0,-0.23,0.14
474208578000000,129461,-0.859,-0.023,-0.514,0.13,0.04,-0.29
474208593000000,129481,-0.855,-0.027,-0.511,0.05,-0.15,-0.15
474208609000000,129501,-0.857,-0.027,-0.517,-0.17,-0.5,-0.15
474208625000000,129521,-0.853,-0.024,-0.518,-0.03,0.3,0.19
474208656000000,129541,-0.855,-0.027,-0.52,-0.26,-0.08,-0.24
474208671000000,129561,-0.854,-0.025,-0.517,-0.1,-0.18,0.07
474208687000000,129581,-0.825,-0.03,-0.501,0.33,-1.6,-1.11
474208718000000,129601,-0.84,-0.032,-0.499,-0.64,2.27,1.16
474208734000000,129621,-0.872,-0.025,-0.52,-0.64,0.52,-0.29
474208750000000,129641,-0.859,-0.018,-0.51,-0.04,1.33,0.61
474208765000000,129661,-0.851,-0.026,-0.51,-0.04,-0.98,-0.04
474208796000000,129681,-0.86,-0.023,-0.521,0.15,0.33,0.22
474208812000000,129701,-0.854,-0.025,-0.52,0.13,-1.22,-0.05
474208828000000,129721,-0.853,-0.026,-0.522,-0.16,0.45,-0.19
474208859000000,129741,-0.851,-0.029,-0.515,0.11,-0.7,0.05
474208875000000,129761,-0.854,-0.025,-0.509,0.12,0.38,0.05
474208890000000,129781,-0.853,-0.025,-0.512,0.09,0.09,-0.2
474208906000000,129801,-0.858,-0.024,-0.513,0.07,-0.43,0.15
474208937000000,129821,-0.857,-0.023,-0.512,0.29,0.47,0.02
474208953000000,129841,-0.856,-0.021,-0.51,0.19,-0.45,-0.03
474208968000000,129861,-0.859,-0.023,-0.514,0.06,0.14,-0.28
474209000000000,129881,-0.861,-0.025,-0.517,-0.21,-0.27,0.08
474209015000000,129901,-0.855,-0.02,-0.51,0.09,0.09,0.18
474209031000000,129921,-0.852,-0.023,-0.514,0.23,0.02,0.05
474209046000000,129941,-0.858,-0.021,-0.513,0.25,0.22,-0.1
474209078000000,129961,-0.858,-0.024,-0.512,0.15,0.3,-0.08
474209093000000,129981,-0.857,-0.029,-0.509,-0.19,0.03,0.01
474209109000000,130001,-0.859,-0.021,-0.518,-0.09,0.04,-0.14
474209125000000,130021,-0.859,-0.025,-0.512,0.02,0.03,-0.22
474209156000000,130041,-0.855,-0.022,-0.518,0.02,0.28,-0.0
474209171000000,130061,-0.855,-0.025,-0.517,0.25,0.06,0.24
474209187000000,130081,-0.858,-0.022,-0.516,0.02,0.07,0.11
474209218000000,130101,-0.85,-0.023,-0.515,0.09,-0.16,-0.2
474209234000000,130121,-0.857,-0.022,-0.518,-0.23,-0.14,0.18
474209250000000,130141,-0.857,-0.022,-0.515,-0.01,0.01,-0.22
474209265000000,130161,-0.859,-0.024,-0.514,0.12,-0.09,-0.02
474209296000000,130181,-0.856,-0.027,-0.518,-0.07,0.03,0.17
474209312000000,130201,-0.856,-0.024,-0.518,0.23,-0.09,0.02
474209328000000,130221,-0.857,-0.024,-0.51,0.13,-0.1,0.01
474209359000000,130241,-0.862,-0.024,-0.516,0.25,-0.25,-0.03
474209375000000,130261,-0.855,-0.027,-0.516,0.05,-0.03,0.2
474209390000000,130281,-0.861,-0.027,-0.517,0.14,0.02,-0.16
474209406000000,130301,-0.861,-0.024,-0.518,0.06,0.17,0.08
474209437000000,130321,-0.861,-0.027,-0.511,-0.18,0.14,0.21
474209453000000,130341,-0.857,-0.026,-0.522,0.07,0.01,-0.02
474209468000000,130361,-0.856,-0.021,-0.517,0.08,-0.16,0.05
474209500000000,130381,-0.855,-0.029,-0.516,-0.27,-0.41,-0.0
474209515000000,130401,-0.858,-0.025,-0.519,0.25,0.39,-0.08
474209531000000,130421,-0.857,-0.026,-0.518,0.21,0.06,-0.0
474209546000000,130441,-0.857,-0.023,-0.517,0.05,-0.02,0.36
474209578000000,130461,-0.855,-0.021,-0.516,-0.01,-0.08,0.08
474209593000000,130481,-0.855,-0.025,-0.51,-0.02,-0.19,0.11
474209609000000,130501,-0.858,-0.021,-0.515,0.12,-0.15,0.04
474209625000000,130521,-0.859,-0.023,-0.512,0.18,0.06,-0.07
474209656000000,130541,-0.859,-0.029,-0.518,0.11,-0.29,0.11
474209671000000,130561,-0.859,-0.027,-0.516,-0.02,-0.09,0.14
474209687000000,130581,-0.86,-0.026,-0.52,-0.06,0.17,0.05
474209718000000,130601,-0.857,-0.027,-0.521,-0.12,0.28,-0.01
474209734000000,130621,-0.855,-0.024,-0.515,-0.23,0.32,-0.12
474209750000000,130641,-0.854,-0.025,-0.51,0.03,0.02,0.07
474209765000000,130661,-0.86,-0.026,-0.511,0.18,0.04,0.06
474209796000000,130681,-0.856,-0.024,-0.515,-0.04,-0.14,0.04
474209812000000,130701,-0.856,-0.025,-0.511,0.15,-0.16,0.04
474209828000000,130721,-0.853,-0.024,-0.512,0.48,0.14,0.21
474209859000000,130741,-0.857,-0.028,-0.51,0.21,0.14,0.1
474209875000000,130761,-0.856,-0.028,-0.513,0.28,0.05,-0.05
474209890000000,130781,-0.85,-0.024,-0.515,0.19,-0.31,0.18
474209906000000,130801,-0.859,-0.024,-0.523,0.13,-0.15,0.1
474209937000000,130821,-0.858,-0.022,-0.515,0.0,0.19,-0.08
474209953000000,130841,-0.853,-0.023,-0.518,0.04,0.16,0.24
474209968000000,130861,-0.855,-0.024,-0.519,-0.04,0.28,0.04
474210000000000,130881,-0.858,-0.023,-0.517,-0.05,-0.17,-0.05
474210015000000,130901,-0.861,-0.025,-0.511,-0.03,0.06,0.1
474210031000000,130921,-0.852,-0.023,-0.515,0.32,0.06,-0.0
474210046000000,130941,-0.858,-0.023,-0.514,-0.12,0.02,-0.08
474210078000000,130961,-0.858,-0.022,-0.516,0.25,-0.06,0.02
474210093000000,130981,-0.853,-0.03,-0.519,0.24,-0.15,0.37
474210109000000,131001,-0.858,-0.027,-0.52,0.06,0.23,0.2
474210140000000,131021,-0.856,-0.025,-0.51,0.2,-0.12,-0.08
474210156000000,131041,-0.854,-0.025,-0.516,-0.17,-0.08,-0.07
474210171000000,131061,-0.849,-0.027,-0.52,-0.3,0.08,0.01
474210187000000,131081,-0.856,-0.022,-0.516,-0.2,-0.22,0.17
474210218000000,131101,-0.858,-0.022,-0.516,-0.27,0.01,-0.09
474210234000000,131121,-0.86,-0.026,-0.518,-0.24,-0.12,0.04
474210250000000,131141,-0.857,-0.029,-0.516,0.24,-0.06,0.15
474210265000000,131161,-0.857,-0.025,-0.515,-0.2,-0.01,0.13
474210296000000,131181,-0.859,-0.027,-0.52,-0.27,0.23,-0.18
474210312000000,131201,-0.859,-0.025,-0.514,0.06,-0.02,-0.24
474210328000000,131221,-0.855,-0.026,-0.515,0.05,0.32,0.14
474210359000000,131241,-0.858,-0.027,-0.516,-0.18,0.11,0.14
474210375000000,131261,-0.857,-0.029,-0.516,-0.02,-0.12,0.04
474210390000000,131281,-0.857,-0.024,-0.514,0.09,0.33,-0.15
474210406000000,131301,-0.855,-0.024,-0.517,-0.02,0.1,-0.01
474210437000000,131321,-0.854,-0.026,-0.516,0.09,-0.07,-0.18
474210453000000,131341,-0.856,-0.023,-0.518,-0.05,0.09,0.03
474210468000000,131361,-0.858,-0.021,-0.512,0.1,0.06,-0.17
474210500000000,131381,-0.858,-0.027,-0.523,0.05,-0.1,0.11
474210515000000,131401,-0.857,-0.025,-0.514,0.18,-0.08,-0.02
474210531000000,131421,-0.858,-0.021,-0.511,0.09,-0.02,-0.25
474210546000000,131441,-0.858,-0.025,-0.514,-0.17,0.04,0.15
474210578000000,131461,-0.858,-0.026,-0.514,0.24,-0.15,0.17
474210593000000,131481,-0.854,-0.031,-0.513,0.17,0.22,0.08
474210609000000,131501,-0.853,-0.022,-0.513,-0.06,0.01,0.08
474210625000000,131521,-0.856,-0.023,-0.513,-0.08,0.27,-0.02
474210656000000,131541,-0.857,-0.026,-0.516,0.1,0.05,0.14
474210671000000,131561,-0.853,-0.022,-0.516,-0.05,-0.11,0.04
474210687000000,131581,-0.856,-0.026,-0.513,-0.01,0.1,-0.1
474210718000000,131601,-0.853,-0.029,-0.513,0.02,-0.0,-0.01
474210734000000,131621,-0.859,-0.022,-0.511,0.08,-0.03,-0.01
474210750000000,131641,-0.861,-0.02,-0.505,-0.07,-0.15,0.24
474210765000000,131661,-0.856,-0.021,-0.515,-0.04,0.14,0.04
474210796000000,131681,-0.853,-0.022,-0.518,0.05,0.04,0.24
474210812000000,131701,-0.856,-0.023,-0.514,0.07,-0.11,-0.12
474210828000000,131721,-0.857,-0.026,-0.513,-0.09,-0.25,0.17
474210859000000,131741,-0.858,-0.019,-0.518,-0.04,0.17,0.05
474210875000000,131761,-0.854,-0.027,-0.521,0.05,-0.09,0.11
474210890000000,131781,-0.856,-0.023,-0.513,-0.14,-0.24,0.05
474210906000000,131801,-0.851,-0.022,-0.518,0.28,-0.02,-0.11
474210937000000,131821,-0.858,-0.022,-0.518,-0.12,-0.15,0.01
474210953000000,131841,-0.859,-0.022,-0.515,0.05,-0.12,0.1
474210968000000,131861,-0.86,-0.026,-0.51,-0.03,0.03,-0.08
474211000000000,131881,-0.86,-0.024,-0.514,0.02,0.05,0.12
474211015000000,131901,-0.853,-0.019,-0.508,0.12,0.25,-0.28
474211031000000,131921,-0.855,-0.025,-0.514,-0.01,-0.02,-0.13
474211046000000,131941,-0.859,-0.024,-0.518,0.02,0.28,0.19
474211078000000,131961,-0.856,-0.023,-0.514,-0.12,-0.0,0.21
474211093000000,131981,-0.857,-0.023,-0.51,-0.01,0.02,0.03
474211109000000,132001,-0.851,-0.022,-0.519,0.12,-0.16,0.27
474211125000000,132021,-0.858,-0.026,-0.512,-0.15,0.09,-0.05
474211156000000,132041,-0.855,-0.029,-0.515,0.14,-0.08,-0.07
474211171000000,132061,-0.859,-0.024,-0.512,-0.01,-0.09,-0.27
474211187000000,132081,-0.852,-0.024,-0.511,-0.01,-0.0,0.17
474211218000000,132101,-0.856,-0.024,-0.516,-0.08,-0.35,-0.21
474211234000000,132121,-0.861,-0.024,-0.514,0.22,-0.12,-0.09
474211250000000,132141,-0.856,-0.018,-0.518,-0.14,-0.1,-0.0
474211265000000,132161,-0.854,-0.025,-0.516,-0.04,0.02,0.14
474211296000000,132181,-0.854,-0.022,-0.522,0.02,0.14,0.27
474211312000000,132201,-0.857,-0.021,-0.522,0.16,0.09,-0.14
474211328000000,132221,-0.857,-0.024,-0.507,0.12,-0.01,0.05
474211359000000,132241,-0.855,-0.024,-0.515,0.22,-0.04,0.03
474211375000000,132261,-0.859,-0.026,-0.517,0.08,0.13,0.27
474211390000000,132281,-0.855,-0.023,-0.513,-0.4,-0.15,-0.2
474211406000000,132301,-0.86,-0.021,-0.513,0.05,0.21,0.14
474211437000000,132321,-0.859,-0.027,-0.516,-0.08,-0.17,0.14
474211453000000,132341,-0.855,-0.027,-0.511,0.16,0.11,0.08
474211468000000,132361,-0.858,-0.025,-0.515,0.05,0.08,-0.11
474211500000000,132381,-0.859,-0.021,-0.514,0.0,0.05,0.17
474211515000000,132401,-0.859,-0.024,-0.515,-0.3,-0.12,-0.1
474211531000000,132421,-0.859,-0.024,-0.52,-0.11,0.11,0.01
474211546000000,132441,-0.857,-0.022,-0.518,-0.24,-0.01,-0.05
474211578000000,132461,-0.861,-0.024,-0.516,0.21,-0.07,-0.04
474211593000000,132481,-0.857,-0.022,-0.516,0.07,-0.13,0.04
474211609000000,132501,-0.856,-0.024,-0.507,0.15,0.21,0.19
474211640000000,132521,-0.857,-0.029,-0.517,0.21,-0.24,0.11
474211656000000,132541,-0.853,-0.025,-0.516,0.12,-0.1,0.05
474211671000000,132561,-0.86,-0.023,-0.51,-0.1,0.03,0.17
474211687000000,132581,-0.857,-0.025,-0.516,-0.07,0.18,0.16
474211718000000,132601,-0.861,-0.022,-0.515,-0.04,-0.01,0.06
474211734000000,132621,-0.857,-0.025,-0.516,0.1,0.36,-0.24
474211750000000,132641,-0.859,-0.025,-0.516,0.12,0.12,-0.05
474211765000000,132661,-0.856,-0.029,-0.516,0.05,0.07,0.22
474211796000000,132681,-0.856,-0.025,-0.519,-0.04,-0.05,-0.07
474211812000000,132701,-0.855,-0.022,-0.519,-0.05,-0.03,-0.29
474211828000000,132721,-0.854,-0.025,-0.514,0.07,-0.0,0.06
474211859000000,132741,-0.856,-0.025,-0.508,-0.21,0.05,-0.0
474211875000000,132761,-0.855,-0.022,-0.514,-0.04,0.04,-0.02
474211890000000,132781,-0.858,-0.024,-0.514,0.07,-0.07,0.22
474211906000000,132801,-0.857,-0.021,-0.517,0.16,0.2,-0.02
474211937000000,132821,-0.854,-0.025,-0.517,0.06,0.14,0.08
474211953000000,132841,-0.861,-0.027,-0.516,-0.11,-0.05,0.06
474211968000000,132861,-0.857,-0.024,-0.515,0.27,0.04,-0.14
474212000000000,132881,-0.853,-0.023,-0.515,-0.11,0.02,0.06
474212015000000,132901,-0.858,-0.023,-0.517,0.04,-0.1,0.02
474212031000000,132921,-0.855,-0.025,-0.513,-0.14,-0.22,0.08
474212046000000,132941,-0.854,-0.02,-0.518,0.11,0.02,-0.02
474212078000000,132961,-0.857,-0.02,-0.519,-0.21,0.04,0.1
474212093000000,132981,-0.859,-0.03,-0.52,0.15,0.04,0.12
474212109000000,133001,-0.854,-0.02,-0.519,-0.06,-0.15,-0.22
474212125000000,133021,-0.856,-0.024,-0.515,0.16,-0.12,-0.08
474212156000000,133041,-0.859,-0.024,-0.514,0.18,-0.09,-0.07
474212171000000,133061,-0.861,-0.024,-0.524,0.12,-0.06,-0.01
474212187000000,133081,-0.857,-0.029,-0.515,-0.04,-0.23,0.01
474212218000000,133101,-0.857,-0.025,-0.517,-0.11,0.01,0.12
474212234000000,133121,-0.85,-0.026,-0.515,-0.18,0.07,0.09
474212250000000,133141,-0.853,-0.023,-0.519,0.04,0.08,-0.18
474212265000000,133161,-0.857,-0.024,-0.516,-0.04,-0.06,0.08
474212296000000,133181,-0.86,-0.024,-0.517,-0.07,-0.17,0.02
474212312000000,133201,-0.858,-0.024,-0.516,-0.12,0.11,0.07
474212328000000,133221,-0.861,-0.025,-0.514,-0.11,-0.14,0.01
474212359000000,133241,-0.86,-0.022,-0.507,0.04,0.17,0.21
474212375000000,133261,-0.859,-0.024,-0.516,-0.07,-0.02,-0.12
474212390000000,133281,-0.858,-0.024,-0.508,0.16,-0.09,0.37
474212406000000,133301,-0.855,-0.019,-0.518,-0.02,-0.26,0.1
474212437000000,133321,-0.853,-0.027,-0.506,0.02,0.28,0.14
474212453000000,133341,-0.854,-0.025,-0.517,-0.01,-0.11,0.07
474212468000000,133361,-0.861,-0.023,-0.516,-0.07,0.12,0.16
474212500000000,133381,-0.855,-0.023,-0.518,-0.2,-0.01,0.07
474212515000000,133401,-0.855,-0.025,-0.514,0.16,-0.17,-0.1
474212531000000,133421,-0.856,-0.021,-0.518,0.16,-0.48,0.07
474212546000000,133441,-0.857,-0.023,-0.519,0.08,0.2,0.14
474212578000000,133461,-0.854,-0.027,-0.506,0.2,-0.18,-0.03
474212593000000,133481,-0.855,-0.024,-0.515,-0.14,-0.06,0.1
474212609000000,133501,-0.854,-0.025,-0.521,0.12,0.39,0.13
474212640000000,133521,-0.858,-0.026,-0.523,-0.26,0.27,0.03
474212656000000,133541,-0.856,-0.024,-0.515,0.14,-0.25,-0.25
474212671000000,133561,-0.855,-0.022,-0.51,-0.04,-0.23,0.11
474212687000000,133581,-0.858,-0.028,-0.513,0.12,0.23,0.05
474212718000000,133601,-0.858,-0.023,-0.508,-0.01,0.09,-0.05
474212734000000,133621,-0.858,-0.025,-0.518,-0.16,-0.08,0.15
474212750000000,133641,-0.856,-0.024,-0.517,-0.06,-0.14,-0.08
474212765000000,133661,-0.856,-0.024,-0.516,-0.1,-0.18,0.08
474212796000000,133681,-0.859,-0.025,-0.516,-0.03,0.04,-0.0
474212812000000,133701,-0.857,-0.028,-0.522,-0.02,-0.09,0.35
474212828000000,133721,-0.853,-0.023,-0.516,-0.03,-0.0,-0.05
474212859000000,133741,-0.856,-0.026,-0.521,0.02,0.04,0.11
474212875000000,133761,-0.856,-0.026,-0.517,0.03,-0.15,0.09
474212890000000,133781,-0.862,-0.027,-0.513,-0.2,-0.02,0.06
474212906000000,133801,-0.855,-0.023,-0.514,-0.06,0.03,0.37
474212937000000,133821,-0.854,-0.026,-0.515,0.02,0.07,-0.08
474212953000000,133841,-0.854,-0.024,-0.512,-0.02,-0.13,0.05
474212968000000,133861,-0.852,-0.024,-0.516,-0.09,-0.25,0.05
474213000000000,133881,-0.858,-0.025,-0.513,-0.12,0.04,0.12
474213015000000,133901,-0.857,-0.025,-0.511,0.08,0.01,-0.08
474213031000000,133921,-0.858,-0.029,-0.51,-0.02,-0.19,0.13
474213046000000,133941,-0.85,-0.022,-0.517,0.12,0.33,0.2
474213078000000,133961,-0.854,-0.026,-0.519,0.08,0.01,0.04
474213093000000,133981,-0.855,-0.023,-0.518,-0.27,0.43,-0.18
474213109000000,134001,-0.852,-0.026,-0.514,0.16,0.11,0.09
474213125000000,134021,-0.856,-0.027,-0.521,-0.14,-0.13,0.18
474213156000000,134041,-0.858,-0.025,-0.515,0.09,-0.06,0.31
474213171000000,134061,-0.857,-0.021,-0.514,0.16,-0.26,-0.14
474213187000000,134081,-0.856,-0.024,-0.515,0.08,-0.23,0.08
474213218000000,134101,-0.855,-0.021,-0.512,-0.12,-0.61,0.05
474213234000000,134121,-0.857,-0.03,-0.516,0.21,-0.39,0.17
474213250000000,134141,-0.86,-0.024,-0.508,0.19,0.14,-0.05
474213265000000,134161,-0.854,-0.023,-0.525,-0.11,0.69,0.32
474213296000000,134181,-0.858,-0.024,-0.517,-0.39,0.44,-0.02
474213312000000,134201,-0.857,-0.026,-0.513,-0.11,-0.45,-0.22
474213328000000,134221,-0.855,-0.024,-0.517,0.11,-0.39,-0.34
474213359000000,134241,-0.857,-0.025,-0.518,-0.11,-0.44,0.16
474213375000000,134261,-0.859,-0.023,-0.52,-0.06,-0.17,0.14
474213390000000,134281,-0.859,-0.027,-0.515,0.05,0.41,0.1
474213406000000,134301,-0.853,-0.027,-0.517,0.05,0.06,0.08
474213437000000,134321,-0.857,-0.027,-0.517,-0.17,0.2,0.11
474213453000000,134341,-0.858,-0.028,-0.514,0.12,-0.27,-0.03
474213468000000,134361,-0.859,-0.027,-0.511,-0.08,-0.19,-0.03
474213500000000,134381,-0.854,-0.023,-0.514,0.02,-0.3,0.27
474213515000000,134401,-0.855,-0.03,-0.515,0.16,0.12,0.02
474213531000000,134421,-0.857,-0.025,-0.51,0.02,0.2,-0.09
474213546000000,134441,-0.851,-0.025,-0.515,-0.02,0.07,0.19
474213578000000,134461,-0.855,-0.024,-0.52,-0.18,0.11,0.32
474213593000000,134481,-0.853,-0.025,-0.508,-0.01,-0.02,0.3
474213609000000,134501,-0.857,-0.027,-0.514,-0.16,-0.37,-0.18
474213625000000,134521,-0.858,-0.027,-0.514,-0.09,0.1,-0.08
474213656000000,134541,-0.857,-0.025,-0.514,-0.05,-0.17,0.08
474213671000000,134561,-0.86,-0.022,-0.508,0.11,0.41,0.25
474213687000000,134581,-0.857,-0.028,-0.513,0.1,0.06,0.07
474213718000000,134601,-0.855,-0.024,-0.52,0.12,-0.16,0.14
474213734000000,134621,-0.855,-0.027,-0.517,0.01,-0.07,-0.08
474213750000000,134641,-0.855,-0.026,-0.514,-0.14,-0.14,-0.03
474213765000000,134661,-0.855,-0.026,-0.522,-0.19,0.3,0.01
474213796000000,134681,-0.855,-0.021,-0.513,-0.07,-0.0,0.13
474213812000000,134701,-0.855,-0.027,-0.515,-0.06,0.11,-0.08
474213828000000,134721,-0.855,-0.022,-0.518,0.01,-0.12,0.17
474213859000000,134741,-0.856,-0.028,-0.517,0.16,-0.06,0.01
474213875000000,134761,-0.859,-0.024,-0.517,0.24,0.18,0.19
474213890000000,134781,-0.858,-0.022,-0.519,0.25,-0.08,-0.05
474213906000000,134801,-0.861,-0.027,-0.517,-0.12,-0.09,-0.15
474213937000000,134821,-0.856,-0.022,-0.52,-0.25,0.07,-0.0
474213953000000,134841,-0.856,-0.02,-0.511,-0.01,-0.57,-0.11
474213968000000,134861,-0.854,-0.022,-0.521,0.22,0.04,0.05
474214000000000,134881,-0.853,-0.025,-0.513,0.16,-0.3,0.05
474214015000000,134901,-0.859,-0.025,-0.522,-0.16,0.17,0.11
474214031000000,134921,-0.857,-0.021,-0.515,-0.04,-0.04,-0.18
474214046000000,134941,-0.856,-0.023,-0.516,0.05,-0.09,-0.0
474214078000000,134961,-0.859,-0.025,-0.509,0.03,0.3,-0.02
474214093000000,134981,-0.856,-0.024,-0.514,-0.04,-0.15,0.01
474214109000000,135001,-0.86,-0.021,-0.514,-0.16,0.08,0.04
474214140000000,135021,-0.857,-0.022,-0.518,-0.03,-0.06,0.05
474214156000000,135041,-0.854,-0.027,-0.515,0.1,-0.23,0.19
474214171000000,135061,-0.854,-0.025,-0.516,0.09,0.05,-0.07
474214187000000,135081,-0.855,-0.023,-0.512,0.07,-0.09,-0.05
474214218000000,135101,-0.852,-0.023,-0.514,0.12,0.17,0.19
474214234000000,135121,-0.853,-0.023,-0.519,-0.01,-0.1,0.18
474214250000000,135141,-0.858,-0.025,-0.516,-0.1,0.06,0.15
474214265000000,135161,-0.858,-0.024,-0.52,-0.04,-0.14,-0.05
474214296000000,135181,-0.861,-0.025,-0.519,-0.26,-0.12,0.1
474214312000000,135201,-0.855,-0.024,-0.509,0.24,-0.11,0.06
474214328000000,135221,-0.854,-0.026,-0.522,-0.2,0.11,-0.28
474214359000000,135241,-0.86,-0.022,-0.516,0.15,-0.07,-0.08
474214375000000,135261,-0.858,-0.027,-0.51,0.12,0.25,-0.01
474214390000000,135281,-0.861,-0.027,-0.518,0.17,-0.03,0.08
474214406000000,135301,-0.856,-0.025,-0.509,-0.28,-0.06,-0.01
474214437000000,135321,-0.859,-0.024,-0.512,-0.2,-0.02,0.31
474214453000000,135341,-0.851,-0.025,-0.516,0.29,-0.11,-0.07
474214468000000,135361,-0.858,-0.022,-0.515,0.12,-0.04,-0.15
474214500000000,135381,-0.856,-0.027,-0.518,-0.07,-0.04,0.2
474214515000000,135401,-0.853,-0.022,-0.513,0.16,-0.04,-0.15
474214531000000,135421,-0.853,-0.026,-0.512,-0.07,-0.08,0.27
474214546000000,135441,-0.854,-0.025,-0.519,0.14,-0.27,0.05
474214578000000,135461,-0.859,-0.025,-0.519,0.05,-0.16,-0.08
474214593000000,135481,-0.861,-0.026,-0.519,-0.17,0.07,0.12
474214609000000,135501,-0.861,-0.024,-0.519,-0.11,0.36,0.08
474214625000000,135521,-0.851,-0.022,-0.517,-0.04,0.03,-0.14
474214656000000,135541,-0.854,-0.024,-0.516,0.13,0.13,0.17
474214671000000,135561,-0.86,-0.026,-0.515,0.28,0.07,0.01
474214687000000,135581,-0.857,-0.025,-0.517,0.19,0.04,-0.12
474214718000000,135601,-0.858,-0.028,-0.512,-0.01,0.04,0.01
474214734000000,135621,-0.856,-0.023,-0.515,-0.01,-0.03,0.08
474214750000000,135641,-0.859,-0.023,-0.518,-0.33,0.01,0.05
474214765000000,135661,-0.854,-0.026,-0.522,-0.11,-0.06,-0.07
474214796000000,135681,-0.855,-0.028,-0.512,-0.04,-0.22,0.13
474214812000000,135701,-0.855,-0.02,-0.517,-0.14,0.07,-0.05
474214828000000,135721,-0.859,-0.025,-0.51,0.07,-0.12,0.21
474214859000000,135741,-0.857,-0.025,-0.517,-0.04,-0.05,-0.02
474214875000000,135761,-0.851,-0.023,-0.516,-0.12,0.07,0.05
474214890000000,135781,-0.858,-0.024,-0.514,-0.05,0.14,-0.18
474214906000000,135801,-0.858,-0.022,-0.511,0.01,0.43,0.24
474214937000000,135821,-0.857,-0.024,-0.514,0.04,-0.29,0.04
474214953000000,135841,-0.856,-0.023,-0.515,0.12,-0.06,-0.12
474214968000000,135861,-0.859,-0.022,-0.514,0.15,-0.22,0.04
474215000000000,135881,-0.853,-0.025,-0.521,0.11,-0.11,0.1
474215015000000,135901,-0.856,-0.02,-0.514,-0.09,0.11,0.11
474215031000000,135921,-0.856,-0.02,-0.517,-0.1,0.06,0.06
474215046000000,135941,-0.854,-0.023,-0.515,-0.2,-0.0,0.08
474215078000000,135961,-0.857,-0.022,-0.514,-0.05,-0.12,-0.06
474215093000000,135981,-0.855,-0.024,-0.514,-0.07,-0.23,0.05
474215109000000,136001,-0.857,-0.026,-0.515,0.05,-0.22,0.17
474215140000000,136021,-0.855,-0.025,-0.514,-0.16,-0.03,0.13
474215156000000,136041,-0.851,-0.024,-0.515,0.17,-0.32,0.02
474215171000000,136061,-0.861,-0.023,-0.514,0.07,-0.06,-0.01
474215187000000,136081,-0.855,-0.023,-0.515,-0.12,0.25,0.17
474215218000000,136101,-0.856,-0.026,-0.518,0.25,-0.07,-0.05
474215234000000,136121,-0.858,-0.024,-0.523,-0.01,0.1,0.14
474215250000000,136141,-0.859,-0.023,-0.517,-0.04,0.19,-0.13
474215265000000,136161,-0.853,-0.023,-0.516,0.09,-0.15,-0.12
474215296000000,136181,-0.858,-0.021,-0.519,0.04,0.02,-0.19
474215312000000,136201,-0.852,-0.023,-0.519,0.2,0.01,-0.01
474215328000000,136221,-0.857,-0.024,-0.513,0.14,0.14,0.07
474215359000000,136241,-0.856,-0.027,-0.521,0.15,0.06,0.02
474215375000000,136261,-0.859,-0.025,-0.517,0.28,0.19,0.11
474215390000000,136281,-0.86,-0.021,-0.519,-0.13,-0.13,-0.08
474215406000000,136301,-0.854,-0.025,-0.515,0.12,-0.05,-0.16
474215437000000,136321,-0.853,-0.028,-0.509,-0.02,-0.1,0.08
474215453000000,136341,-0.858,-0.021,-0.516,-0.3,0.03,-0.12
474215468000000,136361,-0.855,-0.023,-0.512,0.03,-0.25,0.11
474215500000000,136381,-0.857,-0.029,-0.513,0.15,-0.05,0.05
474215515000000,136401,-0.856,-0.024,-0.514,0.05,-0.12,0.09
474215531000000,136421,-0.857,-0.024,-0.51,0.05,-0.42,0.07
474215546000000,136441,-0.856,-0.025,-0.517,0.02,0.01,0.14
474215578000000,136461,-0.854,-0.018,-0.518,0.28,0.07,-0.23
474215593000000,136481,-0.857,-0.024,-0.519,0.17,0.4,0.2
474215609000000,136501,-0.857,-0.025,-0.513,-0.03,0.07,0.19
474215625000000,136521,-0.858,-0.025,-0.517,-0.09,0.08,-0.04
474215656000000,136541,-0.857,-0.026,-0.518,-0.08,0.05,0.14
474215671000000,136561,-0.859,-0.025,-0.518,-0.04,0.19,-0.01
474215687000000,136581,-0.853,-0.028,-0.52,-0.03,-0.15,0.01
474215718000000,136601,-0.859,-0.026,-0.52,-0.27,0.07,0.13
474215734000000,136621,-0.853,-0.023,-0.515,0.12,-0.25,-0.11
474215750000000,136641,-0.854,-0.024,-0.516,0.07,0.04,-0.07
474215765000000,136661,-0.854,-0.025,-0.526,0.03,-0.13,-0.01
474215796000000,136681,-0.859,-0.024,-0.512,-0.06,0.1,-0.16
474215812000000,136701,-0.857,-0.023,-0.51,0.1,0.08,-0.12
474215828000000,136721,-0.853,-0.022,-0.519,0.1,-0.19,-0.12
474215859000000,136741,-0.858,-0.025,-0.519,-0.06,0.16,0.26
474215875000000,136761,-0.856,-0.023,-0.519,-0.19,-0.02,-0.06
474215890000000,136781,-0.859,-0.025,-0.516,-0.15,0.06,-0.18
474215906000000,136801,-0.854,-0.024,-0.519,0.06,0.03,-0.01
474215937000000,136821,-0.855,-0.027,-0.519,0.44,-0.56,-0.23
474215953000000,136841,-0.854,-0.022,-0.518,0.24,0.06,-0.08
474215968000000,136861,-0.853,-0.022,-0.512,0.05,0.23,0.09
474215984000000,136881,-0.857,-0.023,-0.508,0.02,0.03,0.43
474216015000000,136901,-0.856,-0.022,-0.513,0.22,-0.06,-0.05
474216031000000,136921,-0.857,-0.028,-0.518,-0.01,-0.09,-0.15
474216046000000,136941,-0.857,-0.025,-0.519,0.0,-0.21,-0.07
474216078000000,136961,-0.858,-0.023,-0.515,-0.12,-0.09,0.15
474216093000000,136981,-0.856,-0.028,-0.512,-0.18,0.1,-0.16
474216109000000,137001,-0.854,-0.025,-0.517,-0.1,0.06,0.05
474216125000000,137021,-0.853,-0.023,-0.514,0.02,-0.02,-0.16
474216156000000,137041,-0.857,-0.027,-0.516,0.1,-0.02,0.01
474216171000000,137061,-0.858,-0.025,-0.519,-0.33,-0.06,0.12
474216187000000,137081,-0.856,-0.023,-0.518,-0.19,0.21,0.01
474216218000000,137101,-0.854,-0.022,-0.518,0.05,0.08,-0.02
474216234000000,137121,-0.856,-0.026,-0.517,0.13,-0.14,0.13
474216250000000,137141,-0.854,-0.023,-0.511,-0.19,-0.2,0.34
474216265000000,137161,-0.859,-0.023,-0.51,0.12,0.16,0.17
474216296000000,137181,-0.855,-0.023,-0.514,-0.12,-0.0,-0.18
474216312000000,137201,-0.859,-0.023,-0.521,0.12,0.06,0.13
474216328000000,137221,-0.859,-0.024,-0.515,-0.11,0.1,-0.01
474216359000000,137241,-0.857,-0.025,-0.512,-0.14,0.1,0.03
474216375000000,137261,-0.854,-0.023,-0.519,0.04,-0.19,0.29
474216390000000,137281,-0.855,-0.025,-0.514,0.05,-0.11,-0.05
474216406000000,137301,-0.854,-0.026,-0.515,-0.01,0.14,0.16
474216437000000,137321,-0.858,-0.024,-0.517,-0.25,0.04,0.13
474216453000000,137341,-0.856,-0.023,-0.518,0.05,0.04,-0.07
474216468000000,137361,-0.855,-0.024,-0.514,0.07,0.19,0.01
474216500000000,137381,-0.856,-0.024,-0.513,0.08,0.21,-0.12
474216515000000,137401,-0.857,-0.021,-0.518,-0.01,-0.07,-0.15
474216531000000,137421,-0.852,-0.022,-0.519,-0.17,-0.05,-0.22
474216546000000,137441,-0.855,-0.025,-0.524,0.11,-0.45,0.01
474216578000000,137461,-0.859,-0.023,-0.512,0.18,-0.06,-0.01
474216593000000,137481,-0.855,-0.022,-0.519,-0.02,0.04,0.17
474216609000000,137501,-0.857,-0.029,-0.517,-0.02,-0.02,0.13
474216625000000,137521,-0.856,-0.025,-0.517,0.02,0.26,0.12
474216656000000,137541,-0.857,-0.023,-0.513,-0.04,0.04,0.12
474216671000000,137561,-0.861,-0.025,-0.517,0.0,-0.22,-0.09
474216687000000,137581,-0.831,-0.022,-0.502,0.47,-1.31,-0.8
474216718000000,137601,-0.843,-0.026,-0.502,-0.04,0.37,0.37
474216734000000,137621,-0.871,-0.021,-0.522,-0.34,-0.18,-0.36
474216750000000,137641,-0.855,-0.024,-0.508,0.12,1.35,0.33
474216765000000,137661,-0.85,-0.027,-0.501,-0.37,-0.48,0.12
474216796000000,137681,-0.868,-0.024,-0.528,-0.03,0.3,0.01
474216812000000,137701,-0.852,-0.023,-0.513,-0.28,-0.83,0.13
474216828000000,137721,-0.858,-0.025,-0.521,0.1,0.49,-0.21
474216859000000,137741,-0.856,-0.021,-0.518,-0.05,-0.22,0.16
474216875000000,137761,-0.856,-0.024,-0.516,0.02,0.29,-0.2
474216890000000,137781,-0.856,-0.026,-0.517,0.02,-0.12,0.05
474216906000000,137801,-0.857,-0.022,-0.519,0.05,-0.53,-0.1
474216937000000,137821,-0.862,-0.023,-0.51,0.12,0.59,0.14
474216953000000,137841,-0.858,-0.022,-0.507,0.05,-0.42,0.01
474216968000000,137861,-0.858,-0.026,-0.514,0.19,0.53,0.05
474217000000000,137881,-0.855,-0.021,-0.512,0.12,-0.14,0.24
474217015000000,137901,-0.853,-0.027,-0.511,-0.05,0.08,0.05
474217031000000,137921,-0.855,-0.021,-0.514,-0.01,0.13,0.17
474217046000000,137941,-0.854,-0.024,-0.523,-0.04,0.14,-0.03
474217078000000,137961,-0.855,-0.025,-0.517,-0.06,-0.24,0.06
474217093000000,137981,-0.857,-0.026,-0.514,0.07,-0.47,-0.02
474217109000000,138001,-0.857,-0.022,-0.515,0.15,-0.01,0.09
474217125000000,138021,-0.859,-0.023,-0.514,0.08,-0.02,-0.03
474217156000000,138041,-0.86,-0.018,-0.514,-0.12,-0.25,0.26
474217171000000,138061,-0.856,-0.022,-0.513,0.18,-0.31,-0.12
474217187000000,138081,-0.857,-0.025,-0.512,0.25,0.27,0.2
474217218000000,138101,-0.855,-0.023,-0.516,-0.11,-0.23,-0.21
474217234000000,138121,-0.855,-0.023,-0.518,0.15,0.14,0.24
474217250000000,138141,-0.86,-0.026,-0.521,0.12,0.16,-0.07
474217265000000,138161,-0.854,-0.025,-0.515,0.02,-0.28,0.15
474217296000000,138181,-0.856,-0.023,-0.51,-0.32,-0.25,0.04
474217312000000,138201,-0.853,-0.022,-0.509,-0.12,-0.33,0.24
474217328000000,138221,-0.853,-0.028,-0.512,-0.06,0.07,0.01
474217359000000,138241,-0.859,-0.024,-0.51,0.05,-0.41,-0.11
474217375000000,138261,-0.852,-0.02,-0.516,-0.33,0.11,0.2
474217390000000,138281,-0.856,-0.027,-0.513,-0.01,0.2,-0.08
474217406000000,138301,-0.853,-0.023,-0.513,0.09,-0.23,-0.12
474217437000000,138321,-0.854,-0.026,-0.513,0.0,0.02,-0.07
474217453000000,138341,-0.856,-0.023,-0.508,-0.11,0.17,-0.08
474217468000000,138361,-0.854,-0.031,-0.512,0.19,0.35,0.08
474217500000000,138381,-0.857,-0.029,-0.523,0.19,-0.29,0.1
474217515000000,138401,-0.855,-0.027,-0.521,0.15,0.26,-0.04
474217531000000,138421,-0.858,-0.029,-0.515,-0.27,0.01,-0.23
474217546000000,138441,-0.856,-0.022,-0.517,-0.06,0.17,0.18
474217578000000,138461,-0.857,-0.028,-0.517,0.05,0.13,0.02
474217593000000,138481,-0.857,-0.027,-0.514,-0.21,-0.13,0.01
474217609000000,138501,-0.854,-0.024,-0.513,-0.02,0.01,0.08
474217625000000,138521,-0.853,-0.022,-0.519,0.08,0.3,0.14
474217656000000,138541,-0.862,-0.027,-0.52,0.11,0.34,0.09
474217671000000,138561,-0.857,-0.028,-0.514,0.08,0.3,0.26
474217687000000,138581,-0.856,-0.022,-0.515,-0.14,-0.52,0.19
474217718000000,138601,-0.858,-0.022,-0.516,-0.3,0.26,0.14
474217734000000,138621,-0.859,-0.03,-0.517,0.05,-0.05,-0.12
474217750000000,138641,-0.857,-0.022,-0.507,-0.01,-0.22,0.01
474217765000000,138661,-0.854,-0.026,-0.507,0.12,0.08,-0.17
474217796000000,138681,-0.855,-0.017,-0.514,0.0,-0.1,-0.17
474217812000000,138701,-0.858,-0.023,-0.52,0.07,0.19,0.15
474217828000000,138721,-0.856,-0.026,-0.514,0.03,-0.17,0.05
474217859000000,138741,-0.855,-0.025,-0.507,-0.23,-0.02,0.05
474217875000000,138761,-0.853,-0.021,-0.524,0.06,-0.12,0.02
474217890000000,138781,-0.857,-0.026,-0.515,0.07,-0.16,-0.06
474217906000000,138801,-0.858,-0.026,-0.507,-0.08,-0.25,-0.12
474217937000000,138821,-0.858,-0.022,-0.521,0.0,0.01,0.15
474217953000000,138841,-0.856,-0.024,-0.52,-0.11,0.1,0.06
474217968000000,138861,-0.857,-0.024,-0.514,-0.07,-0.1,0.21
474218000000000,138881,-0.853,-0.023,-0.517,-0.14,-0.16,-0.14
474218015000000,138901,-0.856,-0.024,-0.515,-0.13,0.2,-0.05
474218031000000,138921,-0.857,-0.025,-0.512,0.31,-0.0,-0.29
474218046000000,138941,-0.858,-0.024,-0.517,-0.17,-0.1,0.05
474218078000000,138961,-0.856,-0.025,-0.514,-0.04,0.18,0.01
474218093000000,138981,-0.854,-0.023,-0.513,0.03,-0.02,0.02
474218109000000,139001,-0.86,-0.025,-0.513,-0.14,0.17,0.15
474218125000000,139021,-0.857,-0.024,-0.522,-0.2,0.41,0.05
474218156000000,139041,-0.86,-0.028,-0.512,0.18,0.14,-0.08
474218171000000,139061,-0.855,-0.026,-0.516,-0.27,0.56,0.43
474218187000000,139081,-0.863,-0.026,-0.515,0.15,0.17,0.11
474218218000000,139101,-0.859,-0.025,-0.511,0.02,-0.25,0.17
474218234000000,139121,-0.857,-0.024,-0.512,0.16,0.07,-0.2
474218250000000,139141,-0.86,-0.022,-0.515,-0.04,-0.55,-0.08
474218265000000,139161,-0.852,-0.02,-0.517,0.09,0.39,0.3
474218296000000,139181,-0.853,-0.02,-0.511,-0.28,-0.09,0.19
474218312000000,139201,-0.857,-0.024,-0.519,0.04,-0.04,-0.2
474218328000000,139221,-0.856,-0.021,-0.518,-0.07,-0.0,-0.14
474218359000000,139241,-0.858,-0.025,-0.517,0.09,0.12,-0.15
474218375000000,139261,-0.855,-0.025,-0.512,0.07,0.03,0.25
474218390000000,139281,-0.853,-0.028,-0.513,-0.04,-0.2,-0.01
474218406000000,139301,-0.855,-0.024,-0.524,-0.04,-0.04,0.11
474218437000000,139321,-0.856,-0.025,-0.518,0.11,-0.22,0.06
474218453000000,139341,-0.859,-0.019,-0.512,0.09,-0.0,0.11
474218468000000,139361,-0.855,-0.023,-0.515,0.0,-0.09,-0.2
474218500000000,139381,-0.855,-0.023,-0.515,-0.03,0.03,-0.05
474218515000000,139401,-0.857,-0.024,-0.51,0.1,0.08,0.11
474218531000000,139421,-0.857,-0.025,-0.515,-0.1,-0.1,-0.1
474218546000000,139441,-0.86,-0.024,-0.512,0.13,-0.15,-0.12
474218578000000,139461,-0.858,-0.021,-0.514,0.1,-0.09,-0.1
474218593000000,139481,-0.86,-0.027,-0.509,-0.32,0.19,0.11
474218609000000,139501,-0.856,-0.026,-0.513,-0.07,0.11,0.16
474218625000000,139521,-0.853,-0.025,-0.516,-0.14,0.24,-0.15
474218656000000,139541,-0.86,-0.025,-0.512,-0.02,-0.05,-0.03
474218671000000,139561,-0.853,-0.025,-0.518,0.02,-0.1,0.17
474218687000000,139581,-0.857,-0.026,-0.519,0.01,0.07,0.11
474218718000000,139601,-0.859,-0.028,-0.516,-0.05,0.17,0.17
474218734000000,139621,-0.857,-0.025,-0.511,0.23,0.11,0.11
474218750000000,139641,-0.859,-0.024,-0.519,-0.17,-0.07,-0.07
474218765000000,139661,-0.857,-0.025,-0.517,0.18,0.14,-0.05
474218796000000,139681,-0.853,-0.025,-0.519,0.04,0.11,0.3
474218812000000,139701,-0.856,-0.025,-0.516,0.05,-0.19,-0.04
474218828000000,139721,-0.857,-0.023,-0.51,0.37,0.19,0.11
474218859000000,139741,-0.858,-0.024,-0.522,0.31,0.17,-0.14
474218875000000,139761,-0.856,-0.028,-0.517,0.16,0.02,-0.08
474218890000000,139781,-0.86,-0.03,-0.514,-0.11,0.24,0.16
474218906000000,139801,-0.856,-0.027,-0.516,-0.16,-0.29,0.08
474218937000000,139821,-0.857,-0.027,-0.516,0.04,0.09,0.08
474218953000000,139841,-0.861,-0.021,-0.521,0.08,-0.39,-0.18
474218968000000,139861,-0.857,-0.025,-0.521,-0.08,0.21,-0.12
474218984000000,139881,-0.855,-0.027,-0.514,0.06,0.07,-0.22
474219015000000,139901,-0.859,-0.027,-0.518,-0.04,-0.48,-0.0
474219031000000,139921,-0.853,-0.021,-0.514,-0.01,-0.09,0.42
474219046000000,139941,-0.856,-0.022,-0.514,-0.07,-0.11,-0.1
474219078000000,139961,-0.855,-0.027,-0.512,-0.27,-0.47,-0.02
474219093000000,139981,-0.856,-0.028,-0.513,0.02,-0.05,-0.06
474219109000000,140001,-0.857,-0.023,-0.517,-0.07,-0.12,-0.03
474219125000000,140021,-0.858,-0.025,-0.513,-0.07,-0.02,0.12
474219156000000,140041,-0.854,-0.025,-0.511,0.05,-0.28,-0.05
474219171000000,140061,-0.854,-0.025,-0.511,-0.1,-0.01,-0.14
474219187000000,140081,-0.853,-0.024,-0.516,0.08,-0.38,0.06
474219218000000,140101,-0.856,-0.022,-0.514,-0.04,-0.22,-0.12
474219234000000,140121,-0.857,-0.024,-0.512,0.06,0.14,0.11
474219250000000,140141,-0.857,-0.026,-0.511,-0.24,-0.11,-0.02
474219265000000,140161,-0.854,-0.027,-0.508,-0.1,-0.01,0.14
474219296000000,140181,-0.85,-0.021,-0.514,-0.01,0.11,0.17
474219312000000,140201,-0.855,-0.026,-0.513,0.05,0.2,-0.01
474219328000000,140221,-0.857,-0.021,-0.514,0.11,-0.18,-0.06
474219359000000,140241,-0.852,-0.02,-0.516,-0.03,0.14,-0.02
474219375000000,140261,-0.853,-0.025,-0.515,-0.11,-0.06,0.08
474219390000000,140281,-0.86,-0.028,-0.517,0.15,-0.25,-0.12
474219406000000,140301,-0.86,-0.02,-0.513,0.15,-0.09,0.17
474219437000000,140321,-0.862,-0.023,-0.513,-0.14,-0.05,-0.06
474219453000000,140341,-0.851,-0.026,-0.512,-0.07,-0.03,-0.07
474219468000000,140361,-0.857,-0.026,-0.514,0.13,0.14,-0.01
474219500000000,140381,-0.858,-0.024,-0.519,0.05,-0.37,-0.16
474219515000000,140401,-0.857,-0.024,-0.517,0.13,-0.23,-0.08
474219531000000,140421,-0.853,-0.023,-0.518,0.05,0.08,-0.03
474219546000000,140441,-0.856,-0.024,-0.509,0.23,-0.07,-0.02
474219578000000,140461,-0.858,-0.022,-0.516,0.24,0.17,0.13
474219593000000,140481,-0.859,-0.021,-0.517,0.01,-0.02,-0.05
474219609000000,140501,-0.855,-0.025,-0.512,-0.24,-0.14,-0.08
474219625000000,140521,-0.855,-0.025,-0.515,0.0,0.36,-0.02
474219656000000,140541,-0.854,-0.021,-0.514,-0.14,0.09,0.14
474219671000000,140561,-0.858,-0.022,-0.516,0.03,0.01,0.01
474219687000000,140581,-0.855,-0.022,-0.519,0.04,0.11,0.05
474219718000000,140601,-0.856,-0.025,-0.508,-0.01,-0.32,-0.12
474219734000000,140621,-0.855,-0.028,-0.514,-0.04,-0.36,0.3
474219750000000,140641,-0.854,-0.027,-0.514,0.04,-0.17,0.01
474219765000000,140661,-0.861,-0.023,-0.515,-0.05,-0.09,0.18
474219796000000,140681,-0.855,-0.026,-0.519,-0.06,0.4,-0.16
474219812000000,140701,-0.859,-0.026,-0.514,-0.01,-0.18,-0.02
474219828000000,140721,-0.858,-0.024,-0.515,-0.05,-0.01,-0.14
474219843000000,140741,-0.855,-0.022,-0.518,0.1,-0.14,0.17
474219875000000,140761,-0.861,-0.027,-0.508,-0.32,0.35,-0.06
474219890000000,140781,-0.858,-0.025,-0.516,-0.24,0.22,0.22
474219906000000,140801,-0.857,-0.025,-0.514,-0.21,0.25,0.19
474219937000000,140821,-0.856,-0.023,-0.517,0.2,0.07,0.08
474219953000000,140841,-0.852,-0.022,-0.51,-0.13,0.02,0.1
474219968000000,140861,-0.856,-0.026,-0.514,0.09,-0.19,-0.02
474219984000000,140881,-0.858,-0.021,-0.513,0.05,0.27,0.26
474220015000000,140901,-0.856,-0.025,-0.513,0.08,0.23,-0.07
474220031000000,140921,-0.854,-0.023,-0.516,-0.07,-0.25,-0.01
474220046000000,140941,-0.855,-0.028,-0.514,0.11,0.31,-0.02
474220078000000,140961,-0.855,-0.027,-0.509,0.01,-0.02,0.29
474220093000000,140981,-0.856,-0.026,-0.509,-0.07,0.29,-0.12
474220109000000,141001,-0.856,-0.024,-0.521,0.07,0.01,-0.02
474220140000000,141021,-0.858,-0.02,-0.508,0.05,-0.02,-0.02
474220156000000,141041,-0.86,-0.02,-0.514,-0.24,-0.36,-0.18
474220171000000,141061,-0.86,-0.017,-0.517,0.02,0.26,-0.15
474220187000000,141081,-0.857,-0.023,-0.516,-0.27,-0.06,0.02
474220218000000,141101,-0.857,-0.022,-0.521,-0.17,0.13,-0.11
474220234000000,141121,-0.856,-0.026,-0.521,0.28,0.09,0.37
474220250000000,141141,-0.858,-0.021,-0.517,0.02,0.01,-0.24
474220265000000,141161,-0.858,-0.026,-0.519,0.09,-0.08,-0.02
474220296000000,141181,-0.855,-0.023,-0.519,-0.03,-0.19,-0.09
474220312000000,141201,-0.858,-0.023,-0.511,0.12,-0.2,0.13
474220328000000,141221,-0.857,-0.03,-0.513,0.18,-0.01,0.01
474220359000000,141241,-0.858,-0.019,-0.513,-0.02,0.21,0.05
474220375000000,141261,-0.855,-0.026,-0.511,0.02,0.37,0.06
474220390000000,141281,-0.855,-0.026,-0.518,0.05,-0.08,-0.1
474220406000000,141301,-0.858,-0.028,-0.514,0.09,-0.25,0.14
474220437000000,141321,-0.858,-0.021,-0.514,0.08,-0.25,-0.14
474220453000000,141341,-0.859,-0.023,-0.517,0.04,-0.01,0.05
474220468000000,141361,-0.858,-0.024,-0.517,-0.12,0.05,0.03
474220484000000,141381,-0.849,-0.02,-0.517,-0.11,0.04,0.21
474220515000000,141401,-0.854,-0.025,-0.509,0.18,-0.03,0.05
474220531000000,141421,-0.856,-0.026,-0.509,0.03,0.11,-0.15
474220546000000,141441,-0.858,-0.023,-0.514,0.07,0.11,-0.05
474220578000000,141461,-0.859,-0.022,-0.517,0.3,0.16,-0.24
474220593000000,141481,-0.856,-0.021,-0.519,0.12,-0.03,0.05
474220609000000,141501,-0.857,-0.025,-0.514,-0.15,0.22,0.24
474220625000000,141521,-0.851,-0.028,-0.512,-0.13,0.01,-0.19
474220656000000,141541,-0.858,-0.021,-0.512,-0.02,-0.18,0.28
474220671000000,141561,-0.855,-0.024,-0.513,-0.21,-0.12,0.18
474220687000000,141581,-0.859,-0.026,-0.517,-0.05,0.04,0.01
474220718000000,141601,-0.858,-0.023,-0.517,0.07,-0.24,0.07
474220734000000,141621,-0.856,-0.024,-0.522,-0.09,-0.43,0.08
474220750000000,141641,-0.855,-0.025,-0.512,0.14,-0.39,-0.02
474220765000000,141661,-0.853,-0.028,-0.519,-0.09,0.03,0.03
474220796000000,141681,-0.854,-0.028,-0.517,-0.02,0.43,-0.08
474220812000000,141701,-0.856,-0.028,-0.515,-0.42,0.13,0.04
474220828000000,141721,-0.856,-0.025,-0.521,-0.01,0.06,0.07
474220859000000,141741,-0.854,-0.021,-0.518,0.12,0.2,-0.15
474220875000000,141761,-0.855,-0.02,-0.51,0.03,0.31,0.05
474220890000000,141781,-0.859,-0.023,-0.517,-0.01,0.18,0.14
474220906000000,141801,-0.855,-0.023,-0.512,0.02,-0.03,0.13
474220937000000,141821,-0.857,-0.021,-0.516,-0.04,-0.08,0.07
474220953000000,141841,-0.851,-0.028,-0.515,0.09,-0.05,-0.3
474220968000000,141861,-0.854,-0.022,-0.519,0.1,0.08,-0.15
474221000000000,141881,-0.86,-0.024,-0.511,0.02,-0.12,-0.08
474221015000000,141901,-0.855,-0.023,-0.52,-0.37,-0.03,-0.04
474221031000000,141921,-0.857,-0.024,-0.52,0.11,-0.35,0.05
474221046000000,141941,-0.856,-0.021,-0.51,-0.03,-0.28,0.01
474221078000000,141961,-0.855,-0.024,-0.513,-0.15,0.01,0.08
474221093000000,141981,-0.864,-0.023,-0.517,-0.07,0.01,0.14
474221109000000,142001,-0.856,-0.022,-0.514,-0.09,-0.09,-0.05
474221125000000,142021,-0.855,-0.026,-0.52,0.05,0.01,0.14
474221156000000,142041,-0.852,-0.024,-0.513,-0.02,-0.08,0.06
474221171000000,142061,-0.854,-0.023,-0.513,0.19,-0.11,-0.05
474221187000000,142081,-0.857,-0.025,-0.517,0.09,-0.03,-0.15
474221218000000,142101,-0.86,-0.025,-0.511,0.09,-0.31,0.17
474221234000000,142121,-0.855,-0.025,-0.511,0.15,-0.0,0.11
474221250000000,142141,-0.859,-0.025,-0.518,0.09,0.06,0.18
474221265000000,142161,-0.857,-0.024,-0.513,-0.07,-0.19,0.01
474221296000000,142181,-0.857,-0.023,-0.526,0.22,-0.35,-0.19
474221312000000,142201,-0.858,-0.024,-0.507,0.09,0.24,0.03
474221328000000,142221,-0.861,-0.025,-0.517,0.06,0.22,-0.02
474221359000000,142241,-0.86,-0.022,-0.516,-0.04,-0.02,-0.07
474221375000000,142261,-0.854,-0.024,-0.514,0.18,-0.14,-0.18
474221390000000,142281,-0.855,-0.023,-0.511,0.19,-0.45,0.08
474221406000000,142301,-0.853,-0.026,-0.514,0.1,-0.09,0.23
474221437000000,142321,-0.856,-0.025,-0.514,0.06,-0.16,0.15
474221453000000,142341,-0.856,-0.02,-0.521,0.41,0.06,-0.07
474221468000000,142361,-0.859,-0.024,-0.512,-0.2,-0.04,-0.18
474221484000000,142381,-0.855,-0.027,-0.519,0.01,-0.13,0.07
474221515000000,142401,-0.858,-0.025,-0.512,-0.05,-0.04,0.23
474221531000000,142421,-0.858,-0.022,-0.521,0.04,0.43,0.02
474221546000000,142441,-0.854,-0.026,-0.515,-0.16,0.22,0.02
474221578000000,142461,-0.855,-0.027,-0.512,0.15,-0.28,-0.14
474221593000000,142481,-0.853,-0.023,-0.52,-0.06,-0.14,0.05
474221609000000,142501,-0.856,-0.02,-0.514,-0.23,0.09,0.05
474221625000000,142521,-0.857,-0.025,-0.518,-0.11,-0.1,0.13
474221656000000,142541,-0.856,-0.029,-0.515,-0.3,0.09,0.08
474221671000000,142561,-0.851,-0.028,-0.51,0.02,0.19,0.01
474221687000000,142581,-0.857,-0.023,-0.515,0.19,-0.03,-0.08
474221718000000,142601,-0.856,-0.025,-0.514,-0.2,-0.43,-0.08
474221734000000,142621,-0.86,-0.024,-0.517,-0.06,-0.41,0.11
474221750000000,142641,-0.854,-0.025,-0.518,0.25,-0.22,0.01
474221765000000,142661,-0.854,-0.024,-0.518,-0.09,0.27,0.23
474221796000000,142681,-0.857,-0.027,-0.518,-0.07,-0.29,-0.1
474221812000000,142701,-0.858,-0.026,-0.513,-0.08,-0.31,-0.22
474221828000000,142721,-0.857,-0.025,-0.517,-0.2,0.46,0.05
474221843000000,142741,-0.86,-0.02,-0.51,-0.08,0.2,-0.18
474221875000000,142761,-0.861,-0.022,-0.517,0.05,0.07,-0.06
474221890000000,142781,-0.858,-0.025,-0.514,0.03,0.4,-0.01
474221906000000,142801,-0.858,-0.024,-0.521,0.05,-0.01,0.07
474221937000000,142821,-0.856,-0.022,-0.516,-0.11,0.1,0.08
474221953000000,142841,-0.855,-0.021,-0.521,0.2,0.23,0.1
474221968000000,142861,-0.854,-0.026,-0.512,0.12,0.03,-0.05
474222000000000,142881,-0.853,-0.024,-0.516,0.01,-0.06,-0.17
474222015000000,142901,-0.861,-0.027,-0.518,0.26,-0.06,0.17
474222031000000,142921,-0.856,-0.025,-0.508,-0.04,0.17,-0.02
474222046000000,142941,-0.854,-0.025,-0.515,-0.07,0.01,-0.11
474222078000000,142961,-0.853,-0.02,-0.514,0.18,-0.1,0.01
474222093000000,142981,-0.861,-0.024,-0.51,-0.06,0.2,-0.02
474222109000000,143001,-0.86,-0.024,-0.516,0.02,-0.24,0.26
474222125000000,143021,-0.857,-0.025,-0.51,-0.02,-0.06,0.16
474222156000000,143041,-0.859,-0.027,-0.519,0.17,-0.23,-0.04
474222171000000,143061,-0.854,-0.025,-0.519,0.05,0.03,-0.04
474222187000000,143081,-0.861,-0.027,-0.521,-0.16,0.02,-0.24
474222218000000,143101,-0.859,-0.022,-0.515,-0.11,0.16,0.01
474222234000000,143121,-0.854,-0.025,-0.515,-0.13,0.01,0.09
474222250000000,143141,-0.856,-0.022,-0.512,0.01,-0.09,0.05
474222265000000,143161,-0.856,-0.018,-0.512,-0.02,0.12,-0.08
474222296000000,143181,-0.857,-0.024,-0.516,0.39,-0.19,0.22
474222312000000,143201,-0.859,-0.026,-0.519,0.05,-0.25,0.18
474222328000000,143221,-0.853,-0.026,-0.508,-0.14,-0.02,0.11
474222359000000,143241,-0.855,-0.023,-0.522,0.02,0.14,0.05
474222375000000,143261,-0.855,-0.027,-0.515,-0.15,-0.15,-0.28
474222390000000,143281,-0.858,-0.029,-0.512,-0.04,0.04,-0.14
474222406000000,143301,-0.855,-0.029,-0.516,-0.03,0.04,-0.17
474222437000000,143321,-0.857,-0.025,-0.519,-0.01,0.24,0.11
474222453000000,143341,-0.856,-0.024,-0.523,-0.19,-0.23,-0.01
474222468000000,143361,-0.852,-0.025,-0.518,0.0,-0.02,-0.1
474222500000000,143381,-0.855,-0.018,-0.506,-0.08,0.16,0.27
474222515000000,143401,-0.859,-0.022,-0.513,-0.15,-0.02,0.17
474222531000000,143421,-0.854,-0.025,-0.517,0.16,0.03,0.1
474222546000000,143441,-0.857,-0.022,-0.514,0.05,-0.29,0.14
474222578000000,143461,-0.857,-0.024,-0.52,0.29,-0.04,-0.15
474222593000000,143481,-0.856,-0.024,-0.522,-0.05,0.04,-0.4
474222609000000,143501,-0.859,-0.02,-0.509,0.15,0.11,-0.19
474222625000000,143521,-0.856,-0.023,-0.52,-0.35,-0.0,0.15
474222656000000,143541,-0.855,-0.026,-0.512,-0.01,-0.17,0.01
474222671000000,143561,-0.853,-0.021,-0.519,-0.14,-0.08,0.01
474222687000000,143581,-0.857,-0.027,-0.517,0.14,-0.11,0.17
474222718000000,143601,-0.855,-0.029,-0.513,-0.01,-0.05,0.08
474222734000000,143621,-0.854,-0.021,-0.511,0.04,0.09,0.17
474222750000000,143641,-0.856,-0.026,-0.515,-0.01,-0.15,0.03
474222765000000,143661,-0.856,-0.024,-0.517,0.0,-0.0,-0.34
474222796000000,143681,-0.857,-0.026,-0.516,0.02,-0.2,0.14
474222812000000,143701,-0.86,-0.026,-0.518,0.02,-0.07,0.11
474222828000000,143721,-0.859,-0.026,-0.511,0.09,-0.0,-0.05
474222859000000,143741,-0.855,-0.022,-0.508,-0.04,0.27,-0.16
474222875000000,143761,-0.856,-0.025,-0.514,-0.28,0.18,0.12
474222890000000,143781,-0.857,-0.026,-0.515,0.04,-0.12,-0.03
474222906000000,143801,-0.858,-0.023,-0.516,-0.01,-0.26,-0.06
474222937000000,143821,-0.853,-0.02,-0.516,0.14,-0.22,0.01
474222953000000,143841,-0.854,-0.024,-0.515,0.15,-0.05,0.06
474222968000000,143861,-0.857,-0.025,-0.518,-0.16,0.02,0.07
474222984000000,143881,-0.858,-0.021,-0.519,-0.31,0.23,0.08
474223015000000,143901,-0.855,-0.025,-0.509,0.2,-0.04,-0.06
474223031000000,143921,-0.855,-0.029,-0.518,-0.17,-0.16,-0.07
474223046000000,143941,-0.855,-0.02,-0.518,-0.11,0.02,0.03
474223078000000,143961,-0.855,-0.021,-0.517,0.01,0.03,-0.21
474223093000000,143981,-0.857,-0.022,-0.521,-0.04,-0.0,0.02
474223109000000,144001,-0.854,-0.026,-0.516,-0.12,0.06,-0.01
474223125000000,144021,-0.855,-0.023,-0.513,-0.08,-0.02,-0.03
474223156000000,144041,-0.857,-0.023,-0.52,-0.11,-0.02,0.37
474223171000000,144061,-0.857,-0.023,-0.509,-0.02,0.19,-0.34
474223187000000,144081,-0.856,-0.022,-0.519,0.0,0.07,0.27
474223218000000,144101,-0.859,-0.026,-0.516,0.03,-0.0,0.21
474223234000000,144121,-0.858,-0.025,-0.514,-0.13,0.24,0.01
474223250000000,144141,-0.85,-0.025,-0.515,-0.05,0.25,-0.03
474223265000000,144161,-0.858,-0.021,-0.51,-0.08,0.07,-0.08
474223296000000,144181,-0.851,-0.027,-0.518,-0.01,0.13,0.22
474223312000000,144201,-0.854,-0.024,-0.511,-0.01,0.05,0.05
474223328000000,144221,-0.86,-0.025,-0.511,-0.2,-0.16,-0.19
474223359000000,144241,-0.856,-0.025,-0.514,0.13,-0.31,0.21
474223375000000,144261,-0.857,-0.022,-0.514,-0.01,-0.15,0.05
474223390000000,144281,-0.856,-0.025,-0.518,0.36,0.03,0.13
474223406000000,144301,-0.856,-0.02,-0.518,-0.01,0.18,0.01
474223437000000,144321,-0.857,-0.019,-0.514,0.22,0.13,-0.31
474223453000000,144341,-0.86,-0.022,-0.513,0.08,-0.11,0.01
474223468000000,144361,-0.858,-0.024,-0.513,-0.07,0.06,-0.19
474223484000000,144381,-0.859,-0.024,-0.516,0.22,-0.07,-0.08
474223515000000,144401,-0.858,-0.021,-0.515,0.35,0.39,-0.28
474223531000000,144421,-0.854,-0.024,-0.513,0.1,0.2,-0.08
474223546000000,144441,-0.854,-0.025,-0.512,0.4,0.11,0.24
474223578000000,144461,-0.854,-0.022,-0.514,0.2,0.08,-0.02
474223593000000,144481,-0.861,-0.026,-0.518,0.04,0.01,0.01
474223609000000,144501,-0.856,-0.027,-0.513,-0.33,-0.19,-0.21
474223625000000,144521,-0.856,-0.027,-0.512,0.14,-0.02,-0.0
474223656000000,144541,-0.853,-0.025,-0.515,-0.07,-0.01,0.03
474223671000000,144561,-0.858,-0.027,-0.513,-0.16,0.25,0.04
474223687000000,144581,-0.857,-0.024,-0.51,-0.13,-0.02,0.08
474223718000000,144601,-0.858,-0.026,-0.514,-0.14,0.26,-0.24
474223734000000,144621,-0.859,-0.024,-0.515,0.21,-0.33,0.02
474223750000000,144641,-0.856,-0.02,-0.511,-0.11,-0.22,-0.05
474223765000000,144661,-0.857,-0.021,-0.518,-0.01,0.04,0.02
474223796000000,144681,-0.855,-0.025,-0.515,-0.12,-0.04,-0.21
474223812000000,144701,-0.856,-0.022,-0.515,0.3,0.13,0.08
474223828000000,144721,-0.855,-0.022,-0.513,0.2,-0.08,0.15
474223859000000,144741,-0.859,-0.023,-0.517,0.12,-0.0,-0.13
474223875000000,144761,-0.856,-0.021,-0.516,-0.18,0.07,0.14
474223890000000,144781,-0.859,-0.027,-0.517,0.08,-0.26,0.18
474223906000000,144801,-0.857,-0.025,-0.51,-0.05,0.26,0.07
474223937000000,144821,-0.857,-0.022,-0.512,-0.01,-0.03,0.17
474223953000000,144841,-0.853,-0.026,-0.515,0.02,0.49,0.21
474223968000000,144861,-0.853,-0.022,-0.516,-0.04,-0.12,0.15
474223984000000,144881,-0.858,-0.027,-0.514,-0.05,0.43,-0.17
474224015000000,144901,-0.856,-0.026,-0.516,0.25,0.2,-0.05
474224031000000,144921,-0.857,-0.021,-0.516,0.16,-0.06,0.1
474224046000000,144941,-0.854,-0.024,-0.521,-0.07,0.44,0.14
474224078000000,144961,-0.86,-0.026,-0.509,-0.24,-0.02,0.05
474224093000000,144981,-0.854,-0.023,-0.516,-0.09,0.22,-0.0
474224109000000,145001,-0.857,-0.026,-0.52,-0.05,-0.1,0.18
474224125000000,145021,-0.857,-0.023,-0.523,-0.16,0.11,-0.16
474224156000000,145041,-0.858,-0.024,-0.514,-0.15,0.06,-0.08
474224171000000,145061,-0.86,-0.025,-0.509,0.12,0.6,0.14
474224187000000,145081,-0.857,-0.025,-0.516,-0.12,-0.04,0.16
474224218000000,145101,-0.856,-0.025,-0.515,0.04,0.31,0.22
474224234000000,145121,-0.858,-0.022,-0.514,0.0,-0.19,0.08
474224250000000,145141,-0.859,-0.025,-0.517,0.08,0.11,-0.06
474224265000000,145161,-0.859,-0.023,-0.521,-0.02,0.07,0.37
474224296000000,145181,-0.858,-0.022,-0.517,-0.08,0.06,-0.02
474224312000000,145201,-0.854,-0.024,-0.518,0.1,0.15,0.07
474224328000000,145221,-0.859,-0.022,-0.514,0.15,0.01,0.27
474224343000000,145241,-0.858,-0.024,-0.514,0.21,-0.09,-0.32
474224375000000,145261,-0.854,-0.024,-0.519,-0.03,0.02,0.01
474224390000000,145281,-0.859,-0.025,-0.515,0.17,-0.43,0.04
474224406000000,145301,-0.856,-0.027,-0.515,0.07,0.04,0.17
474224437000000,145321,-0.857,-0.027,-0.519,0.1,-0.02,0.04
474224453000000,145341,-0.86,-0.022,-0.509,0.15,-0.09,-0.15
474224468000000,145361,-0.855,-0.021,-0.512,-0.16,-0.04,0.16
474224484000000,145381,-0.859,-0.023,-0.513,0.01,0.02,0.04
474224515000000,145401,-0.858,-0.027,-0.516,-0.08,0.12,-0.07
474224531000000,145421,-0.857,-0.021,-0.524,0.06,-0.02,-0.04
474224546000000,145441,-0.855,-0.023,-0.51,0.07,0.27,-0.14
474224578000000,145461,-0.853,-0.022,-0.516,-0.05,0.21,0.05
474224593000000,145481,-0.852,-0.027,-0.514,0.13,-0.08,0.09
474224609000000,145501,-0.854,-0.026,-0.514,0.18,0.14,0.21
474224625000000,145521,-0.854,-0.024,-0.518,0.11,0.06,0.09
474224656000000,145541,-0.86,-0.022,-0.514,0.1,-0.09,-0.15
474224671000000,145561,-0.855,-0.025,-0.514,-0.08,-0.27,0.01
474224687000000,145581,-0.86,-0.024,-0.515,0.2,-0.27,0.03
474224718000000,145601,-0.858,-0.023,-0.517,-0.05,0.15,0.03
474224734000000,145621,-0.858,-0.025,-0.517,-0.14,-0.01,-0.01
474224750000000,145641,-0.857,-0.025,-0.513,-0.12,0.07,-0.07
474224765000000,145661,-0.852,-0.025,-0.515,0.2,0.03,0.07
474224796000000,145681,-0.862,-0.021,-0.517,-0.17,0.25,0.26
474224812000000,145701,-0.855,-0.024,-0.51,0.15,-0.03,0.06
474224828000000,145721,-0.858,-0.022,-0.519,0.18,0.46,0.1
474224859000000,145741,-0.854,-0.022,-0.508,0.12,-0.19,-0.04
474224875000000,145761,-0.856,-0.022,-0.513,-0.17,0.13,-0.05
474224890000000,145781,-0.858,-0.024,-0.511,-0.15,-0.05,0.01
474224906000000,145801,-0.86,-0.025,-0.514,0.05,-0.33,0.1
474224937000000,145821,-0.857,-0.023,-0.518,0.03,-0.12,-0.21
474224953000000,145841,-0.857,-0.023,-0.514,-0.21,0.26,0.02
474224968000000,145861,-0.854,-0.025,-0.523,0.26,0.36,0.05
474224984000000,145881,-0.856,-0.023,-0.511,0.0,-0.11,-0.09
474225015000000,145901,-0.856,-0.024,-0.508,-0.18,0.3,-0.13
474225031000000,145921,-0.855,-0.025,-0.516,-0.04,0.15,0.24
474225046000000,145941,-0.856,-0.02,-0.512,-0.04,-0.22,0.03
474225078000000,145961,-0.857,-0.024,-0.519,0.22,0.04,0.02
474225093000000,145981,-0.863,-0.024,-0.51,-0.04,0.02,-0.02
474225109000000,146001,-0.856,-0.025,-0.513,0.08,-0.1,0.05
474225125000000,146021,-0.854,-0.021,-0.509,0.06,-0.08,-0.0
474225156000000,146041,-0.859,-0.025,-0.519,0.02,-0.0,0.06
474225171000000,146061,-0.858,-0.024,-0.509,0.06,0.08,0.02
474225187000000,146081,-0.853,-0.025,-0.513,0.18,-0.01,-0.15
474225218000000,146101,-0.851,-0.019,-0.518,0.15,-0.12,0.23
474225234000000,146121,-0.855,-0.022,-0.517,-0.11,-0.33,-0.0
474225250000000,146141,-0.859,-0.024,-0.517,-0.23,0.01,0.06
474225265000000,146161,-0.854,-0.029,-0.515,0.05,-0.11,-0.0
474225296000000,146181,-0.859,-0.023,-0.506,-0.13,0.01,0.02
474225312000000,146201,-0.854,-0.022,-0.515,-0.06,-0.2,0.11
474225328000000,146221,-0.857,-0.02,-0.513,-0.24,-0.17,0.08
474225359000000,146241,-0.857,-0.026,-0.517,-0.07,-0.15,0.05
474225375000000,146261,-0.857,-0.024,-0.522,0.25,-0.04,0.19
474225390000000,146281,-0.854,-0.024,-0.512,-0.15,-0.02,-0.17
474225406000000,146301,-0.859,-0.025,-0.517,0.0,-0.03,0.27
474225437000000,146321,-0.856,-0.024,-0.519,-0.14,0.14,-0.05
474225453000000,146341,-0.855,-0.025,-0.509,0.05,0.25,0.05
474225468000000,146361,-0.86,-0.025,-0.512,0.16,-0.09,-0.09
474225500000000,146381,-0.858,-0.019,-0.511,0.15,0.04,0.1
474225515000000,146401,-0.857,-0.026,-0.518,-0.17,0.07,-0.12
474225531000000,146421,-0.856,-0.025,-0.523,-0.02,-0.25,0.17
474225546000000,146441,-0.854,-0.025,-0.512,-0.28,0.08,-0.0
474225578000000,146461,-0.861,-0.025,-0.517,0.2,-0.27,0.14
474225593000000,146481,-0.858,-0.026,-0.513,0.12,-0.17,-0.1
474225609000000,146501,-0.861,-0.024,-0.517,0.21,-0.17,-0.14
474225625000000,146521,-0.857,-0.024,-0.522,-0.1,0.11,-0.01
474225656000000,146541,-0.854,-0.023,-0.517,0.09,0.01,-0.13
474225671000000,146561,-0.853,-0.021,-0.51,-0.22,0.14,-0.08
474225687000000,146581,-0.858,-0.025,-0.516,0.05,-0.22,-0.12
474225718000000,146601,-0.857,-0.024,-0.513,-0.06,-0.3,0.19
474225734000000,146621,-0.857,-0.025,-0.509,-0.27,-0.15,0.02
474225750000000,146641,-0.856,-0.024,-0.524,0.24,-0.24,0.23
474225765000000,146661,-0.854,-0.024,-0.519,-0.07,0.09,0.35
474225796000000,146681,-0.856,-0.019,-0.517,0.06,-0.14,-0.4
474225812000000,146701,-0.854,-0.028,-0.519,0.22,0.46,0.19
474225828000000,146721,-0.854,-0.026,-0.515,0.05,-0.15,-0.21
474225843000000,146741,-0.856,-0.025,-0.518,-0.12,0.02,0.23
474225875000000,146761,-0.858,-0.021,-0.513,-0.26,0.58,-0.05
474225890000000,146781,-0.858,-0.023,-0.513,-0.04,0.2,-0.02
474225906000000,146801,-0.857,-0.025,-0.515,-0.02,-0.38,0.05
474225937000000,146821,-0.856,-0.025,-0.509,0.05,0.26,-0.15
474225953000000,146841,-0.858,-0.021,-0.513,-0.07,-0.22,-0.14
474225968000000,146861,-0.856,-0.025,-0.518,0.25,-0.03,0.01
474225984000000,146881,-0.854,-0.024,-0.523,0.05,-0.14,0.29
474226015000000,146901,-0.857,-0.027,-0.517,0.18,0.11,0.05
474226031000000,146921,-0.859,-0.023,-0.517,0.08,-0.05,-0.1
474226046000000,146941,-0.858,-0.024,-0.51,-0.09,-0.03,-0.23
474226078000000,146961,-0.854,-0.031,-0.521,0.05,-0.14,0.06
474226093000000,146981,-0.854,-0.022,-0.513,0.09,-0.17,0.07
474226109000000,147001,-0.859,-0.027,-0.512,0.23,-0.3,0.08
474226125000000,147021,-0.857,-0.023,-0.516,-0.18,0.07,0.14
474226156000000,147041,-0.86,-0.022,-0.521,-0.16,0.1,-0.08
474226171000000,147061,-0.856,-0.023,-0.514,-0.01,0.25,0.11
474226187000000,147081,-0.858,-0.026,-0.512,0.08,-0.31,-0.08
474226218000000,147101,-0.855,-0.026,-0.519,-0.02,0.1,0.16
474226234000000,147121,-0.855,-0.026,-0.516,-0.11,-0.22,-0.01
474226250000000,147141,-0.856,-0.025,-0.513,0.18,0.46,0.09
474226265000000,147161,-0.854,-0.03,-0.517,0.13,0.23,0.04
474226296000000,147181,-0.862,-0.025,-0.509,0.05,-0.0,0.12
474226312000000,147201,-0.858,-0.026,-0.517,0.16,-0.11,-0.05
474226328000000,147221,-0.856,-0.025,-0.516,0.14,-0.09,0.05
474226359000000,147241,-0.857,-0.023,-0.517,0.06,-0.17,0.25
474226375000000,147261,-0.861,-0.025,-0.508,0.1,-0.27,0.09
474226390000000,147281,-0.857,-0.023,-0.519,-0.21,0.07,-0.0
474226406000000,147301,-0.859,-0.025,-0.518,0.06,0.04,0.05
474226437000000,147321,-0.858,-0.02,-0.513,0.11,-0.08,0.01
474226453000000,147341,-0.855,-0.022,-0.521,0.28,-0.18,-0.07
474226468000000,147361,-0.86,-0.027,-0.519,-0.03,0.02,0.08
474226484000000,147381,-0.858,-0.026,-0.518,0.27,-0.04,-0.03
474226515000000,147401,-0.857,-0.023,-0.519,0.0,-0.12,-0.15
474226531000000,147421,-0.859,-0.024,-0.515,-0.12,-0.02,0.13
474226546000000,147441,-0.853,-0.025,-0.52,0.13,-0.3,-0.13
474226578000000,147461,-0.86,-0.027,-0.513,0.05,-0.16,0.01
474226593000000,147481,-0.855,-0.024,-0.513,-0.14,0.42,-0.26
474226609000000,147501,-0.854,-0.024,-0.51,-0.05,-0.03,0.03
474226640000000,147521,-0.852,-0.023,-0.514,-0.01,0.11,0.17
474226656000000,147541,-0.853,-0.028,-0.516,0.06,-0.1,-0.2
474226671000000,147561,-0.86,-0.024,-0.516,0.06,0.02,-0.06
474226687000000,147581,-0.855,-0.021,-0.517,-0.09,-0.19,0.12
474226718000000,147601,-0.859,-0.024,-0.515,-0.03,-0.1,-0.03
474226734000000,147621,-0.854,-0.024,-0.515,-0.09,-0.06,-0.13
474226750000000,147641,-0.862,-0.026,-0.518,-0.07,0.15,0.01
474226765000000,147661,-0.854,-0.025,-0.517,-0.08,-0.02,-0.11
474226796000000,147681,-0.86,-0.022,-0.521,-0.06,0.07,0.01
474226812000000,147701,-0.858,-0.025,-0.513,-0.04,0.43,0.16
474226828000000,147721,-0.857,-0.025,-0.519,0.07,0.01,-0.15
474226859000000,147741,-0.855,-0.024,-0.515,-0.21,0.04,0.22
474226875000000,147761,-0.853,-0.025,-0.507,-0.02,0.19,0.09
474226890000000,147781,-0.852,-0.021,-0.518,-0.04,-0.25,0.2
474226906000000,147801,-0.854,-0.025,-0.519,0.09,-0.2,-0.05
474226937000000,147821,-0.857,-0.027,-0.512,-0.19,0.14,-0.14
474226953000000,147841,-0.86,-0.03,-0.519,0.13,0.04,0.21
474226968000000,147861,-0.853,-0.024,-0.514,0.11,-0.31,-0.21
474226984000000,147881,-0.855,-0.023,-0.516,-0.21,-0.14,0.03
474227015000000,147901,-0.857,-0.024,-0.513,0.1,-0.26,-0.2
474227031000000,147921,-0.858,-0.026,-0.517,0.2,0.01,0.03
474227046000000,147941,-0.862,-0.023,-0.516,-0.17,-0.09,-0.1
474227078000000,147961,-0.855,-0.025,-0.515,0.05,0.23,-0.18
474227093000000,147981,-0.859,-0.025,-0.513,-0.02,0.16,-0.0
474227109000000,148001,-0.858,-0.026,-0.514,-0.07,0.15,-0.18
474227125000000,148021,-0.86,-0.021,-0.521,0.04,-0.24,0.14
474227156000000,148041,-0.858,-0.023,-0.515,-0.31,-0.32,-0.19
474227171000000,148061,-0.858,-0.026,-0.517,0.13,0.31,-0.11
474227187000000,148081,-0.856,-0.026,-0.517,0.12,0.23,-0.07
474227218000000,148101,-0.856,-0.029,-0.521,0.33,0.16,-0.07
474227234000000,148121,-0.858,-0.026,-0.513,-0.12,0.08,0.22
474227250000000,148141,-0.858,-0.024,-0.516,0.03,-0.15,0.08
474227265000000,148161,-0.859,-0.024,-0.51,-0.11,-0.12,-0.12
474227296000000,148181,-0.854,-0.023,-0.51,-0.1,-0.25,-0.05
474227312000000,148201,-0.857,-0.02,-0.513,-0.1,-0.16,-0.15
474227328000000,148221,-0.861,-0.028,-0.517,-0.08,-0.02,0.18
474227359000000,148241,-0.859,-0.027,-0.52,0.0,0.05,0.08
474227375000000,148261,-0.858,-0.022,-0.516,0.23,0.01,-0.23
474227390000000,148281,-0.86,-0.024,-0.516,0.01,0.03,0.02
474227406000000,148301,-0.852,-0.026,-0.511,0.26,0.09,-0.12
474227437000000,148321,-0.857,-0.023,-0.515,0.35,-0.17,0.2
474227453000000,148341,-0.862,-0.025,-0.519,0.05,-0.01,-0.02
474227468000000,148361,-0.858,-0.026,-0.514,0.19,-0.15,0.24
474227484000000,148381,-0.858,-0.025,-0.518,0.05,0.06,0.15
474227515000000,148401,-0.856,-0.021,-0.516,0.12,-0.24,-0.05
474227531000000,148421,-0.862,-0.026,-0.516,-0.22,0.39,0.09
474227546000000,148441,-0.854,-0.026,-0.512,0.02,0.07,-0.15
474227578000000,148461,-0.859,-0.024,-0.512,0.0,0.2,0.12
474227593000000,148481,-0.859,-0.023,-0.513,0.05,0.4,0.11
474227609000000,148501,-0.855,-0.022,-0.513,-0.17,-0.08,-0.08
474227625000000,148521,-0.852,-0.025,-0.515,-0.04,-0.12,0.13
474227656000000,148541,-0.855,-0.026,-0.52,-0.19,-0.14,-0.0
474227671000000,148561,-0.856,-0.021,-0.514,0.12,-0.12,-0.04
474227687000000,148581,-0.857,-0.025,-0.516,-0.13,-0.12,-0.04
474227718000000,148601,-0.856,-0.02,-0.511,0.12,-0.12,-0.27
474227734000000,148621,-0.855,-0.024,-0.521,-0.19,0.12,0.24
474227750000000,148641,-0.855,-0.023,-0.513,-0.04,-0.29,-0.07
474227765000000,148661,-0.854,-0.027,-0.52,0.07,-0.08,0.1
474227796000000,148681,-0.855,-0.026,-0.515,0.15,0.02,0.04
474227812000000,148701,-0.856,-0.022,-0.511,-0.16,-0.22,0.02
474227828000000,148721,-0.854,-0.024,-0.521,0.12,0.3,-0.02
474227843000000,148741,-0.858,-0.025,-0.525,0.01,0.08,-0.11
474227875000000,148761,-0.861,-0.025,-0.519,-0.19,-0.19,-0.08
474227890000000,148781,-0.858,-0.025,-0.521,-0.09,0.01,0.01
474227906000000,148801,-0.853,-0.025,-0.511,0.15,0.1,0.05
474227937000000,148821,-0.858,-0.025,-0.515,-0.11,0.11,-0.09
474227953000000,148841,-0.854,-0.018,-0.513,0.05,-0.04,-0.17
474227968000000,148861,-0.857,-0.023,-0.514,0.01,-0.15,-0.21
474227984000000,148881,-0.856,-0.022,-0.518,0.01,-0.02,0.29
474228015000000,148901,-0.855,-0.021,-0.519,0.16,-0.09,-0.11
474228031000000,148921,-0.854,-0.023,-0.511,0.13,0.27,0.2
474228046000000,148941,-0.852,-0.023,-0.519,-0.06,-0.1,-0.15
474228078000000,148961,-0.858,-0.024,-0.516,0.06,0.36,-0.04
474228093000000,148981,-0.852,-0.027,-0.512,0.12,0.1,0.02
474228109000000,149001,-0.858,-0.025,-0.521,0.12,-0.33,0.11
474228125000000,149021,-0.858,-0.021,-0.52,0.09,-0.09,0.27
474228156000000,149041,-0.858,-0.019,-0.519,0.07,0.24,0.06
474228171000000,149061,-0.859,-0.024,-0.516,0.07,0.17,0.05
474228187000000,149081,-0.854,-0.02,-0.519,-0.08,0.07,0.06
474228218000000,149101,-0.852,-0.023,-0.506,0.27,-0.13,0.01
474228234000000,149121,-0.854,-0.026,-0.51,-0.21,0.04,0.04
474228250000000,149141,-0.858,-0.023,-0.511,-0.08,-0.57,0.16
474228265000000,149161,-0.862,-0.023,-0.517,0.05,0.34,0.27
474228296000000,149181,-0.856,-0.027,-0.513,0.11,0.26,-0.5
474228312000000,149201,-0.854,-0.023,-0.522,0.22,0.2,-0.18
474228328000000,149221,-0.856,-0.026,-0.508,0.0,-0.05,0.18
474228343000000,149241,-0.856,-0.022,-0.516,0.03,-0.09,-0.21
474228375000000,149261,-0.861,-0.025,-0.514,0.24,-0.25,0.2
474228390000000,149281,-0.857,-0.025,-0.513,0.08,0.01,-0.21
474228406000000,149301,-0.858,-0.023,-0.513,-0.27,0.11,-0.19
474228437000000,149321,-0.856,-0.025,-0.51,0.09,0.23,-0.15
474228453000000,149341,-0.858,-0.025,-0.518,-0.05,0.23,-0.11
474228468000000,149361,-0.857,-0.024,-0.513,0.09,0.15,0.13
474228484000000,149381,-0.856,-0.026,-0.51,-0.11,0.22,0.02
474228515000000,149401,-0.857,-0.026,-0.517,-0.02,0.36,0.06
474228531000000,149421,-0.857,-0.027,-0.516,0.09,0.3,0.21
474228546000000,149441,-0.853,-0.026,-0.513,-0.19,0.2,-0.25
474228578000000,149461,-0.858,-0.024,-0.514,0.28,0.35,0.07
474228593000000,149481,-0.852,-0.026,-0.518,0.1,0.41,-0.07
474228609000000,149501,-0.855,-0.023,-0.514,-0.24,-0.47,0.21
474228625000000,149521,-0.852,-0.026,-0.517,0.02,-0.28,-0.02
474228656000000,149541,-0.859,-0.024,-0.509,0.16,-0.16,0.05
474228671000000,149561,-0.859,-0.024,-0.519,0.34,-0.05,0.05
474228687000000,149581,-0.857,-0.026,-0.509,-0.11,-0.12,0.27
474228718000000,149601,-0.858,-0.03,-0.511,-0.02,0.02,-0.08
474228734000000,149621,-0.85,-0.026,-0.512,0.18,-0.09,-0.08
474228750000000,149641,-0.852,-0.026,-0.511,-0.11,0.52,0.11
474228765000000,149661,-0.86,-0.023,-0.515,-0.03,-0.27,0.14
474228796000000,149681,-0.857,-0.022,-0.515,0.21,0.09,0.08
474228812000000,149701,-0.857,-0.025,-0.514,0.07,0.22,0.02
474228828000000,149721,-0.857,-0.021,-0.522,0.11,-0.38,-0.18
474228859000000,149741,-0.851,-0.022,-0.519,0.14,0.1,0.2
474228875000000,149761,-0.853,-0.025,-0.517,0.02,0.04,-0.31
474228890000000,149781,-0.851,-0.025,-0.512,-0.06,0.33,0.19
474228906000000,149801,-0.857,-0.025,-0.517,0.28,0.04,0.18
474228937000000,149821,-0.858,-0.024,-0.509,-0.06,-0.37,0.05
474228953000000,149841,-0.852,-0.022,-0.514,-0.17,0.32,0.1
474228968000000,149861,-0.853,-0.022,-0.522,-0.1,-0.11,0.21
474228984000000,149881,-0.857,-0.025,-0.514,-0.07,0.32,0.1
474229015000000,149901,-0.855,-0.021,-0.51,0.19,-0.33,0.28
474229031000000,149921,-0.859,-0.02,-0.516,-0.27,-0.36,0.05
474229046000000,149941,-0.855,-0.024,-0.519,0.04,-0.01,0.11
474229078000000,149961,-0.856,-0.023,-0.52,0.08,-0.26,-0.01
474229093000000,149981,-0.858,-0.025,-0.509,0.0,-0.0,0.16
474229109000000,150001,-0.859,-0.028,-0.511,-0.21,0.38,0.06
474229125000000,150021,-0.855,-0.024,-0.514,0.18,0.11,-0.02
474229156000000,150041,-0.857,-0.025,-0.517,0.03,0.07,0.22
474229171000000,150061,-0.858,-0.021,-0.518,0.02,-0.15,0.17
474229187000000,150081,-0.858,-0.024,-0.513,-0.1,0.2,-0.34
474229218000000,150101,-0.857,-0.023,-0.516,0.01,-0.15,-0.17
474229234000000,150121,-0.854,-0.023,-0.517,0.03,-0.06,0.1
474229250000000,150141,-0.856,-0.023,-0.52,0.05,0.07,0.27
474229265000000,150161,-0.858,-0.023,-0.52,0.01,-0.05,-0.15
474229296000000,150181,-0.86,-0.028,-0.517,0.06,-0.06,0.19
474229312000000,150201,-0.86,-0.027,-0.515,0.36,-0.03,0.01
474229328000000,150221,-0.856,-0.028,-0.518,0.03,-0.06,0.12
474229359000000,150241,-0.855,-0.023,-0.512,-0.14,-0.16,-0.09
474229375000000,150261,-0.859,-0.028,-0.521,0.03,0.11,-0.21
474229390000000,150281,-0.854,-0.027,-0.519,0.25,-0.07,-0.04
474229406000000,150301,-0.857,-0.025,-0.515,0.15,-0.12,0.22
474229437000000,150321,-0.858,-0.024,-0.515,0.05,0.26,0.27
474229453000000,150341,-0.855,-0.024,-0.521,-0.04,-0.12,-0.08
474229468000000,150361,-0.855,-0.027,-0.517,-0.05,0.15,0.1
474229484000000,150381,-0.855,-0.023,-0.515,-0.02,-0.12,0.03
474229515000000,150401,-0.852,-0.024,-0.509,-0.13,0.33,0.02
474229531000000,150421,-0.856,-0.022,-0.518,0.12,-0.16,-0.01
474229546000000,150441,-0.854,-0.023,-0.512,-0.13,0.06,-0.02
474229578000000,150461,-0.86,-0.026,-0.515,0.17,-0.39,-0.15
474229593000000,150481,-0.855,-0.028,-0.517,-0.29,0.26,0.31
474229609000000,150501,-0.856,-0.023,-0.515,-0.01,-0.15,-0.14
474229625000000,150521,-0.859,-0.023,-0.518,0.23,-0.09,0.06
474229656000000,150541,-0.857,-0.023,-0.516,0.04,-0.04,0.14
474229671000000,150561,-0.853,-0.025,-0.515,-0.06,-0.2,0.18
474229687000000,150581,-0.854,-0.027,-0.515,0.06,0.1,-0.15
474229718000000,150601,-0.859,-0.025,-0.515,-0.17,0.22,-0.01
474229734000000,150621,-0.862,-0.023,-0.516,0.0,-0.19,0.01
474229750000000,150641,-0.856,-0.022,-0.514,-0.04,0.1,0.05
474229765000000,150661,-0.857,-0.03,-0.516,0.05,-0.11,-0.1
474229796000000,150681,-0.855,-0.025,-0.516,0.07,0.13,0.34
474229812000000,150701,-0.857,-0.023,-0.518,0.03,0.14,-0.0
474229828000000,150721,-0.857,-0.024,-0.514,-0.04,-0.21,0.38
474229843000000,150741,-0.852,-0.024,-0.513,-0.12,0.27,0.22
474229875000000,150761,-0.859,-0.027,-0.515,-0.15,0.13,-0.18
474229890000000,150781,-0.856,-0.025,-0.513,0.14,0.07,0.07
474229906000000,150801,-0.86,-0.024,-0.521,0.08,0.06,-0.11
474229937000000,150821,-0.856,-0.026,-0.51,-0.01,-0.14,0.29
474229953000000,150841,-0.858,-0.024,-0.515,-0.17,-0.08,0.01
474229968000000,150861,-0.856,-0.022,-0.516,-0.09,0.3,-0.0
474229984000000,150881,-0.858,-0.026,-0.512,0.1,0.04,0.13
474230015000000,150901,-0.857,-0.023,-0.516,-0.05,-0.04,0.04
474230031000000,150921,-0.856,-0.022,-0.515,-0.02,-0.1,-0.0
474230046000000,150941,-0.858,-0.027,-0.515,0.05,-0.09,0.14
474230078000000,150961,-0.854,-0.025,-0.518,0.17,-0.29,0.08
474230093000000,150981,-0.857,-0.023,-0.508,0.09,-0.04,-0.12
474230109000000,151001,-0.859,-0.021,-0.518,-0.24,0.18,-0.09
474230125000000,151021,-0.855,-0.021,-0.516,0.01,0.14,0.07
474230156000000,151041,-0.854,-0.023,-0.521,0.15,-0.37,-0.02
474230171000000,151061,-0.855,-0.025,-0.511,0.15,-0.07,0.27
474230187000000,151081,-0.855,-0.025,-0.517,-0.16,-0.02,-0.06
474230218000000,151101,-0.855,-0.024,-0.518,-0.14,-0.19,0.09
474230234000000,151121,-0.854,-0.025,-0.519,0.01,0.19,-0.13
474230250000000,151141,-0.856,-0.026,-0.519,-0.14,-0.15,-0.02
474230265000000,151161,-0.855,-0.024,-0.514,0.12,0.11,-0.01
474230296000000,151181,-0.856,-0.023,-0.511,-0.04,0.21,-0.01
474230312000000,151201,-0.858,-0.025,-0.508,0.17,0.05,-0.09
474230328000000,151221,-0.854,-0.023,-0.517,0.09,-0.36,-0.0
474230359000000,151241,-0.853,-0.025,-0.513,-0.1,0.19,0.17
474230375000000,151261,-0.855,-0.02,-0.515,-0.06,0.1,-0.15
474230390000000,151281,-0.86,-0.02,-0.517,-0.13,0.03,-0.08
474230406000000,151301,-0.852,-0.022,-0.512,-0.2,0.09,0.02
474230437000000,151321,-0.86,-0.025,-0.512,-0.05,0.2,-0.09
474230453000000,151341,-0.854,-0.025,-0.515,0.02,0.14,0.16
474230468000000,151361,-0.856,-0.024,-0.512,-0.19,0.08,0.3
474230484000000,151381,-0.859,-0.024,-0.523,-0.06,-0.2,0.08
474230515000000,151401,-0.859,-0.023,-0.519,0.22,0.11,-0.15
474230531000000,151421,-0.857,-0.024,-0.511,0.06,-0.13,-0.09
474230546000000,151441,-0.852,-0.024,-0.52,0.0,0.01,0.08
474230578000000,151461,-0.859,-0.024,-0.524,0.3,-0.06,-0.0
474230593000000,151481,-0.857,-0.024,-0.513,0.08,0.04,-0.03
474230609000000,151501,-0.85,-0.023,-0.517,-0.09,0.01,-0.12
474230625000000,151521,-0.855,-0.027,-0.512,0.02,-0.05,-0.06
474230656000000,151541,-0.857,-0.027,-0.52,-0.04,0.23,-0.07
474230671000000,151561,-0.86,-0.025,-0.518,0.25,-0.29,0.08
474230687000000,151581,-0.86,-0.026,-0.518,0.22,-0.12,0.17
474230718000000,151601,-0.858,-0.027,-0.525,-0.21,-0.04,-0.23
474230734000000,151621,-0.855,-0.028,-0.513,-0.01,-0.38,-0.08
474230750000000,151641,-0.855,-0.028,-0.517,-0.07,0.17,-0.02
474230765000000,151661,-0.855,-0.023,-0.514,0.08,-0.12,0.1
474230796000000,151681,-0.859,-0.025,-0.517,-0.04,0.33,-0.03
474230812000000,151701,-0.851,-0.021,-0.512,-0.24,0.05,0.3
474230828000000,151721,-0.854,-0.028,-0.513,-0.08,-0.17,0.14
474230859000000,151741,-0.853,-0.022,-0.517,-0.02,-0.19,-0.16
474230875000000,151761,-0.852,-0.02,-0.512,0.17,0.14,0.01
474230890000000,151781,-0.856,-0.024,-0.518,0.25,-0.3,0.14
474230906000000,151801,-0.856,-0.023,-0.509,-0.03,-0.07,0.1
474230937000000,151821,-0.851,-0.024,-0.518,0.06,-0.13,-0.06
474230953000000,151841,-0.856,-0.02,-0.518,-0.08,0.11,0.1
474230968000000,151861,-0.859,-0.02,-0.513,0.11,-0.05,-0.16
474230984000000,151881,-0.857,-0.028,-0.516,0.02,-0.11,0.21
474231015000000,151901,-0.858,-0.023,-0.519,0.14,-0.07,-0.05
474231031000000,151921,-0.861,-0.024,-0.518,-0.03,0.09,-0.05
474231046000000,151941,-0.859,-0.023,-0.516,0.26,-0.34,0.13
474231078000000,151961,-0.856,-0.027,-0.512,0.3,-0.03,-0.01
474231093000000,151981,-0.858,-0.021,-0.516,0.01,-0.12,0.09
474231109000000,152001,-0.856,-0.022,-0.519,0.16,0.09,0.05
474231125000000,152021,-0.857,-0.025,-0.513,0.06,0.52,-0.03
474231156000000,152041,-0.854,-0.025,-0.514,-0.13,-0.1,0.09
474231171000000,152061,-0.856,-0.022,-0.517,0.18,-0.31,-0.12
474231187000000,152081,-0.855,-0.025,-0.517,-0.07,-0.06,0.1
474231218000000,152101,-0.858,-0.025,-0.519,0.12,0.16,-0.21
474231234000000,152121,-0.851,-0.025,-0.509,-0.06,0.05,-0.05
474231250000000,152141,-0.857,-0.018,-0.524,0.03,-0.17,0.16
474231265000000,152161,-0.859,-0.027,-0.516,0.0,-0.19,-0.09
474231296000000,152181,-0.858,-0.024,-0.523,0.29,0.14,-0.08
474231312000000,152201,-0.858,-0.027,-0.523,0.12,-0.45,-0.23
474231328000000,152221,-0.855,-0.024,-0.518,-0.23,0.26,-0.13
474231359000000,152241,-0.857,-0.023,-0.519,0.13,0.28,0.14
474231375000000,152261,-0.859,-0.022,-0.521,0.21,0.2,-0.12
474231390000000,152281,-0.857,-0.026,-0.519,-0.02,0.06,0.05
474231406000000,152301,-0.859,-0.025,-0.518,0.1,-0.12,-0.03
474231437000000,152321,-0.857,-0.021,-0.518,-0.07,0.23,0.21
474231453000000,152341,-0.86,-0.025,-0.517,0.02,-0.12,-0.02
474231468000000,152361,-0.854,-0.023,-0.513,-0.04,0.06,-0.08
474231484000000,152381,-0.857,-0.025,-0.52,0.1,0.27,0.01
474231515000000,152401,-0.857,-0.023,-0.519,0.06,0.08,0.12
474231531000000,152421,-0.855,-0.025,-0.511,-0.22,0.46,0.2
474231546000000,152441,-0.859,-0.023,-0.513,-0.13,0.07,-0.08
474231578000000,152461,-0.856,-0.022,-0.513,0.02,0.03,0.05
474231593000000,152481,-0.855,-0.029,-0.521,0.05,-0.07,0.04
474231609000000,152501,-0.861,-0.025,-0.513,-0.09,0.04,0.11
474231625000000,152521,-0.856,-0.022,-0.519,0.0,0.34,0.08
474231656000000,152541,-0.857,-0.023,-0.508,-0.07,-0.13,-0.02
474231671000000,152561,-0.859,-0.026,-0.52,0.09,0.13,0.11
474231687000000,152581,-0.857,-0.026,-0.516,-0.06,-0.13,-0.03
474231718000000,152601,-0.857,-0.024,-0.519,-0.17,-0.34,0.17
474231734000000,152621,-0.857,-0.024,-0.516,0.18,0.08,-0.11
474231750000000,152641,-0.857,-0.02,-0.51,0.22,0.11,0.06
474231765000000,152661,-0.855,-0.026,-0.522,-0.27,0.14,0.02
474231796000000,152681,-0.855,-0.022,-0.516,0.06,-0.02,-0.08
474231812000000,152701,-0.854,-0.025,-0.52,0.16,-0.02,-0.02
474231828000000,152721,-0.853,-0.024,-0.516,0.29,-0.2,0.05
474231859000000,152741,-0.854,-0.025,-0.516,-0.02,0.22,0.21
474231875000000,152761,-0.855,-0.026,-0.521,0.12,0.26,0.31
474231890000000,152781,-0.856,-0.027,-0.517,-0.08,-0.05,-0.07
474231906000000,152801,-0.854,-0.023,-0.516,-0.27,0.33,0.08
474231937000000,152821,-0.856,-0.023,-0.516,-0.07,-0.26,-0.02
474231953000000,152841,-0.852,-0.02,-0.515,0.12,0.06,-0.14
474231968000000,152861,-0.86,-0.026,-0.514,0.0,0.14,-0.17
474231984000000,152881,-0.859,-0.021,-0.515,0.04,-0.29,0.22
474232015000000,152901,-0.857,-0.023,-0.517,0.11,-0.03,0.23
474232031000000,152921,-0.857,-0.022,-0.518,-0.11,0.08,0.01
474232046000000,152941,-0.853,-0.025,-0.524,0.02,0.41,0.08
474232078000000,152961,-0.853,-0.022,-0.517,0.12,0.18,-0.09
474232093000000,152981,-0.858,-0.019,-0.511,0.25,-0.05,0.08
474232109000000,153001,-0.855,-0.02,-0.512,-0.27,-0.02,0.28
474232125000000,153021,-0.856,-0.027,-0.521,0.05,0.12,0.06
474232156000000,153041,-0.855,-0.025,-0.515,0.09,-0.09,-0.2
474232171000000,153061,-0.854,-0.022,-0.516,-0.1,0.3,0.16
474232187000000,153081,-0.858,-0.025,-0.514,-0.14,0.1,-0.29
474232218000000,153101,-0.859,-0.025,-0.511,0.12,-0.05,0.19
474232234000000,153121,-0.856,-0.027,-0.513,-0.07,0.48,0.13
474232250000000,153141,-0.855,-0.023,-0.516,0.13,-0.02,0.08
474232265000000,153161,-0.857,-0.021,-0.512,0.19,-0.43,-0.05
474232296000000,153181,-0.853,-0.024,-0.519,-0.03,-0.1,0.03
474232312000000,153201,-0.86,-0.024,-0.521,-0.07,-0.49,0.08
474232328000000,153221,-0.853,-0.027,-0.52,0.06,0.36,0.08
474232359000000,153241,-0.855,-0.023,-0.514,0.32,-0.01,-0.01
474232375000000,153261,-0.856,-0.025,-0.515,-0.24,-0.37,-0.05
474232390000000,153281,-0.856,-0.022,-0.511,-0.13,-0.12,-0.04
474232406000000,153301,-0.859,-0.025,-0.512,0.05,0.04,0.05
474232437000000,153321,-0.856,-0.024,-0.517,0.16,0.04,0.16
474232453000000,153341,-0.854,-0.022,-0.518,-0.21,0.33,-0.0
474232468000000,153361,-0.856,-0.023,-0.518,0.43,-0.12,-0.04
474232484000000,153381,-0.856,-0.028,-0.514,-0.04,0.09,-0.14
474232515000000,153401,-0.857,-0.024,-0.514,0.1,-0.02,0.12
474232531000000,153421,-0.856,-0.025,-0.513,-0.3,-0.0,0.3
474232546000000,153441,-0.857,-0.028,-0.522,0.14,-0.22,0.12
474232578000000,153461,-0.855,-0.024,-0.512,0.02,-0.22,-0.01
474232593000000,153481,-0.857,-0.027,-0.512,-0.11,-0.03,0.3
474232609000000,153501,-0.857,-0.028,-0.514,-0.14,0.16,0.05
474232625000000,153521,-0.853,-0.024,-0.514,-0.15,-0.11,-0.03
474232656000000,153541,-0.856,-0.029,-0.52,0.02,0.02,0.14
474232671000000,153561,-0.859,-0.025,-0.52,-0.02,0.07,0.24
474232687000000,153581,-0.858,-0.025,-0.515,-0.07,0.02,0.05
474232718000000,153601,-0.858,-0.022,-0.512,0.22,0.57,-0.07
474232734000000,153621,-0.855,-0.024,-0.507,0.0,0.02,0.12
474232750000000,153641,-0.86,-0.025,-0.525,0.1,-0.06,-0.16
474232765000000,153661,-0.859,-0.025,-0.521,-0.01,-0.32,0.03
474232796000000,153681,-0.856,-0.022,-0.515,0.24,0.11,0.03
474232812000000,153701,-0.853,-0.029,-0.514,0.31,0.15,0.01
474232828000000,153721,-0.853,-0.027,-0.517,-0.08,-0.32,0.08
474232843000000,153741,-0.853,-0.024,-0.513,0.14,0.02,0.37
474232875000000,153761,-0.863,-0.026,-0.512,-0.27,0.02,-0.18
474232890000000,153781,-0.857,-0.023,-0.513,-0.25,-0.4,0.14
474232906000000,153801,-0.858,-0.02,-0.515,-0.17,-0.38,0.11
474232937000000,153821,-0.86,-0.025,-0.52,-0.15,0.56,0.35
474232953000000,153841,-0.859,-0.021,-0.51,-0.13,-0.01,-0.0
474232968000000,153861,-0.857,-0.022,-0.519,0.35,0.04,-0.09
474232984000000,153881,-0.854,-0.026,-0.515,-0.11,0.09,0.01
474233015000000,153901,-0.852,-0.025,-0.519,-0.04,-0.22,-0.13
474233031000000,153921,-0.857,-0.023,-0.522,0.12,0.06,0.14
474233046000000,153941,-0.863,-0.025,-0.513,-0.14,0.01,-0.18
474233078000000,153961,-0.852,-0.02,-0.511,0.0,0.2,0.04
474233093000000,153981,-0.858,-0.022,-0.515,-0.15,0.11,0.27
474233109000000,154001,-0.854,-0.022,-0.514,0.17,-0.06,-0.12
474233125000000,154021,-0.854,-0.025,-0.51,0.2,0.18,0.1
474233156000000,154041,-0.857,-0.018,-0.508,0.09,0.2,0.19
474233171000000,154061,-0.856,-0.023,-0.518,-0.16,-0.0,0.22
474233187000000,154081,-0.856,-0.025,-0.518,-0.17,0.14,-0.08
474233218000000,154101,-0.856,-0.023,-0.517,0.24,-0.03,-0.16
474233234000000,154121,-0.858,-0.025,-0.518,0.13,0.09,0.11
474233250000000,154141,-0.858,-0.021,-0.514,-0.04,-0.65,0.07
474233265000000,154161,-0.855,-0.021,-0.514,0.05,-0.01,0.01
474233296000000,154181,-0.861,-0.027,-0.513,0.02,-0.06,-0.15
474233312000000,154201,-0.857,-0.026,-0.517,-0.13,-0.01,-0.12
474233328000000,154221,-0.857,-0.022,-0.513,0.12,-0.2,-0.02
474233343000000,154241,-0.86,-0.03,-0.52,-0.18,0.12,-0.04
474233375000000,154261,-0.863,-0.027,-0.515,0.02,0.07,0.11
474233390000000,154281,-0.859,-0.023,-0.518,-0.16,0.09,0.17
474233406000000,154301,-0.858,-0.025,-0.52,-0.03,-0.17,-0.02
474233437000000,154321,-0.853,-0.021,-0.509,-0.04,0.17,0.17
474233453000000,154341,-0.856,-0.027,-0.511,0.06,0.16,-0.21
474233468000000,154361,-0.856,-0.021,-0.513,-0.22,-0.02,0.05
474233484000000,154381,-0.855,-0.024,-0.519,-0.02,-0.14,0.08
474233515000000,154401,-0.856,-0.02,-0.506,-0.09,0.04,-0.11
474233531000000,154421,-0.858,-0.025,-0.517,0.08,-0.21,0.17
474233546000000,154441,-0.856,-0.026,-0.518,0.22,0.28,0.1
474233578000000,154461,-0.854,-0.022,-0.513,-0.08,-0.27,-0.08
474233593000000,154481,-0.858,-0.021,-0.519,0.09,-0.09,0.14
474233609000000,154501,-0.855,-0.024,-0.518,0.09,0.25,0.02
474233625000000,154521,-0.857,-0.024,-0.519,-0.11,-0.25,0.08
474233656000000,154541,-0.858,-0.025,-0.514,-0.17,0.23,-0.02
474233671000000,154561,-0.854,-0.023,-0.511,0.1,-0.01,0.14
474233687000000,154581,-0.857,-0.023,-0.524,0.09,0.12,0.19
474233718000000,154601,-0.857,-0.022,-0.517,0.03,-0.09,0.16
474233734000000,154621,-0.856,-0.023,-0.513,-0.16,0.17,0.32
474233750000000,154641,-0.859,-0.024,-0.52,-0.12,0.14,0.01
474233765000000,154661,-0.857,-0.021,-0.527,0.03,0.35,0.05
474233796000000,154681,-0.857,-0.024,-0.516,0.05,0.13,0.17
474233812000000,154701,-0.857,-0.026,-0.509,-0.29,-0.03,0.4
474233828000000,154721,-0.852,-0.028,-0.518,0.08,0.11,0.4
474233843000000,154741,-0.856,-0.025,-0.515,-0.02,0.04,0.11
474233875000000,154761,-0.858,-0.023,-0.519,-0.2,0.22,-0.0
474233890000000,154781,-0.857,-0.023,-0.518,0.07,0.07,0.03
474233906000000,154801,-0.859,-0.022,-0.51,0.09,0.14,0.3
474233937000000,154821,-0.854,-0.021,-0.513,0.14,0.08,-0.06
474233953000000,154841,-0.858,-0.025,-0.517,0.12,0.24,0.04
474233968000000,154861,-0.856,-0.025,-0.512,0.05,-0.18,0.21
474233984000000,154881,-0.859,-0.025,-0.522,0.14,-0.23,-0.17
474234015000000,154901,-0.861,-0.023,-0.518,0.06,0.09,0.01
474234031000000,154921,-0.856,-0.021,-0.509,0.25,-0.12,0.11
474234046000000,154941,-0.859,-0.021,-0.514,0.09,0.08,0.04
474234078000000,154961,-0.857,-0.025,-0.519,0.06,0.01,-0.07
474234093000000,154981,-0.853,-0.024,-0.516,0.15,-0.15,0.02
474234109000000,155001,-0.855,-0.026,-0.517,0.02,0.31,-0.02
474234125000000,155021,-0.852,-0.02,-0.522,0.16,-0.08,-0.03
474234156000000,155041,-0.855,-0.023,-0.515,-0.07,0.14,0.08
474234171000000,155061,-0.854,-0.026,-0.522,0.16,-0.09,-0.03
474234187000000,155081,-0.856,-0.024,-0.514,-0.07,-0.29,0.21
474234218000000,155101,-0.854,-0.026,-0.511,-0.22,0.04,-0.24
474234234000000,155121,-0.857,-0.021,-0.519,0.01,-0.0,0.11
474234250000000,155141,-0.861,-0.029,-0.519,-0.07,0.11,0.15
474234265000000,155161,-0.861,-0.024,-0.522,0.0,0.01,-0.21
474234296000000,155181,-0.859,-0.024,-0.518,-0.02,-0.19,0.14
474234312000000,155201,-0.855,-0.023,-0.516,0.15,0.25,0.13
474234328000000,155221,-0.855,-0.025,-0.513,-0.04,-0.2,0.17
474234343000000,155241,-0.862,-0.024,-0.517,0.03,-0.09,-0.04
474234375000000,155261,-0.855,-0.025,-0.522,0.02,-0.28,0.07
474234390000000,155281,-0.857,-0.029,-0.522,0.06,-0.16,0.15
474234406000000,155301,-0.856,-0.023,-0.52,0.09,-0.0,0.22
474234437000000,155321,-0.851,-0.026,-0.512,-0.11,0.11,-0.03
474234453000000,155341,-0.856,-0.027,-0.51,-0.01,-0.06,0.03
474234468000000,155361,-0.855,-0.025,-0.515,0.09,0.17,0.12
474234484000000,155381,-0.855,-0.024,-0.511,-0.07,-0.16,-0.03
474234515000000,155401,-0.854,-0.026,-0.514,-0.15,-0.05,0.14
474234531000000,155421,-0.856,-0.027,-0.51,0.14,-0.04,-0.15
474234546000000,155441,-0.858,-0.026,-0.514,0.08,0.04,0.07
474234578000000,155461,-0.86,-0.025,-0.518,0.1,-0.15,-0.1
474234593000000,155481,-0.853,-0.022,-0.516,0.11,-0.05,-0.31
474234609000000,155501,-0.854,-0.024,-0.518,0.05,0.08,-0.01
474234625000000,155521,-0.854,-0.026,-0.52,0.19,-0.13,0.06
474234656000000,155541,-0.857,-0.021,-0.515,0.04,0.1,-0.07
474234671000000,155561,-0.859,-0.025,-0.516,-0.24,-0.01,-0.17
474234687000000,155581,-0.855,-0.021,-0.512,0.15,0.11,0.22
474234718000000,155601,-0.855,-0.026,-0.518,0.16,0.11,0.07
474234734000000,155621,-0.854,-0.028,-0.518,-0.02,0.06,-0.13
474234750000000,155641,-0.856,-0.021,-0.517,-0.04,-0.19,0.11
474234765000000,155661,-0.855,-0.024,-0.519,-0.07,-0.26,0.08
474234796000000,155681,-0.858,-0.022,-0.515,0.22,-0.01,-0.08
474234812000000,155701,-0.857,-0.026,-0.516,0.01,0.35,-0.12
474234828000000,155721,-0.856,-0.025,-0.517,0.21,-0.12,0.12
474234859000000,155741,-0.856,-0.024,-0.513,-0.02,-0.13,-0.11
474234875000000,155761,-0.855,-0.022,-0.512,0.05,-0.41,-0.05
474234890000000,155781,-0.857,-0.024,-0.509,0.06,-0.08,0.24
474234906000000,155801,-0.854,-0.023,-0.517,0.14,0.11,0.05
474234937000000,155821,-0.86,-0.024,-0.525,-0.02,-0.22,0.14
474234953000000,155841,-0.857,-0.026,-0.515,-0.19,-0.22,0.02
474234968000000,155861,-0.854,-0.024,-0.511,0.01,-0.3,-0.05
474234984000000,155881,-0.856,-0.023,-0.519,0.22,-0.16,-0.02
474235015000000,155901,-0.855,-0.023,-0.516,0.09,-0.01,0.01
474235031000000,155921,-0.857,-0.025,-0.516,-0.16,-0.04,0.29
474235046000000,155941,-0.857,-0.026,-0.511,0.14,0.07,0.09
474235078000000,155961,-0.855,-0.025,-0.512,0.08,0.72,-0.08
474235093000000,155981,-0.854,-0.023,-0.516,-0.02,0.04,0.11
474235109000000,156001,-0.856,-0.022,-0.509,-0.06,0.01,0.19
474235125000000,156021,-0.853,-0.022,-0.521,0.14,0.01,-0.09
474235156000000,156041,-0.856,-0.025,-0.527,-0.05,0.5,0.1
474235171000000,156061,-0.859,-0.025,-0.512,0.22,-0.13,0.2
474235187000000,156081,-0.859,-0.025,-0.517,0.28,-0.25,-0.03
474235218000000,156101,-0.854,-0.024,-0.514,0.17,0.34,0.3
474235234000000,156121,-0.858,-0.023,-0.517,-0.1,-0.18,0.04
474235250000000,156141,-0.855,-0.024,-0.516,0.19,-0.0,-0.04
474235265000000,156161,-0.857,-0.027,-0.519,0.01,-0.09,-0.14
474235296000000,156181,-0.861,-0.025,-0.511,-0.21,-0.05,-0.28
474235312000000,156201,-0.859,-0.026,-0.522,0.09,0.05,0.07
474235328000000,156221,-0.855,-0.026,-0.519,-0.2,-0.08,0.29
474235359000000,156241,-0.857,-0.025,-0.512,0.05,0.1,-0.03
474235375000000,156261,-0.856,-0.025,-0.507,0.06,0.32,0.14
474235390000000,156281,-0.859,-0.025,-0.514,0.07,0.29,-0.21
474235406000000,156301,-0.858,-0.023,-0.517,0.1,-0.11,0.03
474235437000000,156321,-0.855,-0.024,-0.513,-0.07,0.39,-0.22
474235453000000,156341,-0.853,-0.026,-0.518,-0.14,-0.22,0.23
474235468000000,156361,-0.857,-0.023,-0.516,-0.04,0.01,-0.08
474235484000000,156381,-0.857,-0.02,-0.518,0.0,-0.08,0.11
474235515000000,156401,-0.855,-0.026,-0.514,0.02,0.36,0.08
474235531000000,156421,-0.854,-0.026,-0.513,-0.08,-0.19,-0.05
474235546000000,156441,-0.853,-0.025,-0.51,-0.04,-0.29,0.02
474235578000000,156461,-0.858,-0.028,-0.514,0.06,-0.09,0.21
474235593000000,156481,-0.857,-0.025,-0.521,0.21,0.07,0.11
474235609000000,156501,-0.859,-0.023,-0.516,0.24,-0.15,0.13
474235625000000,156521,-0.855,-0.028,-0.51,0.07,-0.06,-0.21
474235656000000,156541,-0.86,-0.025,-0.515,-0.03,-0.15,-0.02
474235671000000,156561,-0.856,-0.023,-0.516,-0.07,0.03,0.14
474235687000000,156581,-0.858,-0.025,-0.511,-0.01,0.23,0.05
474235718000000,156601,-0.857,-0.027,-0.52,-0.24,-0.24,0.26
474235734000000,156621,-0.856,-0.029,-0.518,0.08,-0.17,0.17
474235750000000,156641,-0.851,-0.027,-0.509,0.09,0.1,0.02
474235765000000,156661,-0.857,-0.029,-0.521,0.02,-0.19,0.07
474235796000000,156681,-0.858,-0.026,-0.513,0.08,-0.27,-0.14
474235812000000,156701,-0.856,-0.022,-0.507,-0.04,-0.07,0.05
474235828000000,156721,-0.859,-0.024,-0.513,0.22,-0.21,-0.03
474235843000000,156741,-0.855,-0.023,-0.52,-0.05,0.01,-0.08
474235875000000,156761,-0.855,-0.026,-0.528,0.05,0.04,0.02
474235890000000,156781,-0.857,-0.026,-0.523,-0.07,0.07,0.32
474235906000000,156801,-0.855,-0.024,-0.515,-0.01,0.19,0.14
474235937000000,156821,-0.856,-0.026,-0.51,-0.11,0.62,0.1
474235953000000,156841,-0.861,-0.024,-0.511,0.13,-0.2,0.14
474235968000000,156861,-0.853,-0.024,-0.521,0.08,-0.0,0.04
474235984000000,156881,-0.857,-0.026,-0.515,0.2,-0.12,0.14
474236015000000,156901,-0.854,-0.022,-0.514,0.19,-0.41,-0.04
474236031000000,156921,-0.858,-0.02,-0.508,-0.06,-0.22,-0.13
474236046000000,156941,-0.852,-0.023,-0.515,-0.01,0.49,0.43
474236078000000,156961,-0.856,-0.03,-0.516,0.04,-0.16,-0.11
474236093000000,156981,-0.856,-0.023,-0.51,0.0,-0.07,-0.17
474236109000000,157001,-0.857,-0.024,-0.516,0.27,-0.44,-0.02
474236125000000,157021,-0.855,-0.026,-0.52,-0.11,-0.02,0.23
474236156000000,157041,-0.851,-0.023,-0.513,0.11,-0.19,-0.29
474236171000000,157061,-0.856,-0.024,-0.523,0.07,0.09,-0.08
474236187000000,157081,-0.853,-0.024,-0.508,-0.04,0.17,0.04
474236218000000,157101,-0.857,-0.026,-0.508,0.07,-0.0,0.01
474236234000000,157121,-0.86,-0.025,-0.522,-0.08,0.07,0.01
474236250000000,157141,-0.858,-0.023,-0.515,0.03,0.11,0.05
474236265000000,157161,-0.857,-0.026,-0.514,-0.01,0.03,0.13
474236296000000,157181,-0.855,-0.022,-0.521,-0.05,-0.28,-0.15
474236312000000,157201,-0.85,-0.023,-0.517,-0.19,-0.13,0.14
474236328000000,157221,-0.856,-0.024,-0.513,0.0,0.28,-0.18
474236343000000,157241,-0.856,-0.026,-0.514,0.13,-0.23,0.12
474236375000000,157261,-0.86,-0.025,-0.52,-0.15,0.06,0.17
474236390000000,157281,-0.854,-0.025,-0.514,0.15,-0.07,-0.26
474236406000000,157301,-0.856,-0.028,-0.516,-0.01,0.09,-0.0
474236437000000,157321,-0.859,-0.024,-0.513,-0.09,0.3,-0.05
474236453000000,157341,-0.858,-0.023,-0.518,0.16,-0.0,0.15
474236468000000,157361,-0.853,-0.022,-0.512,-0.05,0.14,0.17
474236484000000,157381,-0.86,-0.026,-0.511,-0.25,-0.09,0.17
474236515000000,157401,-0.855,-0.02,-0.516,0.06,-0.11,0.07
474236531000000,157421,-0.854,-0.022,-0.515,0.16,-0.22,0.02
474236546000000,157441,-0.856,-0.026,-0.513,0.16,-0.16,0.22
474236578000000,157461,-0.856,-0.024,-0.519,-0.07,0.16,0.05
474236593000000,157481,-0.856,-0.023,-0.515,-0.05,0.07,-0.28
474236609000000,157501,-0.858,-0.025,-0.516,-0.3,0.26,0.14
474236625000000,157521,-0.853,-0.024,-0.517,-0.04,-0.08,0.04
474236656000000,157541,-0.856,-0.022,-0.513,-0.08,-0.24,0.17
474236671000000,157561,-0.853,-0.022,-0.517,-0.13,0.07,0.12
474236687000000,157581,-0.853,-0.021,-0.517,0.25,0.21,0.14
474236718000000,157601,-0.854,-0.027,-0.51,0.02,0.16,0.05
474236734000000,157621,-0.86,-0.026,-0.515,-0.07,0.06,-0.06
474236750000000,157641,-0.85,-0.022,-0.522,-0.2,-0.15,-0.02
474236765000000,157661,-0.854,-0.027,-0.519,-0.14,-0.11,0.08
474236796000000,157681,-0.856,-0.02,-0.512,0.02,0.07,-0.04
474236812000000,157701,-0.856,-0.022,-0.517,0.05,-0.06,-0.19
474236828000000,157721,-0.854,-0.025,-0.513,0.04,0.17,-0.06
474236843000000,157741,-0.854,-0.022,-0.514,-0.06,-0.1,-0.1
474236875000000,157761,-0.855,-0.025,-0.503,-0.16,0.24,0.38
474236890000000,157781,-0.855,-0.024,-0.517,-0.24,0.23,-0.18
474236906000000,157801,-0.858,-0.023,-0.525,0.11,-0.18,-0.23
474236937000000,157821,-0.858,-0.026,-0.509,0.26,-0.09,-0.09
474236953000000,157841,-0.857,-0.027,-0.515,0.02,-0.09,-0.02
474236968000000,157861,-0.859,-0.025,-0.516,0.05,0.09,-0.05
474236984000000,157881,-0.853,-0.017,-0.519,-0.03,0.14,0.01
474237015000000,157901,-0.858,-0.024,-0.516,0.12,0.11,-0.04
474237031000000,157921,-0.859,-0.023,-0.517,-0.01,0.35,0.01
474237046000000,157941,-0.855,-0.023,-0.52,-0.06,-0.67,0.09
474237078000000,157961,-0.858,-0.026,-0.516,-0.29,-0.58,-0.5
474237093000000,157981,-0.858,-0.024,-0.517,0.0,-0.46,0.11
474237109000000,158001,-0.855,-0.025,-0.519,-0.01,0.15,0.18
474237125000000,158021,-0.855,-0.027,-0.519,0.38,-0.14,-0.07
474237156000000,158041,-0.853,-0.028,-0.516,0.12,-0.34,-0.34
474237171000000,158061,-0.856,-0.03,-0.518,-0.14,0.16,0.39
474237187000000,158081,-0.859,-0.018,-0.52,-0.16,-0.18,-0.02
474237218000000,158101,-0.854,-0.024,-0.512,0.09,0.18,-0.2
474237234000000,158121,-0.859,-0.025,-0.518,0.08,-0.26,-0.09
474237250000000,158141,-0.852,-0.023,-0.521,0.05,0.22,0.3
474237265000000,158161,-0.855,-0.022,-0.517,0.12,-0.36,0.17
474237296000000,158181,-0.855,-0.025,-0.52,0.26,-0.02,0.14
474237312000000,158201,-0.855,-0.024,-0.517,-0.14,0.27,0.14
474237328000000,158221,-0.862,-0.023,-0.515,-0.06,0.32,-0.03
474237359000000,158241,-0.858,-0.025,-0.512,-0.04,0.3,0.11
474237375000000,158261,-0.856,-0.022,-0.52,-0.11,0.08,0.15
474237390000000,158281,-0.86,-0.024,-0.516,-0.18,0.11,0.23
474237406000000,158301,-0.855,-0.024,-0.52,0.06,0.36,0.02
474237437000000,158321,-0.856,-0.021,-0.525,-0.15,-0.05,-0.07
474237453000000,158341,-0.856,-0.024,-0.521,0.33,-0.09,0.19
474237468000000,158361,-0.856,-0.025,-0.514,0.21,0.2,-0.01
474237484000000,158381,-0.858,-0.024,-0.512,-0.28,-0.27,-0.22
474237515000000,158401,-0.857,-0.025,-0.513,0.02,0.12,-0.02
474237531000000,158421,-0.856,-0.024,-0.518,-0.14,-0.06,0.01
474237546000000,158441,-0.856,-0.026,-0.522,-0.12,-0.19,-0.18
474237578000000,158461,-0.858,-0.024,-0.523,-0.1,-0.14,0.11
474237593000000,158481,-0.859,-0.024,-0.517,0.15,-0.12,0.14
474237609000000,158501,-0.858,-0.026,-0.516,0.15,-0.05,0.08
474237625000000,158521,-0.859,-0.023,-0.512,0.01,0.13,-0.04
474237656000000,158541,-0.858,-0.025,-0.515,0.1,-0.16,0.17
474237671000000,158561,-0.855,-0.021,-0.515,0.02,0.05,0.03
474237687000000,158581,-0.854,-0.022,-0.521,-0.14,-0.12,0.01
474237718000000,158601,-0.856,-0.025,-0.514,0.23,-0.03,-0.04
474237734000000,158621,-0.86,-0.023,-0.515,0.14,0.04,-0.12
474237750000000,158641,-0.856,-0.025,-0.513,0.07,-0.43,0.01
474237765000000,158661,-0.857,-0.024,-0.517,-0.01,-0.14,-0.07
474237796000000,158681,-0.854,-0.025,-0.513,-0.04,-0.18,-0.02
474237812000000,158701,-0.854,-0.019,-0.512,-0.01,-0.1,-0.02
474237828000000,158721,-0.857,-0.025,-0.51,0.05,0.04,-0.2
474237843000000,158741,-0.855,-0.025,-0.513,0.26,-0.04,0.15
474237875000000,158761,-0.859,-0.023,-0.512,-0.15,-0.23,0.08
474237890000000,158781,-0.859,-0.023,-0.51,-0.07,0.28,0.02
474237906000000,158801,-0.853,-0.025,-0.525,0.05,0.07,0.14
474237937000000,158821,-0.858,-0.026,-0.511,0.18,-0.19,0.11
474237953000000,158841,-0.856,-0.023,-0.512,0.32,0.2,-0.06
474237968000000,158861,-0.857,-0.026,-0.521,0.22,-0.15,0.27
474237984000000,158881,-0.858,-0.025,-0.513,0.0,-0.06,-0.01
474238015000000,158901,-0.856,-0.026,-0.521,-0.23,0.13,-0.02
474238031000000,158921,-0.855,-0.024,-0.517,0.03,0.07,0.08
474238046000000,158941,-0.861,-0.023,-0.517,0.12,0.03,0.09
474238078000000,158961,-0.855,-0.025,-0.511,-0.03,0.06,-0.15
474238093000000,158981,-0.858,-0.021,-0.516,-0.19,0.12,0.01
474238109000000,159001,-0.855,-0.02,-0.511,-0.01,-0.26,-0.0
474238125000000,159021,-0.857,-0.025,-0.519,0.18,-0.22,0.09
474238156000000,159041,-0.857,-0.027,-0.517,-0.15,0.07,-0.22
474238171000000,159061,-0.851,-0.029,-0.526,-0.25,-0.12,0.07
474238187000000,159081,-0.858,-0.025,-0.516,-0.05,-0.15,-0.0
474238218000000,159101,-0.858,-0.026,-0.516,0.13,0.05,-0.14
474238234000000,159121,-0.855,-0.022,-0.514,0.16,-0.02,-0.03
474238250000000,159141,-0.858,-0.025,-0.518,-0.11,-0.02,0.05
474238265000000,159161,-0.857,-0.025,-0.517,0.09,0.08,0.12
474238296000000,159181,-0.857,-0.027,-0.515,-0.04,0.27,0.12
474238312000000,159201,-0.86,-0.026,-0.515,0.15,0.05,-0.02
474238328000000,159221,-0.857,-0.027,-0.517,-0.16,-0.05,0.1
474238343000000,159241,-0.853,-0.023,-0.517,0.15,0.05,0.04
474238375000000,159261,-0.856,-0.027,-0.51,-0.07,0.08,-0.22
474238390000000,159281,-0.861,-0.025,-0.515,-0.05,0.03,0.09
474238406000000,159301,-0.857,-0.024,-0.513,-0.1,0.07,0.08
474238437000000,159321,-0.859,-0.024,-0.519,0.02,0.25,-0.12
474238453000000,159341,-0.857,-0.022,-0.511,0.04,-0.15,0.07
474238468000000,159361,-0.856,-0.021,-0.516,-0.23,0.2,0.07
474238484000000,159381,-0.857,-0.025,-0.517,0.22,-0.23,0.16
474238515000000,159401,-0.853,-0.023,-0.52,-0.02,0.04,-0.11
474238531000000,159421,-0.86,-0.027,-0.517,0.12,-0.29,-0.23
474238546000000,159441,-0.857,-0.026,-0.514,0.09,-0.08,0.27
474238578000000,159461,-0.855,-0.029,-0.512,-0.19,0.2,0.02
474238593000000,159481,-0.853,-0.024,-0.508,0.14,0.29,0.06
474238609000000,159501,-0.855,-0.022,-0.517,0.08,-0.12,-0.29
474238625000000,159521,-0.858,-0.022,-0.515,-0.07,-0.09,0.05
474238656000000,159541,-0.859,-0.027,-0.519,0.05,0.36,-0.04
474238671000000,159561,-0.858,-0.021,-0.516,-0.03,0.4,-0.25
474238687000000,159581,-0.851,-0.024,-0.518,-0.12,-0.15,0.24
474238718000000,159601,-0.856,-0.023,-0.51,0.12,-0.18,0.05
474238734000000,159621,-0.858,-0.027,-0.52,0.07,0.03,0.04
474238750000000,159641,-0.855,-0.025,-0.519,0.14,-0.27,-0.04
474238765000000,159661,-0.858,-0.021,-0.518,-0.05,-0.19,-0.12
474238796000000,159681,-0.856,-0.024,-0.509,0.18,-0.3,0.19
474238812000000,159701,-0.856,-0.024,-0.515,0.02,-0.07,0.29
474238828000000,159721,-0.857,-0.022,-0.51,0.15,-0.05,0.05
474238859000000,159741,-0.857,-0.023,-0.511,-0.27,0.44,0.25
474238875000000,159761,-0.858,-0.023,-0.517,0.25,-0.33,0.15
474238890000000,159781,-0.863,-0.022,-0.518,0.05,-0.28,-0.12
474238906000000,159801,-0.858,-0.024,-0.51,0.06,0.07,-0.08
474238937000000,159821,-0.856,-0.026,-0.518,0.22,0.16,-0.02
474238953000000,159841,-0.862,-0.028,-0.513,-0.17,0.3,0.31
474238968000000,159861,-0.856,-0.021,-0.521,0.28,0.09,0.02
474238984000000,159881,-0.856,-0.019,-0.514,0.0,0.13,-0.1
474239015000000,159901,-0.855,-0.025,-0.509,0.01,0.02,0.09
474239031000000,159921,-0.859,-0.023,-0.516,0.05,-0.06,0.08
474239046000000,159941,-0.854,-0.025,-0.519,-0.03,0.23,0.27
474239078000000,159961,-0.857,-0.024,-0.514,0.13,-0.4,0.17
474239093000000,159981,-0.857,-0.024,-0.515,-0.2,0.12,0.12
474239109000000,160001,-0.855,-0.025,-0.506,-0.05,-0.37,0.02
474239125000000,160021,-0.851,-0.026,-0.509,-0.15,-0.22,-0.02
474239156000000,160041,-0.859,-0.026,-0.516,-0.03,0.09,-0.31
474239171000000,160061,-0.856,-0.022,-0.513,0.09,-0.09,0.25
474239187000000,160081,-0.857,-0.021,-0.512,0.13,-0.19,0.02
474239218000000,160101,-0.86,-0.026,-0.516,0.01,-0.02,0.36
474239234000000,160121,-0.861,-0.024,-0.519,-0.11,0.2,-0.07
474239250000000,160141,-0.855,-0.018,-0.511,0.02,0.11,-0.12
474239265000000,160161,-0.86,-0.024,-0.514,-0.09,0.11,-0.02
474239296000000,160181,-0.856,-0.025,-0.512,-0.12,0.25,0.11
474239312000000,160201,-0.858,-0.029,-0.511,-0.04,0.11,0.08
474239328000000,160221,-0.858,-0.023,-0.515,0.0,0.3,0.08
474239359000000,160241,-0.859,-0.025,-0.522,0.2,0.16,0.24
474239375000000,160261,-0.856,-0.021,-0.513,0.02,-0.13,0.12
474239390000000,160281,-0.855,-0.023,-0.515,-0.07,-0.38,-0.22
474239406000000,160301,-0.854,-0.026,-0.513,-0.02,-0.02,-0.01
474239437000000,160321,-0.857,-0.024,-0.506,0.17,0.1,0.25
474239453000000,160341,-0.857,-0.026,-0.519,0.11,0.18,0.06
474239468000000,160361,-0.851,-0.024,-0.514,0.03,0.07,0.21
474239484000000,160381,-0.858,-0.027,-0.512,-0.23,0.01,0.05
474239515000000,160401,-0.859,-0.022,-0.518,0.02,-0.24,0.22
474239531000000,160421,-0.856,-0.027,-0.519,0.05,-0.16,-0.08
474239546000000,160441,-0.857,-0.026,-0.518,-0.11,0.14,-0.1
474239578000000,160461,-0.857,-0.025,-0.514,-0.13,-0.09,-0.16
474239593000000,160481,-0.857,-0.025,-0.521,0.12,0.01,0.15
474239609000000,160501,-0.857,-0.025,-0.514,0.02,0.14,0.01
474239625000000,160521,-0.857,-0.021,-0.522,-0.07,-0.09,-0.02
474239656000000,160541,-0.856,-0.027,-0.513,0.02,-0.06,0.17
474239671000000,160561,-0.857,-0.023,-0.508,0.21,0.26,-0.0
474239687000000,160581,-0.859,-0.022,-0.509,-0.26,-0.25,0.29
474239718000000,160601,-0.86,-0.025,-0.514,0.22,-0.09,-0.02
474239734000000,160621,-0.857,-0.025,-0.519,0.18,-0.15,-0.15
474239750000000,160641,-0.857,-0.023,-0.52,-0.11,-0.06,-0.04
474239765000000,160661,-0.856,-0.025,-0.516,-0.07,-0.14,0.12
474239796000000,160681,-0.856,-0.026,-0.517,-0.2,0.01,0.14
474239812000000,160701,-0.855,-0.028,-0.514,-0.18,0.01,0.11
474239828000000,160721,-0.855,-0.025,-0.507,0.01,0.23,0.04
474239859000000,160741,-0.858,-0.027,-0.511,-0.04,-0.2,0.08
474239875000000,160761,-0.857,-0.024,-0.514,0.09,-0.17,-0.02
474239890000000,160781,-0.855,-0.024,-0.511,0.11,0.15,0.02
474239906000000,160801,-0.853,-0.024,-0.509,-0.11,-0.19,0.01
474239937000000,160821,-0.853,-0.022,-0.512,0.27,0.12,0.19
474239953000000,160841,-0.853,-0.024,-0.515,-0.07,-0.26,-0.0
474239968000000,160861,-0.858,-0.027,-0.518,0.16,-0.11,-0.02
474239984000000,160881,-0.857,-0.025,-0.515,-0.03,0.56,0.13
474240015000000,160901,-0.86,-0.024,-0.509,0.12,0.07,-0.15
474240031000000,160921,-0.858,-0.022,-0.511,0.02,0.05,-0.19
474240046000000,160941,-0.851,-0.027,-0.514,0.05,-0.14,0.14
474240078000000,160961,-0.853,-0.025,-0.511,-0.04,0.21,0.27
474240093000000,160981,-0.853,-0.026,-0.511,-0.03,0.06,0.04
474240109000000,161001,-0.858,-0.024,-0.515,0.1,0.2,-0.05
474240125000000,161021,-0.856,-0.023,-0.518,-0.07,-0.09,-0.08
474240156000000,161041,-0.861,-0.028,-0.513,-0.11,-0.14,-0.16
474240171000000,161061,-0.852,-0.023,-0.519,0.13,-0.14,-0.13
474240187000000,161081,-0.861,-0.025,-0.519,-0.21,0.08,-0.0
474240218000000,161101,-0.859,-0.026,-0.518,0.18,0.27,-0.07
474240234000000,161121,-0.858,-0.026,-0.516,0.31,0.18,-0.16
474240250000000,161141,-0.856,-0.03,-0.516,-0.04,-0.16,-0.09
474240265000000,161161,-0.858,-0.021,-0.524,-0.01,0.01,0.2
474240296000000,161181,-0.862,-0.024,-0.516,-0.01,-0.19,0.05
474240312000000,161201,-0.854,-0.025,-0.516,-0.11,0.14,0.11
474240328000000,161221,-0.859,-0.023,-0.512,-0.21,-0.03,-0.34
474240359000000,161241,-0.858,-0.027,-0.521,-0.04,-0.1,-0.0
474240375000000,161261,-0.858,-0.023,-0.513,0.17,-0.19,-0.05
474240390000000,161281,-0.855,-0.025,-0.512,0.23,-0.09,0.37
474240406000000,161301,-0.857,-0.028,-0.516,0.11,-0.03,0.15
474240437000000,161321,-0.856,-0.025,-0.508,0.09,-0.2,0.27
474240453000000,161341,-0.856,-0.02,-0.518,-0.13,0.04,0.08
474240468000000,161361,-0.857,-0.024,-0.515,0.09,0.11,0.1
474240484000000,161381,-0.853,-0.025,-0.512,-0.13,-0.41,-0.15
474240515000000,161401,-0.856,-0.024,-0.515,-0.11,0.46,0.21
474240531000000,161421,-0.857,-0.024,-0.518,0.02,0.04,-0.05
474240546000000,161441,-0.855,-0.022,-0.516,-0.12,-0.37,-0.06
474240578000000,161461,-0.856,-0.025,-0.519,-0.15,-0.33,0.2
474240593000000,161481,-0.857,-0.024,-0.517,0.0,0.34,0.02
474240609000000,161501,-0.857,-0.023,-0.513,0.02,0.3,0.2
474240625000000,161521,-0.858,-0.025,-0.518,-0.14,0.14,-0.34
474240656000000,161541,-0.855,-0.027,-0.516,-0.13,0.02,0.1
474240671000000,161561,-0.86,-0.026,-0.519,-0.04,-0.25,0.07
474240687000000,161581,-0.868,-0.025,-0.529,-0.43,0.01,-0.24
474240718000000,161601,-0.849,-0.025,-0.514,-0.11,-0.4,-0.13
474240734000000,161621,-0.86,-0.022,-0.516,0.04,0.46,-0.09
474240750000000,161641,-0.857,-0.022,-0.51,-0.13,-0.63,0.07
474240765000000,161661,-0.855,-0.025,-0.52,0.08,0.43,0.16
474240796000000,161681,-0.858,-0.025,-0.518,-0.17,0.03,0.02
474240812000000,161701,-0.854,-0.024,-0.511,-0.04,-0.32,-0.22
474240828000000,161721,-0.857,-0.023,-0.519,-0.17,0.05,0.2
474240859000000,161741,-0.853,-0.027,-0.512,0.12,-0.18,0.01
474240875000000,161761,-0.862,-0.028,-0.516,0.07,0.25,-0.27
474240890000000,161781,-0.859,-0.023,-0.525,0.36,-0.43,0.17
474240906000000,161801,-0.856,-0.02,-0.517,-0.04,0.07,0.2
474240937000000,161821,-0.852,-0.026,-0.511,0.04,-0.04,-0.02
474240953000000,161841,-0.854,-0.022,-0.519,0.11,0.04,-0.0
474240968000000,161861,-0.858,-0.024,-0.515,0.19,-0.18,-0.11
474240984000000,161881,-0.852,-0.025,-0.517,-0.06,-0.31,-0.1
474241015000000,161901,-0.854,-0.028,-0.515,0.05,0.38,0.12
474241031000000,161921,-0.855,-0.025,-0.514,0.4,-0.05,0.12
474241046000000,161941,-0.858,-0.025,-0.522,0.02,0.31,-0.03
474241078000000,161961,-0.853,-0.023,-0.519,0.11,0.11,-0.06
474241093000000,161981,-0.855,-0.023,-0.513,0.11,-0.05,-0.12
474241109000000,162001,-0.852,-0.023,-0.515,0.37,0.16,-0.05
474241125000000,162021,-0.859,-0.025,-0.514,-0.17,0.09,0.11
474241156000000,162041,-0.854,-0.027,-0.515,-0.14,-0.23,-0.02
474241171000000,162061,-0.858,-0.028,-0.515,0.28,-0.28,-0.02
474241187000000,162081,-0.859,-0.025,-0.509,-0.13,0.06,-0.02
474241218000000,162101,-0.86,-0.027,-0.515,0.01,-0.09,-0.13
474241234000000,162121,-0.857,-0.022,-0.514,0.01,0.47,-0.04
474241250000000,162141,-0.856,-0.026,-0.514,-0.04,0.05,0.05
474241265000000,162161,-0.857,-0.019,-0.516,-0.05,0.08,0.09
474241296000000,162181,-0.859,-0.024,-0.519,-0.05,-0.1,0.05
474241312000000,162201,-0.857,-0.024,-0.513,0.04,-0.05,0.2
474241328000000,162221,-0.859,-0.026,-0.516,0.02,0.44,0.08
474241343000000,162241,-0.856,-0.027,-0.516,0.22,-0.0,0.08
474241375000000,162261,-0.858,-0.025,-0.514,-0.03,0.07,-0.15
474241390000000,162281,-0.857,-0.022,-0.512,-0.27,-0.19,0.06
474241406000000,162301,-0.855,-0.027,-0.511,0.12,0.31,0.12
474241437000000,162321,-0.853,-0.025,-0.52,-0.1,0.37,0.07
474241453000000,162341,-0.852,-0.022,-0.508,0.14,0.29,0.19
474241468000000,162361,-0.856,-0.025,-0.524,-0.03,0.09,-0.1
474241484000000,162381,-0.853,-0.02,-0.516,0.18,0.29,0.13
474241515000000,162401,-0.858,-0.022,-0.516,0.05,-0.11,-0.04
474241531000000,162421,-0.859,-0.027,-0.509,-0.02,-0.28,0.11
474241546000000,162441,-0.858,-0.028,-0.511,-0.04,-0.28,0.08
474241578000000,162461,-0.853,-0.028,-0.518,0.05,0.24,0.01
474241593000000,162481,-0.86,-0.023,-0.518,-0.1,0.21,-0.18
474241609000000,162501,-0.859,-0.025,-0.518,0.17,-0.11,0.18
474241625000000,162521,-0.856,-0.025,-0.522,0.02,-0.31,0.06
474241656000000,162541,-0.857,-0.024,-0.514,-0.15,0.14,-0.06
474241671000000,162561,-0.857,-0.025,-0.523,-0.04,-0.11,-0.06
474241687000000,162581,-0.856,-0.023,-0.514,0.02,-0.07,-0.12
474241718000000,162601,-0.855,-0.024,-0.519,-0.18,-0.01,-0.22
474241734000000,162621,-0.862,-0.021,-0.512,0.15,0.1,0.17
474241750000000,162641,-0.859,-0.025,-0.514,0.22,-0.44,0.16
474241765000000,162661,-0.85,-0.025,-0.507,-0.2,0.47,-0.15
474241796000000,162681,-0.852,-0.024,-0.514,-0.07,-0.48,-0.52
474241812000000,162701,-0.858,-0.024,-0.516,0.12,-0.08,-0.0
474241828000000,162721,-0.858,-0.024,-0.514,0.12,0.23,-0.04
474241843000000,162741,-0.86,-0.025,-0.521,-0.12,-0.03,0.21
474241875000000,162761,-0.859,-0.025,-0.517,0.11,0.23,-0.03
474241890000000,162781,-0.855,-0.025,-0.509,-0.01,-0.1,-0.02
474241906000000,162801,-0.856,-0.028,-0.519,0.32,-0.15,0.03
474241937000000,162821,-0.858,-0.022,-0.511,0.37,-0.42,-0.37
474241953000000,162841,-0.859,-0.023,-0.516,0.31,0.19,0.11
474241968000000,162861,-0.856,-0.022,-0.515,0.03,0.13,-0.13
474241984000000,162881,-0.855,-0.025,-0.52,0.11,-0.02,0.12
474242015000000,162901,-0.854,-0.028,-0.519,-0.06,-0.02,0.06
474242031000000,162921,-0.858,-0.023,-0.515,0.05,0.32,0.44
474242046000000,162941,-0.857,-0.026,-0.51,-0.07,0.2,0.31
474242078000000,162961,-0.855,-0.023,-0.514,-0.04,0.04,-0.12
474242093000000,162981,-0.84,-0.025,-0.504,0.2,-0.6,-0.5
474242109000000,163001,-0.85,-0.026,-0.507,0.14,0.42,0.34
474242125000000,163021,-0.853,-0.021,-0.515,-0.52,0.43,-0.21
474242156000000,163041,-0.856,-0.02,-0.514,0.02,0.69,0.43
474242171000000,163061,-0.853,-0.024,-0.513,0.08,-0.06,0.05
474242187000000,163081,-0.862,-0.026,-0.523,0.11,0.1,-0.04
474242218000000,163101,-0.853,-0.025,-0.511,-0.18,-0.41,0.11
474242234000000,163121,-0.857,-0.027,-0.517,-0.15,0.07,0.11
474242250000000,163141,-0.858,-0.025,-0.516,0.12,-0.18,0.13
474242265000000,163161,-0.858,-0.025,-0.525,-0.04,0.36,0.07
474242296000000,163181,-0.855,-0.022,-0.526,0.09,0.12,0.21
474242312000000,163201,-0.855,-0.028,-0.51,-0.14,-0.14,-0.1
474242328000000,163221,-0.857,-0.022,-0.515,0.14,0.11,-0.04
474242343000000,163241,-0.853,-0.027,-0.518,0.02,-0.19,0.05
474242375000000,163261,-0.858,-0.027,-0.513,0.18,0.22,0.05
474242390000000,163281,-0.855,-0.025,-0.514,-0.11,-0.44,-0.12
474242406000000,163301,-0.855,-0.029,-0.517,-0.04,0.11,-0.06
474242437000000,163321,-0.852,-0.026,-0.51,0.04,0.09,0.01
474242453000000,163341,-0.859,-0.027,-0.514,-0.12,-0.07,0.07
474242468000000,163361,-0.852,-0.024,-0.516,-0.02,-0.01,0.05
474242484000000,163381,-0.857,-0.023,-0.514,-0.16,0.02,-0.07
474242515000000,163401,-0.858,-0.024,-0.516,-0.13,-0.06,0.01
474242531000000,163421,-0.854,-0.02,-0.513,-0.11,0.17,-0.03
474242546000000,163441,-0.86,-0.024,-0.511,-0.24,0.29,-0.0
474242578000000,163461,-0.853,-0.023,-0.511,-0.01,0.01,0.05
474242593000000,163481,-0.855,-0.024,-0.516,0.09,-0.02,-0.14
474242609000000,163501,-0.858,-0.022,-0.513,-0.22,-0.31,0.1
474242625000000,163521,-0.855,-0.026,-0.515,-0.14,-0.14,0.21
474242656000000,163541,-0.86,-0.026,-0.514,-0.16,0.47,0.14
474242671000000,163561,-0.856,-0.026,-0.517,-0.04,0.11,0.04
474242687000000,163581,-0.86,-0.024,-0.515,0.17,-0.09,0.08
474242718000000,163601,-0.859,-0.022,-0.516,0.1,0.14,-0.05
474242734000000,163621,-0.856,-0.028,-0.518,0.06,0.05,-0.11
474242750000000,163641,-0.858,-0.02,-0.514,0.19,0.11,-0.14
474242765000000,163661,-0.861,-0.027,-0.515,-0.04,0.19,0.37
474242796000000,163681,-0.858,-0.025,-0.518,-0.03,-0.06,-0.18
474242812000000,163701,-0.858,-0.022,-0.516,-0.2,-0.12,0.15
474242828000000,163721,-0.855,-0.023,-0.514,0.06,0.11,-0.1
474242843000000,163741,-0.857,-0.027,-0.515,0.03,-0.12,-0.28
474242875000000,163761,-0.86,-0.029,-0.514,0.0,0.13,-0.04
474242890000000,163781,-0.854,-0.022,-0.508,-0.07,-0.23,0.07
474242906000000,163801,-0.86,-0.022,-0.522,-0.07,0.22,-0.2
474242937000000,163821,-0.858,-0.021,-0.522,-0.09,0.37,0.13
474242953000000,163841,-0.861,-0.023,-0.522,0.05,0.42,0.02
474242968000000,163861,-0.859,-0.023,-0.517,-0.09,-0.22,-0.01
474242984000000,163881,-0.854,-0.027,-0.508,0.05,-0.12,-0.02
474243015000000,163901,-0.854,-0.023,-0.51,-0.13,-0.17,0.1
474243031000000,163921,-0.859,-0.026,-0.515,-0.11,-0.02,-0.12
474243046000000,163941,-0.854,-0.025,-0.505,-0.11,0.24,0.13
474243078000000,163961,-0.854,-0.023,-0.514,0.05,-0.29,0.02
474243093000000,163981,-0.854,-0.022,-0.51,-0.14,0.47,0.13
474243109000000,164001,-0.854,-0.025,-0.519,0.17,0.22,-0.15
474243125000000,164021,-0.859,-0.021,-0.51,-0.19,0.1,0.05
474243156000000,164041,-0.853,-0.026,-0.515,0.09,-0.11,0.04
474243171000000,164061,-0.861,-0.024,-0.513,-0.07,0.26,-0.15
474243187000000,164081,-0.857,-0.024,-0.52,0.08,0.02,-0.12
474243218000000,164101,-0.849,-0.024,-0.518,-0.14,0.26,-0.02
474243234000000,164121,-0.853,-0.026,-0.513,-0.01,-0.01,0.09
474243250000000,164141,-0.855,-0.028,-0.519,-0.14,-0.19,-0.02
474243265000000,164161,-0.854,-0.021,-0.516,-0.04,0.06,0.18
474243296000000,164181,-0.86,-0.025,-0.515,-0.01,-0.12,0.21
474243312000000,164201,-0.86,-0.021,-0.521,-0.07,0.11,0.02
474243328000000,164221,-0.86,-0.028,-0.51,-0.08,0.3,0.18
474243359000000,164241,-0.859,-0.021,-0.512,0.01,0.01,-0.02
474243375000000,164261,-0.856,-0.022,-0.52,0.16,0.23,0.14
474243390000000,164281,-0.856,-0.019,-0.518,0.15,-0.25,0.25
474243406000000,164301,-0.852,-0.023,-0.525,0.23,-0.15,-0.19
474243437000000,164321,-0.85,-0.031,-0.52,0.22,0.05,0.05
474243453000000,164341,-0.855,-0.025,-0.516,-0.09,-0.11,0.03
474243468000000,164361,-0.858,-0.025,-0.515,-0.15,0.3,0.29
474243484000000,164381,-0.856,-0.021,-0.511,-0.1,-0.13,0.22
474243515000000,164401,-0.856,-0.02,-0.514,0.09,0.28,-0.16
474243531000000,164421,-0.854,-0.024,-0.514,0.26,-0.27,-0.16
474243546000000,164441,-0.852,-0.021,-0.518,-0.09,0.14,0.11
474243578000000,164461,-0.854,-0.018,-0.52,0.02,0.01,0.25
474243593000000,164481,-0.856,-0.027,-0.514,-0.03,0.23,0.11
474243609000000,164501,-0.852,-0.028,-0.511,0.03,0.18,0.18
474243625000000,164521,-0.857,-0.024,-0.514,0.09,-0.2,-0.15
474243656000000,164541,-0.857,-0.027,-0.512,-0.1,0.14,0.15
474243671000000,164561,-0.858,-0.027,-0.516,0.17,-0.21,-0.06
474243687000000,164581,-0.855,-0.023,-0.515,-0.07,0.07,-0.01
474243718000000,164601,-0.859,-0.022,-0.519,-0.16,0.1,0.17
474243734000000,164621,-0.855,-0.024,-0.517,-0.07,-0.21,0.16
474243750000000,164641,-0.855,-0.025,-0.514,0.35,0.17,-0.26
474243765000000,164661,-0.855,-0.025,-0.516,-0.21,0.11,-0.05
474243796000000,164681,-0.857,-0.024,-0.513,-0.07,0.4,0.01
474243812000000,164701,-0.853,-0.024,-0.524,0.18,-0.6,0.26
474243828000000,164721,-0.854,-0.028,-0.515,-0.07,0.11,-0.21
474243859000000,164741,-0.86,-0.026,-0.515,0.16,-0.1,0.04
474243875000000,164761,-0.858,-0.025,-0.513,0.06,0.32,-0.02
474243890000000,164781,-0.862,-0.025,-0.516,0.09,-0.08,-0.11
474243906000000,164801,-0.854,-0.025,-0.512,0.15,0.03,0.17
474243937000000,164821,-0.857,-0.022,-0.518,0.09,0.02,-0.23
474243953000000,164841,-0.86,-0.025,-0.511,0.08,-0.44,0.11
474243968000000,164861,-0.859,-0.025,-0.519,-0.11,-0.22,-0.04
474243984000000,164881,-0.854,-0.02,-0.513,0.06,0.16,0.04
474244015000000,164901,-0.858,-0.024,-0.52,0.22,0.07,0.11
474244031000000,164921,-0.851,-0.024,-0.513,0.05,0.18,0.26
474244046000000,164941,-0.853,-0.023,-0.514,0.09,0.19,-0.05
474244078000000,164961,-0.858,-0.025,-0.52,0.12,-0.03,0.21
474244093000000,164981,-0.856,-0.022,-0.514,0.05,-0.02,0.39
474244109000000,165001,-0.859,-0.024,-0.518,-0.13,0.05,0.11
474244125000000,165021,-0.857,-0.026,-0.514,-0.02,-0.21,0.14
474244156000000,165041,-0.856,-0.027,-0.519,-0.05,-0.17,-0.15
474244171000000,165061,-0.855,-0.022,-0.515,-0.04,-0.2,-0.21
474244187000000,165081,-0.855,-0.023,-0.507,0.0,0.1,-0.03
474244218000000,165101,-0.859,-0.024,-0.517,-0.2,-0.05,-0.08
474244234000000,165121,-0.857,-0.029,-0.516,-0.03,-0.26,-0.01
474244250000000,165141,-0.854,-0.025,-0.512,-0.05,-0.12,-0.18
474244265000000,165161,-0.857,-0.022,-0.517,0.07,0.07,0.03
474244296000000,165181,-0.856,-0.025,-0.514,0.31,-0.13,-0.19
474244312000000,165201,-0.858,-0.022,-0.518,-0.07,0.01,-0.05
474244328000000,165221,-0.856,-0.023,-0.518,0.16,-0.03,0.17
474244343000000,165241,-0.86,-0.026,-0.509,-0.04,0.1,-0.06
474244375000000,165261,-0.857,-0.03,-0.514,0.2,-0.06,-0.25
474244390000000,165281,-0.857,-0.025,-0.515,0.14,-0.04,0.13
474244406000000,165301,-0.859,-0.02,-0.51,-0.22,0.18,0.08
474244437000000,165321,-0.854,-0.024,-0.512,-0.03,-0.02,-0.07
474244453000000,165341,-0.856,-0.026,-0.515,0.12,-0.19,0.05
474244468000000,165361,-0.855,-0.021,-0.513,-0.08,0.11,0.01
474244484000000,165381,-0.859,-0.026,-0.52,-0.04,-0.38,-0.24
474244515000000,165401,-0.857,-0.027,-0.518,0.17,0.22,0.01
474244531000000,165421,-0.855,-0.028,-0.517,-0.01,0.14,-0.17
474244546000000,165441,-0.854,-0.024,-0.515,-0.04,0.12,0.1
474244578000000,165461,-0.854,-0.022,-0.518,0.18,-0.1,0.13
474244593000000,165481,-0.859,-0.024,-0.508,0.05,-0.16,-0.08
474244609000000,165501,-0.858,-0.025,-0.516,-0.02,-0.21,0.12
474244625000000,165521,-0.852,-0.026,-0.513,-0.06,0.17,-0.15
474244656000000,165541,-0.859,-0.029,-0.511,-0.3,0.09,0.29
474244671000000,165561,-0.859,-0.027,-0.513,0.14,0.04,0.01
474244687000000,165581,-0.854,-0.026,-0.515,-0.12,-0.24,0.02
474244718000000,165601,-0.856,-0.024,-0.511,0.23,-0.15,0.04
474244734000000,165621,-0.854,-0.024,-0.518,0.21,0.2,0.03
474244750000000,165641,-0.859,-0.021,-0.515,-0.17,0.11,0.08
474244765000000,165661,-0.857,-0.022,-0.52,-0.04,0.1,0.14
474244796000000,165681,-0.854,-0.025,-0.516,-0.21,-0.09,0.12
474244812000000,165701,-0.858,-0.024,-0.515,-0.1,-0.11,0.3
474244828000000,165721,-0.858,-0.022,-0.513,-0.04,0.02,0.27
474244859000000,165741,-0.855,-0.026,-0.515,0.01,-0.05,0.09
474244875000000,165761,-0.858,-0.025,-0.517,-0.01,0.23,0.09
474244890000000,165781,-0.858,-0.024,-0.516,-0.02,0.14,0.07
474244906000000,165801,-0.856,-0.027,-0.513,0.1,-0.25,0.2
474244937000000,165821,-0.856,-0.024,-0.517,-0.09,0.14,-0.11
474244953000000,165841,-0.857,-0.024,-0.513,-0.07,0.01,0.28
474244968000000,165861,-0.857,-0.022,-0.513,0.24,-0.06,0.24
474244984000000,165881,-0.858,-0.02,-0.513,0.12,-0.13,-0.18
474245015000000,165901,-0.858,-0.022,-0.517,-0.07,-0.22,-0.11
474245031000000,165921,-0.859,-0.025,-0.516,-0.07,0.04,0.01
474245046000000,165941,-0.859,-0.027,-0.522,-0.07,0.02,-0.08
474245078000000,165961,-0.857,-0.025,-0.509,-0.09,0.42,0.15
474245093000000,165981,-0.856,-0.025,-0.515,0.16,0.02,0.14
474245109000000,166001,-0.852,-0.029,-0.519,0.09,0.09,-0.12
474245125000000,166021,-0.856,-0.022,-0.515,-0.07,-0.21,0.06
474245156000000,166041,-0.86,-0.023,-0.516,0.24,-0.06,-0.05
474245171000000,166061,-0.859,-0.025,-0.517,-0.09,0.17,-0.08
474245187000000,166081,-0.854,-0.023,-0.514,0.29,-0.27,-0.13
474245218000000,166101,-0.861,-0.025,-0.517,-0.11,-0.02,0.03
474245234000000,166121,-0.858,-0.022,-0.513,0.13,0.01,-0.02
474245250000000,166141,-0.856,-0.025,-0.512,0.18,0.25,-0.02
474245265000000,166161,-0.853,-0.021,-0.519,0.18,0.17,-0.05
474245296000000,166181,-0.856,-0.023,-0.512,0.01,0.38,0.2
474245312000000,166201,-0.859,-0.023,-0.517,0.38,0.16,0.01
474245328000000,166221,-0.855,-0.03,-0.515,0.12,-0.14,0.3
474245359000000,166241,-0.853,-0.025,-0.518,-0.2,-0.22,-0.22
474245375000000,166261,-0.854,-0.025,-0.516,0.02,-0.08,-0.11
474245390000000,166281,-0.852,-0.025,-0.51,-0.07,-0.29,0.17
474245406000000,166301,-0.854,-0.023,-0.513,0.11,0.24,0.21
474245437000000,166321,-0.854,-0.021,-0.516,0.02,-0.33,-0.16
474245453000000,166341,-0.861,-0.025,-0.522,0.13,-0.05,0.01
474245468000000,166361,-0.853,-0.028,-0.513,-0.07,0.29,0.1
474245484000000,166381,-0.857,-0.024,-0.512,0.09,0.17,0.15
474245515000000,166401,-0.855,-0.025,-0.515,-0.04,0.04,0.03
474245531000000,166421,-0.854,-0.025,-0.517,0.05,-0.08,0.04
474245546000000,166441,-0.857,-0.026,-0.519,0.13,0.17,0.04
474245578000000,166461,-0.853,-0.022,-0.511,0.04,0.04,-0.21
474245593000000,166481,-0.857,-0.022,-0.515,-0.09,0.24,0.32
474245609000000,166501,-0.857,-0.023,-0.514,-0.18,0.78,-0.12
474245625000000,166521,-0.854,-0.027,-0.516,-0.11,0.21,0.08
474245656000000,166541,-0.857,-0.022,-0.516,-0.06,0.15,0.4
474245671000000,166561,-0.858,-0.025,-0.526,-0.07,-0.11,0.01
474245687000000,166581,-0.854,-0.023,-0.516,-0.14,0.1,0.24
474245718000000,166601,-0.854,-0.029,-0.515,-0.07,-0.01,0.29
474245734000000,166621,-0.855,-0.025,-0.516,-0.21,-0.08,-0.04
474245750000000,166641,-0.856,-0.022,-0.513,0.08,-0.02,0.02
474245765000000,166661,-0.859,-0.026,-0.507,0.02,-0.22,0.12
474245796000000,166681,-0.86,-0.023,-0.511,0.16,0.36,-0.25
474245812000000,166701,-0.856,-0.022,-0.514,-0.04,0.1,0.27
474245828000000,166721,-0.856,-0.022,-0.509,-0.14,-0.01,-0.03
474245859000000,166741,-0.86,-0.017,-0.511,-0.15,-0.04,0.25
474245875000000,166761,-0.859,-0.024,-0.514,0.05,0.11,0.01
474245890000000,166781,-0.856,-0.022,-0.519,0.17,0.19,-0.15
474245906000000,166801,-0.854,-0.025,-0.509,0.07,-0.21,0.13
474245937000000,166821,-0.851,-0.024,-0.51,-0.07,-0.02,-0.07
474245953000000,166841,-0.856,-0.026,-0.519,-0.14,-0.0,-0.09
474245968000000,166861,-0.856,-0.029,-0.517,-0.07,-0.22,-0.02
474245984000000,166881,-0.858,-0.026,-0.516,-0.09,-0.01,0.11
474246015000000,166901,-0.854,-0.025,-0.516,-0.02,-0.06,0.26
474246031000000,166921,-0.857,-0.021,-0.506,0.01,-0.02,0.14
474246046000000,166941,-0.854,-0.026,-0.517,-0.11,-0.07,-0.05
474246078000000,166961,-0.854,-0.023,-0.516,0.13,-0.19,0.05
474246093000000,166981,-0.857,-0.023,-0.51,0.08,-0.18,-0.0
474246109000000,167001,-0.857,-0.027,-0.521,-0.1,0.23,-0.14
474246125000000,167021,-0.857,-0.023,-0.513,0.14,0.09,-0.08
474246156000000,167041,-0.856,-0.025,-0.512,0.06,-0.06,-0.05
474246171000000,167061,-0.855,-0.025,-0.519,0.12,0.14,0.14
474246187000000,167081,-0.853,-0.02,-0.516,0.27,-0.07,0.17
474246218000000,167101,-0.858,-0.024,-0.517,0.15,-0.02,-0.05
474246234000000,167121,-0.858,-0.027,-0.512,-0.07,-0.15,0.03
474246250000000,167141,-0.86,-0.022,-0.508,-0.06,0.2,-0.05
474246265000000,167161,-0.854,-0.029,-0.516,0.05,0.09,-0.08
474246296000000,167181,-0.86,-0.024,-0.514,0.22,0.02,0.01
474246312000000,167201,-0.854,-0.025,-0.507,-0.26,0.01,0.06
474246328000000,167221,-0.858,-0.024,-0.512,0.22,-0.12,-0.05
474246343000000,167241,-0.855,-0.026,-0.515,-0.32,0.17,0.02
474246375000000,167261,-0.859,-0.021,-0.519,0.04,-0.19,-0.19
474246390000000,167281,-0.86,-0.022,-0.516,-0.11,0.04,0.1
474246406000000,167301,-0.853,-0.025,-0.516,-0.13,0.16,0.12
474246437000000,167321,-0.852,-0.021,-0.513,-0.01,0.47,0.11
474246453000000,167341,-0.855,-0.022,-0.514,-0.24,-0.06,-0.05
474246468000000,167361,-0.853,-0.025,-0.522,0.12,-0.03,-0.06
474246484000000,167381,-0.857,-0.021,-0.519,0.2,-0.0,0.11
474246515000000,167401,-0.864,-0.022,-0.509,-0.2,-0.15,-0.12
474246531000000,167421,-0.859,-0.025,-0.515,0.12,0.07,0.07
474246546000000,167441,-0.855,-0.025,-0.516,-0.06,-0.08,-0.07
474246578000000,167461,-0.854,-0.021,-0.515,-0.04,-0.02,-0.21
474246593000000,167481,-0.861,-0.026,-0.513,-0.11,0.03,-0.02
474246609000000,167501,-0.859,-0.022,-0.519,-0.03,0.18,0.17
474246625000000,167521,-0.856,-0.021,-0.513,-0.04,-0.09,0.1
474246656000000,167541,-0.854,-0.023,-0.512,-0.13,-0.08,0.34
474246671000000,167561,-0.857,-0.023,-0.518,0.05,0.3,-0.03
474246687000000,167581,-0.856,-0.02,-0.52,-0.17,0.07,-0.25
474246718000000,167601,-0.858,-0.026,-0.511,-0.06,-0.17,0.05
474246734000000,167621,-0.853,-0.024,-0.509,0.14,-0.17,-0.06
474246750000000,167641,-0.856,-0.026,-0.514,0.07,0.02,-0.2
474246765000000,167661,-0.855,-0.027,-0.512,0.0,0.04,0.3
474246796000000,167681,-0.856,-0.023,-0.509,0.16,-0.02,0.01
474246812000000,167701,-0.857,-0.027,-0.519,-0.17,-0.07,0.08
474246828000000,167721,-0.857,-0.025,-0.516,-0.09,0.04,0.21
474246843000000,167741,-0.856,-0.023,-0.51,0.0,-0.02,-0.08
474246875000000,167761,-0.855,-0.022,-0.516,0.06,-0.12,0.05
474246890000000,167781,-0.857,-0.023,-0.519,0.12,0.07,0.21
474246906000000,167801,-0.856,-0.023,-0.513,-0.11,0.1,0.24
474246937000000,167821,-0.86,-0.026,-0.512,-0.01,0.3,-0.06
474246953000000,167841,-0.857,-0.027,-0.512,-0.13,0.04,0.27
474246968000000,167861,-0.854,-0.025,-0.515,0.02,-0.22,0.05
474246984000000,167881,-0.854,-0.026,-0.515,-0.12,0.11,-0.05
474247015000000,167901,-0.856,-0.024,-0.517,-0.2,-0.12,0.18
474247031000000,167921,-0.854,-0.023,-0.529,0.12,-0.25,-0.18
474247046000000,167941,-0.857,-0.021,-0.517,-0.06,0.03,-0.06
474247078000000,167961,-0.856,-0.021,-0.511,0.28,0.2,0.17
474247093000000,167981,-0.854,-0.02,-0.516,-0.26,0.11,0.05
474247109000000,168001,-0.856,-0.027,-0.52,-0.02,-0.07,0.05
474247125000000,168021,-0.855,-0.025,-0.523,0.3,-0.02,-0.03
474247156000000,168041,-0.858,-0.023,-0.515,0.25,0.03,0.02
474247171000000,168061,-0.861,-0.022,-0.524,-0.16,-0.12,-0.11
474247187000000,168081,-0.852,-0.025,-0.517,0.03,-0.27,-0.11
474247218000000,168101,-0.855,-0.024,-0.519,-0.09,-0.03,0.22
474247234000000,168121,-0.856,-0.023,-0.52,-0.01,-0.25,-0.04
474247250000000,168141,-0.857,-0.024,-0.513,0.02,-0.24,-0.12
474247265000000,168161,-0.858,-0.021,-0.516,0.17,0.28,0.33
474247296000000,168181,-0.858,-0.023,-0.518,-0.01,0.39,-0.21
474247312000000,168201,-0.856,-0.02,-0.509,-0.03,0.14,0.06
474247328000000,168221,-0.858,-0.019,-0.52,0.03,0.25,-0.05
474247343000000,168241,-0.854,-0.024,-0.519,0.1,0.03,-0.1
474247375000000,168261,-0.855,-0.025,-0.517,-0.04,0.08,0.09
474247390000000,168281,-0.852,-0.024,-0.518,-0.03,0.07,0.05
474247406000000,168301,-0.853,-0.027,-0.52,0.1,0.08,0.16
474247437000000,168321,-0.861,-0.025,-0.516,0.14,-0.12,-0.03
474247453000000,168341,-0.859,-0.027,-0.516,0.04,-0.01,0.17
474247468000000,168361,-0.85,-0.024,-0.52,0.03,-0.1,-0.05
474247484000000,168381,-0.859,-0.019,-0.515,0.22,0.2,0.14
474247515000000,168401,-0.855,-0.018,-0.517,0.05,0.04,-0.0
474247531000000,168421,-0.855,-0.024,-0.513,-0.14,-0.0,0.08
474247546000000,168441,-0.859,-0.028,-0.519,-0.25,0.03,-0.18
474247578000000,168461,-0.859,-0.022,-0.512,0.18,-0.15,0.07
474247593000000,168481,-0.856,-0.024,-0.513,0.13,-0.05,0.06
474247609000000,168501,-0.857,-0.026,-0.515,0.06,0.18,0.18
474247625000000,168521,-0.855,-0.022,-0.508,-0.2,0.2,0.08
474247656000000,168541,-0.857,-0.023,-0.516,0.14,0.09,0.08
474247671000000,168561,-0.851,-0.026,-0.514,0.25,-0.09,-0.01
474247687000000,168581,-0.859,-0.026,-0.519,-0.01,-0.27,0.15
474247718000000,168601,-0.856,-0.025,-0.515,0.07,0.04,-0.07
474247734000000,168621,-0.856,-0.025,-0.515,-0.27,0.13,0.09
474247750000000,168641,-0.858,-0.019,-0.517,-0.06,0.07,0.06
474247765000000,168661,-0.856,-0.022,-0.511,-0.06,-0.04,-0.02
474247796000000,168681,-0.853,-0.023,-0.514,-0.13,0.01,-0.28
474247812000000,168701,-0.857,-0.026,-0.516,0.28,0.11,-0.02
474247828000000,168721,-0.862,-0.022,-0.521,0.13,-0.12,-0.08
474247859000000,168741,-0.859,-0.025,-0.515,-0.04,0.02,-0.17
474247875000000,168761,-0.857,-0.025,-0.515,0.08,0.07,0.04
474247890000000,168781,-0.854,-0.022,-0.512,0.16,0.05,-0.21
474247906000000,168801,-0.856,-0.026,-0.519,0.09,-0.17,-0.15
474247937000000,168821,-0.859,-0.025,-0.517,-0.07,-0.07,-0.05
474247953000000,168841,-0.858,-0.021,-0.511,0.18,-0.08,0.11
474247968000000,168861,-0.856,-0.023,-0.526,-0.03,0.01,0.32
474247984000000,168881,-0.859,-0.028,-0.514,0.14,-0.09,0.14
474248015000000,168901,-0.859,-0.025,-0.514,-0.17,-0.22,0.11
474248031000000,168921,-0.854,-0.025,-0.516,0.15,-0.06,0.11
474248046000000,168941,-0.858,-0.023,-0.517,0.12,-0.19,0.04
474248078000000,168961,-0.857,-0.021,-0.517,-0.27,-0.02,0.11
474248093000000,168981,-0.856,-0.026,-0.508,0.16,-0.2,0.05
474248109000000,169001,-0.86,-0.027,-0.52,0.13,-0.13,0.11
474248125000000,169021,-0.854,-0.025,-0.513,0.04,0.26,0.04
474248156000000,169041,-0.861,-0.025,-0.519,0.09,-0.15,0.03
474248171000000,169061,-0.854,-0.021,-0.514,0.05,-0.07,-0.04
474248187000000,169081,-0.855,-0.024,-0.508,0.02,-0.27,-0.01
474248218000000,169101,-0.853,-0.023,-0.513,-0.1,0.01,0.08
474248234000000,169121,-0.856,-0.023,-0.521,0.02,0.05,-0.19
474248250000000,169141,-0.86,-0.029,-0.523,0.05,-0.06,0.06
474248265000000,169161,-0.859,-0.025,-0.51,-0.26,0.56,0.08
474248296000000,169181,-0.855,-0.023,-0.508,0.15,0.04,-0.21
474248312000000,169201,-0.855,-0.023,-0.516,-0.24,0.36,0.09
474248328000000,169221,-0.857,-0.026,-0.514,0.13,-0.31,0.01
474248343000000,169241,-0.854,-0.023,-0.513,-0.07,-0.04,-0.17
474248375000000,169261,-0.855,-0.027,-0.511,0.07,-0.03,0.01
474248390000000,169281,-0.857,-0.027,-0.519,0.09,-0.04,-0.08
474248406000000,169301,-0.858,-0.019,-0.519,-0.2,0.2,0.17
474248437000000,169321,-0.848,-0.022,-0.513,0.22,0.07,-0.26
474248453000000,169341,-0.859,-0.028,-0.523,0.07,-0.08,0.1
474248468000000,169361,-0.857,-0.023,-0.519,0.16,0.36,-0.12
474248484000000,169381,-0.86,-0.024,-0.508,-0.11,0.23,0.11
474248515000000,169401,-0.859,-0.027,-0.517,-0.14,-0.22,0.19
474248531000000,169421,-0.856,-0.025,-0.523,-0.12,0.31,0.05
474248546000000,169441,-0.858,-0.025,-0.518,-0.41,0.1,-0.15
474248578000000,169461,-0.858,-0.021,-0.515,0.02,0.15,0.04
474248593000000,169481,-0.855,-0.02,-0.514,0.04,-0.14,-0.07
474248609000000,169501,-0.853,-0.027,-0.514,-0.24,0.16,-0.15
474248625000000,169521,-0.856,-0.023,-0.516,0.09,0.17,0.07
474248656000000,169541,-0.858,-0.023,-0.515,-0.31,-0.09,-0.08
474248671000000,169561,-0.86,-0.025,-0.51,0.09,0.21,0.01
474248687000000,169581,-0.854,-0.027,-0.513,-0.13,0.04,0.01
474248703000000,169601,-0.859,-0.023,-0.519,0.21,0.16,0.06
474248734000000,169621,-0.857,-0.026,-0.512,0.01,0.01,0.08
474248750000000,169641,-0.856,-0.027,-0.518,-0.11,-0.08,0.04
474248765000000,169661,-0.861,-0.026,-0.508,0.18,-0.24,0.11
474248796000000,169681,-0.855,-0.02,-0.516,0.28,-0.06,-0.15
474248812000000,169701,-0.859,-0.024,-0.518,-0.16,0.32,0.12
474248828000000,169721,-0.853,-0.021,-0.516,-0.1,0.06,-0.08
474248843000000,169741,-0.855,-0.024,-0.511,0.02,-0.11,-0.02
474248875000000,169761,-0.854,-0.025,-0.508,-0.04,0.05,-0.18
474248890000000,169781,-0.854,-0.016,-0.515,0.05,-0.03,-0.08
474248906000000,169801,-0.855,-0.021,-0.513,0.02,0.18,-0.02
474248937000000,169821,-0.858,-0.02,-0.52,0.2,0.17,0.05
474248953000000,169841,-0.854,-0.025,-0.512,-0.32,0.27,-0.33
474248968000000,169861,-0.851,-0.026,-0.514,0.05,-0.21,-0.11
474248984000000,169881,-0.858,-0.025,-0.514,0.33,-0.13,-0.2
474249015000000,169901,-0.854,-0.02,-0.511,0.13,0.14,0.1
474249031000000,169921,-0.851,-0.024,-0.513,0.02,-0.09,0.12
474249046000000,169941,-0.856,-0.022,-0.515,0.07,0.6,-0.11
474249078000000,169961,-0.854,-0.027,-0.513,-0.01,-0.28,0.05
474249093000000,169981,-0.858,-0.025,-0.519,-0.03,-0.15,0.03
474249109000000,170001,-0.852,-0.022,-0.512,-0.21,0.02,-0.15
474249125000000,170021,-0.857,-0.025,-0.515,0.0,0.11,-0.06
474249156000000,170041,-0.856,-0.024,-0.511,-0.01,-0.12,-0.13
474249171000000,170061,-0.858,-0.027,-0.506,0.02,0.21,-0.11
474249187000000,170081,-0.861,-0.025,-0.516,-0.04,0.04,0.11
474249203000000,170101,-0.856,-0.026,-0.508,0.02,0.01,-0.01
474249234000000,170121,-0.855,-0.026,-0.518,0.14,0.36,0.12
474249250000000,170141,-0.851,-0.028,-0.509,0.04,-0.12,-0.43
474249265000000,170161,-0.853,-0.028,-0.513,0.12,-0.14,0.12
474249296000000,170181,-0.861,-0.024,-0.513,0.05,0.03,0.02
474249312000000,170201,-0.859,-0.02,-0.516,0.03,-0.03,-0.19
474249328000000,170221,-0.859,-0.023,-0.514,-0.01,-0.07,-0.02
474249343000000,170241,-0.86,-0.028,-0.515,0.01,-0.12,0.07
474249375000000,170261,-0.86,-0.024,-0.516,0.28,0.14,-0.0
474249390000000,170281,-0.854,-0.025,-0.52,0.06,0.01,-0.1
474249406000000,170301,-0.856,-0.024,-0.516,0.27,0.15,-0.24
474249437000000,170321,-0.854,-0.024,-0.514,-0.27,0.01,0.11
474249453000000,170341,-0.855,-0.024,-0.514,0.17,-0.16,-0.0
474249468000000,170361,-0.859,-0.027,-0.516,-0.04,0.09,0.14
474249484000000,170381,-0.853,-0.029,-0.52,-0.01,0.38,-0.31
474249515000000,170401,-0.858,-0.024,-0.516,-0.08,-0.33,0.01
474249531000000,170421,-0.857,-0.023,-0.51,0.09,-0.07,-0.08
474249546000000,170441,-0.861,-0.025,-0.516,0.22,-0.37,0.03
474249578000000,170461,-0.854,-0.023,-0.513,0.1,-0.02,0.02
474249593000000,170481,-0.861,-0.025,-0.519,0.02,0.34,0.02
474249609000000,170501,-0.862,-0.021,-0.518,0.23,0.28,0.1
474249625000000,170521,-0.857,-0.028,-0.515,0.17,-0.06,0.44
474249656000000,170541,-0.855,-0.024,-0.517,-0.1,-0.14,0.08
474249671000000,170561,-0.86,-0.025,-0.515,0.16,-0.1,0.05
474249687000000,170581,-0.858,-0.026,-0.516,-0.02,0.23,0.17
474249718000000,170601,-0.855,-0.027,-0.514,0.08,-0.21,0.03
474249734000000,170621,-0.857,-0.022,-0.522,-0.01,-0.22,0.17
474249750000000,170641,-0.856,-0.022,-0.518,0.01,0.54,0.06
474249765000000,170661,-0.857,-0.025,-0.519,-0.04,-0.31,-0.11
474249796000000,170681,-0.857,-0.021,-0.517,-0.14,-0.04,-0.13
474249812000000,170701,-0.855,-0.026,-0.514,-0.15,-0.39,-0.02
474249828000000,170721,-0.859,-0.025,-0.513,0.06,0.21,0.15
474249859000000,170741,-0.857,-0.024,-0.51,-0.2,-0.06,0.01
474249875000000,170761,-0.852,-0.025,-0.512,0.02,-0.1,-0.06
474249890000000,170781,-0.855,-0.021,-0.516,0.02,0.2,0.05
474249906000000,170801,-0.855,-0.028,-0.515,0.01,0.01,0.23
474249937000000,170821,-0.858,-0.024,-0.514,-0.01,-0.02,0.16
474249953000000,170841,-0.857,-0.023,-0.526,0.1,0.05,0.08
474249968000000,170861,-0.854,-0.026,-0.519,-0.17,0.03,0.31
474249984000000,170881,-0.855,-0.025,-0.51,0.02,-0.12,0.19
474250015000000,170901,-0.853,-0.027,-0.514,0.29,-0.15,-0.06
474250031000000,170921,-0.857,-0.024,-0.517,-0.15,-0.02,-0.06
474250046000000,170941,-0.857,-0.027,-0.515,0.03,0.09,0.02
474250078000000,170961,-0.855,-0.022,-0.517,0.1,0.08,-0.02
474250093000000,170981,-0.858,-0.021,-0.514,0.38,0.12,-0.21
474250109000000,171001,-0.862,-0.025,-0.517,0.03,-0.06,-0.15
474250125000000,171021,-0.856,-0.025,-0.521,0.07,-0.15,0.2
474250156000000,171041,-0.856,-0.022,-0.517,-0.04,0.17,0.17
474250171000000,171061,-0.856,-0.024,-0.514,-0.2,0.13,0.19
474250187000000,171081,-0.856,-0.024,-0.52,0.13,-0.12,-0.05
474250203000000,171101,-0.859,-0.023,-0.514,0.05,-0.48,0.16
474250234000000,171121,-0.857,-0.026,-0.523,0.12,-0.31,0.17
474250250000000,171141,-0.857,-0.026,-0.517,0.01,0.02,0.01
474250265000000,171161,-0.85,-0.025,-0.518,0.12,0.09,-0.02
474250296000000,171181,-0.857,-0.022,-0.521,0.01,-0.05,0.03
474250312000000,171201,-0.857,-0.025,-0.516,0.09,-0.06,-0.15
474250328000000,171221,-0.859,-0.023,-0.514,0.16,-0.12,0.17
474250343000000,171241,-0.856,-0.027,-0.518,0.01,-0.38,0.16
474250375000000,171261,-0.858,-0.024,-0.51,-0.11,0.21,-0.13
474250390000000,171281,-0.858,-0.024,-0.52,-0.04,0.27,0.17
474250406000000,171301,-0.856,-0.025,-0.52,-0.34,0.13,-0.02
474250437000000,171321,-0.851,-0.02,-0.519,0.02,0.07,-0.05
474250453000000,171341,-0.856,-0.025,-0.517,0.06,0.04,-0.06
474250468000000,171361,-0.854,-0.024,-0.526,0.07,-0.11,-0.03
474250484000000,171381,-0.855,-0.023,-0.515,0.09,-0.14,-0.09
474250515000000,171401,-0.857,-0.027,-0.518,-0.11,0.17,-0.1
474250531000000,171421,-0.857,-0.025,-0.516,-0.2,-0.06,-0.12
474250546000000,171441,-0.859,-0.028,-0.517,-0.14,-0.13,0.05
474250578000000,171461,-0.857,-0.022,-0.514,-0.26,0.04,0.15
474250593000000,171481,-0.859,-0.02,-0.512,0.09,-0.07,0.13
474250609000000,171501,-0.857,-0.024,-0.519,0.22,0.11,-0.08
474250625000000,171521,-0.857,-0.024,-0.515,-0.09,0.1,0.01
474250656000000,171541,-0.854,-0.022,-0.514,-0.13,0.1,0.04
474250671000000,171561,-0.853,-0.026,-0.512,-0.04,-0.18,0.14
474250687000000,171581,-0.856,-0.023,-0.511,0.02,0.04,-0.09
474250718000000,171601,-0.856,-0.027,-0.514,0.1,-0.29,-0.15
474250734000000,171621,-0.855,-0.021,-0.512,-0.11,0.28,-0.08
474250750000000,171641,-0.858,-0.024,-0.517,0.09,-0.19,0.12
474250765000000,171661,-0.857,-0.022,-0.513,-0.14,-0.09,-0.3
474250796000000,171681,-0.855,-0.024,-0.519,-0.02,0.19,-0.1
474250812000000,171701,-0.856,-0.023,-0.514,0.07,0.28,0.17
474250828000000,171721,-0.859,-0.023,-0.513,0.16,-0.09,0.13
474250843000000,171741,-0.854,-0.024,-0.521,0.02,0.3,0.11
474250875000000,171761,-0.855,-0.023,-0.511,-0.04,-0.21,-0.14
474250890000000,171781,-0.856,-0.026,-0.517,-0.01,-0.14,-0.01
474250906000000,171801,-0.86,-0.023,-0.521,0.04,0.26,-0.14
474250937000000,171821,-0.856,-0.025,-0.516,0.09,0.11,-0.0
474250953000000,171841,-0.854,-0.026,-0.515,0.12,0.11,0.1
474250968000000,171861,-0.855,-0.023,-0.512,-0.07,-0.1,0.05
474250984000000,171881,-0.854,-0.022,-0.519,0.2,-0.27,-0.06
474251015000000,171901,-0.858,-0.025,-0.516,0.01,-0.12,0.21
474251031000000,171921,-0.859,-0.026,-0.518,-0.22,0.2,-0.03
474251046000000,171941,-0.86,-0.028,-0.52,0.16,0.02,-0.07
474251078000000,171961,-0.858,-0.024,-0.516,-0.04,0.13,-0.29
474251093000000,171981,-0.855,-0.022,-0.52,0.3,-0.22,-0.07
474251109000000,172001,-0.857,-0.023,-0.521,0.05,0.17,0.21
474251125000000,172021,-0.857,-0.021,-0.516,0.12,-0.1,0.06
474251156000000,172041,-0.855,-0.025,-0.513,-0.11,-0.01,0.23
474251171000000,172061,-0.86,-0.023,-0.518,0.0,-0.22,0.05
474251187000000,172081,-0.858,-0.025,-0.515,0.23,-0.04,-0.21
474251218000000,172101,-0.858,-0.028,-0.519,-0.05,0.22,0.1
474251234000000,172121,-0.859,-0.024,-0.508,-0.1,0.07,0.23
474251250000000,172141,-0.86,-0.023,-0.514,-0.01,0.13,-0.12
474251265000000,172161,-0.856,-0.029,-0.51,-0.02,-0.1,-0.02
474251296000000,172181,-0.861,-0.023,-0.518,0.01,-0.31,0.09
474251312000000,172201,-0.856,-0.022,-0.515,-0.17,-0.17,-0.12
474251328000000,172221,-0.857,-0.028,-0.518,-0.14,-0.15,-0.05
474251359000000,172241,-0.855,-0.024,-0.515,-0.23,-0.24,0.16
474251375000000,172261,-0.859,-0.021,-0.517,-0.01,-0.09,0.16
474251390000000,172281,-0.855,-0.029,-0.514,0.06,-0.36,-0.32
474251406000000,172301,-0.855,-0.027,-0.515,-0.02,0.2,-0.28
474251437000000,172321,-0.86,-0.026,-0.515,0.04,0.04,0.05
474251453000000,172341,-0.859,-0.024,-0.514,0.05,0.17,0.11
474251468000000,172361,-0.859,-0.026,-0.522,-0.24,0.12,0.16
474251484000000,172381,-0.855,-0.024,-0.517,0.06,-0.1,0.02
474251515000000,172401,-0.858,-0.027,-0.514,0.06,-0.01,0.16
474251531000000,172421,-0.857,-0.026,-0.517,0.02,-0.02,0.3
474251546000000,172441,-0.855,-0.025,-0.518,0.05,0.43,0.2
474251578000000,172461,-0.861,-0.027,-0.514,-0.02,0.5,0.04
474251593000000,172481,-0.857,-0.026,-0.511,-0.13,0.37,-0.03
474251609000000,172501,-0.856,-0.024,-0.511,0.22,0.36,-0.0
474251625000000,172521,-0.859,-0.025,-0.513,0.02,0.01,0.23
474251656000000,172541,-0.852,-0.021,-0.516,-0.2,-0.25,-0.08
474251671000000,172561,-0.855,-0.021,-0.518,-0.01,0.17,-0.12
474251687000000,172581,-0.855,-0.024,-0.516,0.18,0.17,-0.07
474251718000000,172601,-0.851,-0.029,-0.523,-0.12,0.09,-0.02
474251734000000,172621,-0.859,-0.025,-0.517,0.09,-0.52,0.05
474251750000000,172641,-0.857,-0.023,-0.518,-0.01,-0.06,-0.1
474251765000000,172661,-0.858,-0.021,-0.518,0.01,-0.39,-0.17
474251796000000,172681,-0.854,-0.025,-0.512,-0.01,-0.12,0.28
474251812000000,172701,-0.856,-0.026,-0.516,-0.13,-0.15,0.21
474251828000000,172721,-0.86,-0.025,-0.511,0.0,-0.11,-0.05
474251843000000,172741,-0.857,-0.022,-0.512,0.18,0.07,-0.2
474251875000000,172761,-0.855,-0.026,-0.522,0.09,-0.31,-0.05
474251890000000,172781,-0.857,-0.026,-0.512,0.2,0.15,0.11
474251906000000,172801,-0.859,-0.024,-0.513,0.0,-0.35,0.02
474251937000000,172821,-0.855,-0.023,-0.515,0.09,-0.16,0.14
474251953000000,172841,-0.858,-0.024,-0.519,-0.17,-0.34,0.21
474251968000000,172861,-0.856,-0.025,-0.518,0.1,0.26,0.22
474251984000000,172881,-0.853,-0.027,-0.515,-0.3,0.33,0.04
474252015000000,172901,-0.859,-0.024,-0.511,0.07,0.09,-0.06
474252031000000,172921,-0.853,-0.024,-0.508,0.12,-0.03,0.29
474252046000000,172941,-0.855,-0.022,-0.517,0.25,-0.25,0.07
474252078000000,172961,-0.857,-0.027,-0.522,0.0,0.09,-0.14
474252093000000,172981,-0.861,-0.026,-0.516,0.39,0.46,-0.29
474252109000000,173001,-0.855,-0.024,-0.52,0.11,0.55,0.15
474252125000000,173021,-0.858,-0.022,-0.514,0.05,0.17,-0.0
474252156000000,173041,-0.853,-0.029,-0.515,-0.02,0.39,0.01
474252171000000,173061,-0.858,-0.02,-0.515,0.15,-0.08,0.08
474252187000000,173081,-0.857,-0.023,-0.515,-0.01,0.11,0.22
474252218000000,173101,-0.856,-0.024,-0.515,-0.05,0.11,-0.0
474252234000000,173121,-0.86,-0.024,-0.519,0.31,0.11,0.04
474252250000000,173141,-0.856,-0.029,-0.511,-0.27,0.02,-0.21
474252265000000,173161,-0.858,-0.023,-0.513,0.04,-0.09,-0.04
474252296000000,173181,-0.858,-0.025,-0.511,-0.06,0.06,-0.2
474252312000000,173201,-0.857,-0.022,-0.516,0.19,-0.09,-0.05
474252328000000,173221,-0.857,-0.025,-0.518,0.18,-0.15,-0.02
474252343000000,173241,-0.858,-0.023,-0.512,0.09,-0.65,-0.02
474252375000000,173261,-0.855,-0.022,-0.516,0.06,-0.09,0.27
474252390000000,173281,-0.852,-0.026,-0.52,-0.07,-0.1,-0.25
474252406000000,173301,-0.858,-0.02,-0.514,-0.05,0.22,-0.01
474252437000000,173321,-0.858,-0.025,-0.521,-0.29,-0.09,-0.06
474252453000000,173341,-0.855,-0.021,-0.511,-0.02,-0.12,0.08
474252468000000,173361,-0.854,-0.024,-0.519,-0.17,-0.03,0.03
474252484000000,173381,-0.86,-0.027,-0.513,-0.42,0.07,-0.01
474252515000000,173401,-0.857,-0.024,-0.514,0.04,0.07,-0.3
474252531000000,173421,-0.857,-0.023,-0.513,-0.07,0.02,-0.03
474252546000000,173441,-0.853,-0.023,-0.516,0.24,-0.12,0.11
474252578000000,173461,-0.857,-0.023,-0.515,0.3,0.24,-0.08
474252593000000,173481,-0.857,-0.027,-0.512,-0.19,0.07,-0.26
474252609000000,173501,-0.86,-0.028,-0.514,0.09,0.01,0.08
474252625000000,173521,-0.859,-0.024,-0.516,-0.22,0.15,-0.02
474252656000000,173541,-0.856,-0.024,-0.516,0.05,-0.22,0.02
474252671000000,173561,-0.855,-0.022,-0.515,0.12,0.28,0.02
474252687000000,173581,-0.854,-0.023,-0.506,0.08,0.03,-0.03
474252718000000,173601,-0.858,-0.028,-0.518,-0.08,-0.14,-0.04
474252734000000,173621,-0.854,-0.025,-0.516,0.16,-0.16,0.05
474252750000000,173641,-0.859,-0.023,-0.524,0.02,-0.14,-0.12
474252765000000,173661,-0.859,-0.025,-0.509,-0.3,0.1,0.01
474252796000000,173681,-0.858,-0.025,-0.519,-0.07,0.04,-0.01
474252812000000,173701,-0.856,-0.023,-0.515,0.38,0.11,0.11
474252828000000,173721,-0.857,-0.025,-0.512,0.03,-0.54,-0.06
474252843000000,173741,-0.856,-0.027,-0.514,-0.4,0.27,-0.19
474252875000000,173761,-0.86,-0.022,-0.502,-0.24,0.12,-0.14
474252890000000,173781,-0.861,-0.023,-0.513,-0.01,-0.31,-0.13
474252906000000,173801,-0.856,-0.025,-0.519,0.02,0.08,0.11
474252937000000,173821,-0.855,-0.023,-0.512,-0.13,-0.11,0.24
474252953000000,173841,-0.856,-0.025,-0.511,-0.05,-0.05,0.02
474252968000000,173861,-0.853,-0.024,-0.516,0.22,-0.33,0.11
474252984000000,173881,-0.855,-0.022,-0.515,-0.17,-0.12,-0.07
474253015000000,173901,-0.858,-0.026,-0.517,0.15,-0.09,0.14
474253031000000,173921,-0.854,-0.027,-0.517,0.02,0.04,0.11
474253046000000,173941,-0.858,-0.023,-0.513,0.09,0.11,0.07
474253078000000,173961,-0.857,-0.024,-0.515,-0.07,0.09,0.17
474253093000000,173981,-0.858,-0.024,-0.516,0.15,0.17,-0.05
474253109000000,174001,-0.861,-0.024,-0.515,0.08,-0.18,-0.07
474253125000000,174021,-0.861,-0.023,-0.517,0.04,0.21,0.13
474253156000000,174041,-0.859,-0.02,-0.52,-0.02,0.12,-0.03
474253171000000,174061,-0.86,-0.027,-0.52,-0.04,0.18,0.27
474253187000000,174081,-0.857,-0.023,-0.52,0.05,-0.08,0.13
474253203000000,174101,-0.857,-0.027,-0.519,-0.2,0.3,-0.0
474253234000000,174121,-0.857,-0.022,-0.511,-0.06,-0.22,-0.14
474253250000000,174141,-0.854,-0.027,-0.517,0.13,0.01,-0.05
474253265000000,174161,-0.86,-0.025,-0.518,-0.05,-0.01,0.04
474253296000000,174181,-0.851,-0.023,-0.515,-0.17,-0.05,-0.01
474253312000000,174201,-0.859,-0.022,-0.515,-0.14,0.03,0.16
474253328000000,174221,-0.855,-0.025,-0.514,0.04,0.19,0.2
474253343000000,174241,-0.852,-0.025,-0.51,0.02,-0.1,-0.05
474253375000000,174261,-0.857,-0.025,-0.509,0.14,0.15,-0.09
474253390000000,174281,-0.852,-0.023,-0.515,-0.02,-0.02,-0.05
474253406000000,174301,-0.857,-0.023,-0.519,0.05,-0.31,0.09
474253437000000,174321,-0.857,-0.021,-0.519,-0.09,-0.26,-0.07
474253453000000,174341,-0.86,-0.022,-0.524,0.12,0.2,0.08
474253468000000,174361,-0.859,-0.022,-0.519,-0.08,-0.15,-0.0
474253484000000,174381,-0.856,-0.026,-0.517,0.15,-0.19,0.01
474253515000000,174401,-0.857,-0.027,-0.512,-0.13,0.49,0.04
474253531000000,174421,-0.855,-0.024,-0.511,-0.03,0.07,0.15
474253546000000,174441,-0.858,-0.025,-0.521,0.01,0.01,-0.08
474253578000000,174461,-0.854,-0.025,-0.521,-0.15,0.33,0.05
474253593000000,174481,-0.859,-0.027,-0.518,-0.23,-0.12,-0.15
474253609000000,174501,-0.856,-0.023,-0.512,0.33,0.08,0.16
474253625000000,174521,-0.858,-0.028,-0.517,-0.07,-0.17,0.11
474253656000000,174541,-0.855,-0.02,-0.517,-0.3,0.19,-0.08
474253671000000,174561,-0.857,-0.028,-0.513,0.17,0.3,-0.11
474253687000000,174581,-0.858,-0.025,-0.52,0.14,0.2,0.02
474253703000000,174601,-0.858,-0.026,-0.512,0.12,-0.25,0.24
474253734000000,174621,-0.859,-0.027,-0.515,0.05,-0.27,0.08
474253750000000,174641,-0.856,-0.021,-0.522,0.36,0.04,-0.13
474253765000000,174661,-0.856,-0.023,-0.521,-0.16,0.38,-0.13
474253796000000,174681,-0.858,-0.022,-0.518,-0.07,-0.01,-0.02
474253812000000,174701,-0.859,-0.026,-0.511,-0.05,-0.12,0.08
474253828000000,174721,-0.858,-0.026,-0.515,-0.08,0.08,-0.12
474253843000000,174741,-0.859,-0.025,-0.511,0.05,0.03,0.15
474253875000000,174761,-0.858,-0.021,-0.512,-0.05,0.08,-0.21
474253890000000,174781,-0.853,-0.022,-0.515,0.01,-0.13,0.11
474253906000000,174801,-0.861,-0.026,-0.511,-0.1,-0.09,-0.19
474253937000000,174821,-0.856,-0.02,-0.511,-0.01,0.09,-0.22
474253953000000,174841,-0.856,-0.025,-0.519,0.03,0.2,-0.14
474253968000000,174861,-0.86,-0.023,-0.519,0.0,-0.04,-0.03
474253984000000,174881,-0.858,-0.028,-0.513,-0.12,-0.12,-0.08
474254015000000,174901,-0.857,-0.023,-0.517,-0.11,0.07,-0.07
474254031000000,174921,-0.858,-0.024,-0.513,0.03,-0.33,0.1
474254046000000,174941,-0.859,-0.027,-0.515,0.05,0.02,0.08
474254078000000,174961,-0.858,-0.025,-0.52,0.23,0.07,0.21
474254093000000,174981,-0.86,-0.025,-0.517,0.06,0.04,0.17
474254109000000,175001,-0.857,-0.026,-0.516,0.04,-0.25,0.15
474254125000000,175021,-0.852,-0.023,-0.516,-0.1,0.23,-0.08
474254156000000,175041,-0.858,-0.022,-0.515,0.28,0.28,0.13
474254171000000,175061,-0.859,-0.025,-0.513,0.0,0.09,-0.41
474254187000000,175081,-0.859,-0.024,-0.517,-0.01,-0.17,-0.08
474254203000000,175101,-0.859,-0.025,-0.509,0.05,-0.09,0.24
474254234000000,175121,-0.858,-0.027,-0.517,-0.07,0.05,-0.08
474254250000000,175141,-0.854,-0.025,-0.514,-0.07,-0.0,-0.03
474254265000000,175161,-0.855,-0.025,-0.519,0.12,-0.02,-0.15
474254296000000,175181,-0.854,-0.023,-0.52,-0.04,-0.12,0.04
474254312000000,175201,-0.854,-0.024,-0.516,0.08,-0.1,-0.06
474254328000000,175221,-0.854,-0.023,-0.518,-0.24,-0.08,0.4
474254343000000,175241,-0.852,-0.027,-0.516,-0.09,-0.1,0.02
474254375000000,175261,-0.858,-0.024,-0.513,-0.01,-0.19,-0.06
474254390000000,175281,-0.857,-0.022,-0.515,-0.19,0.08,-0.09
474254406000000,175301,-0.857,-0.025,-0.514,0.02,-0.01,-0.05
474254437000000,175321,-0.857,-0.029,-0.517,0.1,0.05,0.06
474254453000000,175341,-0.855,-0.023,-0.507,-0.05,0.13,-0.28
474254468000000,175361,-0.855,-0.02,-0.517,0.05,-0.02,-0.0
474254484000000,175381,-0.857,-0.023,-0.519,-0.08,0.17,0.12
474254515000000,175401,-0.858,-0.025,-0.512,-0.14,0.08,-0.02
474254531000000,175421,-0.855,-0.025,-0.513,-0.04,0.3,0.1
474254546000000,175441,-0.852,-0.024,-0.514,-0.04,-0.28,0.08
474254578000000,175461,-0.854,-0.027,-0.524,0.12,0.11,0.01
474254593000000,175481,-0.856,-0.022,-0.518,-0.13,0.43,0.01
474254609000000,175501,-0.858,-0.023,-0.523,0.2,0.2,0.01
474254625000000,175521,-0.858,-0.024,-0.509,-0.14,0.16,0.17
474254656000000,175541,-0.855,-0.023,-0.514,0.22,-0.19,-0.1
474254671000000,175561,-0.854,-0.025,-0.516,0.05,-0.03,0.11
474254687000000,175581,-0.858,-0.021,-0.515,-0.11,0.23,-0.15
474254703000000,175601,-0.855,-0.027,-0.518,-0.08,-0.04,-0.16
474254734000000,175621,-0.861,-0.025,-0.515,0.11,0.02,-0.01
474254750000000,175641,-0.859,-0.027,-0.519,0.06,0.15,0.04
474254765000000,175661,-0.859,-0.024,-0.514,-0.04,-0.12,-0.15
474254796000000,175681,-0.856,-0.026,-0.518,-0.16,-0.09,-0.13
474254812000000,175701,-0.859,-0.027,-0.516,0.03,0.14,0.19
474254828000000,175721,-0.859,-0.021,-0.52,-0.21,0.2,-0.17
474254843000000,175741,-0.856,-0.024,-0.511,0.02,-0.2,0.09
474254875000000,175761,-0.855,-0.027,-0.516,0.07,-0.09,0.28
474254890000000,175781,-0.855,-0.029,-0.515,-0.06,-0.02,0.28
474254906000000,175801,-0.86,-0.024,-0.517,0.35,-0.02,0.13
474254937000000,175821,-0.855,-0.027,-0.514,0.03,0.19,-0.25
474254953000000,175841,-0.858,-0.028,-0.515,0.25,0.02,0.24
474254968000000,175861,-0.856,-0.022,-0.518,0.08,-0.17,-0.02
474254984000000,175881,-0.857,-0.026,-0.516,0.02,-0.13,0.02
474255015000000,175901,-0.856,-0.024,-0.515,0.05,0.23,-0.08
474255031000000,175921,-0.854,-0.025,-0.516,0.14,0.14,-0.18
474255046000000,175941,-0.858,-0.028,-0.518,-0.11,0.01,-0.08
474255078000000,175961,-0.852,-0.025,-0.513,0.2,-0.01,-0.13
474255093000000,175981,-0.859,-0.023,-0.519,0.28,-0.17,0.09
474255109000000,176001,-0.855,-0.024,-0.513,0.15,-0.2,-0.12
474255125000000,176021,-0.86,-0.021,-0.512,0.16,-0.11,0.03
474255156000000,176041,-0.857,-0.025,-0.517,0.32,0.02,-0.15
474255171000000,176061,-0.861,-0.025,-0.515,0.14,-0.18,0.05
474255187000000,176081,-0.857,-0.022,-0.51,-0.01,0.4,0.34
474255203000000,176101,-0.856,-0.023,-0.516,0.13,0.2,0.05
474255234000000,176121,-0.854,-0.023,-0.516,0.07,0.08,-0.01
474255250000000,176141,-0.86,-0.023,-0.515,0.16,-0.25,0.07
474255265000000,176161,-0.858,-0.022,-0.515,-0.01,-0.09,-0.13
474255296000000,176181,-0.855,-0.026,-0.521,0.15,-0.02,0.2
474255312000000,176201,-0.854,-0.024,-0.517,0.12,-0.03,-0.12
474255328000000,176221,-0.852,-0.024,-0.514,0.01,0.43,0.13
474255343000000,176241,-0.854,-0.023,-0.519,0.0,-0.23,0.4
474255375000000,176261,-0.856,-0.026,-0.509,-0.25,0.03,0.27
474255390000000,176281,-0.86,-0.025,-0.511,-0.14,-0.7,0.08
474255406000000,176301,-0.86,-0.022,-0.519,0.19,-0.33,-0.0
474255437000000,176321,-0.857,-0.025,-0.509,-0.01,0.22,0.08
474255453000000,176341,-0.857,-0.026,-0.514,0.18,-0.25,0.04
474255468000000,176361,-0.859,-0.024,-0.514,-0.13,0.05,-0.01
474255484000000,176381,-0.859,-0.02,-0.519,0.29,-0.19,-0.22
474255515000000,176401,-0.858,-0.025,-0.518,0.3,-0.59,-0.28
474255531000000,176421,-0.855,-0.028,-0.511,0.46,-0.36,0.36
474255546000000,176441,-0.857,-0.023,-0.515,-0.26,0.01,-0.18
474255578000000,176461,-0.855,-0.026,-0.516,-0.56,0.49,0.2
474255593000000,176481,-0.854,-0.026,-0.509,0.22,0.43,0.01
474255609000000,176501,-0.852,-0.025,-0.51,-0.14,-0.16,0.06
474255625000000,176521,-0.861,-0.025,-0.513,0.43,0.25,-0.26
474255656000000,176541,-0.859,-0.026,-0.518,-0.17,0.09,-0.05
474255671000000,176561,-0.854,-0.022,-0.511,-0.14,0.31,-0.13
474255687000000,176581,-0.854,-0.021,-0.519,-0.1,0.06,-0.28
474255703000000,176601,-0.853,-0.024,-0.511,-0.24,-0.15,0.12
474255734000000,176621,-0.86,-0.024,-0.512,0.14,-0.2,-0.02
474255750000000,176641,-0.857,-0.026,-0.523,-0.06,-0.02,-0.15
474255765000000,176661,-0.854,-0.024,-0.517,-0.17,-0.22,0.29
474255796000000,176681,-0.856,-0.025,-0.515,-0.08,0.17,0.22
474255812000000,176701,-0.86,-0.026,-0.509,-0.22,-0.02,0.11
474255828000000,176721,-0.858,-0.025,-0.514,0.07,0.05,0.17
474255843000000,176741,-0.857,-0.025,-0.517,-0.04,-0.26,0.24
474255875000000,176761,-0.859,-0.028,-0.516,0.29,-0.04,-0.11
474255890000000,176781,-0.853,-0.025,-0.518,-0.01,-0.17,0.12
474255906000000,176801,-0.859,-0.022,-0.518,-0.14,0.04,0.11
474255937000000,176821,-0.857,-0.029,-0.515,0.31,-0.02,0.15
474255953000000,176841,-0.855,-0.027,-0.514,-0.17,0.21,0.08
474255968000000,176861,-0.855,-0.025,-0.513,-0.24,-0.22,-0.05
474255984000000,176881,-0.855,-0.021,-0.514,0.0,-0.02,-0.1
474256015000000,176901,-0.857,-0.026,-0.511,0.0,-0.18,0.05
474256031000000,176921,-0.859,-0.022,-0.516,0.1,0.01,-0.06
474256046000000,176941,-0.856,-0.026,-0.52,-0.15,0.32,0.08
474256078000000,176961,-0.856,-0.028,-0.515,-0.17,-0.15,0.05
474256093000000,176981,-0.857,-0.025,-0.515,0.01,0.17,0.16
474256109000000,177001,-0.858,-0.02,-0.516,-0.06,-0.37,-0.08
474256125000000,177021,-0.854,-0.022,-0.52,-0.13,-0.27,0.13
474256156000000,177041,-0.855,-0.018,-0.516,0.16,-0.4,-0.05
474256171000000,177061,-0.856,-0.024,-0.511,0.09,-0.16,0.17
474256187000000,177081,-0.856,-0.023,-0.51,0.04,-0.25,-0.07
474256203000000,177101,-0.858,-0.022,-0.511,0.14,0.2,0.04
474256234000000,177121,-0.859,-0.024,-0.513,-0.32,0.2,0.11
474256250000000,177141,-0.855,-0.023,-0.513,0.04,0.16,0.21
474256265000000,177161,-0.854,-0.021,-0.519,0.05,0.15,0.13
474256296000000,177181,-0.852,-0.025,-0.515,-0.03,-0.16,0.22
474256312000000,177201,-0.856,-0.027,-0.518,-0.11,-0.28,-0.06
474256328000000,177221,-0.86,-0.028,-0.513,0.08,-0.21,0.08
474256343000000,177241,-0.858,-0.025,-0.513,0.05,0.04,-0.0
474256375000000,177261,-0.852,-0.027,-0.519,0.02,0.09,0.17
474256390000000,177281,-0.854,-0.023,-0.51,0.05,-0.25,-0.0
474256406000000,177301,-0.857,-0.025,-0.514,0.05,-0.13,-0.12
474256437000000,177321,-0.855,-0.025,-0.511,0.02,-0.02,0.14
474256453000000,177341,-0.859,-0.024,-0.514,0.02,-0.45,-0.21
474256468000000,177361,-0.862,-0.023,-0.518,0.09,0.29,-0.31
474256484000000,177381,-0.855,-0.023,-0.509,0.13,-0.19,0.03
474256515000000,177401,-0.853,-0.024,-0.514,-0.08,0.19,-0.15
474256531000000,177421,-0.856,-0.024,-0.512,-0.29,0.04,0.01
474256546000000,177441,-0.855,-0.02,-0.516,0.21,0.24,-0.03
474256578000000,177461,-0.858,-0.022,-0.507,0.13,-0.05,-0.12
474256593000000,177481,-0.856,-0.023,-0.51,0.16,0.04,0.28
474256609000000,177501,-0.86,-0.022,-0.517,-0.06,-0.5,0.2
474256625000000,177521,-0.854,-0.02,-0.528,-0.1,0.13,-0.08
474256656000000,177541,-0.854,-0.024,-0.516,0.13,-0.04,0.08
474256671000000,177561,-0.854,-0.021,-0.52,-0.25,-0.2,-0.12
474256687000000,177581,-0.857,-0.022,-0.52,0.1,-0.2,0.08
474256703000000,177601,-0.854,-0.023,-0.521,-0.16,-0.25,-0.15
474256734000000,177621,-0.857,-0.024,-0.519,0.03,0.29,0.21
474256750000000,177641,-0.859,-0.025,-0.511,0.22,-0.12,-0.26
474256765000000,177661,-0.861,-0.025,-0.517,-0.11,-0.18,-0.13
474256796000000,177681,-0.859,-0.025,-0.52,-0.04,0.13,-0.24
474256812000000,177701,-0.852,-0.025,-0.518,0.16,0.13,0.01
474256828000000,177721,-0.853,-0.025,-0.516,0.09,0.11,-0.12
474256843000000,177741,-0.86,-0.027,-0.508,0.01,0.19,0.08
474256875000000,177761,-0.857,-0.03,-0.517,0.12,0.21,0.09
474256890000000,177781,-0.861,-0.024,-0.515,0.36,0.05,0.2
474256906000000,177801,-0.859,-0.027,-0.51,0.09,0.18,0.09
474256937000000,177821,-0.856,-0.026,-0.512,0.18,-0.09,-0.04
474256953000000,177841,-0.856,-0.019,-0.52,0.23,0.23,-0.04
474256968000000,177861,-0.855,-0.023,-0.519,0.2,-0.57,0.03
474256984000000,177881,-0.862,-0.027,-0.517,-0.04,-0.13,0.21
474257015000000,177901,-0.855,-0.029,-0.522,0.09,0.13,-0.15
474257031000000,177921,-0.855,-0.023,-0.517,0.21,-0.37,-0.28
474257046000000,177941,-0.855,-0.03,-0.518,-0.03,0.11,-0.06
474257078000000,177961,-0.853,-0.021,-0.508,-0.08,-0.32,0.08
474257093000000,177981,-0.852,-0.024,-0.506,0.05,-0.07,0.05
474257109000000,178001,-0.856,-0.022,-0.52,0.08,-0.13,-0.09
474257125000000,178021,-0.859,-0.025,-0.515,0.05,0.01,-0.01
474257156000000,178041,-0.86,-0.022,-0.517,0.17,0.02,-0.22
474257171000000,178061,-0.858,-0.022,-0.52,-0.13,-0.01,-0.02
474257187000000,178081,-0.854,-0.024,-0.516,0.01,0.14,-0.08
474257203000000,178101,-0.857,-0.024,-0.521,0.02,-0.12,0.09
474257234000000,178121,-0.852,-0.027,-0.518,-0.03,-0.17,0.16
474257250000000,178141,-0.859,-0.025,-0.52,0.02,0.13,-0.15
474257265000000,178161,-0.859,-0.028,-0.519,0.1,-0.08,-0.02
474257296000000,178181,-0.857,-0.021,-0.521,-0.07,-0.08,0.02
474257312000000,178201,-0.858,-0.022,-0.516,0.16,-0.02,-0.13
474257328000000,178221,-0.853,-0.029,-0.511,0.21,0.02,-0.1
474257343000000,178241,-0.867,-0.022,-0.522,-0.28,0.01,-0.53
474257375000000,178261,-0.854,-0.018,-0.527,0.02,-0.84,-0.31
474257390000000,178281,-0.864,-0.024,-0.515,0.08,-0.56,-0.02
474257406000000,178301,-0.853,-0.025,-0.505,0.14,-0.6,0.32
474257437000000,178321,-0.851,-0.03,-0.508,0.06,0.43,0.24
474257453000000,178341,-0.857,-0.028,-0.511,0.03,-0.06,0.05
474257468000000,178361,-0.858,-0.023,-0.51,0.11,0.05,-0.0
474257484000000,178381,-0.859,-0.025,-0.52,-0.11,0.33,0.11
474257515000000,178401,-0.856,-0.026,-0.52,-0.31,-0.2,0.1
474257531000000,178421,-0.852,-0.022,-0.519,0.19,0.18,0.13
474257546000000,178441,-0.862,-0.022,-0.517,0.13,0.27,0.14
474257578000000,178461,-0.86,-0.021,-0.506,-0.13,0.25,-0.07
474257593000000,178481,-0.858,-0.022,-0.51,-0.16,0.23,0.24
474257609000000,178501,-0.86,-0.025,-0.51,0.07,-0.23,0.01
474257625000000,178521,-0.854,-0.025,-0.51,0.13,0.17,0.04
474257656000000,178541,-0.857,-0.025,-0.517,0.07,0.13,0.21
474257671000000,178561,-0.857,-0.029,-0.515,-0.17,0.14,0.12
474257687000000,178581,-0.856,-0.02,-0.522,-0.16,-0.02,0.02
474257718000000,178601,-0.857,-0.026,-0.523,0.14,0.36,-0.18
474257734000000,178621,-0.856,-0.026,-0.521,0.05,-0.1,0.01
474257750000000,178641,-0.857,-0.022,-0.511,-0.01,-0.35,-0.35
474257765000000,178661,-0.86,-0.021,-0.509,0.12,-0.15,0.1
474257796000000,178681,-0.862,-0.021,-0.516,-0.13,-0.03,0.21
474257812000000,178701,-0.861,-0.026,-0.508,-0.1,0.07,-0.18
474257828000000,178721,-0.854,-0.021,-0.508,0.28,0.07,0.2
474257843000000,178741,-0.856,-0.021,-0.511,0.22,0.11,-0.01
474257875000000,178761,-0.851,-0.025,-0.523,0.0,0.03,0.14
474257890000000,178781,-0.854,-0.023,-0.517,-0.14,0.24,-0.22
474257906000000,178801,-0.855,-0.025,-0.519,0.09,0.14,0.11
474257937000000,178821,-0.858,-0.027,-0.512,0.15,-0.35,0.08
474257953000000,178841,-0.857,-0.025,-0.512,0.06,-0.23,0.08
474257968000000,178861,-0.861,-0.024,-0.516,-0.02,-0.12,-0.06
474257984000000,178881,-0.857,-0.021,-0.508,-0.36,0.02,-0.04
474258015000000,178901,-0.858,-0.021,-0.509,-0.33,-0.24,0.12
474258031000000,178921,-0.853,-0.023,-0.514,-0.01,-0.03,0.07
474258046000000,178941,-0.852,-0.024,-0.518,0.08,0.27,0.13
474258078000000,178961,-0.855,-0.026,-0.513,-0.09,0.1,-0.23
474258093000000,178981,-0.853,-0.025,-0.521,-0.13,0.35,0.06
474258109000000,179001,-0.856,-0.029,-0.515,-0.06,0.05,-0.1
474258125000000,179021,-0.853,-0.024,-0.519,-0.04,-0.01,-0.15
474258156000000,179041,-0.857,-0.022,-0.513,0.07,-0.47,-0.08
474258171000000,179061,-0.858,-0.025,-0.513,0.05,-0.07,-0.2
474258187000000,179081,-0.861,-0.022,-0.513,-0.17,-0.06,-0.03
474258203000000,179101,-0.857,-0.022,-0.519,0.32,0.17,-0.27
474258234000000,179121,-0.852,-0.022,-0.509,0.06,0.27,0.13
474258250000000,179141,-0.853,-0.023,-0.517,0.09,-0.44,0.05
474258265000000,179161,-0.857,-0.024,-0.516,-0.14,-0.3,-0.03
474258296000000,179181,-0.858,-0.024,-0.516,0.04,0.03,0.12
474258312000000,179201,-0.853,-0.029,-0.518,-0.05,-0.43,0.02
474258328000000,179221,-0.856,-0.027,-0.519,0.13,0.18,0.11
474258343000000,179241,-0.854,-0.025,-0.508,-0.01,0.1,-0.33
474258375000000,179261,-0.865,-0.029,-0.514,-0.07,-0.12,0.24
474258390000000,179281,-0.854,-0.022,-0.509,0.05,-0.37,-0.06
474258406000000,179301,-0.856,-0.025,-0.517,0.04,0.43,-0.15
474258437000000,179321,-0.852,-0.023,-0.519,0.0,-0.16,0.24
474258453000000,179341,-0.857,-0.022,-0.518,0.15,0.34,-0.09
474258468000000,179361,-0.855,-0.029,-0.517,-0.29,-0.16,0.08
474258484000000,179381,-0.856,-0.029,-0.519,0.09,-0.05,0.07
474258515000000,179401,-0.859,-0.027,-0.51,-0.19,0.13,0.18
474258531000000,179421,-0.856,-0.024,-0.515,0.29,0.17,0.05
474258546000000,179441,-0.855,-0.023,-0.516,-0.2,-0.03,-0.11
474258578000000,179461,-0.853,-0.025,-0.512,0.15,-0.18,-0.14
474258593000000,179481,-0.855,-0.022,-0.521,-0.05,0.07,-0.05
474258609000000,179501,-0.855,-0.025,-0.517,0.1,-0.17,0.28
474258625000000,179521,-0.85,-0.02,-0.521,-0.22,0.05,-0.07
474258656000000,179541,-0.851,-0.022,-0.511,-0.14,0.09,0.06
474258671000000,179561,-0.855,-0.028,-0.521,0.12,-0.24,0.14
474258687000000,179581,-0.855,-0.026,-0.511,-0.03,-0.02,0.29
474258703000000,179601,-0.86,-0.021,-0.513,0.0,0.01,-0.03
474258734000000,179621,-0.859,-0.031,-0.519,-0.04,0.17,0.14
474258750000000,179641,-0.859,-0.027,-0.517,-0.17,-0.11,-0.09
474258765000000,179661,-0.856,-0.023,-0.514,0.1,0.18,-0.06
474258796000000,179681,-0.856,-0.026,-0.512,0.24,0.12,0.14
474258812000000,179701,-0.855,-0.025,-0.511,-0.19,0.27,-0.04
474258828000000,179721,-0.858,-0.022,-0.518,0.05,-0.28,0.05
474258843000000,179741,-0.853,-0.022,-0.515,0.09,-0.15,-0.18
474258875000000,179761,-0.854,-0.021,-0.507,0.05,-0.04,0.08
474258890000000,179781,-0.857,-0.024,-0.515,-0.19,0.01,0.18
474258906000000,179801,-0.856,-0.028,-0.517,0.22,0.08,0.16
474258937000000,179821,-0.854,-0.025,-0.522,-0.04,-0.12,0.05
474258953000000,179841,-0.857,-0.027,-0.518,0.04,-0.16,-0.05
474258968000000,179861,-0.855,-0.025,-0.516,0.03,0.45,0.12
474258984000000,179881,-0.857,-0.024,-0.522,0.09,0.14,0.13
474259015000000,179901,-0.857,-0.025,-0.509,0.13,-0.04,0.02
474259031000000,179921,-0.861,-0.029,-0.514,-0.16,-0.28,0.13
474259046000000,179941,-0.857,-0.026,-0.513,0.23,-0.26,0.05
474259078000000,179961,-0.855,-0.022,-0.515,0.04,0.34,0.12
474259093000000,179981,-0.857,-0.024,-0.513,-0.02,-0.31,-0.15
474259109000000,180001,-0.856,-0.022,-0.518,-0.02,0.27,-0.1
474259125000000,180021,-0.855,-0.025,-0.52,-0.09,-0.08,0.01
474259156000000,180041,-0.857,-0.024,-0.516,0.34,-0.12,-0.11
474259171000000,180061,-0.856,-0.027,-0.511,0.12,0.12,-0.02
474259187000000,180081,-0.855,-0.023,-0.514,0.25,-0.27,-0.02
474259203000000,180101,-0.858,-0.025,-0.504,0.12,-0.23,0.21
474259234000000,180121,-0.856,-0.024,-0.511,0.01,0.01,0.12
474259250000000,180141,-0.86,-0.025,-0.512,-0.07,0.17,0.17
474259265000000,180161,-0.86,-0.021,-0.519,-0.33,-0.16,0.11
474259296000000,180181,-0.86,-0.022,-0.518,-0.08,0.07,0.17
474259312000000,180201,-0.854,-0.025,-0.507,-0.03,0.01,0.22
474259328000000,180221,-0.854,-0.023,-0.517,-0.09,-0.11,0.03
474259343000000,180241,-0.855,-0.025,-0.519,0.02,-0.22,-0.08
474259375000000,180261,-0.859,-0.024,-0.511,-0.06,0.23,0.1
474259390000000,180281,-0.855,-0.027,-0.513,-0.06,0.05,0.15
474259406000000,180301,-0.852,-0.025,-0.521,0.08,-0.06,-0.0
474259437000000,180321,-0.858,-0.023,-0.518,-0.02,0.25,-0.07
474259453000000,180341,-0.857,-0.021,-0.513,-0.09,-0.03,-0.08
474259468000000,180361,-0.85,-0.022,-0.512,0.14,0.01,-0.15
474259484000000,180381,-0.865,-0.027,-0.514,-0.11,-0.46,0.17
474259515000000,180401,-0.853,-0.021,-0.517,-0.18,-0.85,0.01
474259531000000,180421,-0.856,-0.02,-0.516,-0.17,0.85,0.14
474259546000000,180441,-0.857,-0.025,-0.515,-0.04,-0.54,-0.04
474259578000000,180461,-0.853,-0.026,-0.507,-0.08,0.23,0.04
474259593000000,180481,-0.86,-0.021,-0.516,-0.02,0.27,-0.02
474259609000000,180501,-0.853,-0.021,-0.516,-0.01,-0.34,-0.32
474259625000000,180521,-0.855,-0.025,-0.52,-0.02,0.59,-0.05
474259656000000,180541,-0.855,-0.025,-0.52,-0.07,-0.22,0.01
474259671000000,180561,-0.851,-0.025,-0.514,0.03,-0.09,-0.12
474259687000000,180581,-0.856,-0.023,-0.519,0.11,-0.49,0.08
474259703000000,180601,-0.855,-0.029,-0.518,0.05,0.02,0.05
474259734000000,180621,-0.86,-0.024,-0.513,-0.1,0.2,-0.25
474259750000000,180641,-0.857,-0.024,-0.514,-0.01,-0.12,-0.22
474259765000000,180661,-0.859,-0.025,-0.513,-0.02,-0.12,-0.03
474259796000000,180681,-0.857,-0.023,-0.516,-0.01,-0.04,0.34
474259812000000,180701,-0.852,-0.018,-0.513,0.05,-0.22,-0.06
474259828000000,180721,-0.853,-0.026,-0.518,0.07,0.02,0.02
474259843000000,180741,-0.858,-0.029,-0.514,0.17,0.27,0.26
474259875000000,180761,-0.858,-0.018,-0.518,-0.04,0.2,-0.02
474259890000000,180781,-0.852,-0.02,-0.518,0.1,-0.09,-0.21
474259906000000,180801,-0.861,-0.021,-0.508,0.24,-0.28,0.01
474259937000000,180821,-0.852,-0.023,-0.516,-0.12,-0.12,0.22
474259953000000,180841,-0.857,-0.022,-0.512,0.1,-0.18,-0.2
474259968000000,180861,-0.856,-0.026,-0.511,-0.14,0.18,0.05
474259984000000,180881,-0.858,-0.021,-0.52,-0.03,0.01,0.02
474260015000000,180901,-0.854,-0.027,-0.516,-0.03,0.11,-0.05
474260031000000,180921,-0.856,-0.027,-0.515,0.34,-0.11,0.04
474260046000000,180941,-0.861,-0.026,-0.513,0.03,0.2,0.08
474260078000000,180961,-0.856,-0.026,-0.523,0.05,-0.02,0.17
474260093000000,180981,-0.857,-0.023,-0.516,0.02,-0.12,0.05
474260109000000,181001,-0.856,-0.023,-0.522,0.04,-0.02,-0.02
474260125000000,181021,-0.858,-0.02,-0.513,-0.04,-0.1,0.05
474260156000000,181041,-0.854,-0.022,-0.516,0.0,0.04,0.04
474260171000000,181061,-0.856,-0.023,-0.516,-0.04,0.13,0.1
474260187000000,181081,-0.856,-0.024,-0.519,0.12,0.03,-0.02
474260218000000,181101,-0.856,-0.025,-0.516,-0.02,-0.2,-0.0
474260234000000,181121,-0.854,-0.025,-0.511,-0.12,-0.18,0.08
474260250000000,181141,-0.856,-0.03,-0.52,-0.07,-0.22,-0.05
474260265000000,181161,-0.858,-0.026,-0.514,-0.01,0.02,0.14
474260296000000,181181,-0.855,-0.025,-0.508,-0.14,0.02,-0.14
474260312000000,181201,-0.856,-0.022,-0.517,-0.12,0.12,-0.09
474260328000000,181221,-0.854,-0.024,-0.516,0.01,-0.14,-0.02
474260343000000,181241,-0.856,-0.026,-0.519,-0.31,-0.08,0.08
474260375000000,181261,-0.854,-0.022,-0.519,-0.11,-0.14,0.24
474260390000000,181281,-0.852,-0.022,-0.516,-0.14,-0.06,-0.01
474260406000000,181301,-0.86,-0.022,-0.52,-0.26,0.01,0.07
474260437000000,181321,-0.856,-0.028,-0.505,-0.08,0.27,-0.05
474260453000000,181341,-0.853,-0.031,-0.523,-0.07,0.19,-0.12
474260468000000,181361,-0.856,-0.026,-0.514,-0.14,0.08,0.17
474260484000000,181381,-0.857,-0.024,-0.516,-0.14,-0.25,0.05
474260515000000,181401,-0.856,-0.026,-0.511,0.04,0.09,0.16
474260531000000,181421,-0.853,-0.02,-0.515,-0.03,-0.36,0.14
474260546000000,181441,-0.858,-0.021,-0.519,0.18,-0.02,-0.04
474260578000000,181461,-0.856,-0.023,-0.513,0.15,0.01,0.11
474260593000000,181481,-0.857,-0.023,-0.517,-0.01,-0.09,0.3
474260609000000,181501,-0.855,-0.027,-0.519,-0.14,0.23,0.09
474260625000000,181521,-0.856,-0.026,-0.519,-0.07,-0.06,0.06
474260656000000,181541,-0.852,-0.025,-0.517,0.03,-0.09,0.07
474260671000000,181561,-0.853,-0.027,-0.518,-0.24,-0.19,0.01
474260687000000,181581,-0.855,-0.024,-0.518,0.09,-0.11,-0.13
474260718000000,181601,-0.859,-0.024,-0.518,-0.14,0.02,-0.03
474260734000000,181621,-0.858,-0.026,-0.515,0.11,0.2,-0.2
474260750000000,181641,-0.861,-0.022,-0.508,0.38,0.01,-0.26
474260765000000,181661,-0.858,-0.023,-0.516,0.18,0.11,0.15
474260796000000,181681,-0.858,-0.024,-0.515,-0.14,0.19,-0.08
474260812000000,181701,-0.856,-0.027,-0.518,0.17,0.11,-0.04
474260828000000,181721,-0.856,-0.022,-0.517,-0.18,0.04,-0.15
474260843000000,181741,-0.857,-0.026,-0.516,0.17,-0.0,-0.02
474260875000000,181761,-0.856,-0.025,-0.518,-0.14,0.01,-0.12
474260890000000,181781,-0.859,-0.025,-0.512,0.2,0.21,-0.05
474260906000000,181801,-0.858,-0.026,-0.519,0.16,-0.03,-0.31
474260937000000,181821,-0.858,-0.023,-0.512,0.16,0.3,-0.1
474260953000000,181841,-0.852,-0.027,-0.517,0.1,-0.0,-0.15
474260968000000,181861,-0.858,-0.025,-0.51,-0.24,-0.08,-0.17
474260984000000,181881,-0.858,-0.025,-0.517,-0.12,0.09,0.01
474261015000000,181901,-0.855,-0.026,-0.512,-0.07,-0.19,-0.16
474261031000000,181921,-0.857,-0.025,-0.517,0.02,-0.02,-0.02
474261046000000,181941,-0.857,-0.024,-0.519,-0.11,0.27,-0.21
474261078000000,181961,-0.856,-0.023,-0.517,-0.23,0.17,0.05
474261093000000,181981,-0.854,-0.025,-0.51,0.31,-0.13,-0.05
474261109000000,182001,-0.854,-0.025,-0.516,-0.14,0.09,0.02
474261125000000,182021,-0.857,-0.023,-0.52,-0.17,0.56,0.07
474261156000000,182041,-0.858,-0.029,-0.518,-0.01,0.17,0.03
474261171000000,182061,-0.856,-0.024,-0.517,0.18,-0.0,-0.11
474261187000000,182081,-0.854,-0.022,-0.514,-0.1,0.1,0.11
474261203000000,182101,-0.856,-0.026,-0.511,0.16,-0.44,0.06
474261234000000,182121,-0.858,-0.026,-0.516,-0.2,0.01,-0.19
474261250000000,182141,-0.856,-0.025,-0.522,-0.17,-0.02,0.04
474261265000000,182161,-0.86,-0.021,-0.521,0.02,0.03,-0.19
474261296000000,182181,-0.86,-0.025,-0.52,0.09,0.14,0.11
474261312000000,182201,-0.859,-0.022,-0.517,-0.02,0.33,0.14
474261328000000,182221,-0.86,-0.024,-0.515,-0.06,0.13,0.19
474261343000000,182241,-0.857,-0.024,-0.52,0.17,-0.22,-0.09
474261375000000,182261,-0.86,-0.026,-0.512,-0.13,0.17,-0.21
474261390000000,182281,-0.858,-0.028,-0.517,0.11,-0.18,-0.2
474261406000000,182301,-0.855,-0.025,-0.519,-0.13,0.08,0.22
474261437000000,182321,-0.86,-0.027,-0.517,0.18,0.14,-0.12
474261453000000,182341,-0.855,-0.025,-0.512,0.5,0.14,0.07
474261468000000,182361,-0.852,-0.026,-0.513,-0.01,-0.02,0.13
474261484000000,182381,-0.858,-0.026,-0.517,0.02,-0.0,-0.01
474261515000000,182401,-0.856,-0.024,-0.516,0.01,0.17,0.16
474261531000000,182421,-0.852,-0.023,-0.508,0.03,-0.02,0.07
474261546000000,182441,-0.861,-0.025,-0.523,0.12,0.09,0.14
474261578000000,182461,-0.856,-0.028,-0.512,-0.32,-0.11,-0.21
474261593000000,182481,-0.859,-0.025,-0.511,0.05,0.37,0.2
474261609000000,182501,-0.86,-0.022,-0.515,-0.3,-0.57,-0.18
474261625000000,182521,-0.855,-0.022,-0.517,0.07,0.07,0.19
474261656000000,182541,-0.857,-0.022,-0.511,0.11,-0.02,-0.04
474261671000000,182561,-0.854,-0.022,-0.516,0.18,-0.26,0.08
474261687000000,182581,-0.853,-0.02,-0.508,-0.11,-0.09,-0.21
474261703000000,182601,-0.856,-0.025,-0.518,0.0,-0.22,0.12
474261734000000,182621,-0.859,-0.022,-0.515,-0.07,0.09,-0.13
474261750000000,182641,-0.853,-0.024,-0.513,0.09,-0.28,-0.02
474261765000000,182661,-0.857,-0.025,-0.515,-0.22,-0.09,0.07
474261796000000,182681,-0.853,-0.029,-0.509,0.15,-0.08,-0.13
474261812000000,182701,-0.858,-0.028,-0.511,-0.11,-0.02,-0.08
474261828000000,182721,-0.857,-0.023,-0.512,0.09,-0.2,0.14
474261843000000,182741,-0.86,-0.028,-0.513,0.3,-0.0,0.26
474261875000000,182761,-0.855,-0.029,-0.519,0.03,-0.2,0.13
474261890000000,182781,-0.858,-0.022,-0.522,0.13,-0.14,-0.14
474261906000000,182801,-0.854,-0.02,-0.512,0.02,0.28,0.02
474261937000000,182821,-0.86,-0.024,-0.512,-0.18,-0.26,0.07
474261953000000,182841,-0.858,-0.025,-0.517,0.16,-0.08,-0.08
474261968000000,182861,-0.859,-0.031,-0.515,-0.05,-0.05,-0.03
474261984000000,182881,-0.858,-0.028,-0.513,-0.11,0.04,0.17
474262015000000,182901,-0.85,-0.023,-0.519,0.13,-0.07,0.03
474262031000000,182921,-0.86,-0.024,-0.517,0.09,-0.17,-0.04
474262046000000,182941,-0.857,-0.02,-0.521,-0.13,-0.25,0.08
474262078000000,182961,-0.857,-0.025,-0.52,-0.02,0.07,-0.08
474262093000000,182981,-0.857,-0.023,-0.516,0.15,0.03,-0.11
474262109000000,183001,-0.856,-0.023,-0.515,-0.17,-0.01,0.05
474262125000000,183021,-0.854,-0.026,-0.515,0.02,0.13,0.22
474262156000000,183041,-0.858,-0.027,-0.517,0.09,0.01,0.15
474262171000000,183061,-0.857,-0.029,-0.515,0.12,-0.09,0.11
474262187000000,183081,-0.854,-0.025,-0.517,-0.04,0.23,0.05
474262203000000,183101,-0.856,-0.025,-0.519,0.16,0.1,-0.1
474262234000000,183121,-0.856,-0.026,-0.51,-0.02,-0.01,0.14
474262250000000,183141,-0.858,-0.026,-0.507,-0.2,-0.09,-0.06
474262265000000,183161,-0.856,-0.028,-0.512,0.01,0.08,0.05
474262296000000,183181,-0.856,-0.026,-0.513,0.27,-0.24,0.1
474262312000000,183201,-0.86,-0.024,-0.52,-0.2,-0.19,-0.14
474262328000000,183221,-0.857,-0.023,-0.52,0.09,0.17,0.2
474262343000000,183241,-0.855,-0.022,-0.508,0.11,0.17,0.07
474262375000000,183261,-0.853,-0.027,-0.516,0.09,0.17,-0.14
474262390000000,183281,-0.859,-0.027,-0.518,0.04,0.13,0.1
474262406000000,183301,-0.856,-0.027,-0.509,0.04,0.11,0.01
474262437000000,183321,-0.855,-0.025,-0.521,0.42,0.4,-0.02
474262453000000,183341,-0.858,-0.022,-0.512,-0.11,-0.16,0.16
474262468000000,183361,-0.858,-0.026,-0.514,-0.19,-0.04,0.01
474262484000000,183381,-0.853,-0.023,-0.516,-0.12,0.11,0.06
474262515000000,183401,-0.852,-0.021,-0.516,0.2,0.37,-0.45
474262531000000,183421,-0.862,-0.026,-0.516,0.1,-0.02,0.19
474262546000000,183441,-0.859,-0.023,-0.519,-0.2,-0.12,0.21
474262562000000,183461,-0.861,-0.02,-0.515,0.11,0.02,-0.02
474262593000000,183481,-0.857,-0.025,-0.51,-0.19,-0.47,0.07
474262609000000,183501,-0.86,-0.029,-0.514,0.24,0.15,0.03
474262625000000,183521,-0.856,-0.025,-0.519,0.12,0.06,0.24
474262656000000,183541,-0.854,-0.023,-0.509,0.01,0.07,0.13
474262671000000,183561,-0.856,-0.026,-0.518,-0.14,0.14,-0.14
474262687000000,183581,-0.855,-0.031,-0.519,-0.05,0.3,0.24
474262703000000,183601,-0.861,-0.023,-0.518,0.02,0.07,0.25
474262734000000,183621,-0.853,-0.022,-0.518,0.01,0.2,0.2
474262750000000,183641,-0.857,-0.022,-0.52,-0.11,0.32,-0.01
474262765000000,183661,-0.855,-0.028,-0.519,-0.04,-0.01,0.12
474262796000000,183681,-0.858,-0.026,-0.51,0.09,-0.26,0.1
474262812000000,183701,-0.854,-0.024,-0.518,0.07,-0.01,0.23
474262828000000,183721,-0.856,-0.026,-0.509,0.05,-0.38,0.18
474262843000000,183741,-0.86,-0.026,-0.517,0.09,0.09,-0.16
474262875000000,183761,-0.856,-0.023,-0.515,-0.17,-0.02,-0.07
474262890000000,183781,-0.856,-0.024,-0.511,0.22,-0.02,0.02
474262906000000,183801,-0.856,-0.026,-0.51,0.1,-0.12,0.06
474262937000000,183821,-0.858,-0.028,-0.512,-0.01,-0.03,0.06
474262953000000,183841,-0.857,-0.022,-0.517,-0.04,0.19,0.14
474262968000000,183861,-0.856,-0.03,-0.516,0.21,0.04,0.03
474262984000000,183881,-0.858,-0.028,-0.521,-0.03,-0.04,0.06
474263015000000,183901,-0.86,-0.025,-0.518,0.13,0.08,0.19
474263031000000,183921,-0.857,-0.025,-0.517,-0.07,0.04,-0.07
474263046000000,183941,-0.856,-0.025,-0.516,0.12,0.08,0.03
474263078000000,183961,-0.855,-0.02,-0.517,-0.14,0.14,0.23
474263093000000,183981,-0.856,-0.027,-0.519,0.13,0.08,0.15
474263109000000,184001,-0.86,-0.026,-0.517,-0.02,0.08,-0.08
474263125000000,184021,-0.853,-0.027,-0.509,-0.04,0.06,0.07
474263156000000,184041,-0.856,-0.03,-0.515,0.01,-0.04,0.27
474263171000000,184061,-0.857,-0.025,-0.518,0.13,-0.12,0.12
474263187000000,184081,-0.858,-0.025,-0.514,-0.15,0.03,0.11
474263218000000,184101,-0.858,-0.02,-0.525,0.02,0.17,0.01
474263234000000,184121,-0.855,-0.024,-0.516,0.13,0.04,0.18
474263250000000,184141,-0.856,-0.025,-0.519,0.15,-0.07,0.16
474263265000000,184161,-0.856,-0.022,-0.515,0.02,-0.09,0.25
474263296000000,184181,-0.856,-0.024,-0.517,0.15,-0.07,0.11
474263312000000,184201,-0.86,-0.028,-0.517,-0.14,0.2,-0.25
474263328000000,184221,-0.86,-0.026,-0.512,-0.18,-0.12,-0.08
474263343000000,184241,-0.857,-0.025,-0.516,-0.07,-0.02,0.07
474263375000000,184261,-0.858,-0.024,-0.524,-0.18,0.05,0.17
474263390000000,184281,-0.855,-0.023,-0.513,0.05,0.29,-0.22
474263406000000,184301,-0.851,-0.023,-0.511,0.13,0.23,0.15
474263437000000,184321,-0.853,-0.024,-0.514,-0.13,0.33,-0.0
474263453000000,184341,-0.857,-0.026,-0.515,0.06,0.04,-0.06
474263468000000,184361,-0.857,-0.017,-0.516,0.32,-0.04,0.23
474263484000000,184381,-0.855,-0.022,-0.516,-0.08,0.38,0.16
474263515000000,184401,-0.857,-0.024,-0.521,0.12,-0.02,0.06
474263531000000,184421,-0.856,-0.027,-0.519,0.02,0.17,0.08
474263546000000,184441,-0.861,-0.027,-0.52,-0.02,-0.27,0.2
474263578000000,184461,-0.857,-0.026,-0.517,0.09,-0.28,-0.12
474263593000000,184481,-0.858,-0.024,-0.519,-0.09,0.11,0.02
474263609000000,184501,-0.858,-0.023,-0.517,-0.01,0.04,-0.03
474263625000000,184521,-0.859,-0.027,-0.518,-0.22,-0.09,-0.16
474263656000000,184541,-0.863,-0.025,-0.514,-0.12,0.11,-0.19
474263671000000,184561,-0.862,-0.026,-0.505,-0.22,0.2,-0.24
474263687000000,184581,-0.861,-0.024,-0.512,-0.03,0.18,0.06
474263718000000,184601,-0.86,-0.024,-0.512,0.02,0.55,0.12
474263734000000,184621,-0.857,-0.022,-0.508,-0.17,0.24,0.05
474263750000000,184641,-0.856,-0.021,-0.513,-0.14,0.13,0.09
474263765000000,184661,-0.855,-0.024,-0.516,-0.04,-0.08,0.08
474263796000000,184681,-0.857,-0.02,-0.514,0.17,-0.28,-0.02
474263812000000,184701,-0.861,-0.022,-0.517,0.09,0.09,-0.03
474263828000000,184721,-0.857,-0.025,-0.516,0.02,-0.15,0.01
474263843000000,184741,-0.855,-0.024,-0.519,0.12,0.22,-0.14
474263875000000,184761,-0.85,-0.026,-0.514,0.02,0.17,0.15
474263890000000,184781,-0.859,-0.022,-0.513,-0.01,0.18,-0.06
474263906000000,184801,-0.854,-0.024,-0.515,-0.1,-0.08,-0.15
474263937000000,184821,-0.858,-0.023,-0.508,0.15,0.12,0.1
474263953000000,184841,-0.853,-0.024,-0.518,-0.01,0.32,-0.17
474263968000000,184861,-0.858,-0.028,-0.514,-0.07,0.06,0.13
474263984000000,184881,-0.86,-0.023,-0.512,-0.09,-0.06,0.26
474264015000000,184901,-0.857,-0.022,-0.511,-0.2,-0.38,-0.0
474264031000000,184921,-0.857,-0.024,-0.512,-0.13,0.46,-0.09
474264046000000,184941,-0.855,-0.022,-0.513,0.01,0.2,-0.05
474264078000000,184961,-0.856,-0.024,-0.519,0.12,0.16,-0.06
474264093000000,184981,-0.856,-0.028,-0.518,0.14,-0.22,0.01
474264109000000,185001,-0.855,-0.026,-0.511,0.02,-0.02,0.16
474264125000000,185021,-0.857,-0.025,-0.518,-0.05,0.09,-0.09
474264156000000,185041,-0.858,-0.025,-0.521,0.05,0.3,-0.02
474264171000000,185061,-0.857,-0.026,-0.509,-0.14,0.08,-0.12
474264187000000,185081,-0.857,-0.026,-0.519,0.23,-0.14,0.2
474264218000000,185101,-0.856,-0.025,-0.52,0.13,0.11,0.06
474264234000000,185121,-0.851,-0.025,-0.514,-0.08,-0.19,-0.02
474264250000000,185141,-0.86,-0.025,-0.521,-0.04,0.05,0.07
474264265000000,185161,-0.862,-0.024,-0.516,0.0,0.32,-0.08
474264296000000,185181,-0.856,-0.028,-0.515,-0.13,-0.09,0.01
474264312000000,185201,-0.858,-0.025,-0.526,-0.09,0.21,0.01
474264328000000,185221,-0.858,-0.027,-0.514,-0.15,-0.16,0.15
474264343000000,185241,-0.857,-0.027,-0.519,-0.19,0.23,-0.09
474264375000000,185261,-0.853,-0.021,-0.512,-0.08,0.17,-0.06
474264390000000,185281,-0.857,-0.027,-0.52,-0.01,-0.15,0.11
474264406000000,185301,-0.853,-0.023,-0.517,0.09,-0.15,0.15
474264437000000,185321,-0.856,-0.023,-0.515,-0.19,0.24,0.01
474264453000000,185341,-0.855,-0.025,-0.508,-0.01,-0.16,0.06
474264468000000,185361,-0.854,-0.021,-0.517,-0.03,0.29,-0.1
474264484000000,185381,-0.858,-0.027,-0.521,-0.03,-0.02,-0.15
474264515000000,185401,-0.859,-0.026,-0.512,0.15,0.02,-0.02
474264531000000,185421,-0.857,-0.029,-0.513,-0.07,0.07,-0.05
474264546000000,185441,-0.858,-0.03,-0.512,0.03,-0.11,-0.0
474264578000000,185461,-0.859,-0.029,-0.517,-0.04,-0.04,0.29
474264593000000,185481,-0.857,-0.027,-0.513,-0.2,0.03,0.1
474264609000000,185501,-0.858,-0.025,-0.521,0.38,0.18,0.03
474264625000000,185521,-0.856,-0.024,-0.508,0.22,0.1,-0.0
474264656000000,185541,-0.859,-0.028,-0.516,0.03,0.21,-0.17
474264671000000,185561,-0.86,-0.024,-0.518,0.03,0.05,-0.12
474264687000000,185581,-0.856,-0.023,-0.509,-0.05,0.02,-0.14
474264703000000,185601,-0.855,-0.023,-0.516,0.18,-0.05,0.22
474264734000000,185621,-0.859,-0.027,-0.518,0.06,0.3,-0.25
474264750000000,185641,-0.853,-0.031,-0.513,0.12,0.17,-0.08
474264765000000,185661,-0.857,-0.025,-0.519,-0.01,-0.18,-0.15
474264796000000,185681,-0.855,-0.025,-0.515,-0.07,0.06,0.3
474264812000000,185701,-0.854,-0.024,-0.516,-0.04,0.15,0.2
474264828000000,185721,-0.859,-0.027,-0.519,0.1,0.05,0.01
474264843000000,185741,-0.857,-0.025,-0.519,-0.01,-0.24,0.2
474264875000000,185761,-0.853,-0.029,-0.514,-0.1,-0.15,-0.0
474264890000000,185781,-0.854,-0.024,-0.519,0.31,-0.15,0.14
474264906000000,185801,-0.857,-0.022,-0.511,-0.29,0.11,-0.36
474264937000000,185821,-0.861,-0.025,-0.515,0.28,0.3,-0.36
474264953000000,185841,-0.859,-0.024,-0.522,-0.03,-0.02,0.01
474264968000000,185861,-0.86,-0.025,-0.514,0.09,-0.03,0.34
474264984000000,185881,-0.858,-0.027,-0.513,0.25,-0.03,0.11
474265015000000,185901,-0.855,-0.022,-0.514,-0.14,0.06,0.11
474265031000000,185921,-0.856,-0.021,-0.516,-0.01,-0.07,-0.09
474265046000000,185941,-0.853,-0.026,-0.517,-0.1,0.2,0.05
474265078000000,185961,-0.852,-0.022,-0.517,0.15,-0.02,-0.12
474265093000000,185981,-0.859,-0.025,-0.519,0.15,0.03,-0.12
474265109000000,186001,-0.859,-0.022,-0.518,-0.04,-0.07,0.05
474265125000000,186021,-0.858,-0.026,-0.516,-0.26,0.09,0.16
474265156000000,186041,-0.857,-0.023,-0.517,0.02,0.04,0.15
474265171000000,186061,-0.856,-0.02,-0.514,0.35,0.22,0.08
474265187000000,186081,-0.855,-0.024,-0.507,-0.14,0.2,0.05
474265203000000,186101,-0.856,-0.023,-0.51,0.21,-0.19,-0.02
474265234000000,186121,-0.857,-0.023,-0.514,-0.01,0.05,-0.21
474265250000000,186141,-0.858,-0.025,-0.515,0.15,-0.12,-0.05
474265265000000,186161,-0.859,-0.021,-0.515,0.03,-0.16,-0.01
474265296000000,186181,-0.858,-0.023,-0.522,-0.19,-0.04,-0.12
474265312000000,186201,-0.856,-0.025,-0.513,-0.04,0.14,0.23
474265328000000,186221,-0.855,-0.024,-0.514,-0.11,0.03,-0.02
474265343000000,186241,-0.86,-0.021,-0.51,0.12,-0.01,-0.14
474265375000000,186261,-0.857,-0.027,-0.515,-0.04,-0.34,-0.2
474265390000000,186281,-0.855,-0.021,-0.514,0.03,0.23,0.09
474265406000000,186301,-0.856,-0.025,-0.515,-0.03,0.33,-0.12
474265437000000,186321,-0.856,-0.026,-0.514,0.28,-0.26,0.2
474265453000000,186341,-0.855,-0.025,-0.52,0.05,0.18,0.01
474265468000000,186361,-0.856,-0.022,-0.512,0.19,-0.02,-0.08
474265484000000,186381,-0.862,-0.02,-0.517,-0.16,-0.25,-0.09
474265515000000,186401,-0.853,-0.021,-0.512,0.02,-0.17,-0.1
474265531000000,186421,-0.86,-0.024,-0.518,0.05,0.01,0.01
474265546000000,186441,-0.862,-0.025,-0.513,-0.18,-0.1,0.17
474265578000000,186461,-0.854,-0.026,-0.517,0.02,0.11,0.11
474265593000000,186481,-0.859,-0.023,-0.517,0.0,-0.07,0.19
474265609000000,186501,-0.854,-0.02,-0.519,0.09,0.01,-0.24
474265625000000,186521,-0.857,-0.024,-0.511,-0.06,-0.2,0.11
474265656000000,186541,-0.859,-0.023,-0.514,-0.14,0.32,0.08
474265671000000,186561,-0.859,-0.025,-0.513,-0.07,0.05,-0.09
474265687000000,186581,-0.856,-0.028,-0.521,0.09,0.02,0.19
474265703000000,186601,-0.858,-0.027,-0.51,0.03,0.04,0.04
474265734000000,186621,-0.857,-0.022,-0.509,-0.07,-0.05,0.13
474265750000000,186641,-0.857,-0.018,-0.515,-0.04,0.33,-0.05
474265765000000,186661,-0.854,-0.023,-0.511,-0.06,0.05,0.05
474265796000000,186681,-0.858,-0.024,-0.521,0.02,0.16,-0.07
474265812000000,186701,-0.855,-0.023,-0.516,-0.16,-0.26,-0.02
474265828000000,186721,-0.853,-0.028,-0.516,-0.04,0.13,0.2
474265843000000,186741,-0.855,-0.025,-0.517,-0.24,-0.12,0.12
474265875000000,186761,-0.858,-0.024,-0.515,-0.19,-0.05,-0.2
474265890000000,186781,-0.857,-0.02,-0.511,-0.04,0.05,0.23
474265906000000,186801,-0.855,-0.026,-0.514,-0.06,0.04,-0.05
474265937000000,186821,-0.861,-0.026,-0.513,-0.14,-0.0,-0.12
474265953000000,186841,-0.855,-0.025,-0.518,0.02,0.04,-0.11
474265968000000,186861,-0.854,-0.026,-0.512,0.02,0.04,-0.31
474265984000000,186881,-0.857,-0.023,-0.513,-0.24,-0.06,-0.08
474266015000000,186901,-0.856,-0.024,-0.518,0.1,-0.01,-0.12
474266031000000,186921,-0.855,-0.023,-0.515,-0.03,-0.19,0.1
474266046000000,186941,-0.86,-0.026,-0.517,0.14,-0.26,0.07
474266062000000,186961,-0.861,-0.024,-0.521,-0.07,-0.1,0.03
474266093000000,186981,-0.856,-0.027,-0.51,0.04,0.07,-0.05
474266109000000,187001,-0.857,-0.028,-0.518,-0.03,-0.28,-0.03
474266125000000,187021,-0.857,-0.023,-0.512,0.15,0.08,-0.05
474266156000000,187041,-0.857,-0.023,-0.524,-0.17,-0.29,0.07
474266171000000,187061,-0.856,-0.023,-0.521,-0.06,0.11,0.07
474266187000000,187081,-0.854,-0.029,-0.517,0.11,-0.15,-0.11
474266203000000,187101,-0.86,-0.025,-0.516,0.05,-0.37,0.26
474266234000000,187121,-0.855,-0.024,-0.515,0.13,-0.29,0.16
474266250000000,187141,-0.858,-0.023,-0.517,0.01,0.14,-0.19
474266265000000,187161,-0.859,-0.021,-0.515,0.12,0.33,0.1
474266296000000,187181,-0.859,-0.027,-0.512,-0.13,-0.21,0.27
474266312000000,187201,-0.856,-0.025,-0.508,0.04,-0.14,-0.01
474266328000000,187221,-0.857,-0.026,-0.518,-0.15,-0.04,-0.05
474266343000000,187241,-0.857,-0.02,-0.517,-0.14,-0.15,0.02
474266375000000,187261,-0.858,-0.023,-0.518,0.13,-0.08,0.01
474266390000000,187281,-0.857,-0.025,-0.52,0.03,0.14,0.21
474266406000000,187301,-0.858,-0.026,-0.511,0.13,-0.09,-0.24
474266437000000,187321,-0.852,-0.026,-0.518,-0.01,0.11,0.02
474266453000000,187341,-0.856,-0.025,-0.515,-0.24,-0.18,-0.08
474266468000000,187361,-0.854,-0.025,-0.515,-0.03,-0.16,-0.02
474266484000000,187381,-0.856,-0.025,-0.52,0.38,0.27,0.38
474266515000000,187401,-0.852,-0.021,-0.519,-0.01,-0.06,0.06
474266531000000,187421,-0.856,-0.021,-0.513,-0.13,-0.07,-0.15
474266546000000,187441,-0.856,-0.026,-0.518,-0.08,-0.54,0.01
474266578000000,187461,-0.852,-0.026,-0.512,-0.12,-0.1,-0.05
474266593000000,187481,-0.857,-0.026,-0.514,0.12,-0.48,0.17
474266609000000,187501,-0.859,-0.021,-0.515,0.01,0.46,0.01
474266625000000,187521,-0.862,-0.023,-0.515,0.03,0.12,0.11
474266656000000,187541,-0.856,-0.025,-0.511,0.09,-0.1,-0.18
474266671000000,187561,-0.857,-0.025,-0.508,-0.24,0.01,-0.28
474266687000000,187581,-0.858,-0.02,-0.513,-0.04,-0.09,0.01
474266718000000,187601,-0.852,-0.025,-0.516,-0.02,-0.06,-0.03
474266734000000,187621,-0.86,-0.025,-0.517,-0.18,0.09,0.03
474266750000000,187641,-0.857,-0.026,-0.512,0.0,-0.33,0.04
474266765000000,187661,-0.854,-0.026,-0.518,0.31,0.22,-0.05
474266796000000,187681,-0.85,-0.03,-0.519,0.27,0.01,0.09
474266812000000,187701,-0.854,-0.026,-0.517,0.09,0.25,0.21
474266828000000,187721,-0.856,-0.024,-0.513,0.12,-0.04,0.15
474266843000000,187741,-0.861,-0.026,-0.512,0.05,-0.19,0.12
474266875000000,187761,-0.853,-0.026,-0.516,0.13,-0.05,-0.08
474266890000000,187781,-0.857,-0.023,-0.515,0.26,0.32,-0.09
474266906000000,187801,-0.857,-0.028,-0.516,0.2,0.05,-0.08
474266937000000,187821,-0.857,-0.025,-0.518,-0.01,-0.16,-0.12
474266953000000,187841,-0.855,-0.024,-0.516,0.02,-0.28,0.08
474266968000000,187861,-0.858,-0.022,-0.512,-0.01,-0.17,0.05
474266984000000,187881,-0.856,-0.025,-0.511,0.06,0.02,0.06
474267015000000,187901,-0.855,-0.028,-0.508,-0.07,0.14,-0.08
474267031000000,187921,-0.861,-0.024,-0.51,0.15,-0.31,-0.04
474267046000000,187941,-0.857,-0.024,-0.514,0.26,-0.13,-0.11
474267062000000,187961,-0.856,-0.024,-0.515,0.17,-0.33,0.25
474267093000000,187981,-0.85,-0.033,-0.521,0.15,-0.25,-0.1
474267109000000,188001,-0.856,-0.02,-0.517,0.4,0.07,0.01
474267125000000,188021,-0.856,-0.025,-0.509,-0.09,0.36,-0.03
474267156000000,188041,-0.862,-0.024,-0.525,0.09,-0.12,0.12
474267171000000,188061,-0.855,-0.028,-0.516,0.35,0.06,-0.12
474267187000000,188081,-0.856,-0.026,-0.517,-0.07,0.18,0.4
474267203000000,188101,-0.859,-0.025,-0.521,-0.18,-0.07,0.04
474267234000000,188121,-0.859,-0.023,-0.516,-0.28,-0.22,0.08
474267250000000,188141,-0.855,-0.021,-0.52,-0.16,0.04,0.17
474267265000000,188161,-0.855,-0.023,-0.518,0.05,-0.05,0.02
474267296000000,188181,-0.857,-0.024,-0.52,0.05,-0.07,-0.1
474267312000000,188201,-0.858,-0.024,-0.516,-0.07,0.15,0.02
474267328000000,188221,-0.858,-0.025,-0.515,-0.12,-0.01,0.37
474267343000000,188241,-0.855,-0.025,-0.516,0.07,0.07,-0.25
474267375000000,188261,-0.857,-0.022,-0.508,-0.04,-0.13,-0.03
474267390000000,188281,-0.855,-0.024,-0.511,-0.07,0.09,-0.07
474267406000000,188301,-0.858,-0.026,-0.516,-0.09,0.1,0.02
474267437000000,188321,-0.855,-0.021,-0.517,-0.09,0.08,-0.15
474267453000000,188341,-0.857,-0.028,-0.514,0.05,-0.08,0.16
474267468000000,188361,-0.856,-0.025,-0.519,-0.06,0.11,0.05
474267484000000,188381,-0.858,-0.028,-0.514,-0.04,-0.09,0.24
474267515000000,188401,-0.857,-0.024,-0.51,-0.01,0.31,-0.05
474267531000000,188421,-0.857,-0.025,-0.515,0.02,0.2,-0.08
474267546000000,188441,-0.856,-0.027,-0.52,-0.01,-0.01,-0.08
474267562000000,188461,-0.854,-0.024,-0.514,0.06,-0.02,0.07
474267593000000,188481,-0.86,-0.025,-0.514,0.3,-0.04,0.1
474267609000000,188501,-0.853,-0.021,-0.52,0.09,-0.06,0.3
474267625000000,188521,-0.857,-0.022,-0.517,-0.06,0.21,-0.0
474267656000000,188541,-0.855,-0.029,-0.521,-0.07,-0.11,0.19
474267671000000,188561,-0.858,-0.029,-0.519,0.04,-0.25,0.01
474267687000000,188581,-0.856,-0.027,-0.517,0.01,-0.01,-0.01
474267703000000,188601,-0.854,-0.023,-0.507,0.08,0.2,0.05
474267734000000,188621,-0.857,-0.023,-0.509,-0.08,0.15,0.01
474267750000000,188641,-0.854,-0.025,-0.515,0.04,-0.02,0.17
474267765000000,188661,-0.855,-0.024,-0.512,0.25,0.14,0.01
474267796000000,188681,-0.854,-0.029,-0.509,0.01,0.14,-0.09
474267812000000,188701,-0.855,-0.024,-0.515,0.24,0.23,-0.02
474267828000000,188721,-0.855,-0.025,-0.515,-0.2,-0.03,0.02
474267843000000,188741,-0.855,-0.026,-0.518,0.08,-0.11,0.09
474267875000000,188761,-0.858,-0.026,-0.512,0.22,-0.15,-0.12
474267890000000,188781,-0.856,-0.022,-0.513,0.22,-0.02,0.1
474267906000000,188801,-0.859,-0.024,-0.517,-0.14,-0.0,0.12
474267937000000,188821,-0.858,-0.026,-0.514,-0.01,-0.02,-0.0
474267953000000,188841,-0.855,-0.024,-0.519,0.08,0.17,-0.12
474267968000000,188861,-0.859,-0.028,-0.513,-0.11,0.07,0.08
474267984000000,188881,-0.859,-0.023,-0.523,0.02,-0.08,-0.08
474268015000000,188901,-0.858,-0.025,-0.509,-0.03,0.04,-0.03
474268031000000,188921,-0.857,-0.025,-0.514,-0.04,0.1,-0.1
474268046000000,188941,-0.857,-0.027,-0.515,0.4,-0.21,-0.05
474268078000000,188961,-0.859,-0.023,-0.509,0.16,0.28,0.43
474268093000000,188981,-0.858,-0.024,-0.525,-0.16,0.16,0.05
474268109000000,189001,-0.858,-0.024,-0.514,-0.07,-0.0,0.1
474268125000000,189021,-0.854,-0.023,-0.517,0.03,0.14,0.28
474268156000000,189041,-0.854,-0.026,-0.518,-0.07,0.01,0.27
474268171000000,189061,-0.858,-0.026,-0.523,0.05,-0.06,-0.24
474268187000000,189081,-0.856,-0.024,-0.517,-0.33,-0.17,0.03
474268203000000,189101,-0.86,-0.023,-0.511,-0.07,0.45,0.24
474268234000000,189121,-0.856,-0.029,-0.51,0.1,0.08,0.2
474268250000000,189141,-0.857,-0.025,-0.508,0.21,-0.06,0.24
474268265000000,189161,-0.855,-0.024,-0.511,0.2,-0.38,-0.02
474268296000000,189181,-0.858,-0.025,-0.513,-0.06,0.07,-0.0
474268312000000,189201,-0.857,-0.024,-0.509,-0.18,0.2,0.11
474268328000000,189221,-0.859,-0.025,-0.513,-0.12,0.19,-0.09
474268343000000,189241,-0.855,-0.021,-0.515,-0.01,-0.12,0.17
474268375000000,189261,-0.857,-0.027,-0.518,0.04,0.15,0.02
474268390000000,189281,-0.859,-0.025,-0.518,0.02,-0.0,0.18
474268406000000,189301,-0.859,-0.024,-0.51,-0.04,-0.03,0.11
474268437000000,189321,-0.857,-0.024,-0.51,-0.04,-0.17,0.11
474268453000000,189341,-0.858,-0.025,-0.51,0.17,0.1,-0.09
474268468000000,189361,-0.86,-0.025,-0.513,0.3,-0.16,0.24
474268484000000,189381,-0.854,-0.018,-0.512,-0.14,-0.14,0.05
474268515000000,189401,-0.856,-0.023,-0.511,-0.09,0.02,-0.13
474268531000000,189421,-0.852,-0.018,-0.517,0.12,-0.06,-0.0
474268546000000,189441,-0.861,-0.029,-0.516,-0.04,-0.13,-0.17
474268562000000,189461,-0.852,-0.024,-0.517,0.13,-0.11,0.02
474268593000000,189481,-0.854,-0.027,-0.517,0.02,-0.11,-0.02
474268609000000,189501,-0.859,-0.024,-0.518,-0.09,-0.01,-0.04
474268625000000,189521,-0.855,-0.021,-0.516,-0.12,0.24,-0.18
474268656000000,189541,-0.855,-0.021,-0.508,0.04,0.17,-0.1
474268671000000,189561,-0.857,-0.025,-0.506,0.15,-0.09,0.06
474268687000000,189581,-0.857,-0.027,-0.519,0.12,-0.17,0.27
474268718000000,189601,-0.857,-0.021,-0.511,-0.02,-0.58,-0.21
474268734000000,189621,-0.857,-0.024,-0.51,0.28,0.43,0.05
474268750000000,189641,-0.855,-0.029,-0.518,-0.01,0.26,0.1
474268765000000,189661,-0.854,-0.023,-0.516,0.28,-0.28,-0.0
474268796000000,189681,-0.851,-0.026,-0.508,0.36,0.23,0.17
474268812000000,189701,-0.854,-0.023,-0.515,0.19,0.28,0.42
474268828000000,189721,-0.856,-0.026,-0.516,0.02,0.46,-0.15
474268843000000,189741,-0.858,-0.026,-0.511,0.27,0.01,-0.05
474268875000000,189761,-0.854,-0.025,-0.514,-0.05,-0.08,0.21
474268890000000,189781,-0.858,-0.03,-0.512,-0.3,0.06,-0.28
474268906000000,189801,-0.859,-0.023,-0.519,-0.05,0.09,0.05
474268937000000,189821,-0.855,-0.021,-0.511,-0.04,0.06,-0.08
474268953000000,189841,-0.856,-0.021,-0.515,0.01,0.01,0.17
474268968000000,189861,-0.856,-0.022,-0.519,-0.06,0.11,0.06
474268984000000,189881,-0.857,-0.021,-0.516,-0.28,-0.08,0.06
474269015000000,189901,-0.858,-0.02,-0.512,-0.12,-0.18,-0.15
474269031000000,189921,-0.861,-0.019,-0.517,0.02,0.14,0.17
474269046000000,189941,-0.858,-0.022,-0.519,-0.01,-0.08,-0.06
474269078000000,189961,-0.852,-0.027,-0.511,0.12,-0.02,0.01
474269093000000,189981,-0.852,-0.028,-0.523,0.14,-0.18,-0.02
474269109000000,190001,-0.858,-0.025,-0.518,-0.15,-0.16,0.08
474269125000000,190021,-0.858,-0.025,-0.516,-0.08,0.18,0.12
474269156000000,190041,-0.852,-0.022,-0.512,-0.16,-0.19,-0.02
474269171000000,190061,-0.856,-0.025,-0.516,0.17,0.07,0.14
474269187000000,190081,-0.856,-0.023,-0.511,-0.05,0.04,0.04
474269203000000,190101,-0.854,-0.021,-0.518,-0.13,0.14,0.22
474269234000000,190121,-0.856,-0.021,-0.512,0.25,0.11,-0.06
474269250000000,190141,-0.854,-0.027,-0.517,0.18,0.11,-0.12
474269265000000,190161,-0.853,-0.025,-0.513,0.35,-0.05,-0.19
474269296000000,190181,-0.858,-0.019,-0.513,0.11,-0.02,0.14
474269312000000,190201,-0.853,-0.024,-0.519,0.05,-0.02,0.05
474269328000000,190221,-0.86,-0.023,-0.52,-0.12,0.09,0.11
474269343000000,190241,-0.858,-0.023,-0.524,-0.17,0.04,-0.15
474269375000000,190261,-0.855,-0.026,-0.518,0.05,-0.23,-0.05
474269390000000,190281,-0.851,-0.024,-0.519,0.22,0.27,-0.05
474269406000000,190301,-0.851,-0.025,-0.516,-0.24,0.21,0.02
474269437000000,190321,-0.854,-0.024,-0.516,0.0,0.14,0.01
474269453000000,190341,-0.853,-0.021,-0.52,-0.03,-0.18,0.24
474269468000000,190361,-0.86,-0.027,-0.511,0.05,0.01,0.01
474269484000000,190381,-0.858,-0.027,-0.519,0.06,-0.1,0.14
474269515000000,190401,-0.851,-0.021,-0.515,-0.33,0.11,0.1
474269531000000,190421,-0.855,-0.027,-0.522,0.05,-0.28,-0.0
474269546000000,190441,-0.855,-0.027,-0.515,-0.19,-0.24,0.02
474269578000000,190461,-0.856,-0.026,-0.511,-0.22,-0.25,0.01
474269593000000,190481,-0.857,-0.026,-0.516,0.26,-0.19,0.05
474269609000000,190501,-0.858,-0.024,-0.51,0.07,-0.07,-0.21
474269625000000,190521,-0.857,-0.025,-0.512,-0.08,-0.26,-0.1
474269656000000,190541,-0.853,-0.025,-0.518,-0.26,-0.02,-0.23
474269671000000,190561,-0.849,-0.023,-0.523,0.23,0.25,-0.0
474269687000000,190581,-0.855,-0.028,-0.516,0.18,-0.21,0.06
474269703000000,190601,-0.854,-0.027,-0.515,-0.1,0.13,0.09
474269734000000,190621,-0.855,-0.022,-0.515,0.25,0.29,0.18
474269750000000,190641,-0.86,-0.032,-0.517,-0.18,-0.12,0.01
474269765000000,190661,-0.857,-0.025,-0.513,0.06,0.4,-0.15
474269796000000,190681,-0.852,-0.025,-0.518,0.12,-0.16,0.19
474269812000000,190701,-0.856,-0.024,-0.509,0.02,-0.24,0.03
474269828000000,190721,-0.855,-0.023,-0.516,-0.09,-0.08,-0.0
474269843000000,190741,-0.852,-0.026,-0.516,0.09,-0.19,-0.13
474269875000000,190761,-0.854,-0.023,-0.515,-0.12,0.11,0.04
474269890000000,190781,-0.858,-0.028,-0.505,0.05,0.3,-0.08
474269906000000,190801,-0.858,-0.021,-0.506,0.19,0.08,0.22
474269937000000,190821,-0.856,-0.025,-0.515,-0.01,0.85,0.04
474269953000000,190841,-0.857,-0.024,-0.519,-0.06,0.4,-0.07
474269968000000,190861,-0.854,-0.023,-0.514,-0.01,-0.16,0.13
474269984000000,190881,-0.858,-0.023,-0.51,0.03,0.11,0.14
474270015000000,190901,-0.857,-0.021,-0.515,-0.35,-0.03,0.2
474270031000000,190921,-0.853,-0.021,-0.512,-0.04,-0.35,-0.09
474270046000000,190941,-0.855,-0.024,-0.518,-0.04,0.53,-0.02
474270078000000,190961,-0.858,-0.025,-0.517,-0.2,-0.34,0.01
474270093000000,190981,-0.86,-0.027,-0.515,0.02,-0.53,-0.08
474270109000000,191001,-0.859,-0.027,-0.518,0.05,0.03,0.14
474270125000000,191021,-0.856,-0.026,-0.514,-0.26,0.14,0.14
474270156000000,191041,-0.853,-0.021,-0.511,-0.13,0.04,-0.15
474270171000000,191061,-0.859,-0.023,-0.51,-0.17,0.06,0.1
474270187000000,191081,-0.854,-0.02,-0.523,-0.21,-0.02,-0.09
474270203000000,191101,-0.856,-0.024,-0.515,-0.02,-0.16,-0.05
474270234000000,191121,-0.859,-0.022,-0.515,-0.1,-0.06,0.05
474270250000000,191141,-0.854,-0.023,-0.514,-0.12,0.01,-0.04
474270265000000,191161,-0.857,-0.024,-0.509,-0.05,0.17,-0.15
474270296000000,191181,-0.856,-0.025,-0.517,-0.04,0.43,0.01
474270312000000,191201,-0.862,-0.025,-0.515,-0.01,0.4,0.07
474270328000000,191221,-0.857,-0.022,-0.515,0.33,-0.12,0.15
474270343000000,191241,-0.852,-0.028,-0.514,-0.11,0.09,-0.09
474270375000000,191261,-0.856,-0.025,-0.514,0.18,-0.09,0.11
474270390000000,191281,-0.857,-0.021,-0.516,0.25,0.17,-0.09
474270406000000,191301,-0.857,-0.022,-0.518,-0.04,0.27,0.09
474270437000000,191321,-0.86,-0.025,-0.521,-0.19,0.07,-0.02
474270453000000,191341,-0.85,-0.025,-0.513,0.03,0.07,-0.06
474270468000000,191361,-0.852,-0.025,-0.514,0.33,0.07,-0.11
474270484000000,191381,-0.855,-0.026,-0.517,-0.22,0.28,-0.01
474270515000000,191401,-0.858,-0.023,-0.519,-0.12,0.1,0.01
474270531000000,191421,-0.853,-0.025,-0.513,-0.02,0.1,-0.18
474270546000000,191441,-0.856,-0.024,-0.506,0.23,0.1,0.19
474270578000000,191461,-0.859,-0.026,-0.516,0.03,-0.0,-0.05
474270593000000,191481,-0.859,-0.025,-0.518,0.13,0.01,0.06
474270609000000,191501,-0.855,-0.025,-0.509,-0.13,0.14,0.27
474270625000000,191521,-0.855,-0.023,-0.518,0.02,0.27,0.01
474270656000000,191541,-0.856,-0.026,-0.507,0.26,-0.03,-0.02
474270671000000,191561,-0.859,-0.028,-0.517,-0.17,0.16,-0.18
474270687000000,191581,-0.858,-0.022,-0.516,0.15,0.05,0.05
474270703000000,191601,-0.857,-0.023,-0.516,-0.26,0.07,-0.08
474270734000000,191621,-0.851,-0.025,-0.512,0.1,0.07,0.04
474270750000000,191641,-0.853,-0.025,-0.515,-0.07,0.01,0.03
474270765000000,191661,-0.858,-0.024,-0.51,-0.22,0.01,-0.06
474270796000000,191681,-0.855,-0.021,-0.512,-0.06,-0.01,0.16
474270812000000,191701,-0.86,-0.025,-0.518,0.12,0.12,-0.15
474270828000000,191721,-0.856,-0.024,-0.517,0.03,-0.28,-0.09
474270843000000,191741,-0.859,-0.027,-0.514,-0.03,0.09,0.06
474270875000000,191761,-0.858,-0.021,-0.518,0.14,-0.04,0.15
474270890000000,191781,-0.857,-0.024,-0.515,-0.09,-0.28,0.07
474270906000000,191801,-0.857,-0.021,-0.521,-0.01,-0.16,-0.12
474270937000000,191821,-0.861,-0.026,-0.516,0.05,0.07,-0.01
474270953000000,191841,-0.859,-0.021,-0.515,-0.04,-0.12,-0.18
474270968000000,191861,-0.855,-0.023,-0.52,0.08,0.01,-0.02
474270984000000,191881,-0.854,-0.027,-0.518,0.41,0.11,-0.14
474271015000000,191901,-0.857,-0.028,-0.518,-0.02,0.33,0.02
474271031000000,191921,-0.853,-0.026,-0.518,-0.03,0.06,0.02
474271046000000,191941,-0.855,-0.021,-0.523,-0.03,-0.29,0.17
474271062000000,191961,-0.856,-0.022,-0.515,0.05,-0.13,-0.08
474271093000000,191981,-0.858,-0.029,-0.519,0.33,0.36,-0.03
474271109000000,192001,-0.853,-0.025,-0.52,0.02,-0.15,0.02
474271125000000,192021,-0.858,-0.023,-0.511,-0.1,0.22,-0.21
474271156000000,192041,-0.857,-0.023,-0.523,-0.02,-0.16,0.11
474271171000000,192061,-0.856,-0.025,-0.516,0.01,0.17,-0.12
474271187000000,192081,-0.856,-0.018,-0.51,0.17,-0.01,-0.18
474271203000000,192101,-0.856,-0.022,-0.514,-0.27,0.07,0.19
474271234000000,192121,-0.858,-0.026,-0.512,0.12,-0.27,0.25
474271250000000,192141,-0.855,-0.023,-0.519,-0.19,-0.13,0.09
474271265000000,192161,-0.859,-0.025,-0.517,-0.14,0.1,-0.22
474271296000000,192181,-0.854,-0.027,-0.519,0.16,0.15,0.13
474271312000000,192201,-0.858,-0.026,-0.515,-0.01,-0.07,0.01
474271328000000,192221,-0.853,-0.024,-0.51,-0.09,-0.01,0.09
474271343000000,192241,-0.856,-0.025,-0.52,0.01,0.08,0.05
474271375000000,192261,-0.857,-0.027,-0.516,-0.14,0.22,0.13
474271390000000,192281,-0.861,-0.023,-0.519,-0.17,0.13,-0.12
474271406000000,192301,-0.853,-0.027,-0.52,-0.25,-0.06,0.1
474271437000000,192321,-0.851,-0.028,-0.519,0.22,0.07,0.05
474271453000000,192341,-0.856,-0.028,-0.517,0.16,0.14,-0.12
474271468000000,192361,-0.853,-0.025,-0.515,0.05,0.2,0.08
474271484000000,192381,-0.855,-0.023,-0.512,0.1,-0.25,0.03
474271515000000,192401,-0.861,-0.028,-0.512,0.07,-0.3,0.09
474271531000000,192421,-0.86,-0.021,-0.509,-0.01,-0.22,0.08
474271546000000,192441,-0.855,-0.024,-0.512,-0.04,0.23,0.07
474271578000000,192461,-0.857,-0.023,-0.51,0.08,0.52,0.23
474271593000000,192481,-0.858,-0.024,-0.52,0.13,-0.18,0.05
474271609000000,192501,-0.852,-0.021,-0.517,0.27,0.06,0.17
474271625000000,192521,-0.855,-0.024,-0.524,-0.15,0.12,0.13
474271656000000,192541,-0.853,-0.024,-0.525,0.08,-0.45,-0.11
474271671000000,192561,-0.856,-0.022,-0.523,0.02,0.04,0.29
474271687000000,192581,-0.859,-0.017,-0.519,0.02,0.03,0.18
474271703000000,192601,-0.858,-0.025,-0.513,0.02,-0.23,0.11
474271734000000,192621,-0.851,-0.025,-0.509,-0.21,-0.49,0.08
474271750000000,192641,-0.863,-0.028,-0.51,0.05,0.29,-0.06
474271765000000,192661,-0.859,-0.019,-0.512,-0.01,0.14,0.34
474271796000000,192681,-0.856,-0.025,-0.518,-0.33,0.04,0.11
474271812000000,192701,-0.857,-0.027,-0.521,-0.14,0.08,-0.01
474271828000000,192721,-0.853,-0.027,-0.512,-0.05,0.23,-0.03
474271843000000,192741,-0.855,-0.028,-0.516,0.02,0.01,-0.02
474271875000000,192761,-0.86,-0.022,-0.518,0.24,-0.13,0.17
474271890000000,192781,-0.858,-0.024,-0.512,0.12,-0.07,-0.12
474271906000000,192801,-0.861,-0.031,-0.512,-0.16,0.01,0.04
474271937000000,192821,-0.86,-0.027,-0.51,-0.14,-0.12,0.11
474271953000000,192841,-0.854,-0.025,-0.515,-0.11,-0.02,-0.24
474271968000000,192861,-0.854,-0.023,-0.514,-0.21,0.3,0.05
474271984000000,192881,-0.85,-0.027,-0.514,0.01,-0.14,-0.08
474272015000000,192901,-0.854,-0.026,-0.518,-0.19,0.01,0.14
474272031000000,192921,-0.855,-0.024,-0.517,0.22,-0.21,0.16
474272046000000,192941,-0.859,-0.025,-0.519,0.1,0.15,-0.1
474272062000000,192961,-0.855,-0.027,-0.515,0.1,-0.09,0.16
474272093000000,192981,-0.859,-0.025,-0.516,-0.01,0.17,-0.08
474272109000000,193001,-0.857,-0.029,-0.517,0.02,-0.13,-0.09
474272125000000,193021,-0.855,-0.022,-0.515,0.18,0.04,0.12
474272156000000,193041,-0.855,-0.023,-0.51,-0.07,0.14,0.05
474272171000000,193061,-0.853,-0.026,-0.521,-0.09,0.17,-0.23
474272187000000,193081,-0.858,-0.023,-0.52,-0.13,0.18,0.1
474272203000000,193101,-0.852,-0.022,-0.523,0.17,0.01,-0.01
474272234000000,193121,-0.855,-0.027,-0.513,-0.2,0.23,0.04
474272250000000,193141,-0.854,-0.024,-0.516,0.25,0.07,0.19
474272265000000,193161,-0.863,-0.023,-0.516,0.05,-0.11,0.49
474272296000000,193181,-0.861,-0.025,-0.521,0.03,-0.04,0.15
474272312000000,193201,-0.858,-0.021,-0.508,0.06,-0.09,-0.12
474272328000000,193221,-0.854,-0.02,-0.51,-0.08,0.33,0.07
474272343000000,193241,-0.859,-0.024,-0.517,0.06,0.17,-0.07
474272375000000,193261,-0.856,-0.027,-0.517,-0.24,-0.12,0.02
474272390000000,193281,-0.856,-0.022,-0.519,0.0,0.26,-0.2
474272406000000,193301,-0.855,-0.026,-0.515,0.05,-0.44,-0.06
474272437000000,193321,-0.854,-0.026,-0.517,0.28,0.09,0.03
474272453000000,193341,-0.86,-0.026,-0.513,0.14,-0.19,-0.1
474272468000000,193361,-0.858,-0.029,-0.515,-0.05,-0.06,-0.0
474272484000000,193381,-0.854,-0.023,-0.514,0.09,0.06,-0.05
474272515000000,193401,-0.859,-0.026,-0.513,-0.07,0.23,-0.0
474272531000000,193421,-0.854,-0.022,-0.517,-0.02,-0.04,0.34
474272546000000,193441,-0.858,-0.024,-0.52,0.02,0.27,-0.05
474272578000000,193461,-0.856,-0.021,-0.516,-0.21,-0.07,-0.11
474272593000000,193481,-0.856,-0.024,-0.51,-0.2,0.28,0.07
474272609000000,193501,-0.86,-0.027,-0.514,-0.14,0.18,0.25
474272625000000,193521,-0.859,-0.026,-0.517,-0.01,-0.14,0.14
474272656000000,193541,-0.855,-0.028,-0.511,-0.07,-0.16,0.02
474272671000000,193561,-0.859,-0.027,-0.516,0.06,-0.14,-0.01
474272687000000,193581,-0.854,-0.023,-0.513,0.15,0.18,-0.0
474272703000000,193601,-0.858,-0.025,-0.517,0.0,0.14,-0.15
474272734000000,193621,-0.854,-0.021,-0.519,0.22,0.07,0.11
474272750000000,193641,-0.856,-0.027,-0.52,0.09,-0.07,0.13
474272765000000,193661,-0.854,-0.024,-0.518,0.16,0.03,0.28
474272796000000,193681,-0.853,-0.025,-0.516,0.02,0.03,-0.1
474272812000000,193701,-0.859,-0.026,-0.514,0.07,0.15,0.2
474272828000000,193721,-0.855,-0.022,-0.511,0.15,0.04,-0.05
474272843000000,193741,-0.852,-0.031,-0.512,0.28,0.07,0.05
474272875000000,193761,-0.857,-0.02,-0.512,0.12,0.2,-0.01
474272890000000,193781,-0.856,-0.02,-0.522,0.13,-0.22,0.15
474272906000000,193801,-0.857,-0.022,-0.513,-0.21,-0.09,-0.27
474272937000000,193821,-0.856,-0.024,-0.52,-0.02,0.01,-0.1
474272953000000,193841,-0.855,-0.022,-0.509,0.1,-0.14,-0.03
474272968000000,193861,-0.854,-0.03,-0.512,-0.03,-0.09,0.11
474272984000000,193881,-0.861,-0.029,-0.515,-0.08,0.19,0.01
474273015000000,193901,-0.857,-0.029,-0.51,-0.04,-0.03,0.17
474273031000000,193921,-0.859,-0.024,-0.515,-0.04,0.69,-0.05
474273046000000,193941,-0.857,-0.025,-0.515,-0.17,-0.03,-0.16
474273078000000,193961,-0.861,-0.019,-0.517,0.17,-0.19,0.13
474273093000000,193981,-0.852,-0.025,-0.512,-0.01,0.09,-0.1
474273109000000,194001,-0.856,-0.023,-0.518,-0.09,-0.31,0.02
474273125000000,194021,-0.856,-0.022,-0.517,-0.14,0.24,-0.12
474273156000000,194041,-0.859,-0.026,-0.515,-0.14,-0.04,0.05
474273171000000,194061,-0.854,-0.027,-0.514,-0.14,0.03,0.24
474273187000000,194081,-0.858,-0.025,-0.508,0.02,0.23,0.11
474273203000000,194101,-0.859,-0.025,-0.523,0.28,-0.19,0.3
474273234000000,194121,-0.856,-0.026,-0.519,0.12,-0.19,-0.11
474273250000000,194141,-0.862,-0.029,-0.519,0.02,0.04,-0.0
474273265000000,194161,-0.859,-0.023,-0.516,-0.04,-0.0,0.09
474273296000000,194181,-0.855,-0.024,-0.519,-0.1,0.2,0.17
474273312000000,194201,-0.857,-0.027,-0.516,-0.07,-0.0,0.28
474273328000000,194221,-0.857,-0.022,-0.515,0.04,-0.15,0.4
474273343000000,194241,-0.856,-0.025,-0.517,0.0,-0.13,-0.02
474273375000000,194261,-0.86,-0.024,-0.517,0.15,0.08,-0.05
474273390000000,194281,-0.859,-0.026,-0.514,-0.23,-0.03,-0.02
474273406000000,194301,-0.858,-0.023,-0.519,-0.04,-0.15,-0.34
474273437000000,194321,-0.856,-0.023,-0.516,0.14,-0.09,-0.06
474273453000000,194341,-0.856,-0.024,-0.519,-0.03,0.3,0.05
474273468000000,194361,-0.856,-0.03,-0.514,0.01,0.62,-0.14
474273484000000,194381,-0.857,-0.021,-0.512,0.09,-0.35,0.08
474273515000000,194401,-0.861,-0.025,-0.511,-0.15,0.18,0.16
474273531000000,194421,-0.858,-0.02,-0.51,-0.07,0.08,0.29
474273546000000,194441,-0.858,-0.025,-0.518,-0.14,-0.07,0.1
474273562000000,194461,-0.858,-0.028,-0.512,0.08,0.39,0.11
474273593000000,194481,-0.857,-0.02,-0.518,-0.03,0.03,-0.26
474273609000000,194501,-0.857,-0.024,-0.519,-0.11,0.23,0.09
474273625000000,194521,-0.859,-0.025,-0.517,0.03,0.38,0.09
474273656000000,194541,-0.857,-0.027,-0.517,0.22,0.24,-0.26
474273671000000,194561,-0.857,-0.027,-0.517,-0.1,-0.15,-0.03
474273687000000,194581,-0.856,-0.027,-0.517,0.15,-0.32,0.07
474273703000000,194601,-0.857,-0.025,-0.513,0.03,-0.22,0.1
474273734000000,194621,-0.857,-0.024,-0.519,0.25,-0.04,-0.03
474273750000000,194641,-0.857,-0.025,-0.509,0.01,-0.14,0.11
474273765000000,194661,-0.855,-0.019,-0.516,-0.2,0.06,0.26
474273796000000,194681,-0.856,-0.023,-0.517,-0.15,-0.15,0.17
474273812000000,194701,-0.854,-0.024,-0.524,0.09,0.16,-0.01
474273828000000,194721,-0.859,-0.025,-0.514,0.03,0.1,-0.01
474273843000000,194741,-0.857,-0.025,-0.51,0.09,0.1,0.2
474273875000000,194761,-0.857,-0.022,-0.516,-0.02,-0.25,-0.02
474273890000000,194781,-0.859,-0.026,-0.516,0.08,-0.13,0.11
474273906000000,194801,-0.859,-0.023,-0.516,-0.11,0.12,-0.05
474273937000000,194821,-0.858,-0.021,-0.512,0.35,0.22,-0.31
474273953000000,194841,-0.853,-0.025,-0.515,0.05,0.06,-0.05
474273968000000,194861,-0.855,-0.025,-0.518,0.02,-0.09,0.05
474273984000000,194881,-0.855,-0.029,-0.513,-0.12,0.14,-0.17
474274015000000,194901,-0.857,-0.019,-0.51,0.05,0.05,0.05
474274031000000,194921,-0.859,-0.025,-0.519,0.14,-0.34,-0.06
474274046000000,194941,-0.857,-0.025,-0.509,-0.01,0.18,0.08
474274078000000,194961,-0.859,-0.025,-0.518,-0.04,-0.02,0.08
474274093000000,194981,-0.857,-0.025,-0.515,-0.08,0.23,-0.04
474274109000000,195001,-0.855,-0.022,-0.51,-0.09,0.02,0.06
474274125000000,195021,-0.857,-0.026,-0.514,0.24,-0.17,-0.3
474274156000000,195041,-0.854,-0.025,-0.516,-0.04,-0.15,0.12
474274171000000,195061,-0.855,-0.025,-0.521,0.12,-0.09,-0.02
474274187000000,195081,-0.856,-0.026,-0.52,0.0,0.14,-0.06
474274218000000,195101,-0.858,-0.027,-0.515,-0.21,-0.15,0.04
474274234000000,195121,-0.857,-0.029,-0.511,-0.07,-0.13,-0.15
474274250000000,195141,-0.856,-0.024,-0.522,0.12,0.06,-0.08
474274265000000,195161,-0.856,-0.025,-0.515,-0.23,0.12,-0.22
474274296000000,195181,-0.853,-0.023,-0.517,0.12,0.18,-0.13
474274312000000,195201,-0.854,-0.026,-0.517,-0.01,0.01,-0.0
474274328000000,195221,-0.855,-0.025,-0.516,-0.05,-0.02,0.11
474274343000000,195241,-0.853,-0.027,-0.521,0.05,0.04,-0.0
474274375000000,195261,-0.853,-0.025,-0.519,-0.1,0.07,0.17
474274390000000,195281,-0.856,-0.021,-0.512,-0.27,-0.15,-0.13
474274406000000,195301,-0.855,-0.024,-0.509,0.11,-0.25,-0.05
474274437000000,195321,-0.857,-0.027,-0.516,0.17,0.04,0.17
474274453000000,195341,-0.854,-0.018,-0.519,-0.03,0.05,-0.05
474274468000000,195361,-0.857,-0.028,-0.518,0.02,0.04,-0.03
474274484000000,195381,-0.857,-0.021,-0.519,0.25,-0.22,-0.03
474274515000000,195401,-0.854,-0.026,-0.52,0.0,-0.17,-0.17
474274531000000,195421,-0.854,-0.025,-0.509,-0.1,-0.17,0.05
474274546000000,195441,-0.855,-0.023,-0.512,0.11,-0.13,0.17
474274578000000,195461,-0.859,-0.026,-0.512,-0.08,0.11,0.14
474274593000000,195481,-0.863,-0.026,-0.517,0.15,0.32,0.01
474274609000000,195501,-0.86,-0.024,-0.518,0.03,0.01,-0.04
474274625000000,195521,-0.858,-0.024,-0.518,0.02,0.07,0.16
474274656000000,195541,-0.855,-0.029,-0.507,0.1,-0.13,-0.24
474274671000000,195561,-0.857,-0.025,-0.516,-0.03,-0.29,0.15
474274687000000,195581,-0.856,-0.026,-0.519,-0.03,0.11,0.09
474274703000000,195601,-0.857,-0.025,-0.518,0.02,-0.02,0.38
474274734000000,195621,-0.853,-0.027,-0.519,0.12,0.15,0.07
474274750000000,195641,-0.854,-0.023,-0.517,-0.17,0.07,-0.02
474274765000000,195661,-0.859,-0.021,-0.519,-0.1,-0.18,0.21
474274796000000,195681,-0.855,-0.024,-0.518,0.14,-0.01,0.28
474274812000000,195701,-0.857,-0.025,-0.52,0.01,0.05,0.05
474274828000000,195721,-0.859,-0.027,-0.515,-0.01,-0.2,0.06
474274843000000,195741,-0.854,-0.021,-0.516,-0.17,-0.02,0.14
474274875000000,195761,-0.858,-0.023,-0.508,0.03,0.2,0.13
474274890000000,195781,-0.856,-0.023,-0.52,0.12,0.05,0.05
474274906000000,195801,-0.858,-0.026,-0.513,0.03,0.49,-0.05
474274937000000,195821,-0.853,-0.026,-0.519,0.12,0.06,-0.02
474274953000000,195841,-0.854,-0.024,-0.525,-0.05,0.19,0.13
474274968000000,195861,-0.854,-0.026,-0.517,-0.04,0.42,0.05
474274984000000,195881,-0.854,-0.023,-0.512,0.14,0.22,0.07
474275015000000,195901,-0.859,-0.025,-0.508,0.35,0.44,-0.07
474275031000000,195921,-0.857,-0.021,-0.509,-0.2,0.23,0.3
474275046000000,195941,-0.858,-0.025,-0.515,0.07,-0.15,0.24
474275078000000,195961,-0.856,-0.025,-0.516,-0.07,0.34,-0.1
474275093000000,195981,-0.854,-0.024,-0.516,-0.1,0.4,-0.01
474275109000000,196001,-0.861,-0.022,-0.512,0.08,0.38,-0.14
474275125000000,196021,-0.86,-0.026,-0.516,0.27,-0.12,-0.04
474275156000000,196041,-0.853,-0.029,-0.515,0.11,0.39,0.35
474275171000000,196061,-0.857,-0.026,-0.507,-0.27,0.24,0.23
474275187000000,196081,-0.856,-0.018,-0.521,0.18,-0.07,0.07
474275203000000,196101,-0.857,-0.026,-0.513,0.15,0.15,0.02
474275234000000,196121,-0.854,-0.025,-0.519,-0.02,-0.16,0.1
474275250000000,196141,-0.86,-0.023,-0.518,0.16,-0.13,0.08
474275265000000,196161,-0.85,-0.025,-0.514,-0.16,-0.02,0.24
474275296000000,196181,-0.86,-0.022,-0.518,-0.12,0.09,-0.02
474275312000000,196201,-0.861,-0.025,-0.516,-0.16,0.08,0.3
474275328000000,196221,-0.86,-0.023,-0.508,0.05,0.22,0.26
474275343000000,196241,-0.857,-0.023,-0.516,0.0,-0.14,-0.12
474275375000000,196261,-0.856,-0.027,-0.51,0.12,0.14,-0.16
474275390000000,196281,-0.861,-0.025,-0.515,0.13,-0.35,-0.19
474275406000000,196301,-0.859,-0.029,-0.512,-0.01,-0.11,-0.02
474275437000000,196321,-0.852,-0.024,-0.524,-0.07,0.44,0.24
474275453000000,196341,-0.855,-0.025,-0.514,-0.02,0.16,0.06
474275468000000,196361,-0.856,-0.028,-0.514,0.15,0.2,0.06
474275484000000,196381,-0.859,-0.026,-0.514,-0.11,-0.16,-0.16
474275515000000,196401,-0.858,-0.023,-0.521,-0.22,-0.07,0.15
474275531000000,196421,-0.859,-0.023,-0.516,-0.26,-0.23,-0.02
474275546000000,196441,-0.856,-0.025,-0.519,-0.06,0.13,0.04
474275562000000,196461,-0.853,-0.028,-0.513,-0.04,0.36,0.24
474275593000000,196481,-0.854,-0.025,-0.514,-0.2,0.38,0.27
474275609000000,196501,-0.857,-0.024,-0.516,0.05,0.15,0.08
474275625000000,196521,-0.854,-0.024,-0.512,0.14,-0.13,0.04
474275656000000,196541,-0.857,-0.023,-0.513,0.06,0.14,0.08
474275671000000,196561,-0.853,-0.025,-0.506,0.0,-0.14,0.08
474275687000000,196581,-0.858,-0.026,-0.518,0.12,-0.38,-0.23
474275703000000,196601,-0.857,-0.026,-0.519,0.03,-0.36,-0.19
474275734000000,196621,-0.857,-0.024,-0.511,-0.07,-0.51,-0.01
474275750000000,196641,-0.853,-0.027,-0.516,-0.12,-0.35,-0.05
474275765000000,196661,-0.86,-0.025,-0.516,-0.19,0.17,-0.02
474275796000000,196681,-0.86,-0.025,-0.516,0.41,-0.03,0.08
474275812000000,196701,-0.857,-0.022,-0.516,-0.07,-0.25,0.05
474275828000000,196721,-0.855,-0.028,-0.511,-0.04,0.29,-0.04
474275843000000,196741,-0.855,-0.025,-0.513,-0.03,0.24,0.07
474275875000000,196761,-0.856,-0.028,-0.514,0.08,-0.09,-0.08
474275890000000,196781,-0.855,-0.024,-0.51,-0.01,-0.04,-0.34
474275906000000,196801,-0.859,-0.02,-0.514,0.18,-0.06,-0.09
474275937000000,196821,-0.858,-0.025,-0.518,0.24,0.17,0.13
474275953000000,196841,-0.856,-0.023,-0.516,0.1,-0.15,-0.0
474275968000000,196861,-0.855,-0.025,-0.515,-0.27,-0.0,0.01
474275984000000,196881,-0.856,-0.025,-0.517,0.09,-0.07,0.19
474276015000000,196901,-0.852,-0.018,-0.512,-0.2,-0.14,-0.06
474276031000000,196921,-0.854,-0.023,-0.507,0.17,0.15,0.21
474276046000000,196941,-0.857,-0.027,-0.513,-0.03,-0.06,0.04
474276078000000,196961,-0.855,-0.027,-0.515,0.05,-0.01,0.12
474276093000000,196981,-0.853,-0.022,-0.522,0.08,0.25,0.08
474276109000000,197001,-0.855,-0.025,-0.511,-0.11,0.2,0.04
474276125000000,197021,-0.854,-0.024,-0.523,-0.09,-0.12,-0.28
474276156000000,197041,-0.858,-0.024,-0.513,0.05,-0.2,0.03
474276171000000,197061,-0.853,-0.025,-0.513,-0.16,-0.12,-0.07
474276187000000,197081,-0.861,-0.022,-0.513,-0.03,-0.1,0.08
474276203000000,197101,-0.86,-0.026,-0.513,-0.1,0.2,0.14
474276234000000,197121,-0.856,-0.025,-0.516,0.22,0.14,-0.11
474276250000000,197141,-0.857,-0.026,-0.514,-0.06,0.02,0.12
474276265000000,197161,-0.855,-0.023,-0.518,0.2,-0.03,-0.02
474276296000000,197181,-0.855,-0.023,-0.512,0.13,-0.09,0.11
474276312000000,197201,-0.861,-0.026,-0.514,-0.09,0.16,-0.18
474276328000000,197221,-0.858,-0.023,-0.516,-0.22,-0.01,0.04
474276343000000,197241,-0.857,-0.025,-0.517,-0.12,0.01,0.03
474276375000000,197261,-0.854,-0.025,-0.513,0.12,0.02,0.08
474276390000000,197281,-0.856,-0.02,-0.518,0.18,-0.2,0.08
474276406000000,197301,-0.859,-0.026,-0.508,0.02,-0.19,0.19
474276437000000,197321,-0.857,-0.022,-0.509,-0.08,-0.02,-0.16
474276453000000,197341,-0.859,-0.022,-0.515,-0.01,0.2,-0.0
474276468000000,197361,-0.857,-0.025,-0.519,0.15,-0.15,0.13
474276484000000,197381,-0.853,-0.026,-0.509,0.01,0.38,-0.07
474276515000000,197401,-0.856,-0.026,-0.514,-0.02,0.04,-0.12
474276531000000,197421,-0.859,-0.025,-0.513,0.17,0.04,0.16
474276546000000,197441,-0.86,-0.026,-0.518,-0.15,-0.12,0.11
474276562000000,197461,-0.858,-0.023,-0.521,-0.01,0.15,0.01
474276593000000,197481,-0.861,-0.024,-0.52,0.04,0.04,-0.03
474276609000000,197501,-0.857,-0.025,-0.515,0.04,0.13,0.01
474276625000000,197521,-0.855,-0.02,-0.517,0.09,0.27,-0.1
474276656000000,197541,-0.856,-0.026,-0.517,0.18,-0.13,-0.14
474276671000000,197561,-0.855,-0.025,-0.51,0.06,-0.21,0.07
474276687000000,197581,-0.857,-0.025,-0.509,-0.07,-0.12,-0.12
474276703000000,197601,-0.856,-0.022,-0.518,-0.07,-0.16,0.07
474276734000000,197621,-0.854,-0.024,-0.517,0.17,0.13,-0.03
474276750000000,197641,-0.854,-0.028,-0.516,0.05,0.1,-0.05
474276765000000,197661,-0.851,-0.023,-0.516,0.23,0.13,0.08
474276796000000,197681,-0.856,-0.023,-0.519,-0.24,-0.16,0.08
474276812000000,197701,-0.855,-0.026,-0.514,-0.04,-0.24,0.09
474276828000000,197721,-0.859,-0.021,-0.513,0.09,-0.01,0.05
474276843000000,197741,-0.856,-0.023,-0.517,-0.18,0.09,-0.21
474276875000000,197761,-0.856,-0.02,-0.511,-0.08,0.3,0.24
474276890000000,197781,-0.853,-0.022,-0.519,-0.06,0.04,-0.17
474276906000000,197801,-0.858,-0.025,-0.511,0.08,0.04,-0.12
474276937000000,197821,-0.859,-0.026,-0.517,-0.08,0.08,0.12
474276953000000,197841,-0.858,-0.025,-0.514,0.01,-0.08,-0.01
474276968000000,197861,-0.859,-0.031,-0.518,0.18,0.19,-0.05
474276984000000,197881,-0.854,-0.024,-0.51,-0.04,0.14,-0.07
474277015000000,197901,-0.853,-0.021,-0.514,0.13,-0.12,-0.25
474277031000000,197921,-0.852,-0.021,-0.511,-0.14,0.15,0.05
474277046000000,197941,-0.859,-0.024,-0.517,-0.04,0.2,0.21
474277078000000,197961,-0.857,-0.025,-0.516,-0.04,-0.0,-0.02
474277093000000,197981,-0.859,-0.024,-0.511,-0.16,0.11,0.05
474277109000000,198001,-0.853,-0.026,-0.515,0.03,0.09,0.03
474277125000000,198021,-0.856,-0.024,-0.513,0.17,0.12,-0.06
474277156000000,198041,-0.859,-0.028,-0.514,-0.04,0.05,0.01
474277171000000,198061,-0.856,-0.023,-0.516,0.01,-0.08,0.1
474277187000000,198081,-0.858,-0.027,-0.518,-0.07,-0.29,-0.0
474277203000000,198101,-0.857,-0.021,-0.517,-0.04,-0.23,-0.01
474277234000000,198121,-0.859,-0.021,-0.518,-0.12,-0.02,0.17
474277250000000,198141,-0.855,-0.025,-0.515,-0.11,0.04,0.08
474277265000000,198161,-0.853,-0.025,-0.515,0.09,0.33,0.3
474277296000000,198181,-0.854,-0.025,-0.516,0.01,-0.21,0.18
474277312000000,198201,-0.857,-0.024,-0.513,0.15,-0.17,0.02
474277328000000,198221,-0.85,-0.024,-0.513,0.09,0.04,-0.05
474277343000000,198241,-0.856,-0.027,-0.51,-0.08,-0.0,-0.05
474277375000000,198261,-0.857,-0.029,-0.513,0.23,0.17,-0.04
474277390000000,198281,-0.859,-0.026,-0.514,0.18,0.29,0.14
474277406000000,198301,-0.855,-0.023,-0.516,-0.04,-0.06,0.17
474277437000000,198321,-0.851,-0.024,-0.512,0.02,0.16,0.36
474277453000000,198341,-0.858,-0.025,-0.517,0.18,0.17,0.34
474277468000000,198361,-0.856,-0.027,-0.506,-0.09,0.15,-0.11
474277484000000,198381,-0.856,-0.028,-0.518,0.06,-0.1,0.1
474277515000000,198401,-0.858,-0.026,-0.517,-0.05,0.11,-0.04
474277531000000,198421,-0.859,-0.028,-0.52,0.12,0.2,-0.08
474277546000000,198441,-0.859,-0.024,-0.515,-0.23,0.13,0.14
474277578000000,198461,-0.855,-0.021,-0.514,0.19,0.02,-0.13
474277593000000,198481,-0.854,-0.028,-0.516,0.02,-0.09,-0.11
474277609000000,198501,-0.86,-0.026,-0.517,0.08,0.09,0.06
474277625000000,198521,-0.858,-0.022,-0.514,0.15,0.19,0.04
474277656000000,198541,-0.856,-0.023,-0.517,-0.06,0.34,-0.08
474277671000000,198561,-0.856,-0.025,-0.518,-0.04,-0.01,0.13
474277687000000,198581,-0.853,-0.027,-0.517,0.22,0.01,0.08
474277703000000,198601,-0.854,-0.026,-0.519,-0.11,0.07,0.24
474277734000000,198621,-0.855,-0.028,-0.513,0.14,-0.22,0.22
474277750000000,198641,-0.86,-0.027,-0.51,-0.07,-0.08,0.21
474277765000000,198661,-0.858,-0.025,-0.516,-0.14,0.14,0.14
474277796000000,198681,-0.854,-0.022,-0.516,0.07,0.11,0.16
474277812000000,198701,-0.858,-0.027,-0.511,0.01,-0.04,-0.16
474277828000000,198721,-0.856,-0.026,-0.514,0.11,0.3,-0.08
474277843000000,198741,-0.857,-0.026,-0.508,0.03,0.04,-0.11
474277875000000,198761,-0.856,-0.026,-0.519,0.22,0.07,0.13
474277890000000,198781,-0.856,-0.028,-0.518,0.31,0.12,0.06
474277906000000,198801,-0.86,-0.026,-0.512,-0.36,0.19,0.04
474277937000000,198821,-0.855,-0.023,-0.517,-0.2,0.05,-0.03
474277953000000,198841,-0.858,-0.025,-0.513,0.12,-0.15,-0.23
474277968000000,198861,-0.854,-0.025,-0.519,-0.01,0.21,-0.05
474277984000000,198881,-0.855,-0.025,-0.517,-0.02,-0.22,0.22
474278015000000,198901,-0.855,-0.025,-0.513,-0.04,0.11,0.06
474278031000000,198921,-0.855,-0.025,-0.51,-0.2,-0.14,0.24
474278046000000,198941,-0.854,-0.023,-0.515,0.07,-0.02,-0.16
474278078000000,198961,-0.857,-0.026,-0.511,0.02,0.01,-0.08
474278093000000,198981,-0.861,-0.025,-0.522,-0.03,-0.18,-0.08
474278109000000,199001,-0.859,-0.026,-0.518,0.12,-0.02,0.16
474278125000000,199021,-0.858,-0.023,-0.521,-0.24,-0.09,0.26
474278156000000,199041,-0.859,-0.028,-0.511,-0.04,-0.17,-0.11
474278171000000,199061,-0.858,-0.021,-0.511,0.16,-0.33,0.2
474278187000000,199081,-0.855,-0.025,-0.517,-0.04,0.17,0.29
474278203000000,199101,-0.857,-0.028,-0.522,-0.02,-0.15,0.26
474278234000000,199121,-0.859,-0.021,-0.512,0.08,0.08,0.4
474278250000000,199141,-0.858,-0.022,-0.524,0.12,-0.01,0.03
474278265000000,199161,-0.856,-0.026,-0.514,0.05,-0.26,0.04
474278296000000,199181,-0.852,-0.026,-0.52,-0.06,-0.16,0.08
474278312000000,199201,-0.859,-0.025,-0.514,0.28,-0.06,-0.04
474278328000000,199221,-0.856,-0.027,-0.516,0.1,0.2,-0.0
474278343000000,199241,-0.853,-0.026,-0.514,0.22,0.06,0.11
474278375000000,199261,-0.857,-0.023,-0.517,0.11,0.26,-0.27
474278390000000,199281,-0.855,-0.027,-0.517,0.22,-0.2,-0.03
474278406000000,199301,-0.853,-0.026,-0.519,0.11,0.07,-0.03
474278437000000,199321,-0.86,-0.024,-0.506,0.15,0.19,-0.08
474278453000000,199341,-0.858,-0.022,-0.513,0.02,-0.11,0.11
474278468000000,199361,-0.854,-0.023,-0.517,0.12,0.11,0.27
474278484000000,199381,-0.856,-0.023,-0.517,0.04,0.23,-0.05
474278515000000,199401,-0.856,-0.025,-0.522,0.11,-0.45,0.19
474278531000000,199421,-0.861,-0.02,-0.517,0.09,-0.0,0.1
474278546000000,199441,-0.86,-0.021,-0.518,0.03,0.03,0.24
474278578000000,199461,-0.863,-0.025,-0.512,-0.12,0.08,0.1
474278593000000,199481,-0.855,-0.022,-0.517,-0.04,0.2,-0.13
474278609000000,199501,-0.857,-0.022,-0.513,-0.04,0.17,0.11
474278625000000,199521,-0.856,-0.027,-0.517,0.04,-0.29,-0.16
474278656000000,199541,-0.854,-0.02,-0.511,-0.02,-0.21,-0.18
474278671000000,199561,-0.857,-0.025,-0.516,0.01,-0.09,0.12
474278687000000,199581,-0.858,-0.025,-0.515,0.01,-0.2,0.1
474278703000000,199601,-0.855,-0.024,-0.519,0.2,0.27,0.11
474278734000000,199621,-0.854,-0.029,-0.516,-0.04,0.06,-0.06
474278750000000,199641,-0.857,-0.023,-0.514,0.08,-0.02,0.02
474278765000000,199661,-0.855,-0.019,-0.516,0.09,-0.0,0.19
474278796000000,199681,-0.857,-0.026,-0.516,0.09,-0.18,-0.01
474278812000000,199701,-0.856,-0.021,-0.514,-0.14,0.02,-0.15
474278828000000,199721,-0.863,-0.024,-0.511,0.02,-0.02,0.01
474278843000000,199741,-0.856,-0.022,-0.52,0.23,-0.28,-0.12
474278875000000,199761,-0.859,-0.023,-0.515,0.12,0.2,0.01
474278890000000,199781,-0.856,-0.026,-0.512,0.05,0.31,0.13
474278906000000,199801,-0.858,-0.027,-0.517,0.04,0.25,0.11
474278937000000,199821,-0.856,-0.025,-0.511,-0.07,0.04,0.14
474278953000000,199841,-0.854,-0.026,-0.516,0.02,-0.22,-0.02
474278968000000,199861,-0.86,-0.022,-0.516,-0.05,0.04,0.1
474278984000000,199881,-0.855,-0.023,-0.515,-0.05,-0.06,-0.08
474279015000000,199901,-0.856,-0.022,-0.513,0.34,-0.06,-0.0
474279031000000,199921,-0.857,-0.023,-0.516,-0.07,0.2,0.02
474279046000000,199941,-0.857,-0.022,-0.517,0.19,0.2,-0.15
474279062000000,199961,-0.858,-0.025,-0.517,0.01,0.33,-0.07
474279093000000,199981,-0.859,-0.022,-0.513,0.13,0.01,0.24
474279109000000,200001,-0.859,-0.024,-0.52,0.07,-0.06,0.17
474279125000000,200021,-0.856,-0.025,-0.516,-0.05,-0.42,-0.23
474279156000000,200041,-0.854,-0.022,-0.51,0.19,-0.25,0.08
474279171000000,200061,-0.859,-0.025,-0.521,0.07,0.17,0.11
474279187000000,200081,-0.858,-0.023,-0.517,0.06,0.29,0.16
474279218000000,200101,-0.855,-0.024,-0.516,-0.41,-0.04,-0.2
474279234000000,200121,-0.855,-0.022,-0.517,0.22,-0.12,0.21
474279250000000,200141,-0.856,-0.026,-0.519,0.05,-0.04,-0.1
474279265000000,200161,-0.857,-0.028,-0.514,0.02,-0.05,0.1
474279296000000,200181,-0.858,-0.025,-0.517,0.08,0.43,-0.01
474279312000000,200201,-0.859,-0.022,-0.514,-0.14,0.3,0.07
474279328000000,200221,-0.857,-0.023,-0.514,-0.15,0.07,0.12
474279343000000,200241,-0.854,-0.025,-0.508,-0.02,-0.01,-0.07
474279375000000,200261,-0.856,-0.023,-0.524,0.28,-0.3,0.08
474279390000000,200281,-0.855,-0.027,-0.519,0.1,-0.11,-0.02
474279406000000,200301,-0.855,-0.023,-0.513,-0.04,-0.32,0.04
474279437000000,200321,-0.855,-0.024,-0.509,0.09,0.19,0.14
474279453000000,200341,-0.856,-0.029,-0.511,0.0,-0.25,-0.23
474279468000000,200361,-0.856,-0.026,-0.511,-0.01,0.04,0.14
474279484000000,200381,-0.859,-0.021,-0.517,0.16,-0.01,-0.15
474279515000000,200401,-0.859,-0.024,-0.513,-0.06,0.32,0.11
474279531000000,200421,-0.854,-0.025,-0.514,-0.22,0.09,0.08
474279546000000,200441,-0.857,-0.024,-0.512,0.05,0.3,0.08
474279578000000,200461,-0.854,-0.02,-0.517,0.05,-0.24,-0.03
474279593000000,200481,-0.856,-0.029,-0.516,0.09,0.02,-0.08
474279609000000,200501,-0.858,-0.025,-0.515,-0.16,0.21,0.16
474279625000000,200521,-0.859,-0.025,-0.518,-0.17,0.07,0.14
474279656000000,200541,-0.856,-0.022,-0.517,0.02,0.07,-0.15
474279671000000,200561,-0.858,-0.027,-0.51,-0.29,0.01,0.21
474279687000000,200581,-0.855,-0.019,-0.513,-0.11,-0.07,0.01
474279703000000,200601,-0.856,-0.025,-0.517,-0.03,-0.12,0.1
474279734000000,200621,-0.856,-0.02,-0.518,-0.16,0.04,-0.12
474279750000000,200641,-0.86,-0.021,-0.519,0.09,0.14,0.03
474279765000000,200661,-0.857,-0.026,-0.511,-0.07,-0.06,0.06
474279796000000,200681,-0.856,-0.024,-0.509,0.01,-0.19,0.21
474279812000000,200701,-0.857,-0.019,-0.514,-0.07,-0.06,0.08
474279828000000,200721,-0.857,-0.022,-0.519,0.02,0.27,0.15
474279843000000,200741,-0.857,-0.024,-0.513,0.11,-0.02,0.08
474279875000000,200761,-0.856,-0.022,-0.516,-0.2,0.22,0.2
474279890000000,200781,-0.856,-0.021,-0.515,0.21,0.1,0.05
474279906000000,200801,-0.859,-0.028,-0.514,-0.04,0.14,0.04
474279937000000,200821,-0.853,-0.027,-0.513,0.12,-0.24,-0.11
474279953000000,200841,-0.855,-0.022,-0.514,0.18,-0.15,0.14
474279968000000,200861,-0.854,-0.021,-0.519,0.09,0.24,0.11
474279984000000,200881,-0.854,-0.021,-0.516,-0.13,-0.05,0.16
474280015000000,200901,-0.858,-0.027,-0.523,-0.18,-0.06,0.03
474280031000000,200921,-0.856,-0.028,-0.519,-0.14,0.06,-0.02
474280046000000,200941,-0.859,-0.023,-0.516,-0.24,-0.25,0.24
474280062000000,200961,-0.858,-0.024,-0.52,-0.11,0.01,0.07
474280093000000,200981,-0.858,-0.025,-0.512,0.1,-0.23,0.11
474280109000000,201001,-0.855,-0.024,-0.514,-0.06,0.1,0.14
474280125000000,201021,-0.857,-0.024,-0.514,0.12,-0.22,0.14
474280156000000,201041,-0.857,-0.024,-0.514,-0.03,0.27,0.06
474280171000000,201061,-0.858,-0.024,-0.511,-0.14,-0.0,-0.08
474280187000000,201081,-0.858,-0.025,-0.516,-0.18,0.19,-0.15
474280203000000,201101,-0.859,-0.024,-0.52,-0.09,0.11,-0.05
474280234000000,201121,-0.854,-0.025,-0.516,-0.04,-0.05,0.14
474280250000000,201141,-0.852,-0.025,-0.516,0.16,0.25,-0.1
474280265000000,201161,-0.857,-0.018,-0.511,-0.02,0.23,-0.04
474280296000000,201181,-0.855,-0.023,-0.517,0.03,0.08,0.07
474280312000000,201201,-0.859,-0.025,-0.519,-0.09,-0.08,0.15
474280328000000,201221,-0.854,-0.026,-0.514,0.12,-0.02,0.04
474280343000000,201241,-0.855,-0.025,-0.515,0.03,0.04,-0.2
474280375000000,201261,-0.857,-0.028,-0.509,0.02,-0.06,-0.07
474280390000000,201281,-0.857,-0.028,-0.516,-0.11,-0.08,-0.07
474280406000000,201301,-0.86,-0.023,-0.515,-0.02,-0.01,-0.31
474280437000000,201321,-0.859,-0.029,-0.522,0.09,-0.21,-0.12
474280453000000,201341,-0.857,-0.025,-0.522,-0.09,0.35,0.04
474280468000000,201361,-0.854,-0.028,-0.518,-0.15,0.12,0.36
474280484000000,201381,-0.855,-0.025,-0.514,-0.01,0.28,0.04
474280515000000,201401,-0.853,-0.022,-0.515,0.05,0.23,0.09
474280531000000,201421,-0.857,-0.024,-0.514,-0.05,-0.01,0.11
474280546000000,201441,-0.861,-0.023,-0.513,-0.07,0.07,-0.03
474280562000000,201461,-0.856,-0.025,-0.52,-0.16,0.05,0.11
474280593000000,201481,-0.856,-0.022,-0.521,0.11,-0.2,-0.05
474280609000000,201501,-0.856,-0.026,-0.515,-0.23,-0.24,-0.06
474280625000000,201521,-0.854,-0.026,-0.511,0.02,0.14,0.21
474280656000000,201541,-0.856,-0.024,-0.514,-0.01,-0.2,-0.17
474280671000000,201561,-0.855,-0.025,-0.516,-0.05,0.08,0.12
474280687000000,201581,-0.857,-0.021,-0.513,0.09,0.17,0.16
474280703000000,201601,-0.859,-0.023,-0.511,-0.33,-0.15,0.2
474280734000000,201621,-0.854,-0.026,-0.516,0.05,-0.09,-0.05
474280750000000,201641,-0.855,-0.027,-0.52,-0.01,-0.31,-0.13
474280765000000,201661,-0.853,-0.026,-0.513,0.19,0.03,0.16
474280796000000,201681,-0.858,-0.028,-0.517,0.08,-0.13,0.15
474280812000000,201701,-0.858,-0.021,-0.516,-0.09,0.01,-0.02
474280828000000,201721,-0.857,-0.026,-0.513,0.1,-0.22,-0.25
474280843000000,201741,-0.859,-0.021,-0.513,0.03,0.51,0.19
474280875000000,201761,-0.857,-0.02,-0.51,-0.03,0.09,0.16
474280890000000,201781,-0.86,-0.025,-0.519,0.01,0.29,0.15
474280906000000,201801,-0.852,-0.022,-0.509,-0.14,0.14,0.09
474280937000000,201821,-0.861,-0.025,-0.519,0.16,-0.12,-0.03
474280953000000,201841,-0.857,-0.024,-0.509,0.09,-0.08,-0.12
474280968000000,201861,-0.854,-0.025,-0.515,-0.11,-0.17,0.13
474280984000000,201881,-0.853,-0.028,-0.515,0.22,-0.24,0.06
474281015000000,201901,-0.855,-0.027,-0.516,0.04,0.43,0.1
474281031000000,201921,-0.857,-0.026,-0.512,0.21,0.36,0.05
474281046000000,201941,-0.855,-0.023,-0.513,0.05,0.1,0.05
474281062000000,201961,-0.861,-0.024,-0.509,-0.09,0.04,0.07
474281093000000,201981,-0.857,-0.023,-0.511,-0.13,-0.11,0.19
474281109000000,202001,-0.858,-0.027,-0.52,-0.01,0.63,-0.14
474281125000000,202021,-0.859,-0.026,-0.518,-0.13,-0.02,0.05
474281156000000,202041,-0.859,-0.026,-0.517,-0.11,0.07,-0.12
474281171000000,202061,-0.857,-0.026,-0.512,0.15,0.37,-0.19
474281187000000,202081,-0.853,-0.023,-0.507,0.13,0.03,-0.02
474281203000000,202101,-0.859,-0.025,-0.517,-0.11,0.09,-0.07
474281234000000,202121,-0.858,-0.026,-0.513,-0.3,-0.05,0.06
474281250000000,202141,-0.857,-0.026,-0.519,0.08,-0.06,0.12
474281265000000,202161,-0.858,-0.022,-0.511,-0.24,0.08,0.1
474281296000000,202181,-0.86,-0.022,-0.513,0.05,-0.21,-0.15
474281312000000,202201,-0.854,-0.024,-0.518,-0.07,0.07,0.08
474281328000000,202221,-0.854,-0.02,-0.515,-0.3,-0.15,0.06
474281343000000,202241,-0.859,-0.023,-0.516,0.11,-0.13,0.01
474281375000000,202261,-0.86,-0.027,-0.516,0.01,-0.1,-0.12
474281390000000,202281,-0.855,-0.021,-0.516,0.02,-0.01,0.22
474281406000000,202301,-0.861,-0.024,-0.516,-0.1,0.01,0.21
474281421000000,202321,-0.856,-0.022,-0.507,0.06,-0.36,0.24
474281453000000,202341,-0.853,-0.02,-0.518,-0.21,-0.2,-0.12
474281468000000,202361,-0.856,-0.025,-0.521,-0.23,0.11,-0.05
474281484000000,202381,-0.854,-0.024,-0.518,0.12,-0.05,-0.09
474281515000000,202401,-0.86,-0.023,-0.513,-0.14,-0.17,0.09
474281531000000,202421,-0.857,-0.024,-0.518,-0.29,0.2,0.01
474281546000000,202441,-0.856,-0.024,-0.513,0.09,0.33,0.11
474281578000000,202461,-0.853,-0.026,-0.506,-0.08,-0.01,-0.06
474281593000000,202481,-0.853,-0.026,-0.522,0.3,-0.17,-0.18
474281609000000,202501,-0.859,-0.026,-0.52,0.06,0.14,-0.24
474281625000000,202521,-0.853,-0.026,-0.515,-0.09,-0.15,0.14
474281656000000,202541,-0.859,-0.026,-0.509,0.1,0.01,0.18
474281671000000,202561,-0.857,-0.028,-0.517,-0.11,0.01,0.09
474281687000000,202581,-0.855,-0.023,-0.513,0.0,0.24,0.12
474281703000000,202601,-0.858,-0.023,-0.514,0.2,-0.2,-0.24
474281734000000,202621,-0.86,-0.027,-0.512,-0.14,-0.11,-0.18
474281750000000,202641,-0.86,-0.025,-0.522,0.31,-0.7,0.14
474281765000000,202661,-0.859,-0.023,-0.517,-0.19,0.32,0.13
474281796000000,202681,-0.854,-0.023,-0.519,0.09,0.26,-0.11
474281812000000,202701,-0.864,-0.022,-0.509,0.08,0.07,0.05
474281828000000,202721,-0.858,-0.026,-0.507,0.04,0.52,-0.1
474281843000000,202741,-0.857,-0.024,-0.512,-0.12,0.37,0.2
474281875000000,202761,-0.856,-0.028,-0.519,-0.05,-0.05,-0.13
474281890000000,202781,-0.858,-0.024,-0.514,-0.37,0.09,-0.05
474281906000000,202801,-0.857,-0.028,-0.519,-0.03,0.19,0.19
474281921000000,202821,-0.857,-0.026,-0.513,0.01,-0.48,0.12
474281953000000,202841,-0.858,-0.025,-0.516,0.25,0.15,-0.01
474281968000000,202861,-0.858,-0.026,-0.513,0.07,-0.31,-0.18
474281984000000,202881,-0.857,-0.026,-0.512,-0.03,0.32,0.17
474282015000000,202901,-0.856,-0.027,-0.511,-0.07,0.12,0.08
474282031000000,202921,-0.856,-0.029,-0.515,0.03,-0.03,-0.08
474282046000000,202941,-0.855,-0.025,-0.521,-0.17,0.06,-0.01
474282078000000,202961,-0.856,-0.021,-0.519,-0.06,-0.28,0.17
474282093000000,202981,-0.852,-0.022,-0.514,0.04,0.06,-0.03
474282109000000,203001,-0.861,-0.025,-0.523,0.26,-0.12,0.05
474282125000000,203021,-0.861,-0.025,-0.51,-0.01,-0.04,0.05
474282156000000,203041,-0.857,-0.022,-0.52,-0.2,0.03,-0.11
474282171000000,203061,-0.859,-0.02,-0.521,-0.23,-0.03,-0.03
474282187000000,203081,-0.852,-0.025,-0.519,-0.15,-0.09,-0.01
474282203000000,203101,-0.852,-0.027,-0.513,0.07,0.1,0.26
474282234000000,203121,-0.855,-0.025,-0.515,-0.02,0.08,0.18
474282250000000,203141,-0.857,-0.026,-0.524,0.11,-0.16,0.08
474282265000000,203161,-0.854,-0.025,-0.511,-0.03,-0.06,0.08
474282296000000,203181,-0.856,-0.026,-0.519,-0.02,-0.09,0.11
474282312000000,203201,-0.86,-0.021,-0.516,-0.03,-0.25,-0.0
474282328000000,203221,-0.857,-0.024,-0.518,0.12,0.04,0.1
474282343000000,203241,-0.852,-0.027,-0.508,0.03,-0.08,-0.02
474282375000000,203261,-0.855,-0.024,-0.515,0.03,0.02,-0.02
474282390000000,203281,-0.859,-0.024,-0.516,0.05,-0.01,0.14
474282406000000,203301,-0.856,-0.024,-0.512,0.05,0.16,0.01
474282437000000,203321,-0.856,-0.024,-0.504,0.14,0.18,-0.02
474282453000000,203341,-0.859,-0.023,-0.514,-0.13,-0.04,-0.03
474282468000000,203361,-0.852,-0.025,-0.509,-0.11,-0.25,0.21
474282484000000,203381,-0.858,-0.023,-0.518,-0.07,0.01,0.05
474282515000000,203401,-0.856,-0.022,-0.511,-0.34,0.85,-0.09
474282531000000,203421,-0.856,-0.024,-0.518,0.14,-0.29,-0.21
474282546000000,203441,-0.854,-0.023,-0.509,-0.05,0.49,0.4
474282562000000,203461,-0.856,-0.025,-0.514,0.25,-0.25,-0.25
474282593000000,203481,-0.858,-0.023,-0.516,-0.01,0.3,0.54
474282609000000,203501,-0.855,-0.026,-0.518,0.02,-0.19,0.31
474282625000000,203521,-0.859,-0.025,-0.517,-0.09,0.11,-0.0
474282656000000,203541,-0.855,-0.026,-0.517,-0.04,-0.03,-0.0
474282671000000,203561,-0.856,-0.024,-0.517,-0.04,-0.51,-0.28
474282687000000,203581,-0.857,-0.024,-0.514,-0.18,-0.26,-0.12
474282703000000,203601,-0.856,-0.02,-0.518,-0.43,0.46,-0.14
474282734000000,203621,-0.852,-0.023,-0.524,0.06,0.3,0.02
474282750000000,203641,-0.858,-0.021,-0.514,0.02,0.15,-0.15
474282765000000,203661,-0.855,-0.021,-0.514,0.02,0.14,-0.07
474282796000000,203681,-0.857,-0.026,-0.52,0.06,-0.22,0.08
474282812000000,203701,-0.859,-0.027,-0.514,-0.05,0.08,-0.02
474282828000000,203721,-0.856,-0.026,-0.512,0.02,0.07,0.05
474282843000000,203741,-0.857,-0.03,-0.516,-0.04,0.01,0.14
474282875000000,203761,-0.857,-0.021,-0.511,-0.4,0.27,-0.08
474282890000000,203781,-0.857,-0.024,-0.511,0.12,-0.12,-0.05
474282906000000,203801,-0.855,-0.019,-0.517,-0.13,-0.07,0.02
474282921000000,203821,-0.857,-0.026,-0.524,0.01,0.04,0.14
474282953000000,203841,-0.86,-0.025,-0.515,-0.2,0.17,0.04
474282968000000,203861,-0.856,-0.026,-0.509,0.3,-0.46,-0.02
474282984000000,203881,-0.854,-0.025,-0.515,-0.11,0.17,0.11
474283015000000,203901,-0.858,-0.024,-0.509,-0.2,-0.02,0.01
474283031000000,203921,-0.852,-0.027,-0.517,-0.14,-0.21,-0.15
474283046000000,203941,-0.851,-0.021,-0.519,0.03,-0.17,-0.03
474283062000000,203961,-0.853,-0.023,-0.511,-0.04,0.3,0.05
474283093000000,203981,-0.857,-0.021,-0.512,-0.17,0.04,0.18
474283109000000,204001,-0.857,-0.022,-0.518,0.14,0.05,0.08
474283125000000,204021,-0.853,-0.023,-0.512,0.01,-0.13,-0.12
474283156000000,204041,-0.853,-0.023,-0.518,0.11,0.07,-0.05
474283171000000,204061,-0.853,-0.024,-0.516,0.14,-0.06,-0.13
474283187000000,204081,-0.856,-0.022,-0.511,-0.1,0.07,0.13
474283203000000,204101,-0.858,-0.025,-0.518,-0.29,-0.02,-0.04
474283234000000,204121,-0.854,-0.027,-0.51,-0.17,0.01,-0.18
474283250000000,204141,-0.854,-0.027,-0.513,0.06,0.07,0.01
474283265000000,204161,-0.854,-0.027,-0.516,0.11,0.21,-0.0
474283296000000,204181,-0.85,-0.028,-0.515,-0.14,0.09,0.15
474283312000000,204201,-0.853,-0.021,-0.518,-0.04,0.44,-0.05
474283328000000,204221,-0.855,-0.023,-0.511,-0.13,-0.24,-0.04
474283343000000,204241,-0.86,-0.024,-0.514,0.22,0.29,0.01
474283375000000,204261,-0.858,-0.022,-0.517,-0.18,0.18,-0.0
474283390000000,204281,-0.857,-0.025,-0.517,-0.15,-0.25,-0.05
474283406000000,204301,-0.856,-0.027,-0.512,-0.07,0.32,0.3
474283421000000,204321,-0.858,-0.027,-0.511,-0.14,-0.2,0.07
474283453000000,204341,-0.857,-0.023,-0.519,0.19,-0.17,-0.09
474283468000000,204361,-0.861,-0.02,-0.513,0.29,-0.12,-0.09
474283484000000,204381,-0.857,-0.02,-0.516,-0.04,0.04,-0.17
474283515000000,204401,-0.858,-0.022,-0.516,0.07,0.13,0.23
474283531000000,204421,-0.855,-0.028,-0.524,-0.01,0.2,0.17
474283546000000,204441,-0.856,-0.024,-0.518,-0.02,0.01,0.1
474283562000000,204461,-0.857,-0.022,-0.514,-0.2,0.01,-0.05
474283593000000,204481,-0.859,-0.023,-0.521,0.03,-0.28,-0.02
474283609000000,204501,-0.856,-0.023,-0.512,-0.1,-0.2,0.05
474283625000000,204521,-0.859,-0.023,-0.513,-0.14,-0.09,0.16
474283656000000,204541,-0.859,-0.022,-0.518,0.44,0.06,0.11
474283671000000,204561,-0.852,-0.023,-0.513,0.09,0.14,-0.15
474283687000000,204581,-0.859,-0.024,-0.508,-0.24,-0.14,-0.26
474283703000000,204601,-0.853,-0.024,-0.515,0.14,-0.14,0.05
474283734000000,204621,-0.854,-0.023,-0.517,-0.11,-0.08,0.2
474283750000000,204641,-0.858,-0.027,-0.52,-0.04,-0.19,0.02
474283765000000,204661,-0.859,-0.026,-0.515,0.0,0.4,0.05
474283796000000,204681,-0.854,-0.026,-0.516,-0.04,0.1,0.02
474283812000000,204701,-0.854,-0.024,-0.515,-0.11,0.01,-0.0
474283828000000,204721,-0.858,-0.017,-0.515,0.05,-0.09,-0.05
474283843000000,204741,-0.858,-0.026,-0.514,-0.17,0.01,0.14
474283875000000,204761,-0.857,-0.026,-0.515,-0.01,0.32,0.1
474283890000000,204781,-0.853,-0.023,-0.516,-0.01,0.04,0.01
474283906000000,204801,-0.858,-0.02,-0.513,0.26,-0.12,0.24
474283937000000,204821,-0.856,-0.025,-0.513,0.07,0.15,-0.08
474283953000000,204841,-0.856,-0.028,-0.515,-0.16,0.22,0.01
474283968000000,204861,-0.86,-0.025,-0.519,-0.34,0.18,0.01
474283984000000,204881,-0.856,-0.021,-0.513,0.24,0.17,-0.15
474284015000000,204901,-0.856,-0.025,-0.508,0.11,-0.38,-0.02
474284031000000,204921,-0.856,-0.028,-0.521,-0.01,-0.08,-0.27
474284046000000,204941,-0.856,-0.021,-0.518,0.13,-0.0,-0.01
474284062000000,204961,-0.856,-0.023,-0.515,0.06,0.34,0.16
474284093000000,204981,-0.852,-0.029,-0.513,0.02,-0.03,0.08
474284109000000,205001,-0.859,-0.031,-0.516,-0.09,0.15,0.14
474284125000000,205021,-0.856,-0.026,-0.506,-0.25,0.06,0.09
474284156000000,205041,-0.859,-0.023,-0.521,-0.02,0.12,-0.13
474284171000000,205061,-0.859,-0.022,-0.515,0.03,0.3,0.01
474284187000000,205081,-0.855,-0.023,-0.51,0.04,0.4,0.08
474284203000000,205101,-0.856,-0.025,-0.52,0.17,-0.05,0.12
474284234000000,205121,-0.856,-0.02,-0.51,-0.05,-0.18,0.01
474284250000000,205141,-0.855,-0.025,-0.517,0.06,0.11,0.15
474284265000000,205161,-0.862,-0.024,-0.518,0.16,-0.25,-0.13
474284296000000,205181,-0.857,-0.024,-0.513,-0.01,0.04,0.06
474284312000000,205201,-0.853,-0.022,-0.517,0.19,0.19,-0.12
474284328000000,205221,-0.857,-0.027,-0.516,0.05,-0.12,0.11
474284343000000,205241,-0.858,-0.023,-0.509,0.02,-0.14,0.11
474284375000000,205261,-0.856,-0.025,-0.515,-0.07,-0.12,-0.0
474284390000000,205281,-0.856,-0.024,-0.516,0.21,-0.05,0.18
474284406000000,205301,-0.859,-0.024,-0.52,0.12,0.09,0.03
474284421000000,205321,-0.859,-0.029,-0.511,-0.18,0.06,-0.16
474284453000000,205341,-0.857,-0.025,-0.51,-0.14,-0.22,0.21
474284468000000,205361,-0.855,-0.026,-0.515,0.1,-0.03,-0.0
474284484000000,205381,-0.853,-0.019,-0.52,-0.22,-0.21,-0.03
474284515000000,205401,-0.857,-0.025,-0.518,0.3,-0.28,0.08
474284531000000,205421,-0.855,-0.024,-0.51,0.03,-0.19,0.14
474284546000000,205441,-0.858,-0.025,-0.515,0.01,0.11,0.05
474284562000000,205461,-0.859,-0.025,-0.51,0.15,-0.16,0.07
474284593000000,205481,-0.854,-0.024,-0.521,-0.12,0.02,0.05
474284609000000,205501,-0.85,-0.028,-0.516,0.02,-0.03,0.09
474284625000000,205521,-0.856,-0.023,-0.515,-0.02,-0.19,-0.14
474284656000000,205541,-0.857,-0.023,-0.515,-0.06,-0.09,-0.14
474284671000000,205561,-0.857,-0.027,-0.516,0.05,0.01,0.06
474284687000000,205581,-0.859,-0.025,-0.515,0.07,-0.07,0.11
474284703000000,205601,-0.858,-0.027,-0.515,0.25,-0.02,-0.02
474284734000000,205621,-0.852,-0.024,-0.514,-0.17,0.11,-0.17
474284750000000,205641,-0.86,-0.028,-0.517,0.19,-0.08,0.08
474284765000000,205661,-0.858,-0.025,-0.513,0.28,-0.2,0.01
474284796000000,205681,-0.857,-0.025,-0.519,-0.08,-0.11,0.12
474284812000000,205701,-0.855,-0.024,-0.517,0.13,-0.12,-0.03
474284828000000,205721,-0.861,-0.023,-0.521,0.18,0.02,0.11
474284843000000,205741,-0.856,-0.023,-0.516,-0.02,0.59,-0.15
474284875000000,205761,-0.855,-0.024,-0.522,0.17,0.25,0.01
474284890000000,205781,-0.857,-0.021,-0.508,0.14,-0.07,-0.05
474284906000000,205801,-0.858,-0.024,-0.515,-0.05,-0.08,-0.02
474284937000000,205821,-0.854,-0.023,-0.514,0.04,-0.17,0.2
474284953000000,205841,-0.856,-0.024,-0.514,-0.02,0.09,0.05
474284968000000,205861,-0.86,-0.025,-0.51,0.13,-0.01,-0.02
474284984000000,205881,-0.856,-0.024,-0.518,0.05,-0.15,-0.04
474285015000000,205901,-0.858,-0.027,-0.514,0.09,-0.14,-0.14
474285031000000,205921,-0.853,-0.025,-0.514,-0.04,0.01,0.34
474285046000000,205941,-0.855,-0.02,-0.519,-0.03,-0.05,0.02
474285062000000,205961,-0.857,-0.021,-0.514,-0.01,-0.09,0.05
474285093000000,205981,-0.855,-0.024,-0.516,-0.01,-0.05,-0.02
474285109000000,206001,-0.858,-0.026,-0.519,0.05,0.02,0.1
474285125000000,206021,-0.857,-0.023,-0.514,0.0,0.12,-0.14
474285156000000,206041,-0.856,-0.023,-0.505,-0.17,0.22,-0.25
474285171000000,206061,-0.857,-0.023,-0.514,0.17,-0.03,0.07
474285187000000,206081,-0.852,-0.023,-0.519,0.03,0.17,0.05
474285203000000,206101,-0.855,-0.026,-0.515,-0.33,0.14,-0.12
474285234000000,206121,-0.855,-0.025,-0.511,0.22,-0.32,0.21
474285250000000,206141,-0.857,-0.023,-0.517,-0.01,0.28,-0.05
474285265000000,206161,-0.856,-0.027,-0.52,0.05,0.15,-0.14
474285296000000,206181,-0.854,-0.026,-0.509,-0.13,0.34,-0.22
474285312000000,206201,-0.856,-0.025,-0.514,0.19,-0.06,0.01
474285328000000,206221,-0.861,-0.026,-0.514,0.04,0.06,-0.03
474285343000000,206241,-0.858,-0.031,-0.517,-0.05,0.02,0.13
474285375000000,206261,-0.859,-0.025,-0.512,-0.13,0.09,-0.08
474285390000000,206281,-0.855,-0.024,-0.509,-0.14,0.23,0.09
474285406000000,206301,-0.856,-0.023,-0.511,-0.23,0.2,0.14
474285437000000,206321,-0.858,-0.027,-0.507,-0.24,-0.19,-0.07
474285453000000,206341,-0.856,-0.026,-0.52,0.05,-0.15,-0.08
474285468000000,206361,-0.86,-0.024,-0.517,0.04,-0.23,0.1
474285484000000,206381,-0.857,-0.022,-0.516,0.08,-0.09,0.1
474285515000000,206401,-0.858,-0.022,-0.514,0.05,0.29,-0.09
474285531000000,206421,-0.859,-0.026,-0.516,0.25,-0.03,-0.05
474285546000000,206441,-0.858,-0.02,-0.517,-0.27,0.31,0.23
474285562000000,206461,-0.858,-0.022,-0.51,0.03,-0.04,-0.16
474285593000000,206481,-0.857,-0.025,-0.514,-0.01,0.04,-0.31
474285609000000,206501,-0.859,-0.026,-0.513,0.12,-0.06,0.16
474285625000000,206521,-0.858,-0.022,-0.514,0.22,0.14,0.09
474285656000000,206541,-0.855,-0.025,-0.511,0.04,0.1,-0.26
474285671000000,206561,-0.857,-0.024,-0.519,-0.01,-0.15,0.27
474285687000000,206581,-0.857,-0.021,-0.515,-0.06,-0.01,-0.04
474285703000000,206601,-0.855,-0.028,-0.513,0.03,-0.02,0.05
474285734000000,206621,-0.852,-0.025,-0.516,0.1,-0.12,-0.04
474285750000000,206641,-0.861,-0.028,-0.516,0.06,0.08,0.16
474285765000000,206661,-0.857,-0.023,-0.517,-0.38,-0.03,-0.06
474285796000000,206681,-0.854,-0.025,-0.51,0.12,0.11,0.13
474285812000000,206701,-0.857,-0.023,-0.518,-0.01,-0.29,0.17
474285828000000,206721,-0.856,-0.032,-0.512,-0.27,-0.05,0.01
474285843000000,206741,-0.857,-0.025,-0.518,0.05,0.11,0.16
474285875000000,206761,-0.855,-0.024,-0.516,0.02,0.16,-0.12
474285890000000,206781,-0.854,-0.024,-0.523,0.21,-0.27,-0.12
474285906000000,206801,-0.859,-0.018,-0.51,0.07,-0.06,0.05
474285937000000,206821,-0.854,-0.024,-0.51,-0.04,0.25,0.08
474285953000000,206841,-0.857,-0.024,-0.511,-0.02,0.21,-0.0
474285968000000,206861,-0.855,-0.021,-0.517,-0.03,0.04,0.09
474285984000000,206881,-0.86,-0.026,-0.509,-0.17,-0.02,-0.0
474286015000000,206901,-0.857,-0.025,-0.514,0.3,-0.24,-0.01
474286031000000,206921,-0.857,-0.027,-0.512,-0.02,0.29,-0.01
474286046000000,206941,-0.858,-0.024,-0.521,-0.01,-0.13,0.17
474286062000000,206961,-0.857,-0.023,-0.515,-0.18,-0.12,-0.07
474286093000000,206981,-0.856,-0.025,-0.521,0.08,0.34,0.17
474286109000000,207001,-0.857,-0.025,-0.517,-0.3,-0.12,0.3
474286125000000,207021,-0.86,-0.025,-0.514,0.0,-0.06,0.15
474286156000000,207041,-0.856,-0.025,-0.511,0.17,-0.13,0.08
474286171000000,207061,-0.855,-0.025,-0.515,0.15,0.25,0.04
474286187000000,207081,-0.856,-0.022,-0.511,-0.05,-0.0,0.22
474286203000000,207101,-0.853,-0.026,-0.514,0.0,0.2,0.07
474286234000000,207121,-0.856,-0.025,-0.518,0.02,-0.21,0.19
474286250000000,207141,-0.855,-0.027,-0.511,0.31,0.06,-0.28
474286265000000,207161,-0.856,-0.025,-0.507,-0.03,-0.28,-0.13
474286296000000,207181,-0.857,-0.026,-0.517,-0.02,0.08,-0.01
474286312000000,207201,-0.855,-0.024,-0.515,0.05,0.04,0.06
474286328000000,207221,-0.855,-0.024,-0.513,-0.07,-0.18,0.05
474286343000000,207241,-0.856,-0.022,-0.516,0.26,-0.09,0.01
474286375000000,207261,-0.854,-0.025,-0.511,-0.09,0.01,0.05
474286390000000,207281,-0.855,-0.024,-0.513,-0.01,-0.19,-0.34
474286406000000,207301,-0.856,-0.027,-0.516,0.02,0.21,0.16
474286437000000,207321,-0.858,-0.026,-0.525,0.01,-0.06,0.1
474286453000000,207341,-0.858,-0.022,-0.519,0.1,0.05,-0.02
474286468000000,207361,-0.857,-0.023,-0.515,0.3,0.11,-0.05
474286484000000,207381,-0.854,-0.02,-0.514,0.41,0.04,-0.3
474286515000000,207401,-0.853,-0.024,-0.517,0.01,-0.22,0.18
474286531000000,207421,-0.855,-0.025,-0.513,0.11,-0.15,0.11
474286546000000,207441,-0.856,-0.022,-0.522,0.18,0.05,-0.27
474286562000000,207461,-0.853,-0.026,-0.509,-0.14,-0.11,0.07
474286593000000,207481,-0.856,-0.028,-0.517,0.0,0.01,0.23
474286609000000,207501,-0.856,-0.025,-0.513,0.12,0.11,0.07
474286625000000,207521,-0.852,-0.023,-0.516,-0.01,0.45,0.11
474286656000000,207541,-0.86,-0.026,-0.516,0.15,-0.3,-0.01
474286671000000,207561,-0.857,-0.029,-0.519,-0.07,-0.28,0.05
474286687000000,207581,-0.856,-0.025,-0.51,-0.17,-0.01,-0.05
474286703000000,207601,-0.856,-0.023,-0.511,-0.07,-0.1,0.05
474286734000000,207621,-0.857,-0.024,-0.515,-0.11,0.36,-0.15
474286750000000,207641,-0.857,-0.024,-0.515,0.05,0.11,-0.12
474286765000000,207661,-0.855,-0.022,-0.504,0.13,-0.03,-0.17
474286796000000,207681,-0.856,-0.025,-0.508,0.12,-0.06,-0.15
474286812000000,207701,-0.858,-0.021,-0.507,-0.1,0.1,0.13
474286828000000,207721,-0.858,-0.022,-0.51,0.04,-0.09,0.16
474286843000000,207741,-0.857,-0.022,-0.519,-0.02,0.2,0.08
474286875000000,207761,-0.855,-0.029,-0.514,0.12,-0.34,0.14
474286890000000,207781,-0.86,-0.027,-0.519,0.14,0.36,0.01
474286906000000,207801,-0.855,-0.02,-0.519,0.09,0.21,-0.21
474286937000000,207821,-0.853,-0.026,-0.514,0.04,0.43,-0.18
474286953000000,207841,-0.853,-0.024,-0.512,0.08,0.16,0.07
474286968000000,207861,-0.856,-0.025,-0.516,0.13,0.57,0.27
474286984000000,207881,-0.855,-0.025,-0.512,0.28,-0.22,0.13
474287015000000,207901,-0.856,-0.028,-0.519,-0.11,-0.14,-0.11
474287031000000,207921,-0.854,-0.022,-0.513,-0.04,-0.07,0.13
474287046000000,207941,-0.856,-0.029,-0.511,-0.04,0.2,-0.06
474287062000000,207961,-0.856,-0.025,-0.518,-0.2,0.1,-0.11
474287093000000,207981,-0.858,-0.026,-0.519,-0.43,-0.49,-0.02
474287109000000,208001,-0.856,-0.026,-0.515,0.15,-0.15,0.05
474287125000000,208021,-0.854,-0.024,-0.514,-0.1,0.14,-0.12
474287156000000,208041,-0.861,-0.023,-0.519,-0.2,-0.2,-0.04
474287171000000,208061,-0.855,-0.025,-0.517,-0.05,0.2,0.18
474287187000000,208081,-0.855,-0.025,-0.517,0.04,0.14,0.15
474287203000000,208101,-0.859,-0.02,-0.516,0.18,-0.14,0.15
474287234000000,208121,-0.86,-0.021,-0.514,0.22,-0.19,-0.07
474287250000000,208141,-0.86,-0.024,-0.511,0.21,0.07,-0.13
474287265000000,208161,-0.853,-0.021,-0.515,-0.03,0.21,0.18
474287296000000,208181,-0.856,-0.028,-0.516,-0.06,0.39,0.05
474287312000000,208201,-0.856,-0.024,-0.521,0.07,-0.16,0.09
474287328000000,208221,-0.855,-0.022,-0.513,0.14,0.05,-0.0
474287343000000,208241,-0.861,-0.023,-0.517,0.07,-0.0,-0.06
474287375000000,208261,-0.86,-0.024,-0.514,0.21,0.3,0.06
474287390000000,208281,-0.861,-0.024,-0.51,0.32,0.41,-0.12
474287406000000,208301,-0.858,-0.026,-0.518,0.03,0.05,0.29
474287421000000,208321,-0.861,-0.027,-0.509,-0.14,-0.35,0.01
474287453000000,208341,-0.857,-0.022,-0.518,0.03,-0.19,-0.23
474287468000000,208361,-0.86,-0.024,-0.511,-0.04,0.02,-0.01
474287484000000,208381,-0.859,-0.026,-0.512,-0.19,0.32,0.18
474287515000000,208401,-0.86,-0.024,-0.527,-0.23,0.17,0.1
474287531000000,208421,-0.853,-0.028,-0.52,-0.16,0.17,0.23
474287546000000,208441,-0.854,-0.022,-0.511,0.02,0.58,0.11
474287562000000,208461,-0.855,-0.024,-0.51,-0.14,0.21,-0.03
474287593000000,208481,-0.858,-0.025,-0.516,-0.02,-0.02,-0.06
474287609000000,208501,-0.855,-0.025,-0.509,0.02,0.03,0.28
474287625000000,208521,-0.858,-0.022,-0.512,-0.25,-0.02,-0.24
474287656000000,208541,-0.86,-0.023,-0.507,-0.07,0.16,0.01
474287671000000,208561,-0.853,-0.024,-0.514,-0.13,-0.05,0.16
474287687000000,208581,-0.859,-0.025,-0.512,-0.09,-0.16,0.01
474287703000000,208601,-0.853,-0.021,-0.519,-0.08,-0.06,0.01
474287734000000,208621,-0.855,-0.026,-0.518,0.22,-0.29,-0.06
474287750000000,208641,-0.857,-0.025,-0.513,0.11,0.03,-0.08
474287765000000,208661,-0.857,-0.024,-0.513,-0.07,0.25,-0.01
474287796000000,208681,-0.861,-0.024,-0.514,0.42,-0.11,0.27
474287812000000,208701,-0.861,-0.022,-0.515,0.05,0.14,-0.08
474287828000000,208721,-0.857,-0.019,-0.519,0.11,-0.33,-0.37
474287843000000,208741,-0.855,-0.024,-0.516,0.22,0.17,0.25
474287875000000,208761,-0.854,-0.023,-0.512,-0.12,0.36,-0.05
474287890000000,208781,-0.857,-0.022,-0.519,0.09,-0.18,-0.46
474287906000000,208801,-0.856,-0.024,-0.519,0.15,0.04,-0.06
474287937000000,208821,-0.85,-0.022,-0.517,0.32,-0.7,-0.13
474287953000000,208841,-0.855,-0.022,-0.518,-0.35,-0.12,0.08
474287968000000,208861,-0.859,-0.022,-0.515,-0.04,-0.44,0.17
474287984000000,208881,-0.853,-0.021,-0.507,0.0,-0.1,0.05
474288015000000,208901,-0.863,-0.023,-0.519,-0.01,-0.61,-0.19
474288031000000,208921,-0.857,-0.019,-0.515,-0.27,0.36,-0.15
474288046000000,208941,-0.856,-0.026,-0.519,0.05,0.34,-0.03
474288062000000,208961,-0.859,-0.023,-0.515,-0.22,-0.02,0.01
474288093000000,208981,-0.852,-0.026,-0.511,0.17,0.11,0.04
474288109000000,209001,-0.852,-0.025,-0.516,0.2,-0.03,0.11
474288125000000,209021,-0.854,-0.024,-0.517,-0.13,0.07,0.03
474288156000000,209041,-0.86,-0.027,-0.516,-0.01,0.21,-0.15
474288171000000,209061,-0.859,-0.022,-0.512,-0.04,0.44,0.11
474288187000000,209081,-0.852,-0.026,-0.518,0.22,0.22,0.18
474288203000000,209101,-0.857,-0.024,-0.513,-0.01,-0.29,0.16
474288234000000,209121,-0.858,-0.028,-0.519,-0.18,0.12,-0.0
474288250000000,209141,-0.857,-0.026,-0.512,-0.11,0.23,-0.08
474288265000000,209161,-0.858,-0.022,-0.513,-0.11,0.1,0.03
474288296000000,209181,-0.854,-0.028,-0.518,0.01,-0.11,-0.18
474288312000000,209201,-0.857,-0.026,-0.518,0.12,-0.21,-0.03
474288328000000,209221,-0.854,-0.02,-0.519,0.0,0.07,-0.19
474288343000000,209241,-0.859,-0.022,-0.515,0.02,-0.09,-0.14
474288375000000,209261,-0.851,-0.025,-0.518,-0.05,0.05,-0.24
474288390000000,209281,-0.854,-0.023,-0.517,0.05,0.07,-0.12
474288406000000,209301,-0.857,-0.026,-0.515,-0.01,-0.02,-0.21
474288437000000,209321,-0.86,-0.022,-0.516,-0.04,0.05,0.22
474288453000000,209341,-0.859,-0.025,-0.512,0.0,0.13,0.08
474288468000000,209361,-0.854,-0.023,-0.513,-0.13,0.01,0.08
474288484000000,209381,-0.856,-0.023,-0.509,0.13,0.42,0.14
474288515000000,209401,-0.856,-0.022,-0.512,0.27,-0.02,0.11
474288531000000,209421,-0.856,-0.024,-0.515,0.24,-0.22,-0.17
474288546000000,209441,-0.856,-0.021,-0.511,-0.07,0.15,-0.2
474288562000000,209461,-0.857,-0.019,-0.514,-0.01,0.29,-0.36
474288593000000,209481,-0.857,-0.024,-0.51,0.17,-0.05,0.01
474288609000000,209501,-0.854,-0.027,-0.517,0.05,0.02,0.11
474288625000000,209521,-0.858,-0.025,-0.523,0.21,0.03,0.08
474288656000000,209541,-0.855,-0.021,-0.516,-0.07,0.1,-0.21
474288671000000,209561,-0.853,-0.023,-0.512,0.19,-0.08,0.08
474288687000000,209581,-0.859,-0.022,-0.512,-0.15,-0.06,0.14
474288703000000,209601,-0.86,-0.022,-0.52,-0.14,0.11,-0.21
474288734000000,209621,-0.856,-0.024,-0.515,0.02,0.25,0.14
474288750000000,209641,-0.858,-0.024,-0.518,0.13,0.09,0.11
474288765000000,209661,-0.858,-0.02,-0.515,-0.07,-0.02,0.01
474288796000000,209681,-0.855,-0.024,-0.514,0.19,-0.25,0.3
474288812000000,209701,-0.858,-0.024,-0.516,0.16,0.2,0.01
474288828000000,209721,-0.86,-0.023,-0.513,-0.01,0.16,-0.12
474288843000000,209741,-0.859,-0.021,-0.508,-0.07,0.03,-0.04
474288875000000,209761,-0.852,-0.027,-0.519,0.08,0.07,-0.08
474288890000000,209781,-0.852,-0.022,-0.513,0.14,0.05,0.23
474288906000000,209801,-0.856,-0.022,-0.511,-0.04,0.14,-0.01
474288921000000,209821,-0.851,-0.025,-0.516,0.07,0.17,0.12
474288953000000,209841,-0.856,-0.024,-0.512,0.21,-0.12,-0.05
474288968000000,209861,-0.857,-0.024,-0.513,0.11,-0.02,-0.3
474288984000000,209881,-0.855,-0.024,-0.523,0.17,0.11,0.27
474289015000000,209901,-0.858,-0.027,-0.515,0.21,0.12,0.09
474289031000000,209921,-0.857,-0.026,-0.514,-0.11,0.23,0.36
474289046000000,209941,-0.857,-0.021,-0.511,0.13,-0.22,0.13
474289062000000,209961,-0.854,-0.021,-0.51,0.14,0.06,0.12
474289093000000,209981,-0.855,-0.022,-0.511,0.09,0.34,0.23
474289109000000,210001,-0.857,-0.029,-0.514,-0.13,-0.13,-0.15
474289125000000,210021,-0.854,-0.024,-0.516,-0.14,0.01,-0.04
474289156000000,210041,-0.856,-0.022,-0.511,-0.03,0.18,-0.31
474289171000000,210061,-0.858,-0.025,-0.515,-0.01,-0.1,-0.17
474289187000000,210081,-0.859,-0.03,-0.515,-0.03,0.23,0.01
474289203000000,210101,-0.855,-0.026,-0.518,0.16,-0.06,-0.03
474289234000000,210121,-0.856,-0.021,-0.515,-0.14,0.1,0.19
474289250000000,210141,-0.858,-0.027,-0.511,-0.11,0.06,-0.03
474289265000000,210161,-0.857,-0.024,-0.506,-0.34,0.04,0.08
474289296000000,210181,-0.858,-0.027,-0.515,0.27,-0.06,0.21
474289312000000,210201,-0.855,-0.025,-0.513,0.1,-0.04,-0.14
474289328000000,210221,-0.857,-0.024,-0.505,-0.06,-0.22,0.11
474289343000000,210241,-0.854,-0.025,-0.518,0.35,-0.06,-0.1
474289375000000,210261,-0.853,-0.021,-0.516,0.17,-0.2,-0.02
474289390000000,210281,-0.857,-0.025,-0.518,0.32,-0.15,0.18
474289406000000,210301,-0.857,-0.022,-0.519,-0.11,0.09,0.08
474289421000000,210321,-0.856,-0.025,-0.516,0.06,0.21,0.05
474289453000000,210341,-0.855,-0.023,-0.52,-0.19,0.02,-0.1
474289468000000,210361,-0.859,-0.026,-0.517,0.05,0.28,0.11
474289484000000,210381,-0.857,-0.028,-0.51,-0.09,-0.11,0.04
474289515000000,210401,-0.859,-0.028,-0.513,-0.14,0.08,0.03
474289531000000,210421,-0.858,-0.026,-0.517,-0.01,-0.0,-0.06
474289546000000,210441,-0.854,-0.025,-0.521,0.08,0.45,0.26
474289562000000,210461,-0.86,-0.02,-0.512,-0.19,0.21,0.04
474289593000000,210481,-0.857,-0.024,-0.514,0.01,0.36,-0.08
474289609000000,210501,-0.856,-0.028,-0.52,-0.03,-0.17,0.01
474289625000000,210521,-0.852,-0.025,-0.511,-0.15,0.14,-0.17
474289656000000,210541,-0.856,-0.027,-0.518,-0.21,-0.42,0.16
474289671000000,210561,-0.856,-0.025,-0.512,0.09,-0.18,0.23
474289687000000,210581,-0.859,-0.025,-0.517,0.22,0.04,0.05
474289703000000,210601,-0.852,-0.023,-0.515,-0.07,0.06,-0.0
474289734000000,210621,-0.857,-0.023,-0.515,0.16,-0.14,0.3
474289750000000,210641,-0.861,-0.022,-0.511,0.4,0.05,-0.03
474289765000000,210661,-0.855,-0.024,-0.516,0.09,-0.25,0.05
474289796000000,210681,-0.857,-0.026,-0.514,0.0,0.45,0.02
474289812000000,210701,-0.857,-0.024,-0.516,0.08,0.19,0.06
474289828000000,210721,-0.856,-0.025,-0.513,0.03,0.13,0.02
474289843000000,210741,-0.855,-0.02,-0.511,0.22,-0.12,-0.2
474289875000000,210761,-0.855,-0.022,-0.518,-0.21,-0.17,0.11
474289890000000,210781,-0.855,-0.026,-0.513,0.09,-0.24,-0.02
474289906000000,210801,-0.855,-0.022,-0.513,-0.03,-0.06,-0.0
474289921000000,210821,-0.855,-0.023,-0.519,0.18,0.14,0.01
474289953000000,210841,-0.859,-0.022,-0.512,-0.13,0.1,-0.25
474289968000000,210861,-0.853,-0.025,-0.514,0.2,-0.01,0.24
474289984000000,210881,-0.855,-0.026,-0.514,-0.07,0.04,0.05
474290015000000,210901,-0.856,-0.026,-0.508,0.07,-0.19,-0.12
474290031000000,210921,-0.856,-0.025,-0.513,0.0,0.02,-0.13
474290046000000,210941,-0.861,-0.023,-0.515,-0.02,-0.01,-0.21
474290078000000,210961,-0.858,-0.027,-0.518,-0.08,-0.11,-0.07
474290093000000,210981,-0.855,-0.026,-0.516,-0.11,0.2,-0.01
474290109000000,211001,-0.859,-0.025,-0.518,0.13,-0.22,-0.17
474290125000000,211021,-0.858,-0.025,-0.522,-0.14,0.12,-0.18
474290156000000,211041,-0.859,-0.021,-0.518,0.05,0.26,0.02
474290171000000,211061,-0.857,-0.025,-0.512,-0.06,0.18,-0.18
474290187000000,211081,-0.857,-0.028,-0.517,0.02,-0.02,-0.09
474290203000000,211101,-0.856,-0.022,-0.513,0.15,0.13,0.03
474290234000000,211121,-0.853,-0.025,-0.516,-0.01,0.11,-0.1
474290250000000,211141,-0.859,-0.023,-0.517,-0.01,-0.34,-0.06
474290265000000,211161,-0.855,-0.018,-0.514,-0.09,0.04,-0.16
474290296000000,211181,-0.856,-0.021,-0.513,0.2,-0.09,-0.15
474290312000000,211201,-0.856,-0.026,-0.518,-0.16,0.01,0.08
474290328000000,211221,-0.857,-0.023,-0.522,0.19,-0.1,0.14
474290343000000,211241,-0.855,-0.02,-0.517,-0.07,0.07,0.01
474290375000000,211261,-0.854,-0.027,-0.517,0.06,0.04,0.02
474290390000000,211281,-0.859,-0.02,-0.512,0.12,-0.18,-0.08
474290406000000,211301,-0.857,-0.024,-0.523,-0.08,0.12,-0.05
474290421000000,211321,-0.856,-0.024,-0.509,-0.12,-0.22,-0.08
474290453000000,211341,-0.858,-0.024,-0.512,0.22,-0.3,0.09
474290468000000,211361,-0.855,-0.024,-0.514,-0.23,0.11,0.06
474290484000000,211381,-0.858,-0.025,-0.516,0.04,0.01,-0.02
474290515000000,211401,-0.857,-0.022,-0.512,0.05,0.09,-0.2
474290531000000,211421,-0.854,-0.024,-0.523,0.15,-0.15,0.13
474290546000000,211441,-0.858,-0.027,-0.514,-0.04,-0.01,-0.07
474290562000000,211461,-0.858,-0.021,-0.513,0.01,0.01,0.24
474290593000000,211481,-0.856,-0.021,-0.517,-0.13,0.17,0.02
474290609000000,211501,-0.856,-0.019,-0.516,-0.13,0.21,0.29
474290625000000,211521,-0.854,-0.02,-0.519,0.02,0.26,0.14
474290656000000,211541,-0.856,-0.026,-0.516,0.12,-0.09,0.07
474290671000000,211561,-0.859,-0.028,-0.517,-0.11,-0.02,0.13
474290687000000,211581,-0.855,-0.023,-0.512,-0.04,-0.13,-0.08
474290703000000,211601,-0.859,-0.027,-0.521,-0.06,0.03,-0.05
474290734000000,211621,-0.858,-0.027,-0.513,-0.1,-0.01,0.24
474290750000000,211641,-0.858,-0.025,-0.521,-0.05,0.13,-0.05
474290765000000,211661,-0.858,-0.019,-0.513,-0.13,0.11,-0.12
474290796000000,211681,-0.853,-0.025,-0.512,-0.01,-0.07,0.1
474290812000000,211701,-0.859,-0.025,-0.516,0.0,-0.19,-0.03
474290828000000,211721,-0.859,-0.026,-0.516,0.02,0.09,-0.15
474290843000000,211741,-0.857,-0.021,-0.511,-0.2,-0.06,-0.08
474290875000000,211761,-0.859,-0.027,-0.514,-0.01,-0.09,-0.05
474290890000000,211781,-0.855,-0.022,-0.522,0.01,0.12,-0.07
474290906000000,211801,-0.855,-0.023,-0.518,0.09,-0.28,-0.16
474290937000000,211821,-0.853,-0.022,-0.515,0.14,0.03,0.05
474290953000000,211841,-0.855,-0.023,-0.515,-0.04,-0.17,-0.1
474290968000000,211861,-0.857,-0.025,-0.516,0.26,0.1,0.13
474290984000000,211881,-0.857,-0.025,-0.512,-0.11,-0.17,-0.13
474291015000000,211901,-0.86,-0.024,-0.511,-0.02,-0.19,0.02
474291031000000,211921,-0.855,-0.025,-0.516,0.05,0.07,0.03
474291046000000,211941,-0.858,-0.018,-0.507,0.12,0.19,-0.04
474291062000000,211961,-0.856,-0.024,-0.513,0.05,-0.17,0.08
474291093000000,211981,-0.858,-0.021,-0.519,0.28,0.17,-0.12
474291109000000,212001,-0.858,-0.021,-0.521,0.05,0.04,-0.15
474291125000000,212021,-0.853,-0.024,-0.519,0.1,0.14,0.13
474291156000000,212041,-0.858,-0.025,-0.518,-0.04,0.2,-0.07
474291171000000,212061,-0.856,-0.022,-0.515,-0.16,-0.22,0.01
474291187000000,212081,-0.855,-0.025,-0.516,0.02,0.19,0.08
474291203000000,212101,-0.858,-0.026,-0.52,0.02,0.1,0.01
474291234000000,212121,-0.856,-0.028,-0.512,0.11,-0.19,0.07
474291250000000,212141,-0.857,-0.027,-0.517,0.04,0.11,-0.27
474291265000000,212161,-0.855,-0.025,-0.525,-0.14,0.17,-0.24
474291296000000,212181,-0.857,-0.025,-0.52,0.18,0.02,0.06
474291312000000,212201,-0.855,-0.024,-0.513,-0.1,-0.06,0.17
474291328000000,212221,-0.857,-0.023,-0.513,0.16,-0.01,0.11
474291343000000,212241,-0.857,-0.021,-0.516,0.18,-0.01,0.03
474291375000000,212261,-0.854,-0.027,-0.514,0.12,0.16,0.17
474291390000000,212281,-0.853,-0.028,-0.52,-0.07,0.18,0.18
474291406000000,212301,-0.857,-0.025,-0.518,-0.04,0.11,0.08
474291421000000,212321,-0.857,-0.023,-0.518,0.15,-0.02,-0.18
474291453000000,212341,-0.857,-0.023,-0.513,0.15,0.27,-0.09
474291468000000,212361,-0.857,-0.026,-0.521,0.17,-0.23,-0.0
474291484000000,212381,-0.854,-0.024,-0.517,0.03,0.1,0.09
474291515000000,212401,-0.857,-0.02,-0.514,-0.01,-0.02,-0.06
474291531000000,212421,-0.854,-0.025,-0.52,-0.13,-0.08,0.08
474291546000000,212441,-0.855,-0.027,-0.512,0.07,0.16,-0.01
474291562000000,212461,-0.851,-0.025,-0.517,0.09,0.03,0.36
474291593000000,212481,-0.854,-0.022,-0.516,0.06,0.06,-0.21
474291609000000,212501,-0.856,-0.019,-0.512,0.1,0.07,-0.21
474291625000000,212521,-0.854,-0.026,-0.518,-0.08,-0.16,0.02
474291656000000,212541,-0.857,-0.021,-0.521,-0.07,0.01,0.1
474291671000000,212561,-0.856,-0.027,-0.515,0.01,-0.28,-0.12
474291687000000,212581,-0.854,-0.021,-0.513,0.25,-0.13,-0.07
474291703000000,212601,-0.856,-0.022,-0.515,0.05,-0.13,-0.08
474291734000000,212621,-0.856,-0.028,-0.511,0.08,0.07,0.2
474291750000000,212641,-0.856,-0.023,-0.521,0.16,0.01,-0.13
474291765000000,212661,-0.858,-0.024,-0.516,-0.13,-0.06,-0.0
474291796000000,212681,-0.858,-0.026,-0.514,0.06,0.04,0.05
474291812000000,212701,-0.863,-0.024,-0.513,-0.2,0.04,-0.16
474291828000000,212721,-0.855,-0.026,-0.513,0.01,-0.06,0.26
474291843000000,212741,-0.856,-0.022,-0.513,0.25,-0.04,-0.1
474291875000000,212761,-0.855,-0.025,-0.515,-0.11,0.12,-0.02
474291890000000,212781,-0.855,-0.025,-0.513,0.04,-0.02,-0.02
474291906000000,212801,-0.856,-0.024,-0.513,0.25,0.18,-0.19
474291937000000,212821,-0.856,-0.026,-0.516,0.02,0.18,0.19
474291953000000,212841,-0.855,-0.026,-0.516,-0.07,0.19,-0.03
474291968000000,212861,-0.857,-0.026,-0.508,-0.07,0.07,0.14
474291984000000,212881,-0.858,-0.024,-0.516,0.15,-0.26,-0.02
474292015000000,212901,-0.858,-0.026,-0.511,0.01,-0.02,0.03
474292031000000,212921,-0.855,-0.024,-0.515,-0.01,0.15,0.13
474292046000000,212941,-0.861,-0.024,-0.516,-0.2,0.2,-0.04
474292062000000,212961,-0.858,-0.023,-0.511,-0.05,-0.14,0.27
474292093000000,212981,-0.857,-0.023,-0.511,-0.04,-0.18,0.18
474292109000000,213001,-0.858,-0.024,-0.514,-0.26,0.15,0.14
474292125000000,213021,-0.856,-0.024,-0.521,0.03,0.18,0.08
474292156000000,213041,-0.856,-0.03,-0.517,-0.24,0.2,0.22
474292171000000,213061,-0.857,-0.025,-0.518,-0.12,0.05,0.22
474292187000000,213081,-0.857,-0.022,-0.516,0.18,0.12,-0.15
474292203000000,213101,-0.857,-0.025,-0.518,-0.06,-0.23,0.15
474292234000000,213121,-0.852,-0.022,-0.516,0.01,-0.22,-0.12
474292250000000,213141,-0.852,-0.026,-0.516,0.06,0.07,0.15
474292265000000,213161,-0.853,-0.027,-0.516,-0.03,-0.22,-0.04
474292296000000,213181,-0.857,-0.023,-0.512,0.05,-0.09,0.08
474292312000000,213201,-0.858,-0.019,-0.515,0.23,-0.14,0.35
474292328000000,213221,-0.859,-0.023,-0.515,0.02,-0.2,0.05
474292343000000,213241,-0.861,-0.022,-0.517,-0.08,0.04,0.13
474292375000000,213261,-0.858,-0.026,-0.514,0.14,-0.16,0.3
474292390000000,213281,-0.855,-0.021,-0.52,0.02,-0.15,-0.0
474292406000000,213301,-0.858,-0.026,-0.518,0.01,-0.24,-0.46
474292437000000,213321,-0.857,-0.025,-0.515,-0.23,0.08,-0.12
474292453000000,213341,-0.858,-0.024,-0.511,-0.07,0.05,0.01
474292468000000,213361,-0.858,-0.021,-0.518,-0.12,0.41,0.02
474292484000000,213381,-0.855,-0.026,-0.516,0.12,-0.0,0.05
474292515000000,213401,-0.86,-0.024,-0.524,-0.1,-0.35,-0.05
474292531000000,213421,-0.855,-0.023,-0.518,0.05,-0.09,0.26
474292546000000,213441,-0.86,-0.025,-0.518,0.21,0.11,-0.02
474292562000000,213461,-0.858,-0.029,-0.516,0.17,0.26,0.16
474292593000000,213481,-0.857,-0.022,-0.511,-0.01,0.04,0.08
474292609000000,213501,-0.855,-0.025,-0.513,-0.04,0.07,-0.06
474292625000000,213521,-0.852,-0.025,-0.505,0.41,-0.06,-0.15
474292656000000,213541,-0.858,-0.025,-0.518,0.14,0.11,0.05
474292671000000,213561,-0.853,-0.022,-0.515,-0.07,0.11,-0.1
474292687000000,213581,-0.854,-0.021,-0.513,-0.11,-0.16,0.11
474292703000000,213601,-0.853,-0.025,-0.516,0.05,-0.31,0.12
474292734000000,213621,-0.852,-0.024,-0.513,0.09,0.01,0.15
474292750000000,213641,-0.856,-0.024,-0.517,0.37,0.05,0.11
474292765000000,213661,-0.857,-0.024,-0.519,-0.07,-0.07,0.19
474292796000000,213681,-0.859,-0.021,-0.514,-0.11,-0.2,0.08
474292812000000,213701,-0.857,-0.023,-0.516,-0.13,0.26,0.15
474292828000000,213721,-0.862,-0.022,-0.515,0.0,0.29,0.04
474292843000000,213741,-0.858,-0.028,-0.519,-0.14,0.28,0.11
474292875000000,213761,-0.855,-0.026,-0.518,0.02,-0.11,-0.18
474292890000000,213781,-0.852,-0.021,-0.519,-0.04,0.23,0.06
474292906000000,213801,-0.853,-0.024,-0.511,0.02,-0.11,0.11
474292921000000,213821,-0.855,-0.024,-0.507,0.18,-0.12,-0.01
474292953000000,213841,-0.856,-0.026,-0.517,0.13,0.34,0.24
474292968000000,213861,-0.857,-0.025,-0.515,-0.07,-0.34,-0.05
474292984000000,213881,-0.86,-0.026,-0.515,0.17,-0.16,0.01
474293015000000,213901,-0.856,-0.023,-0.519,-0.12,0.01,0.1
474293031000000,213921,-0.856,-0.023,-0.519,0.07,0.23,0.08
474293046000000,213941,-0.858,-0.025,-0.514,0.12,0.11,0.11
474293062000000,213961,-0.859,-0.022,-0.512,-0.21,0.11,0.05
474293093000000,213981,-0.859,-0.024,-0.516,0.0,0.12,0.01
474293109000000,214001,-0.853,-0.023,-0.519,0.02,0.3,-0.04
474293125000000,214021,-0.858,-0.021,-0.514,0.23,-0.05,0.03
474293156000000,214041,-0.855,-0.023,-0.507,-0.27,0.12,0.05
474293171000000,214061,-0.858,-0.026,-0.51,-0.03,-0.02,0.05
474293187000000,214081,-0.853,-0.02,-0.51,0.05,-0.15,0.23
474293203000000,214101,-0.856,-0.028,-0.516,0.12,-0.16,0.11
474293234000000,214121,-0.854,-0.028,-0.512,0.21,0.12,-0.0
474293250000000,214141,-0.853,-0.023,-0.519,-0.01,-0.13,-0.02
474293265000000,214161,-0.854,-0.031,-0.518,0.0,-0.5,-0.08
474293296000000,214181,-0.855,-0.027,-0.513,0.13,0.17,-0.18
474293312000000,214201,-0.859,-0.025,-0.51,-0.31,-0.38,0.18
474293328000000,214221,-0.85,-0.025,-0.511,0.29,0.28,0.17
474293343000000,214241,-0.854,-0.025,-0.515,-0.07,-0.12,0.18
474293375000000,214261,-0.859,-0.024,-0.514,-0.21,0.34,0.18
474293390000000,214281,-0.854,-0.025,-0.515,0.08,0.16,-0.22
474293406000000,214301,-0.856,-0.024,-0.519,0.44,0.26,0.02
474293421000000,214321,-0.856,-0.022,-0.518,-0.02,-0.25,0.13
474293453000000,214341,-0.858,-0.022,-0.51,0.1,0.36,0.21
474293468000000,214361,-0.862,-0.026,-0.516,-0.1,-0.09,0.2
474293484000000,214381,-0.856,-0.028,-0.516,-0.14,0.19,0.13
474293515000000,214401,-0.859,-0.026,-0.511,0.31,0.04,-0.11
474293531000000,214421,-0.859,-0.027,-0.517,0.12,-0.07,-0.16
474293546000000,214441,-0.857,-0.023,-0.512,0.05,0.11,-0.09
474293562000000,214461,-0.855,-0.02,-0.515,-0.15,0.08,0.02
474293593000000,214481,-0.853,-0.022,-0.513,-0.14,0.07,0.11
474293609000000,214501,-0.856,-0.018,-0.518,-0.01,-0.12,0.14
474293625000000,214521,-0.859,-0.028,-0.512,-0.2,-0.06,-0.14
474293656000000,214541,-0.854,-0.024,-0.514,-0.22,-0.19,0.09
474293671000000,214561,-0.858,-0.022,-0.511,0.07,0.05,0.01
474293687000000,214581,-0.861,-0.021,-0.511,0.09,-0.37,-0.0
474293703000000,214601,-0.853,-0.027,-0.517,-0.25,0.15,0.31
474293734000000,214621,-0.856,-0.024,-0.514,-0.01,-0.12,-0.06
474293750000000,214641,-0.857,-0.02,-0.518,0.14,-0.23,0.19
474293765000000,214661,-0.856,-0.023,-0.519,0.02,-0.31,-0.04
474293796000000,214681,-0.858,-0.024,-0.515,-0.14,-0.03,-0.03
474293812000000,214701,-0.856,-0.024,-0.515,-0.21,0.23,-0.24
474293828000000,214721,-0.853,-0.022,-0.511,0.15,0.07,-0.08
474293843000000,214741,-0.856,-0.024,-0.518,0.05,0.25,-0.22
474293875000000,214761,-0.859,-0.026,-0.513,-0.38,0.14,0.18
474293890000000,214781,-0.862,-0.023,-0.517,-0.24,0.24,0.08
474293906000000,214801,-0.858,-0.024,-0.521,0.04,0.15,-0.04
474293937000000,214821,-0.856,-0.023,-0.518,-0.03,0.04,0.02
474293953000000,214841,-0.853,-0.031,-0.512,0.12,0.11,0.18
474293968000000,214861,-0.858,-0.028,-0.513,0.2,-0.15,-0.08
474293984000000,214881,-0.86,-0.023,-0.511,-0.04,0.12,0.2
474294015000000,214901,-0.858,-0.026,-0.52,-0.03,0.11,-0.02
474294031000000,214921,-0.856,-0.025,-0.515,-0.21,0.05,0.15
474294046000000,214941,-0.857,-0.021,-0.516,0.12,0.16,-0.05
474294062000000,214961,-0.857,-0.024,-0.522,-0.09,-0.13,0.04
474294093000000,214981,-0.855,-0.023,-0.515,0.1,-0.09,0.11
474294109000000,215001,-0.859,-0.024,-0.522,-0.17,0.07,0.02
474294125000000,215021,-0.856,-0.025,-0.516,-0.06,-0.02,0.18
474294156000000,215041,-0.862,-0.023,-0.514,-0.11,0.11,0.05
474294171000000,215061,-0.86,-0.024,-0.517,0.01,0.11,0.11
474294187000000,215081,-0.854,-0.024,-0.514,-0.3,-0.2,0.15
474294203000000,215101,-0.857,-0.025,-0.512,0.02,0.71,0.26
474294234000000,215121,-0.855,-0.026,-0.508,-0.07,-0.28,0.07
474294250000000,215141,-0.855,-0.029,-0.512,0.25,0.4,-0.0
474294265000000,215161,-0.856,-0.021,-0.515,0.15,-0.12,-0.05
474294296000000,215181,-0.852,-0.019,-0.516,0.02,-0.2,-0.04
474294312000000,215201,-0.855,-0.024,-0.513,0.02,0.37,-0.44
474294328000000,215221,-0.857,-0.042,-0.498,-1.56,4.85,1.59
474294343000000,215241,-0.847,-0.024,-0.511,0.43,1.14,0.84
474294375000000,215261,-0.875,-0.022,-0.528,0.16,-0.31,-0.44
474294390000000,215281,-0.866,-0.023,-0.511,-0.27,-0.91,0.21
474294406000000,215301,-0.853,-0.026,-0.504,-0.88,-0.51,-0.03
474294437000000,215321,-0.868,-0.026,-0.524,0.38,0.27,-0.29
474294453000000,215341,-0.848,-0.025,-0.512,-0.16,-0.83,-0.08
474294468000000,215361,-0.858,-0.023,-0.522,-0.18,1.14,-0.11
474294484000000,215381,-0.852,-0.023,-0.519,-0.27,-0.88,0.09
474294515000000,215401,-0.855,-0.022,-0.511,-0.28,0.37,-0.06
474294531000000,215421,-0.856,-0.021,-0.52,0.39,-0.32,0.25
474294546000000,215441,-0.863,-0.019,-0.509,0.36,-0.41,-0.24
474294562000000,215461,-0.861,-0.024,-0.506,-0.02,0.02,-0.24
474294593000000,215481,-0.857,-0.027,-0.504,-0.01,0.04,0.1
474294609000000,215501,-0.857,-0.026,-0.515,-0.07,0.45,0.09
474294625000000,215521,-0.854,-0.028,-0.519,-0.04,-0.15,0.12
474294656000000,215541,-0.856,-0.024,-0.527,-0.06,0.03,0.16
474294671000000,215561,-0.852,-0.027,-0.513,-0.16,0.24,-0.12
474294687000000,215581,-0.855,-0.026,-0.518,-0.15,-0.04,0.08
474294703000000,215601,-0.858,-0.023,-0.519,0.12,0.12,0.05
474294734000000,215621,-0.859,-0.027,-0.509,0.12,-0.22,-0.03
474294750000000,215641,-0.871,-0.023,-0.514,-0.25,1.27,0.42
474294765000000,215661,-0.864,-0.025,-0.519,0.18,0.11,-0.15
474294796000000,215681,-0.86,-0.028,-0.518,0.08,0.4,0.02
474294812000000,215701,-0.857,-0.02,-0.523,0.17,-0.29,-0.03
474294828000000,215721,-0.852,-0.022,-0.52,-0.07,0.07,-0.1
474294843000000,215741,-0.853,-0.024,-0.52,0.26,0.18,0.17
474294875000000,215761,-0.853,-0.023,-0.518,0.21,-0.6,0.21
474294890000000,215781,-0.859,-0.028,-0.508,0.18,-0.0,0.04
474294906000000,215801,-0.861,-0.023,-0.513,0.04,0.28,0.19
474294921000000,215821,-0.863,-0.022,-0.52,0.16,0.23,0.17
474294953000000,215841,-0.854,-0.024,-0.513,-0.2,0.32,0.19
474294968000000,215861,-0.857,-0.025,-0.508,0.12,0.23,0.04
474294984000000,215881,-0.856,-0.023,-0.519,-0.01,0.5,0.12
474295015000000,215901,-0.856,-0.024,-0.518,0.34,-0.24,-0.11
474295031000000,215921,-0.855,-0.021,-0.519,-0.12,-0.27,-0.08
474295046000000,215941,-0.852,-0.022,-0.511,0.11,-0.56,0.05
474295062000000,215961,-0.857,-0.023,-0.519,0.18,-0.09,-0.14
474295093000000,215981,-0.861,-0.027,-0.508,-0.17,0.14,0.27
474295109000000,216001,-0.857,-0.021,-0.517,-0.08,-0.13,0.02
474295125000000,216021,-0.858,-0.024,-0.516,0.04,0.65,0.01
474295156000000,216041,-0.854,-0.028,-0.523,-0.37,0.15,0.39
474295171000000,216061,-0.85,-0.023,-0.516,-0.12,-0.41,-0.06
474295187000000,216081,-0.856,-0.023,-0.519,0.03,-0.09,0.15
474295203000000,216101,-0.86,-0.026,-0.523,0.2,0.39,-0.06
474295234000000,216121,-0.859,-0.026,-0.514,-0.29,-0.08,0.05
474295250000000,216141,-0.862,-0.026,-0.512,0.1,-0.03,-0.04
474295265000000,216161,-0.852,-0.019,-0.511,0.22,-0.02,-0.21
474295296000000,216181,-0.855,-0.022,-0.515,-0.04,0.06,-0.24
474295312000000,216201,-0.855,-0.025,-0.517,0.12,-0.5,-0.11
474295328000000,216221,-0.853,-0.022,-0.522,-0.17,0.09,-0.05
474295343000000,216241,-0.854,-0.026,-0.522,-0.07,-0.1,-0.11
474295375000000,216261,-0.859,-0.027,-0.517,-0.09,0.16,-0.15
474295390000000,216281,-0.86,-0.027,-0.512,0.09,0.1,-0.11
474295406000000,216301,-0.855,-0.025,-0.514,0.18,-0.03,-0.08
474295421000000,216321,-0.857,-0.025,-0.512,0.0,-0.07,0.37
474295453000000,216341,-0.857,-0.025,-0.506,0.01,0.04,-0.08
474295468000000,216361,-0.857,-0.023,-0.513,0.09,0.02,0.08
474295484000000,216381,-0.857,-0.023,-0.52,-0.02,0.4,-0.1
474295515000000,216401,-0.859,-0.025,-0.522,0.1,-0.03,0.08
474295531000000,216421,-0.856,-0.025,-0.522,-0.07,-0.06,-0.02
474295546000000,216441,-0.852,-0.028,-0.518,0.01,-0.05,0.07
474295562000000,216461,-0.855,-0.027,-0.516,0.08,0.11,0.07
474295593000000,216481,-0.861,-0.024,-0.515,0.3,0.01,-0.14
474295609000000,216501,-0.854,-0.024,-0.513,0.01,-0.14,-0.0
474295625000000,216521,-0.858,-0.023,-0.509,-0.12,-0.03,0.21
474295656000000,216541,-0.861,-0.026,-0.517,-0.01,-0.0,0.36
474295671000000,216561,-0.856,-0.023,-0.511,0.09,0.17,0.14
474295687000000,216581,-0.853,-0.024,-0.512,-0.12,0.19,-0.06
474295703000000,216601,-0.853,-0.023,-0.518,-0.17,-0.15,0.02
474295734000000,216621,-0.854,-0.02,-0.52,0.04,-0.02,-0.16
474295750000000,216641,-0.855,-0.024,-0.516,0.01,-0.17,-0.05
474295765000000,216661,-0.858,-0.029,-0.517,0.16,-0.35,-0.14
474295796000000,216681,-0.858,-0.03,-0.51,-0.05,0.3,-0.02
474295812000000,216701,-0.858,-0.024,-0.511,-0.06,-0.0,0.2
474295828000000,216721,-0.855,-0.023,-0.516,-0.29,-0.19,0.22
474295843000000,216741,-0.855,-0.025,-0.516,-0.01,-0.07,-0.01
474295875000000,216761,-0.855,-0.026,-0.516,0.13,0.08,-0.13
474295890000000,216781,-0.858,-0.022,-0.514,0.19,-0.05,-0.37
474295906000000,216801,-0.854,-0.024,-0.515,-0.11,0.19,-0.07
474295937000000,216821,-0.855,-0.023,-0.517,-0.07,0.01,0.17
474295953000000,216841,-0.852,-0.029,-0.51,-0.07,-0.04,0.2
474295968000000,216861,-0.859,-0.025,-0.512,-0.11,-0.06,-0.02
474295984000000,216881,-0.856,-0.025,-0.509,-0.07,0.04,0.16
474296015000000,216901,-0.859,-0.025,-0.511,-0.23,0.06,0.03
474296031000000,216921,-0.858,-0.027,-0.517,-0.24,-0.07,0.06
474296046000000,216941,-0.857,-0.02,-0.515,0.02,-0.0,0.01
474296062000000,216961,-0.857,-0.022,-0.519,-0.17,0.02,-0.12
474296093000000,216981,-0.857,-0.024,-0.514,0.02,0.04,0.01
474296109000000,217001,-0.856,-0.024,-0.506,-0.12,-0.09,0.06
474296125000000,217021,-0.857,-0.025,-0.516,0.12,0.11,0.22
474296156000000,217041,-0.858,-0.022,-0.514,0.04,0.04,0.01
474296171000000,217061,-0.858,-0.025,-0.515,0.09,-0.02,-0.12
474296187000000,217081,-0.853,-0.026,-0.519,0.05,0.13,-0.01
474296203000000,217101,-0.855,-0.023,-0.51,-0.1,0.33,0.03
474296234000000,217121,-0.854,-0.025,-0.519,-0.04,0.36,-0.02
474296250000000,217141,-0.855,-0.021,-0.519,0.12,-0.12,-0.0
474296265000000,217161,-0.856,-0.026,-0.512,0.03,-0.08,0.11
474296296000000,217181,-0.854,-0.023,-0.513,0.17,-0.07,0.05
474296312000000,217201,-0.858,-0.025,-0.512,-0.45,-0.12,-0.08
474296328000000,217221,-0.861,-0.024,-0.514,-0.12,-0.02,0.03
474296343000000,217241,-0.857,-0.024,-0.513,-0.45,-0.13,0.13
474296375000000,217261,-0.854,-0.026,-0.51,-0.19,-0.16,-0.22
474296390000000,217281,-0.86,-0.025,-0.516,0.0,-0.08,-0.43
474296406000000,217301,-0.858,-0.026,-0.514,-0.18,-0.06,0.02
474296437000000,217321,-0.856,-0.027,-0.522,0.16,-0.02,-0.01
474296453000000,217341,-0.861,-0.022,-0.523,-0.04,0.01,-0.09
474296468000000,217361,-0.853,-0.024,-0.521,-0.12,0.23,0.14
474296484000000,217381,-0.857,-0.023,-0.514,-0.08,0.11,0.16
474296515000000,217401,-0.858,-0.023,-0.515,0.15,0.22,0.19
474296531000000,217421,-0.858,-0.022,-0.518,0.18,-0.28,-0.05
474296546000000,217441,-0.852,-0.023,-0.511,0.22,0.01,0.08
474296562000000,217461,-0.86,-0.021,-0.511,0.23,-0.04,-0.15
474296593000000,217481,-0.854,-0.023,-0.512,0.07,-0.35,0.17
474296609000000,217501,-0.857,-0.023,-0.519,-0.01,0.11,0.14
474296625000000,217521,-0.853,-0.025,-0.522,0.09,0.1,-0.14
474296656000000,217541,-0.855,-0.024,-0.52,-0.06,-0.09,0.02
474296671000000,217561,-0.856,-0.027,-0.514,-0.05,-0.5,-0.09
474296687000000,217581,-0.858,-0.026,-0.517,-0.24,-0.15,0.05
474296703000000,217601,-0.857,-0.027,-0.507,0.18,-0.31,-0.12
474296734000000,217621,-0.852,-0.025,-0.516,0.08,0.11,0.02
474296750000000,217641,-0.854,-0.027,-0.516,0.02,0.16,0.12
474296765000000,217661,-0.857,-0.026,-0.52,0.09,-0.25,0.05
474296796000000,217681,-0.86,-0.021,-0.519,0.12,-0.05,-0.08
474296812000000,217701,-0.858,-0.026,-0.514,0.24,0.11,-0.15
474296828000000,217721,-0.859,-0.024,-0.514,-0.14,0.1,0.08
474296843000000,217741,-0.857,-0.025,-0.508,-0.23,0.01,-0.02
474296875000000,217761,-0.857,-0.024,-0.514,0.14,0.07,0.08
474296890000000,217781,-0.854,-0.022,-0.517,0.07,0.01,-0.05
474296906000000,217801,-0.856,-0.022,-0.519,0.13,0.11,0.11
474296937000000,217821,-0.855,-0.025,-0.51,-0.07,-0.07,-0.18
474296953000000,217841,-0.856,-0.024,-0.519,0.08,-0.17,0.21
474296968000000,217861,-0.86,-0.025,-0.511,0.02,-0.12,-0.26
474296984000000,217881,-0.854,-0.027,-0.518,0.06,0.12,-0.02
474297015000000,217901,-0.854,-0.02,-0.51,0.01,0.17,-0.1
474297031000000,217921,-0.852,-0.022,-0.518,0.02,-0.15,-0.06
474297046000000,217941,-0.86,-0.024,-0.515,-0.07,-0.06,0.08
474297062000000,217961,-0.855,-0.023,-0.516,0.24,-0.06,-0.14
474297093000000,217981,-0.857,-0.024,-0.514,-0.14,-0.1,0.12
474297109000000,218001,-0.854,-0.026,-0.517,-0.01,0.05,0.03
474297125000000,218021,-0.855,-0.026,-0.518,-0.04,0.01,-0.16
474297156000000,218041,-0.855,-0.028,-0.519,0.04,-0.08,0.21
474297171000000,218061,-0.858,-0.024,-0.513,-0.2,-0.35,-0.03
474297187000000,218081,-0.857,-0.028,-0.519,-0.18,-0.15,0.01
474297203000000,218101,-0.857,-0.026,-0.519,-0.22,0.01,0.07
474297234000000,218121,-0.86,-0.026,-0.51,-0.27,0.41,0.24
474297250000000,218141,-0.855,-0.025,-0.511,0.25,0.27,-0.06
474297265000000,218161,-0.853,-0.027,-0.509,-0.07,0.47,-0.18
474297296000000,218181,-0.856,-0.022,-0.511,-0.01,0.06,0.07
474297312000000,218201,-0.858,-0.021,-0.514,-0.03,-0.16,0.01
474297328000000,218221,-0.857,-0.023,-0.515,0.15,0.04,-0.12
474297343000000,218241,-0.857,-0.023,-0.519,0.01,-0.03,0.09
474297375000000,218261,-0.861,-0.02,-0.514,0.05,0.19,0.02
474297390000000,218281,-0.854,-0.025,-0.522,0.05,-0.18,0.01
474297406000000,218301,-0.858,-0.021,-0.522,-0.02,0.04,0.01
474297437000000,218321,-0.859,-0.022,-0.508,-0.04,0.1,-0.09
474297453000000,218341,-0.855,-0.025,-0.518,-0.09,-0.11,0.02
474297468000000,218361,-0.856,-0.023,-0.512,-0.18,0.15,0.04
474297484000000,218381,-0.854,-0.025,-0.516,-0.29,0.11,0.11
474297515000000,218401,-0.855,-0.025,-0.516,-0.19,-0.07,0.19
474297531000000,218421,-0.859,-0.026,-0.51,-0.03,0.01,0.08
474297546000000,218441,-0.858,-0.024,-0.518,0.02,0.3,0.05
474297562000000,218461,-0.859,-0.024,-0.506,0.02,0.07,0.02
474297593000000,218481,-0.856,-0.022,-0.514,-0.24,-0.13,0.24
474297609000000,218501,-0.853,-0.023,-0.514,0.06,-0.09,0.08
474297625000000,218521,-0.859,-0.026,-0.513,0.09,0.07,-0.01
474297656000000,218541,-0.856,-0.022,-0.518,0.29,0.03,0.29
474297671000000,218561,-0.857,-0.023,-0.52,0.29,-0.27,0.05
474297687000000,218581,-0.854,-0.022,-0.513,0.15,-0.09,0.25
474297703000000,218601,-0.858,-0.029,-0.511,-0.14,0.01,-0.19
474297734000000,218621,-0.856,-0.025,-0.515,0.05,-0.16,-0.0
474297750000000,218641,-0.858,-0.031,-0.519,-0.1,0.27,0.16
474297765000000,218661,-0.857,-0.026,-0.519,0.06,0.19,0.11
474297796000000,218681,-0.86,-0.023,-0.519,-0.15,0.1,-0.13
474297812000000,218701,-0.856,-0.023,-0.514,0.02,-0.0,0.03
474297828000000,218721,-0.857,-0.024,-0.517,-0.07,0.09,-0.14
474297843000000,218741,-0.855,-0.025,-0.514,0.17,-0.11,0.11
474297875000000,218761,-0.855,-0.024,-0.521,0.28,-0.26,0.08
474297890000000,218781,-0.858,-0.026,-0.517,-0.08,-0.04,0.16
474297906000000,218801,-0.857,-0.027,-0.512,0.22,-0.28,0.19
474297937000000,218821,-0.857,-0.026,-0.514,-0.24,0.18,-0.19
474297953000000,218841,-0.856,-0.024,-0.518,0.17,-0.35,-0.05
474297968000000,218861,-0.856,-0.022,-0.511,0.18,-0.01,0.05
474297984000000,218881,-0.854,-0.025,-0.517,0.09,0.05,0.03
474298015000000,218901,-0.855,-0.023,-0.518,-0.2,-0.05,0.09
474298031000000,218921,-0.856,-0.026,-0.516,0.29,-0.01,0.25
474298046000000,218941,-0.853,-0.024,-0.521,0.0,0.17,0.04
474298062000000,218961,-0.858,-0.023,-0.515,-0.04,-0.04,-0.08
474298093000000,218981,-0.86,-0.023,-0.512,0.05,0.14,-0.17
474298109000000,219001,-0.857,-0.024,-0.515,-0.12,-0.03,-0.02
474298125000000,219021,-0.857,-0.02,-0.515,0.24,0.16,-0.05
474298156000000,219041,-0.857,-0.025,-0.517,-0.01,-0.04,0.14
474298171000000,219061,-0.855,-0.023,-0.519,-0.01,-0.1,0.08
474298187000000,219081,-0.853,-0.025,-0.519,0.0,-0.19,0.09
474298203000000,219101,-0.852,-0.023,-0.511,0.05,-0.08,0.3
474298234000000,219121,-0.854,-0.025,-0.514,0.15,-0.19,0.01
474298250000000,219141,-0.855,-0.018,-0.508,-0.03,-0.01,0.14
474298265000000,219161,-0.857,-0.023,-0.513,0.23,0.15,0.02
474298296000000,219181,-0.859,-0.019,-0.511,-0.16,0.23,-0.26
474298312000000,219201,-0.858,-0.025,-0.52,0.05,-0.19,0.14
474298328000000,219221,-0.861,-0.027,-0.513,-0.13,-0.1,-0.13
474298343000000,219241,-0.855,-0.027,-0.513,0.01,0.15,-0.0
474298375000000,219261,-0.853,-0.026,-0.519,-0.07,-0.02,0.01
474298390000000,219281,-0.86,-0.021,-0.508,-0.03,0.3,-0.02
474298406000000,219301,-0.855,-0.021,-0.515,0.22,-0.16,-0.1
474298421000000,219321,-0.863,-0.025,-0.517,0.25,-0.06,0.07
474298453000000,219341,-0.853,-0.023,-0.514,-0.15,0.25,0.24
474298468000000,219361,-0.858,-0.021,-0.513,0.04,-0.2,-0.0
474298484000000,219381,-0.853,-0.028,-0.514,0.25,0.11,-0.05
474298515000000,219401,-0.857,-0.023,-0.523,-0.06,0.07,0.07
474298531000000,219421,-0.856,-0.022,-0.512,-0.04,0.01,-0.01
474298546000000,219441,-0.856,-0.023,-0.516,0.25,-0.02,0.09
474298562000000,219461,-0.859,-0.025,-0.516,-0.06,-0.0,0.03
474298593000000,219481,-0.852,-0.025,-0.517,0.1,0.13,0.04
474298609000000,219501,-0.853,-0.023,-0.519,-0.01,0.28,0.01
474298625000000,219521,-0.855,-0.025,-0.515,0.08,0.19,0.13
474298656000000,219541,-0.858,-0.023,-0.517,0.05,-0.03,0.03
474298671000000,219561,-0.859,-0.026,-0.516,0.05,-0.16,-0.06
474298687000000,219581,-0.858,-0.021,-0.516,0.1,0.05,-0.08
474298703000000,219601,-0.863,-0.025,-0.518,0.05,0.27,0.06
474298734000000,219621,-0.856,-0.024,-0.519,0.12,0.29,0.09
474298750000000,219641,-0.858,-0.025,-0.515,0.04,0.3,-0.08
474298765000000,219661,-0.857,-0.024,-0.516,0.2,-0.15,-0.12
474298796000000,219681,-0.856,-0.024,-0.508,-0.01,0.04,0.21
474298812000000,219701,-0.859,-0.024,-0.508,-0.3,-0.04,0.17
474298828000000,219721,-0.86,-0.026,-0.516,0.09,0.13,-0.0
474298843000000,219741,-0.859,-0.024,-0.512,-0.04,0.2,-0.02
474298875000000,219761,-0.854,-0.025,-0.509,-0.04,0.25,0.17
474298890000000,219781,-0.855,-0.02,-0.518,0.07,0.23,0.08
474298906000000,219801,-0.856,-0.027,-0.521,-0.1,-0.25,-0.05
474298937000000,219821,-0.859,-0.027,-0.519,-0.3,-0.04,0.03
474298953000000,219841,-0.857,-0.023,-0.518,0.13,0.11,0.05
474298968000000,219861,-0.861,-0.025,-0.516,-0.03,-0.06,-0.07
474298984000000,219881,-0.855,-0.025,-0.518,0.02,0.01,0.17
474299015000000,219901,-0.857,-0.022,-0.517,0.07,0.04,0.13
474299031000000,219921,-0.854,-0.029,-0.513,0.0,-0.13,0.01
474299046000000,219941,-0.855,-0.022,-0.51,0.02,-0.06,0.05
474299062000000,219961,-0.861,-0.028,-0.513,0.05,0.33,0.08
474299093000000,219981,-0.857,-0.023,-0.517,0.34,0.35,-0.03
474299109000000,220001,-0.859,-0.026,-0.513,-0.12,-0.25,0.11
474299125000000,220021,-0.855,-0.027,-0.511,0.15,0.09,0.26
474299156000000,220041,-0.854,-0.023,-0.514,-0.01,-0.34,0.1
474299171000000,220061,-0.856,-0.023,-0.519,0.25,-0.04,0.03
474299187000000,220081,-0.854,-0.024,-0.509,0.21,-0.15,0.15
474299203000000,220101,-0.856,-0.023,-0.518,0.04,0.1,0.11
474299234000000,220121,-0.854,-0.023,-0.507,-0.04,0.29,-0.08
474299250000000,220141,-0.856,-0.026,-0.521,0.18,-0.01,0.16
474299265000000,220161,-0.852,-0.024,-0.519,-0.12,0.13,0.38
474299296000000,220181,-0.856,-0.027,-0.509,-0.12,0.05,-0.11
474299312000000,220201,-0.857,-0.021,-0.511,-0.22,0.04,-0.17
474299328000000,220221,-0.86,-0.022,-0.511,0.05,-0.09,0.18
474299343000000,220241,-0.857,-0.022,-0.51,-0.01,-0.1,-0.14
474299375000000,220261,-0.858,-0.024,-0.516,-0.02,0.1,-0.22
474299390000000,220281,-0.854,-0.022,-0.514,-0.21,0.21,0.17
474299406000000,220301,-0.857,-0.022,-0.511,0.06,0.11,-0.07
474299437000000,220321,-0.855,-0.025,-0.514,-0.08,0.21,-0.17
474299453000000,220341,-0.854,-0.026,-0.517,-0.02,0.06,0.27
474299468000000,220361,-0.86,-0.025,-0.514,0.05,0.13,-0.18
474299484000000,220381,-0.856,-0.026,-0.519,-0.04,-0.24,0.3
474299515000000,220401,-0.859,-0.023,-0.512,0.05,-0.08,0.02
474299531000000,220421,-0.861,-0.024,-0.514,-0.17,-0.04,-0.24
474299546000000,220441,-0.854,-0.025,-0.512,0.2,0.24,-0.21
474299562000000,220461,-0.858,-0.027,-0.512,-0.11,-0.11,-0.1
474299593000000,220481,-0.856,-0.029,-0.517,-0.02,0.07,-0.03
474299609000000,220501,-0.857,-0.026,-0.519,0.06,0.15,0.13
474299625000000,220521,-0.858,-0.028,-0.513,-0.05,0.06,-0.09
474299656000000,220541,-0.86,-0.025,-0.51,-0.01,0.13,0.05
474299671000000,220561,-0.852,-0.025,-0.518,-0.11,-0.09,-0.24
474299687000000,220581,-0.857,-0.02,-0.508,-0.04,-0.12,-0.3
474299703000000,220601,-0.856,-0.02,-0.518,-0.07,-0.19,0.19
474299734000000,220621,-0.858,-0.025,-0.516,-0.06,-0.11,0.04
474299750000000,220641,-0.858,-0.021,-0.513,0.39,0.26,-0.03
474299765000000,220661,-0.862,-0.025,-0.523,-0.04,-0.08,0.14
474299796000000,220681,-0.859,-0.02,-0.515,0.01,0.33,0.04
474299812000000,220701,-0.857,-0.016,-0.517,0.04,0.02,0.17
474299828000000,220721,-0.853,-0.022,-0.515,-0.07,0.01,0.29
474299843000000,220741,-0.855,-0.025,-0.523,-0.07,-0.33,0.07
474299875000000,220761,-0.857,-0.027,-0.509,0.05,0.3,0.02
474299890000000,220781,-0.858,-0.024,-0.52,-0.3,-0.33,0.05
474299906000000,220801,-0.856,-0.025,-0.513,-0.04,-0.29,0.12
474299937000000,220821,-0.855,-0.027,-0.508,-0.01,-0.22,0.02
474299953000000,220841,-0.861,-0.02,-0.518,-0.12,0.7,0.01
474299968000000,220861,-0.856,-0.021,-0.508,0.15,0.52,0.14
474299984000000,220881,-0.86,-0.025,-0.517,0.18,0.38,0.01
474300015000000,220901,-0.854,-0.023,-0.516,0.09,-0.23,-0.26
474300031000000,220921,-0.86,-0.025,-0.52,-0.16,-0.25,0.12
474300046000000,220941,-0.855,-0.024,-0.513,-0.18,0.15,-0.12
474300062000000,220961,-0.856,-0.024,-0.516,-0.17,-0.06,-0.19
474300093000000,220981,-0.86,-0.024,-0.517,-0.11,0.34,0.37
474300109000000,221001,-0.856,-0.023,-0.518,-0.06,-0.28,-0.05
474300125000000,221021,-0.858,-0.019,-0.511,-0.18,0.02,-0.05
474300156000000,221041,-0.86,-0.021,-0.519,0.2,0.27,0.12
474300171000000,221061,-0.855,-0.027,-0.515,0.25,-0.19,-0.2
474300187000000,221081,-0.857,-0.029,-0.517,0.06,0.11,-0.04
474300203000000,221101,-0.858,-0.026,-0.512,0.18,-0.0,-0.02
474300234000000,221121,-0.857,-0.026,-0.511,0.26,0.14,0.05
474300250000000,221141,-0.855,-0.025,-0.519,-0.2,0.05,0.09
474300265000000,221161,-0.858,-0.026,-0.509,-0.01,-0.42,0.15
474300296000000,221181,-0.854,-0.026,-0.516,-0.26,-0.0,-0.02
474300312000000,221201,-0.853,-0.026,-0.518,0.23,0.3,0.11
474300328000000,221221,-0.859,-0.025,-0.511,-0.14,-0.11,-0.38
474300343000000,221241,-0.859,-0.025,-0.515,0.02,-0.17,0.17
474300375000000,221261,-0.86,-0.024,-0.518,0.0,-0.06,0.17
474300390000000,221281,-0.857,-0.023,-0.516,0.18,-0.11,-0.12
474300406000000,221301,-0.859,-0.025,-0.509,0.18,0.19,0.19
474300421000000,221321,-0.858,-0.027,-0.517,0.22,0.17,-0.11
474300453000000,221341,-0.858,-0.025,-0.518,-0.07,0.32,0.09
474300468000000,221361,-0.86,-0.024,-0.509,-0.01,-0.22,-0.08
474300484000000,221381,-0.852,-0.028,-0.517,-0.17,0.04,0.15
474300515000000,221401,-0.858,-0.024,-0.517,0.17,-0.19,-0.14
474300531000000,221421,-0.859,-0.022,-0.518,0.15,0.13,0.17
474300546000000,221441,-0.855,-0.022,-0.507,-0.05,-0.01,0.14
474300562000000,221461,-0.858,-0.021,-0.519,-0.03,-0.22,-0.15
474300593000000,221481,-0.854,-0.029,-0.517,-0.05,0.25,0.08
474300609000000,221501,-0.854,-0.027,-0.507,0.12,0.2,0.17
474300625000000,221521,-0.859,-0.026,-0.513,0.14,0.18,0.07
474300656000000,221541,-0.855,-0.026,-0.518,0.01,0.13,0.02
474300671000000,221561,-0.859,-0.026,-0.519,0.05,-0.34,0.04
474300687000000,221581,-0.86,-0.019,-0.511,0.2,0.02,-0.18
474300703000000,221601,-0.857,-0.025,-0.522,0.06,0.03,0.06
474300734000000,221621,-0.856,-0.025,-0.513,0.18,0.09,0.03
474300750000000,221641,-0.857,-0.029,-0.522,0.04,0.13,0.14
474300765000000,221661,-0.857,-0.018,-0.516,0.05,0.06,-0.01
474300796000000,221681,-0.859,-0.026,-0.513,0.27,0.06,0.11
474300812000000,221701,-0.857,-0.026,-0.513,0.1,0.02,0.07
474300828000000,221721,-0.855,-0.024,-0.513,0.05,-0.23,0.15
474300843000000,221741,-0.859,-0.022,-0.512,-0.09,0.01,-0.18
474300875000000,221761,-0.853,-0.022,-0.519,0.15,-0.16,0.13
474300890000000,221781,-0.853,-0.023,-0.517,0.05,0.05,-0.0
474300906000000,221801,-0.861,-0.028,-0.514,0.11,0.01,0.11
474300921000000,221821,-0.855,-0.026,-0.515,0.08,0.13,0.1
474300953000000,221841,-0.857,-0.024,-0.512,0.02,-0.19,-0.17
474300968000000,221861,-0.861,-0.025,-0.519,0.08,-0.03,0.25
474300984000000,221881,-0.852,-0.027,-0.519,-0.04,-0.14,-0.01
474301015000000,221901,-0.859,-0.025,-0.516,0.2,-0.07,-0.0
474301031000000,221921,-0.855,-0.024,-0.512,0.13,0.3,-0.01
474301046000000,221941,-0.853,-0.024,-0.515,0.25,0.21,0.18
474301062000000,221961,-0.857,-0.026,-0.509,0.04,0.09,-0.04
474301093000000,221981,-0.852,-0.025,-0.515,-0.3,0.19,0.07
474301109000000,222001,-0.86,-0.024,-0.516,0.04,-0.14,0.32
474301125000000,222021,-0.861,-0.026,-0.515,0.18,-0.0,-0.05
474301156000000,222041,-0.857,-0.025,-0.512,0.02,-0.17,-0.02
474301171000000,222061,-0.857,-0.024,-0.509,0.03,-0.19,-0.13
474301187000000,222081,-0.854,-0.025,-0.511,0.09,0.08,-0.02
474301203000000,222101,-0.861,-0.022,-0.517,-0.3,-0.16,0.09
474301234000000,222121,-0.854,-0.023,-0.519,-0.15,-0.08,0.14
474301250000000,222141,-0.858,-0.024,-0.507,0.05,-0.12,0.03
474301265000000,222161,-0.858,-0.027,-0.513,0.17,0.01,0.03
474301296000000,222181,-0.857,-0.026,-0.514,0.15,-0.02,0.01
474301312000000,222201,-0.853,-0.026,-0.506,0.16,-0.08,0.22
474301328000000,222221,-0.858,-0.025,-0.513,0.06,0.1,-0.02
474301343000000,222241,-0.861,-0.024,-0.517,0.3,0.23,-0.05
474301375000000,222261,-0.856,-0.025,-0.519,0.08,0.21,0.08
474301390000000,222281,-0.857,-0.022,-0.512,0.05,0.16,0.18
474301406000000,222301,-0.853,-0.024,-0.519,0.14,0.01,0.14
474301421000000,222321,-0.854,-0.024,-0.513,0.07,-0.1,-0.04
474301453000000,222341,-0.852,-0.025,-0.516,-0.02,0.23,0.07
474301468000000,222361,-0.855,-0.027,-0.505,0.18,-0.13,-0.08
474301484000000,222381,-0.861,-0.026,-0.51,-0.16,-0.12,0.13
474301515000000,222401,-0.859,-0.022,-0.514,-0.17,0.11,-0.12
474301531000000,222421,-0.857,-0.025,-0.514,-0.06,0.13,0.25
474301546000000,222441,-0.853,-0.022,-0.519,0.04,0.23,0.13
474301562000000,222461,-0.86,-0.023,-0.518,-0.03,0.23,-0.08
474301593000000,222481,-0.858,-0.026,-0.516,0.12,-0.01,-0.03
474301609000000,222501,-0.851,-0.025,-0.519,0.12,0.22,0.24
474301625000000,222521,-0.859,-0.025,-0.519,-0.02,0.17,-0.42
474301656000000,222541,-0.852,-0.023,-0.513,-0.04,-0.15,-0.31
474301671000000,222561,-0.864,-0.027,-0.514,-0.01,-0.14,0.04
474301687000000,222581,-0.86,-0.022,-0.516,-0.06,0.06,0.27
474301703000000,222601,-0.852,-0.025,-0.522,0.09,-0.35,0.26
474301734000000,222621,-0.857,-0.023,-0.518,-0.13,-0.07,0.27
474301750000000,222641,-0.859,-0.025,-0.519,-0.04,0.04,0.16
474301765000000,222661,-0.857,-0.027,-0.514,-0.07,0.16,-0.12
474301796000000,222681,-0.86,-0.025,-0.514,0.0,0.08,0.13
474301812000000,222701,-0.853,-0.025,-0.509,0.02,0.45,0.05
474301828000000,222721,-0.855,-0.029,-0.514,0.04,0.11,0.24
474301843000000,222741,-0.855,-0.026,-0.522,-0.09,0.09,0.01
474301875000000,222761,-0.856,-0.024,-0.521,-0.04,-0.35,-0.03
474301890000000,222781,-0.853,-0.025,-0.519,0.25,0.03,-0.08
474301906000000,222801,-0.853,-0.024,-0.522,-0.04,-0.03,0.15
474301937000000,222821,-0.857,-0.024,-0.516,0.02,-0.2,0.1
474301953000000,222841,-0.861,-0.023,-0.517,0.21,-0.28,-0.23
474301968000000,222861,-0.856,-0.021,-0.518,0.37,0.07,-0.07
474301984000000,222881,-0.859,-0.027,-0.515,0.09,0.17,0.02
474302015000000,222901,-0.855,-0.023,-0.519,0.12,-0.3,-0.05
474302031000000,222921,-0.855,-0.025,-0.516,-0.11,-0.06,-0.28
474302046000000,222941,-0.856,-0.025,-0.511,-0.03,-0.04,-0.22
474302062000000,222961,-0.858,-0.025,-0.513,0.16,-0.14,-0.25
474302093000000,222981,-0.858,-0.025,-0.514,-0.01,-0.07,0.22
474302109000000,223001,-0.854,-0.024,-0.514,0.16,0.13,-0.08
474302125000000,223021,-0.859,-0.024,-0.518,-0.21,-0.06,0.15
474302156000000,223041,-0.85,-0.021,-0.521,0.07,0.02,-0.08
474302171000000,223061,-0.858,-0.029,-0.512,0.21,0.04,0.05
474302187000000,223081,-0.859,-0.026,-0.514,0.22,0.27,0.11
474302203000000,223101,-0.855,-0.023,-0.517,0.36,-0.4,0.2
474302234000000,223121,-0.854,-0.026,-0.513,-0.27,-0.35,-0.04
474302250000000,223141,-0.859,-0.026,-0.521,0.18,0.53,0.08
474302265000000,223161,-0.854,-0.028,-0.515,0.01,0.41,-0.05
474302296000000,223181,-0.86,-0.025,-0.522,0.13,0.11,-0.12
474302312000000,223201,-0.861,-0.026,-0.523,0.23,-0.48,0.25
474302328000000,223221,-0.854,-0.027,-0.516,-0.24,-0.06,0.05
474302343000000,223241,-0.853,-0.023,-0.513,0.0,0.28,0.1
474302375000000,223261,-0.856,-0.026,-0.524,0.14,-0.29,-0.13
474302390000000,223281,-0.858,-0.024,-0.516,0.06,-0.27,0.15
474302406000000,223301,-0.855,-0.021,-0.508,0.11,-0.38,0.06
474302437000000,223321,-0.858,-0.027,-0.515,-0.14,0.36,-0.09
474302453000000,223341,-0.859,-0.022,-0.514,0.06,-0.35,-0.11
474302468000000,223361,-0.856,-0.025,-0.514,0.12,-0.14,0.08
474302484000000,223381,-0.858,-0.022,-0.517,-0.1,-0.15,0.13
474302515000000,223401,-0.859,-0.027,-0.519,-0.03,0.26,-0.02
474302531000000,223421,-0.859,-0.02,-0.517,-0.4,-0.02,-0.0
474302546000000,223441,-0.852,-0.027,-0.514,-0.03,-0.1,0.02
474302562000000,223461,-0.855,-0.025,-0.513,-0.07,-0.25,0.4
474302593000000,223481,-0.85,-0.021,-0.511,-0.07,-0.06,-0.27
474302609000000,223501,-0.866,-0.027,-0.525,-0.13,-0.52,-0.12
474302625000000,223521,-0.861,-0.024,-0.52,-0.03,-1.01,-0.36
474302656000000,223541,-0.855,-0.028,-0.513,-0.11,0.69,0.36
474302671000000,223561,-0.857,-0.024,-0.516,-0.12,-0.89,-0.14
474302687000000,223581,-0.856,-0.026,-0.52,-0.04,0.18,0.02
474302703000000,223601,-0.855,-0.024,-0.52,0.11,0.01,-0.09
474302734000000,223621,-0.856,-0.026,-0.51,-0.18,0.18,-0.02
474302750000000,223641,-0.857,-0.028,-0.518,0.02,0.1,0.26
474302765000000,223661,-0.858,-0.024,-0.511,0.04,-0.48,-0.11
474302796000000,223681,-0.86,-0.021,-0.524,-0.09,-0.12,0.07
474302812000000,223701,-0.855,-0.027,-0.519,-0.38,-0.31,0.01
474302828000000,223721,-0.86,-0.025,-0.517,-0.07,-0.03,-0.14
474302843000000,223741,-0.858,-0.022,-0.515,-0.12,-0.44,0.11
474303203000000,224101,-0.866,-0.035,-0.53,0.54,-0.48,-0.16
474303234000000,224121,-0.856,-0.028,-0.522,0.46,-1.02,-0.16
474303250000000,224141,-0.858,-0.024,-0.515,0.14,-0.51,-0.03
474303265000000,224161,-0.858,-0.026,-0.514,-0.33,-0.09,0.19
474303296000000,224181,-0.861,-0.018,-0.502,-0.36,0.41,-0.07
474303312000000,224201,-0.857,-0.021,-0.51,0.2,0.04,0.06
474303328000000,224221,-0.855,-0.021,-0.519,-0.14,0.05,-0.05
474303343000000,224241,-0.853,-0.025,-0.512,-0.11,0.27,0.02
474303375000000,224261,-0.854,-0.024,-0.514,0.02,-0.28,0.1
474303390000000,224281,-0.854,-0.029,-0.511,-0.28,0.3,-0.14
474303406000000,224301,-0.858,-0.025,-0.511,-0.14,-0.1,-0.16
474303437000000,224321,-0.854,-0.024,-0.514,-0.06,0.14,0.01
474303453000000,224341,-0.858,-0.024,-0.518,0.28,-0.31,0.21
474303468000000,224361,-0.859,-0.023,-0.516,0.05,0.04,-0.07
474303484000000,224381,-0.859,-0.023,-0.521,0.14,0.18,-0.28
474303515000000,224401,-0.855,-0.022,-0.523,0.11,0.01,0.01
474303531000000,224421,-0.857,-0.021,-0.511,-0.01,0.17,0.05
474303546000000,224441,-0.856,-0.019,-0.516,-0.11,-0.04,0.14
474303562000000,224461,-0.855,-0.022,-0.514,0.09,0.46,0.18
474303593000000,224481,-0.858,-0.025,-0.504,-0.18,0.24,-0.09
474303609000000,224501,-0.858,-0.024,-0.515,0.02,0.07,-0.03
474303625000000,224521,-0.856,-0.023,-0.513,0.13,0.36,0.01
474303656000000,224541,-0.853,-0.026,-0.515,-0.26,0.3,-0.18
474303671000000,224561,-0.832,-0.027,-0.493,0.0,0.29,-0.06
474303687000000,224581,-0.854,-0.029,-0.51,-0.17,1.57,0.28
474303703000000,224601,-0.87,-0.024,-0.522,-0.46,0.33,-0.21
474303734000000,224621,-0.86,-0.025,-0.522,-0.37,0.37,0.21
474303750000000,224641,-0.856,-0.026,-0.513,0.05,-0.04,-0.02
474303765000000,224661,-0.861,-0.024,-0.522,-0.06,-0.13,0.08
474303796000000,224681,-0.852,-0.022,-0.511,0.21,-0.12,0.01
474303812000000,224701,-0.854,-0.024,-0.509,0.34,0.28,0.03
474303828000000,224721,-0.853,-0.026,-0.514,0.1,-0.08,0.16
474303843000000,224741,-0.854,-0.028,-0.522,-0.03,0.51,-0.06
474303875000000,224761,-0.857,-0.028,-0.521,-0.01,-0.06,-0.03
474303890000000,224781,-0.857,-0.03,-0.514,0.13,-0.36,-0.07
474303906000000,224801,-0.856,-0.026,-0.514,-0.11,0.08,0.11
474303937000000,224821,-0.856,-0.025,-0.508,-0.17,-0.26,0.01
474303953000000,224841,-0.858,-0.022,-0.517,0.01,0.01,0.01
474303968000000,224861,-0.86,-0.021,-0.517,0.06,0.04,-0.08
474303984000000,224881,-0.858,-0.027,-0.52,0.19,-0.27,0.08
474304015000000,224901,-0.853,-0.025,-0.519,0.05,0.14,-0.05
474304031000000,224921,-0.854,-0.027,-0.514,0.0,-0.25,-0.15
474304046000000,224941,-0.854,-0.028,-0.518,0.2,0.14,-0.34
474304062000000,224961,-0.85,-0.027,-0.51,0.02,0.14,0.04
474304093000000,224981,-0.853,-0.022,-0.521,0.16,0.14,0.12
474304109000000,225001,-0.857,-0.026,-0.513,-0.03,0.26,-0.04
474304125000000,225021,-0.862,-0.025,-0.512,0.09,-0.08,0.19
474304156000000,225041,-0.854,-0.021,-0.508,-0.09,0.15,0.11
474304171000000,225061,-0.857,-0.02,-0.507,-0.36,0.02,0.03
474304187000000,225081,-0.854,-0.022,-0.521,-0.14,0.23,-0.26
474304203000000,225101,-0.855,-0.025,-0.511,-0.32,0.36,-0.04
474304234000000,225121,-0.856,-0.024,-0.514,-0.11,0.49,-0.04
474304250000000,225141,-0.854,-0.025,-0.511,-0.04,0.33,-0.16
474304265000000,225161,-0.857,-0.023,-0.51,0.05,-0.16,0.05
474304296000000,225181,-0.859,-0.027,-0.518,0.01,0.1,0.1
474304312000000,225201,-0.86,-0.027,-0.514,-0.17,0.43,0.24
474304328000000,225221,-0.859,-0.021,-0.512,0.08,-0.11,0.05
474304343000000,225241,-0.85,-0.026,-0.512,-0.04,0.13,-0.02
474304375000000,225261,-0.861,-0.021,-0.528,0.23,-0.51,-0.12
474304390000000,225281,-0.852,-0.019,-0.519,-0.11,-0.86,-0.41
474304406000000,225301,-0.857,-0.022,-0.514,0.22,0.52,0.08
474304437000000,225321,-0.854,-0.025,-0.517,0.08,-0.88,-0.05
474304453000000,225341,-0.855,-0.025,-0.513,-0.01,0.29,-0.02
474304468000000,225361,-0.855,-0.028,-0.516,-0.02,-0.09,-0.03
474304484000000,225381,-0.855,-0.026,-0.507,0.34,-0.26,0.17
474304515000000,225401,-0.853,-0.027,-0.512,0.0,0.44,-0.02
474304531000000,225421,-0.853,-0.024,-0.505,0.06,-0.09,-0.04
474304546000000,225441,-0.855,-0.022,-0.514,0.05,0.12,0.05
474304562000000,225461,-0.853,-0.023,-0.519,-0.05,-0.01,0.08
474304593000000,225481,-0.86,-0.021,-0.517,-0.26,0.72,-0.08
474304609000000,225501,-0.854,-0.027,-0.515,-0.04,-0.0,0.05
474304625000000,225521,-0.861,-0.025,-0.516,0.02,-0.24,0.05
474304656000000,225541,-0.856,-0.021,-0.52,-0.2,-0.28,0.06
474304671000000,225561,-0.859,-0.024,-0.517,0.15,0.11,-0.08
474304687000000,225581,-0.856,-0.024,-0.514,-0.24,0.2,0.08
474304703000000,225601,-0.855,-0.023,-0.515,0.03,-0.04,0.21
474304734000000,225621,-0.855,-0.027,-0.515,0.09,0.03,0.15
474304750000000,225641,-0.859,-0.024,-0.517,0.02,0.02,0.11
474304765000000,225661,-0.86,-0.023,-0.518,0.0,0.11,-0.1
474304796000000,225681,-0.853,-0.027,-0.508,0.02,0.11,-0.11
474304812000000,225701,-0.856,-0.027,-0.512,0.08,0.18,-0.08
474304828000000,225721,-0.853,-0.029,-0.512,0.12,0.3,-0.15
474304843000000,225741,-0.855,-0.027,-0.517,0.04,0.21,0.01
474304875000000,225761,-0.862,-0.029,-0.513,-0.01,0.36,0.24
474304890000000,225781,-0.855,-0.023,-0.518,-0.06,0.2,-0.21
474304906000000,225801,-0.852,-0.029,-0.518,0.31,-0.02,-0.05
474304937000000,225821,-0.855,-0.023,-0.517,-0.09,-0.23,0.25
474304953000000,225841,-0.856,-0.023,-0.519,0.02,-0.29,-0.2
474304968000000,225861,-0.857,-0.025,-0.517,-0.16,-0.57,-0.2
474304984000000,225881,-0.858,-0.025,-0.517,-0.23,-0.09,0.04
474305015000000,225901,-0.853,-0.027,-0.509,0.06,0.13,-0.05
474305031000000,225921,-0.857,-0.025,-0.515,-0.17,-0.54,-0.04
474305046000000,225941,-0.858,-0.027,-0.513,-0.25,0.35,-0.15
474305062000000,225961,-0.858,-0.027,-0.517,0.05,-0.31,-0.08
474305093000000,225981,-0.853,-0.024,-0.512,0.0,0.04,-0.02
474305109000000,226001,-0.849,-0.027,-0.514,0.28,-0.48,0.09
474305125000000,226021,-0.852,-0.024,-0.516,0.28,-0.28,-0.01
474305156000000,226041,-0.856,-0.025,-0.515,-0.17,0.03,-0.04
474305171000000,226061,-0.855,-0.025,-0.511,0.25,-0.09,0.08
474305187000000,226081,-0.857,-0.021,-0.51,0.12,0.2,-0.16
474305203000000,226101,-0.856,-0.023,-0.507,0.18,0.07,-0.05
474305234000000,226121,-0.856,-0.024,-0.513,0.28,0.24,0.14
474305250000000,226141,-0.856,-0.025,-0.509,0.03,0.45,-0.07
474305265000000,226161,-0.852,-0.022,-0.517,0.0,0.14,-0.14
474305296000000,226181,-0.857,-0.024,-0.509,0.07,0.31,-0.04
474305312000000,226201,-0.861,-0.024,-0.519,0.06,0.26,-0.06
474305328000000,226221,-0.856,-0.026,-0.506,0.06,-0.19,-0.01
474305343000000,226241,-0.856,-0.026,-0.523,0.15,0.33,0.3
474305375000000,226261,-0.857,-0.022,-0.517,-0.24,-0.22,0.14
474305390000000,226281,-0.862,-0.025,-0.517,-0.01,0.21,-0.18
474305406000000,226301,-0.855,-0.023,-0.513,-0.01,0.19,-0.02
474305437000000,226321,-0.855,-0.023,-0.511,-0.09,-0.03,-0.01
474305453000000,226341,-0.855,-0.025,-0.515,-0.27,0.05,0.02
474305468000000,226361,-0.856,-0.024,-0.515,0.11,-0.48,-0.05
474305484000000,226381,-0.858,-0.029,-0.51,0.11,-0.07,0.01
474305515000000,226401,-0.857,-0.023,-0.516,-0.11,0.13,-0.07
474305531000000,226421,-0.855,-0.025,-0.514,0.06,-0.37,-0.15
474305546000000,226441,-0.859,-0.022,-0.516,-0.19,-0.1,-0.37
474305562000000,226461,-0.861,-0.024,-0.515,-0.09,-0.15,-0.05
474305593000000,226481,-0.856,-0.023,-0.509,0.0,-0.06,-0.06
474305609000000,226501,-0.855,-0.023,-0.514,-0.02,-0.27,-0.17
474305625000000,226521,-0.857,-0.022,-0.52,0.13,0.07,0.16
474305656000000,226541,-0.854,-0.026,-0.513,0.16,-0.54,-0.23
474305671000000,226561,-0.86,-0.021,-0.516,-0.15,0.37,0.16
474305687000000,226581,-0.854,-0.026,-0.509,0.23,-0.27,0.08
474305703000000,226601,-0.853,-0.025,-0.512,-0.04,0.46,0.03
474305734000000,226621,-0.858,-0.022,-0.51,-0.12,0.36,-0.08
474305750000000,226641,-0.856,-0.027,-0.507,0.22,0.33,-0.01
474305765000000,226661,-0.85,-0.024,-0.512,-0.32,0.08,-0.06
474305796000000,226681,-0.854,-0.023,-0.518,-0.14,-0.05,-0.14
474305812000000,226701,-0.856,-0.028,-0.519,0.02,-0.2,-0.14
474305828000000,226721,-0.849,-0.027,-0.514,0.09,0.18,0.04
474305843000000,226741,-0.857,-0.026,-0.512,0.09,-0.45,-0.1
474305875000000,226761,-0.856,-0.024,-0.509,-0.06,0.07,-0.16
474305890000000,226781,-0.851,-0.023,-0.508,-0.12,-0.08,-0.07
474305906000000,226801,-0.855,-0.025,-0.509,0.41,0.34,-0.26
474305937000000,226821,-0.86,-0.028,-0.513,0.03,0.4,0.05
474305953000000,226841,-0.853,-0.023,-0.515,-0.17,0.33,0.02
474305968000000,226861,-0.855,-0.028,-0.514,0.09,0.43,-0.03
474305984000000,226881,-0.855,-0.025,-0.52,0.14,0.48,-0.09
474306015000000,226901,-0.854,-0.026,-0.51,0.12,-0.01,0.06
474306031000000,226921,-0.857,-0.021,-0.519,0.1,-0.02,0.08
474306046000000,226941,-0.851,-0.023,-0.509,0.09,-0.2,-0.23
474306062000000,226961,-0.857,-0.025,-0.513,0.15,0.09,0.19
474306093000000,226981,-0.86,-0.027,-0.519,-0.21,0.07,-0.14
474306109000000,227001,-0.856,-0.019,-0.517,0.03,0.04,0.21
474306125000000,227021,-0.852,-0.025,-0.511,-0.05,-0.12,-0.1
474306156000000,227041,-0.851,-0.023,-0.517,0.06,0.11,0.19
474306171000000,227061,-0.852,-0.023,-0.517,0.08,0.21,-0.15
474306187000000,227081,-0.856,-0.026,-0.513,0.06,0.2,-0.12
474306203000000,227101,-0.856,-0.026,-0.514,-0.04,0.2,0.27
474306234000000,227121,-0.859,-0.028,-0.511,-0.14,0.42,0.16
474306250000000,227141,-0.857,-0.027,-0.519,0.01,0.19,0.02
474306265000000,227161,-0.853,-0.027,-0.515,0.06,-0.26,-0.07
474306296000000,227181,-0.856,-0.023,-0.509,0.41,0.04,0.02
474306312000000,227201,-0.855,-0.026,-0.516,-0.04,-0.09,0.25
474306328000000,227221,-0.859,-0.025,-0.519,-0.14,0.26,-0.01
474306343000000,227241,-0.856,-0.024,-0.518,0.01,-0.31,-0.09
474306375000000,227261,-0.856,-0.03,-0.518,0.13,-0.42,-0.03
474306390000000,227281,-0.861,-0.027,-0.508,0.27,0.1,0.12
474306406000000,227301,-0.855,-0.024,-0.513,-0.07,-0.33,-0.01
474306437000000,227321,-0.854,-0.029,-0.514,-0.06,-0.26,0.11
474306453000000,227341,-0.859,-0.025,-0.517,0.03,-0.18,0.22
474306468000000,227361,-0.855,-0.023,-0.513,-0.04,-0.12,0.05
474306484000000,227381,-0.855,-0.021,-0.516,-0.1,-0.22,-0.12
474306515000000,227401,-0.854,-0.026,-0.518,-0.22,-0.02,-0.17
474306531000000,227421,-0.855,-0.025,-0.52,0.18,-0.17,0.14
474306546000000,227441,-0.861,-0.026,-0.515,-0.11,-0.05,0.27
474306562000000,227461,-0.856,-0.027,-0.521,0.22,-0.35,0.13
474306593000000,227481,-0.863,-0.024,-0.516,0.05,0.01,0.21
474306609000000,227501,-0.856,-0.027,-0.512,-0.08,-0.41,0.03
474306625000000,227521,-0.857,-0.025,-0.513,-0.08,-0.1,0.01
474306656000000,227541,-0.857,-0.021,-0.515,0.0,-0.11,-0.12
474306671000000,227561,-0.853,-0.024,-0.517,0.08,-0.19,-0.21
474306687000000,227581,-0.861,-0.024,-0.52,-0.02,-0.08,0.18
474306703000000,227601,-0.859,-0.026,-0.52,0.01,-0.34,-0.05
474306734000000,227621,-0.861,-0.024,-0.514,-0.07,-0.01,-0.14
474306750000000,227641,-0.857,-0.022,-0.519,-0.1,-0.07,-0.05
474306765000000,227661,-0.86,-0.024,-0.517,-0.17,0.04,0.08
474306796000000,227681,-0.86,-0.026,-0.518,-0.12,-0.35,0.08
474306812000000,227701,-0.856,-0.023,-0.522,0.03,-0.48,0.05
474306828000000,227721,-0.858,-0.025,-0.519,0.08,-0.12,-0.05
474306843000000,227741,-0.859,-0.022,-0.522,0.16,-0.12,-0.03
474306875000000,227761,-0.859,-0.027,-0.519,0.01,-0.17,-0.05
474306890000000,227781,-0.859,-0.026,-0.523,0.1,-0.35,0.1
474306906000000,227801,-0.856,-0.02,-0.52,-0.09,-0.15,0.08
474306937000000,227821,-0.858,-0.026,-0.518,-0.2,-0.34,-0.21
474306953000000,227841,-0.854,-0.027,-0.519,-0.06,-0.16,0.16
474306968000000,227861,-0.854,-0.023,-0.519,-0.13,-0.17,0.05
474306984000000,227881,-0.857,-0.023,-0.511,-0.17,-0.19,0.02
474307015000000,227901,-0.859,-0.027,-0.517,0.1,-0.24,-0.13
474307031000000,227921,-0.856,-0.025,-0.509,-0.12,-0.18,-0.02
474307046000000,227941,-0.853,-0.023,-0.516,-0.21,0.12,-0.02
474307062000000,227961,-0.86,-0.022,-0.513,0.06,0.01,0.03
474307093000000,227981,-0.858,-0.026,-0.512,-0.13,-0.23,0.11
474307109000000,228001,-0.862,-0.024,-0.513,-0.03,-0.02,-0.02
474307125000000,228021,-0.861,-0.025,-0.518,0.02,-0.08,0.14
474307156000000,228041,-0.854,-0.022,-0.513,-0.01,0.05,-0.02
474307171000000,228061,-0.855,-0.025,-0.522,-0.07,0.09,0.24
474307187000000,228081,-0.853,-0.023,-0.519,0.1,-0.12,0.11
474307203000000,228101,-0.857,-0.029,-0.518,0.25,-0.06,0.12
474307234000000,228121,-0.856,-0.026,-0.519,0.29,-0.25,-0.05
474307250000000,228141,-0.863,-0.028,-0.513,0.02,-0.13,0.34
474307265000000,228161,-0.858,-0.025,-0.514,0.18,-0.28,-0.12
474307296000000,228181,-0.858,-0.023,-0.515,-0.11,0.09,-0.01
474307312000000,228201,-0.859,-0.024,-0.517,-0.09,-0.1,0.12
474307328000000,228221,-0.853,-0.028,-0.522,0.09,0.14,-0.07
474307343000000,228241,-0.85,-0.024,-0.509,0.25,0.24,0.01
474307375000000,228261,-0.855,-0.025,-0.52,0.31,0.2,-0.09
474307390000000,228281,-0.852,-0.028,-0.52,0.22,0.12,-0.0
474307406000000,228301,-0.858,-0.023,-0.512,0.12,0.01,0.2
474307437000000,228321,-0.857,-0.026,-0.512,0.36,0.07,-0.11
474307453000000,228341,-0.851,-0.03,-0.507,0.08,0.53,-0.09
474307468000000,228361,-0.85,-0.023,-0.508,-0.3,0.49,-0.04
474307484000000,228381,-0.853,-0.026,-0.518,-0.06,0.38,-0.07
474307515000000,228401,-0.853,-0.023,-0.515,-0.1,0.78,-0.02
474307531000000,228421,-0.85,-0.024,-0.52,-0.08,0.2,0.01
474307546000000,228441,-0.855,-0.03,-0.512,-0.07,0.27,0.03
474307562000000,228461,-0.854,-0.026,-0.519,0.12,0.17,0.08
474307593000000,228481,-0.853,-0.026,-0.512,0.28,-0.1,0.04
474307609000000,228501,-0.857,-0.024,-0.514,0.12,0.04,-0.03
474307625000000,228521,-0.854,-0.028,-0.508,0.17,-0.02,0.14
474307656000000,228541,-0.856,-0.027,-0.513,0.1,0.4,-0.0
474307671000000,228561,-0.854,-0.026,-0.518,-0.06,-0.02,0.17
474307687000000,228581,-0.858,-0.024,-0.518,-0.01,-0.05,0.11
474307703000000,228601,-0.853,-0.024,-0.519,0.16,0.04,-0.08
474307734000000,228621,-0.854,-0.021,-0.513,0.15,-0.11,0.01
474307750000000,228641,-0.857,-0.024,-0.515,0.14,0.08,0.07
474307765000000,228661,-0.856,-0.025,-0.51,-0.07,0.01,0.15
474307796000000,228681,-0.855,-0.028,-0.503,-0.15,0.11,-0.07
474307812000000,228701,-0.859,-0.026,-0.511,0.02,-0.0,0.05
474307828000000,228721,-0.855,-0.022,-0.514,-0.01,0.01,0.15
474307843000000,228741,-0.853,-0.028,-0.511,-0.14,0.11,-0.0
474307875000000,228761,-0.854,-0.023,-0.511,0.01,0.39,-0.02
474307890000000,228781,-0.853,-0.023,-0.518,0.01,0.01,-0.08
474307906000000,228801,-0.857,-0.025,-0.51,0.22,0.1,-0.21
474307921000000,228821,-0.858,-0.023,-0.513,0.11,-0.31,0.09
474307953000000,228841,-0.861,-0.023,-0.509,0.03,-0.19,-0.02
474307968000000,228861,-0.856,-0.024,-0.508,-0.1,-0.26,-0.02
474307984000000,228881,-0.86,-0.022,-0.521,-0.22,-0.06,0.05
474308015000000,228901,-0.859,-0.023,-0.516,0.13,-0.06,0.03
474308031000000,228921,-0.857,-0.026,-0.52,-0.18,-0.03,0.05
474308046000000,228941,-0.853,-0.022,-0.515,-0.01,-0.22,0.08
474308062000000,228961,-0.857,-0.022,-0.517,-0.21,-0.17,-0.25
474308093000000,228981,-0.857,-0.024,-0.516,0.28,0.04,0.16
474308109000000,229001,-0.858,-0.027,-0.516,0.02,-0.21,0.08
474308125000000,229021,-0.858,-0.024,-0.513,-0.07,-0.09,0.07
474308156000000,229041,-0.856,-0.022,-0.51,-0.01,0.25,-0.15
474308171000000,229061,-0.853,-0.022,-0.518,0.25,0.17,0.12
474308187000000,229081,-0.849,-0.027,-0.517,0.41,0.17,0.06
474308203000000,229101,-0.856,-0.024,-0.518,-0.06,0.02,0.07
474308234000000,229121,-0.86,-0.025,-0.519,-0.23,-0.09,0.13
474308250000000,229141,-0.857,-0.025,-0.514,-0.01,-0.38,-0.07
474308265000000,229161,-0.854,-0.027,-0.517,-0.11,0.32,0.17
474308296000000,229181,-0.848,-0.023,-0.515,0.01,-0.12,-0.12
474308312000000,229201,-0.85,-0.026,-0.513,-0.14,0.59,-0.08
474308328000000,229221,-0.852,-0.026,-0.513,-0.01,0.11,0.02
474308343000000,229241,-0.854,-0.026,-0.518,-0.07,0.11,0.11
474308375000000,229261,-0.855,-0.023,-0.518,-0.05,0.18,-0.01
474308390000000,229281,-0.859,-0.025,-0.515,0.24,-0.19,0.12
474308406000000,229301,-0.858,-0.022,-0.509,0.24,0.24,0.21
474308421000000,229321,-0.858,-0.021,-0.51,-0.11,0.2,0.15
474308453000000,229341,-0.856,-0.021,-0.52,-0.02,0.28,-0.14
474308468000000,229361,-0.858,-0.021,-0.513,0.09,-0.09,0.34
474308484000000,229381,-0.857,-0.024,-0.518,-0.15,-0.21,-0.02
474308515000000,229401,-0.857,-0.023,-0.518,-0.1,-0.14,0.06
474308531000000,229421,-0.855,-0.025,-0.512,-0.04,-0.34,0.14
474308546000000,229441,-0.856,-0.023,-0.519,-0.27,-0.04,-0.15
474308562000000,229461,-0.859,-0.025,-0.516,0.04,0.11,-0.09
474308593000000,229481,-0.861,-0.024,-0.51,0.12,-0.35,0.05
474308609000000,229501,-0.856,-0.022,-0.516,0.04,-0.03,-0.31
474308625000000,229521,-0.856,-0.023,-0.517,-0.14,-0.03,0.08
474308656000000,229541,-0.848,-0.024,-0.522,0.09,0.33,0.04
474308671000000,229561,-0.855,-0.027,-0.52,-0.08,0.58,-0.05
474308687000000,229581,-0.859,-0.03,-0.519,0.02,0.01,0.01
474308703000000,229601,-0.854,-0.024,-0.519,0.15,-0.11,-0.02
474308734000000,229621,-0.853,-0.023,-0.516,-0.07,0.27,-0.32
474308750000000,229641,-0.859,-0.025,-0.509,0.09,0.2,-0.17
474308765000000,229661,-0.862,-0.023,-0.508,-0.07,-0.03,0.19
474308796000000,229681,-0.861,-0.023,-0.521,-0.17,0.29,0.18
474308812000000,229701,-0.858,-0.019,-0.513,-0.04,-0.1,-0.07
474308828000000,229721,-0.861,-0.021,-0.507,-0.2,0.45,0.17
474308843000000,229741,-0.857,-0.023,-0.521,0.01,0.27,0.08
474308875000000,229761,-0.853,-0.025,-0.525,0.25,-0.29,0.21
474308890000000,229781,-0.855,-0.02,-0.514,0.19,-0.12,0.12
474308906000000,229801,-0.858,-0.027,-0.516,-0.06,-0.22,0.06
474308937000000,229821,-0.859,-0.026,-0.519,0.02,0.04,-0.07
474308953000000,229841,-0.856,-0.028,-0.521,0.09,-0.03,-0.08
474308968000000,229861,-0.86,-0.028,-0.515,0.01,-0.09,0.09
474308984000000,229881,-0.86,-0.025,-0.519,0.09,-0.01,-0.04
474309015000000,229901,-0.857,-0.018,-0.514,-0.22,-0.24,-0.1
474309031000000,229921,-0.854,-0.022,-0.509,-0.23,-0.14,-0.15
474309046000000,229941,-0.853,-0.024,-0.508,0.01,0.36,0.3
474309062000000,229961,-0.855,-0.025,-0.513,-0.16,-0.19,0.05
474309093000000,229981,-0.856,-0.026,-0.514,-0.12,0.04,0.27
474309109000000,230001,-0.857,-0.025,-0.522,0.25,-0.11,-0.0
474309125000000,230021,-0.852,-0.03,-0.513,-0.07,-0.0,0.09
474309156000000,230041,-0.858,-0.024,-0.519,0.22,0.26,-0.02
474309171000000,230061,-0.851,-0.026,-0.513,-0.19,0.38,-0.15
474309187000000,230081,-0.853,-0.026,-0.508,-0.14,-0.02,0.19
474309203000000,230101,-0.857,-0.027,-0.513,0.23,-0.22,-0.12
474309234000000,230121,-0.857,-0.024,-0.516,0.2,-0.04,-0.12
474309250000000,230141,-0.856,-0.02,-0.517,0.01,-0.04,-0.0
474309265000000,230161,-0.858,-0.018,-0.516,-0.21,-0.41,0.22
474309296000000,230181,-0.856,-0.025,-0.512,0.13,0.02,-0.03
474309312000000,230201,-0.858,-0.026,-0.515,-0.27,-0.35,0.11
474309328000000,230221,-0.855,-0.023,-0.515,-0.15,0.04,-0.03
474309343000000,230241,-0.858,-0.024,-0.516,0.0,0.23,-0.05
474309375000000,230261,-0.859,-0.026,-0.519,-0.14,0.02,0.12
474309390000000,230281,-0.851,-0.023,-0.52,0.07,0.3,-0.0
474309406000000,230301,-0.853,-0.021,-0.513,-0.19,0.23,-0.15
474309421000000,230321,-0.86,-0.021,-0.517,-0.04,-0.25,-0.04
474309453000000,230341,-0.859,-0.021,-0.515,0.32,0.23,0.04
474309468000000,230361,-0.856,-0.02,-0.515,-0.01,0.3,0.55
474309484000000,230381,-0.853,-0.03,-0.513,0.04,0.16,0.06
474309515000000,230401,-0.854,-0.026,-0.516,-0.11,0.22,-0.07
474309531000000,230421,-0.849,-0.022,-0.516,0.49,0.3,-0.05
474309546000000,230441,-0.849,-0.029,-0.515,0.12,-0.68,0.01
474309562000000,230461,-0.862,-0.033,-0.52,-0.11,0.63,0.11
474309593000000,230481,-0.856,-0.025,-0.517,0.13,-0.55,0.14
474309609000000,230501,-0.859,-0.018,-0.511,-0.15,0.21,-0.19
474309625000000,230521,-0.863,-0.023,-0.516,0.02,-0.4,-0.1
474309656000000,230541,-0.861,-0.025,-0.513,-0.04,-0.1,-0.06
474309671000000,230561,-0.856,-0.025,-0.509,0.09,0.32,0.11
474309687000000,230581,-0.861,-0.021,-0.515,0.15,0.04,0.13
474309703000000,230601,-0.86,-0.022,-0.518,-0.15,0.35,-0.01
474309734000000,230621,-0.858,-0.023,-0.512,-0.22,-0.19,0.14
474309750000000,230641,-0.852,-0.028,-0.517,-0.25,0.14,0.06
474309765000000,230661,-0.853,-0.029,-0.517,0.19,-0.14,-0.1
474309796000000,230681,-0.855,-0.023,-0.508,-0.07,-0.09,0.15
474309812000000,230701,-0.857,-0.022,-0.516,0.09,0.11,-0.1
474309828000000,230721,-0.856,-0.017,-0.509,0.28,0.2,0.12
474309843000000,230741,-0.858,-0.021,-0.51,-0.11,0.05,0.3
474309875000000,230761,-0.857,-0.025,-0.515,0.04,0.02,0.09
474309890000000,230781,-0.853,-0.023,-0.518,0.25,0.17,-0.07
474309906000000,230801,-0.853,-0.023,-0.518,-0.1,0.25,0.01
474309937000000,230821,-0.855,-0.026,-0.519,-0.2,0.2,0.07
474309953000000,230841,-0.858,-0.029,-0.525,-0.24,0.25,-0.0
474309968000000,230861,-0.856,-0.029,-0.514,0.05,-0.22,-0.0
474309984000000,230881,-0.855,-0.027,-0.516,-0.11,-0.06,-0.01
474310015000000,230901,-0.858,-0.027,-0.518,0.05,0.08,0.11
474310031000000,230921,-0.857,-0.024,-0.517,0.24,-0.13,0.13
474310046000000,230941,-0.858,-0.024,-0.51,-0.25,-0.12,-0.03
474310062000000,230961,-0.854,-0.018,-0.512,0.09,0.14,0.11
474310093000000,230981,-0.858,-0.02,-0.51,0.22,-0.03,0.27
474310109000000,231001,-0.858,-0.022,-0.513,-0.23,-0.17,-0.17
474310125000000,231021,-0.852,-0.016,-0.513,-0.06,0.12,-0.05
474310156000000,231041,-0.86,-0.021,-0.51,-0.15,-0.15,-0.18
474310171000000,231061,-0.856,-0.023,-0.508,-0.22,0.37,0.04
474310187000000,231081,-0.849,-0.026,-0.519,0.04,-0.09,0.02
474310203000000,231101,-0.851,-0.028,-0.523,0.33,0.08,-0.12
474310234000000,231121,-0.855,-0.027,-0.52,-0.04,0.27,-0.02
474310250000000,231141,-0.855,-0.029,-0.515,0.16,0.04,0.21
474310265000000,231161,-0.857,-0.029,-0.514,-0.04,-0.16,-0.08
474310281000000,231181,-0.857,-0.022,-0.513,0.07,0.04,0.06
474310312000000,231201,-0.86,-0.026,-0.509,0.06,0.14,0.05
474310328000000,231221,-0.859,-0.021,-0.51,-0.13,0.2,-0.19
474310343000000,231241,-0.858,-0.024,-0.514,-0.14,0.55,-0.15
474310375000000,231261,-0.859,-0.021,-0.515,0.05,0.43,0.12
474310390000000,231281,-0.855,-0.026,-0.52,0.32,-0.0,0.21
474310406000000,231301,-0.858,-0.025,-0.514,-0.13,-0.3,0.04
474310421000000,231321,-0.856,-0.025,-0.519,-0.07,0.18,0.07
474310453000000,231341,-0.854,-0.024,-0.508,0.02,0.2,0.11
474310468000000,231361,-0.859,-0.025,-0.519,-0.01,0.37,0.27
474310484000000,231381,-0.856,-0.028,-0.509,-0.06,0.32,-0.09
474310515000000,231401,-0.855,-0.026,-0.514,0.02,0.2,0.26
474310531000000,231421,-0.857,-0.026,-0.513,-0.11,-0.06,0.04
474310546000000,231441,-0.86,-0.025,-0.515,-0.01,0.2,0.19
474310562000000,231461,-0.852,-0.02,-0.512,0.13,0.1,-0.02
474310593000000,231481,-0.859,-0.022,-0.516,-0.13,0.01,-0.17
474310609000000,231501,-0.853,-0.023,-0.516,0.05,0.1,-0.11
474310625000000,231521,-0.861,-0.018,-0.519,0.09,0.2,-0.15
474310656000000,231541,-0.859,-0.027,-0.515,-0.21,-0.06,0.07
474310671000000,231561,-0.857,-0.03,-0.51,-0.17,0.14,0.05
474310687000000,231581,-0.859,-0.023,-0.513,-0.21,0.04,0.22
474310703000000,231601,-0.853,-0.027,-0.518,0.15,0.06,-0.16
474310734000000,231621,-0.854,-0.022,-0.517,-0.2,0.11,-0.08
474310750000000,231641,-0.85,-0.024,-0.516,0.15,0.26,-0.05
474310765000000,231661,-0.857,-0.023,-0.52,-0.08,0.01,0.05
474310796000000,231681,-0.857,-0.023,-0.516,0.33,-0.2,-0.12
474310812000000,231701,-0.856,-0.022,-0.516,0.15,-0.13,-0.05
474310828000000,231721,-0.856,-0.026,-0.512,0.02,0.41,0.22
474310843000000,231741,-0.859,-0.026,-0.513,0.43,-0.02,-0.1
474310875000000,231761,-0.855,-0.025,-0.519,-0.14,0.07,0.02
474310890000000,231781,-0.86,-0.025,-0.512,-0.1,0.1,0.02
474310906000000,231801,-0.858,-0.026,-0.515,-0.07,0.4,-0.01
474310921000000,231821,-0.852,-0.024,-0.513,0.02,0.15,-0.08
474310953000000,231841,-0.854,-0.021,-0.517,0.0,0.05,-0.18
474310968000000,231861,-0.855,-0.025,-0.513,0.2,-0.12,-0.11
474310984000000,231881,-0.853,-0.025,-0.51,-0.09,0.11,0.01
474311015000000,231901,-0.857,-0.022,-0.513,0.03,-0.0,0.12
474311031000000,231921,-0.854,-0.023,-0.517,0.24,-0.09,0.08
474311046000000,231941,-0.862,-0.031,-0.518,-0.16,-0.02,0.05
474311062000000,231961,-0.854,-0.022,-0.511,0.27,-0.29,0.17
474311093000000,231981,-0.856,-0.025,-0.514,-0.14,-0.04,-0.15
474311109000000,232001,-0.855,-0.021,-0.51,-0.15,0.03,-0.02
474311125000000,232021,-0.849,-0.025,-0.508,-0.08,0.2,0.01
474311156000000,232041,-0.852,-0.022,-0.512,0.05,0.11,-0.13
474311171000000,232061,-0.856,-0.025,-0.513,-0.14,0.43,0.11
474311187000000,232081,-0.855,-0.022,-0.516,-0.08,-0.01,0.26
474311203000000,232101,-0.856,-0.024,-0.52,-0.17,-0.0,-0.2
474311234000000,232121,-0.858,-0.029,-0.516,-0.07,-0.23,-0.16
474311250000000,232141,-0.862,-0.025,-0.517,0.17,-0.15,0.11
474311265000000,232161,-0.861,-0.022,-0.511,0.12,0.51,-0.24
474311296000000,232181,-0.858,-0.021,-0.513,0.21,0.56,0.05
474311312000000,232201,-0.855,-0.022,-0.52,-0.01,0.34,-0.38
474311328000000,232221,-0.855,-0.024,-0.515,0.25,-0.22,0.1
474311343000000,232241,-0.853,-0.024,-0.511,-0.06,0.23,0.04
474311375000000,232261,-0.855,-0.021,-0.511,0.07,0.04,-0.04
474311390000000,232281,-0.859,-0.027,-0.511,-0.15,-0.1,0.15
474311406000000,232301,-0.856,-0.024,-0.511,-0.06,0.11,0.14
474311421000000,232321,-0.856,-0.025,-0.52,0.09,0.04,-0.15
474311453000000,232341,-0.852,-0.027,-0.518,0.15,0.26,0.04
474311468000000,232361,-0.855,-0.022,-0.516,0.0,0.17,-0.12
474311484000000,232381,-0.853,-0.025,-0.512,-0.04,-0.15,-0.07
474311515000000,232401,-0.855,-0.019,-0.515,0.24,0.04,0.14
474311531000000,232421,-0.856,-0.027,-0.514,-0.13,-0.47,0.06
474311546000000,232441,-0.854,-0.025,-0.513,-0.11,0.14,0.08
474311562000000,232461,-0.856,-0.022,-0.521,0.15,0.14,0.1
474311593000000,232481,-0.858,-0.019,-0.509,-0.14,0.14,-0.08
474311609000000,232501,-0.856,-0.023,-0.513,0.04,0.08,-0.24
474311625000000,232521,-0.858,-0.025,-0.518,-0.02,-0.09,-0.05
474311656000000,232541,-0.854,-0.026,-0.517,0.02,0.53,-0.24
474311671000000,232561,-0.855,-0.024,-0.519,-0.12,0.27,-0.12
474311687000000,232581,-0.859,-0.021,-0.512,0.03,0.04,0.18
474311703000000,232601,-0.857,-0.025,-0.517,0.07,-0.02,-0.06
474311734000000,232621,-0.854,-0.024,-0.514,0.3,-0.0,0.27
474311750000000,232641,-0.859,-0.024,-0.516,-0.23,-0.12,-0.02
474311765000000,232661,-0.857,-0.02,-0.508,-0.06,-0.3,-0.22
474311796000000,232681,-0.86,-0.028,-0.511,-0.07,0.05,-0.18
474311812000000,232701,-0.854,-0.023,-0.516,-0.04,-0.04,0.47
474311828000000,232721,-0.856,-0.023,-0.512,-0.09,-0.01,0.21
474311843000000,232741,-0.858,-0.026,-0.509,-0.17,0.98,0.06
474311875000000,232761,-0.846,-0.029,-0.513,0.79,-6.55,1.1
474311890000000,232781,-0.856,-0.016,-0.517,0.36,-0.84,-0.42
474311906000000,232801,-0.867,-0.023,-0.523,-0.57,3.02,0.36
474311921000000,232821,-0.857,-0.025,-0.514,0.02,2.34,0.14
474311953000000,232841,-0.854,-0.029,-0.509,0.1,0.72,0.04
474311968000000,232861,-0.862,-0.026,-0.521,-0.59,-0.83,-0.32
474311984000000,232881,-0.861,-0.0,-0.516,-1.96,2.14,1.11
474312015000000,232901,-0.872,-0.013,-0.482,0.5,4.86,1.27
474312031000000,232921,-0.857,-0.028,-0.513,0.14,-2.93,-0.04
474312046000000,232941,-0.854,-0.022,-0.514,0.15,-0.64,-0.2
474312062000000,232961,-0.859,-0.021,-0.52,-0.1,1.04,0.13
474312093000000,232981,-0.857,-0.022,-0.519,0.12,2.13,0.17
474312109000000,233001,-0.86,-0.024,-0.516,-0.03,3.43,0.23
474312125000000,233021,-0.854,-0.023,-0.51,5.15,1.9,3.63
474312156000000,233041,-0.824,-0.035,-0.542,6.47,4.23,3.98
474312171000000,233061,-0.88,0.016,-0.486,3.64,5.1,2.4
474312187000000,233081,-0.819,-0.075,-0.704,19.98,-28.58,4.76
474312562000000,233462,0.454,-0.612,1.103,0.54,-0.48,-0.16
474312593000000,233481,-0.766,-0.242,-0.603,-46.94,-84.71,-109.61
474312609000000,233501,-0.659,-0.325,-0.746,39.28,14.61,-10.12
474312656000000,233541,-0.687,-0.335,-0.602,-29.93,53.08,-47.33
474312671000000,233561,-0.707,-0.334,-0.72,0.35,18.45,-44.63
474312687000000,233581,-0.857,-0.244,-0.935,111.29,87.57,-73.24
474312703000000,233601,-0.773,-0.243,-0.346,-7.29,-0.48,-0.17
474312734000000,233621,-0.004,-0.0,-0.002,0.54,-0.48,-0.16
474312765000000,233661,0.674,-1.343,-1.253,4.73,52.98,39.7
474312796000000,233681,-0.491,-0.426,-0.68,-44.71,20.8,1.77
474312812000000,233701,-0.587,-0.378,-0.738,-8.07,0.98,0.17
474312828000000,233721,-0.573,-0.378,-0.709,0.06,-18.08,-4.24
474312843000000,233741,-0.623,-0.368,-0.693,-10.41,-49.96,-48.09
474312875000000,233761,-0.607,-0.411,-0.811,-23.99,1.14,-34.61
474312890000000,233781,-0.521,-0.401,-0.777,-54.82,29.68,8.05
474312906000000,233801,-0.637,-0.279,-0.784,-36.18,56.16,-0.67
474312921000000,233821,-0.587,-0.347,-0.788,-45.51,43.57,7.95
474312953000000,233841,-0.571,-0.347,-0.786,18.38,-0.6,-4.8
474312968000000,233861,-0.538,-0.412,-0.742,44.27,9.4,-64.03
474312984000000,233881,-0.569,-0.351,-0.897,-56.01,-5.15,-9.67
474313015000000,233901,-0.567,-0.335,-0.725,5.07,-9.38,-5.88
474313031000000,233921,-0.579,-0.358,-0.747,-7.59,-23.66,-12.89
474313046000000,233941,-0.494,-0.444,-0.862,-8.69,-40.16,-19.86
474313062000000,233961,-0.678,-0.367,-0.866,-10.99,-72.68,-50.01
474313093000000,233981,-0.594,-0.318,-0.805,-20.2,-38.13,-14.18
474313109000000,234001,-0.59,-0.358,-0.809,-5.27,-8.83,-3.51
474313125000000,234021,-0.59,-0.357,-0.689,-10.4,-1.47,-1.37
474313156000000,234041,-0.584,-0.343,-0.754,-81.91,-1.44,4.56
474313171000000,234061,-0.63,-0.297,-0.681,5.3,36.45,5.47
474313187000000,234081,-0.56,-0.346,-0.648,-0.94,25.71,6.29
474313203000000,234101,-0.587,-0.31,-0.79,-9.66,41.81,5.82
474313234000000,234121,-0.566,-0.322,-0.76,19.05,15.94,0.85
474313250000000,234141,-0.56,-0.328,-0.74,-19.95,2.87,1.28
474313265000000,234161,-0.57,-0.307,-0.778,-33.96,2.04,2.37
474313296000000,234181,-0.558,-0.322,-0.822,-33.64,0.44,1.14
474313312000000,234201,-0.601,-0.282,-0.698,-51.01,-34.43,-7.18
474313328000000,234221,-0.563,-0.323,-0.877,16.86,-32.41,-19.99
474313343000000,234241,-0.629,-0.248,-0.407,42.51,21.65,-4.12
474313375000000,234261,-0.559,-0.318,-0.766,-61.88,-9.8,-13.41
474313390000000,234281,-0.566,-0.313,-0.87,15.35,0.2,-1.63
474313406000000,234301,-0.573,-0.312,-0.741,11.41,-11.57,-4.87
474313437000000,234321,-0.564,-0.32,-0.763,-13.07,-2.12,-2.43
474313453000000,234341,-0.554,-0.321,-0.758,21.24,0.04,-2.63
474313468000000,234361,-0.566,-0.316,-0.733,-30.82,-1.91,0.47
474313484000000,234381,-0.561,-0.332,-0.784,-4.94,3.07,1.75
474313515000000,234401,-0.569,-0.324,-0.771,18.79,0.65,-1.23
474313531000000,234421,-0.552,-0.453,-1.368,219.54,109.38,-8.89
474313546000000,234441,-0.541,-0.354,-0.581,-1.72,18.25,-68.64
474313562000000,234461,-0.513,-0.363,-0.813,13.54,-2.69,-7.37
474313593000000,234481,-0.519,-0.388,-0.846,11.65,-9.8,-5.36
474313609000000,234501,-0.572,-0.339,-0.657,11.89,-57.49,-12.36
474313625000000,234521,-0.575,-0.369,-0.722,-10.72,-28.82,-0.76
474313656000000,234541,-0.557,-0.397,-0.803,10.36,-62.08,-17.73
474313671000000,234561,-0.588,-0.406,-0.748,29.15,-116.49,-34.53
474313687000000,234581,-0.004,-0.0,-0.002,0.54,-0.48,-0.16
474313703000000,234601,-0.956,-0.3,-0.563,29.9,-111.82,-28.69
474327125000000,248021,-0.568,-0.416,-0.474,0.54,-0.48,-0.16
474327156000000,248041,-0.767,-0.319,-0.611,0.54,-0.48,-0.16
474327171000000,248061,-0.978,-0.217,-0.562,-0.03,82.69,-89.23
474327187000000,248081,-0.93,-0.194,-0.471,-3.58,117.81,-47.0
474327203000000,248101,-0.74,-0.284,-0.675,-24.59,71.22,-80.27
474327515000000,248401,-0.392,-0.223,-0.852,0.54,-0.48,-0.16
474327531000000,248421,-0.315,-0.27,-0.857,-36.89,143.56,-36.96
474327546000000,248441,-0.217,-0.308,-0.937,-31.16,156.01,1.45
474327562000000,248461,-0.264,-0.204,-0.95,-29.65,131.86,14.43
474327593000000,248481,-0.254,-0.228,-1.032,-22.3,57.24,38.65
474327609000000,248501,-0.094,-0.255,-1.001,-7.0,18.63,11.86
474327625000000,248521,0.043,-0.173,-1.048,5.66,48.23,-6.21
474327656000000,248541,-0.134,-0.252,-0.999,10.95,12.38,-26.42
474327671000000,248561,-0.132,-0.261,-0.957,6.37,1.89,10.81
474327687000000,248581,-0.176,-0.225,-0.939,-10.42,15.36,-1.3
474327703000000,248601,-0.172,-0.222,-0.962,-9.55,35.47,-9.31
474327734000000,248621,-0.155,-0.214,-0.906,-6.82,-14.35,-36.85
474327750000000,248641,0.048,-0.196,-1.041,20.28,2.14,-0.46
474327765000000,248661,-0.143,-0.245,-0.89,8.41,-0.19,-4.92
474327796000000,248681,-0.278,-0.243,-0.983,41.34,-2.16,-43.36
474327812000000,248701,-0.108,-0.247,-0.977,6.22,1.43,5.34
474327828000000,248721,-0.129,-0.269,-1.0,13.15,-0.34,1.79
474327843000000,248741,-0.077,-0.316,-0.983,-5.97,-10.68,-41.64
474327875000000,248761,-0.17,-0.257,-0.946,10.26,3.78,26.5
474327890000000,248781,-0.154,-0.28,-0.958,3.88,-10.23,-23.89
474327906000000,248801,-0.143,-0.27,-0.939,11.44,-2.41,-0.83
474327921000000,248821,-0.175,-0.255,-1.021,-8.4,-12.41,-26.43
474327953000000,248841,-0.091,-0.285,-0.99,2.74,6.18,16.66
474327968000000,248861,-0.176,-0.309,-0.947,7.5,-0.49,4.14
474327984000000,248881,-0.167,-0.27,-0.965,5.48,5.68,9.76
474328015000000,248901,-0.19,-0.214,-0.781,-0.44,-11.99,-46.52
474328031000000,248921,-0.099,-0.307,-0.814,11.64,-11.21,-21.68
474328046000000,248941,-0.177,-0.27,-0.961,7.38,-1.24,-14.79
474328062000000,248961,-0.131,-0.303,-0.993,5.6,5.21,-9.15
474328093000000,248981,-0.182,-0.267,-0.958,5.67,13.75,-21.18
474328109000000,249001,-0.109,-0.314,-0.973,5.88,-1.66,-12.37
474328125000000,249021,-0.187,-0.258,-0.942,4.7,-7.94,-6.64
474328156000000,249041,-0.139,-0.303,-0.981,23.51,-7.59,10.08
474328171000000,249061,-0.131,-0.34,-1.236,46.42,-34.83,-33.37
474328187000000,249081,-0.206,-0.27,-0.891,37.89,-34.86,-45.67
474328203000000,249101,-0.135,-0.351,-0.91,30.83,-19.44,-53.99
474328234000000,249121,-0.192,-0.323,-0.925,40.02,17.14,-14.19
474328250000000,249141,-0.194,-0.297,-0.892,23.88,18.98,-90.53
474328265000000,249161,-0.12,-0.349,-1.076,69.94,0.15,-6.53
474328281000000,249181,-0.179,-0.475,-0.954,63.99,-17.6,-53.37
474328312000000,249201,-0.008,-0.361,-0.977,120.17,-12.28,-42.16
474328328000000,249221,0.02,-0.398,-0.939,86.05,-58.76,-131.75
474328343000000,249241,0.124,-0.201,-0.533,57.77,-17.64,-37.39
474328375000000,249261,-0.273,-0.604,-0.889,-19.92,38.64,75.09
474328593000000,249481,-0.304,-0.563,-0.941,0.54,-0.48,-0.16
474328640000000,249541,0.088,-0.278,-1.202,-4.52,71.57,73.3
474328671000000,249561,-0.376,-0.532,-0.842,-6.96,26.78,-41.57
474328687000000,249581,-0.174,-0.389,-0.887,17.96,-6.75,-2.7
474328734000000,249621,-0.184,-0.347,-1.001,42.25,-23.97,1.79
474328781000000,249681,-0.004,-0.0,-0.002,0.54,-0.48,-0.16
474328812000000,249701,-0.264,-0.594,-0.814,5.35,4.81,-3.09
474328828000000,249721,-0.09,-0.524,-0.856,-11.48,12.05,-14.79
474328843000000,249741,-0.134,-0.504,-0.848,-1.04,17.23,0.56
474328875000000,249761,-0.159,-0.522,-0.841,12.99,9.52,-2.67
474328890000000,249781,-0.077,-0.439,-0.817,0.07,0.47,12.55
474328906000000,249801,-0.105,-0.514,-0.87,-2.91,2.69,14.43
474328921000000,249821,-0.072,-0.429,-0.849,-1.62,-0.38,27.38
474328953000000,249841,-0.146,-0.518,-0.848,14.5,-0.99,21.5
474328968000000,249861,-0.018,-0.558,-0.891,5.98,-19.46,-25.66
474328984000000,249881,-0.154,-0.504,-0.85,21.34,-13.18,15.3
474329015000000,249901,0.012,-0.522,-0.837,0.47,4.58,31.96
474329031000000,249921,-0.166,-0.566,-0.856,-13.3,9.86,8.44
474329046000000,249941,-0.181,-0.521,-0.852,-5.34,1.17,-1.01
474329062000000,249961,-0.141,-0.502,-0.853,-6.1,0.36,0.35
474329093000000,249981,-0.175,-0.477,-0.897,-6.91,-0.99,-8.02
474329109000000,250001,-0.141,-0.496,-0.851,-10.65,0.09,-15.78
474329125000000,250021,-0.137,-0.499,-0.873,-17.16,2.36,-26.59
474329156000000,250041,-0.128,-0.493,-0.879,-13.63,3.54,-16.31
474329171000000,250061,-0.133,-0.483,-0.88,-21.38,10.36,-5.79
474329187000000,250081,-0.13,-0.481,-0.931,-0.77,0.57,7.41
474329203000000,250101,-0.164,-0.455,-0.86,-33.84,15.3,1.5
474329234000000,250121,-0.179,-0.332,-0.898,-50.88,3.47,14.86
474329250000000,250141,-0.127,-0.474,-0.949,-38.72,-3.35,-1.79
474329265000000,250161,-0.136,-0.383,-0.897,-21.24,-3.15,-5.48
474329281000000,250181,-0.135,-0.356,-0.945,-24.61,-11.21,8.77
474329312000000,250201,-0.115,-0.349,-0.934,-7.82,-9.95,23.27
474329328000000,250221,-0.203,-0.41,-0.872,16.17,-4.86,3.83
474329343000000,250241,-0.146,-0.421,-0.903,-8.13,2.11,-4.05
474329375000000,250261,-0.135,-0.432,-0.902,-3.62,3.91,-2.87
474329390000000,250281,-0.145,-0.417,-0.902,1.02,0.75,-0.18
474329406000000,250301,-0.14,-0.42,-0.91,-8.54,1.01,-7.72
474329421000000,250321,-0.135,-0.415,-0.876,-5.01,0.25,0.47
474329453000000,250341,-0.116,-0.422,-0.876,-31.98,6.3,-18.47
474329484000000,250381,0.7,-0.64,1.083,0.54,-0.48,-0.16
474329843000000,250741,-0.156,-0.39,-0.925,0.54,-0.48,-0.16
474329875000000,250761,-0.139,-0.402,-0.96,8.27,-11.19,-7.22
474329890000000,250781,-0.131,-0.411,-0.888,15.99,-12.38,1.32
474329906000000,250801,-0.139,-0.418,-0.918,22.75,-14.59,2.45
474329921000000,250821,-0.136,-0.419,-0.917,10.08,-0.57,10.11
474329953000000,250841,-0.139,-0.427,-0.91,18.45,-18.54,22.46
474329968000000,250861,-0.188,-0.401,-0.897,16.38,-26.93,25.19
474329984000000,250881,-0.197,-0.406,-0.877,20.07,-9.38,2.88
474330015000000,250901,-0.192,-0.42,-0.874,4.35,-6.05,-0.73
474330031000000,250921,-0.169,-0.431,-0.883,-2.67,2.36,3.01
474330046000000,250941,-0.173,-0.43,-0.905,0.92,5.11,4.34
474330062000000,250961,-0.191,-0.416,-0.888,-3.35,4.31,1.23
474330093000000,250981,-0.195,-0.402,-0.877,-5.04,15.01,-42.37
474330109000000,251001,-0.115,-0.464,-0.928,-4.86,2.15,-1.48
474330125000000,251021,-0.18,-0.407,-0.892,-5.75,1.69,-2.62
474330156000000,251041,-0.162,-0.421,-0.908,-15.36,2.52,-14.13
474330171000000,251061,-0.155,-0.423,-0.909,-3.73,1.01,-2.12
474330187000000,251081,-0.175,-0.406,-0.883,-18.16,2.24,-13.42
474330203000000,251101,-0.148,-0.42,-0.922,-21.01,4.3,-17.3
474330234000000,251121,-0.147,-0.409,-0.918,-8.45,0.81,-6.37
474330250000000,251141,-0.149,-0.406,-0.908,-0.62,-0.26,-0.12
474330265000000,251161,-0.153,-0.403,-0.905,-0.85,-1.16,-1.22
474330296000000,251181,-0.155,-0.406,-0.909,-1.81,0.39,-1.75
474330312000000,251201,-0.151,-0.401,-0.909,-11.17,1.33,-8.3
474330328000000,251221,-0.145,-0.403,-0.916,-9.03,0.93,-6.85
474330343000000,251241,-0.151,-0.4,-0.913,1.29,0.01,0.51
474330375000000,251261,-0.152,-0.394,-0.918,1.65,0.2,0.4
474330390000000,251281,-0.152,-0.395,-0.905,-0.13,-0.12,-2.47
474330406000000,251301,-0.145,-0.402,-0.915,3.62,-0.41,0.74
474330421000000,251321,-0.13,-0.413,-0.924,29.14,-4.54,11.27
474330453000000,251341,-0.16,-0.404,-0.891,34.42,-3.49,18.52
474330468000000,251361,-0.153,-0.424,-0.877,31.29,-1.8,12.83
474330484000000,251381,-0.16,-0.428,-0.887,23.35,-2.6,10.82
474330515000000,251401,-0.165,-0.435,-0.89,16.64,-0.42,10.51
474330531000000,251421,-0.17,-0.44,-0.884,13.25,-1.1,8.58
474330546000000,251441,-0.169,-0.438,-0.9,23.67,-3.67,10.85
474330562000000,251461,-0.198,-0.465,-0.904,20.55,-11.87,11.94
474330593000000,251481,-0.141,-0.43,-0.803,2.54,-0.41,-0.66
474330609000000,251501,-0.204,-0.445,-0.875,4.58,-1.76,2.87
474330625000000,251521,-0.195,-0.449,-0.877,-1.65,6.38,2.03
474330656000000,251541,-0.19,-0.451,-0.875,-13.59,1.43,-10.35
474330671000000,251561,-0.169,-0.456,-0.899,-24.67,10.93,-5.6
474330687000000,251581,-0.183,-0.41,-0.931,-31.43,11.01,-9.9
474330703000000,251601,-0.138,-0.442,-0.907,-28.65,5.69,-22.78
474330734000000,251621,-0.159,-0.413,-0.906,-21.87,4.69,-16.06
474330750000000,251641,-0.161,-0.409,-0.891,-34.78,3.02,-24.46
474330765000000,251661,-0.127,-0.41,-0.896,-35.82,15.01,-17.29
474330828000000,251721,-0.132,-0.417,-0.95,0.54,-0.48,-0.16
474330843000000,251741,-0.13,-0.391,-0.893,42.91,6.16,9.05
474330875000000,251761,-0.179,-0.392,-0.862,16.5,4.56,7.51
474330890000000,251781,-0.14,-0.424,-0.915,-3.41,-0.31,0.13
474330906000000,251801,-0.139,-0.422,-0.903,1.73,0.31,-0.15
474330921000000,251821,-0.127,-0.435,-0.922,22.96,2.43,1.37
474330953000000,251841,-0.143,-0.434,-0.911,32.03,4.59,4.21
474330968000000,251861,-0.138,-0.43,-0.888,16.81,5.17,8.01
474330984000000,251881,-0.142,-0.444,-0.885,1.51,1.22,0.84
474331015000000,251901,-0.153,-0.441,-0.849,-21.24,5.17,13.34
474331031000000,251921,-0.141,-0.437,-0.93,-11.49,2.51,7.08
474331046000000,251941,-0.106,-0.445,-0.895,11.28,6.14,10.78
474331062000000,251961,-0.151,-0.445,-0.905,21.05,9.93,17.91
474331093000000,251981,-0.09,-0.486,-0.902,34.91,-7.76,30.43
474331109000000,252001,-0.097,-0.563,-0.927,5.8,-45.89,-145.2
474331125000000,252021,-0.107,-0.888,-0.825,45.76,-28.36,-44.84
474331156000000,252041,-0.097,-0.421,-0.88,38.38,-39.09,-38.43
474331171000000,252061,-0.126,-0.454,-0.83,29.97,-8.23,-7.33
474331187000000,252081,-0.235,-0.439,-0.827,22.05,17.76,-40.5
474331203000000,252101,-0.418,-0.55,-0.86,24.66,-9.51,-35.8
474331234000000,252121,0.053,-0.241,-0.958,85.47,-23.84,11.3
474331250000000,252141,-0.242,-0.573,-0.766,49.27,-2.31,-8.92
474331265000000,252161,-0.126,-0.569,-0.78,-0.46,3.86,6.02
474331281000000,252181,-0.142,-0.557,-0.915,78.76,-4.19,-19.05
474331312000000,252201,-0.167,-0.489,-0.984,42.67,-45.62,-73.6
474331328000000,252221,-0.195,-0.557,-0.746,64.95,-39.71,-69.65
474331343000000,252241,-0.125,-0.61,-0.819,3.28,0.53,-0.43
474331375000000,252261,-0.121,-0.619,-0.815,-11.14,0.29,2.15
474331390000000,252281,-0.122,-0.613,-0.751,-10.58,-0.17,1.29
474331406000000,252301,-0.124,-0.603,-0.83,6.89,-0.72,-2.53
474331421000000,252321,-0.193,-0.554,-0.811,5.38,-11.15,-16.26
474331453000000,252341,-0.1,-0.625,-0.775,13.2,-6.32,-10.33
474331468000000,252361,-0.126,-0.605,-0.788,13.67,-9.83,-15.25
474331484000000,252381,-0.103,-0.618,-0.77,-3.71,-13.31,-15.76
474331515000000,252401,-0.183,-0.71,-0.726,-17.14,13.14,20.08
474331531000000,252421,-0.169,-0.638,-0.776,-17.63,4.2,8.78
474331546000000,252441,-0.123,-0.605,-0.787,-5.3,-5.56,-5.98
474331562000000,252461,-0.121,-0.602,-0.78,-0.72,-1.84,-1.68
474332515000000,253401,-0.19,-0.503,-0.836,0.54,-0.48,-0.16
474332531000000,253421,-0.126,-0.516,-0.873,26.54,16.58,18.12
474332546000000,253441,-0.121,-0.541,-0.856,25.05,-7.95,-16.86
474332562000000,253461,-0.14,-0.555,-0.833,23.14,-13.13,-24.85
474332593000000,253481,-0.105,-0.539,-0.85,14.32,-5.48,-11.07
474332609000000,253501,-0.126,-0.544,-0.832,1.18,-2.69,-4.08
474332625000000,253521,-0.112,-0.514,-0.773,-4.32,1.65,-0.87
474332656000000,253541,-0.121,-0.521,-0.808,-13.31,-0.46,4.02
474332671000000,253561,-0.131,-0.544,-0.828,-7.14,0.81,2.29
474332687000000,253581,-0.127,-0.534,-0.83,-6.24,-0.54,0.85
474332703000000,253601,-0.154,-0.52,-0.822,-9.04,-3.24,-4.14
474332734000000,253621,-0.118,-0.56,-0.851,-10.06,0.4,2.27
474332750000000,253641,-0.123,-0.536,-0.853,-4.44,2.81,6.17
474332765000000,253661,-0.13,-0.532,-0.849,0.87,-0.19,-0.71
474332781000000,253681,-0.122,-0.526,-0.852,2.87,-0.88,-1.48
474332812000000,253701,-0.122,-0.536,-0.834,4.45,-1.94,-4.32
474332828000000,253721,-0.119,-0.536,-0.847,1.18,-2.24,-3.7
474332843000000,253741,-0.12,-0.527,-0.835,-5.05,-3.25,-4.58
474332875000000,253761,-0.127,-0.544,-0.836,-11.19,-0.83,1.15
474332890000000,253781,-0.154,-0.538,-0.849,-16.63,-3.31,11.58
474332906000000,253801,-0.137,-0.483,-0.856,-26.34,-5.42,20.23
474333781000000,254681,-0.138,-0.47,-0.876,2.05,5.61,-13.37
474333828000000,254721,-0.138,-0.484,-0.894,4.03,0.89,-1.56
474333843000000,254741,-0.134,-0.481,-0.858,8.93,0.87,-0.96
474333875000000,254761,-0.149,-0.477,-0.888,13.25,-4.45,-9.31
474333890000000,254781,-0.216,-0.469,-0.841,13.97,1.12,-13.91
474333906000000,254801,-0.111,-0.49,-0.874,10.45,-2.65,-7.23
474333921000000,254821,-0.121,-0.455,-0.877,8.47,-3.46,-7.8
474333953000000,254841,-0.098,-0.46,-0.882,8.22,-1.15,-3.61
474333968000000,254861,-0.14,-0.521,-0.861,11.04,-5.96,-13.44
474333984000000,254881,-0.134,-0.492,-0.864,8.17,-3.12,-7.85
474334015000000,254901,-0.13,-0.498,-0.863,-1.2,-0.69,-1.39
474334031000000,254921,-0.132,-0.503,-0.864,-4.92,-0.62,0.4
474334046000000,254941,-0.137,-0.497,-0.858,-7.16,-0.37,1.17
474334093000000,254981,-0.167,-0.474,-0.866,-8.91,-6.82,-10.72
474334109000000,255001,-0.14,-0.503,-0.876,-3.76,-5.33,3.48
474334125000000,255021,-0.148,-0.489,-0.875,-0.85,-3.19,2.55
474334140000000,255041,-0.137,-0.487,-0.86,-1.01,-3.41,0.91
474334203000000,255101,-0.135,-0.489,-0.876,4.54,0.95,0.34
474334234000000,255121,-0.146,-0.49,-0.862,4.83,1.69,-2.19
474334250000000,255141,-0.136,-0.5,-0.861,4.44,1.14,-1.79
474334265000000,255161,-0.13,-0.507,-0.869,5.21,3.72,-4.47
474334281000000,255181,-0.117,-0.513,-0.867,20.33,4.7,-19.22
474334312000000,255201,-0.125,-0.475,-0.891,20.15,-2.61,-7.75
474334328000000,255221,-0.107,-0.49,-0.87,13.18,3.14,2.85
474334343000000,255241,-0.131,-0.504,-0.85,6.64,-1.21,-3.66
474334375000000,255261,-0.128,-0.515,-0.852,6.36,-1.31,-3.68
474334390000000,255281,-0.128,-0.521,-0.851,9.72,-1.2,-4.26
474334406000000,255301,-0.133,-0.522,-0.876,11.85,4.26,4.17
474334421000000,255321,-0.15,-0.557,-0.838,10.59,-5.58,-10.79
474334453000000,255341,-0.132,-0.516,-0.845,5.29,-3.52,-6.23
474334468000000,255361,-0.133,-0.53,-0.849,0.53,0.48,0.85
474334484000000,255381,-0.125,-0.525,-0.846,-0.04,0.45,0.33
474334515000000,255401,-0.127,-0.527,-0.846,-1.19,0.28,0.07
474334531000000,255421,-0.123,-0.52,-0.849,-3.13,0.11,0.37
474334546000000,255441,-0.129,-0.529,-0.85,-3.76,-0.28,0.24
474334562000000,255461,-0.137,-0.522,-0.85,-6.22,-1.98,-1.79
474334843000000,255741,-0.128,-0.518,-0.865,1.04,2.73,-1.24
474334875000000,255761,-0.133,-0.514,-0.876,4.86,1.52,2.62
474334890000000,255781,-0.146,-0.5,-0.854,5.86,1.08,-2.96
474334906000000,255801,-0.135,-0.504,-0.862,6.86,0.49,-7.2
474334921000000,255821,-0.105,-0.459,-0.875,9.59,-1.38,-8.1
474334953000000,255841,-0.124,-0.504,-0.862,3.89,-0.5,-4.89
474334968000000,255861,-0.131,-0.504,-0.856,0.35,-0.55,-2.24
474334984000000,255881,-0.136,-0.525,-0.86,-2.22,0.09,1.28
474335015000000,255901,-0.142,-0.512,-0.851,1.28,0.17,2.73
474335031000000,255921,-0.141,-0.505,-0.843,-0.34,-0.0,-3.38
474335046000000,255941,-0.119,-0.518,-0.854,-4.09,-1.64,-4.04
474335750000000,256641,-0.127,-0.521,-0.842,8.34,3.32,-5.07
474335765000000,256661,-0.14,-0.506,-0.849,5.47,5.17,-6.98
474335781000000,256681,-0.135,-0.515,-0.852,-0.8,1.72,-4.25
474335812000000,256701,-0.136,-0.514,-0.854,-0.87,0.68,-2.5
474335828000000,256721,-0.141,-0.518,-0.852,-1.46,-0.03,0.05
474335843000000,256741,-0.132,-0.521,-0.852,-2.07,-0.83,-0.07
474335968000000,256861,-0.124,-0.519,-0.85,1.35,0.79,0.67
474335984000000,256881,-0.131,-0.516,-0.85,2.05,0.49,0.28
474336015000000,256901,-0.134,-0.519,-0.859,1.22,0.73,0.93
474336031000000,256921,-0.137,-0.515,-0.846,-1.35,-0.35,-0.11
474336046000000,256941,-0.144,-0.511,-0.845,-5.09,-2.57,-3.1
474336250000000,257141,-0.13,-0.514,-0.856,7.97,3.63,-10.25
474336265000000,257161,-0.143,-0.523,-0.852,9.37,0.52,-11.26
474336281000000,257181,-0.14,-0.5,-0.859,6.88,0.85,-2.84
474337093000000,257981,-0.14,-0.515,-0.849,1.23,-0.04,-1.6
474337109000000,258001,-0.137,-0.548,-0.838,9.3,2.04,-14.08
474337125000000,258021,-0.154,-0.52,-0.855,12.24,3.65,-7.58
474337140000000,258041,-0.13,-0.494,-0.845,7.31,5.42,-4.61
474337171000000,258061,-0.122,-0.536,-0.869,3.31,0.94,0.53
474337187000000,258081,-0.131,-0.534,-0.843,-1.82,-0.54,-0.57
474337203000000,258101,-0.133,-0.531,-0.844,-2.72,-0.64,-1.35
474337234000000,258121,-0.129,-0.531,-0.848,-1.43,-0.89,-0.81
474337250000000,258141,-0.131,-0.534,-0.835,-1.56,-0.9,-0.38
474337265000000,258161,-0.127,-0.535,-0.844,-1.71,-0.64,-0.73
474337281000000,258181,-0.131,-0.537,-0.839,0.97,1.3,-0.31
474337312000000,258201,-0.13,-0.534,-0.845,2.36,1.08,0.74
474337328000000,258221,-0.135,-0.532,-0.838,3.41,0.87,-0.37
474337343000000,258241,-0.17,-0.548,-0.9,1.76,1.47,4.69
474337375000000,258261,-0.134,-0.507,-0.821,7.54,0.26,-1.47
474337390000000,258281,-0.13,-0.507,-0.804,1.47,0.17,-0.21
474337406000000,258301,-0.13,-0.525,-0.827,0.55,-0.36,0.11
474337421000000,258321,-0.125,-0.535,-0.836,-4.1,0.28,0.56
474337453000000,258341,-0.123,-0.544,-0.85,-2.38,-0.48,0.32
474337468000000,258361,-0.126,-0.538,-0.83,-1.28,0.04,0.11
474337484000000,258381,-0.142,-0.528,-0.845,-5.51,-1.34,-1.13
474337515000000,258401,-0.137,-0.528,-0.842,-2.11,-1.38,-1.17
474337531000000,258421,-0.124,-0.529,-0.85,0.16,1.18,1.72
474337546000000,258441,-0.134,-0.523,-0.848,1.91,0.32,-0.28
474337562000000,258461,-0.026,-0.652,-1.006,-2.98,-3.23,4.24
474337593000000,258481,-0.133,-0.513,-0.821,1.46,-3.25,1.17
474337609000000,258501,-0.132,-0.531,-0.821,-1.31,-2.38,0.79
474337750000000,258641,-0.124,-0.53,-0.854,5.8,3.96,-0.51
474337765000000,258661,-0.126,-0.518,-0.83,5.63,1.85,-7.26
474337796000000,258681,-0.13,-0.53,-0.847,0.4,1.7,-3.45
474337812000000,258701,-0.139,-0.542,-0.847,1.75,-0.25,2.53
474337828000000,258721,-0.149,-0.528,-0.828,-2.11,-0.97,-0.5
474337843000000,258741,-0.131,-0.537,-0.837,-8.19,-3.35,-2.57
474338015000000,258901,-0.139,-0.528,-0.84,4.26,2.27,-4.14
474338031000000,258921,-0.139,-0.531,-0.843,2.81,3.07,-5.57
474338046000000,258941,-0.14,-0.53,-0.843,3.84,2.17,-4.31
474338062000000,258961,-0.14,-0.531,-0.845,2.22,0.21,-6.51
474338093000000,258981,-0.127,-0.528,-0.851,0.2,0.14,0.14
474338109000000,259001,-0.125,-0.529,-0.846,-0.78,-0.15,0.14
474338125000000,259021,-0.128,-0.519,-0.844,-1.62,-0.1,0.31
474338203000000,259101,-0.128,-0.532,-0.838,2.15,0.17,-0.1
474338234000000,259121,-0.132,-0.532,-0.844,0.02,-0.19,-0.22
474338250000000,259141,-0.133,-0.528,-0.848,0.09,-0.38,-0.15
474338265000000,259161,-0.131,-0.531,-0.844,3.28,-0.19,-0.5
474338281000000,259181,-0.123,-0.533,-0.837,3.17,-1.02,-2.27
474338312000000,259201,-0.13,-0.532,-0.844,0.76,-0.03,-0.29
474338328000000,259221,-0.128,-0.534,-0.845,0.64,-0.55,-0.73
474338343000000,259241,-0.129,-0.532,-0.844,1.96,-0.06,-0.39
474338375000000,259261,-0.136,-0.536,-0.835,0.85,-0.31,-0.83
474338390000000,259281,-0.125,-0.535,-0.831,-2.18,-0.38,0.51
474338843000000,259741,-0.134,-0.524,-0.836,3.55,1.32,-2.19
474338875000000,259761,-0.128,-0.529,-0.835,4.64,1.56,-4.88
474338890000000,259781,-0.145,-0.532,-0.848,6.83,1.97,-7.76
474338906000000,259801,-0.127,-0.539,-0.851,6.7,2.24,-7.53
474338921000000,259821,-0.136,-0.522,-0.85,5.61,0.78,0.32
474338953000000,259841,-0.119,-0.537,-0.84,4.69,0.84,0.01
474338968000000,259861,-0.13,-0.528,-0.844,2.59,-0.72,-1.8
474338984000000,259881,-0.123,-0.53,-0.847,0.27,-0.57,-1.02
474339000000000,259901,-0.124,-0.534,-0.847,0.1,0.01,0.11
474339031000000,259921,-0.126,-0.529,-0.841,-0.43,-0.15,-0.27
474339046000000,259941,-0.125,-0.532,-0.844,-2.37,-0.29,-0.13
474340062000000,260961,-0.126,-0.518,-0.849,4.18,1.26,-2.97
474340093000000,260981,-0.136,-0.525,-0.848,5.51,0.54,-0.5
474340109000000,261001,-0.136,-0.518,-0.829,3.33,-1.36,-2.73
474340125000000,261021,-0.128,-0.533,-0.849,-1.69,-0.19,-0.14
474340156000000,261041,-0.129,-0.533,-0.842,-1.15,-0.56,0.08
474340921000000,261821,-0.131,-0.531,-0.836,-2.84,-2.64,-3.18
474340953000000,261841,-0.129,-0.528,-0.842,1.16,0.69,0.89
474340968000000,261861,-0.124,-0.538,-0.841,2.72,0.44,-7.26
474340984000000,261881,-0.136,-0.521,-0.842,2.23,0.53,-3.94
474341015000000,261901,-0.131,-0.533,-0.844,0.52,-0.31,2.63
474341140000000,262041,-0.127,-0.529,-0.843,1.65,0.55,-2.91
474341171000000,262061,-0.121,-0.53,-0.846,0.27,0.26,-2.28
474341187000000,262081,-0.116,-0.538,-0.838,0.85,0.32,0.49
474341203000000,262101,-0.13,-0.531,-0.847,1.38,0.44,0.82
474341234000000,262121,-0.133,-0.531,-0.848,0.92,-0.22,0.83
474341250000000,262141,-0.131,-0.528,-0.847,-3.77,-1.97,-2.39
474341343000000,262241,-0.131,-0.535,-0.846,2.64,2.18,-1.99
474341375000000,262261,-0.12,-0.541,-0.849,6.44,1.0,-0.38
474341390000000,262281,-0.142,-0.541,-0.84,7.88,-1.77,-3.5
474341406000000,262301,-0.131,-0.551,-0.835,7.12,0.08,-0.52
474341546000000,262441,-0.128,-0.544,-0.843,0.14,-0.02,-0.19
474341562000000,262461,-0.144,-0.545,-0.841,1.59,-1.14,-0.03
474341875000000,262761,-0.121,-0.538,-0.844,2.77,1.3,-1.58
474341890000000,262781,-0.119,-0.542,-0.837,4.44,0.62,0.06
474341906000000,262801,-0.123,-0.551,-0.834,5.8,1.57,0.3
474341921000000,262821,-0.126,-0.577,-0.821,9.71,-1.11,-3.5
474341953000000,262841,-0.14,-0.551,-0.826,17.07,-2.21,-6.27
474341968000000,262861,-0.136,-0.558,-0.837,19.8,-10.34,-17.03
474341984000000,262881,-0.111,-0.536,-0.823,13.48,1.65,0.05
474342015000000,262901,-0.097,-0.505,-0.863,15.45,-4.06,-8.73
474342031000000,262921,-0.128,-0.558,-0.834,15.6,-4.12,-8.08
474342046000000,262941,0.001,-0.502,-0.808,3.91,-19.11,-26.5
474342062000000,262961,-0.127,-0.579,-0.813,15.86,-12.55,-5.99
474342093000000,262981,-0.11,-0.623,-0.803,16.57,-22.77,-6.86
474342109000000,263001,-0.146,-0.59,-0.803,13.94,-29.38,-2.85
474342125000000,263021,-0.074,-0.464,-0.831,33.71,-31.07,-0.07
474342156000000,263041,-0.069,-0.422,-0.79,33.93,-28.51,47.37
474342171000000,263061,-0.173,-0.597,-0.761,1.15,-18.81,-15.88
474342187000000,263081,-0.215,-0.56,-0.786,6.15,0.79,10.11
474342203000000,263101,-0.129,-0.629,-0.807,-10.04,-2.41,-11.89
474342234000000,263121,-0.18,-0.59,-0.785,-6.65,-0.41,-6.39
474342250000000,263141,-0.15,-0.617,-0.806,0.53,1.28,2.53
474342265000000,263161,-0.172,-0.598,-0.773,-4.03,0.08,-8.53
474342281000000,263181,-0.165,-0.607,-0.787,-1.71,1.73,-3.8
474342312000000,263201,-0.174,-0.591,-0.788,-2.31,0.59,-2.11
474342328000000,263221,-0.16,-0.605,-0.792,-2.5,-0.18,-2.69
474342343000000,263241,-0.158,-0.595,-0.789,-0.46,0.23,1.54
474342375000000,263261,-0.166,-0.597,-0.78,-0.72,0.8,4.47
474342390000000,263281,-0.161,-0.596,-0.791,-3.59,-0.31,1.64
474342546000000,263441,-0.159,-0.592,-0.805,-0.1,0.3,-3.35
474342562000000,263461,-0.16,-0.592,-0.8,0.85,0.55,1.37
474342906000000,263801,-0.167,-0.585,-0.794,0.66,0.99,-0.85
474342921000000,263821,-0.159,-0.588,-0.793,-0.85,0.27,-2.28
474342953000000,263841,-0.15,-0.59,-0.807,0.8,0.14,2.34
474342968000000,263861,-0.148,-0.591,-0.8,2.35,1.27,0.98
474342984000000,263881,-0.149,-0.575,-0.784,1.64,3.11,-0.53
474343000000000,263901,-0.123,-0.599,-0.811,4.7,-0.98,2.17
474343031000000,263921,-0.189,-0.578,-0.764,-1.88,-0.57,-4.57
474343312000000,264201,-0.166,-0.565,-0.811,6.55,2.91,0.53
474343328000000,264221,-0.153,-0.578,-0.806,-0.65,0.78,-6.03
474345531000000,266421,-0.131,-0.523,-0.847,30.39,-0.36,-14.11
474345546000000,266441,-0.115,-0.515,-0.841,38.93,-3.25,-29.36
474345562000000,266461,-0.125,-0.574,-0.79,31.93,-7.0,-35.34
474345593000000,266481,-0.156,-0.642,-0.78,25.84,-12.41,-16.16
474345609000000,266501,-0.117,-0.543,-0.811,7.31,1.41,-3.57
474345625000000,266521,-0.126,-0.586,-0.812,2.12,1.0,-7.06
474345640000000,266541,0.044,-0.697,-0.8,48.51,-8.69,23.9
474345671000000,266561,-0.177,-0.557,-0.789,-4.34,-1.46,-16.72
474345687000000,266581,-0.138,-0.581,-0.801,2.28,0.77,10.14
474345703000000,266601,-0.107,-0.607,-0.817,-4.71,-1.73,-5.08
474345734000000,266621,-0.139,-0.58,-0.799,-1.47,-0.57,-0.77
474345750000000,266641,-0.121,-0.586,-0.808,-0.18,-0.31,0.09
474345765000000,266661,-0.122,-0.595,-0.799,-2.37,-0.68,-2.75
474345781000000,266681,-0.123,-0.587,-0.799,-1.58,-0.41,-0.27
474345812000000,266701,-0.123,-0.596,-0.812,-1.59,-0.45,0.65
474345828000000,266721,-0.123,-0.592,-0.801,-1.96,0.88,5.93
474345843000000,266741,-0.133,-0.58,-0.787,-3.68,-0.76,1.97
474346046000000,266941,-0.13,-0.595,-0.809,0.8,2.98,-0.24
474346062000000,266961,-0.147,-0.583,-0.801,-1.0,1.47,-1.71
474346093000000,266981,-0.134,-0.582,-0.8,-0.51,0.2,-1.61
474346109000000,267001,-0.135,-0.588,-0.801,1.05,-0.07,1.56
474346125000000,267021,-0.137,-0.583,-0.807,0.03,-0.06,0.26
474346140000000,267041,-0.135,-0.589,-0.807,1.05,0.54,0.82
474346171000000,267061,-0.135,-0.583,-0.804,2.28,0.94,0.92
474346187000000,267081,-0.132,-0.584,-0.811,1.4,0.67,-0.6
474346203000000,267101,-0.124,-0.585,-0.812,0.88,0.33,-1.1
474346234000000,267121,-0.128,-0.592,-0.804,2.31,-0.03,-0.51
474346250000000,267141,-0.137,-0.591,-0.791,1.31,-0.33,-1.74
474346265000000,267161,-0.15,-0.592,-0.809,-1.1,0.76,1.69
474346281000000,267181,-0.142,-0.588,-0.797,-0.45,0.17,0.2
474346312000000,267201,-0.14,-0.587,-0.812,-1.29,-1.11,2.97
474346328000000,267221,-0.14,-0.575,-0.813,-0.59,0.56,0.91
474346343000000,267241,-0.132,-0.582,-0.81,3.13,-0.12,-1.33
474346375000000,267261,-0.139,-0.588,-0.802,2.49,0.95,-1.17
474346390000000,267281,-0.138,-0.587,-0.79,1.06,-0.5,-2.04
474346406000000,267301,-0.134,-0.595,-0.798,-0.83,0.04,-4.81
474346421000000,267321,-0.13,-0.598,-0.8,0.61,1.43,-1.53
474346453000000,267341,-0.121,-0.598,-0.806,-0.95,0.43,-4.81
474346468000000,267361,-0.132,-0.586,-0.8,-0.59,-0.37,-2.16
474346484000000,267381,-0.122,-0.591,-0.808,-1.74,-0.11,-2.7
474346515000000,267401,-0.128,-0.585,-0.809,-1.07,-0.07,-1.36
474346531000000,267421,-0.132,-0.582,-0.801,-0.82,-0.64,0.1
474346546000000,267441,-0.139,-0.583,-0.808,-2.09,0.24,1.26
474346562000000,267461,-0.133,-0.589,-0.813,-3.81,-1.24,3.69
474346843000000,267741,-0.144,-0.586,-0.797,2.88,1.7,0.63
474346875000000,267761,-0.138,-0.588,-0.809,-0.65,0.61,-4.02
474346890000000,267781,-0.128,-0.59,-0.8,-2.21,-0.83,-2.95
474346906000000,267801,-0.135,-0.596,-0.809,-0.89,-0.02,2.24
474346921000000,267821,-0.137,-0.592,-0.793,2.24,-0.02,2.69
474346953000000,267841,-0.145,-0.591,-0.799,-0.64,-0.09,3.86
474359000000000,279901,0.704,-0.653,1.049,0.54,-0.48,-0.16
474359031000000,279921,-0.189,-0.399,-0.924,0.54,-0.48,-0.16
474359046000000,279941,-0.082,-0.327,-0.929,11.61,-6.81,-20.41
474359062000000,279961,-0.121,-0.364,-0.936,0.61,-0.56,-2.34
474359093000000,279981,-0.135,-0.371,-0.929,1.24,0.12,-0.68
474359109000000,280001,-0.141,-0.372,-0.942,6.38,-0.13,-1.68
474359125000000,280021,-0.134,-0.371,-0.928,6.76,-0.79,-2.36
474359140000000,280041,-0.148,-0.387,-0.916,8.25,-2.12,-7.68
474359171000000,280061,-0.121,-0.366,-0.935,15.97,-9.54,-27.12
474359187000000,280081,-0.133,-0.387,-0.905,12.38,-5.83,-16.68
474359203000000,280101,-0.125,-0.382,-0.934,9.31,-1.48,-4.4
474359234000000,280121,-0.168,-0.418,-0.911,12.84,-4.95,-14.47
474359250000000,280141,-0.12,-0.389,-0.928,20.59,-8.92,-24.17
474359265000000,280161,-0.099,-0.387,-0.904,19.4,-3.31,-10.57
474359281000000,280181,-0.123,-0.407,-0.914,13.02,-3.45,-9.2
474359312000000,280201,-0.15,-0.429,-0.902,7.44,-6.66,-15.44
474359328000000,280221,-0.129,-0.418,-0.905,3.1,-1.92,-5.5
474359343000000,280241,-0.127,-0.42,-0.908,1.2,-1.4,-3.04
474359375000000,280261,-0.134,-0.418,-0.915,3.13,-0.73,-1.57
474359390000000,280281,-0.152,-0.439,-0.896,6.71,-0.98,-2.37
