host_monotonic_ns,t_ms,ax_g,ay_g,az_g,gx_dps,gy_dps,gz_dps,schema_version,device_id,session_id,sequence,device_timestamp_us,host_capture_monotonic_ns
569553500000000,6704,-0.2,-0.0,0.976,0.04,-0.13,0.08,1,imu01,fusion_20260818T183239Z,47,6704309,569553490308231
569553515000000,6724,-0.201,-0.002,0.977,-0.1,0.27,0.05,1,imu01,fusion_20260818T183239Z,48,6724312,569553510310845
569553546000000,6744,-0.2,-0.004,0.981,-0.07,-0.06,0.16,1,imu01,fusion_20260818T183239Z,49,6744309,569553530307459
569553562000000,6764,-0.201,0.002,0.983,0.13,0.44,-0.32,1,imu01,fusion_20260818T183239Z,50,6764312,569553550310073
569553578000000,6784,-0.206,0.002,0.972,-0.01,0.26,-0.05,1,imu01,fusion_20260818T183239Z,51,6784309,569553570306686
569553593000000,6804,-0.204,-0.006,0.98,-0.1,0.03,0.1,1,imu01,fusion_20260818T183239Z,52,6804312,569553590309300
569553625000000,6824,-0.2,-0.001,0.984,-0.14,-0.22,0.02,1,imu01,fusion_20260818T183239Z,53,6824309,569553610305914
569553640000000,6844,-0.195,-0.001,0.982,-0.04,-0.2,0.03,1,imu01,fusion_20260818T183239Z,54,6844312,569553630308528
569553656000000,6864,-0.2,-0.001,0.985,-0.1,0.18,0.2,1,imu01,fusion_20260818T183239Z,55,6864309,569553650305142
569553687000000,6884,-0.202,-0.004,0.977,-0.02,-0.01,0.24,1,imu01,fusion_20260818T183239Z,56,6884312,569553670307756
569553703000000,6904,-0.2,0.006,0.981,-0.02,0.04,0.02,1,imu01,fusion_20260818T183239Z,57,6904309,569553690304369
569553718000000,6924,-0.201,0.002,0.978,0.25,-0.12,-0.03,1,imu01,fusion_20260818T183239Z,58,6924312,569553710306983
569553734000000,6944,-0.195,-0.004,0.984,-0.08,0.1,-0.18,1,imu01,fusion_20260818T183239Z,59,6944309,569553730303597
569553765000000,6964,-0.205,0.0,0.981,-0.01,-0.12,0.06,1,imu01,fusion_20260818T183239Z,60,6964311,569553750305211
569553781000000,6984,-0.197,-0.001,0.975,-0.03,-0.02,0.02,1,imu01,fusion_20260818T183239Z,61,6984309,569553770302825
569553796000000,7004,-0.201,-0.004,0.985,0.11,-0.16,-0.06,1,imu01,fusion_20260818T183239Z,62,7004312,569553790305438
569553828000000,7024,-0.199,-0.001,0.98,-0.1,0.27,-0.09,1,imu01,fusion_20260818T183239Z,63,7024309,569553810302052
569553843000000,7044,-0.201,-0.001,0.982,-0.01,-0.1,-0.09,1,imu01,fusion_20260818T183239Z,64,7044312,569553830304666
569553859000000,7064,-0.204,-0.001,0.979,0.02,-0.09,0.03,1,imu01,fusion_20260818T183239Z,65,7064309,569553850301280
569553875000000,7084,-0.203,0.0,0.983,0.07,0.11,0.13,1,imu01,fusion_20260818T183239Z,66,7084312,569553870303894
569553906000000,7104,-0.2,0.0,0.978,-0.01,0.03,0.0,1,imu01,fusion_20260818T183239Z,67,7104309,569553890300508
569553921000000,7124,-0.198,-0.003,0.981,-0.07,0.03,-0.06,1,imu01,fusion_20260818T183239Z,68,7124312,569553910303121
569553937000000,7144,-0.198,-0.002,0.975,0.06,-0.01,-0.08,1,imu01,fusion_20260818T183239Z,69,7144309,569553930299735
569553953000000,7164,-0.202,-0.004,0.982,-0.01,0.04,0.11,1,imu01,fusion_20260818T183239Z,70,7164312,569553950302349
569553984000000,7184,-0.199,0.001,0.983,-0.02,-0.16,0.3,1,imu01,fusion_20260818T183239Z,71,7184309,569553970298963
569554000000000,7204,-0.2,-0.0,0.977,-0.05,0.07,0.08,1,imu01,fusion_20260818T183239Z,72,7204311,569553990300577
569554015000000,7224,-0.2,-0.001,0.978,0.08,-0.17,-0.04,1,imu01,fusion_20260818T183239Z,73,7224309,569554010298190
569554046000000,7244,-0.204,-0.006,0.982,0.03,0.09,0.18,1,imu01,fusion_20260818T183239Z,74,7244312,569554030300804
569554062000000,7264,-0.202,-0.002,0.981,0.0,-0.09,0.19,1,imu01,fusion_20260818T183239Z,75,7264309,569554050297418
569554078000000,7284,-0.204,-0.0,0.984,-0.11,-0.09,0.1,1,imu01,fusion_20260818T183239Z,76,7284312,569554070300032
569554093000000,7304,-0.198,-0.004,0.978,0.11,-0.02,0.08,1,imu01,fusion_20260818T183239Z,77,7304309,569554090296646
569554125000000,7324,-0.201,-0.0,0.983,-0.07,0.17,-0.03,1,imu01,fusion_20260818T183239Z,78,7324312,569554110299260
569554140000000,7344,-0.197,-0.007,0.979,-0.01,-0.13,-0.13,1,imu01,fusion_20260818T183239Z,79,7344309,569554130295873
569554156000000,7364,-0.203,0.002,0.984,-0.03,-0.08,0.07,1,imu01,fusion_20260818T183239Z,80,7364312,569554150298487
569554187000000,7384,-0.201,0.0,0.974,0.05,0.07,0.15,1,imu01,fusion_20260818T183239Z,81,7384309,569554170295101
569554203000000,7404,-0.202,-0.005,0.979,-0.07,0.13,-0.05,1,imu01,fusion_20260818T183239Z,82,7404312,569554190297715
569554218000000,7424,-0.2,-0.003,0.978,0.0,-0.13,-0.16,1,imu01,fusion_20260818T183239Z,83,7424309,569554210294329
569554234000000,7444,-0.2,-0.002,0.978,0.03,-0.09,-0.09,1,imu01,fusion_20260818T183239Z,84,7444312,569554230296942
569554265000000,7464,-0.205,0.001,0.98,-0.01,0.0,0.04,1,imu01,fusion_20260818T183239Z,85,7464309,569554250293556
569554281000000,7484,-0.2,-0.003,0.981,-0.04,0.16,0.08,1,imu01,fusion_20260818T183239Z,86,7484312,569554270296170
569554296000000,7504,-0.2,0.001,0.981,0.01,-0.06,-0.11,1,imu01,fusion_20260818T183239Z,87,7504309,569554290292784
569554312000000,7524,-0.199,-0.005,0.979,0.07,-0.17,-0.15,1,imu01,fusion_20260818T183239Z,88,7524312,569554310295398
569554343000000,7544,-0.199,0.002,0.979,-0.03,0.29,0.0,1,imu01,fusion_20260818T183239Z,89,7544309,569554330292012
569554359000000,7564,-0.199,-0.0,0.98,0.13,0.07,0.08,1,imu01,fusion_20260818T183239Z,90,7564312,569554350294625
569554375000000,7584,-0.202,-0.004,0.984,0.02,0.07,-0.25,1,imu01,fusion_20260818T183239Z,91,7584309,569554370291239
569554406000000,7604,-0.197,-0.002,0.981,0.14,0.15,-0.29,1,imu01,fusion_20260818T183239Z,92,7604312,569554390293853
569554421000000,7624,-0.205,0.001,0.983,-0.02,0.18,-0.27,1,imu01,fusion_20260818T183239Z,93,7624309,569554410290467
569554437000000,7644,-0.204,-0.001,0.976,0.0,-0.22,-0.27,1,imu01,fusion_20260818T183239Z,94,7644312,569554430293081
569554453000000,7664,-0.195,-0.007,0.98,-0.03,0.15,-0.25,1,imu01,fusion_20260818T183239Z,95,7664309,569554450289694
569554484000000,7684,-0.204,-0.004,0.98,0.09,0.36,0.13,1,imu01,fusion_20260818T183239Z,96,7684312,569554470292308
569554500000000,7704,-0.202,0.0,0.987,0.01,0.07,0.13,1,imu01,fusion_20260818T183239Z,97,7704309,569554490288922
569554515000000,7724,-0.2,-0.002,0.98,0.01,-0.2,-0.03,1,imu01,fusion_20260818T183239Z,98,7724312,569554510291536
569554546000000,7744,-0.198,-0.008,0.979,0.03,0.07,0.04,1,imu01,fusion_20260818T183239Z,99,7744309,569554530288150
569554562000000,7764,-0.203,-0.005,0.977,-0.01,0.17,0.07,1,imu01,fusion_20260818T183239Z,100,7764312,569554550290764
569554578000000,7784,-0.2,0.0,0.975,-0.04,-0.19,0.17,1,imu01,fusion_20260818T183239Z,101,7784309,569554570287377
569554593000000,7804,-0.204,-0.007,0.978,0.04,0.14,-0.07,1,imu01,fusion_20260818T183239Z,102,7804312,569554590289991
569554625000000,7824,-0.196,-0.003,0.979,0.07,0.05,-0.26,1,imu01,fusion_20260818T183239Z,103,7824309,569554610286605
569554640000000,7844,-0.2,-0.002,0.977,-0.02,0.07,-0.0,1,imu01,fusion_20260818T183239Z,104,7844312,569554630289219
569554656000000,7864,-0.203,-0.003,0.975,-0.01,-0.25,0.38,1,imu01,fusion_20260818T183239Z,105,7864309,569554650285833
569554687000000,7884,-0.198,-0.002,0.986,-0.07,-0.21,-0.02,1,imu01,fusion_20260818T183239Z,106,7884312,569554670288446
569554703000000,7904,-0.2,-0.006,0.974,0.08,-0.29,-0.13,1,imu01,fusion_20260818T183239Z,107,7904309,569554690285060
569554718000000,7924,-0.203,-0.003,0.982,-0.01,0.44,-0.06,1,imu01,fusion_20260818T183239Z,108,7924312,569554710287674
569554734000000,7944,-0.199,0.001,0.976,0.01,-0.25,0.05,1,imu01,fusion_20260818T183239Z,109,7944309,569554730284288
569554765000000,7964,-0.204,-0.001,0.981,-0.15,-0.12,0.05,1,imu01,fusion_20260818T183239Z,110,7964311,569554750285902
569554781000000,7984,-0.199,-0.006,0.986,0.06,-0.06,0.23,1,imu01,fusion_20260818T183239Z,111,7984309,569554770283516
569554796000000,8004,-0.198,-0.002,0.987,0.03,0.21,0.06,1,imu01,fusion_20260818T183239Z,112,8004312,569554790286129
569554828000000,8024,-0.198,-0.002,0.975,0.0,-0.03,-0.08,1,imu01,fusion_20260818T183239Z,113,8024309,569554810282743
569554843000000,8044,-0.199,-0.005,0.985,-0.11,-0.04,-0.01,1,imu01,fusion_20260818T183239Z,114,8044312,569554830285357
569554859000000,8064,-0.198,-0.002,0.985,0.03,0.16,0.1,1,imu01,fusion_20260818T183239Z,115,8064309,569554850281971
569554875000000,8084,-0.202,-0.002,0.98,-0.05,0.1,0.0,1,imu01,fusion_20260818T183239Z,116,8084312,569554870284585
569554906000000,8104,-0.197,0.003,0.978,-0.05,-0.27,-0.19,1,imu01,fusion_20260818T183239Z,117,8104309,569554890281198
569554921000000,8124,-0.202,-0.004,0.977,0.08,-0.05,-0.03,1,imu01,fusion_20260818T183239Z,118,8124312,569554910283812
569554937000000,8144,-0.2,-0.008,0.968,-0.02,0.18,0.13,1,imu01,fusion_20260818T183239Z,119,8144309,569554930280426
569554953000000,8164,-0.197,0.003,0.98,-0.01,0.04,0.23,1,imu01,fusion_20260818T183239Z,120,8164312,569554950283040
569554984000000,8184,-0.199,-0.002,0.983,-0.07,-0.02,-0.01,1,imu01,fusion_20260818T183239Z,121,8184309,569554970279654
569555000000000,8204,-0.199,-0.001,0.977,0.2,-0.2,-0.16,1,imu01,fusion_20260818T183239Z,122,8204312,569554990282268
569555015000000,8224,-0.201,0.001,0.99,-0.05,0.23,-0.09,1,imu01,fusion_20260818T183239Z,123,8224309,569555010278881
569555046000000,8244,-0.197,-0.006,0.978,-0.13,-0.01,0.13,1,imu01,fusion_20260818T183239Z,124,8244312,569555030281495
569555062000000,8264,-0.204,-0.002,0.974,-0.01,0.0,-0.0,1,imu01,fusion_20260818T183239Z,125,8264309,569555050278109
569555078000000,8284,-0.198,-0.001,0.983,0.13,-0.22,0.05,1,imu01,fusion_20260818T183239Z,126,8284312,569555070280723
569555093000000,8304,-0.2,-0.003,0.967,-0.07,0.33,-0.06,1,imu01,fusion_20260818T183239Z,127,8304309,569555090277337
569555125000000,8324,-0.202,0.001,0.982,-0.04,-0.42,-0.06,1,imu01,fusion_20260818T183239Z,128,8324312,569555110279950
569555140000000,8344,-0.203,-0.003,0.975,-0.04,-0.13,0.11,1,imu01,fusion_20260818T183239Z,129,8344309,569555130276564
569555156000000,8364,-0.203,0.0,0.981,-0.02,-0.14,0.25,1,imu01,fusion_20260818T183239Z,130,8364312,569555150279178
569555187000000,8384,-0.204,-0.0,0.982,0.03,0.33,0.13,1,imu01,fusion_20260818T183239Z,131,8384309,569555170275792
569555203000000,8404,-0.194,-0.001,0.974,0.0,-0.14,-0.11,1,imu01,fusion_20260818T183239Z,132,8404312,569555190278406
569555218000000,8424,-0.203,0.002,0.978,0.09,-0.11,0.06,1,imu01,fusion_20260818T183239Z,133,8424309,569555210275020
569555234000000,8444,-0.199,-0.001,0.975,0.12,0.29,0.18,1,imu01,fusion_20260818T183239Z,134,8444312,569555230277633
569555265000000,8464,-0.202,-0.001,0.975,0.05,0.07,0.13,1,imu01,fusion_20260818T183239Z,135,8464309,569555250274247
569555281000000,8484,-0.2,-0.001,0.976,-0.01,-0.03,0.01,1,imu01,fusion_20260818T183239Z,136,8484312,569555270276861
569555296000000,8504,-0.202,0.002,0.979,0.1,0.07,-0.08,1,imu01,fusion_20260818T183239Z,137,8504309,569555290273475
569555312000000,8524,-0.202,-0.005,0.977,0.01,0.33,-0.0,1,imu01,fusion_20260818T183239Z,138,8524312,569555310276089
569555343000000,8544,-0.199,-0.001,0.98,0.04,-0.32,0.15,1,imu01,fusion_20260818T183239Z,139,8544309,569555330272702
569555359000000,8564,-0.199,-0.004,0.974,-0.1,0.19,0.02,1,imu01,fusion_20260818T183239Z,140,8564312,569555350275316
569555375000000,8584,-0.198,0.002,0.978,0.15,-0.2,0.05,1,imu01,fusion_20260818T183239Z,141,8584309,569555370271930
569555406000000,8604,-0.201,0.005,0.978,0.0,0.2,-0.06,1,imu01,fusion_20260818T183239Z,142,8604312,569555390274544
569555421000000,8624,-0.2,-0.001,0.979,-0.05,0.04,-0.16,1,imu01,fusion_20260818T183239Z,143,8624309,569555410271158
569555437000000,8644,-0.204,-0.002,0.977,-0.05,0.24,-0.02,1,imu01,fusion_20260818T183239Z,144,8644312,569555430273772
569555453000000,8664,-0.199,0.0,0.974,0.03,0.26,0.02,1,imu01,fusion_20260818T183239Z,145,8664309,569555450270385
569555484000000,8684,-0.199,0.002,0.982,-0.07,0.15,-0.12,1,imu01,fusion_20260818T183239Z,146,8684312,569555470272999
569555500000000,8704,-0.198,-0.002,0.979,0.05,-0.13,-0.13,1,imu01,fusion_20260818T183239Z,147,8704309,569555490269613
569555515000000,8724,-0.2,-0.001,0.978,0.06,-0.29,0.07,1,imu01,fusion_20260818T183239Z,148,8724312,569555510272227
569555546000000,8744,-0.2,-0.004,0.981,-0.04,-0.04,0.02,1,imu01,fusion_20260818T183239Z,149,8744309,569555530268841
569555562000000,8764,-0.204,0.001,0.972,-0.1,0.23,0.05,1,imu01,fusion_20260818T183239Z,150,8764312,569555550271454
569555578000000,8784,-0.204,-0.002,0.979,-0.07,-0.08,-0.05,1,imu01,fusion_20260818T183239Z,151,8784309,569555570268068
569555593000000,8804,-0.199,-0.001,0.976,0.03,-0.15,-0.17,1,imu01,fusion_20260818T183239Z,152,8804312,569555590270682
569555625000000,8824,-0.198,-0.0,0.977,0.02,-0.35,0.05,1,imu01,fusion_20260818T183239Z,153,8824309,569555610267296
569555640000000,8844,-0.203,-0.004,0.989,-0.01,0.29,0.18,1,imu01,fusion_20260818T183239Z,154,8844312,569555630269910
569555656000000,8864,-0.201,-0.004,0.983,0.01,-0.18,0.08,1,imu01,fusion_20260818T183239Z,155,8864309,569555650266524
569555687000000,8884,-0.203,0.001,0.984,0.17,-0.24,-0.09,1,imu01,fusion_20260818T183239Z,156,8884312,569555670269137
569555703000000,8904,-0.201,0.001,0.974,0.01,0.33,-0.11,1,imu01,fusion_20260818T183239Z,157,8904309,569555690265751
569555718000000,8924,-0.199,-0.001,0.98,0.07,-0.19,-0.02,1,imu01,fusion_20260818T183239Z,158,8924312,569555710268365
569555734000000,8944,-0.2,0.002,0.977,-0.01,-0.06,0.1,1,imu01,fusion_20260818T183239Z,159,8944309,569555730264979
569555765000000,8964,-0.201,-0.003,0.981,0.06,0.13,0.0,1,imu01,fusion_20260818T183239Z,160,8964312,569555750267592
569555781000000,8984,-0.173,-0.001,1.01,-3.03,-10.9,-6.27,1,imu01,fusion_20260818T183239Z,161,8984309,569555770264206
569555796000000,9004,-0.009,-0.197,1.144,-66.76,-34.84,-1.83,1,imu01,fusion_20260818T183239Z,162,9004312,569555790266820
569555828000000,9024,-0.273,-0.048,1.087,-101.91,-87.55,9.52,1,imu01,fusion_20260818T183239Z,163,9024309,569555810263434
569555843000000,9044,-0.175,-0.042,0.987,31.87,13.99,-9.62,1,imu01,fusion_20260818T183239Z,164,9044312,569555830266048
569555859000000,9064,-0.182,-0.031,0.995,22.03,22.23,-3.47,1,imu01,fusion_20260818T183239Z,165,9064309,569555850262662
569555875000000,9084,-0.19,-0.027,0.929,25.55,18.16,-5.79,1,imu01,fusion_20260818T183239Z,166,9084312,569555870265276
569555906000000,9104,0.03,-0.148,1.006,65.22,24.69,-2.47,1,imu01,fusion_20260818T183239Z,167,9104309,569555890261889
569555921000000,9124,-0.06,-0.764,1.034,28.71,15.23,21.66,1,imu01,fusion_20260818T183239Z,168,9124312,569555910264503
569555937000000,9144,-0.546,0.003,0.887,19.04,27.1,-84.02,1,imu01,fusion_20260818T183239Z,169,9144309,569555930261117
569555968000000,9164,-0.07,1.452,1.034,5.23,14.74,-82.22,1,imu01,fusion_20260818T183239Z,170,9164312,569555950263731
569555984000000,9184,-0.164,0.04,0.999,21.26,-4.28,15.15,1,imu01,fusion_20260818T183239Z,171,9184309,569555970260345
569556000000000,9204,-0.219,-0.009,0.984,1.91,3.75,9.6,1,imu01,fusion_20260818T183239Z,172,9204312,569555990262958
569556015000000,9224,-0.175,0.002,0.988,7.12,7.18,24.91,1,imu01,fusion_20260818T183239Z,173,9224309,569556010259572
569556046000000,9244,-0.251,0.041,1.025,19.3,5.92,34.75,1,imu01,fusion_20260818T183239Z,174,9244312,569556030262186
569556062000000,9264,-0.267,0.057,0.989,34.68,3.57,53.05,1,imu01,fusion_20260818T183239Z,175,9264309,569556050258800
569556078000000,9284,-0.184,0.096,1.172,49.84,4.22,75.26,1,imu01,fusion_20260818T183239Z,176,9284312,569556070261414
569556093000000,9304,-0.173,0.183,1.127,39.7,-13.2,83.94,1,imu01,fusion_20260818T183239Z,177,9304309,569556090258028
569556125000000,9324,-0.245,0.192,1.111,21.09,-30.34,87.99,1,imu01,fusion_20260818T183239Z,178,9324312,569556110260641
569556140000000,9344,-0.248,0.166,1.082,10.52,-40.0,77.96,1,imu01,fusion_20260818T183239Z,179,9344309,569556130257255
569556156000000,9364,-0.173,0.15,1.083,14.07,-43.57,76.8,1,imu01,fusion_20260818T183239Z,180,9364312,569556150259869
569556187000000,9384,-0.166,0.105,1.085,32.45,-40.03,63.29,1,imu01,fusion_20260818T183239Z,181,9384309,569556170256483
569556203000000,9404,-0.219,0.075,1.001,61.09,-48.86,54.3,1,imu01,fusion_20260818T183239Z,182,9404312,569556190259096
569556218000000,9424,0.005,0.167,1.141,103.56,-57.13,20.94,1,imu01,fusion_20260818T183239Z,183,9424309,569556210255710
569556234000000,9444,0.024,0.24,1.168,117.6,-82.57,49.67,1,imu01,fusion_20260818T183239Z,184,9444312,569556230258324
569556265000000,9464,0.019,0.224,0.912,100.96,-110.86,75.59,1,imu01,fusion_20260818T183239Z,185,9464309,569556250254938
569556281000000,9484,0.001,0.33,0.935,58.94,-92.87,64.8,1,imu01,fusion_20260818T183239Z,186,9484312,569556270257552
569556296000000,9504,0.063,0.251,0.864,22.68,-68.16,79.27,1,imu01,fusion_20260818T183239Z,187,9504309,569556290254166
569556312000000,9524,0.003,0.23,0.863,-5.26,-44.19,87.29,1,imu01,fusion_20260818T183239Z,188,9524312,569556310256779
569556343000000,9544,0.058,0.194,0.873,-14.04,-32.81,64.69,1,imu01,fusion_20260818T183239Z,189,9544309,569556330253393
569556359000000,9564,0.129,0.291,0.899,-3.59,-41.29,35.38,1,imu01,fusion_20260818T183239Z,190,9564312,569556350256007
569556375000000,9584,0.143,0.297,0.953,-18.43,-39.23,37.74,1,imu01,fusion_20260818T183239Z,191,9584309,569556370252621
569556406000000,9604,0.103,0.181,0.911,-22.96,-34.25,40.27,1,imu01,fusion_20260818T183239Z,192,9604312,569556390255235
569556421000000,9624,0.144,0.152,0.914,-16.84,-34.56,32.19,1,imu01,fusion_20260818T183239Z,193,9624309,569556410251849
569556437000000,9644,0.065,0.244,0.886,-26.3,-26.33,43.26,1,imu01,fusion_20260818T183239Z,194,9644312,569556430254462
569556468000000,9664,0.173,0.403,0.967,-15.72,-15.16,53.16,1,imu01,fusion_20260818T183239Z,195,9664309,569556450251076
569556484000000,9684,0.112,0.183,0.895,-23.57,-14.81,58.66,1,imu01,fusion_20260818T183239Z,196,9684312,569556470253690
569556500000000,9704,0.124,0.192,0.895,-19.28,-17.25,29.71,1,imu01,fusion_20260818T183239Z,197,9704309,569556490250304
569556515000000,9724,0.139,0.239,0.925,-21.66,-11.51,41.67,1,imu01,fusion_20260818T183239Z,198,9724312,569556510252918
569556546000000,9744,0.187,0.237,0.966,-32.5,-5.86,58.94,1,imu01,fusion_20260818T183239Z,199,9744309,569556530249532
569556562000000,9764,0.186,0.27,0.984,-16.64,-11.31,55.7,1,imu01,fusion_20260818T183239Z,200,9764312,569556550252145
569556578000000,9784,0.187,0.155,0.968,-7.34,-15.55,68.62,1,imu01,fusion_20260818T183239Z,201,9784309,569556570248759
569556593000000,9804,0.143,0.166,0.924,8.38,-12.93,65.23,1,imu01,fusion_20260818T183239Z,202,9804312,569556590251373
569556625000000,9824,0.204,0.145,0.934,17.19,-8.84,51.73,1,imu01,fusion_20260818T183239Z,203,9824309,569556610247987
569556640000000,9844,0.217,0.129,0.912,14.45,-8.93,42.32,1,imu01,fusion_20260818T183239Z,204,9844312,569556630250600
569556656000000,9864,0.25,0.156,0.962,2.12,-12.6,31.88,1,imu01,fusion_20260818T183239Z,205,9864309,569556650247214
569556687000000,9884,0.297,0.175,0.996,-10.57,-13.15,45.0,1,imu01,fusion_20260818T183239Z,206,9884312,569556670249828
569556703000000,9904,0.228,0.179,0.913,-3.0,-20.97,59.0,1,imu01,fusion_20260818T183239Z,207,9904309,569556690246442
569556718000000,9924,0.225,0.101,0.899,-2.43,-17.59,40.91,1,imu01,fusion_20260818T183239Z,208,9924312,569556710249056
569556734000000,9944,0.294,0.106,0.928,0.46,-16.12,33.41,1,imu01,fusion_20260818T183239Z,209,9944309,569556730245670
569556765000000,9964,0.289,0.123,0.932,-4.82,-15.76,28.43,1,imu01,fusion_20260818T183239Z,210,9964311,569556750247284
569556781000000,9984,0.328,0.163,0.954,3.09,-15.96,14.62,1,imu01,fusion_20260818T183239Z,211,9984309,569556770244897
569556796000000,10004,0.303,0.119,0.908,-0.88,-19.3,19.53,1,imu01,fusion_20260818T183239Z,212,10004312,569556790247511
569556828000000,10024,0.301,0.113,0.886,-7.09,-17.44,12.67,1,imu01,fusion_20260818T183239Z,213,10024309,569556810244125
569556843000000,10044,0.264,0.078,0.876,-14.01,-12.13,3.04,1,imu01,fusion_20260818T183239Z,214,10044312,569556830246739
569556859000000,10064,0.326,0.122,0.95,1.03,-4.01,-1.77,1,imu01,fusion_20260818T183239Z,215,10064309,569556850243353
569556875000000,10084,0.405,0.18,1.035,19.69,-4.87,0.49,1,imu01,fusion_20260818T183239Z,216,10084312,569556870245966
569556906000000,10104,0.252,0.26,0.913,38.74,-14.8,4.42,1,imu01,fusion_20260818T183239Z,217,10104309,569556890242580
569556921000000,10124,0.42,0.24,0.804,116.16,-39.61,-22.93,1,imu01,fusion_20260818T183239Z,218,10124312,569556910245194
569556937000000,10144,0.326,0.185,0.897,119.0,-78.23,-55.48,1,imu01,fusion_20260818T183239Z,219,10144309,569556930241808
569556953000000,10164,0.35,0.267,0.919,73.77,-88.3,-15.81,1,imu01,fusion_20260818T183239Z,220,10164312,569556950244422
569556984000000,10184,0.478,0.26,0.792,45.61,-87.9,20.36,1,imu01,fusion_20260818T183239Z,221,10184309,569556970241036
569557000000000,10204,0.421,0.317,0.87,24.2,-19.26,4.81,1,imu01,fusion_20260818T183239Z,222,10204312,569556990243649
569557015000000,10224,0.357,0.271,0.86,23.28,23.71,12.91,1,imu01,fusion_20260818T183239Z,223,10224309,569557010240263
569557046000000,10244,0.344,0.268,0.835,11.55,46.58,22.76,1,imu01,fusion_20260818T183239Z,224,10244312,569557030242877
569557062000000,10264,0.377,0.196,0.976,19.51,43.98,6.76,1,imu01,fusion_20260818T183239Z,225,10264309,569557050239491
569557078000000,10284,0.34,0.343,0.892,24.63,13.46,-26.88,1,imu01,fusion_20260818T183239Z,226,10284312,569557070242104
569557093000000,10304,0.39,0.36,0.919,17.49,-10.9,-16.75,1,imu01,fusion_20260818T183239Z,227,10304309,569557090238718
569557125000000,10324,0.471,0.273,0.888,-9.99,-23.6,7.93,1,imu01,fusion_20260818T183239Z,228,10324312,569557110241332
569557140000000,10344,0.38,0.215,0.888,-54.9,-11.0,15.39,1,imu01,fusion_20260818T183239Z,229,10344309,569557130237946
569557156000000,10364,0.412,0.287,0.954,-68.73,-32.31,12.75,1,imu01,fusion_20260818T183239Z,230,10364312,569557150240560
569557187000000,10384,0.185,0.257,1.045,-140.07,40.01,-11.24,1,imu01,fusion_20260818T183239Z,231,10384309,569557170237174
569557203000000,10404,0.536,0.22,1.045,-169.67,40.78,-1.51,1,imu01,fusion_20260818T183239Z,232,10404312,569557190239787
569557218000000,10424,0.224,-0.04,0.745,-249.47,124.49,-58.13,1,imu01,fusion_20260818T183239Z,233,10424309,569557210236401
569557234000000,10444,0.341,-0.017,0.967,-198.0,99.04,-114.16,1,imu01,fusion_20260818T183239Z,234,10444312,569557230239015
569557265000000,10464,0.256,0.005,1.067,-52.26,36.47,-72.23,1,imu01,fusion_20260818T183239Z,235,10464309,569557250235629
569557281000000,10484,0.191,-0.041,0.961,85.12,52.32,-17.36,1,imu01,fusion_20260818T183239Z,236,10484312,569557270238243
569557296000000,10504,0.265,0.018,0.991,35.05,14.55,2.1,1,imu01,fusion_20260818T183239Z,237,10504309,569557290234856
569557312000000,10524,0.283,0.051,0.972,30.4,-6.59,6.45,1,imu01,fusion_20260818T183239Z,238,10524312,569557310237470
569557343000000,10544,0.265,0.044,0.951,19.83,-18.37,8.41,1,imu01,fusion_20260818T183239Z,239,10544309,569557330234084
569557359000000,10564,0.296,0.085,0.955,15.7,-9.07,6.74,1,imu01,fusion_20260818T183239Z,240,10564312,569557350236698
569557375000000,10584,0.286,0.089,0.923,7.39,0.24,-2.39,1,imu01,fusion_20260818T183239Z,241,10584309,569557370233312
569557406000000,10604,0.23,0.074,0.955,-4.67,8.86,-10.51,1,imu01,fusion_20260818T183239Z,242,10604312,569557390235926
569557421000000,10624,0.241,0.091,0.965,-6.42,14.24,-11.03,1,imu01,fusion_20260818T183239Z,243,10624309,569557410232540
569557437000000,10644,0.252,0.087,0.954,-9.86,14.44,-11.58,1,imu01,fusion_20260818T183239Z,244,10644312,569557430235153
569557453000000,10664,0.222,0.063,0.974,-13.2,18.81,-16.31,1,imu01,fusion_20260818T183239Z,245,10664309,569557450231767
569557484000000,10684,0.227,0.079,1.003,-12.03,20.0,-18.11,1,imu01,fusion_20260818T183239Z,246,10684312,569557470234381
569557500000000,10704,0.174,0.056,1.003,-9.69,17.29,-19.65,1,imu01,fusion_20260818T183239Z,247,10704309,569557490230995
569557515000000,10724,0.157,0.043,1.012,-11.41,17.91,-19.19,1,imu01,fusion_20260818T183239Z,248,10724312,569557510233608
569557546000000,10744,0.202,0.04,1.023,-6.43,16.7,-18.3,1,imu01,fusion_20260818T183239Z,249,10744309,569557530230222
569557562000000,10764,0.222,0.032,1.011,-4.3,21.86,-16.14,1,imu01,fusion_20260818T183239Z,250,10764312,569557550232836
569557578000000,10784,0.221,0.039,1.016,-2.89,20.1,-17.82,1,imu01,fusion_20260818T183239Z,251,10784309,569557570229450
569557593000000,10804,0.19,0.042,1.014,-1.62,16.26,-19.63,1,imu01,fusion_20260818T183239Z,252,10804312,569557590232064
569557625000000,10824,0.183,0.089,1.045,0.67,14.35,-18.64,1,imu01,fusion_20260818T183239Z,253,10824309,569557610228678
569557640000000,10844,0.208,0.1,1.034,1.81,20.2,-17.84,1,imu01,fusion_20260818T183239Z,254,10844312,569557630231291
569557656000000,10864,0.174,0.065,1.026,3.45,28.46,-21.8,1,imu01,fusion_20260818T183239Z,255,10864309,569557650227905
569557687000000,10884,0.151,0.06,0.942,12.3,13.39,-25.61,1,imu01,fusion_20260818T183239Z,256,10884312,569557670230519
569557703000000,10904,0.189,0.072,0.928,16.43,-8.16,-19.43,1,imu01,fusion_20260818T183239Z,257,10904309,569557690227133
569557718000000,10924,0.178,0.065,0.931,9.48,-1.01,-12.65,1,imu01,fusion_20260818T183239Z,258,10924312,569557710229747
569557734000000,10944,0.188,0.088,0.964,-3.87,19.15,-9.32,1,imu01,fusion_20260818T183239Z,259,10944309,569557730226360
569557765000000,10964,0.125,0.082,0.984,-3.96,0.87,-9.03,1,imu01,fusion_20260818T183239Z,260,10964312,569557750228974
569557781000000,10984,0.163,0.088,0.95,5.57,-25.68,4.07,1,imu01,fusion_20260818T183239Z,261,10984309,569557770225588
569557796000000,11004,0.14,0.089,0.97,2.9,7.16,7.8,1,imu01,fusion_20260818T183239Z,262,11004312,569557790228202
569557828000000,11024,0.083,0.067,1.009,-2.19,21.94,1.95,1,imu01,fusion_20260818T183239Z,263,11024309,569557810224816
569557843000000,11044,0.113,0.072,0.982,4.76,0.45,8.38,1,imu01,fusion_20260818T183239Z,264,11044312,569557830227430
569557859000000,11064,0.111,0.068,1.009,5.07,3.89,8.17,1,imu01,fusion_20260818T183239Z,265,11064309,569557850224043
569557875000000,11084,0.094,0.064,1.016,0.04,11.2,12.54,1,imu01,fusion_20260818T183239Z,266,11084312,569557870226657
569557906000000,11104,0.116,0.073,1.064,1.26,2.88,27.47,1,imu01,fusion_20260818T183239Z,267,11104309,569557890223271
569557921000000,11124,0.117,0.084,1.032,8.27,-9.03,18.1,1,imu01,fusion_20260818T183239Z,268,11124312,569557910225885
569557937000000,11144,0.143,0.092,1.025,15.9,-31.76,21.26,1,imu01,fusion_20260818T183239Z,269,11144309,569557930222499
569557953000000,11164,0.253,0.062,1.03,17.12,-33.12,20.77,1,imu01,fusion_20260818T183239Z,270,11164312,569557950225112
569557984000000,11184,0.161,0.068,1.002,15.42,-0.24,8.85,1,imu01,fusion_20260818T183239Z,271,11184309,569557970221726
569558000000000,11204,0.177,0.082,1.012,10.74,-2.77,9.31,1,imu01,fusion_20260818T183239Z,272,11204312,569557990224340
569558015000000,11224,0.185,0.081,1.006,6.32,-5.85,14.89,1,imu01,fusion_20260818T183239Z,273,11224309,569558010220954
569558046000000,11244,0.182,0.065,0.975,9.05,-6.05,15.66,1,imu01,fusion_20260818T183239Z,274,11244312,569558030223568
569558062000000,11264,0.199,0.07,1.02,10.65,-6.16,8.81,1,imu01,fusion_20260818T183239Z,275,11264309,569558050220182
569558078000000,11284,0.214,0.087,0.977,13.35,-32.3,9.37,1,imu01,fusion_20260818T183239Z,276,11284312,569558070222795
569558093000000,11304,0.198,0.111,1.023,15.16,-31.89,7.89,1,imu01,fusion_20260818T183239Z,277,11304309,569558090219409
569558125000000,11324,0.222,0.096,0.975,9.92,-12.65,11.46,1,imu01,fusion_20260818T183239Z,278,11324312,569558110222023
569558140000000,11344,0.226,0.133,1.01,11.3,4.87,3.81,1,imu01,fusion_20260818T183239Z,279,11344309,569558130218637
569558156000000,11364,0.243,0.169,1.048,16.66,7.59,-0.07,1,imu01,fusion_20260818T183239Z,280,11364312,569558150221251
569558187000000,11384,0.221,0.177,1.078,20.83,13.78,-8.3,1,imu01,fusion_20260818T183239Z,281,11384309,569558170217864
569558203000000,11404,0.208,0.168,1.099,24.55,3.2,-5.57,1,imu01,fusion_20260818T183239Z,282,11404312,569558190220478
569558218000000,11424,0.229,0.185,1.15,25.24,-8.7,-0.16,1,imu01,fusion_20260818T183239Z,283,11424309,569558210217092
569558234000000,11444,0.279,0.167,1.059,26.62,-4.3,7.71,1,imu01,fusion_20260818T183239Z,284,11444312,569558230219706
569558265000000,11464,0.256,0.133,1.044,30.33,5.81,6.72,1,imu01,fusion_20260818T183239Z,285,11464309,569558250216320
569558281000000,11484,0.337,0.175,1.017,29.38,13.09,6.84,1,imu01,fusion_20260818T183239Z,286,11484312,569558270218934
569558296000000,11504,0.295,0.199,1.05,29.45,14.99,-1.95,1,imu01,fusion_20260818T183239Z,287,11504309,569558290215547
569558328000000,11524,0.251,0.205,1.029,35.55,9.2,-8.94,1,imu01,fusion_20260818T183239Z,288,11524312,569558310218161
569558343000000,11544,0.289,0.244,1.044,35.06,8.13,-12.97,1,imu01,fusion_20260818T183239Z,289,11544309,569558330214775
569558359000000,11564,0.292,0.263,1.044,28.24,17.81,-10.71,1,imu01,fusion_20260818T183239Z,290,11564312,569558350217389
569558375000000,11584,0.274,0.225,0.997,19.35,33.58,-8.34,1,imu01,fusion_20260818T183239Z,291,11584309,569558370214003
569558406000000,11604,0.284,0.232,0.989,14.6,40.8,-6.15,1,imu01,fusion_20260818T183239Z,292,11604312,569558390216616
569558421000000,11624,0.189,0.221,1.016,9.77,48.18,-9.76,1,imu01,fusion_20260818T183239Z,293,11624309,569558410213230
569558437000000,11644,0.151,0.217,1.038,2.51,54.81,-4.84,1,imu01,fusion_20260818T183239Z,294,11644312,569558430215844
569558453000000,11664,0.132,0.207,1.046,-1.14,57.55,3.13,1,imu01,fusion_20260818T183239Z,295,11664309,569558450212458
569558484000000,11684,0.104,0.211,1.047,4.45,39.4,11.52,1,imu01,fusion_20260818T183239Z,296,11684312,569558470215072
569558500000000,11704,0.122,0.21,1.054,10.9,25.87,18.09,1,imu01,fusion_20260818T183239Z,297,11704309,569558490211686
569558515000000,11724,0.11,0.204,1.051,12.55,32.56,21.1,1,imu01,fusion_20260818T183239Z,298,11724312,569558510214299
569558546000000,11744,0.133,0.199,1.005,13.37,39.74,24.33,1,imu01,fusion_20260818T183239Z,299,11744309,569558530210913
569558562000000,11764,0.153,0.181,0.969,12.15,42.02,26.31,1,imu01,fusion_20260818T183239Z,300,11764312,569558550213527
569558578000000,11784,0.061,0.138,0.948,9.7,41.04,22.89,1,imu01,fusion_20260818T183239Z,301,11784309,569558570210141
569558593000000,11804,0.041,0.148,0.891,4.12,45.0,24.32,1,imu01,fusion_20260818T183239Z,302,11804312,569558590212755
569558625000000,11824,-0.001,0.121,0.877,-3.03,49.73,27.75,1,imu01,fusion_20260818T183239Z,303,11824309,569558610209368
569558640000000,11844,0.008,0.131,0.871,-2.88,42.46,35.95,1,imu01,fusion_20260818T183239Z,304,11844312,569558630211982
569558656000000,11864,0.062,0.136,0.838,-15.63,37.11,42.45,1,imu01,fusion_20260818T183239Z,305,11864309,569558650208596
569558687000000,11884,0.037,0.14,0.843,-31.03,46.55,38.63,1,imu01,fusion_20260818T183239Z,306,11884312,569558670211210
569558703000000,11904,0.019,0.137,0.86,-30.88,45.34,31.21,1,imu01,fusion_20260818T183239Z,307,11904309,569558690207824
569558718000000,11924,-0.019,0.154,0.896,-32.53,40.69,22.8,1,imu01,fusion_20260818T183239Z,308,11924312,569558710210438
569558734000000,11944,-0.065,0.144,0.917,-33.99,31.12,20.75,1,imu01,fusion_20260818T183239Z,309,11944309,569558730207051
569558765000000,11964,-0.076,0.168,0.96,-32.72,27.54,20.59,1,imu01,fusion_20260818T183239Z,310,11964311,569558750208665
569558781000000,11984,-0.123,0.144,0.964,-31.14,21.53,11.96,1,imu01,fusion_20260818T183239Z,311,11984309,569558770206279
569558796000000,12004,-0.128,0.148,0.975,-25.81,13.39,-1.46,1,imu01,fusion_20260818T183239Z,312,12004312,569558790208893
569558828000000,12024,-0.133,0.161,0.992,-15.22,3.52,-4.32,1,imu01,fusion_20260818T183239Z,313,12024309,569558810205507
569558843000000,12044,-0.179,0.141,0.987,-7.81,3.04,-2.34,1,imu01,fusion_20260818T183239Z,314,12044312,569558830208120
569558859000000,12064,-0.109,0.124,0.929,-4.59,-11.1,6.39,1,imu01,fusion_20260818T183239Z,315,12064309,569558850204734
569558875000000,12084,-0.071,0.082,0.818,1.16,-61.51,15.13,1,imu01,fusion_20260818T183239Z,316,12084312,569558870207348
569558906000000,12104,-0.037,0.121,0.889,2.84,-110.49,31.13,1,imu01,fusion_20260818T183239Z,317,12104309,569558890203962
569558921000000,12124,-0.043,0.129,0.969,13.5,-128.82,59.47,1,imu01,fusion_20260818T183239Z,318,12124312,569558910206576
569558937000000,12144,0.214,0.253,1.007,15.32,-44.42,107.7,1,imu01,fusion_20260818T183239Z,319,12144309,569558930203190
569558953000000,12164,0.099,0.211,1.13,1.09,70.09,109.53,1,imu01,fusion_20260818T183239Z,320,12164312,569558950205803
569558984000000,12184,0.089,0.087,0.941,-2.73,28.54,65.79,1,imu01,fusion_20260818T183239Z,321,12184309,569558970202417
569559000000000,12204,0.098,0.08,0.858,9.58,-31.88,60.67,1,imu01,fusion_20260818T183239Z,322,12204312,569558990205031
569559015000000,12224,0.107,0.106,0.888,3.43,-29.09,50.41,1,imu01,fusion_20260818T183239Z,323,12224309,569559010201645
569559046000000,12244,0.149,0.123,0.948,-11.68,-14.77,53.04,1,imu01,fusion_20260818T183239Z,324,12244312,569559030204259
569559062000000,12264,0.234,0.102,0.93,-12.07,-40.62,55.48,1,imu01,fusion_20260818T183239Z,325,12264309,569559050200872
569559078000000,12284,0.27,0.076,0.893,-19.69,-31.36,51.04,1,imu01,fusion_20260818T183239Z,326,12284312,569559070203486
569559093000000,12304,0.204,0.07,0.963,-26.01,-3.38,45.97,1,imu01,fusion_20260818T183239Z,327,12304309,569559090200100
569559125000000,12324,0.165,0.101,1.048,-24.15,11.58,42.23,1,imu01,fusion_20260818T183239Z,328,12324312,569559110202714
569559140000000,12344,0.046,0.097,1.045,-13.64,12.6,37.52,1,imu01,fusion_20260818T183239Z,329,12344309,569559130199328
569559156000000,12364,0.026,0.053,1.018,3.06,19.22,39.37,1,imu01,fusion_20260818T183239Z,330,12364312,569559150201942
569559187000000,12384,0.068,0.085,1.007,11.86,23.16,48.14,1,imu01,fusion_20260818T183239Z,331,12384309,569559170198555
569559203000000,12404,0.031,0.037,0.93,12.35,24.11,52.58,1,imu01,fusion_20260818T183239Z,332,12404312,569559190201169
569559218000000,12424,0.056,0.056,0.87,9.54,16.21,59.71,1,imu01,fusion_20260818T183239Z,333,12424309,569559210197783
569559234000000,12444,0.026,0.056,0.828,14.46,5.12,58.51,1,imu01,fusion_20260818T183239Z,334,12444312,569559230200397
569559265000000,12464,0.084,0.106,0.978,17.93,18.73,57.97,1,imu01,fusion_20260818T183239Z,335,12464309,569559250197011
569559281000000,12484,0.098,0.054,0.918,10.48,68.51,60.14,1,imu01,fusion_20260818T183239Z,336,12484312,569559270199624
569559296000000,12504,0.05,0.136,0.973,11.22,76.93,52.85,1,imu01,fusion_20260818T183239Z,337,12504309,569559290196238
569559328000000,12524,0.009,0.146,0.904,0.54,69.57,50.4,1,imu01,fusion_20260818T183239Z,338,12524312,569559310198852
569559343000000,12544,0.078,0.191,0.935,-15.01,56.96,46.16,1,imu01,fusion_20260818T183239Z,339,12544309,569559330195466
569559359000000,12564,-0.059,0.169,1.062,-31.36,46.78,50.48,1,imu01,fusion_20260818T183239Z,340,12564312,569559350198080
569559375000000,12584,-0.01,0.215,1.15,-35.04,42.15,55.98,1,imu01,fusion_20260818T183239Z,341,12584309,569559370194694
569559406000000,12604,-0.047,0.177,1.026,-35.78,35.89,73.12,1,imu01,fusion_20260818T183239Z,342,12604312,569559390197307
569559421000000,12624,-0.026,0.171,1.025,-24.92,30.52,69.12,1,imu01,fusion_20260818T183239Z,343,12624309,569559410193921
569559437000000,12644,0.001,0.143,0.897,-27.1,10.14,61.45,1,imu01,fusion_20260818T183239Z,344,12644312,569559430196535
569559468000000,12664,0.0,0.197,0.922,-23.0,9.12,28.42,1,imu01,fusion_20260818T183239Z,345,12664309,569559450193149
569559484000000,12684,-0.085,0.24,0.916,-32.46,36.28,32.42,1,imu01,fusion_20260818T183239Z,346,12684312,569559470195763
569559500000000,12704,-0.112,0.152,0.883,-51.63,73.2,68.15,1,imu01,fusion_20260818T183239Z,347,12704309,569559490192376
569559515000000,12724,-0.086,0.16,0.999,-28.8,105.02,85.21,1,imu01,fusion_20260818T183239Z,348,12724312,569559510194990
569559546000000,12744,-0.082,0.214,1.057,0.88,82.0,82.43,1,imu01,fusion_20260818T183239Z,349,12744309,569559530191604
569559562000000,12764,-0.217,0.232,1.092,45.17,42.7,90.0,1,imu01,fusion_20260818T183239Z,350,12764312,569559550194218
569559578000000,12784,-0.179,0.275,0.958,32.97,21.08,76.62,1,imu01,fusion_20260818T183239Z,351,12784309,569559570190832
569559593000000,12804,-0.236,0.249,0.985,15.57,13.79,76.85,1,imu01,fusion_20260818T183239Z,352,12804312,569559590193446
569559625000000,12824,-0.174,0.251,1.0,34.67,16.27,113.32,1,imu01,fusion_20260818T183239Z,353,12824309,569559610190059
569559640000000,12844,-0.164,0.245,0.978,62.25,2.92,119.23,1,imu01,fusion_20260818T183239Z,354,12844312,569559630192673
569559656000000,12864,-0.148,0.267,0.98,43.81,-12.35,101.39,1,imu01,fusion_20260818T183239Z,355,12864309,569559650189287
569559687000000,12884,-0.129,0.242,0.905,42.31,-28.09,96.01,1,imu01,fusion_20260818T183239Z,356,12884312,569559670191901
569559703000000,12904,-0.139,0.268,0.944,26.53,-32.84,71.75,1,imu01,fusion_20260818T183239Z,357,12904309,569559690188515
569559718000000,12924,-0.121,0.278,1.015,-6.16,-13.16,50.75,1,imu01,fusion_20260818T183239Z,358,12924312,569559710191128
569559734000000,12944,-0.1,0.272,0.991,-6.92,-10.74,41.32,1,imu01,fusion_20260818T183239Z,359,12944309,569559730187742
569559765000000,12964,-0.102,0.295,0.979,-0.92,-14.96,41.14,1,imu01,fusion_20260818T183239Z,360,12964312,569559750190356
569559781000000,12984,-0.07,0.277,0.963,6.7,-10.39,52.8,1,imu01,fusion_20260818T183239Z,361,12984309,569559770186970
569559796000000,13004,-0.11,0.249,0.91,5.12,-17.2,50.85,1,imu01,fusion_20260818T183239Z,362,13004312,569559790189584
569559828000000,13024,-0.111,0.303,0.94,-7.5,-0.46,32.86,1,imu01,fusion_20260818T183239Z,363,13024309,569559810186198
569559843000000,13044,-0.101,0.291,0.967,-8.35,24.62,36.81,1,imu01,fusion_20260818T183239Z,364,13044312,569559830188811
569559859000000,13064,-0.094,0.251,0.866,-7.52,6.56,38.62,1,imu01,fusion_20260818T183239Z,365,13064309,569559850185425
569559875000000,13084,-0.07,0.204,0.799,-9.65,-2.8,31.59,1,imu01,fusion_20260818T183239Z,366,13084312,569559870188039
569559906000000,13104,-0.088,0.184,0.736,-10.48,-2.61,23.39,1,imu01,fusion_20260818T183239Z,367,13104309,569559890184653
569559921000000,13124,-0.082,0.144,0.73,-10.85,11.58,28.1,1,imu01,fusion_20260818T183239Z,368,13124312,569559910187267
569559937000000,13144,-0.053,0.143,0.764,-23.21,17.25,31.6,1,imu01,fusion_20260818T183239Z,369,13144309,569559930183880
569559953000000,13164,-0.063,0.144,0.759,-30.58,6.83,30.86,1,imu01,fusion_20260818T183239Z,370,13164312,569559950186494
569559984000000,13184,-0.074,0.119,0.747,-43.98,0.84,32.51,1,imu01,fusion_20260818T183239Z,371,13184309,569559970183108
569560000000000,13204,-0.025,0.077,0.744,-49.43,9.71,32.98,1,imu01,fusion_20260818T183239Z,372,13204312,569559990185722
569560015000000,13224,-0.059,0.077,0.738,-55.52,16.44,16.52,1,imu01,fusion_20260818T183239Z,373,13224309,569560010182336
569560046000000,13244,-0.096,0.03,0.819,-56.81,29.88,3.07,1,imu01,fusion_20260818T183239Z,374,13244312,569560030184950
569560062000000,13264,-0.056,0.03,0.88,-47.87,61.45,5.04,1,imu01,fusion_20260818T183239Z,375,13264309,569560050181563
569560078000000,13284,-0.101,0.066,0.932,-30.87,76.25,-5.89,1,imu01,fusion_20260818T183239Z,376,13284312,569560070184177
569560093000000,13304,-0.134,0.074,0.974,-18.74,69.02,-19.11,1,imu01,fusion_20260818T183239Z,377,13304309,569560090180791
569560125000000,13324,-0.207,0.091,1.041,-13.58,57.23,-28.63,1,imu01,fusion_20260818T183239Z,378,13324312,569560110183405
569560140000000,13344,-0.259,0.135,1.144,-16.74,36.52,-24.43,1,imu01,fusion_20260818T183239Z,379,13344309,569560130180019
569560156000000,13364,-0.255,0.155,1.234,-26.55,2.05,-9.38,1,imu01,fusion_20260818T183239Z,380,13364312,569560150182632
569560187000000,13384,-0.231,0.101,1.147,-30.66,-30.96,13.1,1,imu01,fusion_20260818T183239Z,381,13384309,569560170179246
569560203000000,13404,-0.16,0.039,1.148,-13.49,-25.74,11.91,1,imu01,fusion_20260818T183239Z,382,13404312,569560190181860
569560218000000,13424,-0.144,0.037,1.287,8.23,-10.94,-1.71,1,imu01,fusion_20260818T183239Z,383,13424309,569560210178474
569560234000000,13444,-0.168,0.072,1.199,15.94,-8.81,-9.19,1,imu01,fusion_20260818T183239Z,384,13444312,569560230181088
569560265000000,13464,-0.175,0.086,1.128,23.35,-2.39,-8.72,1,imu01,fusion_20260818T183239Z,385,13464309,569560250177702
569560281000000,13484,-0.173,0.029,1.113,24.79,14.55,-3.13,1,imu01,fusion_20260818T183239Z,386,13484312,569560270180315
569560296000000,13504,-0.205,0.054,1.087,23.22,15.91,-3.64,1,imu01,fusion_20260818T183239Z,387,13504309,569560290176929
569560328000000,13524,-0.194,0.105,1.192,11.44,22.97,-1.3,1,imu01,fusion_20260818T183239Z,388,13524312,569560310179543
569560343000000,13544,-0.175,0.167,1.218,11.19,6.4,-3.43,1,imu01,fusion_20260818T183239Z,389,13544309,569560330176157
569560359000000,13564,-0.207,0.193,1.199,6.84,-5.77,-0.71,1,imu01,fusion_20260818T183239Z,390,13564312,569560350178770
569560375000000,13584,-0.2,0.194,1.243,18.03,-23.2,3.99,1,imu01,fusion_20260818T183239Z,391,13584309,569560370175384
569560406000000,13604,-0.195,0.153,1.17,23.09,-23.96,7.0,1,imu01,fusion_20260818T183239Z,392,13604312,569560390177998
569560421000000,13624,-0.153,0.104,1.125,29.71,-9.4,4.49,1,imu01,fusion_20260818T183239Z,393,13624309,569560410174612
569560437000000,13644,-0.139,0.12,1.235,32.56,1.36,5.01,1,imu01,fusion_20260818T183239Z,394,13644312,569560430177226
569560453000000,13664,-0.134,0.162,1.209,29.38,0.09,6.0,1,imu01,fusion_20260818T183239Z,395,13664309,569560450173840
569560484000000,13684,-0.133,0.218,1.293,31.88,-2.63,11.11,1,imu01,fusion_20260818T183239Z,396,13684312,569560470176454
569560500000000,13704,-0.182,0.212,1.154,36.66,-2.09,21.93,1,imu01,fusion_20260818T183239Z,397,13704309,569560490173067
569560515000000,13724,-0.196,0.187,1.088,34.09,8.46,28.99,1,imu01,fusion_20260818T183239Z,398,13724312,569560510175681
569560546000000,13744,-0.199,0.196,1.091,21.87,29.78,31.61,1,imu01,fusion_20260818T183239Z,399,13744309,569560530172295
569560562000000,13764,-0.225,0.206,1.037,22.55,23.02,19.28,1,imu01,fusion_20260818T183239Z,400,13764312,569560550174909
569560578000000,13784,-0.206,0.236,1.092,24.51,8.81,11.55,1,imu01,fusion_20260818T183239Z,401,13784309,569560570171523
569560593000000,13804,-0.186,0.24,1.094,22.25,-5.6,12.71,1,imu01,fusion_20260818T183239Z,402,13804312,569560590174136
569560625000000,13824,-0.211,0.234,1.059,10.69,-20.62,16.65,1,imu01,fusion_20260818T183239Z,403,13824309,569560610170750
569560640000000,13844,-0.186,0.251,1.046,16.54,-36.13,18.58,1,imu01,fusion_20260818T183239Z,404,13844312,569560630173364
569560656000000,13864,-0.18,0.225,0.95,19.17,-42.51,30.51,1,imu01,fusion_20260818T183239Z,405,13864309,569560650169978
569560687000000,13884,-0.163,0.184,0.908,15.61,-30.21,41.36,1,imu01,fusion_20260818T183239Z,406,13884312,569560670172592
569560703000000,13904,-0.133,0.208,0.885,26.42,4.2,48.62,1,imu01,fusion_20260818T183239Z,407,13904309,569560690169206
569560718000000,13924,-0.11,0.164,0.827,31.19,15.42,66.92,1,imu01,fusion_20260818T183239Z,408,13924312,569560710171819
569560734000000,13944,-0.098,0.318,0.948,28.59,11.59,56.76,1,imu01,fusion_20260818T183239Z,409,13944309,569560730168433
569560765000000,13964,-0.061,0.256,0.91,33.58,-9.32,67.75,1,imu01,fusion_20260818T183239Z,410,13964311,569560750170047
569560781000000,13984,-0.084,0.206,0.833,17.59,-33.39,66.88,1,imu01,fusion_20260818T183239Z,411,13984309,569560770167661
569560796000000,14004,-0.032,0.164,0.834,-13.94,-46.61,52.35,1,imu01,fusion_20260818T183239Z,412,14004312,569560790170274
569560812000000,14024,-0.074,0.152,0.749,-24.42,-54.9,41.23,1,imu01,fusion_20260818T183239Z,413,14024309,569560810166888
569560843000000,14044,-0.031,0.087,0.711,-11.37,-37.77,37.6,1,imu01,fusion_20260818T183239Z,414,14044312,569560830169502
569560859000000,14064,-0.113,0.085,0.689,3.57,-15.0,35.96,1,imu01,fusion_20260818T183239Z,415,14064309,569560850166116
569560875000000,14084,0.094,0.11,0.847,-93.87,46.97,30.44,1,imu01,fusion_20260818T183239Z,416,14084312,569560870168730
569560906000000,14104,-0.178,0.109,0.916,-91.46,61.17,19.23,1,imu01,fusion_20260818T183239Z,417,14104309,569560890165344
569560921000000,14124,-0.093,0.087,0.967,-17.46,12.46,7.93,1,imu01,fusion_20260818T183239Z,418,14124312,569560910167957
569560937000000,14144,-0.222,0.207,0.952,28.32,0.4,1.88,1,imu01,fusion_20260818T183239Z,419,14144309,569560930164571
569560953000000,14164,-0.132,0.207,0.753,23.95,-9.15,-3.0,1,imu01,fusion_20260818T183239Z,420,14164312,569560950167185
569560984000000,14184,-0.154,0.199,0.886,-23.19,25.07,-11.45,1,imu01,fusion_20260818T183239Z,421,14184309,569560970163799
569561000000000,14204,-0.115,0.184,0.906,-26.2,43.72,-6.11,1,imu01,fusion_20260818T183239Z,422,14204312,569560990166413
569561015000000,14224,-0.094,0.181,0.921,-9.19,37.74,-4.03,1,imu01,fusion_20260818T183239Z,423,14224309,569561010163027
569561046000000,14244,-0.085,0.158,0.933,-0.05,24.97,-6.47,1,imu01,fusion_20260818T183239Z,424,14244312,569561030165640
569561062000000,14264,-0.084,0.186,0.962,10.49,20.43,-8.98,1,imu01,fusion_20260818T183239Z,425,14264309,569561050162254
569561078000000,14284,-0.085,0.208,0.95,20.64,10.99,-8.77,1,imu01,fusion_20260818T183239Z,426,14284312,569561070164868
569561093000000,14304,-0.078,0.258,0.95,22.73,-1.31,-3.72,1,imu01,fusion_20260818T183239Z,427,14304309,569561090161482
569561125000000,14324,-0.071,0.225,0.899,10.31,-17.43,6.36,1,imu01,fusion_20260818T183239Z,428,14324312,569561110164096
569561140000000,14344,-0.052,0.178,0.927,5.61,-22.61,11.04,1,imu01,fusion_20260818T183239Z,429,14344309,569561130160710
569561156000000,14364,-0.09,0.21,0.961,-2.49,-13.97,1.5,1,imu01,fusion_20260818T183239Z,430,14364312,569561150163323
569561187000000,14384,-0.079,0.238,0.999,6.82,-1.93,-6.11,1,imu01,fusion_20260818T183239Z,431,14384309,569561170159937
569561203000000,14404,-0.12,0.321,1.085,12.43,-3.77,-6.76,1,imu01,fusion_20260818T183239Z,432,14404312,569561190162551
569561218000000,14424,-0.148,0.325,1.077,14.57,-15.37,-2.85,1,imu01,fusion_20260818T183239Z,433,14424309,569561210159165
569561234000000,14444,-0.15,0.313,1.038,13.9,-22.55,0.75,1,imu01,fusion_20260818T183239Z,434,14444312,569561230161778
569561265000000,14464,-0.115,0.274,0.985,8.13,-19.12,6.33,1,imu01,fusion_20260818T183239Z,435,14464309,569561250158392
569561281000000,14484,-0.116,0.254,0.913,7.03,-12.74,6.5,1,imu01,fusion_20260818T183239Z,436,14484312,569561270161006
569561296000000,14504,-0.087,0.238,0.924,7.86,-3.68,6.2,1,imu01,fusion_20260818T183239Z,437,14504309,569561290157620
569561312000000,14524,-0.025,0.229,0.954,1.77,2.52,5.36,1,imu01,fusion_20260818T183239Z,438,14524312,569561310160234
569561343000000,14544,-0.064,0.224,0.903,-5.74,0.53,2.5,1,imu01,fusion_20260818T183239Z,439,14544309,569561330156848
569561359000000,14564,-0.071,0.233,0.977,-16.13,0.26,1.79,1,imu01,fusion_20260818T183239Z,440,14564312,569561350159461
569561375000000,14584,-0.062,0.259,0.989,-26.31,-3.76,2.76,1,imu01,fusion_20260818T183239Z,441,14584309,569561370156075
569561406000000,14604,-0.048,0.257,1.014,-28.23,-9.96,-3.39,1,imu01,fusion_20260818T183239Z,442,14604312,569561390158689
569561421000000,14624,-0.072,0.26,1.027,-29.44,-2.51,-6.41,1,imu01,fusion_20260818T183239Z,443,14624309,569561410155303
569561437000000,14644,-0.103,0.267,1.061,-30.91,3.56,-7.19,1,imu01,fusion_20260818T183239Z,444,14644312,569561430157917
569561453000000,14664,-0.138,0.269,1.086,-27.71,5.77,-13.32,1,imu01,fusion_20260818T183239Z,445,14664309,569561450154530
569561484000000,14684,-0.146,0.26,1.105,-34.36,5.2,-17.55,1,imu01,fusion_20260818T183239Z,446,14684312,569561470157144
569561500000000,14704,-0.11,0.275,1.104,-46.04,7.84,-13.65,1,imu01,fusion_20260818T183239Z,447,14704309,569561490153758
569561515000000,14724,-0.111,0.266,1.179,-45.58,4.3,-8.15,1,imu01,fusion_20260818T183239Z,448,14724312,569561510156372
569561546000000,14744,-0.152,0.22,1.169,-48.9,-17.28,-10.33,1,imu01,fusion_20260818T183239Z,449,14744309,569561530152986
569561562000000,14764,-0.127,0.2,1.046,-43.18,-21.93,-13.58,1,imu01,fusion_20260818T183239Z,450,14764312,569561550155600
569561578000000,14784,-0.102,0.186,1.085,-28.53,-3.65,-14.72,1,imu01,fusion_20260818T183239Z,451,14784309,569561570152214
569561593000000,14804,-0.027,0.181,1.121,-16.36,10.1,-8.26,1,imu01,fusion_20260818T183239Z,452,14804312,569561590154827
569561625000000,14824,-0.031,0.185,1.07,0.35,6.04,-4.71,1,imu01,fusion_20260818T183239Z,453,14824309,569561610151441
569561640000000,14844,-0.019,0.15,1.045,11.24,-13.4,-1.96,1,imu01,fusion_20260818T183239Z,454,14844312,569561630154055
569561656000000,14864,0.001,0.119,0.982,18.82,-28.65,-2.38,1,imu01,fusion_20260818T183239Z,455,14864309,569561650150669
569561687000000,14884,0.015,0.106,0.923,26.48,-24.12,-5.1,1,imu01,fusion_20260818T183239Z,456,14884312,569561670153282
569561703000000,14904,-0.0,0.167,1.026,22.83,-17.27,-8.32,1,imu01,fusion_20260818T183239Z,457,14904309,569561690149896
569561718000000,14924,-0.029,0.156,0.994,17.57,-29.7,-9.77,1,imu01,fusion_20260818T183239Z,458,14924312,569561710152510
569561734000000,14944,-0.109,0.174,0.922,14.19,-38.87,-5.1,1,imu01,fusion_20260818T183239Z,459,14944309,569561730149124
569561765000000,14964,-0.101,0.189,0.785,0.17,-18.22,9.04,1,imu01,fusion_20260818T183239Z,460,14964312,569561750151738
569561781000000,14984,-0.06,0.189,0.793,-10.78,-1.31,12.82,1,imu01,fusion_20260818T183239Z,461,14984309,569561770148352
569561796000000,15004,-0.061,0.204,0.767,-18.53,1.74,18.23,1,imu01,fusion_20260818T183239Z,462,15004312,569561790150965
569561828000000,15024,-0.097,0.166,0.842,-28.01,10.83,21.58,1,imu01,fusion_20260818T183239Z,463,15024309,569561810147579
569561843000000,15044,-0.054,0.136,0.892,-34.6,27.76,31.77,1,imu01,fusion_20260818T183239Z,464,15044312,569561830150193
569561859000000,15064,0.005,0.033,0.933,-31.52,21.68,38.31,1,imu01,fusion_20260818T183239Z,465,15064309,569561850146807
569561875000000,15084,0.019,-0.053,1.003,-16.97,13.9,32.23,1,imu01,fusion_20260818T183239Z,466,15084312,569561870149421
569561906000000,15104,0.037,-0.034,0.958,-6.34,6.01,19.16,1,imu01,fusion_20260818T183239Z,467,15104309,569561890146034
569561921000000,15124,0.015,-0.0,0.938,-6.39,-0.52,7.34,1,imu01,fusion_20260818T183239Z,468,15124312,569561910148648
569561937000000,15144,-0.046,0.059,0.992,-12.3,-4.08,-6.06,1,imu01,fusion_20260818T183239Z,469,15144309,569561930145262
569561953000000,15164,-0.063,0.044,0.925,-10.49,-18.9,-7.2,1,imu01,fusion_20260818T183239Z,470,15164312,569561950147876
569561984000000,15184,-0.068,0.043,0.913,-9.1,-22.04,-7.42,1,imu01,fusion_20260818T183239Z,471,15184309,569561970144490
569562000000000,15204,-0.023,0.025,0.987,-8.62,-9.61,-9.88,1,imu01,fusion_20260818T183239Z,472,15204312,569561990147104
569562015000000,15224,-0.027,0.075,1.001,-1.07,2.35,-15.16,1,imu01,fusion_20260818T183239Z,473,15224309,569562010143718
569562046000000,15244,-0.039,0.084,0.981,-0.39,1.55,-17.94,1,imu01,fusion_20260818T183239Z,474,15244312,569562030146331
569562062000000,15264,-0.05,0.11,0.979,-5.56,2.17,-16.87,1,imu01,fusion_20260818T183239Z,475,15264309,569562050142945
569562078000000,15284,-0.049,0.084,1.016,-8.39,0.62,-10.22,1,imu01,fusion_20260818T183239Z,476,15284312,569562070145559
569562093000000,15304,-0.038,0.077,0.961,-5.59,-6.75,-6.32,1,imu01,fusion_20260818T183239Z,477,15304309,569562090142173
569562125000000,15324,-0.001,0.052,0.925,-2.91,-9.26,-6.02,1,imu01,fusion_20260818T183239Z,478,15324312,569562110144786
569562140000000,15344,0.004,0.031,0.908,-3.65,-8.5,-5.09,1,imu01,fusion_20260818T183239Z,479,15344309,569562130141400
569562156000000,15364,0.036,0.022,0.876,-3.58,-4.03,-4.71,1,imu01,fusion_20260818T183239Z,480,15364312,569562150144014
569562187000000,15384,0.028,0.02,0.905,-6.33,-2.51,-6.46,1,imu01,fusion_20260818T183239Z,481,15384309,569562170140628
569562203000000,15404,0.012,0.026,0.991,-8.26,-2.35,-9.73,1,imu01,fusion_20260818T183239Z,482,15404312,569562190143242
569562218000000,15424,-0.01,0.052,1.05,-6.04,-0.32,-10.73,1,imu01,fusion_20260818T183239Z,483,15424309,569562210139856
569562234000000,15444,-0.015,0.063,1.069,-4.02,4.32,-7.59,1,imu01,fusion_20260818T183239Z,484,15444312,569562230142469
569562265000000,15464,-0.024,0.078,1.068,-3.86,5.39,-3.12,1,imu01,fusion_20260818T183239Z,485,15464309,569562250139083
569562281000000,15484,-0.025,0.039,1.027,-4.13,0.21,-1.37,1,imu01,fusion_20260818T183239Z,486,15484312,569562270141697
569562296000000,15504,-0.017,0.01,1.028,-4.72,-3.93,-2.49,1,imu01,fusion_20260818T183239Z,487,15504309,569562290138311
569562328000000,15524,-0.03,0.052,1.051,-5.86,-3.38,-3.8,1,imu01,fusion_20260818T183239Z,488,15524312,569562310140925
569562343000000,15544,-0.053,0.046,0.976,-6.81,-2.08,-1.92,1,imu01,fusion_20260818T183239Z,489,15544309,569562330137538
569562359000000,15564,-0.017,0.024,0.998,-9.91,-3.84,1.07,1,imu01,fusion_20260818T183239Z,490,15564312,569562350140152
569562375000000,15584,-0.019,0.023,0.974,-8.52,-6.8,-0.91,1,imu01,fusion_20260818T183239Z,491,15584309,569562370136766
569562406000000,15604,-0.027,0.053,0.952,-6.14,-5.06,-3.08,1,imu01,fusion_20260818T183239Z,492,15604312,569562390139380
569562421000000,15624,-0.04,0.06,0.98,-4.16,-3.71,-4.02,1,imu01,fusion_20260818T183239Z,493,15624309,569562410135994
569562437000000,15644,-0.077,0.073,1.02,0.29,-7.77,-3.8,1,imu01,fusion_20260818T183239Z,494,15644312,569562430138608
569562453000000,15664,-0.047,0.058,1.037,7.32,-5.56,-2.73,1,imu01,fusion_20260818T183239Z,495,15664309,569562450135221
569562484000000,15684,-0.045,0.064,1.032,10.87,1.72,0.56,1,imu01,fusion_20260818T183239Z,496,15684312,569562470137835
569562500000000,15704,-0.031,0.041,1.047,8.2,4.64,1.24,1,imu01,fusion_20260818T183239Z,497,15704309,569562490134449
569562515000000,15724,-0.028,0.045,1.042,6.94,1.97,-2.1,1,imu01,fusion_20260818T183239Z,498,15724312,569562510137063
569562546000000,15744,-0.053,0.084,1.04,6.62,-2.76,-5.82,1,imu01,fusion_20260818T183239Z,499,15744309,569562530133677
569562562000000,15764,-0.045,0.079,0.996,3.19,-0.72,-3.61,1,imu01,fusion_20260818T183239Z,500,15764312,569562550136290
569562578000000,15784,-0.017,0.074,0.996,2.06,3.42,0.19,1,imu01,fusion_20260818T183239Z,501,15784309,569562570132904
569562593000000,15804,-0.025,0.048,1.012,0.77,4.31,1.58,1,imu01,fusion_20260818T183239Z,502,15804312,569562590135518
569562625000000,15824,-0.017,0.067,1.003,2.32,2.26,-0.45,1,imu01,fusion_20260818T183239Z,503,15824309,569562610132132
569562640000000,15844,-0.016,0.068,1.014,1.96,-0.13,-1.42,1,imu01,fusion_20260818T183239Z,504,15844312,569562630134746
569562656000000,15864,-0.026,0.079,1.0,3.72,-0.33,-0.28,1,imu01,fusion_20260818T183239Z,505,15864309,569562650131360
569562687000000,15884,-0.026,0.059,0.99,2.83,1.41,1.09,1,imu01,fusion_20260818T183239Z,506,15884312,569562670133973
569562703000000,15904,-0.025,0.06,0.999,2.47,1.65,1.45,1,imu01,fusion_20260818T183239Z,507,15904309,569562690130587
569562718000000,15924,-0.013,0.059,0.991,1.77,4.06,2.0,1,imu01,fusion_20260818T183239Z,508,15924312,569562710133201
569562734000000,15944,-0.019,0.043,1.0,-0.1,3.07,2.0,1,imu01,fusion_20260818T183239Z,509,15944309,569562730129815
569562765000000,15964,-0.018,0.06,0.986,-0.54,2.27,0.88,1,imu01,fusion_20260818T183239Z,510,15964311,569562750131429
569562781000000,15984,-0.001,0.062,1.017,-1.98,4.39,1.82,1,imu01,fusion_20260818T183239Z,511,15984309,569562770129042
569562796000000,16004,-0.023,0.049,0.989,-1.49,3.1,1.23,1,imu01,fusion_20260818T183239Z,512,16004312,569562790131656
569562828000000,16024,-0.027,0.066,1.04,-0.71,5.71,0.14,1,imu01,fusion_20260818T183239Z,513,16024309,569562810128270
569562843000000,16044,-0.045,0.065,1.006,-0.5,2.61,-0.21,1,imu01,fusion_20260818T183239Z,514,16044312,569562830130884
569562859000000,16064,-0.03,0.055,0.984,-1.59,0.91,1.56,1,imu01,fusion_20260818T183239Z,515,16064309,569562850127498
569562875000000,16084,-0.04,0.048,0.978,-2.88,1.18,2.6,1,imu01,fusion_20260818T183239Z,516,16084312,569562870130112
569562906000000,16104,-0.042,0.063,1.002,-2.4,3.43,1.71,1,imu01,fusion_20260818T183239Z,517,16104309,569562890126725
569562921000000,16124,-0.052,0.056,0.998,-0.49,2.41,0.87,1,imu01,fusion_20260818T183239Z,518,16124312,569562910129339
569562937000000,16144,-0.047,0.058,1.016,-1.05,2.25,1.94,1,imu01,fusion_20260818T183239Z,519,16144309,569562930125953
569562953000000,16164,-0.044,0.056,0.992,0.46,0.06,2.55,1,imu01,fusion_20260818T183239Z,520,16164312,569562950128567
569562984000000,16184,-0.043,0.054,0.979,0.34,-1.39,2.75,1,imu01,fusion_20260818T183239Z,521,16184309,569562970125181
569563000000000,16204,-0.039,0.048,0.98,-0.14,-1.74,2.47,1,imu01,fusion_20260818T183239Z,522,16204312,569562990127794
569563015000000,16224,-0.035,0.055,0.985,-0.38,-0.26,1.49,1,imu01,fusion_20260818T183239Z,523,16224309,569563010124408
569563046000000,16244,-0.041,0.054,0.989,2.24,1.38,1.42,1,imu01,fusion_20260818T183239Z,524,16244312,569563030127022
569563062000000,16264,-0.032,0.046,0.998,1.94,3.55,2.08,1,imu01,fusion_20260818T183239Z,525,16264309,569563050123636
569563078000000,16284,-0.043,0.057,0.997,1.12,3.65,1.91,1,imu01,fusion_20260818T183239Z,526,16284312,569563070126250
569563093000000,16304,-0.052,0.069,1.002,-1.24,3.02,1.64,1,imu01,fusion_20260818T183239Z,527,16304309,569563090122864
569563125000000,16324,-0.04,0.064,1.037,-2.66,0.58,1.39,1,imu01,fusion_20260818T183239Z,528,16324312,569563110125477
569563140000000,16344,-0.04,0.063,1.015,-0.81,-0.55,1.84,1,imu01,fusion_20260818T183239Z,529,16344309,569563130122091
569563156000000,16364,-0.04,0.068,1.002,0.48,3.07,1.74,1,imu01,fusion_20260818T183239Z,530,16364312,569563150124705
569563187000000,16384,-0.034,0.061,0.996,0.63,2.43,1.86,1,imu01,fusion_20260818T183239Z,531,16384309,569563170121319
569563203000000,16404,-0.026,0.059,0.992,0.86,-0.51,1.09,1,imu01,fusion_20260818T183239Z,532,16404312,569563190123933
569563218000000,16424,-0.03,0.055,0.988,1.37,-1.62,0.48,1,imu01,fusion_20260818T183239Z,533,16424309,569563210120546
569563234000000,16444,-0.034,0.064,0.999,-0.85,1.98,0.61,1,imu01,fusion_20260818T183239Z,534,16444312,569563230123160
569563265000000,16464,-0.043,0.071,1.0,0.13,4.62,1.13,1,imu01,fusion_20260818T183239Z,535,16464309,569563250119774
569563281000000,16484,-0.037,0.055,1.006,0.19,3.34,1.33,1,imu01,fusion_20260818T183239Z,536,16484312,569563270122388
569563296000000,16504,-0.034,0.055,1.009,0.62,2.44,0.83,1,imu01,fusion_20260818T183239Z,537,16504309,569563290119002
569563328000000,16524,-0.054,0.065,0.994,0.57,-1.56,-0.28,1,imu01,fusion_20260818T183239Z,538,16524312,569563310121616
569563343000000,16544,-0.047,0.063,1.001,-0.74,-0.65,1.09,1,imu01,fusion_20260818T183239Z,539,16544309,569563330118229
569563359000000,16564,-0.043,0.064,1.009,-0.21,0.06,1.82,1,imu01,fusion_20260818T183239Z,540,16564312,569563350120843
569563375000000,16584,-0.042,0.054,0.996,-0.03,-0.42,1.19,1,imu01,fusion_20260818T183239Z,541,16584309,569563370117457
569563406000000,16604,-0.047,0.063,0.992,0.8,-1.23,0.69,1,imu01,fusion_20260818T183239Z,542,16604312,569563390120071
569563421000000,16624,-0.051,0.063,0.993,1.47,-0.85,1.36,1,imu01,fusion_20260818T183239Z,543,16624309,569563410116685
569563437000000,16644,-0.045,0.051,0.984,0.91,-1.61,1.94,1,imu01,fusion_20260818T183239Z,544,16644312,569563430119298
569563453000000,16664,-0.035,0.053,0.978,1.09,-2.35,1.23,1,imu01,fusion_20260818T183239Z,545,16664309,569563450115912
569563484000000,16684,-0.048,0.054,0.973,1.33,-1.45,0.1,1,imu01,fusion_20260818T183239Z,546,16684312,569563470118526
569563500000000,16704,-0.044,0.058,1.006,1.22,-0.51,-1.04,1,imu01,fusion_20260818T183239Z,547,16704309,569563490115140
569563515000000,16724,-0.045,0.053,1.016,1.92,1.04,-1.12,1,imu01,fusion_20260818T183239Z,548,16724312,569563510117754
569563546000000,16744,-0.051,0.069,0.99,1.9,2.77,-1.45,1,imu01,fusion_20260818T183239Z,549,16744309,569563530114368
569563562000000,16764,-0.049,0.076,0.983,-0.34,3.11,-0.19,1,imu01,fusion_20260818T183239Z,550,16764312,569563550116981
569563578000000,16784,-0.043,0.068,0.97,-0.07,0.21,-0.66,1,imu01,fusion_20260818T183239Z,551,16784309,569563570113595
569563593000000,16804,-0.047,0.064,0.971,0.0,0.51,-0.63,1,imu01,fusion_20260818T183239Z,552,16804312,569563590116209
569563625000000,16824,-0.144,0.138,0.846,3.2,1.36,-4.19,1,imu01,fusion_20260818T183239Z,553,16824309,569563610112823
569563640000000,16844,-0.045,0.061,1.0,2.34,-2.36,-4.54,1,imu01,fusion_20260818T183239Z,554,16844312,569563630115437
569563656000000,16864,-0.031,0.085,1.011,4.68,-5.06,-5.26,1,imu01,fusion_20260818T183239Z,555,16864309,569563650112050
569563687000000,16884,-0.03,0.042,1.014,2.1,-10.83,-4.17,1,imu01,fusion_20260818T183239Z,556,16884312,569563670114664
569563703000000,16904,-0.046,0.061,0.978,2.39,-3.45,-3.83,1,imu01,fusion_20260818T183239Z,557,16904309,569563690111278
569563718000000,16924,-0.044,0.058,0.995,-0.18,-2.19,-3.25,1,imu01,fusion_20260818T183239Z,558,16924312,569563710113892
569563734000000,16944,-0.038,0.057,1.006,-0.44,2.0,-3.34,1,imu01,fusion_20260818T183239Z,559,16944309,569563730110506
569563765000000,16964,-0.053,0.075,1.014,0.86,0.65,-4.73,1,imu01,fusion_20260818T183239Z,560,16964312,569563750113120
569563781000000,16984,-0.044,0.077,1.029,0.25,1.05,-3.8,1,imu01,fusion_20260818T183239Z,561,16984309,569563770109733
569563796000000,17004,-0.044,0.076,1.021,0.07,0.62,-2.57,1,imu01,fusion_20260818T183239Z,562,17004312,569563790112347
569563828000000,17024,-0.026,0.067,1.026,0.58,1.99,-0.91,1,imu01,fusion_20260818T183239Z,563,17024309,569563810108961
569563843000000,17044,-0.025,0.058,1.013,0.48,1.68,-0.47,1,imu01,fusion_20260818T183239Z,564,17044312,569563830111575
569563859000000,17064,-0.018,0.056,1.002,0.83,2.28,-1.37,1,imu01,fusion_20260818T183239Z,565,17064309,569563850108189
569563875000000,17084,-0.019,0.062,0.999,0.41,1.2,-1.22,1,imu01,fusion_20260818T183239Z,566,17084312,569563870110802
569563906000000,17104,-0.014,0.064,0.991,0.59,-2.7,-1.91,1,imu01,fusion_20260818T183239Z,567,17104309,569563890107416
569563921000000,17124,-0.012,0.058,0.986,0.79,-4.9,-2.85,1,imu01,fusion_20260818T183239Z,568,17124312,569563910110030
569563937000000,17144,-0.041,0.067,0.984,0.96,-3.73,-4.32,1,imu01,fusion_20260818T183239Z,569,17144309,569563930106644
569563953000000,17164,-0.036,0.075,1.007,0.19,0.32,-4.52,1,imu01,fusion_20260818T183239Z,570,17164312,569563950109258
569563984000000,17184,-0.048,0.082,1.0,-1.01,-1.07,-3.87,1,imu01,fusion_20260818T183239Z,571,17184309,569563970105872
569564000000000,17204,-0.049,0.092,1.032,-2.3,0.71,-1.74,1,imu01,fusion_20260818T183239Z,572,17204312,569563990108485
569564015000000,17224,-0.049,0.091,1.029,-3.31,-2.26,0.35,1,imu01,fusion_20260818T183239Z,573,17224309,569564010105099
569564046000000,17244,-0.061,0.075,0.991,-1.78,-1.87,2.13,1,imu01,fusion_20260818T183239Z,574,17244312,569564030107713
569564062000000,17264,-0.045,0.061,1.0,-0.52,2.68,2.78,1,imu01,fusion_20260818T183239Z,575,17264309,569564050104327
569564078000000,17284,-0.035,0.064,0.998,-1.51,3.66,3.05,1,imu01,fusion_20260818T183239Z,576,17284312,569564070106941
569564093000000,17304,-0.038,0.063,0.991,-1.62,2.56,1.77,1,imu01,fusion_20260818T183239Z,577,17304309,569564090103554
569564125000000,17324,-0.048,0.073,0.991,-0.36,-1.19,0.5,1,imu01,fusion_20260818T183239Z,578,17324312,569564110106168
569564140000000,17344,-0.041,0.081,1.019,1.07,2.91,-0.08,1,imu01,fusion_20260818T183239Z,579,17344309,569564130102782
569564156000000,17364,-0.047,0.079,0.998,1.19,1.67,0.54,1,imu01,fusion_20260818T183239Z,580,17364312,569564150105396
569564187000000,17384,-0.04,0.072,0.987,0.48,0.58,1.27,1,imu01,fusion_20260818T183239Z,581,17384309,569564170102010
569564203000000,17404,-0.036,0.064,0.983,0.45,-4.26,1.1,1,imu01,fusion_20260818T183239Z,582,17404312,569564190104624
569564218000000,17424,-0.037,0.057,0.981,1.83,-1.47,0.22,1,imu01,fusion_20260818T183239Z,583,17424309,569564210101237
569564234000000,17444,-0.042,0.068,0.985,2.63,-0.61,-0.47,1,imu01,fusion_20260818T183239Z,584,17444312,569564230103851
569564265000000,17464,-0.047,0.068,0.98,1.85,-0.27,-0.17,1,imu01,fusion_20260818T183239Z,585,17464309,569564250100465
569564281000000,17484,-0.032,0.063,1.006,0.39,2.62,0.42,1,imu01,fusion_20260818T183239Z,586,17484312,569564270103079
569564296000000,17504,-0.042,0.074,1.029,-0.4,1.98,0.22,1,imu01,fusion_20260818T183239Z,587,17504309,569564290099693
569564328000000,17524,-0.043,0.071,1.021,-0.53,0.45,0.58,1,imu01,fusion_20260818T183239Z,588,17524312,569564310102306
569564343000000,17544,-0.041,0.062,1.013,0.41,1.42,1.15,1,imu01,fusion_20260818T183239Z,589,17544309,569564330098920
569564359000000,17564,-0.04,0.064,1.005,-0.2,2.7,1.55,1,imu01,fusion_20260818T183239Z,590,17564312,569564350101534
569564375000000,17584,-0.033,0.065,1.012,-1.23,1.21,1.77,1,imu01,fusion_20260818T183239Z,591,17584309,569564370098148
569564406000000,17604,-0.031,0.059,0.993,-1.78,-2.08,1.13,1,imu01,fusion_20260818T183239Z,592,17604312,569564390100762
569564421000000,17624,-0.036,0.052,0.981,-1.48,-1.06,0.99,1,imu01,fusion_20260818T183239Z,593,17624309,569564410097376
569564437000000,17644,-0.028,0.049,0.989,-1.64,3.01,0.54,1,imu01,fusion_20260818T183239Z,594,17644312,569564430099989
569564453000000,17664,-0.056,0.06,0.969,-0.47,3.2,-0.61,1,imu01,fusion_20260818T183239Z,595,17664309,569564450096603
569564484000000,17684,-0.045,0.062,0.983,-1.22,3.62,-0.6,1,imu01,fusion_20260818T183239Z,596,17684312,569564470099217
569564500000000,17704,-0.054,0.066,0.997,-1.76,1.64,-1.11,1,imu01,fusion_20260818T183239Z,597,17704309,569564490095831
569564515000000,17724,-0.052,0.07,0.988,-1.62,-0.25,-1.5,1,imu01,fusion_20260818T183239Z,598,17724312,569564510098444
569564546000000,17744,-0.059,0.073,0.983,-1.66,0.43,-0.85,1,imu01,fusion_20260818T183239Z,599,17744309,569564530095058
569564562000000,17764,-0.049,0.056,1.005,-1.03,4.89,0.58,1,imu01,fusion_20260818T183239Z,600,17764312,569564550097672
569564578000000,17784,-0.051,0.061,0.996,0.41,1.63,-0.8,1,imu01,fusion_20260818T183239Z,601,17784309,569564570094286
569564593000000,17804,-0.05,0.063,1.022,1.32,0.64,-1.97,1,imu01,fusion_20260818T183239Z,602,17804312,569564590096900
569564625000000,17824,-0.068,0.077,1.011,1.32,-2.65,-2.79,1,imu01,fusion_20260818T183239Z,603,17824309,569564610093514
569564640000000,17844,-0.047,0.074,1.006,0.56,0.19,-0.88,1,imu01,fusion_20260818T183239Z,604,17844312,569564630096128
569564656000000,17864,-0.047,0.066,0.992,0.9,-0.67,-0.74,1,imu01,fusion_20260818T183239Z,605,17864309,569564650092741
569564687000000,17884,-0.051,0.064,0.983,1.23,-0.36,-1.32,1,imu01,fusion_20260818T183239Z,606,17884312,569564670095355
569564703000000,17904,-0.051,0.071,0.981,-0.01,0.74,-1.45,1,imu01,fusion_20260818T183239Z,607,17904309,569564690091969
569564718000000,17924,-0.042,0.074,0.984,-0.8,1.07,-0.8,1,imu01,fusion_20260818T183239Z,608,17924312,569564710094583
569564734000000,17944,-0.05,0.072,0.986,-1.3,0.18,-0.52,1,imu01,fusion_20260818T183239Z,609,17944309,569564730091197
569564765000000,17964,-0.045,0.061,1.001,-1.5,1.87,-0.09,1,imu01,fusion_20260818T183239Z,610,17964311,569564750092810
569564781000000,17984,-0.051,0.059,0.973,-1.62,1.12,-0.34,1,imu01,fusion_20260818T183239Z,611,17984309,569564770090424
569564796000000,18004,-0.06,0.06,0.973,-2.01,-1.93,-0.94,1,imu01,fusion_20260818T183239Z,612,18004312,569564790093038
569564812000000,18024,-0.057,0.051,0.964,-2.39,-3.67,-1.39,1,imu01,fusion_20260818T183239Z,613,18024309,569564810089652
569564843000000,18044,-0.044,0.045,0.967,-3.01,1.29,-1.35,1,imu01,fusion_20260818T183239Z,614,18044312,569564830092266
569564859000000,18064,-0.045,0.048,0.943,-4.02,1.0,-2.06,1,imu01,fusion_20260818T183239Z,615,18064309,569564850088880
569564875000000,18084,-0.061,0.049,0.93,-5.11,1.43,-3.21,1,imu01,fusion_20260818T183239Z,616,18084312,569564870091493
569564906000000,18104,-0.045,0.046,0.923,-6.01,3.16,-2.34,1,imu01,fusion_20260818T183239Z,617,18104309,569564890088107
569564921000000,18124,-0.053,0.03,0.912,-6.49,3.68,-2.42,1,imu01,fusion_20260818T183239Z,618,18124312,569564910090721
569564937000000,18144,-0.077,0.04,0.93,-3.71,1.19,-5.53,1,imu01,fusion_20260818T183239Z,619,18144309,569564930087335
569564953000000,18164,-0.088,0.049,0.947,-0.26,3.7,-7.28,1,imu01,fusion_20260818T183239Z,620,18164312,569564950089948
569564984000000,18184,-0.104,0.068,0.973,2.54,7.81,-8.84,1,imu01,fusion_20260818T183239Z,621,18184309,569564970086562
569565000000000,18204,-0.113,0.089,1.012,3.63,14.23,-9.09,1,imu01,fusion_20260818T183239Z,622,18204312,569564990089176
569565015000000,18224,-0.138,0.09,1.02,3.87,13.35,-7.86,1,imu01,fusion_20260818T183239Z,623,18224309,569565010085790
569565046000000,18244,-0.135,0.103,1.018,3.86,9.0,-6.91,1,imu01,fusion_20260818T183239Z,624,18244312,569565030088404
569565062000000,18264,-0.12,0.093,1.0,-1.59,8.91,-2.63,1,imu01,fusion_20260818T183239Z,625,18264309,569565050085018
569565078000000,18284,-0.134,0.073,0.985,-4.22,7.69,-0.91,1,imu01,fusion_20260818T183239Z,626,18284312,569565070087632
569565093000000,18304,-0.114,0.07,0.993,-3.99,10.1,-1.33,1,imu01,fusion_20260818T183239Z,627,18304309,569565090084245
569565125000000,18324,-0.115,0.072,1.024,-5.81,16.33,-1.61,1,imu01,fusion_20260818T183239Z,628,18324312,569565110086859
569565140000000,18344,-0.121,0.084,1.047,-6.04,20.07,-2.5,1,imu01,fusion_20260818T183239Z,629,18344309,569565130083473
569565156000000,18364,-0.117,0.086,1.054,-7.12,21.17,-1.02,1,imu01,fusion_20260818T183239Z,630,18364312,569565150086087
569565187000000,18384,-0.105,0.072,1.048,-8.43,17.34,0.75,1,imu01,fusion_20260818T183239Z,631,18384309,569565170082701
569565203000000,18404,-0.102,0.064,1.039,-7.38,16.14,1.48,1,imu01,fusion_20260818T183239Z,632,18404312,569565190085314
569565218000000,18424,-0.1,0.047,1.024,-6.41,17.07,1.2,1,imu01,fusion_20260818T183239Z,633,18424309,569565210081928
569565234000000,18444,-0.102,0.04,0.997,-4.82,17.18,-0.23,1,imu01,fusion_20260818T183239Z,634,18444312,569565230084542
569565265000000,18464,-0.102,0.029,0.988,-4.06,15.5,-2.29,1,imu01,fusion_20260818T183239Z,635,18464309,569565250081156
569565281000000,18484,-0.113,0.016,0.979,-3.44,11.25,-4.59,1,imu01,fusion_20260818T183239Z,636,18484312,569565270083770
569565296000000,18504,-0.127,0.007,0.996,-2.69,9.29,-6.54,1,imu01,fusion_20260818T183239Z,637,18504309,569565290080384
569565328000000,18524,-0.112,-0.002,0.989,-0.17,7.66,-8.54,1,imu01,fusion_20260818T183239Z,638,18524312,569565310082997
569565343000000,18544,-0.129,-0.004,0.991,1.1,7.28,-10.36,1,imu01,fusion_20260818T183239Z,639,18544309,569565330079611
569565359000000,18564,-0.131,-0.003,0.989,2.84,6.06,-11.44,1,imu01,fusion_20260818T183239Z,640,18564312,569565350082225
569565375000000,18584,-0.153,0.008,1.008,5.43,2.47,-11.65,1,imu01,fusion_20260818T183239Z,641,18584309,569565370078839
569565406000000,18604,-0.159,0.008,1.021,8.52,-3.92,-11.09,1,imu01,fusion_20260818T183239Z,642,18604312,569565390081452
569565421000000,18624,-0.152,-0.007,1.033,8.21,-9.16,-9.03,1,imu01,fusion_20260818T183239Z,643,18624309,569565410078066
569565437000000,18644,-0.152,0.003,1.023,7.31,-11.62,-8.46,1,imu01,fusion_20260818T183239Z,644,18644312,569565430080680
569565453000000,18664,-0.143,0.024,1.003,7.12,-12.58,-7.34,1,imu01,fusion_20260818T183239Z,645,18664309,569565450077294
569565484000000,18684,-0.174,0.038,0.953,6.66,-16.43,-5.8,1,imu01,fusion_20260818T183239Z,646,18684312,569565470079908
569565500000000,18704,-0.155,0.028,0.964,3.19,-9.8,-1.77,1,imu01,fusion_20260818T183239Z,647,18704309,569565490076522
569565515000000,18724,-0.147,0.024,0.948,1.22,-2.96,2.36,1,imu01,fusion_20260818T183239Z,648,18724312,569565510079135
569565546000000,18744,-0.15,0.014,0.963,0.88,1.96,4.26,1,imu01,fusion_20260818T183239Z,649,18744309,569565530075749
569565562000000,18764,-0.149,0.035,0.953,3.72,3.71,4.2,1,imu01,fusion_20260818T183239Z,650,18764312,569565550078363
569565578000000,18784,-0.144,0.052,0.952,1.99,7.0,6.43,1,imu01,fusion_20260818T183239Z,651,18784309,569565570074977
569565593000000,18804,-0.133,0.061,0.943,-0.65,7.38,10.76,1,imu01,fusion_20260818T183239Z,652,18804312,569565590077591
569565625000000,18824,-0.136,0.053,0.931,-1.46,7.2,14.29,1,imu01,fusion_20260818T183239Z,653,18824309,569565610074205
569565640000000,18844,-0.146,0.049,0.951,0.27,8.45,16.04,1,imu01,fusion_20260818T183239Z,654,18844312,569565630076818
569565656000000,18864,-0.147,0.071,1.011,-0.58,15.6,18.53,1,imu01,fusion_20260818T183239Z,655,18864309,569565650073432
569565687000000,18884,-0.166,0.078,1.029,-0.37,19.07,23.18,1,imu01,fusion_20260818T183239Z,656,18884312,569565670076046
569565703000000,18904,-0.174,0.069,1.056,0.27,18.96,28.65,1,imu01,fusion_20260818T183239Z,657,18904309,569565690072660
569565718000000,18924,-0.164,0.045,1.052,0.64,7.74,33.2,1,imu01,fusion_20260818T183239Z,658,18924312,569565710075274
569565734000000,18944,-0.185,0.015,0.988,2.8,-4.13,35.39,1,imu01,fusion_20260818T183239Z,659,18944309,569565730071888
569565765000000,18964,-0.183,-0.014,0.951,3.33,-8.74,35.73,1,imu01,fusion_20260818T183239Z,660,18964312,569565750074501
569565781000000,18984,-0.182,-0.007,0.963,4.64,-10.87,33.08,1,imu01,fusion_20260818T183239Z,661,18984309,569565770071115
569565796000000,19004,-0.201,0.013,0.931,7.5,-15.84,29.37,1,imu01,fusion_20260818T183239Z,662,19004312,569565790073729
569565828000000,19024,-0.175,0.005,0.868,8.06,-12.98,29.82,1,imu01,fusion_20260818T183239Z,663,19024309,569565810070343
569565843000000,19044,-0.157,-0.017,0.949,2.68,-8.46,28.53,1,imu01,fusion_20260818T183239Z,664,19044312,569565830072956
569565859000000,19064,-0.11,-0.02,1.052,-0.06,-8.75,20.28,1,imu01,fusion_20260818T183239Z,665,19064309,569565850069570
569565875000000,19084,-0.106,0.032,1.118,0.21,-5.71,8.81,1,imu01,fusion_20260818T183239Z,666,19084312,569565870072184
569565906000000,19104,-0.141,0.098,1.116,2.19,-3.29,2.23,1,imu01,fusion_20260818T183239Z,667,19104309,569565890068798
569565921000000,19124,-0.162,0.111,1.041,5.37,-1.27,3.96,1,imu01,fusion_20260818T183239Z,668,19124312,569565910071412
569565937000000,19144,-0.135,0.072,0.98,5.83,0.91,8.53,1,imu01,fusion_20260818T183239Z,669,19144309,569565930068026
569565953000000,19164,-0.1,0.037,1.008,1.74,1.91,5.83,1,imu01,fusion_20260818T183239Z,670,19164312,569565950070639
569565984000000,19184,-0.079,0.05,1.032,-1.78,4.2,-4.06,1,imu01,fusion_20260818T183239Z,671,19184309,569565970067253
569566000000000,19204,-0.114,0.108,1.035,1.38,3.62,-16.36,1,imu01,fusion_20260818T183239Z,672,19204312,569565990069867
569566015000000,19224,-0.121,0.134,1.022,4.1,4.2,-21.82,1,imu01,fusion_20260818T183239Z,673,19224309,569566010066481
569566046000000,19244,-0.129,0.16,1.021,6.46,3.63,-23.26,1,imu01,fusion_20260818T183239Z,674,19244312,569566030069095
569566062000000,19264,-0.125,0.176,1.022,6.11,4.02,-21.94,1,imu01,fusion_20260818T183239Z,675,19264309,569566050065708
569566078000000,19284,-0.134,0.178,1.022,5.19,2.6,-18.03,1,imu01,fusion_20260818T183239Z,676,19284312,569566070068322
569566093000000,19304,-0.126,0.157,1.022,3.77,1.37,-12.38,1,imu01,fusion_20260818T183239Z,677,19304309,569566090064936
569566125000000,19324,-0.117,0.135,1.013,4.27,-0.13,-8.84,1,imu01,fusion_20260818T183239Z,678,19324312,569566110067550
569566140000000,19344,-0.131,0.13,0.987,3.72,-2.32,-6.58,1,imu01,fusion_20260818T183239Z,679,19344309,569566130064164
569566156000000,19364,-0.135,0.126,0.967,3.14,-3.88,-5.01,1,imu01,fusion_20260818T183239Z,680,19364312,569566150066778
569566187000000,19384,-0.127,0.108,0.94,1.54,-7.93,-4.55,1,imu01,fusion_20260818T183239Z,681,19384309,569566170063392
569566203000000,19404,-0.099,0.097,0.962,1.22,-10.06,-6.63,1,imu01,fusion_20260818T183239Z,682,19404312,569566190066005
569566218000000,19424,-0.085,0.096,0.961,2.35,-12.34,-10.98,1,imu01,fusion_20260818T183239Z,683,19424309,569566210062619
569566234000000,19444,-0.097,0.119,0.985,5.17,-10.3,-16.44,1,imu01,fusion_20260818T183239Z,684,19444312,569566230065233
569566265000000,19464,-0.097,0.147,0.994,4.92,-8.32,-18.25,1,imu01,fusion_20260818T183239Z,685,19464309,569566250061847
569566281000000,19484,-0.122,0.171,0.979,3.45,-9.29,-16.83,1,imu01,fusion_20260818T183239Z,686,19484312,569566270064460
569566296000000,19504,-0.119,0.155,0.936,-0.39,-10.67,-12.38,1,imu01,fusion_20260818T183239Z,687,19504309,569566290061074
569566328000000,19524,-0.111,0.137,0.929,-4.07,-8.58,-9.88,1,imu01,fusion_20260818T183239Z,688,19524312,569566310063688
569566343000000,19544,-0.098,0.123,0.944,-4.63,-5.87,-10.42,1,imu01,fusion_20260818T183239Z,689,19544309,569566330060302
569566359000000,19564,-0.095,0.109,0.979,-2.76,-4.16,-13.71,1,imu01,fusion_20260818T183239Z,690,19564312,569566350062916
569566375000000,19584,-0.117,0.118,0.993,-0.51,-5.71,-16.98,1,imu01,fusion_20260818T183239Z,691,19584309,569566370059530
569566406000000,19604,-0.141,0.119,1.005,-3.64,-9.32,-15.8,1,imu01,fusion_20260818T183239Z,692,19604312,569566390062143
569566421000000,19624,-0.144,0.112,0.978,-8.81,-14.71,-11.12,1,imu01,fusion_20260818T183239Z,693,19624309,569566410058757
569566437000000,19644,-0.114,0.068,0.967,-15.93,-14.76,-5.13,1,imu01,fusion_20260818T183239Z,694,19644312,569566430061371
569566453000000,19664,-0.094,-0.006,0.979,-20.45,-13.04,-4.09,1,imu01,fusion_20260818T183239Z,695,19664309,569566450057985
569566484000000,19684,-0.076,-0.048,1.04,-16.18,-13.78,-14.91,1,imu01,fusion_20260818T183239Z,696,19684312,569566470060599
569566500000000,19704,-0.077,-0.018,1.105,-11.4,-16.12,-34.09,1,imu01,fusion_20260818T183239Z,697,19704309,569566490057212
569566515000000,19724,-0.099,0.075,1.147,-12.3,-11.13,-45.43,1,imu01,fusion_20260818T183239Z,698,19724312,569566510059826
569566546000000,19744,-0.117,0.126,1.093,-15.62,0.03,-38.01,1,imu01,fusion_20260818T183239Z,699,19744309,569566530056440
569566562000000,19764,-0.116,0.078,0.95,-15.15,-4.37,-24.64,1,imu01,fusion_20260818T183239Z,700,19764312,569566550059054
569566578000000,19784,-0.074,0.012,0.879,-17.18,-9.45,-15.55,1,imu01,fusion_20260818T183239Z,701,19784309,569566570055668
569566593000000,19804,-0.022,0.006,0.929,-20.52,-10.74,-13.38,1,imu01,fusion_20260818T183239Z,702,19804312,569566590058282
569566625000000,19824,-0.011,-0.021,0.951,-21.01,-10.1,-13.58,1,imu01,fusion_20260818T183239Z,703,19824309,569566610054896
569566640000000,19844,-0.012,-0.005,1.004,-13.96,-7.84,-16.7,1,imu01,fusion_20260818T183239Z,704,19844312,569566630057509
569566656000000,19864,-0.007,0.007,1.031,-8.14,-6.4,-18.41,1,imu01,fusion_20260818T183239Z,705,19864309,569566650054123
569566687000000,19884,-0.013,0.012,1.01,-1.84,-4.29,-17.48,1,imu01,fusion_20260818T183239Z,706,19884312,569566670056737
569566703000000,19904,0.0,0.018,1.031,2.76,1.06,-13.59,1,imu01,fusion_20260818T183239Z,707,19904309,569566690053351
569566718000000,19924,0.03,-0.014,0.99,3.79,1.9,-7.53,1,imu01,fusion_20260818T183239Z,708,19924312,569566710055964
569566734000000,19944,0.028,-0.024,0.945,3.31,5.13,-3.48,1,imu01,fusion_20260818T183239Z,709,19944309,569566730052578
569566765000000,19964,0.011,-0.02,0.94,0.09,10.51,-0.02,1,imu01,fusion_20260818T183239Z,710,19964311,569566750054192
569566781000000,19984,-0.006,0.001,0.963,-1.91,10.95,0.48,1,imu01,fusion_20260818T183239Z,711,19984309,569566770051806
569566796000000,20004,-0.019,-0.003,1.01,-3.41,6.96,1.62,1,imu01,fusion_20260818T183239Z,712,20004312,569566790054420
569566828000000,20024,-0.026,-0.0,1.03,-2.01,0.97,2.85,1,imu01,fusion_20260818T183239Z,713,20024309,569566810051034
569566843000000,20044,-0.038,0.01,1.024,1.3,-2.45,3.49,1,imu01,fusion_20260818T183239Z,714,20044312,569566830053647
569566859000000,20064,-0.05,0.001,1.001,3.22,-6.0,4.92,1,imu01,fusion_20260818T183239Z,715,20064309,569566850050261
569566875000000,20084,-0.06,-0.012,0.995,2.5,-6.96,6.3,1,imu01,fusion_20260818T183239Z,716,20084312,569566870052875
569566906000000,20104,-0.053,-0.015,1.016,-0.82,-7.1,7.22,1,imu01,fusion_20260818T183239Z,717,20104309,569566890049489
569566921000000,20124,-0.05,-0.023,1.055,-1.87,-4.68,6.16,1,imu01,fusion_20260818T183239Z,718,20124312,569566910052103
569566937000000,20144,-0.044,-0.015,1.069,-0.01,-1.45,4.0,1,imu01,fusion_20260818T183239Z,719,20144309,569566930048716
569566953000000,20164,-0.06,0.012,1.062,2.18,2.55,2.87,1,imu01,fusion_20260818T183239Z,720,20164312,569566950051330
569566984000000,20184,-0.073,0.025,1.016,2.61,3.62,4.23,1,imu01,fusion_20260818T183239Z,721,20184309,569566970047944
569567000000000,20204,-0.063,0.012,0.983,-0.85,5.73,7.12,1,imu01,fusion_20260818T183239Z,722,20204312,569566990050558
569567015000000,20224,-0.071,0.028,0.976,-3.64,5.64,7.1,1,imu01,fusion_20260818T183239Z,723,20224309,569567010047172
569567046000000,20244,-0.078,0.026,0.985,-0.78,1.68,4.29,1,imu01,fusion_20260818T183239Z,724,20244312,569567030049786
569567062000000,20264,-0.1,0.037,1.004,4.32,-1.07,1.41,1,imu01,fusion_20260818T183239Z,725,20264309,569567050046399
569567078000000,20284,-0.1,0.048,1.012,7.46,-0.35,0.68,1,imu01,fusion_20260818T183239Z,726,20284312,569567070049013
569567093000000,20304,-0.098,0.052,1.03,8.07,-0.09,2.2,1,imu01,fusion_20260818T183239Z,727,20304309,569567090045627
569567125000000,20324,-0.098,0.053,1.015,7.75,-2.72,5.81,1,imu01,fusion_20260818T183239Z,728,20324312,569567110048241
569567140000000,20344,-0.083,0.039,0.989,5.93,-5.09,10.32,1,imu01,fusion_20260818T183239Z,729,20344309,569567130044855
569567156000000,20364,-0.063,0.009,0.969,2.67,-2.61,14.8,1,imu01,fusion_20260818T183239Z,730,20364312,569567150047468
569567187000000,20384,-0.052,-0.002,0.957,0.35,-2.2,15.4,1,imu01,fusion_20260818T183239Z,731,20384309,569567170044082
569567203000000,20404,-0.055,-0.023,0.976,-1.72,-1.06,13.86,1,imu01,fusion_20260818T183239Z,732,20404312,569567190046696
569567218000000,20424,-0.05,-0.025,0.982,-2.88,-1.52,10.31,1,imu01,fusion_20260818T183239Z,733,20424309,569567210043310
569567234000000,20444,-0.047,-0.016,1.047,-2.32,0.34,6.11,1,imu01,fusion_20260818T183239Z,734,20444312,569567230045924
569567265000000,20464,-0.054,-0.025,1.022,-0.78,-4.63,2.87,1,imu01,fusion_20260818T183239Z,735,20464309,569567250042538
569567281000000,20484,-0.072,0.011,1.019,2.37,-1.87,-1.13,1,imu01,fusion_20260818T183239Z,736,20484312,569567270045151
569567296000000,20504,-0.078,0.04,1.011,2.66,-0.87,-0.63,1,imu01,fusion_20260818T183239Z,737,20504309,569567290041765
569567328000000,20524,-0.097,0.06,0.979,3.2,-1.49,0.99,1,imu01,fusion_20260818T183239Z,738,20524312,569567310044379
569567343000000,20544,-0.078,0.048,0.948,3.18,-2.18,4.04,1,imu01,fusion_20260818T183239Z,739,20544309,569567330040993
569567359000000,20564,-0.06,0.027,0.965,2.44,-2.89,5.18,1,imu01,fusion_20260818T183239Z,740,20564312,569567350043607
569567375000000,20584,-0.063,0.029,0.978,2.45,-4.15,3.2,1,imu01,fusion_20260818T183239Z,741,20584309,569567370040220
569567406000000,20604,-0.064,0.05,1.008,2.71,-5.04,1.84,1,imu01,fusion_20260818T183239Z,742,20604312,569567390042834
569567421000000,20624,-0.062,0.051,1.007,3.4,-6.61,2.39,1,imu01,fusion_20260818T183239Z,743,20624309,569567410039448
569567437000000,20644,-0.053,0.038,0.988,3.87,-7.88,2.82,1,imu01,fusion_20260818T183239Z,744,20644312,569567430042062
569567453000000,20664,-0.04,0.029,0.997,4.87,-8.37,1.86,1,imu01,fusion_20260818T183239Z,745,20664309,569567450038676
569567484000000,20684,-0.043,0.024,0.997,4.75,-10.82,-0.38,1,imu01,fusion_20260818T183239Z,746,20684312,569567470041290
569567500000000,20704,-0.044,0.031,1.037,4.73,-7.8,-2.44,1,imu01,fusion_20260818T183239Z,747,20704309,569567490037903
569567515000000,20724,-0.064,0.048,1.024,4.89,-7.35,-3.57,1,imu01,fusion_20260818T183239Z,748,20724312,569567510040517
569567546000000,20744,-0.066,0.058,1.05,3.93,-2.74,-1.48,1,imu01,fusion_20260818T183239Z,749,20744309,569567530037131
569567562000000,20764,-0.071,0.04,1.03,2.7,-2.65,1.87,1,imu01,fusion_20260818T183239Z,750,20764312,569567550039745
569567578000000,20784,-0.067,0.022,1.009,0.6,-2.59,4.87,1,imu01,fusion_20260818T183239Z,751,20784309,569567570036359
569567593000000,20804,-0.051,-0.004,0.99,-0.87,-0.53,6.37,1,imu01,fusion_20260818T183239Z,752,20804312,569567590038972
569567625000000,20824,-0.054,-0.002,0.946,-1.77,0.73,5.95,1,imu01,fusion_20260818T183239Z,753,20824309,569567610035586
569567640000000,20844,-0.041,-0.006,0.914,-2.87,4.29,5.26,1,imu01,fusion_20260818T183239Z,754,20844312,569567630038200
569567656000000,20864,-0.045,-0.003,0.876,-4.21,4.6,2.82,1,imu01,fusion_20260818T183239Z,755,20864309,569567650034814
569567687000000,20884,-0.053,0.011,0.857,-6.55,3.78,0.55,1,imu01,fusion_20260818T183239Z,756,20884312,569567670037428
569567703000000,20904,-0.051,0.025,0.839,-8.87,6.31,-0.74,1,imu01,fusion_20260818T183239Z,757,20904309,569567690034042
569567718000000,20924,-0.072,0.041,0.827,-10.91,12.21,-0.81,1,imu01,fusion_20260818T183239Z,758,20924312,569567710036655
569567734000000,20944,-0.074,0.035,0.885,-11.59,17.42,-0.31,1,imu01,fusion_20260818T183239Z,759,20944309,569567730033269
569567765000000,20964,-0.065,0.025,0.916,-10.94,14.59,-2.03,1,imu01,fusion_20260818T183239Z,760,20964312,569567750035883
569567781000000,20984,-0.055,0.0,0.945,-9.79,12.11,-3.38,1,imu01,fusion_20260818T183239Z,761,20984309,569567770032497
569567796000000,21004,-0.068,0.018,0.957,-10.65,14.08,-3.98,1,imu01,fusion_20260818T183239Z,762,21004312,569567790035111
569567828000000,21024,-0.089,0.013,0.975,-14.26,22.19,-1.32,1,imu01,fusion_20260818T183239Z,763,21024309,569567810031724
569567843000000,21044,-0.09,0.005,1.023,-15.84,20.57,-0.13,1,imu01,fusion_20260818T183239Z,764,21044312,569567830034338
569567859000000,21064,-0.103,0.012,1.085,-12.17,14.91,-3.35,1,imu01,fusion_20260818T183239Z,765,21064309,569567850030952
569567875000000,21084,-0.114,0.013,1.107,-7.98,10.42,-6.85,1,imu01,fusion_20260818T183239Z,766,21084312,569567870033566
569567906000000,21104,-0.122,0.019,1.143,-4.67,7.12,-6.86,1,imu01,fusion_20260818T183239Z,767,21104309,569567890030180
569567921000000,21124,-0.119,0.006,1.158,-2.14,5.77,-4.84,1,imu01,fusion_20260818T183239Z,768,21124312,569567910032794
569567937000000,21144,-0.108,-0.005,1.165,-1.18,3.98,-2.09,1,imu01,fusion_20260818T183239Z,769,21144309,569567930029407
569567953000000,21164,-0.098,-0.002,1.142,-0.04,0.46,-0.07,1,imu01,fusion_20260818T183239Z,770,21164312,569567950032021
569567984000000,21184,-0.082,-0.017,1.082,0.71,-3.51,1.86,1,imu01,fusion_20260818T183239Z,771,21184309,569567970028635
569568000000000,21204,-0.07,-0.031,1.031,1.59,0.29,3.86,1,imu01,fusion_20260818T183239Z,772,21204312,569567990031249
569568015000000,21224,-0.065,-0.035,0.988,2.64,0.14,2.87,1,imu01,fusion_20260818T183239Z,773,21224309,569568010027863
569568046000000,21244,-0.064,-0.03,0.994,3.41,0.49,0.68,1,imu01,fusion_20260818T183239Z,774,21244312,569568030030476
569568062000000,21264,-0.063,-0.024,0.989,4.06,-1.8,-1.96,1,imu01,fusion_20260818T183239Z,775,21264309,569568050027090
569568078000000,21284,-0.074,-0.009,1.019,5.7,-3.31,-5.09,1,imu01,fusion_20260818T183239Z,776,21284312,569568070029704
569568093000000,21304,-0.082,0.006,1.016,6.41,-6.22,-6.77,1,imu01,fusion_20260818T183239Z,777,21304309,569568090026318
569568125000000,21324,-0.093,0.02,1.005,7.41,-9.87,-7.09,1,imu01,fusion_20260818T183239Z,778,21324312,569568110028932
569568140000000,21344,-0.098,0.017,0.998,7.34,-7.72,-5.9,1,imu01,fusion_20260818T183239Z,779,21344309,569568130025546
569568156000000,21364,-0.085,0.018,1.006,7.09,-6.14,-5.17,1,imu01,fusion_20260818T183239Z,780,21364312,569568150028159
569568187000000,21384,-0.094,0.027,0.997,7.84,-4.16,-5.48,1,imu01,fusion_20260818T183239Z,781,21384309,569568170024773
569568203000000,21404,-0.106,0.029,0.977,6.41,-4.28,-4.61,1,imu01,fusion_20260818T183239Z,782,21404312,569568190027387
569568218000000,21424,-0.095,0.034,0.991,4.94,-2.87,-3.64,1,imu01,fusion_20260818T183239Z,783,21424309,569568210024001
569568234000000,21444,-0.102,0.037,0.994,3.53,-4.53,-2.86,1,imu01,fusion_20260818T183239Z,784,21444312,569568230026615
569568265000000,21464,-0.093,0.039,0.99,3.31,-4.26,-2.54,1,imu01,fusion_20260818T183239Z,785,21464309,569568250023228
569568281000000,21484,-0.096,0.038,0.983,2.91,-2.64,-1.93,1,imu01,fusion_20260818T183239Z,786,21484312,569568270025842
569568296000000,21504,-0.09,0.033,0.988,2.67,-0.26,-0.67,1,imu01,fusion_20260818T183239Z,787,21504309,569568290022456
569568328000000,21524,-0.099,0.035,0.972,3.28,-2.61,-0.39,1,imu01,fusion_20260818T183239Z,788,21524312,569568310025070
569568343000000,21544,-0.082,0.024,0.973,2.04,-1.01,1.16,1,imu01,fusion_20260818T183239Z,789,21544309,569568330021684
569568359000000,21564,-0.085,0.016,0.978,0.81,0.15,1.88,1,imu01,fusion_20260818T183239Z,790,21564312,569568350024298
569568375000000,21584,-0.079,0.008,0.972,0.95,-2.48,0.87,1,imu01,fusion_20260818T183239Z,791,21584309,569568370020911
569568406000000,21604,-0.077,0.008,0.989,1.64,-2.05,-0.8,1,imu01,fusion_20260818T183239Z,792,21604312,569568390023525
569568421000000,21624,-0.083,0.01,0.983,1.3,-1.15,-1.73,1,imu01,fusion_20260818T183239Z,793,21624309,569568410020139
569568437000000,21644,-0.082,0.021,0.998,0.67,-2.32,-2.19,1,imu01,fusion_20260818T183239Z,794,21644312,569568430022753
569568453000000,21664,-0.077,0.009,1.007,0.43,0.14,-1.58,1,imu01,fusion_20260818T183239Z,795,21664309,569568450019367
569568484000000,21684,-0.08,0.011,1.012,1.71,-1.75,-2.61,1,imu01,fusion_20260818T183239Z,796,21684312,569568470021980
569568500000000,21704,-0.077,0.022,1.022,1.96,1.73,-2.4,1,imu01,fusion_20260818T183239Z,797,21704309,569568490018594
569568515000000,21724,-0.085,0.029,0.995,2.82,-2.03,-2.25,1,imu01,fusion_20260818T183239Z,798,21724312,569568510021208
569568546000000,21744,-0.068,0.024,0.99,2.39,-3.38,-1.35,1,imu01,fusion_20260818T183239Z,799,21744309,569568530017822
569568562000000,21764,-0.062,0.018,1.002,1.35,-2.32,-0.58,1,imu01,fusion_20260818T183239Z,800,21764312,569568550020436
569568578000000,21784,-0.065,0.026,0.988,1.61,-1.8,-1.15,1,imu01,fusion_20260818T183239Z,801,21784309,569568570017050
569568593000000,21804,-0.068,0.027,0.987,1.51,-2.18,-1.03,1,imu01,fusion_20260818T183239Z,802,21804312,569568590019663
569568625000000,21824,-0.069,0.022,0.991,1.06,-1.61,-1.08,1,imu01,fusion_20260818T183239Z,803,21824309,569568610016277
569568640000000,21844,-0.067,0.022,1.012,0.41,-2.08,-1.71,1,imu01,fusion_20260818T183239Z,804,21844312,569568630018891
569568656000000,21864,-0.074,0.037,1.008,0.03,-1.8,-2.27,1,imu01,fusion_20260818T183239Z,805,21864309,569568650015505
569568687000000,21884,-0.076,0.034,1.008,0.54,-2.29,-1.74,1,imu01,fusion_20260818T183239Z,806,21884312,569568670018119
569568703000000,21904,-0.065,0.018,0.999,0.41,-1.48,-1.02,1,imu01,fusion_20260818T183239Z,807,21904309,569568690014732
569568718000000,21924,-0.072,0.026,1.004,1.52,-0.71,-2.06,1,imu01,fusion_20260818T183239Z,808,21924312,569568710017346
569568734000000,21944,-0.081,0.025,0.997,2.28,-2.42,-2.59,1,imu01,fusion_20260818T183239Z,809,21944309,569568730013960
569568765000000,21964,-0.074,0.03,1.004,1.39,-2.1,-1.35,1,imu01,fusion_20260818T183239Z,810,21964311,569568750015574
569568781000000,21984,-0.07,0.029,1.005,-0.69,-2.74,0.3,1,imu01,fusion_20260818T183239Z,811,21984309,569568770013188
569568796000000,22004,-0.076,0.02,1.002,-0.84,-1.77,0.23,1,imu01,fusion_20260818T183239Z,812,22004312,569568790015802
569568828000000,22024,-0.072,0.023,0.988,0.91,-2.05,-0.25,1,imu01,fusion_20260818T183239Z,813,22024309,569568810012415
569568843000000,22044,-0.063,0.014,0.986,0.85,-0.24,-0.01,1,imu01,fusion_20260818T183239Z,814,22044312,569568830015029
569568859000000,22064,-0.066,0.021,0.997,0.88,-0.26,-0.2,1,imu01,fusion_20260818T183239Z,815,22064309,569568850011643
569568875000000,22084,-0.064,0.025,0.997,0.26,0.61,-0.83,1,imu01,fusion_20260818T183239Z,816,22084312,569568870014257
569568906000000,22104,-0.073,0.026,0.992,-0.42,-0.03,-0.59,1,imu01,fusion_20260818T183239Z,817,22104309,569568890010871
569568921000000,22124,-0.072,0.017,1.004,-1.81,2.61,-0.02,1,imu01,fusion_20260818T183239Z,818,22124312,569568910013484
569568937000000,22144,-0.071,0.022,1.004,-2.03,1.94,-0.51,1,imu01,fusion_20260818T183239Z,819,22144309,569568930010098
569568953000000,22164,-0.065,-0.013,0.981,-2.04,1.3,-1.05,1,imu01,fusion_20260818T183239Z,820,22164312,569568950012712
569568984000000,22184,-0.067,0.006,0.981,-2.63,-0.08,-0.43,1,imu01,fusion_20260818T183239Z,821,22184309,569568970009326
569569000000000,22204,-0.071,0.011,0.998,-1.92,1.4,-2.9,1,imu01,fusion_20260818T183239Z,822,22204312,569568990011940
569569015000000,22224,-0.079,0.028,1.021,-1.58,-0.27,-8.35,1,imu01,fusion_20260818T183239Z,823,22224309,569569010008554
569569046000000,22244,-0.096,0.042,0.994,-1.73,1.18,-9.43,1,imu01,fusion_20260818T183239Z,824,22244312,569569030011167
569569062000000,22264,-0.092,0.003,0.972,-2.45,1.0,-8.58,1,imu01,fusion_20260818T183239Z,825,22264309,569569050007781
569569078000000,22284,-0.077,0.021,1.011,-1.51,6.23,-8.14,1,imu01,fusion_20260818T183239Z,826,22284312,569569070010395
569569093000000,22304,-0.087,0.025,1.017,-0.75,3.33,-5.64,1,imu01,fusion_20260818T183239Z,827,22304309,569569090007009
569569125000000,22324,-0.096,0.043,0.982,1.82,0.94,-5.59,1,imu01,fusion_20260818T183239Z,828,22324312,569569110009622
569569140000000,22344,-0.11,0.045,0.972,1.38,1.73,-2.55,1,imu01,fusion_20260818T183239Z,829,22344309,569569130006236
569569156000000,22364,-0.099,0.04,0.975,1.09,2.79,0.52,1,imu01,fusion_20260818T183239Z,830,22364312,569569150008850
569569171000000,22384,-0.101,0.024,0.953,1.97,1.47,1.65,1,imu01,fusion_20260818T183239Z,831,22384309,569569170005464
569569203000000,22404,-0.083,0.015,0.965,0.8,-0.91,1.87,1,imu01,fusion_20260818T183239Z,832,22404312,569569190008078
569569218000000,22424,-0.08,0.012,0.942,-0.17,0.64,1.54,1,imu01,fusion_20260818T183239Z,833,22424309,569569210004692
569569234000000,22444,-0.077,0.015,0.965,-1.0,2.96,0.99,1,imu01,fusion_20260818T183239Z,834,22444312,569569230007306
569569265000000,22464,-0.094,0.029,0.952,-1.65,2.04,1.75,1,imu01,fusion_20260818T183239Z,835,22464309,569569250003919
569569281000000,22484,-0.093,0.025,0.939,-1.75,1.31,3.25,1,imu01,fusion_20260818T183239Z,836,22484312,569569270006533
569569296000000,22504,-0.094,0.012,0.939,-2.2,1.52,4.65,1,imu01,fusion_20260818T183239Z,837,22504309,569569290003147
569569312000000,22524,-0.065,0.029,0.955,0.03,4.3,2.16,1,imu01,fusion_20260818T183239Z,838,22524312,569569310005761
569569343000000,22544,-0.1,0.031,0.907,0.5,4.68,2.88,1,imu01,fusion_20260818T183239Z,839,22544309,569569330002375
569569359000000,22564,-0.099,0.022,0.898,1.51,5.13,3.69,1,imu01,fusion_20260818T183239Z,840,22564312,569569350004988
569569375000000,22584,-0.066,0.021,0.875,2.15,2.94,2.87,1,imu01,fusion_20260818T183239Z,841,22584309,569569370001602
569569406000000,22604,-0.111,0.029,0.805,2.82,3.37,3.2,1,imu01,fusion_20260818T183239Z,842,22604312,569569390004216
569569421000000,22624,-0.092,0.03,0.788,-0.73,5.77,5.37,1,imu01,fusion_20260818T183239Z,843,22624309,569569410000830
569569437000000,22644,-0.088,0.028,0.822,-2.98,7.85,6.32,1,imu01,fusion_20260818T183239Z,844,22644312,569569430003444
569569453000000,22664,-0.068,-0.001,0.867,-1.33,8.1,6.09,1,imu01,fusion_20260818T183239Z,845,22664309,569569450000058
569569484000000,22684,-0.116,0.035,0.88,2.82,13.62,3.85,1,imu01,fusion_20260818T183239Z,846,22684312,569569470002671
569569500000000,22704,-0.123,0.055,0.944,2.96,15.99,5.65,1,imu01,fusion_20260818T183239Z,847,22704309,569569489999285
569569515000000,22724,-0.125,0.054,0.974,3.27,8.54,8.52,1,imu01,fusion_20260818T183239Z,848,22724312,569569510001899
569569546000000,22744,-0.101,0.008,0.964,4.47,-1.19,11.47,1,imu01,fusion_20260818T183239Z,849,22744309,569569529998513
569569562000000,22764,-0.112,0.011,0.942,7.19,-4.14,11.2,1,imu01,fusion_20260818T183239Z,850,22764312,569569550001126
569569578000000,22784,-0.126,0.015,0.936,9.22,-0.45,10.94,1,imu01,fusion_20260818T183239Z,851,22784309,569569569997740
569569593000000,22804,-0.124,0.033,0.947,10.12,2.68,11.2,1,imu01,fusion_20260818T183239Z,852,22804312,569569590000354
569569625000000,22824,-0.112,0.031,0.935,9.47,1.81,11.79,1,imu01,fusion_20260818T183239Z,853,22824309,569569609996968
569569640000000,22844,-0.118,0.053,0.906,9.16,4.21,11.81,1,imu01,fusion_20260818T183239Z,854,22844312,569569629999582
569569656000000,22864,-0.092,0.031,0.937,6.95,7.37,12.13,1,imu01,fusion_20260818T183239Z,855,22864309,569569649996196
569569687000000,22884,-0.086,0.031,0.911,7.18,13.2,10.86,1,imu01,fusion_20260818T183239Z,856,22884312,569569669998810
569569703000000,22904,-0.128,0.036,0.899,6.06,16.07,7.52,1,imu01,fusion_20260818T183239Z,857,22904309,569569689995423
569569718000000,22924,-0.131,0.059,0.965,0.54,21.06,7.9,1,imu01,fusion_20260818T183239Z,858,22924312,569569709998037
569569734000000,22944,-0.141,0.039,1.05,-2.0,27.24,7.8,1,imu01,fusion_20260818T183239Z,859,22944309,569569729994651
569569765000000,22964,-0.165,0.062,1.113,3.43,34.57,6.39,1,imu01,fusion_20260818T183239Z,860,22964312,569569749997265
569569781000000,22984,-0.176,0.06,1.134,6.99,35.63,5.84,1,imu01,fusion_20260818T183239Z,861,22984309,569569769993879
569569796000000,23004,-0.184,0.038,1.072,6.82,29.45,5.91,1,imu01,fusion_20260818T183239Z,862,23004312,569569789996492
569569828000000,23024,-0.192,0.046,1.071,0.82,20.98,3.62,1,imu01,fusion_20260818T183239Z,863,23024309,569569809993106
569569843000000,23044,-0.218,0.068,1.134,-10.31,17.49,1.89,1,imu01,fusion_20260818T183239Z,864,23044312,569569829995720
569569859000000,23064,-0.254,0.113,1.12,-16.19,16.08,5.96,1,imu01,fusion_20260818T183239Z,865,23064309,569569849992334
569569875000000,23084,-0.215,0.078,1.089,-25.66,7.41,16.12,1,imu01,fusion_20260818T183239Z,866,23084312,569569869994948
569569906000000,23104,-0.226,0.022,0.994,-28.36,-6.71,19.84,1,imu01,fusion_20260818T183239Z,867,23104309,569569889991562
569569921000000,23124,-0.22,-0.01,0.984,-26.3,-12.55,16.62,1,imu01,fusion_20260818T183239Z,868,23124312,569569909994175
569569937000000,23144,-0.245,0.032,0.985,-18.11,-13.31,8.64,1,imu01,fusion_20260818T183239Z,869,23144309,569569929990789
569569953000000,23164,-0.213,0.025,1.03,-15.2,-7.56,7.52,1,imu01,fusion_20260818T183239Z,870,23164312,569569949993403
569569984000000,23184,-0.207,0.056,1.04,-7.74,-8.94,6.66,1,imu01,fusion_20260818T183239Z,871,23184309,569569969990017
569570000000000,23204,-0.229,0.06,0.986,2.38,-10.79,9.04,1,imu01,fusion_20260818T183239Z,872,23204312,569569989992630
569570015000000,23224,-0.2,0.026,1.007,6.96,-8.2,12.26,1,imu01,fusion_20260818T183239Z,873,23224309,569570009989244
569570046000000,23244,-0.206,0.019,0.963,11.8,-6.92,10.8,1,imu01,fusion_20260818T183239Z,874,23244312,569570029991858
569570062000000,23264,-0.209,0.018,0.978,10.82,-9.35,8.12,1,imu01,fusion_20260818T183239Z,875,23264309,569570049988472
569570078000000,23284,-0.175,-0.012,1.004,5.25,-11.3,5.19,1,imu01,fusion_20260818T183239Z,876,23284312,569570069991086
569570093000000,23304,-0.202,0.05,1.009,4.32,-12.58,-0.55,1,imu01,fusion_20260818T183239Z,877,23304309,569570089987700
569570125000000,23324,-0.229,0.071,1.021,3.8,-9.34,-0.63,1,imu01,fusion_20260818T183239Z,878,23324312,569570109990313
569570140000000,23344,-0.205,0.05,1.064,-0.01,-6.46,3.91,1,imu01,fusion_20260818T183239Z,879,23344309,569570129986927
569570156000000,23364,-0.185,0.017,1.031,0.06,-9.05,4.53,1,imu01,fusion_20260818T183239Z,880,23364312,569570149989541
569570187000000,23384,-0.188,0.025,1.035,-7.07,-6.33,1.58,1,imu01,fusion_20260818T183239Z,881,23384309,569570169986155
569570203000000,23404,-0.187,0.034,1.059,-18.04,0.45,0.2,1,imu01,fusion_20260818T183239Z,882,23404312,569570189988769
569570218000000,23424,-0.207,0.023,1.035,-22.4,2.14,1.29,1,imu01,fusion_20260818T183239Z,883,23424309,569570209985383
569570234000000,23444,-0.224,-0.001,1.035,-21.72,-2.16,3.02,1,imu01,fusion_20260818T183239Z,884,23444312,569570229987996
569570265000000,23464,-0.175,-0.004,1.103,-20.05,-2.74,3.38,1,imu01,fusion_20260818T183239Z,885,23464309,569570249984610
569570281000000,23484,-0.171,0.043,1.011,-15.84,-2.66,3.64,1,imu01,fusion_20260818T183239Z,886,23484312,569570269987224
569570296000000,23504,-0.15,0.06,0.999,-18.93,-0.14,8.01,1,imu01,fusion_20260818T183239Z,887,23504309,569570289983838
569570328000000,23524,-0.126,0.078,1.065,-20.08,2.49,10.98,1,imu01,fusion_20260818T183239Z,888,23524312,569570309986452
569570343000000,23544,-0.075,0.029,1.051,-15.55,-8.42,10.03,1,imu01,fusion_20260818T183239Z,889,23544309,569570329983066
569570359000000,23564,-0.041,0.02,1.018,-5.59,-13.03,3.37,1,imu01,fusion_20260818T183239Z,890,23564312,569570349985679
569570375000000,23584,-0.034,0.002,0.972,2.15,-12.71,-3.4,1,imu01,fusion_20260818T183239Z,891,23584309,569570369982293
569570406000000,23604,0.014,-0.035,1.03,2.86,-10.64,-9.8,1,imu01,fusion_20260818T183239Z,892,23604312,569570389984907
569570421000000,23624,0.027,-0.052,1.025,5.13,-1.95,-16.97,1,imu01,fusion_20260818T183239Z,893,23624309,569570409981521
569570437000000,23644,-0.025,-0.003,1.052,17.42,6.07,-27.8,1,imu01,fusion_20260818T183239Z,894,23644312,569570429984134
569570453000000,23664,-0.06,0.031,1.05,31.81,-1.08,-35.35,1,imu01,fusion_20260818T183239Z,895,23664309,569570449980748
569570484000000,23684,-0.066,0.028,1.011,40.0,-13.44,-34.78,1,imu01,fusion_20260818T183239Z,896,23684312,569570469983362
569570500000000,23704,-0.092,0.019,0.997,36.38,-15.66,-28.84,1,imu01,fusion_20260818T183239Z,897,23704309,569570489979976
569570515000000,23724,-0.087,0.045,1.049,18.9,-1.71,-15.57,1,imu01,fusion_20260818T183239Z,898,23724312,569570509982590
569570546000000,23744,-0.069,0.015,1.028,3.07,-1.16,-3.71,1,imu01,fusion_20260818T183239Z,899,23744309,569570529979204
569570562000000,23764,-0.067,-0.024,0.957,-3.1,-11.82,-0.22,1,imu01,fusion_20260818T183239Z,900,23764312,569570549981817
569570578000000,23784,-0.067,-0.016,0.907,-4.39,-13.39,-3.44,1,imu01,fusion_20260818T183239Z,901,23784309,569570569978431
569570593000000,23804,-0.081,0.008,0.888,-5.52,-14.04,-8.57,1,imu01,fusion_20260818T183239Z,902,23804312,569570589981045
569570625000000,23824,-0.086,0.033,0.92,-8.31,-13.64,-12.37,1,imu01,fusion_20260818T183239Z,903,23824309,569570609977659
569570640000000,23844,-0.072,0.046,0.924,-8.37,-10.67,-12.26,1,imu01,fusion_20260818T183239Z,904,23844312,569570629980273
569570656000000,23864,-0.097,0.034,0.93,-8.2,-7.46,-9.27,1,imu01,fusion_20260818T183239Z,905,23864309,569570649976886
569570687000000,23884,-0.099,-0.01,1.0,-9.67,-2.61,-3.51,1,imu01,fusion_20260818T183239Z,906,23884312,569570669979500
569570703000000,23904,-0.092,-0.034,1.081,-11.04,9.52,1.83,1,imu01,fusion_20260818T183239Z,907,23904309,569570689976114
569570718000000,23924,-0.098,0.0,1.095,-11.34,18.88,5.07,1,imu01,fusion_20260818T183239Z,908,23924312,569570709978728
569570734000000,23944,-0.071,-0.031,1.085,-12.55,14.31,10.55,1,imu01,fusion_20260818T183239Z,909,23944309,569570729975342
569570765000000,23964,-0.051,-0.089,1.08,-10.01,-5.72,11.4,1,imu01,fusion_20260818T183239Z,910,23964311,569570749976956
569570781000000,23984,-0.06,-0.086,1.03,-6.54,-18.19,6.78,1,imu01,fusion_20260818T183239Z,911,23984309,569570769974570
569570796000000,24004,-0.099,-0.009,0.963,-3.5,-24.66,1.48,1,imu01,fusion_20260818T183239Z,912,24004312,569570789977183
569570828000000,24024,-0.052,-0.012,1.069,-3.29,-22.61,2.4,1,imu01,fusion_20260818T183239Z,913,24024309,569570809973797
569570843000000,24044,-0.057,-0.005,1.033,-1.3,-19.35,4.1,1,imu01,fusion_20260818T183239Z,914,24044312,569570829976411
569570859000000,24064,-0.05,-0.019,1.0,-1.51,-18.26,5.05,1,imu01,fusion_20260818T183239Z,915,24064309,569570849973025
569570875000000,24084,-0.028,-0.05,1.013,-5.2,-11.9,5.2,1,imu01,fusion_20260818T183239Z,916,24084312,569570869975638
569570906000000,24104,-0.046,-0.055,1.024,-5.2,-11.44,0.02,1,imu01,fusion_20260818T183239Z,917,24104309,569570889972252
569570921000000,24124,-0.065,-0.036,1.03,-3.49,-9.48,-4.71,1,imu01,fusion_20260818T183239Z,918,24124312,569570909974866
569570937000000,24144,-0.084,-0.032,1.019,-2.15,-8.25,-5.88,1,imu01,fusion_20260818T183239Z,919,24144309,569570929971480
569570953000000,24164,-0.07,-0.034,1.012,-1.39,-7.81,-5.27,1,imu01,fusion_20260818T183239Z,920,24164312,569570949974094
569570984000000,24184,-0.077,-0.028,0.992,0.7,-9.78,-5.04,1,imu01,fusion_20260818T183239Z,921,24184309,569570969970708
569571000000000,24204,-0.06,-0.027,0.971,2.77,-9.83,-4.84,1,imu01,fusion_20260818T183239Z,922,24204312,569570989973321
569571015000000,24224,-0.055,-0.029,0.954,4.65,-9.35,-5.03,1,imu01,fusion_20260818T183239Z,923,24224309,569571009969935
569571046000000,24244,-0.039,-0.027,0.972,5.88,-7.7,-6.38,1,imu01,fusion_20260818T183239Z,924,24244312,569571029972549
569571062000000,24264,-0.035,-0.005,0.962,6.7,-7.37,-8.51,1,imu01,fusion_20260818T183239Z,925,24264309,569571049969163
569571078000000,24284,-0.04,0.009,0.962,5.29,-5.68,-8.35,1,imu01,fusion_20260818T183239Z,926,24284312,569571069971777
569571093000000,24304,-0.05,0.012,0.985,4.11,-5.6,-6.82,1,imu01,fusion_20260818T183239Z,927,24304309,569571089968390
569571125000000,24324,-0.059,0.015,0.987,3.66,-4.0,-4.38,1,imu01,fusion_20260818T183239Z,928,24324312,569571109971004
569571140000000,24344,-0.038,0.002,1.015,2.09,3.24,-2.26,1,imu01,fusion_20260818T183239Z,929,24344309,569571129967618
569571156000000,24364,-0.054,0.004,1.012,2.02,9.04,-1.42,1,imu01,fusion_20260818T183239Z,930,24364312,569571149970232
569571187000000,24384,-0.048,0.011,1.032,2.29,6.19,-2.22,1,imu01,fusion_20260818T183239Z,931,24384309,569571169966846
569571203000000,24404,-0.05,0.018,1.019,1.03,0.78,-1.77,1,imu01,fusion_20260818T183239Z,932,24404312,569571189969460
569571218000000,24424,-0.039,0.016,1.036,-0.91,0.53,-0.23,1,imu01,fusion_20260818T183239Z,933,24424309,569571209966074
569571234000000,24444,-0.047,0.007,1.019,-0.65,2.07,0.87,1,imu01,fusion_20260818T183239Z,934,24444312,569571229968687
569571265000000,24464,-0.034,-0.004,1.012,-0.11,0.87,2.13,1,imu01,fusion_20260818T183239Z,935,24464309,569571249965301
569571281000000,24484,-0.026,-0.023,1.004,0.05,0.2,2.2,1,imu01,fusion_20260818T183239Z,936,24484312,569571269967915
569571296000000,24504,-0.04,-0.016,1.004,-0.28,-0.98,1.08,1,imu01,fusion_20260818T183239Z,937,24504309,569571289964529
569571312000000,24524,-0.03,-0.005,1.019,-0.49,-1.46,-0.9,1,imu01,fusion_20260818T183239Z,938,24524312,569571309967142
569571343000000,24544,-0.047,-0.004,0.977,-0.87,-3.51,-0.91,1,imu01,fusion_20260818T183239Z,939,24544309,569571329963756
569571359000000,24564,-0.048,-0.002,0.984,-1.34,0.78,-0.6,1,imu01,fusion_20260818T183239Z,940,24564312,569571349966370
569571375000000,24584,-0.052,0.009,1.004,-1.33,2.27,-0.85,1,imu01,fusion_20260818T183239Z,941,24584309,569571369962984
569571406000000,24604,-0.061,0.012,1.006,0.53,-0.97,-1.55,1,imu01,fusion_20260818T183239Z,942,24604312,569571389965598
569571421000000,24624,-0.045,0.006,1.015,0.89,-2.9,-1.38,1,imu01,fusion_20260818T183239Z,943,24624309,569571409962212
569571437000000,24644,-0.071,0.03,1.017,2.1,-3.33,-1.56,1,imu01,fusion_20260818T183239Z,944,24644312,569571429964825
569571453000000,24664,-0.059,0.024,1.019,1.37,-5.34,0.72,1,imu01,fusion_20260818T183239Z,945,24664309,569571449961439
569571484000000,24684,-0.042,-0.004,1.005,1.07,-6.83,2.75,1,imu01,fusion_20260818T183239Z,946,24684312,569571469964053
569571500000000,24704,-0.036,-0.014,1.009,1.81,-5.64,2.35,1,imu01,fusion_20260818T183239Z,947,24704309,569571489960667
569571515000000,24724,-0.026,-0.017,1.026,2.47,-3.05,1.25,1,imu01,fusion_20260818T183239Z,948,24724312,569571509963281
569571546000000,24744,-0.021,-0.011,1.023,3.71,-7.77,-1.56,1,imu01,fusion_20260818T183239Z,949,24744309,569571529959894
569571562000000,24764,-0.018,-0.002,1.02,3.65,-14.55,-3.36,1,imu01,fusion_20260818T183239Z,950,24764312,569571549962508
569571578000000,24784,-0.002,-0.006,1.028,3.41,-18.26,-5.59,1,imu01,fusion_20260818T183239Z,951,24784309,569571569959122
569571593000000,24804,-0.003,-0.024,0.974,3.8,-25.87,-12.39,1,imu01,fusion_20260818T183239Z,952,24804312,569571589961736
569571625000000,24824,0.008,-0.022,0.99,2.42,-26.19,-12.19,1,imu01,fusion_20260818T183239Z,953,24824309,569571609958350
569571640000000,24844,0.029,-0.021,0.998,0.87,-21.87,-8.98,1,imu01,fusion_20260818T183239Z,954,24844312,569571629960964
569571656000000,24864,-0.006,-0.017,0.961,0.88,-19.61,-8.37,1,imu01,fusion_20260818T183239Z,955,24864309,569571649957577
569571687000000,24884,0.039,-0.006,0.967,0.13,-17.13,-7.23,1,imu01,fusion_20260818T183239Z,956,24884312,569571669960191
569571703000000,24904,0.025,-0.006,0.998,-3.81,-14.36,-6.6,1,imu01,fusion_20260818T183239Z,957,24904309,569571689956805
569571718000000,24924,0.035,-0.013,0.976,-6.07,-13.22,-7.55,1,imu01,fusion_20260818T183239Z,958,24924312,569571709959419
569571734000000,24944,0.02,0.003,0.991,-7.22,-12.42,-8.12,1,imu01,fusion_20260818T183239Z,959,24944309,569571729956033
569571765000000,24964,0.028,-0.001,1.04,-7.08,-13.57,-9.26,1,imu01,fusion_20260818T183239Z,960,24964312,569571749958646
569571781000000,24984,0.042,-0.004,1.006,-4.87,-18.56,-11.44,1,imu01,fusion_20260818T183239Z,961,24984309,569571769955260
569571796000000,25004,0.025,0.009,1.0,-2.48,-18.38,-8.03,1,imu01,fusion_20260818T183239Z,962,25004312,569571789957874
569571812000000,25024,0.03,0.012,1.005,-1.46,-16.29,-8.4,1,imu01,fusion_20260818T183239Z,963,25024309,569571809954488
569571843000000,25044,0.049,-0.007,0.978,-2.48,-11.6,-4.59,1,imu01,fusion_20260818T183239Z,964,25044312,569571829957102
569571859000000,25064,0.045,0.009,0.997,-2.93,-7.42,-2.33,1,imu01,fusion_20260818T183239Z,965,25064309,569571849953716
569571875000000,25084,0.048,0.002,0.994,-3.93,-5.86,-1.23,1,imu01,fusion_20260818T183239Z,966,25084312,569571869956329
569571906000000,25104,0.064,-0.013,0.998,-5.93,-6.8,-1.42,1,imu01,fusion_20260818T183239Z,967,25104309,569571889952943
569571921000000,25124,0.078,-0.014,1.001,-7.3,-11.23,-5.46,1,imu01,fusion_20260818T183239Z,968,25124312,569571909955557
569571937000000,25144,-0.123,0.219,1.03,-7.57,-16.03,-6.17,1,imu01,fusion_20260818T183239Z,969,25144309,569571929952171
569571968000000,25164,0.113,-0.075,0.981,-20.77,-35.77,29.82,1,imu01,fusion_20260818T183239Z,970,25164312,569571949954785
569571984000000,25184,0.108,-0.014,0.992,-5.91,-38.51,1.52,1,imu01,fusion_20260818T183239Z,971,25184309,569571969951398
569572000000000,25204,0.115,-0.02,0.988,-1.97,-28.09,0.17,1,imu01,fusion_20260818T183239Z,972,25204312,569571989954012
569572015000000,25224,0.117,-0.033,0.979,-1.58,-24.22,0.53,1,imu01,fusion_20260818T183239Z,973,25224309,569572009950626
569572046000000,25244,0.116,-0.03,0.994,0.86,-9.84,-1.32,1,imu01,fusion_20260818T183239Z,974,25244312,569572029953240
569572062000000,25264,0.124,-0.031,1.01,0.66,3.42,-1.03,1,imu01,fusion_20260818T183239Z,975,25264309,569572049949854
569572078000000,25284,0.117,-0.02,1.01,1.25,10.97,1.58,1,imu01,fusion_20260818T183239Z,976,25284312,569572069952468
569572093000000,25304,0.107,-0.02,0.995,1.06,11.01,3.29,1,imu01,fusion_20260818T183239Z,977,25304309,569572089949081
569572125000000,25324,0.11,-0.031,1.0,1.03,10.65,4.45,1,imu01,fusion_20260818T183239Z,978,25324312,569572109951695
569572140000000,25344,0.102,-0.017,1.008,1.84,11.67,5.0,1,imu01,fusion_20260818T183239Z,979,25344309,569572129948309
569572156000000,25364,0.105,-0.027,1.012,3.21,12.75,7.29,1,imu01,fusion_20260818T183239Z,980,25364312,569572149950923
569572171000000,25384,0.104,-0.029,1.015,2.25,13.13,9.62,1,imu01,fusion_20260818T183239Z,981,25384309,569572169947537
569572203000000,25404,0.078,-0.013,1.009,3.38,10.69,7.94,1,imu01,fusion_20260818T183239Z,982,25404312,569572189950150
569572218000000,25424,0.097,-0.022,1.0,4.18,9.33,6.04,1,imu01,fusion_20260818T183239Z,983,25424309,569572209946764
569572234000000,25444,0.084,-0.027,0.987,4.9,6.78,5.26,1,imu01,fusion_20260818T183239Z,984,25444312,569572229949378
569572265000000,25464,0.085,-0.02,0.994,6.09,5.87,3.89,1,imu01,fusion_20260818T183239Z,985,25464309,569572249945992
569572281000000,25484,0.078,-0.025,0.988,7.0,4.26,3.2,1,imu01,fusion_20260818T183239Z,986,25484312,569572269948606
569572296000000,25504,0.083,-0.02,1.007,6.21,2.5,1.75,1,imu01,fusion_20260818T183239Z,987,25504309,569572289945220
569572312000000,25524,0.066,-0.008,1.002,6.58,0.06,0.32,1,imu01,fusion_20260818T183239Z,988,25524312,569572309947833
569572343000000,25544,0.07,-0.0,1.011,4.98,-0.7,0.48,1,imu01,fusion_20260818T183239Z,989,25544309,569572329944447
569572359000000,25564,0.067,-0.008,1.008,3.11,1.55,1.78,1,imu01,fusion_20260818T183239Z,990,25564312,569572349947061
569572375000000,25584,0.084,-0.011,1.007,1.09,2.48,2.97,1,imu01,fusion_20260818T183239Z,991,25584309,569572369943675
569572406000000,25604,0.087,-0.021,1.002,0.66,0.3,2.45,1,imu01,fusion_20260818T183239Z,992,25604312,569572389946289
569572421000000,25624,0.082,-0.016,1.009,0.7,-1.01,1.46,1,imu01,fusion_20260818T183239Z,993,25624309,569572409942902
569572437000000,25644,0.077,-0.011,1.01,0.71,-1.27,1.08,1,imu01,fusion_20260818T183239Z,994,25644312,569572429945516
569572453000000,25664,0.083,-0.014,1.011,0.66,-0.45,1.3,1,imu01,fusion_20260818T183239Z,995,25664309,569572449942130
569572484000000,25684,0.089,-0.019,1.009,0.4,-0.32,2.07,1,imu01,fusion_20260818T183239Z,996,25684312,569572469944744
569572500000000,25704,0.089,-0.025,0.991,0.57,-2.47,1.26,1,imu01,fusion_20260818T183239Z,997,25704309,569572489941358
569572515000000,25724,0.078,-0.021,0.979,0.59,-2.89,-0.22,1,imu01,fusion_20260818T183239Z,998,25724312,569572509943972
569572546000000,25744,0.084,-0.011,0.995,0.21,-0.31,-0.57,1,imu01,fusion_20260818T183239Z,999,25744309,569572529940585
569572562000000,25764,0.086,-0.014,0.994,0.22,1.42,-0.04,1,imu01,fusion_20260818T183239Z,1000,25764312,569572549943199
569572578000000,25784,0.075,-0.016,0.985,-0.17,0.74,0.27,1,imu01,fusion_20260818T183239Z,1001,25784309,569572569939813
569572593000000,25804,0.08,-0.006,0.991,-0.59,-1.32,-0.34,1,imu01,fusion_20260818T183239Z,1002,25804312,569572589942427
569572625000000,25824,0.076,-0.01,0.995,-0.87,-0.03,-0.38,1,imu01,fusion_20260818T183239Z,1003,25824309,569572609939041
569572640000000,25844,0.067,0.006,1.004,0.44,1.15,-1.09,1,imu01,fusion_20260818T183239Z,1004,25844312,569572629941654
569572656000000,25864,0.069,0.002,1.006,1.41,2.39,0.08,1,imu01,fusion_20260818T183239Z,1005,25864309,569572649938268
569572687000000,25884,0.087,-0.014,0.985,0.36,2.35,2.07,1,imu01,fusion_20260818T183239Z,1006,25884312,569572669940882
569572703000000,25904,0.074,-0.015,0.982,-0.16,1.17,1.13,1,imu01,fusion_20260818T183239Z,1007,25904309,569572689937496
569572718000000,25924,0.076,-0.002,0.997,-0.01,1.77,-0.47,1,imu01,fusion_20260818T183239Z,1008,25924312,569572709940110
569572734000000,25944,0.061,0.011,1.012,0.33,2.07,-0.97,1,imu01,fusion_20260818T183239Z,1009,25944309,569572729936724
569572765000000,25964,0.065,0.002,1.014,0.41,3.65,0.62,1,imu01,fusion_20260818T183239Z,1010,25964311,569572749938337
569572781000000,25984,0.074,0.002,1.014,0.77,1.97,1.41,1,imu01,fusion_20260818T183239Z,1011,25984309,569572769935951
569572796000000,26004,0.071,-0.005,1.003,0.74,-0.05,2.19,1,imu01,fusion_20260818T183239Z,1012,26004312,569572789938565
569572812000000,26024,0.08,-0.016,1.003,0.46,-2.52,2.31,1,imu01,fusion_20260818T183239Z,1013,26024309,569572809935179
569572843000000,26044,0.082,-0.01,0.986,0.24,-1.29,1.87,1,imu01,fusion_20260818T183239Z,1014,26044312,569572829937793
569572859000000,26064,0.08,-0.01,0.997,0.05,-0.62,1.35,1,imu01,fusion_20260818T183239Z,1015,26064309,569572849934406
569572875000000,26084,0.075,-0.012,0.991,0.86,-1.13,1.33,1,imu01,fusion_20260818T183239Z,1016,26084312,569572869937020
569572906000000,26104,0.081,-0.019,0.991,1.86,-1.13,1.04,1,imu01,fusion_20260818T183239Z,1017,26104309,569572889933634
569572921000000,26124,0.07,-0.015,0.975,1.73,-0.11,0.71,1,imu01,fusion_20260818T183239Z,1018,26124312,569572909936248
569572937000000,26144,0.084,-0.02,1.006,-0.4,0.2,0.62,1,imu01,fusion_20260818T183239Z,1019,26144309,569572929932862
569572953000000,26164,0.072,-0.004,1.001,-0.88,-0.04,-0.17,1,imu01,fusion_20260818T183239Z,1020,26164312,569572949935476
569572984000000,26184,0.078,-0.004,1.024,-0.63,0.81,-0.05,1,imu01,fusion_20260818T183239Z,1021,26184309,569572969932089
569573000000000,26204,0.068,-0.002,0.998,0.57,-0.27,0.09,1,imu01,fusion_20260818T183239Z,1022,26204312,569572989934703
569573015000000,26224,0.076,-0.004,1.003,0.83,0.86,0.5,1,imu01,fusion_20260818T183239Z,1023,26224309,569573009931317
569573046000000,26244,0.074,-0.003,0.989,0.99,0.26,0.07,1,imu01,fusion_20260818T183239Z,1024,26244312,569573029933931
569573062000000,26264,0.077,0.0,1.003,0.53,-0.18,-0.24,1,imu01,fusion_20260818T183239Z,1025,26264309,569573049930545
569573078000000,26284,0.075,0.004,0.996,0.4,-1.07,-0.02,1,imu01,fusion_20260818T183239Z,1026,26284312,569573069933158
569573093000000,26304,0.074,-0.001,1.005,0.99,-0.67,0.07,1,imu01,fusion_20260818T183239Z,1027,26304309,569573089929772
569573125000000,26324,0.071,-0.006,0.996,1.58,-0.23,0.09,1,imu01,fusion_20260818T183239Z,1028,26324312,569573109932386
569573140000000,26344,0.073,0.002,1.003,1.44,0.08,-0.29,1,imu01,fusion_20260818T183239Z,1029,26344309,569573129929000
569573156000000,26364,0.075,0.001,1.0,0.11,0.42,0.53,1,imu01,fusion_20260818T183239Z,1030,26364312,569573149931614
569573187000000,26384,0.078,-0.007,1.003,-0.44,-0.42,0.33,1,imu01,fusion_20260818T183239Z,1031,26384309,569573169928228
569573203000000,26404,0.07,0.002,0.995,0.09,-0.02,-0.32,1,imu01,fusion_20260818T183239Z,1032,26404312,569573189930841
569573218000000,26424,0.072,0.005,0.999,0.48,-0.12,-0.66,1,imu01,fusion_20260818T183239Z,1033,26424309,569573209927455
569573234000000,26444,0.075,0.001,0.993,-0.1,1.42,0.55,1,imu01,fusion_20260818T183239Z,1034,26444312,569573229930069
569573265000000,26464,0.078,-0.007,0.995,0.64,-0.12,0.29,1,imu01,fusion_20260818T183239Z,1035,26464309,569573249926683
569573281000000,26484,0.085,-0.016,1.008,0.41,0.09,0.46,1,imu01,fusion_20260818T183239Z,1036,26484312,569573269929297
569573296000000,26504,0.056,0.007,0.993,1.32,-1.94,-1.09,1,imu01,fusion_20260818T183239Z,1037,26504309,569573289925910
569573312000000,26524,0.083,0.001,1.013,-0.23,1.77,1.13,1,imu01,fusion_20260818T183239Z,1038,26524312,569573309928524
569573343000000,26544,0.084,-0.013,0.983,-0.25,1.2,1.85,1,imu01,fusion_20260818T183239Z,1039,26544309,569573329925138
569573359000000,26564,0.082,-0.009,0.996,-0.29,3.55,0.95,1,imu01,fusion_20260818T183239Z,1040,26564312,569573349927752
569573375000000,26584,0.072,0.007,0.997,0.25,2.2,-0.3,1,imu01,fusion_20260818T183239Z,1041,26584309,569573369924366
569573406000000,26604,0.075,0.0,1.001,-0.24,3.16,0.58,1,imu01,fusion_20260818T183239Z,1042,26604312,569573389926980
569573421000000,26624,0.073,-0.008,0.994,-0.97,1.65,0.86,1,imu01,fusion_20260818T183239Z,1043,26624309,569573409923593
569573437000000,26644,0.071,-0.005,1.007,-1.01,-0.22,0.81,1,imu01,fusion_20260818T183239Z,1044,26644312,569573429926207
569573453000000,26664,0.06,0.003,0.998,-0.14,-0.16,0.88,1,imu01,fusion_20260818T183239Z,1045,26664309,569573449922821
569573484000000,26684,0.074,-0.011,1.003,-0.81,1.94,2.2,1,imu01,fusion_20260818T183239Z,1046,26684312,569573469925435
569573500000000,26704,0.077,-0.015,0.991,-0.85,0.77,2.16,1,imu01,fusion_20260818T183239Z,1047,26704309,569573489922049
569573515000000,26724,0.069,-0.012,0.994,-0.62,0.71,1.1,1,imu01,fusion_20260818T183239Z,1048,26724312,569573509924662
569573546000000,26744,0.056,-0.001,0.992,-0.44,0.67,0.87,1,imu01,fusion_20260818T183239Z,1049,26744309,569573529921276
569573562000000,26764,0.067,-0.006,0.995,-0.79,2.58,2.01,1,imu01,fusion_20260818T183239Z,1050,26764312,569573549923890
569573578000000,26784,0.065,0.003,1.013,0.14,0.61,1.82,1,imu01,fusion_20260818T183239Z,1051,26784309,569573569920504
569573593000000,26804,0.061,0.001,1.003,1.45,-1.57,1.58,1,imu01,fusion_20260818T183239Z,1052,26804312,569573589923118
569573625000000,26824,0.063,-0.001,1.006,1.7,-3.11,1.87,1,imu01,fusion_20260818T183239Z,1053,26824309,569573609919732
569573640000000,26844,0.076,-0.011,1.012,0.11,-0.1,3.33,1,imu01,fusion_20260818T183239Z,1054,26844312,569573629922345
569573656000000,26864,0.08,-0.018,0.999,-0.38,-0.61,2.94,1,imu01,fusion_20260818T183239Z,1055,26864309,569573649918959
569573687000000,26884,0.082,-0.021,1.003,0.29,-1.0,1.62,1,imu01,fusion_20260818T183239Z,1056,26884312,569573669921573
569573703000000,26904,0.076,-0.021,0.999,0.83,-0.57,0.57,1,imu01,fusion_20260818T183239Z,1057,26904309,569573689918187
569573718000000,26924,0.08,-0.02,1.014,0.9,1.54,0.15,1,imu01,fusion_20260818T183239Z,1058,26924312,569573709920800
569573734000000,26944,0.074,-0.017,0.996,0.58,-0.42,-0.65,1,imu01,fusion_20260818T183239Z,1059,26944309,569573729917414
569573765000000,26964,0.079,-0.018,1.005,0.54,-0.89,-1.07,1,imu01,fusion_20260818T183239Z,1060,26964312,569573749920028
569573781000000,26984,0.071,-0.013,0.996,0.83,-2.01,-1.58,1,imu01,fusion_20260818T183239Z,1061,26984309,569573769916642
569573796000000,27004,0.072,-0.013,1.005,0.91,0.92,-1.45,1,imu01,fusion_20260818T183239Z,1062,27004312,569573789919256
569573812000000,27024,0.069,-0.008,0.995,0.9,1.77,-1.61,1,imu01,fusion_20260818T183239Z,1063,27024309,569573809915870
569573843000000,27044,0.066,-0.007,1.017,0.61,2.23,-1.31,1,imu01,fusion_20260818T183239Z,1064,27044312,569573829918484
569573859000000,27064,0.067,-0.007,0.992,0.3,0.95,-0.86,1,imu01,fusion_20260818T183239Z,1065,27064309,569573849915097
569573875000000,27084,0.07,-0.005,0.996,-0.16,0.73,-0.87,1,imu01,fusion_20260818T183239Z,1066,27084312,569573869917711
569573906000000,27104,0.065,-0.001,0.981,-0.77,-2.06,-1.57,1,imu01,fusion_20260818T183239Z,1067,27104309,569573889914325
569573921000000,27124,0.066,0.007,0.994,-0.66,-2.82,-2.27,1,imu01,fusion_20260818T183239Z,1068,27124312,569573909916939
569573937000000,27144,0.063,0.015,0.994,-0.78,-0.94,-1.49,1,imu01,fusion_20260818T183239Z,1069,27144309,569573929913553
569573953000000,27164,0.063,0.015,0.986,-0.46,1.24,-0.62,1,imu01,fusion_20260818T183239Z,1070,27164312,569573949916166
569573984000000,27184,0.071,0.006,1.026,0.12,0.62,-0.17,1,imu01,fusion_20260818T183239Z,1071,27184309,569573969912780
569574000000000,27204,0.058,0.011,0.993,0.47,-2.0,-0.33,1,imu01,fusion_20260818T183239Z,1072,27204312,569573989915394
569574015000000,27224,0.067,0.01,1.01,-0.32,0.84,0.81,1,imu01,fusion_20260818T183239Z,1073,27224309,569574009912008
569574046000000,27244,0.057,0.017,1.004,0.53,-0.94,1.34,1,imu01,fusion_20260818T183239Z,1074,27244312,569574029914622
569574062000000,27264,0.082,-0.005,1.014,0.76,1.65,3.22,1,imu01,fusion_20260818T183239Z,1075,27264309,569574049911236
569574078000000,27284,0.059,0.007,0.994,2.51,-1.66,1.72,1,imu01,fusion_20260818T183239Z,1076,27284312,569574069913849
569574093000000,27304,0.073,0.004,1.007,3.03,1.07,2.0,1,imu01,fusion_20260818T183239Z,1077,27304309,569574089910463
569574125000000,27324,0.054,0.01,0.991,3.6,-1.06,1.84,1,imu01,fusion_20260818T183239Z,1078,27324312,569574109913077
569574140000000,27344,0.068,0.012,1.001,2.56,0.96,2.5,1,imu01,fusion_20260818T183239Z,1079,27344309,569574129909691
569574156000000,27364,0.052,0.022,1.002,1.93,-0.88,2.68,1,imu01,fusion_20260818T183239Z,1080,27364312,569574149912304
569574187000000,27384,0.055,0.021,1.023,1.7,0.11,3.74,1,imu01,fusion_20260818T183239Z,1081,27384309,569574169908918
569574203000000,27404,0.046,0.032,1.03,2.51,-1.33,4.74,1,imu01,fusion_20260818T183239Z,1082,27404312,569574189911532
569574218000000,27424,0.05,0.029,1.048,3.36,-1.19,6.47,1,imu01,fusion_20260818T183239Z,1083,27424309,569574209908146
569574234000000,27444,0.058,0.012,1.038,5.27,-2.11,7.32,1,imu01,fusion_20260818T183239Z,1084,27444312,569574229910760
569574265000000,27464,0.084,-0.008,1.043,7.12,-1.3,7.87,1,imu01,fusion_20260818T183239Z,1085,27464309,569574249907374
569574281000000,27484,0.09,-0.019,1.02,8.79,-1.98,7.21,1,imu01,fusion_20260818T183239Z,1086,27484312,569574269909988
569574296000000,27504,0.107,-0.031,1.012,9.41,-3.4,4.59,1,imu01,fusion_20260818T183239Z,1087,27504309,569574289906601
569574312000000,27524,0.092,-0.015,0.987,10.47,-3.72,0.57,1,imu01,fusion_20260818T183239Z,1088,27524312,569574309909215
569574343000000,27544,0.073,0.01,0.998,8.93,-3.7,-2.36,1,imu01,fusion_20260818T183239Z,1089,27544309,569574329905829
569574359000000,27564,0.075,0.019,1.013,9.41,0.47,-1.69,1,imu01,fusion_20260818T183239Z,1090,27564312,569574349908443
569574375000000,27584,0.112,0.02,1.01,8.28,4.51,1.4,1,imu01,fusion_20260818T183239Z,1091,27584309,569574369905057
569574406000000,27604,0.104,0.027,1.002,9.56,10.84,2.55,1,imu01,fusion_20260818T183239Z,1092,27604312,569574389907670
569574421000000,27624,0.144,0.015,1.024,9.42,13.92,3.45,1,imu01,fusion_20260818T183239Z,1093,27624309,569574409904284
569574437000000,27644,0.143,0.019,1.04,12.93,17.51,2.04,1,imu01,fusion_20260818T183239Z,1094,27644312,569574429906898
569574453000000,27664,0.171,0.001,1.039,12.35,22.55,3.41,1,imu01,fusion_20260818T183239Z,1095,27664309,569574449903512
569574484000000,27684,0.16,-0.016,1.036,9.16,24.93,4.06,1,imu01,fusion_20260818T183239Z,1096,27684312,569574469906126
569574500000000,27704,0.143,0.022,1.046,1.99,15.52,5.03,1,imu01,fusion_20260818T183239Z,1097,27704309,569574489902740
569574515000000,27724,0.131,0.03,1.033,-2.84,1.67,9.22,1,imu01,fusion_20260818T183239Z,1098,27724312,569574509905353
569574546000000,27744,0.115,0.032,0.969,-1.77,-10.5,10.26,1,imu01,fusion_20260818T183239Z,1099,27744309,569574529901967
569574562000000,27764,0.078,0.043,0.936,1.52,-11.33,11.58,1,imu01,fusion_20260818T183239Z,1100,27764312,569574549904581
569574578000000,27784,0.053,0.123,0.863,6.9,-8.21,12.91,1,imu01,fusion_20260818T183239Z,1101,27784309,569574569901195
569574593000000,27804,0.074,0.13,1.008,6.42,2.04,22.18,1,imu01,fusion_20260818T183239Z,1102,27804312,569574589903808
569574625000000,27824,0.205,0.029,1.061,-0.49,-21.43,31.65,1,imu01,fusion_20260818T183239Z,1103,27824309,569574609900422
569574640000000,27844,0.186,-0.078,0.907,-8.86,-48.23,26.62,1,imu01,fusion_20260818T183239Z,1104,27844312,569574629903036
569574656000000,27864,0.091,0.004,0.835,-8.27,-45.93,6.24,1,imu01,fusion_20260818T183239Z,1105,27864309,569574649899650
569574687000000,27884,0.06,0.115,0.944,-1.81,-22.02,-0.03,1,imu01,fusion_20260818T183239Z,1106,27884312,569574669902264
569574703000000,27904,0.078,0.178,0.992,12.89,7.46,6.26,1,imu01,fusion_20260818T183239Z,1107,27904309,569574689898878
569574718000000,27924,0.157,0.132,1.018,20.65,22.58,17.71,1,imu01,fusion_20260818T183239Z,1108,27924312,569574709901491
569574734000000,27944,0.223,0.077,1.076,19.33,22.81,22.42,1,imu01,fusion_20260818T183239Z,1109,27944309,569574729898105
569574765000000,27964,0.148,0.041,1.099,13.0,12.93,19.57,1,imu01,fusion_20260818T183239Z,1110,27964311,569574749899719
569574781000000,27984,0.122,0.053,1.249,3.44,8.04,14.29,1,imu01,fusion_20260818T183239Z,1111,27984309,569574769897333
569574796000000,28004,-0.045,0.082,1.345,-0.04,23.01,11.99,1,imu01,fusion_20260818T183239Z,1112,28004312,569574789899947
569574812000000,28024,-0.076,0.124,1.313,4.57,41.46,13.68,1,imu01,fusion_20260818T183239Z,1113,28024309,569574809896561
569574843000000,28044,-0.066,0.139,1.321,-0.34,40.16,20.77,1,imu01,fusion_20260818T183239Z,1114,28044312,569574829899174
569574859000000,28064,-0.02,0.085,1.248,-8.71,25.84,28.84,1,imu01,fusion_20260818T183239Z,1115,28064309,569574849895788
569574875000000,28084,0.0,0.002,1.077,-17.51,15.98,30.38,1,imu01,fusion_20260818T183239Z,1116,28084312,569574869898402
569574906000000,28104,0.011,-0.082,1.069,-24.73,8.31,22.29,1,imu01,fusion_20260818T183239Z,1117,28104309,569574889895016
569574921000000,28124,0.034,-0.108,1.044,-14.78,13.45,3.84,1,imu01,fusion_20260818T183239Z,1118,28124312,569574909897630
569574937000000,28144,0.001,-0.093,1.096,-5.93,32.89,-13.95,1,imu01,fusion_20260818T183239Z,1119,28144309,569574929894244
569574953000000,28164,-0.081,-0.029,1.167,-0.62,40.78,-29.25,1,imu01,fusion_20260818T183239Z,1120,28164312,569574949896857
569574984000000,28184,-0.144,0.015,1.161,0.32,36.17,-39.19,1,imu01,fusion_20260818T183239Z,1121,28184309,569574969893471
569575000000000,28204,-0.168,0.061,1.142,-4.49,24.15,-41.44,1,imu01,fusion_20260818T183239Z,1122,28204312,569574989896085
569575015000000,28224,-0.187,0.033,1.111,-8.41,12.3,-38.64,1,imu01,fusion_20260818T183239Z,1123,28224309,569575009892699
569575046000000,28244,-0.167,0.027,1.147,-6.15,9.52,-38.74,1,imu01,fusion_20260818T183239Z,1124,28244312,569575029895312
569575062000000,28264,-0.152,0.053,1.123,-0.35,24.47,-35.84,1,imu01,fusion_20260818T183239Z,1125,28264309,569575049891926
569575078000000,28284,-0.133,0.092,1.055,4.54,34.99,-30.11,1,imu01,fusion_20260818T183239Z,1126,28284312,569575069894540
569575093000000,28304,-0.071,0.045,0.95,5.36,33.77,-20.77,1,imu01,fusion_20260818T183239Z,1127,28304309,569575089891154
569575125000000,28324,-0.077,0.001,0.869,2.93,22.39,-17.26,1,imu01,fusion_20260818T183239Z,1128,28324312,569575109893768
569575140000000,28344,-0.108,-0.02,0.869,1.48,15.71,-22.53,1,imu01,fusion_20260818T183239Z,1129,28344309,569575129890382
569575156000000,28364,-0.135,0.025,0.883,-2.35,22.6,-28.38,1,imu01,fusion_20260818T183239Z,1130,28364312,569575149892995
569575187000000,28384,-0.151,0.102,0.993,-8.75,27.85,-28.55,1,imu01,fusion_20260818T183239Z,1131,28384309,569575169889609
569575203000000,28404,-0.09,0.04,1.007,-10.77,21.45,-23.58,1,imu01,fusion_20260818T183239Z,1132,28404312,569575189892223
569575218000000,28424,-0.111,0.033,0.974,-4.62,13.87,-23.49,1,imu01,fusion_20260818T183239Z,1133,28424309,569575209888837
569575234000000,28444,-0.141,0.083,0.991,-2.91,11.01,-22.2,1,imu01,fusion_20260818T183239Z,1134,28444312,569575229891451
569575265000000,28464,-0.136,0.104,0.953,-2.99,13.63,-14.25,1,imu01,fusion_20260818T183239Z,1135,28464309,569575249888064
569575281000000,28484,-0.115,0.069,0.937,-2.09,8.68,-4.6,1,imu01,fusion_20260818T183239Z,1136,28484312,569575269890678
569575296000000,28504,-0.085,0.008,0.914,0.2,-4.48,-0.48,1,imu01,fusion_20260818T183239Z,1137,28504309,569575289887292
569575312000000,28524,-0.086,0.015,0.871,3.14,-11.84,-1.13,1,imu01,fusion_20260818T183239Z,1138,28524312,569575309889906
569575343000000,28544,-0.091,0.031,0.889,2.61,-7.36,2.07,1,imu01,fusion_20260818T183239Z,1139,28544309,569575329886520
569575359000000,28564,-0.052,0.015,0.881,0.26,-3.27,6.5,1,imu01,fusion_20260818T183239Z,1140,28564312,569575349889134
569575375000000,28584,-0.055,0.024,0.852,0.04,-12.53,8.13,1,imu01,fusion_20260818T183239Z,1141,28584309,569575369885748
569575406000000,28604,-0.052,0.026,0.819,-0.68,-25.59,10.65,1,imu01,fusion_20260818T183239Z,1142,28604312,569575389888361
569575421000000,28624,-0.039,0.011,0.784,-2.01,-29.66,14.13,1,imu01,fusion_20260818T183239Z,1143,28624309,569575409884975
569575437000000,28644,-0.022,-0.0,0.759,-0.23,-25.67,14.47,1,imu01,fusion_20260818T183239Z,1144,28644312,569575429887589
569575453000000,28664,-0.014,0.002,0.804,1.43,-24.49,11.26,1,imu01,fusion_20260818T183239Z,1145,28664309,569575449884203
569575484000000,28684,-0.03,0.009,0.817,3.07,-25.1,6.05,1,imu01,fusion_20260818T183239Z,1146,28684312,569575469886816
569575500000000,28704,-0.041,0.017,0.848,4.77,-25.13,0.72,1,imu01,fusion_20260818T183239Z,1147,28704309,569575489883430
569575515000000,28724,-0.027,0.007,0.881,5.68,-24.88,-2.84,1,imu01,fusion_20260818T183239Z,1148,28724312,569575509886044
569575546000000,28744,-0.034,0.013,0.888,5.86,-24.67,-6.22,1,imu01,fusion_20260818T183239Z,1149,28744309,569575529882658
569575562000000,28764,-0.04,0.023,0.892,4.16,-19.33,-7.22,1,imu01,fusion_20260818T183239Z,1150,28764312,569575549885272
569575578000000,28784,-0.047,0.018,0.882,0.64,-15.46,-5.67,1,imu01,fusion_20260818T183239Z,1151,28784309,569575569881886
569575593000000,28804,-0.043,0.004,0.899,-1.77,-12.07,-4.85,1,imu01,fusion_20260818T183239Z,1152,28804312,569575589884499
569575625000000,28824,-0.037,-0.002,0.906,-2.53,-3.18,-5.8,1,imu01,fusion_20260818T183239Z,1153,28824309,569575609881113
569575640000000,28844,-0.051,0.017,0.948,-3.17,6.26,-7.94,1,imu01,fusion_20260818T183239Z,1154,28844312,569575629883727
569575656000000,28864,-0.034,0.024,1.008,-3.49,9.74,-8.78,1,imu01,fusion_20260818T183239Z,1155,28864309,569575649880341
569575687000000,28884,-0.068,0.04,1.005,-0.65,8.61,-9.86,1,imu01,fusion_20260818T183239Z,1156,28884312,569575669882955
569575703000000,28904,-0.061,0.048,1.031,-0.04,8.58,-7.24,1,imu01,fusion_20260818T183239Z,1157,28904309,569575689879568
569575718000000,28924,-0.077,0.053,0.986,1.92,3.09,-5.55,1,imu01,fusion_20260818T183239Z,1158,28924312,569575709882182
569575734000000,28944,-0.058,0.037,0.98,1.53,2.28,-1.17,1,imu01,fusion_20260818T183239Z,1159,28944309,569575729878796
569575765000000,28964,-0.054,0.046,0.961,2.59,-2.67,0.12,1,imu01,fusion_20260818T183239Z,1160,28964312,569575749881410
569575781000000,28984,-0.047,0.032,0.958,3.12,-2.17,1.58,1,imu01,fusion_20260818T183239Z,1161,28984309,569575769878024
569575796000000,29004,-0.057,0.039,0.938,3.52,-3.28,1.64,1,imu01,fusion_20260818T183239Z,1162,29004312,569575789880638
569575812000000,29024,-0.042,0.034,0.986,3.69,-2.71,1.97,1,imu01,fusion_20260818T183239Z,1163,29024309,569575809877252
569575843000000,29044,-0.045,0.029,0.984,3.2,-6.87,1.69,1,imu01,fusion_20260818T183239Z,1164,29044312,569575829879865
569575859000000,29064,-0.041,0.029,0.999,2.33,-1.31,2.55,1,imu01,fusion_20260818T183239Z,1165,29064309,569575849876479
569575875000000,29084,-0.029,0.026,1.032,1.08,2.16,3.66,1,imu01,fusion_20260818T183239Z,1166,29084312,569575869879093
569575906000000,29104,-0.037,0.027,1.027,0.38,2.59,3.66,1,imu01,fusion_20260818T183239Z,1167,29104309,569575889875707
569575921000000,29124,-0.02,0.025,1.05,-0.86,5.76,4.2,1,imu01,fusion_20260818T183239Z,1168,29124312,569575909878320
569575937000000,29144,-0.037,0.024,1.042,-1.2,5.96,4.31,1,imu01,fusion_20260818T183239Z,1169,29144309,569575929874934
569575953000000,29164,-0.025,0.027,1.046,0.16,8.13,4.32,1,imu01,fusion_20260818T183239Z,1170,29164312,569575949877548
569575984000000,29184,-0.031,0.033,1.013,1.77,2.05,3.18,1,imu01,fusion_20260818T183239Z,1171,29184309,569575969874162
569576000000000,29204,-0.045,0.028,0.99,1.57,0.04,4.13,1,imu01,fusion_20260818T183239Z,1172,29204312,569575989876776
569576015000000,29224,-0.029,0.013,0.991,0.19,-0.6,4.85,1,imu01,fusion_20260818T183239Z,1173,29224309,569576009873390
569576046000000,29244,-0.041,0.011,0.966,-0.14,-0.03,2.78,1,imu01,fusion_20260818T183239Z,1174,29244312,569576029876003
569576062000000,29264,-0.063,0.026,0.978,0.16,0.92,0.25,1,imu01,fusion_20260818T183239Z,1175,29264309,569576049872617
569576078000000,29284,-0.067,0.029,0.978,-0.62,-1.25,-0.16,1,imu01,fusion_20260818T183239Z,1176,29284312,569576069875231
569576093000000,29304,-0.061,0.024,0.995,-0.96,-1.63,0.25,1,imu01,fusion_20260818T183239Z,1177,29304309,569576089871845
569576125000000,29324,-0.063,0.026,1.002,-0.33,-1.93,-0.71,1,imu01,fusion_20260818T183239Z,1178,29324312,569576109874459
569576140000000,29344,-0.058,0.036,1.002,1.48,0.6,-1.11,1,imu01,fusion_20260818T183239Z,1179,29344309,569576129871072
569576156000000,29364,-0.076,0.039,0.974,2.25,-0.41,-0.95,1,imu01,fusion_20260818T183239Z,1180,29364312,569576149873686
569576171000000,29384,-0.055,0.03,0.984,1.26,1.76,0.26,1,imu01,fusion_20260818T183239Z,1181,29384309,569576169870300
569576203000000,29404,-0.056,0.026,0.99,0.18,-0.28,-0.58,1,imu01,fusion_20260818T183239Z,1182,29404312,569576189872914
569576218000000,29424,-0.064,0.037,0.994,0.51,0.57,-1.36,1,imu01,fusion_20260818T183239Z,1183,29424309,569576209869528
569576234000000,29444,-0.067,0.04,1.026,1.07,1.94,-0.89,1,imu01,fusion_20260818T183239Z,1184,29444312,569576229872142
569576265000000,29464,-0.055,0.026,1.008,2.07,3.2,-0.69,1,imu01,fusion_20260818T183239Z,1185,29464309,569576249868755
569576281000000,29484,-0.054,0.024,1.015,1.81,0.3,-1.58,1,imu01,fusion_20260818T183239Z,1186,29484312,569576269871369
569576296000000,29504,-0.055,0.028,1.0,0.38,0.04,-1.68,1,imu01,fusion_20260818T183239Z,1187,29504309,569576289867983
569576328000000,29524,-0.062,0.024,1.001,-0.26,-0.02,-2.38,1,imu01,fusion_20260818T183239Z,1188,29524312,569576309870597
569576343000000,29544,-0.055,0.027,1.009,-0.45,1.2,-2.82,1,imu01,fusion_20260818T183239Z,1189,29544309,569576329867211
569576359000000,29564,-0.066,0.034,0.999,0.43,2.89,-3.41,1,imu01,fusion_20260818T183239Z,1190,29564312,569576349869824
569576375000000,29584,-0.064,0.04,1.009,0.14,4.05,-2.8,1,imu01,fusion_20260818T183239Z,1191,29584309,569576369866438
569576406000000,29604,-0.066,0.038,0.998,-0.91,2.36,-1.63,1,imu01,fusion_20260818T183239Z,1192,29604312,569576389869052
569576421000000,29624,-0.058,0.034,1.005,-2.6,2.23,-0.09,1,imu01,fusion_20260818T183239Z,1193,29624309,569576409865666
569576437000000,29644,-0.056,0.03,0.985,-2.88,0.19,0.49,1,imu01,fusion_20260818T183239Z,1194,29644312,569576429868280
569576453000000,29664,-0.05,0.03,0.984,-2.08,2.74,0.54,1,imu01,fusion_20260818T183239Z,1195,29664309,569576449864894
569576484000000,29684,-0.054,0.028,1.0,-1.26,1.78,-0.0,1,imu01,fusion_20260818T183239Z,1196,29684312,569576469867507
569576500000000,29704,-0.056,0.036,1.0,-0.7,3.49,-0.35,1,imu01,fusion_20260818T183239Z,1197,29704309,569576489864121
569576515000000,29724,-0.074,0.049,0.988,-1.23,1.76,-0.39,1,imu01,fusion_20260818T183239Z,1198,29724312,569576509866735
569576546000000,29744,-0.071,0.039,1.012,-2.02,2.26,1.04,1,imu01,fusion_20260818T183239Z,1199,29744309,569576529863349
569576562000000,29764,-0.067,0.034,1.018,-1.03,1.0,1.54,1,imu01,fusion_20260818T183239Z,1200,29764312,569576549865963
569576578000000,29784,-0.057,0.03,1.007,0.41,0.1,1.77,1,imu01,fusion_20260818T183239Z,1201,29784309,569576569862576
569576593000000,29804,-0.054,0.029,0.999,0.98,-0.23,1.95,1,imu01,fusion_20260818T183239Z,1202,29804312,569576589865190
569576625000000,29824,-0.048,0.027,0.987,-0.2,-1.08,2.34,1,imu01,fusion_20260818T183239Z,1203,29824309,569576609861804
569576640000000,29844,-0.051,0.026,0.987,-1.7,-1.94,2.25,1,imu01,fusion_20260818T183239Z,1204,29844312,569576629864418
569576656000000,29864,-0.046,0.015,0.979,-2.38,-1.74,1.58,1,imu01,fusion_20260818T183239Z,1205,29864309,569576649861032
569576687000000,29884,-0.039,0.026,1.008,-1.59,-0.67,-0.05,1,imu01,fusion_20260818T183239Z,1206,29884312,569576669863646
569576703000000,29904,-0.052,0.028,1.007,-0.66,-0.19,-1.23,1,imu01,fusion_20260818T183239Z,1207,29904309,569576689860259
569576718000000,29924,-0.069,0.043,1.01,-0.24,0.16,-0.71,1,imu01,fusion_20260818T183239Z,1208,29924312,569576709862873
569576734000000,29944,-0.045,0.016,0.986,-2.02,-1.38,1.79,1,imu01,fusion_20260818T183239Z,1209,29944309,569576729859487
569576765000000,29964,-0.046,0.022,1.012,-1.65,-0.16,1.37,1,imu01,fusion_20260818T183239Z,1210,29964311,569576749861101
569576781000000,29984,-0.052,0.023,1.003,-1.84,0.18,0.82,1,imu01,fusion_20260818T183239Z,1211,29984309,569576769858715
569576796000000,30004,-0.026,0.0,1.014,-2.24,0.04,0.03,1,imu01,fusion_20260818T183239Z,1212,30004312,569576789861328
569576812000000,30024,-0.046,0.005,1.003,-2.2,0.38,-2.64,1,imu01,fusion_20260818T183239Z,1213,30024309,569576809857942
569576843000000,30044,-0.076,0.019,0.985,-3.01,-0.12,-4.22,1,imu01,fusion_20260818T183239Z,1214,30044312,569576829860556
569576859000000,30064,-0.081,0.024,0.993,-3.38,-0.53,-1.87,1,imu01,fusion_20260818T183239Z,1215,30064309,569576849857170
569576875000000,30084,-0.066,0.011,1.013,-2.3,2.01,1.04,1,imu01,fusion_20260818T183239Z,1216,30084312,569576869859784
569576906000000,30104,-0.051,-0.0,1.008,-0.28,-0.9,-0.34,1,imu01,fusion_20260818T183239Z,1217,30104309,569576889856398
569576921000000,30124,-0.075,0.009,0.993,1.27,-2.34,-0.89,1,imu01,fusion_20260818T183239Z,1218,30124312,569576909859011
569576937000000,30144,-0.069,-0.002,0.996,0.88,-3.65,-0.73,1,imu01,fusion_20260818T183239Z,1219,30144309,569576929855625
569576953000000,30164,-0.05,0.01,0.973,1.03,-3.77,-0.77,1,imu01,fusion_20260818T183239Z,1220,30164312,569576949858239
569576984000000,30184,-0.061,0.005,0.967,0.54,-2.75,-1.05,1,imu01,fusion_20260818T183239Z,1221,30184309,569576969854853
569577000000000,30204,-0.054,0.022,0.989,0.48,-1.34,-1.46,1,imu01,fusion_20260818T183239Z,1222,30204312,569576989857467
569577015000000,30224,-0.052,0.028,0.976,0.33,-3.38,-1.68,1,imu01,fusion_20260818T183239Z,1223,30224309,569577009854080
569577046000000,30244,-0.043,0.024,0.997,-0.39,0.41,-0.31,1,imu01,fusion_20260818T183239Z,1224,30244312,569577029856694
569577062000000,30264,-0.05,0.023,0.99,-0.69,-0.71,0.29,1,imu01,fusion_20260818T183239Z,1225,30264309,569577049853308
569577078000000,30284,-0.054,0.023,1.004,-0.43,0.44,1.1,1,imu01,fusion_20260818T183239Z,1226,30284312,569577069855922
569577093000000,30304,-0.065,0.033,1.011,-0.67,-0.57,2.03,1,imu01,fusion_20260818T183239Z,1227,30304309,569577089852536
569577125000000,30324,-0.063,0.021,1.0,-1.21,-1.61,3.62,1,imu01,fusion_20260818T183239Z,1228,30324312,569577109855150
569577140000000,30344,-0.066,0.015,1.002,-1.3,-1.06,3.94,1,imu01,fusion_20260818T183239Z,1229,30344309,569577129851763
569577156000000,30364,-0.052,-0.003,1.027,-1.12,2.02,3.29,1,imu01,fusion_20260818T183239Z,1230,30364312,569577149854377
569577187000000,30384,-0.065,0.018,1.018,-0.68,1.07,2.39,1,imu01,fusion_20260818T183239Z,1231,30384309,569577169850991
569577203000000,30404,-0.05,0.024,1.021,-1.55,-0.11,3.09,1,imu01,fusion_20260818T183239Z,1232,30404312,569577189853605
569577218000000,30424,-0.04,0.008,0.998,-1.62,-2.66,2.99,1,imu01,fusion_20260818T183239Z,1233,30424309,569577209850219
569577234000000,30444,-0.037,0.007,0.974,-0.89,-1.9,1.79,1,imu01,fusion_20260818T183239Z,1234,30444312,569577229852832
569577265000000,30464,-0.061,0.004,0.98,-0.3,-1.45,0.29,1,imu01,fusion_20260818T183239Z,1235,30464309,569577249849446
569577281000000,30484,-0.048,0.019,0.988,-0.13,-1.2,0.16,1,imu01,fusion_20260818T183239Z,1236,30484312,569577269852060
569577296000000,30504,-0.041,0.011,0.995,-0.1,-0.61,0.48,1,imu01,fusion_20260818T183239Z,1237,30504309,569577289848674
569577312000000,30524,-0.048,0.015,0.974,0.51,-0.48,-0.45,1,imu01,fusion_20260818T183239Z,1238,30524312,569577309851288
569577343000000,30544,-0.052,0.032,1.004,-0.15,0.55,0.07,1,imu01,fusion_20260818T183239Z,1239,30544309,569577329847902
569577359000000,30564,-0.056,0.03,0.988,-0.72,-1.03,0.8,1,imu01,fusion_20260818T183239Z,1240,30564312,569577349850515
569577375000000,30584,-0.048,0.027,1.012,-1.51,-0.34,2.11,1,imu01,fusion_20260818T183239Z,1241,30584309,569577369847129
569577406000000,30604,-0.054,0.018,0.995,-0.31,-0.29,1.42,1,imu01,fusion_20260818T183239Z,1242,30604312,569577389849743
569577421000000,30624,-0.041,0.004,1.022,0.62,2.42,1.61,1,imu01,fusion_20260818T183239Z,1243,30624309,569577409846357
569577437000000,30644,-0.045,0.016,0.987,1.22,1.19,1.49,1,imu01,fusion_20260818T183239Z,1244,30644312,569577429848971
569577453000000,30664,-0.049,0.024,1.002,1.03,1.12,1.6,1,imu01,fusion_20260818T183239Z,1245,30664309,569577449845584
569577484000000,30684,-0.059,0.026,1.019,1.12,-0.11,1.42,1,imu01,fusion_20260818T183239Z,1246,30684312,569577469848198
569577500000000,30704,-0.068,0.029,1.022,2.57,-1.15,1.16,1,imu01,fusion_20260818T183239Z,1247,30704309,569577489844812
569577515000000,30724,-0.055,0.025,1.008,3.35,-2.07,1.12,1,imu01,fusion_20260818T183239Z,1248,30724312,569577509847426
569577546000000,30744,-0.05,0.007,0.999,2.14,-1.87,1.42,1,imu01,fusion_20260818T183239Z,1249,30744309,569577529844040
569577562000000,30764,-0.041,0.006,0.999,0.21,-2.03,1.74,1,imu01,fusion_20260818T183239Z,1250,30764312,569577549846654
569577578000000,30784,-0.054,0.018,1.0,-0.31,-0.97,1.21,1,imu01,fusion_20260818T183239Z,1251,30784309,569577569843267
569577593000000,30804,-0.052,0.018,1.004,0.28,-0.83,1.04,1,imu01,fusion_20260818T183239Z,1252,30804312,569577589845881
569577625000000,30824,-0.043,0.025,0.983,0.49,-1.03,2.11,1,imu01,fusion_20260818T183239Z,1253,30824309,569577609842495
569577640000000,30844,-0.038,0.0,0.971,0.05,-0.12,2.62,1,imu01,fusion_20260818T183239Z,1254,30844312,569577629845109
569577656000000,30864,-0.024,0.005,0.983,-0.39,-0.25,1.68,1,imu01,fusion_20260818T183239Z,1255,30864309,569577649841723
569577687000000,30884,-0.059,0.026,0.989,-0.39,0.63,-0.09,1,imu01,fusion_20260818T183239Z,1256,30884312,569577669844336
569577703000000,30904,-0.047,0.013,1.003,-0.79,1.74,-0.29,1,imu01,fusion_20260818T183239Z,1257,30904309,569577689840950
569577718000000,30924,-0.059,0.018,1.016,-0.3,1.15,-0.52,1,imu01,fusion_20260818T183239Z,1258,30924312,569577709843564
569577734000000,30944,-0.049,0.023,1.011,-0.84,0.75,0.35,1,imu01,fusion_20260818T183239Z,1259,30944309,569577729840178
569577765000000,30964,-0.065,0.014,1.012,-1.12,0.88,0.44,1,imu01,fusion_20260818T183239Z,1260,30964312,569577749842792
569577781000000,30984,-0.041,0.023,1.005,-1.85,0.12,1.17,1,imu01,fusion_20260818T183239Z,1261,30984309,569577769839406
569577796000000,31004,-0.054,0.017,1.007,-0.81,-0.33,0.4,1,imu01,fusion_20260818T183239Z,1262,31004312,569577789842019
569577812000000,31024,-0.048,-0.01,1.02,-0.53,1.01,0.96,1,imu01,fusion_20260818T183239Z,1263,31024309,569577809838633
569577843000000,31044,-0.033,0.018,0.997,1.15,0.03,-0.09,1,imu01,fusion_20260818T183239Z,1264,31044312,569577829841247
569577859000000,31064,-0.033,0.003,0.996,0.37,0.06,-0.17,1,imu01,fusion_20260818T183239Z,1265,31064309,569577849837861
569577875000000,31084,-0.045,0.004,1.002,-0.12,-0.46,-0.78,1,imu01,fusion_20260818T183239Z,1266,31084312,569577869840475
569577906000000,31104,-0.057,0.009,0.989,-0.7,-1.29,-1.23,1,imu01,fusion_20260818T183239Z,1267,31104309,569577889837088
569577921000000,31124,-0.033,0.022,1.016,-0.24,0.17,-1.79,1,imu01,fusion_20260818T183239Z,1268,31124312,569577909839702
569577937000000,31144,-0.054,0.016,0.985,0.35,-0.24,-1.62,1,imu01,fusion_20260818T183239Z,1269,31144309,569577929836316
569577953000000,31164,-0.05,0.022,1.022,0.19,0.97,-1.2,1,imu01,fusion_20260818T183239Z,1270,31164312,569577949838930
569577984000000,31184,-0.063,0.028,0.989,-0.16,-0.12,-0.88,1,imu01,fusion_20260818T183239Z,1271,31184309,569577969835544
569578000000000,31204,-0.07,0.023,0.994,-0.71,-0.55,-0.43,1,imu01,fusion_20260818T183239Z,1272,31204312,569577989838158
569578015000000,31224,-0.058,0.019,1.037,-1.43,1.48,0.05,1,imu01,fusion_20260818T183239Z,1273,31224309,569578009834771
569578046000000,31244,-0.056,0.033,0.994,-1.14,1.07,-0.16,1,imu01,fusion_20260818T183239Z,1274,31244312,569578029837385
569578062000000,31264,-0.046,0.014,1.028,-0.49,2.5,-0.06,1,imu01,fusion_20260818T183239Z,1275,31264309,569578049833999
569578078000000,31284,-0.048,0.013,1.024,0.47,0.41,-0.85,1,imu01,fusion_20260818T183239Z,1276,31284312,569578069836613
569578093000000,31304,-0.055,0.013,1.004,0.7,-2.06,-0.71,1,imu01,fusion_20260818T183239Z,1277,31304309,569578089833227
569578125000000,31324,-0.036,0.011,0.992,-0.3,-0.27,-0.34,1,imu01,fusion_20260818T183239Z,1278,31324312,569578109835840
569578140000000,31344,-0.041,0.012,0.984,-0.2,-0.29,0.02,1,imu01,fusion_20260818T183239Z,1279,31344309,569578129832454
569578156000000,31364,-0.045,0.005,0.997,0.67,-0.83,-0.63,1,imu01,fusion_20260818T183239Z,1280,31364312,569578149835068
569578171000000,31384,-0.056,0.025,0.953,1.35,-2.39,-2.05,1,imu01,fusion_20260818T183239Z,1281,31384309,569578169831682
569578203000000,31404,-0.064,0.024,1.002,0.56,-0.82,-1.99,1,imu01,fusion_20260818T183239Z,1282,31404312,569578189834296
569578218000000,31424,-0.06,0.029,1.007,-0.69,-1.54,-1.29,1,imu01,fusion_20260818T183239Z,1283,31424309,569578209830910
569578234000000,31444,-0.067,0.011,0.99,-0.4,-1.36,-1.27,1,imu01,fusion_20260818T183239Z,1284,31444312,569578229833523
569578265000000,31464,-0.074,0.026,1.007,0.61,-3.4,-1.94,1,imu01,fusion_20260818T183239Z,1285,31464309,569578249830137
569578281000000,31484,-0.041,0.021,1.008,0.99,-0.79,-1.3,1,imu01,fusion_20260818T183239Z,1286,31484312,569578269832751
569578296000000,31504,-0.06,0.007,0.987,0.06,0.4,-0.06,1,imu01,fusion_20260818T183239Z,1287,31504309,569578289829365
569578328000000,31524,-0.052,-0.006,0.998,-0.44,0.88,-0.42,1,imu01,fusion_20260818T183239Z,1288,31524312,569578309831978
569578343000000,31544,-0.042,0.02,1.016,-0.95,2.1,-1.64,1,imu01,fusion_20260818T183239Z,1289,31544309,569578329828592
569578359000000,31564,-0.054,0.025,1.009,-0.65,1.68,-1.56,1,imu01,fusion_20260818T183239Z,1290,31564312,569578349831206
569578375000000,31584,-0.044,0.024,1.012,-0.17,2.79,-0.2,1,imu01,fusion_20260818T183239Z,1291,31584309,569578369827820
569578406000000,31604,-0.043,0.012,1.01,-0.06,1.04,0.08,1,imu01,fusion_20260818T183239Z,1292,31604312,569578389830434
569578421000000,31624,-0.054,0.016,1.003,-0.65,-0.39,0.7,1,imu01,fusion_20260818T183239Z,1293,31624309,569578409827048
569578437000000,31644,-0.027,0.039,1.03,-0.62,0.79,0.87,1,imu01,fusion_20260818T183239Z,1294,31644312,569578429829662
569578453000000,31664,-0.055,0.0,1.015,-0.19,-1.7,0.09,1,imu01,fusion_20260818T183239Z,1295,31664309,569578449826275
569578484000000,31684,-0.031,0.017,1.026,-0.37,0.77,0.15,1,imu01,fusion_20260818T183239Z,1296,31684312,569578469828889
569578500000000,31704,-0.06,0.007,1.001,-0.28,-1.41,-0.09,1,imu01,fusion_20260818T183239Z,1297,31704309,569578489825503
569578515000000,31724,-0.063,0.015,0.987,-0.48,-1.16,0.25,1,imu01,fusion_20260818T183239Z,1298,31724312,569578509828117
569578546000000,31744,-0.063,-0.01,1.002,-0.96,-3.96,0.59,1,imu01,fusion_20260818T183239Z,1299,31744309,569578529824731
569578562000000,31764,-0.054,0.007,0.997,0.09,0.12,0.28,1,imu01,fusion_20260818T183239Z,1300,31764312,569578549827344
569578578000000,31784,-0.066,0.011,0.988,0.16,-2.17,-0.03,1,imu01,fusion_20260818T183239Z,1301,31784309,569578569823958
569578593000000,31804,-0.047,0.002,1.007,0.5,-0.78,-0.22,1,imu01,fusion_20260818T183239Z,1302,31804312,569578589826572
569578625000000,31824,-0.054,0.004,0.986,0.74,-2.71,-0.58,1,imu01,fusion_20260818T183239Z,1303,31824309,569578609823186
569578640000000,31844,-0.039,0.013,1.008,0.07,-1.93,0.0,1,imu01,fusion_20260818T183239Z,1304,31844312,569578629825800
569578656000000,31864,-0.03,0.009,1.009,-0.24,-2.29,0.04,1,imu01,fusion_20260818T183239Z,1305,31864309,569578649822414
569578671000000,31884,-0.035,0.018,0.992,0.12,-1.26,-0.2,1,imu01,fusion_20260818T183239Z,1306,31884312,569578669825027
569578703000000,31904,-0.061,0.016,0.995,0.72,-2.52,-1.07,1,imu01,fusion_20260818T183239Z,1307,31904309,569578689821641
569578718000000,31924,-0.044,0.019,1.001,-0.3,-1.62,-0.87,1,imu01,fusion_20260818T183239Z,1308,31924312,569578709824255
569578734000000,31944,-0.057,0.044,1.016,-0.81,-1.09,-0.74,1,imu01,fusion_20260818T183239Z,1309,31944309,569578729820869
569578765000000,31964,-0.055,0.031,1.0,-0.36,0.04,0.26,1,imu01,fusion_20260818T183239Z,1310,31964311,569578749822482
569578781000000,31984,-0.041,0.037,1.024,0.15,-2.31,0.36,1,imu01,fusion_20260818T183239Z,1311,31984309,569578769820096
569578796000000,32004,-0.063,0.031,0.996,0.24,-3.18,0.63,1,imu01,fusion_20260818T183239Z,1312,32004312,569578789822710
569578812000000,32024,-0.059,0.023,1.0,-0.14,-1.84,1.26,1,imu01,fusion_20260818T183239Z,1313,32024309,569578809819324
569578843000000,32044,-0.046,0.019,1.006,0.17,2.36,1.97,1,imu01,fusion_20260818T183239Z,1314,32044312,569578829821938
569578859000000,32064,-0.058,0.016,0.969,0.88,-0.35,0.94,1,imu01,fusion_20260818T183239Z,1315,32064309,569578849818552
569578875000000,32084,-0.062,0.014,0.999,0.94,-0.24,0.75,1,imu01,fusion_20260818T183239Z,1316,32084312,569578869821166
569578906000000,32104,-0.05,0.017,0.99,0.78,-1.91,0.94,1,imu01,fusion_20260818T183239Z,1317,32104309,569578889817779
569578921000000,32124,-0.066,0.006,0.983,0.06,0.74,1.1,1,imu01,fusion_20260818T183239Z,1318,32124312,569578909820393
569578937000000,32144,-0.063,0.013,0.985,0.2,1.24,0.14,1,imu01,fusion_20260818T183239Z,1319,32144309,569578929817007
569578953000000,32164,-0.056,0.018,0.992,0.24,0.76,0.04,1,imu01,fusion_20260818T183239Z,1320,32164312,569578949819621
569578984000000,32184,-0.04,0.011,1.018,-0.31,3.43,0.93,1,imu01,fusion_20260818T183239Z,1321,32184309,569578969816235
569579000000000,32204,-0.043,0.013,1.02,0.27,3.23,0.2,1,imu01,fusion_20260818T183239Z,1322,32204312,569578989818848
569579015000000,32224,-0.038,0.027,1.021,1.25,2.72,-0.93,1,imu01,fusion_20260818T183239Z,1323,32224309,569579009815462
569579046000000,32244,-0.049,0.021,1.025,0.43,3.73,-0.35,1,imu01,fusion_20260818T183239Z,1324,32244312,569579029818076
569579062000000,32264,-0.036,0.011,1.009,-0.97,2.21,1.03,1,imu01,fusion_20260818T183239Z,1325,32264309,569579049814690
569579078000000,32284,-0.017,0.011,1.008,-0.84,1.65,1.4,1,imu01,fusion_20260818T183239Z,1326,32284312,569579069817304
569579093000000,32304,-0.043,0.007,0.993,0.47,-2.28,-0.2,1,imu01,fusion_20260818T183239Z,1327,32304309,569579089813918
569579125000000,32324,-0.043,0.011,0.998,0.8,-0.4,-0.68,1,imu01,fusion_20260818T183239Z,1328,32324312,569579109816531
569579140000000,32344,-0.04,0.011,1.01,0.7,1.52,-1.24,1,imu01,fusion_20260818T183239Z,1329,32344309,569579129813145
569579156000000,32364,-0.05,0.022,1.012,0.63,-0.66,-1.78,1,imu01,fusion_20260818T183239Z,1330,32364312,569579149815759
569579171000000,32384,-0.054,0.031,1.007,0.77,-1.64,-1.22,1,imu01,fusion_20260818T183239Z,1331,32384309,569579169812373
569579203000000,32404,-0.051,0.017,0.994,0.8,-1.03,-0.65,1,imu01,fusion_20260818T183239Z,1332,32404312,569579189814986
569579218000000,32424,-0.049,0.012,0.994,1.16,-0.23,-1.22,1,imu01,fusion_20260818T183239Z,1333,32424309,569579209811600
569579234000000,32444,-0.065,0.024,0.996,1.84,-2.49,-2.61,1,imu01,fusion_20260818T183239Z,1334,32444312,569579229814214
569579265000000,32464,-0.056,0.028,1.011,2.09,-0.02,-1.8,1,imu01,fusion_20260818T183239Z,1335,32464309,569579249810828
569579281000000,32484,-0.063,0.025,0.99,2.35,-0.74,-1.23,1,imu01,fusion_20260818T183239Z,1336,32484312,569579269813442
569579296000000,32504,-0.059,0.028,1.005,1.92,-0.38,-0.84,1,imu01,fusion_20260818T183239Z,1337,32504309,569579289810056
569579312000000,32524,-0.059,0.025,0.998,1.33,2.47,-0.2,1,imu01,fusion_20260818T183239Z,1338,32524312,569579309812669
569579343000000,32544,-0.049,0.036,1.004,0.91,2.15,0.21,1,imu01,fusion_20260818T183239Z,1339,32544309,569579329809283
569579359000000,32564,-0.043,0.027,0.992,0.28,2.04,0.97,1,imu01,fusion_20260818T183239Z,1340,32564312,569579349811897
569579375000000,32584,-0.054,0.017,0.982,-0.16,1.67,1.04,1,imu01,fusion_20260818T183239Z,1341,32584309,569579369808511
569579406000000,32604,-0.049,0.027,0.998,-0.88,2.69,0.85,1,imu01,fusion_20260818T183239Z,1342,32604312,569579389811125
569579421000000,32624,-0.053,0.022,1.003,-0.45,2.76,0.91,1,imu01,fusion_20260818T183239Z,1343,32624309,569579409807739
569579437000000,32644,-0.057,0.019,0.996,-0.23,1.47,0.94,1,imu01,fusion_20260818T183239Z,1344,32644312,569579429810352
569579453000000,32664,-0.048,0.014,1.011,-0.38,1.87,0.8,1,imu01,fusion_20260818T183239Z,1345,32664309,569579449806966
569579484000000,32684,-0.046,0.018,1.009,-0.6,1.84,0.62,1,imu01,fusion_20260818T183239Z,1346,32684312,569579469809580
569579500000000,32704,-0.047,0.022,1.007,-0.69,0.18,0.61,1,imu01,fusion_20260818T183239Z,1347,32704309,569579489806194
569579515000000,32724,-0.052,0.019,0.987,0.0,0.79,0.57,1,imu01,fusion_20260818T183239Z,1348,32724312,569579509808808
569579546000000,32744,-0.051,0.019,0.991,0.46,0.91,-0.05,1,imu01,fusion_20260818T183239Z,1349,32744309,569579529805422
569579562000000,32764,-0.059,0.023,1.001,1.21,0.36,-1.06,1,imu01,fusion_20260818T183239Z,1350,32764312,569579549808035
569579578000000,32784,-0.069,0.028,0.984,0.94,0.42,-1.38,1,imu01,fusion_20260818T183239Z,1351,32784309,569579569804649
569579593000000,32804,-0.06,0.023,1.002,-0.2,2.36,-0.43,1,imu01,fusion_20260818T183239Z,1352,32804312,569579589807263
569579625000000,32824,-0.061,0.022,0.989,-0.46,1.64,0.07,1,imu01,fusion_20260818T183239Z,1353,32824309,569579609803877
569579640000000,32844,-0.064,0.016,0.98,-0.59,0.55,-0.11,1,imu01,fusion_20260818T183239Z,1354,32844312,569579629806490
569579656000000,32864,-0.056,0.025,1.006,-0.33,3.47,-0.73,1,imu01,fusion_20260818T183239Z,1355,32864309,569579649803104
569579687000000,32884,-0.066,0.031,1.022,-0.08,2.84,-1.14,1,imu01,fusion_20260818T183239Z,1356,32884312,569579669805718
569579703000000,32904,-0.072,0.032,1.011,0.78,0.65,-0.82,1,imu01,fusion_20260818T183239Z,1357,32904309,569579689802332
569579718000000,32924,-0.07,0.031,1.008,0.77,0.41,0.41,1,imu01,fusion_20260818T183239Z,1358,32924312,569579709804946
569579734000000,32944,-0.05,0.012,1.001,-0.07,2.03,1.91,1,imu01,fusion_20260818T183239Z,1359,32944309,569579729801560
569579765000000,32964,-0.046,0.004,0.999,-0.24,0.2,1.19,1,imu01,fusion_20260818T183239Z,1360,32964312,569579749804173
569579781000000,32984,-0.054,0.013,0.984,-0.03,-1.35,-0.32,1,imu01,fusion_20260818T183239Z,1361,32984309,569579769800787
569579796000000,33004,-0.058,0.016,0.999,-0.04,-1.93,-0.89,1,imu01,fusion_20260818T183239Z,1362,33004312,569579789803401
569579812000000,33024,-0.05,0.011,1.002,-0.13,0.22,-0.84,1,imu01,fusion_20260818T183239Z,1363,33024309,569579809800015
569579843000000,33044,-0.07,0.029,1.007,0.26,0.29,-2.07,1,imu01,fusion_20260818T183239Z,1364,33044312,569579829802629
569579859000000,33064,-0.072,0.031,1.013,0.51,-1.68,-1.93,1,imu01,fusion_20260818T183239Z,1365,33064309,569579849799242
569579875000000,33084,-0.061,0.028,1.022,1.17,-2.61,-1.81,1,imu01,fusion_20260818T183239Z,1366,33084312,569579869801856
569579906000000,33104,-0.065,0.02,1.003,2.35,-1.93,-1.73,1,imu01,fusion_20260818T183239Z,1367,33104309,569579889798470
569579921000000,33124,-0.065,0.017,0.988,2.26,-1.68,-1.57,1,imu01,fusion_20260818T183239Z,1368,33124312,569579909801084
569579937000000,33144,-0.072,0.006,0.966,1.57,-2.24,-1.42,1,imu01,fusion_20260818T183239Z,1369,33144309,569579929797698
569579953000000,33164,-0.066,-0.01,0.956,1.65,-1.23,-2.01,1,imu01,fusion_20260818T183239Z,1370,33164312,569579949800312
569579984000000,33184,-0.071,-0.004,0.943,2.26,1.75,-3.58,1,imu01,fusion_20260818T183239Z,1371,33184309,569579969796926
569580000000000,33204,-0.074,-0.004,0.956,2.45,4.81,-5.17,1,imu01,fusion_20260818T183239Z,1372,33204312,569579989799539
569580015000000,33224,-0.091,-0.0,0.94,2.21,5.22,-6.11,1,imu01,fusion_20260818T183239Z,1373,33224309,569580009796153
569580046000000,33244,-0.087,0.004,0.952,3.17,6.29,-6.79,1,imu01,fusion_20260818T183239Z,1374,33244312,569580029798767
569580062000000,33264,-0.105,-0.004,0.927,5.06,7.62,-8.2,1,imu01,fusion_20260818T183239Z,1375,33264309,569580049795381
569580078000000,33284,-0.105,-0.01,0.942,6.96,9.42,-9.41,1,imu01,fusion_20260818T183239Z,1376,33284312,569580069797994
569580093000000,33304,-0.108,0.004,0.968,9.22,13.5,-11.85,1,imu01,fusion_20260818T183239Z,1377,33304309,569580089794608
569580125000000,33324,-0.139,0.034,0.907,11.17,18.95,-14.84,1,imu01,fusion_20260818T183239Z,1378,33324312,569580109797222
569580140000000,33344,-0.152,0.06,0.886,11.33,23.21,-14.67,1,imu01,fusion_20260818T183239Z,1379,33344309,569580129793836
569580156000000,33364,-0.174,0.127,0.967,9.86,24.7,-11.0,1,imu01,fusion_20260818T183239Z,1380,33364312,569580149796450
569580187000000,33384,-0.131,0.052,0.872,6.68,21.65,-7.72,1,imu01,fusion_20260818T183239Z,1381,33384309,569580169793064
569580203000000,33404,-0.126,0.05,0.849,6.67,23.74,-7.97,1,imu01,fusion_20260818T183239Z,1382,33404312,569580189795677
569580218000000,33424,-0.129,0.056,0.879,6.57,27.34,-5.91,1,imu01,fusion_20260818T183239Z,1383,33424309,569580209792291
569580234000000,33444,-0.129,0.047,0.883,7.67,23.33,-5.32,1,imu01,fusion_20260818T183239Z,1384,33444312,569580229794905
569580265000000,33464,-0.133,0.06,0.881,6.96,22.92,-4.55,1,imu01,fusion_20260818T183239Z,1385,33464309,569580249791519
569580281000000,33484,-0.14,0.071,0.86,5.8,22.9,-3.82,1,imu01,fusion_20260818T183239Z,1386,33484312,569580269794133
569580296000000,33504,-0.125,0.066,0.91,3.32,21.3,-1.93,1,imu01,fusion_20260818T183239Z,1387,33504309,569580289790746
569580312000000,33524,-0.095,0.016,0.939,1.79,17.74,-2.78,1,imu01,fusion_20260818T183239Z,1388,33524312,569580309793360
569580343000000,33544,-0.065,-0.028,1.039,1.86,16.91,-9.36,1,imu01,fusion_20260818T183239Z,1389,33544309,569580329789974
569580359000000,33564,-0.141,0.064,1.072,2.99,25.49,-19.34,1,imu01,fusion_20260818T183239Z,1390,33564312,569580349792588
569580375000000,33584,-0.21,0.18,1.099,1.99,24.14,-20.68,1,imu01,fusion_20260818T183239Z,1391,33584309,569580369789202
569580406000000,33604,-0.211,0.158,1.052,-2.4,7.34,-8.23,1,imu01,fusion_20260818T183239Z,1392,33604312,569580389791816
569580421000000,33624,-0.155,0.133,1.107,-4.53,-8.35,4.44,1,imu01,fusion_20260818T183239Z,1393,33624309,569580409788429
569580437000000,33644,-0.12,0.077,0.996,-0.94,-19.91,11.39,1,imu01,fusion_20260818T183239Z,1394,33644312,569580429791043
569580453000000,33664,-0.094,0.053,1.01,-0.69,-23.07,12.97,1,imu01,fusion_20260818T183239Z,1395,33664309,569580449787657
569580484000000,33684,-0.111,0.068,0.987,2.53,-23.16,10.71,1,imu01,fusion_20260818T183239Z,1396,33684312,569580469790271
569580500000000,33704,-0.112,0.072,0.945,3.64,-13.32,10.33,1,imu01,fusion_20260818T183239Z,1397,33704309,569580489786885
569580515000000,33724,-0.135,0.115,1.005,3.7,-2.98,8.65,1,imu01,fusion_20260818T183239Z,1398,33724312,569580509789498
569580546000000,33744,-0.152,0.058,0.958,2.28,-3.73,13.45,1,imu01,fusion_20260818T183239Z,1399,33744309,569580529786112
569580562000000,33764,-0.139,0.077,0.907,1.81,-3.98,16.07,1,imu01,fusion_20260818T183239Z,1400,33764312,569580549788726
569580578000000,33784,-0.117,0.032,0.89,-1.19,-4.81,23.81,1,imu01,fusion_20260818T183239Z,1401,33784309,569580569785340
569580593000000,33804,-0.153,0.044,0.839,-1.81,-4.83,27.16,1,imu01,fusion_20260818T183239Z,1402,33804312,569580589787954
569580625000000,33824,-0.159,0.048,0.83,-3.57,-1.99,28.51,1,imu01,fusion_20260818T183239Z,1403,33824309,569580609784568
569580640000000,33844,-0.186,0.012,0.791,-5.16,-2.26,24.52,1,imu01,fusion_20260818T183239Z,1404,33844312,569580629787181
569580656000000,33864,-0.155,0.022,0.865,-4.97,-3.56,17.29,1,imu01,fusion_20260818T183239Z,1405,33864309,569580649783795
569580687000000,33884,-0.165,0.041,0.959,-3.75,-4.7,11.47,1,imu01,fusion_20260818T183239Z,1406,33884312,569580669786409
569580703000000,33904,-0.162,0.051,0.999,-2.42,-4.45,9.78,1,imu01,fusion_20260818T183239Z,1407,33904309,569580689783023
569580718000000,33924,-0.155,0.013,0.975,-4.02,-1.48,13.59,1,imu01,fusion_20260818T183239Z,1408,33924312,569580709785637
569580734000000,33944,-0.144,-0.053,0.97,-10.17,-2.19,12.97,1,imu01,fusion_20260818T183239Z,1409,33944309,569580729782250
569580765000000,33964,-0.063,-0.145,1.045,-17.07,-4.45,3.98,1,imu01,fusion_20260818T183239Z,1410,33964311,569580749783864
569580781000000,33984,-0.274,-0.157,1.063,-16.51,4.07,-11.64,1,imu01,fusion_20260818T183239Z,1411,33984309,569580769781478
569580796000000,34004,-0.219,0.049,1.085,-12.59,0.55,-21.46,1,imu01,fusion_20260818T183239Z,1412,34004312,569580789784092
569580828000000,34024,-0.221,0.103,1.028,-13.01,-7.06,-15.03,1,imu01,fusion_20260818T183239Z,1413,34024309,569580809780706
569580843000000,34044,-0.17,0.109,1.002,-19.75,-10.55,-6.45,1,imu01,fusion_20260818T183239Z,1414,34044312,569580829783320
569580859000000,34064,-0.172,0.085,1.042,-12.84,0.65,2.68,1,imu01,fusion_20260818T183239Z,1415,34064309,569580849779933
569580875000000,34084,-0.197,0.09,1.085,-4.88,-3.83,2.65,1,imu01,fusion_20260818T183239Z,1416,34084312,569580869782547
569580906000000,34104,-0.202,0.084,1.094,3.87,-14.16,0.77,1,imu01,fusion_20260818T183239Z,1417,34104309,569580889779161
569580921000000,34124,-0.222,0.114,1.081,9.19,-16.15,0.22,1,imu01,fusion_20260818T183239Z,1418,34124312,569580909781775
569580937000000,34144,-0.239,0.125,1.087,13.54,-14.9,4.8,1,imu01,fusion_20260818T183239Z,1419,34144309,569580929778389
569580953000000,34164,-0.192,0.064,1.067,12.47,-14.93,12.79,1,imu01,fusion_20260818T183239Z,1420,34164312,569580949781002
569580984000000,34184,-0.159,0.015,1.047,8.85,-17.51,16.01,1,imu01,fusion_20260818T183239Z,1421,34184309,569580969777616
569581000000000,34204,-0.122,0.003,1.085,6.83,-14.48,11.61,1,imu01,fusion_20260818T183239Z,1422,34204312,569580989780230
569581015000000,34224,-0.118,0.055,1.107,6.79,-12.35,5.16,1,imu01,fusion_20260818T183239Z,1423,34224309,569581009776844
569581046000000,34244,-0.135,0.091,1.109,7.5,-15.09,1.07,1,imu01,fusion_20260818T183239Z,1424,34244312,569581029779458
569581062000000,34264,-0.134,0.116,1.105,7.58,-16.11,1.14,1,imu01,fusion_20260818T183239Z,1425,34264309,569581049776072
569581078000000,34284,-0.106,0.115,1.075,3.37,-20.22,3.35,1,imu01,fusion_20260818T183239Z,1426,34284312,569581069778685
569581093000000,34304,-0.078,0.053,1.048,-4.85,-30.43,4.59,1,imu01,fusion_20260818T183239Z,1427,34304309,569581089775299
569581125000000,34324,-0.073,0.025,1.005,-11.09,-41.67,0.23,1,imu01,fusion_20260818T183239Z,1428,34324312,569581109777913
569581140000000,34344,-0.075,0.03,0.979,-13.67,-36.02,-3.22,1,imu01,fusion_20260818T183239Z,1429,34344309,569581129774527
569581156000000,34364,-0.112,0.015,1.016,-10.4,-33.26,-7.69,1,imu01,fusion_20260818T183239Z,1430,34364312,569581149777141
569581187000000,34384,-0.061,0.073,1.099,1.48,-25.31,-8.22,1,imu01,fusion_20260818T183239Z,1431,34384309,569581169773754
569581203000000,34404,-0.077,0.059,1.079,10.24,-16.87,-4.71,1,imu01,fusion_20260818T183239Z,1432,34404312,569581189776368
569581218000000,34424,-0.069,0.07,1.038,11.42,-14.9,0.42,1,imu01,fusion_20260818T183239Z,1433,34424309,569581209772982
569581234000000,34444,-0.027,0.061,1.0,5.41,-20.91,5.33,1,imu01,fusion_20260818T183239Z,1434,34444312,569581229775596
569581265000000,34464,0.025,0.04,1.012,-4.23,-27.96,6.58,1,imu01,fusion_20260818T183239Z,1435,34464309,569581249772210
569581281000000,34484,0.037,0.015,1.023,-10.89,-27.07,3.01,1,imu01,fusion_20260818T183239Z,1436,34484312,569581269774824
569581296000000,34504,0.086,0.023,1.019,-11.81,-21.7,-3.1,1,imu01,fusion_20260818T183239Z,1437,34504309,569581289771437
569581328000000,34524,0.078,0.032,0.975,-11.99,-14.03,-10.39,1,imu01,fusion_20260818T183239Z,1438,34524312,569581309774051
569581343000000,34544,0.111,0.114,0.926,-15.54,-11.09,-15.87,1,imu01,fusion_20260818T183239Z,1439,34544309,569581329770665
569581359000000,34564,0.02,-0.008,0.985,-19.97,-9.87,-16.7,1,imu01,fusion_20260818T183239Z,1440,34564312,569581349773279
569581375000000,34584,0.007,0.013,1.024,-6.08,-6.88,-25.56,1,imu01,fusion_20260818T183239Z,1441,34584309,569581369769893
569581406000000,34604,0.048,0.095,1.038,8.64,12.03,-29.32,1,imu01,fusion_20260818T183239Z,1442,34604312,569581389772506
569581421000000,34624,0.054,0.124,1.045,9.53,-0.11,-26.84,1,imu01,fusion_20260818T183239Z,1443,34624309,569581409769120
569581437000000,34644,0.136,0.074,0.953,6.47,-23.03,-22.41,1,imu01,fusion_20260818T183239Z,1444,34644312,569581429771734
569581453000000,34664,0.202,0.043,0.953,0.09,-20.03,-19.19,1,imu01,fusion_20260818T183239Z,1445,34664309,569581449768348
569581484000000,34684,0.202,0.052,0.946,-4.38,-2.41,-18.44,1,imu01,fusion_20260818T183239Z,1446,34684312,569581469770962
569581500000000,34704,0.158,0.057,0.942,-7.75,10.04,-17.25,1,imu01,fusion_20260818T183239Z,1447,34704309,569581489767576
569581515000000,34724,0.139,-0.0,1.036,-12.39,0.61,-15.71,1,imu01,fusion_20260818T183239Z,1448,34724312,569581509770189
569581546000000,34744,0.175,-0.024,1.026,-11.09,-3.93,-14.82,1,imu01,fusion_20260818T183239Z,1449,34744309,569581529766803
569581562000000,34764,0.156,-0.024,1.016,-15.43,2.68,-10.87,1,imu01,fusion_20260818T183239Z,1450,34764312,569581549769417
569581578000000,34784,0.164,-0.035,0.991,-19.25,11.6,-6.67,1,imu01,fusion_20260818T183239Z,1451,34784309,569581569766031
569581593000000,34804,0.141,-0.08,1.036,-22.55,8.9,-2.7,1,imu01,fusion_20260818T183239Z,1452,34804312,569581589768645
569581625000000,34824,0.1,-0.07,1.075,-12.3,-5.23,-7.36,1,imu01,fusion_20260818T183239Z,1453,34824309,569581609765258
569581640000000,34844,0.036,-0.003,1.032,2.35,-10.77,-7.96,1,imu01,fusion_20260818T183239Z,1454,34844312,569581629767872
569581656000000,34864,0.018,0.007,1.001,5.2,-14.19,3.93,1,imu01,fusion_20260818T183239Z,1455,34864309,569581649764486
569581687000000,34884,0.079,-0.058,0.97,0.4,-12.06,17.09,1,imu01,fusion_20260818T183239Z,1456,34884312,569581669767100
569581703000000,34904,0.071,-0.107,0.931,-5.65,-7.59,19.73,1,imu01,fusion_20260818T183239Z,1457,34904309,569581689763714
569581718000000,34924,0.056,-0.072,0.978,-8.71,-7.6,11.36,1,imu01,fusion_20260818T183239Z,1458,34924312,569581709766328
569581734000000,34944,0.042,-0.006,0.977,-11.51,-6.77,3.26,1,imu01,fusion_20260818T183239Z,1459,34944309,569581729762941
569581765000000,34964,0.044,0.03,1.031,-10.53,-8.73,-0.46,1,imu01,fusion_20260818T183239Z,1460,34964312,569581749765555
569581781000000,34984,0.05,0.0,1.014,-4.97,-15.52,-0.38,1,imu01,fusion_20260818T183239Z,1461,34984309,569581769762169
569581796000000,35004,0.094,-0.074,1.01,-0.02,-15.47,0.03,1,imu01,fusion_20260818T183239Z,1462,35004312,569581789764783
569581812000000,35024,0.054,-0.074,0.99,6.2,-6.51,-6.13,1,imu01,fusion_20260818T183239Z,1463,35024309,569581809761397
569581843000000,35044,0.03,-0.023,1.032,6.65,-1.2,-12.22,1,imu01,fusion_20260818T183239Z,1464,35044312,569581829764010
569581859000000,35064,0.039,0.018,1.096,2.68,1.1,-11.48,1,imu01,fusion_20260818T183239Z,1465,35064309,569581849760624
569581875000000,35084,0.041,0.044,1.076,1.85,-5.39,-6.89,1,imu01,fusion_20260818T183239Z,1466,35084312,569581869763238
569581906000000,35104,0.07,0.021,1.021,2.07,-6.6,1.48,1,imu01,fusion_20260818T183239Z,1467,35104309,569581889759852
569581921000000,35124,0.097,-0.002,0.996,2.38,-4.62,6.38,1,imu01,fusion_20260818T183239Z,1468,35124312,569581909762466
569581937000000,35144,0.11,-0.021,0.991,2.96,0.22,6.06,1,imu01,fusion_20260818T183239Z,1469,35144309,569581929759080
569581953000000,35164,0.087,0.008,0.996,4.61,3.49,1.65,1,imu01,fusion_20260818T183239Z,1470,35164312,569581949761693
569581984000000,35184,0.085,0.024,1.028,4.16,5.15,0.13,1,imu01,fusion_20260818T183239Z,1471,35184309,569581969758307
569582000000000,35204,0.059,0.034,1.041,4.61,3.03,0.24,1,imu01,fusion_20260818T183239Z,1472,35204312,569581989760921
569582015000000,35224,0.075,0.02,1.043,5.09,0.24,2.2,1,imu01,fusion_20260818T183239Z,1473,35224309,569582009757535
569582046000000,35244,0.065,0.014,1.011,6.54,-3.69,2.74,1,imu01,fusion_20260818T183239Z,1474,35244312,569582029760149
569582062000000,35264,0.077,0.003,1.026,7.44,-7.45,2.59,1,imu01,fusion_20260818T183239Z,1475,35264309,569582049756762
569582078000000,35284,0.07,0.0,1.006,9.56,-10.4,1.04,1,imu01,fusion_20260818T183239Z,1476,35284312,569582069759376
569582093000000,35304,0.083,-0.008,1.016,8.96,-6.08,1.67,1,imu01,fusion_20260818T183239Z,1477,35304309,569582089755990
569582125000000,35324,0.093,-0.001,1.003,8.9,-3.19,1.65,1,imu01,fusion_20260818T183239Z,1478,35324312,569582109758604
569582140000000,35344,0.104,-0.004,0.976,8.41,-2.6,1.68,1,imu01,fusion_20260818T183239Z,1479,35344309,569582129755218
569582156000000,35364,0.105,0.005,0.977,6.6,-4.97,0.87,1,imu01,fusion_20260818T183239Z,1480,35364312,569582149757832
569582187000000,35384,0.114,-0.004,0.978,6.62,-6.86,-0.09,1,imu01,fusion_20260818T183239Z,1481,35384309,569582169754445
569582203000000,35404,0.109,-0.004,0.968,8.23,-3.1,-1.73,1,imu01,fusion_20260818T183239Z,1482,35404312,569582189757059
569582218000000,35424,0.092,0.022,0.973,7.15,-1.05,-4.62,1,imu01,fusion_20260818T183239Z,1483,35424309,569582209753673
569582234000000,35444,0.081,0.038,0.976,5.88,2.76,-5.26,1,imu01,fusion_20260818T183239Z,1484,35444312,569582229756287
569582265000000,35464,0.067,0.045,0.967,5.85,3.55,-4.7,1,imu01,fusion_20260818T183239Z,1485,35464309,569582249752901
569582281000000,35484,0.08,0.034,1.002,5.7,4.99,-3.3,1,imu01,fusion_20260818T183239Z,1486,35484312,569582269755514
569582296000000,35504,0.069,0.057,1.009,6.79,-0.33,-4.29,1,imu01,fusion_20260818T183239Z,1487,35504309,569582289752128
569582312000000,35524,0.067,0.062,1.03,7.09,-2.35,-3.61,1,imu01,fusion_20260818T183239Z,1488,35524312,569582309754742
569582343000000,35544,0.078,0.064,1.063,9.19,-4.22,-3.29,1,imu01,fusion_20260818T183239Z,1489,35544309,569582329751356
569582359000000,35564,0.075,0.067,0.995,12.48,-9.02,-2.58,1,imu01,fusion_20260818T183239Z,1490,35564312,569582349753970
569582375000000,35584,0.084,0.075,1.013,13.93,-6.92,-2.98,1,imu01,fusion_20260818T183239Z,1491,35584309,569582369750584
569582406000000,35604,0.086,0.074,1.009,10.36,1.31,-0.22,1,imu01,fusion_20260818T183239Z,1492,35604312,569582389753197
569582421000000,35624,0.083,0.071,0.98,6.08,0.15,0.54,1,imu01,fusion_20260818T183239Z,1493,35624309,569582409749811
569582437000000,35644,0.084,0.073,0.98,1.9,-1.41,1.78,1,imu01,fusion_20260818T183239Z,1494,35644312,569582429752425
569582453000000,35664,0.083,0.054,0.978,-1.14,1.21,4.13,1,imu01,fusion_20260818T183239Z,1495,35664309,569582449749039
569582484000000,35684,0.077,0.045,0.97,-1.63,4.48,4.61,1,imu01,fusion_20260818T183239Z,1496,35684312,569582469751653
569582500000000,35704,0.081,0.041,0.992,-1.7,5.55,4.72,1,imu01,fusion_20260818T183239Z,1497,35704309,569582489748266
569582515000000,35724,0.096,0.033,1.002,-0.38,6.26,3.92,1,imu01,fusion_20260818T183239Z,1498,35724312,569582509750880
569582546000000,35744,0.089,0.042,1.003,0.45,4.97,2.98,1,imu01,fusion_20260818T183239Z,1499,35744309,569582529747494
569582562000000,35764,0.085,0.038,1.014,-0.02,0.02,2.52,1,imu01,fusion_20260818T183239Z,1500,35764312,569582549750108
569582578000000,35784,0.085,0.043,1.005,0.99,-0.29,1.75,1,imu01,fusion_20260818T183239Z,1501,35784309,569582569746722
569582593000000,35804,0.101,0.038,1.017,-0.14,0.54,2.22,1,imu01,fusion_20260818T183239Z,1502,35804312,569582589749336
569582625000000,35824,0.098,0.034,0.996,-1.14,-1.19,1.45,1,imu01,fusion_20260818T183239Z,1503,35824309,569582609745949
569582640000000,35844,0.096,0.035,1.014,-1.9,-2.19,0.11,1,imu01,fusion_20260818T183239Z,1504,35844312,569582629748563
569582656000000,35864,0.088,0.044,1.03,-1.23,0.18,-1.25,1,imu01,fusion_20260818T183239Z,1505,35864309,569582649745177
569582687000000,35884,0.079,0.063,1.023,0.57,-0.92,-1.62,1,imu01,fusion_20260818T183239Z,1506,35884312,569582669747791
569582703000000,35904,0.095,0.042,1.019,1.16,-2.79,0.26,1,imu01,fusion_20260818T183239Z,1507,35904309,569582689744405
569582718000000,35924,0.099,0.028,0.969,0.81,-5.72,0.29,1,imu01,fusion_20260818T183239Z,1508,35924312,569582709747018
569582734000000,35944,0.108,0.019,0.964,-1.72,-4.03,-1.03,1,imu01,fusion_20260818T183239Z,1509,35944309,569582729743632
569582765000000,35964,0.095,0.051,0.97,-3.3,-3.73,-3.32,1,imu01,fusion_20260818T183239Z,1510,35964311,569582749745246
569582781000000,35984,0.098,0.066,0.974,-4.23,-2.98,-2.41,1,imu01,fusion_20260818T183239Z,1511,35984309,569582769742860
569582796000000,36004,0.113,0.047,0.978,-2.96,-3.09,-0.61,1,imu01,fusion_20260818T183239Z,1512,36004312,569582789745474
569582812000000,36024,0.109,0.038,0.964,-0.39,-2.47,-0.94,1,imu01,fusion_20260818T183239Z,1513,36024309,569582809742088
569582843000000,36044,0.098,0.044,0.996,0.8,2.75,-3.39,1,imu01,fusion_20260818T183239Z,1514,36044312,569582829744701
569582859000000,36064,0.075,0.061,1.008,-0.28,3.16,-4.59,1,imu01,fusion_20260818T183239Z,1515,36064309,569582849741315
569582875000000,36084,0.079,0.06,1.039,-1.08,-0.51,-4.45,1,imu01,fusion_20260818T183239Z,1516,36084312,569582869743929
569582906000000,36104,0.078,0.06,1.041,-0.73,-3.53,-3.2,1,imu01,fusion_20260818T183239Z,1517,36104309,569582889740543
569582921000000,36124,0.076,0.068,1.024,1.89,-2.27,-3.29,1,imu01,fusion_20260818T183239Z,1518,36124312,569582909743156
569582937000000,36144,0.078,0.07,1.005,3.54,-2.27,-2.34,1,imu01,fusion_20260818T183239Z,1519,36144309,569582929739770
569582953000000,36164,0.075,0.061,0.979,4.2,-1.29,-1.33,1,imu01,fusion_20260818T183239Z,1520,36164312,569582949742384
569582984000000,36184,0.09,0.057,0.988,2.39,-0.06,-0.06,1,imu01,fusion_20260818T183239Z,1521,36184309,569582969738998
569583000000000,36204,0.083,0.071,0.98,1.38,-2.06,-0.42,1,imu01,fusion_20260818T183239Z,1522,36204312,569582989741612
569583015000000,36224,0.092,0.064,0.968,0.69,-1.61,0.79,1,imu01,fusion_20260818T183239Z,1523,36224309,569583009738226
569583031000000,36244,0.089,0.066,0.974,0.31,-1.73,1.25,1,imu01,fusion_20260818T183239Z,1524,36244312,569583029740840
569583062000000,36264,0.092,0.06,0.974,0.38,-0.46,2.14,1,imu01,fusion_20260818T183239Z,1525,36264309,569583049737453
569583078000000,36284,0.093,0.053,1.006,1.62,2.81,2.37,1,imu01,fusion_20260818T183239Z,1526,36284312,569583069740067
569583093000000,36304,0.091,0.064,1.02,4.16,2.87,2.68,1,imu01,fusion_20260818T183239Z,1527,36304309,569583089736681
569583125000000,36324,0.095,0.051,1.012,6.16,1.28,3.82,1,imu01,fusion_20260818T183239Z,1528,36324312,569583109739295
569583140000000,36344,0.108,0.033,1.002,6.42,-0.84,4.42,1,imu01,fusion_20260818T183239Z,1529,36344309,569583129735909
569583156000000,36364,0.104,0.042,0.984,4.6,-1.26,3.23,1,imu01,fusion_20260818T183239Z,1530,36364312,569583149738522
569583171000000,36384,0.096,0.051,0.971,2.05,0.52,1.8,1,imu01,fusion_20260818T183239Z,1531,36384309,569583169735136
569583203000000,36404,0.097,0.063,0.986,-1.6,0.07,1.74,1,imu01,fusion_20260818T183239Z,1532,36404312,569583189737750
569583218000000,36424,0.095,0.071,1.002,-2.07,-1.01,1.08,1,imu01,fusion_20260818T183239Z,1533,36424309,569583209734364
569583234000000,36444,0.081,0.072,0.99,0.09,0.67,0.45,1,imu01,fusion_20260818T183239Z,1534,36444312,569583229736978
569583265000000,36464,0.081,0.08,1.019,2.0,4.14,0.64,1,imu01,fusion_20260818T183239Z,1535,36464309,569583249733592
569583281000000,36484,0.082,0.074,0.996,3.06,1.88,1.55,1,imu01,fusion_20260818T183239Z,1536,36484312,569583269736205
569583296000000,36504,0.108,0.058,1.022,2.64,1.39,2.56,1,imu01,fusion_20260818T183239Z,1537,36504309,569583289732819
569583312000000,36524,0.098,0.054,1.013,3.28,-3.14,1.64,1,imu01,fusion_20260818T183239Z,1538,36524312,569583309735433
569583343000000,36544,0.108,0.048,1.01,3.99,-2.22,1.29,1,imu01,fusion_20260818T183239Z,1539,36544309,569583329732047
569583359000000,36564,0.104,0.042,1.002,5.19,-4.71,0.45,1,imu01,fusion_20260818T183239Z,1540,36564312,569583349734660
569583375000000,36584,0.117,0.031,1.021,5.65,-6.43,-0.62,1,imu01,fusion_20260818T183239Z,1541,36584309,569583369731274
569583406000000,36604,0.127,0.018,0.982,6.03,-14.9,-5.83,1,imu01,fusion_20260818T183239Z,1542,36604312,569583389733888
569583421000000,36624,0.112,0.042,0.974,5.63,-15.03,-7.4,1,imu01,fusion_20260818T183239Z,1543,36624309,569583409730502
569583437000000,36644,0.109,0.069,0.962,3.27,-12.56,-9.27,1,imu01,fusion_20260818T183239Z,1544,36644312,569583429733116
569583453000000,36664,0.102,0.084,0.971,0.78,-8.98,-9.06,1,imu01,fusion_20260818T183239Z,1545,36664309,569583449729730
569583484000000,36684,0.102,0.095,0.969,1.48,-6.19,-8.64,1,imu01,fusion_20260818T183239Z,1546,36684312,569583469732343
569583500000000,36704,0.107,0.102,0.982,2.14,-3.21,-7.61,1,imu01,fusion_20260818T183239Z,1547,36704309,569583489728957
569583515000000,36724,0.093,0.115,0.995,2.74,-0.91,-6.46,1,imu01,fusion_20260818T183239Z,1548,36724312,569583509731571
569583546000000,36744,0.091,0.119,1.015,2.44,-0.41,-3.8,1,imu01,fusion_20260818T183239Z,1549,36744309,569583529728185
569583562000000,36764,0.085,0.136,1.029,2.32,-0.72,-1.09,1,imu01,fusion_20260818T183239Z,1550,36764312,569583549730799
569583578000000,36784,0.09,0.127,1.028,3.28,-0.48,1.39,1,imu01,fusion_20260818T183239Z,1551,36784309,569583569727413
569583593000000,36804,0.107,0.12,1.007,4.39,-0.65,4.0,1,imu01,fusion_20260818T183239Z,1552,36804312,569583589730026
569583625000000,36824,0.11,0.114,0.987,4.8,-2.23,5.66,1,imu01,fusion_20260818T183239Z,1553,36824309,569583609726640
569583640000000,36844,0.105,0.099,0.951,4.57,-2.03,7.03,1,imu01,fusion_20260818T183239Z,1554,36844312,569583629729254
569583656000000,36864,0.112,0.085,0.961,3.31,-0.9,7.84,1,imu01,fusion_20260818T183239Z,1555,36864309,569583649725868
569583671000000,36884,0.121,0.082,0.98,3.2,-1.66,6.75,1,imu01,fusion_20260818T183239Z,1556,36884312,569583669728482
569583703000000,36904,0.116,0.078,0.969,3.64,0.48,6.31,1,imu01,fusion_20260818T183239Z,1557,36904309,569583689725096
569583718000000,36924,0.125,0.076,0.976,4.03,1.44,5.75,1,imu01,fusion_20260818T183239Z,1558,36924312,569583709727709
569583734000000,36944,0.13,0.068,0.961,4.25,-1.51,4.83,1,imu01,fusion_20260818T183239Z,1559,36944309,569583729724323
569583765000000,36964,0.145,0.059,0.981,3.63,-2.22,3.92,1,imu01,fusion_20260818T183239Z,1560,36964312,569583749726937
569583781000000,36984,0.147,0.07,0.998,4.01,-0.3,2.29,1,imu01,fusion_20260818T183239Z,1561,36984309,569583769723551
569583796000000,37004,0.159,0.066,0.999,4.67,-0.74,0.26,1,imu01,fusion_20260818T183239Z,1562,37004312,569583789726164
569583812000000,37024,0.103,0.052,1.002,2.35,1.71,-0.37,1,imu01,fusion_20260818T183239Z,1563,37024309,569583809722778
569583843000000,37044,0.154,0.086,1.013,2.16,-0.55,-0.75,1,imu01,fusion_20260818T183239Z,1564,37044312,569583829725392
569583859000000,37064,0.149,0.091,1.022,2.22,-1.0,-0.55,1,imu01,fusion_20260818T183239Z,1565,37064309,569583849722006
569583875000000,37084,0.135,0.092,0.992,3.48,-6.4,-1.48,1,imu01,fusion_20260818T183239Z,1566,37084312,569583869724620
569583906000000,37104,0.123,0.101,0.986,4.74,-4.19,-1.81,1,imu01,fusion_20260818T183239Z,1567,37104309,569583889721234
569583921000000,37124,0.131,0.094,1.001,5.25,-3.01,-2.06,1,imu01,fusion_20260818T183239Z,1568,37124312,569583909723847
569583937000000,37144,0.113,0.122,1.013,5.36,-1.5,-2.84,1,imu01,fusion_20260818T183239Z,1569,37144309,569583929720461
569583953000000,37164,0.093,0.131,1.008,6.68,-0.8,-3.84,1,imu01,fusion_20260818T183239Z,1570,37164312,569583949723075
569583984000000,37184,0.054,0.148,0.984,7.95,1.3,-4.09,1,imu01,fusion_20260818T183239Z,1571,37184309,569583969719689
569584000000000,37204,0.053,0.158,0.963,6.14,0.26,-2.02,1,imu01,fusion_20260818T183239Z,1572,37204312,569583989722303
569584015000000,37224,0.089,0.15,0.974,3.41,1.74,2.65,1,imu01,fusion_20260818T183239Z,1573,37224309,569584009718917
569584046000000,37244,0.111,0.136,0.958,3.11,3.19,4.67,1,imu01,fusion_20260818T183239Z,1574,37244312,569584029721530
569584062000000,37264,0.104,0.15,0.95,5.07,7.24,4.45,1,imu01,fusion_20260818T183239Z,1575,37264309,569584049718144
569584078000000,37284,0.118,0.143,0.97,6.26,10.52,7.58,1,imu01,fusion_20260818T183239Z,1576,37284312,569584069720758
569584093000000,37304,0.144,0.126,0.991,7.14,12.21,10.78,1,imu01,fusion_20260818T183239Z,1577,37304309,569584089717372
569584125000000,37324,0.15,0.098,0.997,7.45,14.2,11.01,1,imu01,fusion_20260818T183239Z,1578,37324312,569584109719986
569584140000000,37344,0.136,0.095,1.023,7.67,15.81,9.47,1,imu01,fusion_20260818T183239Z,1579,37344309,569584129716600
569584156000000,37364,0.127,0.103,1.025,7.45,13.89,8.46,1,imu01,fusion_20260818T183239Z,1580,37364312,569584149719213
569584171000000,37384,0.134,0.085,1.021,5.82,10.49,11.58,1,imu01,fusion_20260818T183239Z,1581,37384309,569584169715827
569584203000000,37404,0.186,0.055,1.045,3.85,12.99,15.54,1,imu01,fusion_20260818T183239Z,1582,37404312,569584189718441
569584218000000,37424,0.18,0.068,1.026,3.66,13.38,15.0,1,imu01,fusion_20260818T183239Z,1583,37424309,569584209715055
569584234000000,37444,0.156,0.108,1.007,2.22,10.29,14.43,1,imu01,fusion_20260818T183239Z,1584,37444312,569584229717668
569584265000000,37464,0.143,0.122,0.997,-1.52,3.82,18.14,1,imu01,fusion_20260818T183239Z,1585,37464309,569584249714282
569584281000000,37484,0.153,0.117,0.983,-4.06,-1.31,22.52,1,imu01,fusion_20260818T183239Z,1586,37484312,569584269716896
569584296000000,37504,0.158,0.119,0.965,-4.43,-5.92,24.54,1,imu01,fusion_20260818T183239Z,1587,37504309,569584289713510
569584312000000,37524,0.165,0.123,0.95,-3.78,-4.13,24.52,1,imu01,fusion_20260818T183239Z,1588,37524312,569584309716124
569584343000000,37544,0.113,0.194,0.934,-0.59,-0.34,28.1,1,imu01,fusion_20260818T183239Z,1589,37544309,569584329712738
569584359000000,37564,0.204,0.128,1.03,-3.5,5.29,44.74,1,imu01,fusion_20260818T183239Z,1590,37564312,569584349715351
569584375000000,37584,0.283,-0.032,0.917,-9.9,-26.24,47.38,1,imu01,fusion_20260818T183239Z,1591,37584309,569584369711965
569584406000000,37604,0.192,-0.001,0.856,-7.65,-28.77,25.05,1,imu01,fusion_20260818T183239Z,1592,37604312,569584389714579
569584421000000,37624,0.091,0.137,0.93,-0.04,-10.83,2.52,1,imu01,fusion_20260818T183239Z,1593,37624309,569584409711193
569584437000000,37644,0.076,0.225,1.005,13.45,21.2,-0.86,1,imu01,fusion_20260818T183239Z,1594,37644312,569584429713807
569584453000000,37664,0.084,0.222,0.953,22.84,28.52,7.87,1,imu01,fusion_20260818T183239Z,1595,37664309,569584449710420
569584484000000,37684,0.128,0.143,0.889,17.42,20.94,21.61,1,imu01,fusion_20260818T183239Z,1596,37684312,569584469713034
569584500000000,37704,0.162,0.09,0.881,9.55,10.87,23.9,1,imu01,fusion_20260818T183239Z,1597,37704309,569584489709648
569584515000000,37724,0.189,0.091,0.921,8.61,11.91,16.25,1,imu01,fusion_20260818T183239Z,1598,37724312,569584509712262
569584546000000,37744,0.142,0.137,0.929,12.86,24.52,6.63,1,imu01,fusion_20260818T183239Z,1599,37744309,569584529708876
569584562000000,37764,0.096,0.171,0.923,17.1,36.52,4.66,1,imu01,fusion_20260818T183239Z,1600,37764312,569584549711490
569584578000000,37784,0.112,0.151,0.965,16.03,42.05,8.73,1,imu01,fusion_20260818T183239Z,1601,37784309,569584569708104
569584593000000,37804,0.112,0.116,0.98,13.16,43.63,11.76,1,imu01,fusion_20260818T183239Z,1602,37804312,569584589710717
569584625000000,37824,0.067,0.119,0.945,7.9,40.38,9.78,1,imu01,fusion_20260818T183239Z,1603,37824309,569584609707331
569584640000000,37844,0.071,0.132,0.945,2.77,39.47,8.15,1,imu01,fusion_20260818T183239Z,1604,37844312,569584629709945
569584656000000,37864,0.045,0.131,1.025,1.1,42.47,6.0,1,imu01,fusion_20260818T183239Z,1605,37864309,569584649706559
569584687000000,37884,0.029,0.124,1.036,1.9,46.39,2.43,1,imu01,fusion_20260818T183239Z,1606,37884312,569584669709172
569584703000000,37904,-0.008,0.146,1.042,2.92,51.13,-0.54,1,imu01,fusion_20260818T183239Z,1607,37904309,569584689705786
569584718000000,37924,-0.034,0.165,1.011,1.56,48.8,-1.86,1,imu01,fusion_20260818T183239Z,1608,37924312,569584709708400
569584734000000,37944,-0.054,0.155,0.999,-3.01,47.52,-2.64,1,imu01,fusion_20260818T183239Z,1609,37944309,569584729705014
569584765000000,37964,-0.054,0.125,1.152,-10.81,39.8,-7.62,1,imu01,fusion_20260818T183239Z,1610,37964311,569584749706628
569584781000000,37984,-0.127,0.108,1.184,-10.83,23.13,-19.04,1,imu01,fusion_20260818T183239Z,1611,37984309,569584769704242
569584796000000,38004,-0.241,0.14,1.303,-10.5,24.15,-30.77,1,imu01,fusion_20260818T183239Z,1612,38004312,569584789706855
569584812000000,38024,-0.286,0.172,1.42,-1.11,37.05,-36.32,1,imu01,fusion_20260818T183239Z,1613,38024309,569584809703469
569584843000000,38044,-0.346,0.236,1.455,6.64,57.99,-32.51,1,imu01,fusion_20260818T183239Z,1614,38044312,569584829706083
569584859000000,38064,-0.371,0.26,1.342,4.99,61.15,-18.18,1,imu01,fusion_20260818T183239Z,1615,38064309,569584849702697
569584875000000,38084,-0.369,0.217,1.261,-8.43,44.65,-3.57,1,imu01,fusion_20260818T183239Z,1616,38084312,569584869705311
569584906000000,38104,-0.303,0.14,1.197,-21.52,12.31,1.65,1,imu01,fusion_20260818T183239Z,1617,38104309,569584889701924
569584921000000,38124,-0.267,0.111,1.159,-22.45,5.79,-0.22,1,imu01,fusion_20260818T183239Z,1618,38124312,569584909704538
569584937000000,38144,-0.237,0.107,1.159,-17.95,6.77,-5.02,1,imu01,fusion_20260818T183239Z,1619,38144309,569584929701152
569584953000000,38164,-0.271,0.127,1.119,-9.45,6.7,-10.1,1,imu01,fusion_20260818T183239Z,1620,38164312,569584949703766
569584984000000,38184,-0.272,0.115,1.125,-5.3,7.23,-12.87,1,imu01,fusion_20260818T183239Z,1621,38184309,569584969700380
569585000000000,38204,-0.262,0.117,1.157,-5.32,6.2,-16.13,1,imu01,fusion_20260818T183239Z,1622,38204312,569584989702994
569585015000000,38224,-0.279,0.134,1.159,-5.59,6.13,-18.87,1,imu01,fusion_20260818T183239Z,1623,38224309,569585009699607
569585046000000,38244,-0.288,0.151,1.149,-7.88,6.78,-18.29,1,imu01,fusion_20260818T183239Z,1624,38244312,569585029702221
569585062000000,38264,-0.283,0.152,1.123,-11.26,5.1,-16.96,1,imu01,fusion_20260818T183239Z,1625,38264309,569585049698835
569585078000000,38284,-0.253,0.137,1.079,-13.94,2.45,-15.09,1,imu01,fusion_20260818T183239Z,1626,38284312,569585069701449
569585093000000,38304,-0.253,0.128,1.052,-16.44,2.6,-14.1,1,imu01,fusion_20260818T183239Z,1627,38304309,569585089698063
569585125000000,38324,-0.222,0.115,1.036,-19.36,7.12,-11.72,1,imu01,fusion_20260818T183239Z,1628,38324312,569585109700676
569585140000000,38344,-0.22,0.106,1.005,-20.93,6.33,-11.09,1,imu01,fusion_20260818T183239Z,1629,38344309,569585129697290
569585156000000,38364,-0.226,0.097,0.999,-21.76,3.86,-10.69,1,imu01,fusion_20260818T183239Z,1630,38364312,569585149699904
569585187000000,38384,-0.215,0.081,0.988,-19.48,-1.79,-10.45,1,imu01,fusion_20260818T183239Z,1631,38384309,569585169696518
569585203000000,38404,-0.217,0.081,0.942,-15.62,-6.35,-10.81,1,imu01,fusion_20260818T183239Z,1632,38404312,569585189699132
569585218000000,38424,-0.18,0.049,0.922,-15.46,-2.48,-7.32,1,imu01,fusion_20260818T183239Z,1633,38424309,569585209695746
569585234000000,38444,-0.158,0.044,0.875,-16.01,-2.49,-7.0,1,imu01,fusion_20260818T183239Z,1634,38444312,569585229698359
569585265000000,38464,-0.172,0.041,0.79,-18.24,-10.14,-8.14,1,imu01,fusion_20260818T183239Z,1635,38464309,569585249694973
569585281000000,38484,-0.159,-0.01,0.713,-26.04,-28.73,-3.98,1,imu01,fusion_20260818T183239Z,1636,38484312,569585269697587
569585296000000,38504,-0.158,-0.011,0.785,-25.1,-23.29,-9.03,1,imu01,fusion_20260818T183239Z,1637,38504309,569585289694201
569585312000000,38524,-0.147,0.029,0.863,-24.95,-14.19,-9.59,1,imu01,fusion_20260818T183239Z,1638,38524312,569585309696815
569585343000000,38544,-0.147,0.047,0.86,-19.81,-4.13,-6.48,1,imu01,fusion_20260818T183239Z,1639,38544309,569585329693428
569585359000000,38564,-0.134,0.037,0.83,-12.89,-1.18,-1.87,1,imu01,fusion_20260818T183239Z,1640,38564312,569585349696042
569585375000000,38584,-0.131,0.001,0.797,-9.2,-4.12,1.77,1,imu01,fusion_20260818T183239Z,1641,38584309,569585369692656
569585406000000,38604,-0.124,-0.031,0.796,-8.73,-11.51,1.96,1,imu01,fusion_20260818T183239Z,1642,38604312,569585389695270
569585421000000,38624,-0.123,-0.046,0.849,-10.61,-19.75,-1.2,1,imu01,fusion_20260818T183239Z,1643,38624309,569585409691884
569585437000000,38644,-0.12,-0.027,0.901,-10.59,-25.17,-4.84,1,imu01,fusion_20260818T183239Z,1644,38644312,569585429694498
569585453000000,38664,-0.115,0.008,0.892,-7.68,-21.39,-4.54,1,imu01,fusion_20260818T183239Z,1645,38664309,569585449691111
569585484000000,38684,-0.115,-0.006,0.828,-4.95,-21.43,0.4,1,imu01,fusion_20260818T183239Z,1646,38684312,569585469693725
569585500000000,38704,-0.098,-0.055,0.814,-1.31,-23.98,3.75,1,imu01,fusion_20260818T183239Z,1647,38704309,569585489690339
569585515000000,38724,-0.068,-0.077,0.827,3.51,-25.2,1.65,1,imu01,fusion_20260818T183239Z,1648,38724312,569585509692953
569585546000000,38744,-0.063,-0.067,0.805,8.72,-24.51,-3.48,1,imu01,fusion_20260818T183239Z,1649,38744309,569585529689567
569585562000000,38764,-0.068,-0.036,0.804,8.96,-24.64,-6.29,1,imu01,fusion_20260818T183239Z,1650,38764312,569585549692180
569585578000000,38784,-0.06,-0.03,0.795,4.99,-28.37,-7.3,1,imu01,fusion_20260818T183239Z,1651,38784309,569585569688794
569585593000000,38804,-0.046,-0.03,0.805,1.45,-33.96,-9.16,1,imu01,fusion_20260818T183239Z,1652,38804312,569585589691408
569585625000000,38824,-0.06,-0.021,0.805,2.28,-34.06,-12.91,1,imu01,fusion_20260818T183239Z,1653,38824309,569585609688022
569585640000000,38844,-0.058,-0.014,0.856,3.91,-25.68,-14.48,1,imu01,fusion_20260818T183239Z,1654,38844312,569585629690636
569585656000000,38864,-0.065,-0.008,0.905,6.12,-17.57,-15.25,1,imu01,fusion_20260818T183239Z,1655,38864309,569585649687250
569585687000000,38884,-0.075,-0.012,0.965,6.83,-14.81,-15.44,1,imu01,fusion_20260818T183239Z,1656,38884312,569585669689863
569585703000000,38904,-0.083,0.014,1.003,6.93,-14.68,-15.73,1,imu01,fusion_20260818T183239Z,1657,38904309,569585689686477
569585718000000,38924,-0.082,0.029,1.015,5.38,-15.49,-12.82,1,imu01,fusion_20260818T183239Z,1658,38924312,569585709689091
569585734000000,38944,-0.09,0.022,1.005,5.56,-10.69,-7.34,1,imu01,fusion_20260818T183239Z,1659,38944309,569585729685705
569585765000000,38964,-0.079,0.006,0.99,4.72,-4.89,-1.11,1,imu01,fusion_20260818T183239Z,1660,38964312,569585749688319
569585781000000,38984,-0.064,-0.011,0.995,4.02,-0.09,3.06,1,imu01,fusion_20260818T183239Z,1661,38984309,569585769684932
569585796000000,39004,-0.067,-0.011,0.988,5.83,-0.64,3.82,1,imu01,fusion_20260818T183239Z,1662,39004312,569585789687546
569585812000000,39024,-0.067,-0.014,0.975,7.25,-2.0,3.88,1,imu01,fusion_20260818T183239Z,1663,39024309,569585809684160
569585843000000,39044,-0.064,-0.021,0.943,6.88,-2.93,4.96,1,imu01,fusion_20260818T183239Z,1664,39044312,569585829686774
569585859000000,39064,-0.045,-0.034,0.921,5.01,-4.26,5.16,1,imu01,fusion_20260818T183239Z,1665,39064309,569585849683388
569585875000000,39084,-0.037,-0.025,0.919,2.54,-6.05,3.6,1,imu01,fusion_20260818T183239Z,1666,39084312,569585869686002
569585906000000,39104,-0.036,-0.019,0.919,0.48,-7.43,1.77,1,imu01,fusion_20260818T183239Z,1667,39104309,569585889682615
569585921000000,39124,-0.04,-0.012,0.938,1.13,-4.72,0.17,1,imu01,fusion_20260818T183239Z,1668,39124312,569585909685229
569585937000000,39144,-0.038,-0.007,0.989,2.96,1.01,-0.81,1,imu01,fusion_20260818T183239Z,1669,39144309,569585929681843
569585953000000,39164,-0.025,-0.015,1.003,4.28,2.96,-2.42,1,imu01,fusion_20260818T183239Z,1670,39164312,569585949684457
569585984000000,39184,-0.029,0.006,1.039,5.73,3.92,-5.18,1,imu01,fusion_20260818T183239Z,1671,39184309,569585969681071
569586000000000,39204,-0.042,0.035,1.022,4.9,3.35,-6.61,1,imu01,fusion_20260818T183239Z,1672,39204312,569585989683684
569586015000000,39224,-0.043,0.048,1.024,2.27,4.36,-4.27,1,imu01,fusion_20260818T183239Z,1673,39224309,569586009680298
569586046000000,39244,-0.039,0.043,1.033,-0.38,3.75,-0.71,1,imu01,fusion_20260818T183239Z,1674,39244312,569586029682912
569586062000000,39264,-0.053,0.026,1.014,0.67,3.87,2.78,1,imu01,fusion_20260818T183239Z,1675,39264309,569586049679526
569586078000000,39284,-0.04,0.035,1.018,1.26,7.23,4.24,1,imu01,fusion_20260818T183239Z,1676,39284312,569586069682140
569586093000000,39304,-0.025,0.041,1.02,2.02,4.63,5.88,1,imu01,fusion_20260818T183239Z,1677,39304309,569586089678754
569586125000000,39324,-0.024,0.007,1.007,1.16,0.95,7.26,1,imu01,fusion_20260818T183239Z,1678,39324312,569586109681367
569586140000000,39344,-0.021,-0.006,1.008,0.26,1.49,6.75,1,imu01,fusion_20260818T183239Z,1679,39344309,569586129677981
569586156000000,39364,-0.021,-0.006,1.028,0.62,-0.31,4.41,1,imu01,fusion_20260818T183239Z,1680,39364312,569586149680595
569586171000000,39384,-0.029,-0.015,1.003,1.09,-4.18,2.45,1,imu01,fusion_20260818T183239Z,1681,39384309,569586169677209
569586203000000,39404,-0.027,-0.013,1.008,0.89,-4.96,1.21,1,imu01,fusion_20260818T183239Z,1682,39404312,569586189679823
569586218000000,39424,-0.035,-0.005,1.007,0.23,-3.38,0.17,1,imu01,fusion_20260818T183239Z,1683,39424309,569586209676436
569586234000000,39444,-0.036,0.008,0.989,0.65,-4.51,-1.38,1,imu01,fusion_20260818T183239Z,1684,39444312,569586229679050
569586265000000,39464,-0.04,0.012,0.99,0.85,-2.73,-1.64,1,imu01,fusion_20260818T183239Z,1685,39464309,569586249675664
569586281000000,39484,-0.049,0.012,0.994,0.38,-3.42,-1.37,1,imu01,fusion_20260818T183239Z,1686,39484312,569586269678278
569586296000000,39504,-0.05,0.014,0.986,-0.4,-3.55,-0.76,1,imu01,fusion_20260818T183239Z,1687,39504309,569586289674892
569586312000000,39524,-0.045,0.019,0.986,-1.41,-2.58,-0.06,1,imu01,fusion_20260818T183239Z,1688,39524312,569586309677506
569586343000000,39544,-0.04,0.016,0.995,-2.0,-1.57,0.94,1,imu01,fusion_20260818T183239Z,1689,39544309,569586329674119
569586359000000,39564,-0.039,0.019,1.014,-1.59,-0.73,0.45,1,imu01,fusion_20260818T183239Z,1690,39564312,569586349676733
569586375000000,39584,-0.025,0.017,0.996,-1.13,-0.82,0.87,1,imu01,fusion_20260818T183239Z,1691,39584309,569586369673347
569586406000000,39604,-0.041,0.031,0.987,-1.39,0.33,0.85,1,imu01,fusion_20260818T183239Z,1692,39604312,569586389675961
569586421000000,39624,-0.025,0.016,1.01,-2.25,0.23,1.52,1,imu01,fusion_20260818T183239Z,1693,39624309,569586409672575
569586437000000,39644,-0.036,0.026,1.027,-2.14,-2.85,1.43,1,imu01,fusion_20260818T183239Z,1694,39644312,569586429675188
569586453000000,39664,-0.023,0.019,1.028,-1.38,-1.55,1.91,1,imu01,fusion_20260818T183239Z,1695,39664309,569586449671802
569586484000000,39684,-0.027,0.026,1.02,-0.08,-2.15,1.8,1,imu01,fusion_20260818T183239Z,1696,39684312,569586469674416
569586500000000,39704,-0.026,0.019,1.012,0.16,-4.58,1.96,1,imu01,fusion_20260818T183239Z,1697,39704309,569586489671030
569586515000000,39724,-0.019,0.01,1.004,-0.51,-5.4,2.32,1,imu01,fusion_20260818T183239Z,1698,39724312,569586509673644
569586546000000,39744,-0.021,0.013,1.002,-1.27,-4.56,2.24,1,imu01,fusion_20260818T183239Z,1699,39744309,569586529670258
569586562000000,39764,-0.034,0.022,0.99,-0.92,-4.0,1.29,1,imu01,fusion_20260818T183239Z,1700,39764312,569586549672871
569586578000000,39784,-0.036,0.023,1.004,-1.89,-2.51,2.01,1,imu01,fusion_20260818T183239Z,1701,39784309,569586569669485
569586593000000,39804,-0.031,0.015,1.001,-1.42,-3.13,2.7,1,imu01,fusion_20260818T183239Z,1702,39804312,569586589672099
569586625000000,39824,-0.03,0.017,0.996,-0.59,-1.49,2.87,1,imu01,fusion_20260818T183239Z,1703,39824309,569586609668713
569586640000000,39844,-0.039,0.013,0.988,-0.15,-1.93,2.52,1,imu01,fusion_20260818T183239Z,1704,39844312,569586629671327
569586656000000,39864,-0.026,0.008,0.981,-0.78,-1.91,3.05,1,imu01,fusion_20260818T183239Z,1705,39864309,569586649667940
569586671000000,39884,-0.029,0.001,1.009,-0.44,-2.55,2.17,1,imu01,fusion_20260818T183239Z,1706,39884312,569586669670554
569586703000000,39904,-0.036,0.008,0.998,0.59,1.23,1.98,1,imu01,fusion_20260818T183239Z,1707,39904309,569586689667168
569586718000000,39924,-0.026,0.002,0.999,0.5,-0.24,2.13,1,imu01,fusion_20260818T183239Z,1708,39924312,569586709669782
569586734000000,39944,-0.019,-0.008,0.983,0.03,-3.5,1.44,1,imu01,fusion_20260818T183239Z,1709,39944309,569586729666396
569586765000000,39964,-0.033,0.003,0.981,-0.92,-3.95,0.02,1,imu01,fusion_20260818T183239Z,1710,39964311,569586749668010
569586781000000,39984,-0.018,0.016,0.999,-1.95,-0.69,-0.15,1,imu01,fusion_20260818T183239Z,1711,39984309,569586769665623
569586796000000,40004,-0.013,0.024,1.059,-0.87,3.04,-0.16,1,imu01,fusion_20260818T183239Z,1712,40004312,569586789668237
569586812000000,40024,-0.022,-0.008,0.988,1.83,-1.45,-0.11,1,imu01,fusion_20260818T183239Z,1713,40024309,569586809664851
569586843000000,40044,-0.025,0.001,0.973,2.57,-0.51,-1.2,1,imu01,fusion_20260818T183239Z,1714,40044312,569586829667465
569586859000000,40064,-0.022,0.014,0.969,1.2,-1.8,-1.96,1,imu01,fusion_20260818T183239Z,1715,40064309,569586849664079
569586875000000,40084,-0.02,0.014,0.966,-0.53,-1.23,-1.9,1,imu01,fusion_20260818T183239Z,1716,40084312,569586869666692
569586906000000,40104,-0.021,0.022,0.988,-0.56,0.96,-2.38,1,imu01,fusion_20260818T183239Z,1717,40104309,569586889663306
569586921000000,40124,-0.038,0.026,1.005,0.72,3.5,-2.58,1,imu01,fusion_20260818T183239Z,1718,40124312,569586909665920
569586937000000,40144,-0.024,0.032,1.031,0.93,2.41,-2.14,1,imu01,fusion_20260818T183239Z,1719,40144309,569586929662534
569586953000000,40164,-0.034,0.034,1.019,0.73,2.74,-0.93,1,imu01,fusion_20260818T183239Z,1720,40164312,569586949665148
569586984000000,40184,-0.026,0.03,1.021,0.34,2.3,1.3,1,imu01,fusion_20260818T183239Z,1721,40184309,569586969661762
569587000000000,40204,-0.019,0.016,1.012,0.86,-1.13,1.92,1,imu01,fusion_20260818T183239Z,1722,40204312,569586989664375
569587015000000,40224,0.0,0.0,1.018,0.59,-0.56,2.63,1,imu01,fusion_20260818T183239Z,1723,40224309,569587009660989
569587046000000,40244,-0.012,0.003,1.008,0.63,-0.89,1.85,1,imu01,fusion_20260818T183239Z,1724,40244312,569587029663603
569587062000000,40264,-0.015,-0.003,0.996,0.61,-4.64,0.94,1,imu01,fusion_20260818T183239Z,1725,40264309,569587049660217
569587078000000,40284,-0.001,-0.018,1.001,0.61,-3.67,0.37,1,imu01,fusion_20260818T183239Z,1726,40284312,569587069662831
569587093000000,40304,0.0,0.001,0.991,1.14,-2.07,-1.25,1,imu01,fusion_20260818T183239Z,1727,40304309,569587089659444
569587125000000,40324,-0.019,0.012,0.989,0.81,-1.48,-2.39,1,imu01,fusion_20260818T183239Z,1728,40324312,569587109662058
569587140000000,40344,-0.016,0.005,0.99,0.6,-2.61,-2.8,1,imu01,fusion_20260818T183239Z,1729,40344309,569587129658672
569587156000000,40364,-0.02,0.006,0.998,0.64,-0.58,-2.58,1,imu01,fusion_20260818T183239Z,1730,40364312,569587149661286
569587171000000,40384,-0.028,0.029,0.98,1.38,-1.09,-3.82,1,imu01,fusion_20260818T183239Z,1731,40384309,569587169657900
569587203000000,40404,-0.035,0.032,1.005,0.52,-0.34,-2.84,1,imu01,fusion_20260818T183239Z,1732,40404312,569587189660514
569587218000000,40424,-0.025,0.023,1.009,0.7,-0.73,-1.69,1,imu01,fusion_20260818T183239Z,1733,40424309,569587209657127
569587234000000,40444,-0.025,0.013,0.989,2.26,-1.39,-1.71,1,imu01,fusion_20260818T183239Z,1734,40444312,569587229659741
569587265000000,40464,-0.026,0.014,0.99,2.59,3.1,-1.8,1,imu01,fusion_20260818T183239Z,1735,40464309,569587249656355
569587281000000,40484,-0.017,0.011,1.004,1.26,1.32,-1.96,1,imu01,fusion_20260818T183239Z,1736,40484312,569587269658969
569587296000000,40504,-0.013,0.02,1.017,1.75,0.4,-1.97,1,imu01,fusion_20260818T183239Z,1737,40504309,569587289655583
569587312000000,40524,-0.035,0.026,0.993,2.88,-2.57,-3.01,1,imu01,fusion_20260818T183239Z,1738,40524312,569587309658196
569587343000000,40544,-0.021,0.027,1.006,3.22,1.36,-2.25,1,imu01,fusion_20260818T183239Z,1739,40544309,569587329654810
569587359000000,40564,-0.023,0.028,0.984,2.95,-0.84,-1.94,1,imu01,fusion_20260818T183239Z,1740,40564312,569587349657424
569587375000000,40584,-0.008,0.024,1.009,1.64,0.68,-0.84,1,imu01,fusion_20260818T183239Z,1741,40584309,569587369654038
569587406000000,40604,-0.014,0.024,0.992,1.48,-0.25,-0.55,1,imu01,fusion_20260818T183239Z,1742,40604312,569587389656652
569587421000000,40624,-0.007,0.022,1.017,1.24,1.93,0.14,1,imu01,fusion_20260818T183239Z,1743,40624309,569587409653266
569587437000000,40644,-0.011,0.017,1.001,1.66,-0.39,-0.22,1,imu01,fusion_20260818T183239Z,1744,40644312,569587429655879
569587453000000,40664,-0.005,0.013,1.004,1.59,0.89,-0.0,1,imu01,fusion_20260818T183239Z,1745,40664309,569587449652493
569587484000000,40684,-0.004,0.022,1.016,0.54,0.64,-0.22,1,imu01,fusion_20260818T183239Z,1746,40684312,569587469655107
569587500000000,40704,-0.01,0.02,1.009,0.47,-0.38,-0.55,1,imu01,fusion_20260818T183239Z,1747,40704309,569587489651721
569587515000000,40724,-0.009,0.018,1.015,0.72,-1.25,-0.58,1,imu01,fusion_20260818T183239Z,1748,40724312,569587509654334
569587546000000,40744,-0.013,0.025,1.003,0.9,-2.81,-0.72,1,imu01,fusion_20260818T183239Z,1749,40744309,569587529650948
569587562000000,40764,-0.02,0.029,1.005,1.18,-2.05,-0.58,1,imu01,fusion_20260818T183239Z,1750,40764312,569587549653562
569587578000000,40784,-0.007,0.016,1.0,0.74,-2.81,-0.17,1,imu01,fusion_20260818T183239Z,1751,40784309,569587569650176
569587593000000,40804,-0.009,0.018,0.982,0.45,-2.52,-0.02,1,imu01,fusion_20260818T183239Z,1752,40804312,569587589652790
569587625000000,40824,-0.009,0.009,0.99,0.07,-2.48,-0.52,1,imu01,fusion_20260818T183239Z,1753,40824309,569587609649404
569587640000000,40844,-0.012,0.014,1.005,0.48,-1.93,-1.75,1,imu01,fusion_20260818T183239Z,1754,40844312,569587629652018
569587656000000,40864,-0.02,0.023,1.0,0.75,-1.6,-2.04,1,imu01,fusion_20260818T183239Z,1755,40864309,569587649648631
569587671000000,40884,-0.026,0.025,0.992,0.64,-1.28,-0.96,1,imu01,fusion_20260818T183239Z,1756,40884312,569587669651245
569587703000000,40904,-0.012,0.023,0.995,-0.2,-0.57,-0.01,1,imu01,fusion_20260818T183239Z,1757,40904309,569587689647859
569587718000000,40924,-0.015,0.031,0.994,-0.46,-2.75,0.08,1,imu01,fusion_20260818T183239Z,1758,40924312,569587709650473
569587734000000,40944,-0.015,0.024,0.992,-1.03,-3.16,0.96,1,imu01,fusion_20260818T183239Z,1759,40944309,569587729647087
569587765000000,40964,-0.006,0.019,0.996,-0.45,-0.13,1.16,1,imu01,fusion_20260818T183239Z,1760,40964312,569587749649700
569587781000000,40984,-0.009,0.019,1.001,-0.52,-0.84,0.1,1,imu01,fusion_20260818T183239Z,1761,40984309,569587769646314
569587796000000,41004,-0.017,0.028,1.002,-1.14,-1.45,-0.42,1,imu01,fusion_20260818T183239Z,1762,41004312,569587789648928
569587812000000,41024,-0.009,0.028,1.02,-1.49,0.18,0.56,1,imu01,fusion_20260818T183239Z,1763,41024309,569587809645542
569587843000000,41044,-0.006,0.023,1.019,-0.82,1.04,0.81,1,imu01,fusion_20260818T183239Z,1764,41044312,569587829648156
569587859000000,41064,-0.011,0.021,0.995,0.91,1.21,0.46,1,imu01,fusion_20260818T183239Z,1765,41064309,569587849644770
569587875000000,41084,0.001,0.023,1.004,0.82,1.41,0.29,1,imu01,fusion_20260818T183239Z,1766,41084312,569587869647383
569587906000000,41104,-0.0,0.025,1.005,0.18,-0.54,-0.06,1,imu01,fusion_20260818T183239Z,1767,41104309,569587889643997
569587921000000,41124,-0.005,0.023,0.982,0.15,-1.56,-0.14,1,imu01,fusion_20260818T183239Z,1768,41124312,569587909646611
569587937000000,41144,-0.004,0.015,0.995,0.51,-0.71,-0.35,1,imu01,fusion_20260818T183239Z,1769,41144309,569587929643225
569587953000000,41164,-0.005,0.029,1.01,0.61,1.19,0.02,1,imu01,fusion_20260818T183239Z,1770,41164312,569587949645838
569587984000000,41184,-0.012,0.023,0.999,0.05,0.55,0.3,1,imu01,fusion_20260818T183239Z,1771,41184309,569587969642452
569588000000000,41204,-0.009,0.026,1.007,-0.1,-0.17,0.32,1,imu01,fusion_20260818T183239Z,1772,41204312,569587989645066
569588015000000,41224,-0.022,0.031,0.993,-0.01,-1.77,0.44,1,imu01,fusion_20260818T183239Z,1773,41224309,569588009641680
569588046000000,41244,-0.004,0.022,1.023,-0.23,0.58,1.63,1,imu01,fusion_20260818T183239Z,1774,41244312,569588029644294
569588062000000,41264,-0.013,0.022,1.014,0.54,0.23,1.26,1,imu01,fusion_20260818T183239Z,1775,41264309,569588049640908
569588078000000,41284,-0.004,0.022,1.012,0.65,0.33,1.33,1,imu01,fusion_20260818T183239Z,1776,41284312,569588069643521
569588093000000,41304,-0.003,0.017,0.998,1.16,-0.74,1.07,1,imu01,fusion_20260818T183239Z,1777,41304309,569588089640135
569588125000000,41324,-0.001,0.012,0.993,1.08,-0.28,1.09,1,imu01,fusion_20260818T183239Z,1778,41324312,569588109642749
569588140000000,41344,-0.003,0.016,0.994,1.19,-1.17,-0.24,1,imu01,fusion_20260818T183239Z,1779,41344309,569588129639363
569588156000000,41364,-0.003,0.015,1.005,1.51,-0.78,-0.95,1,imu01,fusion_20260818T183239Z,1780,41364312,569588149641977
569588187000000,41384,-0.017,0.027,0.998,2.48,-1.32,-2.01,1,imu01,fusion_20260818T183239Z,1781,41384309,569588169638591
569588203000000,41404,-0.006,0.024,1.006,2.18,-0.7,-1.59,1,imu01,fusion_20260818T183239Z,1782,41404312,569588189641204
569588218000000,41424,-0.03,0.037,0.977,2.28,-1.67,-2.16,1,imu01,fusion_20260818T183239Z,1783,41424309,569588209637818
569588234000000,41444,-0.005,0.027,1.012,0.57,-1.33,-0.74,1,imu01,fusion_20260818T183239Z,1784,41444312,569588229640432
569588265000000,41464,-0.01,0.024,0.997,1.8,-2.41,-1.32,1,imu01,fusion_20260818T183239Z,1785,41464309,569588249637046
569588281000000,41484,0.0,0.016,1.01,1.93,-1.25,-1.32,1,imu01,fusion_20260818T183239Z,1786,41484312,569588269639660
569588296000000,41504,-0.013,0.025,1.0,3.17,-1.68,-2.35,1,imu01,fusion_20260818T183239Z,1787,41504309,569588289636274
569588312000000,41524,-0.009,0.031,0.999,2.32,-2.16,-1.67,1,imu01,fusion_20260818T183239Z,1788,41524312,569588309638887
569588343000000,41544,-0.001,0.026,0.994,1.8,-2.01,-1.41,1,imu01,fusion_20260818T183239Z,1789,41544309,569588329635501
569588359000000,41564,-0.008,0.024,0.985,1.23,-2.09,-1.64,1,imu01,fusion_20260818T183239Z,1790,41564312,569588349638115
569588375000000,41584,-0.001,0.027,1.009,1.27,-1.29,-2.37,1,imu01,fusion_20260818T183239Z,1791,41584309,569588369634729
569588406000000,41604,-0.008,0.038,1.01,1.81,-0.34,-2.33,1,imu01,fusion_20260818T183239Z,1792,41604312,569588389637342
569588421000000,41624,-0.008,0.032,1.022,1.16,0.6,-1.3,1,imu01,fusion_20260818T183239Z,1793,41624309,569588409633956
569588437000000,41644,-0.006,0.032,1.006,-0.02,-0.77,-0.61,1,imu01,fusion_20260818T183239Z,1794,41644312,569588429636570
569588453000000,41664,0.005,0.027,1.005,-1.15,-0.49,0.04,1,imu01,fusion_20260818T183239Z,1795,41664309,569588449633184
569588484000000,41684,-0.002,0.028,0.994,-0.64,-0.77,-0.27,1,imu01,fusion_20260818T183239Z,1796,41684312,569588469635798
569588500000000,41704,0.001,0.026,1.001,0.31,0.79,-0.62,1,imu01,fusion_20260818T183239Z,1797,41704309,569588489632412
569588515000000,41724,-0.006,0.031,0.99,0.51,0.49,-1.43,1,imu01,fusion_20260818T183239Z,1798,41724312,569588509635025
569588546000000,41744,-0.011,0.04,1.002,0.16,0.41,-1.74,1,imu01,fusion_20260818T183239Z,1799,41744309,569588529631639
569588562000000,41764,-0.006,0.039,1.002,-0.29,-0.34,-1.24,1,imu01,fusion_20260818T183239Z,1800,41764312,569588549634253
569588578000000,41784,-0.001,0.041,1.005,-0.11,-0.38,-1.03,1,imu01,fusion_20260818T183239Z,1801,41784309,569588569630867
569588593000000,41804,-0.001,0.04,1.01,0.52,0.11,-0.65,1,imu01,fusion_20260818T183239Z,1802,41804312,569588589633481
569588625000000,41824,-0.007,0.041,1.012,0.85,1.82,-0.35,1,imu01,fusion_20260818T183239Z,1803,41824309,569588609630094
569588640000000,41844,-0.003,0.04,1.02,0.4,1.27,0.04,1,imu01,fusion_20260818T183239Z,1804,41844312,569588629632708
569588656000000,41864,-0.013,0.046,0.997,0.32,-0.59,0.42,1,imu01,fusion_20260818T183239Z,1805,41864309,569588649629322
569588687000000,41884,0.004,0.027,1.006,-0.88,-0.38,1.68,1,imu01,fusion_20260818T183239Z,1806,41884312,569588669631936
569588703000000,41904,-0.009,0.037,0.98,0.32,-0.29,0.72,1,imu01,fusion_20260818T183239Z,1807,41904309,569588689628550
569588718000000,41924,0.004,0.03,1.008,-0.16,1.13,0.66,1,imu01,fusion_20260818T183239Z,1808,41924312,569588709631164
569588734000000,41944,-0.01,0.032,0.992,0.47,-0.28,-0.02,1,imu01,fusion_20260818T183239Z,1809,41944309,569588729627778
569588765000000,41964,0.001,0.025,1.012,-0.36,-0.22,-0.29,1,imu01,fusion_20260818T183239Z,1810,41964311,569588749629391
569588781000000,41984,-0.021,0.044,1.004,0.38,-0.72,-1.21,1,imu01,fusion_20260818T183239Z,1811,41984309,569588769627005
569588796000000,42004,-0.015,0.039,1.002,0.09,-1.07,-0.26,1,imu01,fusion_20260818T183239Z,1812,42004312,569588789629619
569588812000000,42024,-0.018,0.04,0.995,0.41,-1.09,0.33,1,imu01,fusion_20260818T183239Z,1813,42024309,569588809626233
569588843000000,42044,-0.005,0.038,1.001,0.83,-0.97,0.73,1,imu01,fusion_20260818T183239Z,1814,42044312,569588829628846
569588859000000,42064,-0.005,0.035,0.993,0.75,-0.69,0.71,1,imu01,fusion_20260818T183239Z,1815,42064309,569588849625460
569588875000000,42084,-0.006,0.032,0.982,0.41,-0.1,1.19,1,imu01,fusion_20260818T183239Z,1816,42084312,569588869628074
569588906000000,42104,0.001,0.023,1.001,0.2,0.67,1.07,1,imu01,fusion_20260818T183239Z,1817,42104309,569588889624688
569588921000000,42124,-0.004,0.03,1.007,0.62,0.26,-0.16,1,imu01,fusion_20260818T183239Z,1818,42124312,569588909627302
569588937000000,42144,-0.005,0.035,1.013,0.73,1.23,-0.56,1,imu01,fusion_20260818T183239Z,1819,42144309,569588929623916
569588953000000,42164,-0.003,0.037,1.005,0.1,0.65,0.32,1,imu01,fusion_20260818T183239Z,1820,42164312,569588949626529
569588984000000,42184,-0.009,0.039,1.005,-0.32,0.93,0.81,1,imu01,fusion_20260818T183239Z,1821,42184309,569588969623143
569589000000000,42204,-0.011,0.042,1.008,-0.56,-1.02,0.87,1,imu01,fusion_20260818T183239Z,1822,42204312,569588989625757
569589015000000,42224,-0.009,0.048,0.998,-0.05,-1.36,1.23,1,imu01,fusion_20260818T183239Z,1823,42224309,569589009622371
569589046000000,42244,0.006,0.027,1.003,-0.12,-3.21,1.94,1,imu01,fusion_20260818T183239Z,1824,42244312,569589029624985
569589062000000,42264,-0.004,0.024,0.992,0.45,-4.93,0.67,1,imu01,fusion_20260818T183239Z,1825,42264309,569589049621598
569589078000000,42284,0.003,0.027,0.981,-0.6,2.97,1.78,1,imu01,fusion_20260818T183239Z,1826,42284312,569589069624212
569589093000000,42304,-0.002,0.033,0.993,-1.24,2.45,0.87,1,imu01,fusion_20260818T183239Z,1827,42304309,569589089620826
569589125000000,42324,-0.007,0.041,1.007,-1.02,1.43,-0.29,1,imu01,fusion_20260818T183239Z,1828,42324312,569589109623440
569589140000000,42344,-0.01,0.056,1.028,-0.24,1.26,-1.0,1,imu01,fusion_20260818T183239Z,1829,42344309,569589129620054
569589156000000,42364,-0.022,0.055,1.016,1.34,1.81,0.32,1,imu01,fusion_20260818T183239Z,1830,42364312,569589149622668
569589187000000,42384,-0.017,0.043,1.008,2.48,3.82,1.83,1,imu01,fusion_20260818T183239Z,1831,42384309,569589169619282
569589203000000,42404,-0.019,0.046,0.994,3.05,4.05,2.27,1,imu01,fusion_20260818T183239Z,1832,42404312,569589189621895
569589218000000,42424,-0.009,0.038,1.009,1.6,3.46,3.1,1,imu01,fusion_20260818T183239Z,1833,42424309,569589209618509
569589234000000,42444,-0.013,0.034,1.003,0.35,0.29,3.03,1,imu01,fusion_20260818T183239Z,1834,42444312,569589229621123
569589265000000,42464,-0.008,0.024,0.999,-0.84,-0.96,3.1,1,imu01,fusion_20260818T183239Z,1835,42464309,569589249617737
569589281000000,42484,-0.002,0.022,1.006,-0.81,-1.0,2.45,1,imu01,fusion_20260818T183239Z,1836,42484312,569589269620350
569589296000000,42504,-0.005,0.024,1.003,-0.46,0.2,1.55,1,imu01,fusion_20260818T183239Z,1837,42504309,569589289616964
569589312000000,42524,-0.003,0.027,1.0,-0.67,0.07,1.07,1,imu01,fusion_20260818T183239Z,1838,42524312,569589309619578
569589343000000,42544,-0.003,0.027,0.999,-0.1,0.54,0.31,1,imu01,fusion_20260818T183239Z,1839,42544309,569589329616192
569589359000000,42564,0.001,0.028,1.002,-0.32,0.45,0.05,1,imu01,fusion_20260818T183239Z,1840,42564312,569589349618806
569589375000000,42584,-0.0,0.035,1.013,-0.3,-0.62,-0.71,1,imu01,fusion_20260818T183239Z,1841,42584309,569589369615420
569589406000000,42604,-0.006,0.032,1.004,-0.59,-0.53,-0.51,1,imu01,fusion_20260818T183239Z,1842,42604312,569589389618033
569589421000000,42624,-0.006,0.041,1.003,-0.88,-0.72,-0.23,1,imu01,fusion_20260818T183239Z,1843,42624309,569589409614647
569589437000000,42644,-0.008,0.033,0.998,-0.59,-0.94,0.05,1,imu01,fusion_20260818T183239Z,1844,42644312,569589429617261
569589453000000,42664,0.0,0.037,1.001,-0.68,-0.06,0.06,1,imu01,fusion_20260818T183239Z,1845,42664309,569589449613875
569589484000000,42684,-0.013,0.044,1.018,-0.72,2.04,0.43,1,imu01,fusion_20260818T183239Z,1846,42684312,569589469616489
569589500000000,42704,0.003,0.026,1.02,-0.75,0.49,0.88,1,imu01,fusion_20260818T183239Z,1847,42704309,569589489613102
569589515000000,42724,-0.006,0.036,1.01,-0.29,-1.06,-0.02,1,imu01,fusion_20260818T183239Z,1848,42724312,569589509615716
569589546000000,42744,-0.001,0.036,1.012,-1.23,-3.36,0.19,1,imu01,fusion_20260818T183239Z,1849,42744309,569589529612330
569589562000000,42764,-0.012,0.039,1.005,-1.03,-3.65,0.5,1,imu01,fusion_20260818T183239Z,1850,42764312,569589549614944
569589578000000,42784,0.0,0.024,0.994,-0.78,-2.98,0.64,1,imu01,fusion_20260818T183239Z,1851,42784309,569589569611558
569589593000000,42804,-0.006,0.031,0.988,0.38,-0.87,-0.62,1,imu01,fusion_20260818T183239Z,1852,42804312,569589589614172
569589625000000,42824,0.0,0.035,0.995,-0.56,-0.09,-0.09,1,imu01,fusion_20260818T183239Z,1853,42824309,569589609610785
569589640000000,42844,-0.007,0.031,0.988,-0.3,-1.85,-0.7,1,imu01,fusion_20260818T183239Z,1854,42844312,569589629613399
569589656000000,42864,-0.001,0.029,0.989,-0.32,-1.29,-0.5,1,imu01,fusion_20260818T183239Z,1855,42864309,569589649610013
569589671000000,42884,-0.018,0.043,0.984,0.79,-0.75,-1.47,1,imu01,fusion_20260818T183239Z,1856,42884312,569589669612627
569589703000000,42904,-0.011,0.037,0.987,0.03,1.22,-0.46,1,imu01,fusion_20260818T183239Z,1857,42904309,569589689609241
569589718000000,42924,-0.016,0.039,1.008,-0.25,0.87,-0.61,1,imu01,fusion_20260818T183239Z,1858,42924312,569589709611854
569589734000000,42944,-0.023,0.045,1.001,-0.58,-0.93,-0.05,1,imu01,fusion_20260818T183239Z,1859,42944309,569589729608468
569589765000000,42964,-0.012,0.032,1.021,0.25,-0.42,0.78,1,imu01,fusion_20260818T183239Z,1860,42964312,569589749611082
569589781000000,42984,-0.009,0.029,0.994,0.95,0.56,1.65,1,imu01,fusion_20260818T183239Z,1861,42984309,569589769607696
569589796000000,43004,0.006,0.02,0.995,0.03,0.52,2.04,1,imu01,fusion_20260818T183239Z,1862,43004312,569589789610310
569589812000000,43024,-0.0,0.018,0.972,-0.46,-1.0,0.94,1,imu01,fusion_20260818T183239Z,1863,43024309,569589809606924
569589843000000,43044,0.01,0.016,1.007,-0.55,0.08,-0.21,1,imu01,fusion_20260818T183239Z,1864,43044312,569589829609537
569589859000000,43064,-0.007,0.043,1.018,0.64,1.36,-1.63,1,imu01,fusion_20260818T183239Z,1865,43064309,569589849606151
569589875000000,43084,-0.002,0.045,1.013,1.4,1.33,-1.49,1,imu01,fusion_20260818T183239Z,1866,43084312,569589869608765
569589906000000,43104,-0.012,0.048,1.009,1.32,-1.34,-0.77,1,imu01,fusion_20260818T183239Z,1867,43104309,569589889605379
569589921000000,43124,0.01,0.028,1.021,-0.43,-1.3,0.57,1,imu01,fusion_20260818T183239Z,1868,43124312,569589909607993
569589937000000,43144,-0.007,0.037,0.994,0.15,-1.89,-0.03,1,imu01,fusion_20260818T183239Z,1869,43144309,569589929604606
569589953000000,43164,0.003,0.025,0.995,0.57,-2.03,0.12,1,imu01,fusion_20260818T183239Z,1870,43164312,569589949607220
569589984000000,43184,-0.009,0.03,1.005,0.71,-1.06,0.17,1,imu01,fusion_20260818T183239Z,1871,43184309,569589969603834
569590000000000,43204,-0.002,0.022,0.994,-0.36,-2.8,-0.11,1,imu01,fusion_20260818T183239Z,1872,43204312,569589989606448
569590015000000,43224,-0.004,0.028,1.001,-0.78,-2.08,-0.3,1,imu01,fusion_20260818T183239Z,1873,43224309,569590009603062
569590046000000,43244,-0.008,0.036,0.995,-0.39,-1.36,-0.58,1,imu01,fusion_20260818T183239Z,1874,43244312,569590029605676
569590062000000,43264,-0.003,0.023,1.001,0.25,-0.02,-1.0,1,imu01,fusion_20260818T183239Z,1875,43264309,569590049602289
569590078000000,43284,-0.015,0.035,1.001,1.35,1.66,-1.77,1,imu01,fusion_20260818T183239Z,1876,43284312,569590069604903
569590093000000,43304,-0.002,0.036,0.994,1.13,0.46,-1.8,1,imu01,fusion_20260818T183239Z,1877,43304309,569590089601517
569590125000000,43324,-0.015,0.035,1.004,0.7,1.11,-1.25,1,imu01,fusion_20260818T183239Z,1878,43324312,569590109604131
569590140000000,43344,0.001,0.029,1.002,0.28,-0.61,-1.48,1,imu01,fusion_20260818T183239Z,1879,43344309,569590129600745
569590156000000,43364,-0.005,0.041,1.003,1.38,-0.42,-2.25,1,imu01,fusion_20260818T183239Z,1880,43364312,569590149603358
569590187000000,43384,0.006,0.035,0.999,1.58,-0.99,-1.98,1,imu01,fusion_20260818T183239Z,1881,43384309,569590169599972
569590203000000,43404,0.001,0.04,0.994,1.86,-0.84,-2.27,1,imu01,fusion_20260818T183239Z,1882,43404312,569590189602586
569590218000000,43424,-0.001,0.043,1.007,0.55,0.27,-1.5,1,imu01,fusion_20260818T183239Z,1883,43424309,569590209599200
569590234000000,43444,-0.006,0.045,1.019,0.01,1.58,-1.06,1,imu01,fusion_20260818T183239Z,1884,43444312,569590229601814
569590265000000,43464,0.0,0.038,1.005,0.19,-0.06,-0.88,1,imu01,fusion_20260818T183239Z,1885,43464309,569590249598428
569590281000000,43484,-0.007,0.055,1.007,0.98,0.94,-1.16,1,imu01,fusion_20260818T183239Z,1886,43484312,569590269601041
569590296000000,43504,-0.006,0.052,1.011,0.54,-0.01,-0.22,1,imu01,fusion_20260818T183239Z,1887,43504309,569590289597655
569590312000000,43524,-0.005,0.044,1.007,0.45,-0.11,0.62,1,imu01,fusion_20260818T183239Z,1888,43524312,569590309600269
569590343000000,43544,-0.002,0.039,1.004,0.56,-0.24,0.89,1,imu01,fusion_20260818T183239Z,1889,43544309,569590329596883
569590359000000,43564,-0.011,0.046,1.002,1.3,0.09,0.52,1,imu01,fusion_20260818T183239Z,1890,43564312,569590349599497
569590375000000,43584,-0.003,0.036,0.992,1.21,-0.4,0.57,1,imu01,fusion_20260818T183239Z,1891,43584309,569590369596110
569590406000000,43604,-0.001,0.035,0.994,1.12,0.0,0.29,1,imu01,fusion_20260818T183239Z,1892,43604312,569590389598724
569590421000000,43624,-0.011,0.039,0.995,0.86,1.28,-0.03,1,imu01,fusion_20260818T183239Z,1893,43624309,569590409595338
569590437000000,43644,-0.015,0.045,1.005,1.55,0.58,-0.67,1,imu01,fusion_20260818T183239Z,1894,43644312,569590429597952
569590453000000,43664,-0.012,0.035,1.001,1.11,-0.26,0.2,1,imu01,fusion_20260818T183239Z,1895,43664309,569590449594566
569590484000000,43684,-0.006,0.033,1.002,1.67,0.7,-0.17,1,imu01,fusion_20260818T183239Z,1896,43684312,569590469597180
569590500000000,43704,-0.011,0.03,0.999,1.57,-1.67,-0.92,1,imu01,fusion_20260818T183239Z,1897,43704309,569590489593793
569590515000000,43724,-0.0,0.041,1.005,1.0,0.58,-0.13,1,imu01,fusion_20260818T183239Z,1898,43724312,569590509596407
569590546000000,43744,-0.001,0.032,0.978,0.57,-0.26,-0.25,1,imu01,fusion_20260818T183239Z,1899,43744309,569590529593021
569590562000000,43764,-0.004,0.038,0.992,0.56,1.21,-0.92,1,imu01,fusion_20260818T183239Z,1900,43764312,569590549595635
569590578000000,43784,-0.012,0.043,1.004,0.65,1.15,-1.64,1,imu01,fusion_20260818T183239Z,1901,43784309,569590569592249
569590593000000,43804,-0.009,0.053,1.02,0.8,2.36,-1.13,1,imu01,fusion_20260818T183239Z,1902,43804312,569590589594862
569590625000000,43824,-0.008,0.044,0.993,0.28,0.76,0.17,1,imu01,fusion_20260818T183239Z,1903,43824309,569590609591476
569590640000000,43844,-0.004,0.039,1.002,-0.53,0.78,1.08,1,imu01,fusion_20260818T183239Z,1904,43844312,569590629594090
569590656000000,43864,-0.007,0.042,0.999,-0.96,-0.88,0.67,1,imu01,fusion_20260818T183239Z,1905,43864309,569590649590704
569590687000000,43884,0.004,0.035,1.016,-0.51,-0.72,0.52,1,imu01,fusion_20260818T183239Z,1906,43884312,569590669593318
569590703000000,43904,-0.01,0.042,1.003,-0.2,-1.21,-0.06,1,imu01,fusion_20260818T183239Z,1907,43904309,569590689589932
569590718000000,43924,-0.017,0.046,1.0,0.3,-1.78,-0.58,1,imu01,fusion_20260818T183239Z,1908,43924312,569590709592545
569590734000000,43944,-0.005,0.044,1.0,0.38,-1.71,-0.13,1,imu01,fusion_20260818T183239Z,1909,43944309,569590729589159
569590765000000,43964,-0.012,0.044,0.981,0.14,-1.83,0.26,1,imu01,fusion_20260818T183239Z,1910,43964311,569590749590773
569590781000000,43984,-0.006,0.039,0.999,-0.15,-0.16,0.1,1,imu01,fusion_20260818T183239Z,1911,43984309,569590769588387
569590796000000,44004,-0.015,0.049,1.009,0.45,2.16,-0.35,1,imu01,fusion_20260818T183239Z,1912,44004312,569590789591001
569590812000000,44024,-0.015,0.046,0.988,1.04,0.81,0.03,1,imu01,fusion_20260818T183239Z,1913,44024309,569590809587614
569590843000000,44044,0.002,0.033,0.997,0.24,0.33,1.07,1,imu01,fusion_20260818T183239Z,1914,44044312,569590829590228
569590859000000,44064,-0.009,0.038,0.985,0.09,-1.81,0.23,1,imu01,fusion_20260818T183239Z,1915,44064309,569590849586842
569590875000000,44084,-0.0,0.037,1.006,-0.11,0.03,0.13,1,imu01,fusion_20260818T183239Z,1916,44084312,569590869589456
569590906000000,44104,-0.01,0.045,0.999,0.51,0.29,-0.31,1,imu01,fusion_20260818T183239Z,1917,44104309,569590889586070
569590921000000,44124,0.002,0.039,1.011,0.22,0.97,-0.0,1,imu01,fusion_20260818T183239Z,1918,44124312,569590909588684
569590937000000,44144,-0.01,0.045,1.005,0.32,0.61,-0.64,1,imu01,fusion_20260818T183239Z,1919,44144309,569590929585297
569590953000000,44164,-0.007,0.047,1.003,-0.46,-0.03,0.07,1,imu01,fusion_20260818T183239Z,1920,44164312,569590949587911
569590984000000,44184,-0.01,0.041,1.001,-0.28,-1.06,0.32,1,imu01,fusion_20260818T183239Z,1921,44184309,569590969584525
569591000000000,44204,-0.008,0.04,1.0,0.42,-1.19,0.04,1,imu01,fusion_20260818T183239Z,1922,44204312,569590989587139
569591015000000,44224,-0.009,0.042,1.002,1.06,0.04,-0.51,1,imu01,fusion_20260818T183239Z,1923,44224309,569591009583753
569591046000000,44244,-0.005,0.045,0.993,0.8,0.36,-0.58,1,imu01,fusion_20260818T183239Z,1924,44244312,569591029586366
569591062000000,44264,-0.004,0.033,0.985,0.28,-0.9,-0.22,1,imu01,fusion_20260818T183239Z,1925,44264309,569591049582980
569591078000000,44284,-0.002,0.039,0.989,0.06,-0.16,-0.44,1,imu01,fusion_20260818T183239Z,1926,44284312,569591069585594
569591093000000,44304,-0.008,0.039,0.982,0.44,0.71,-0.86,1,imu01,fusion_20260818T183239Z,1927,44304309,569591089582208
569591125000000,44324,-0.005,0.033,0.995,0.38,1.49,-1.12,1,imu01,fusion_20260818T183239Z,1928,44324312,569591109584822
569591140000000,44344,-0.019,0.047,0.989,0.06,1.16,-1.34,1,imu01,fusion_20260818T183239Z,1929,44344309,569591129581436
569591156000000,44364,-0.015,0.044,1.013,-0.55,1.76,-1.05,1,imu01,fusion_20260818T183239Z,1930,44364312,569591149584049
569591171000000,44384,-0.014,0.048,1.005,-0.45,2.57,-0.4,1,imu01,fusion_20260818T183239Z,1931,44384309,569591169580663
569591203000000,44404,-0.014,0.041,1.005,-0.06,1.97,0.25,1,imu01,fusion_20260818T183239Z,1932,44404312,569591189583277
569591218000000,44424,-0.014,0.037,1.003,0.16,1.62,0.54,1,imu01,fusion_20260818T183239Z,1933,44424309,569591209579891
569591234000000,44444,-0.003,0.035,0.993,-0.28,1.29,0.58,1,imu01,fusion_20260818T183239Z,1934,44444312,569591229582505
569591265000000,44464,-0.001,0.035,0.982,-0.43,1.76,0.34,1,imu01,fusion_20260818T183239Z,1935,44464309,569591249579118
569591281000000,44484,-0.005,0.031,0.99,-0.33,2.12,-0.44,1,imu01,fusion_20260818T183239Z,1936,44484312,569591269581732
569591296000000,44504,-0.01,0.044,1.018,-0.07,2.21,-1.72,1,imu01,fusion_20260818T183239Z,1937,44504309,569591289578346
569591312000000,44524,-0.019,0.049,1.026,0.37,1.98,-1.94,1,imu01,fusion_20260818T183239Z,1938,44524312,569591309580960
569591343000000,44544,-0.011,0.045,1.025,0.24,1.39,-0.51,1,imu01,fusion_20260818T183239Z,1939,44544309,569591329577574
569591359000000,44564,-0.009,0.04,0.987,0.03,0.21,-0.16,1,imu01,fusion_20260818T183239Z,1940,44564312,569591349580188
569591375000000,44584,0.001,0.042,1.002,0.06,-1.33,-1.08,1,imu01,fusion_20260818T183239Z,1941,44584309,569591369576801
569591406000000,44604,-0.015,0.049,1.002,0.57,-2.17,-1.69,1,imu01,fusion_20260818T183239Z,1942,44604312,569591389579415
569591421000000,44624,-0.002,0.038,1.008,0.82,-0.86,-1.38,1,imu01,fusion_20260818T183239Z,1943,44624309,569591409576029
569591437000000,44644,-0.017,0.051,1.006,1.23,-0.54,-1.7,1,imu01,fusion_20260818T183239Z,1944,44644312,569591429578643
569591453000000,44664,-0.012,0.051,1.007,0.57,-0.79,-1.03,1,imu01,fusion_20260818T183239Z,1945,44664309,569591449575257
569591484000000,44684,-0.013,0.052,1.0,0.41,-1.19,-0.84,1,imu01,fusion_20260818T183239Z,1946,44684312,569591469577870
569591500000000,44704,-0.014,0.047,0.997,0.35,-0.99,-0.61,1,imu01,fusion_20260818T183239Z,1947,44704309,569591489574484
569591515000000,44724,-0.024,0.056,1.004,1.42,-0.77,-0.87,1,imu01,fusion_20260818T183239Z,1948,44724312,569591509577098
569591531000000,44744,-0.022,0.052,1.005,1.83,-0.32,-0.1,1,imu01,fusion_20260818T183239Z,1949,44744309,569591529573712
569591562000000,44764,-0.01,0.046,1.014,1.09,-0.37,0.99,1,imu01,fusion_20260818T183239Z,1950,44764312,569591549576326
569591578000000,44784,-0.01,0.042,1.003,0.81,-2.19,1.1,1,imu01,fusion_20260818T183239Z,1951,44784309,569591569572940
569591593000000,44804,-0.005,0.037,0.994,0.56,-1.3,1.11,1,imu01,fusion_20260818T183239Z,1952,44804312,569591589575553
569591625000000,44824,-0.003,0.035,0.999,-0.02,-0.65,1.01,1,imu01,fusion_20260818T183239Z,1953,44824309,569591609572167
569591640000000,44844,-0.011,0.043,0.992,-0.3,0.6,0.69,1,imu01,fusion_20260818T183239Z,1954,44844312,569591629574781
569591656000000,44864,-0.017,0.049,0.987,-0.84,-0.95,0.47,1,imu01,fusion_20260818T183239Z,1955,44864309,569591649571395
569591671000000,44884,-0.019,0.045,1.0,-0.52,-0.4,0.48,1,imu01,fusion_20260818T183239Z,1956,44884312,569591669574009
569591703000000,44904,-0.015,0.048,0.998,-0.66,-0.93,0.37,1,imu01,fusion_20260818T183239Z,1957,44904309,569591689570622
569591718000000,44924,-0.017,0.044,1.011,-1.07,0.77,0.89,1,imu01,fusion_20260818T183239Z,1958,44924312,569591709573236
569591734000000,44944,-0.017,0.043,0.996,-0.66,0.24,0.54,1,imu01,fusion_20260818T183239Z,1959,44944309,569591729569850
569591765000000,44964,-0.009,0.038,1.014,-0.44,1.18,0.87,1,imu01,fusion_20260818T183239Z,1960,44964312,569591749572464
569591781000000,44984,-0.02,0.043,0.992,-0.46,-0.18,0.74,1,imu01,fusion_20260818T183239Z,1961,44984309,569591769569078
569591796000000,45004,-0.014,0.04,0.997,-1.59,-0.06,0.99,1,imu01,fusion_20260818T183239Z,1962,45004312,569591789571692
569591812000000,45024,-0.024,0.049,0.993,-1.74,-1.29,0.55,1,imu01,fusion_20260818T183239Z,1963,45024309,569591809568305
569591843000000,45044,-0.022,0.055,1.005,-1.84,0.31,0.78,1,imu01,fusion_20260818T183239Z,1964,45044312,569591829570919
569591859000000,45064,-0.021,0.057,1.007,-1.29,1.26,1.33,1,imu01,fusion_20260818T183239Z,1965,45064309,569591849567533
569591875000000,45084,-0.011,0.048,1.001,-0.78,1.08,1.97,1,imu01,fusion_20260818T183239Z,1966,45084312,569591869570147
569591906000000,45104,-0.011,0.048,1.0,-1.06,1.16,2.26,1,imu01,fusion_20260818T183239Z,1967,45104309,569591889566761
569591921000000,45124,-0.015,0.042,0.997,-1.48,1.28,2.52,1,imu01,fusion_20260818T183239Z,1968,45124312,569591909569374
569591937000000,45144,-0.012,0.033,1.005,-1.57,1.21,2.65,1,imu01,fusion_20260818T183239Z,1969,45144309,569591929565988
569591953000000,45164,-0.018,0.038,0.997,-1.38,0.29,2.83,1,imu01,fusion_20260818T183239Z,1970,45164312,569591949568602
569591984000000,45184,0.001,0.033,1.001,-2.26,4.66,5.99,1,imu01,fusion_20260818T183239Z,1971,45184309,569591969565216
569592000000000,45204,0.0,0.026,0.995,-1.18,0.55,3.12,1,imu01,fusion_20260818T183239Z,1972,45204312,569591989567830
569592015000000,45224,-0.008,0.035,1.012,-1.27,-4.63,2.16,1,imu01,fusion_20260818T183239Z,1973,45224309,569592009564444
569592046000000,45244,-0.014,0.037,1.007,-0.37,4.1,2.38,1,imu01,fusion_20260818T183239Z,1974,45244312,569592029567057
569592062000000,45264,-0.011,0.029,1.01,-0.91,6.1,3.35,1,imu01,fusion_20260818T183239Z,1975,45264309,569592049563671
569592078000000,45284,-0.014,0.028,1.004,-1.82,4.2,3.89,1,imu01,fusion_20260818T183239Z,1976,45284312,569592069566285
569592093000000,45304,-0.012,0.032,0.991,-2.11,1.58,3.35,1,imu01,fusion_20260818T183239Z,1977,45304309,569592089562899
569592125000000,45324,-0.009,0.026,0.99,-1.66,1.03,2.26,1,imu01,fusion_20260818T183239Z,1978,45324312,569592109565512
569592140000000,45344,-0.017,0.024,1.0,-0.65,0.29,0.56,1,imu01,fusion_20260818T183239Z,1979,45344309,569592129562126
569592156000000,45364,-0.018,0.027,0.994,0.06,0.42,-0.42,1,imu01,fusion_20260818T183239Z,1980,45364312,569592149564740
569592187000000,45384,-0.021,0.036,1.006,-0.22,0.68,-0.74,1,imu01,fusion_20260818T183239Z,1981,45384309,569592169561354
569592203000000,45404,-0.022,0.036,1.004,-0.79,0.07,-0.56,1,imu01,fusion_20260818T183239Z,1982,45404312,569592189563968
569592218000000,45424,-0.026,0.032,1.004,-0.87,-0.12,-0.54,1,imu01,fusion_20260818T183239Z,1983,45424309,569592209560582
569592234000000,45444,-0.019,0.028,1.009,-0.75,-0.19,-0.96,1,imu01,fusion_20260818T183239Z,1984,45444312,569592229563196
569592265000000,45464,-0.022,0.036,1.008,-0.39,0.03,-1.58,1,imu01,fusion_20260818T183239Z,1985,45464309,569592249559809
569592281000000,45484,-0.019,0.029,1.005,-0.78,0.53,-1.37,1,imu01,fusion_20260818T183239Z,1986,45484312,569592269562423
569592296000000,45504,-0.013,0.027,0.996,-1.16,-0.54,-1.61,1,imu01,fusion_20260818T183239Z,1987,45504309,569592289559037
569592312000000,45524,-0.006,0.013,1.005,-1.54,-0.62,-2.47,1,imu01,fusion_20260818T183239Z,1988,45524312,569592309561651
569592343000000,45544,-0.012,0.016,0.994,-1.15,-1.52,-4.12,1,imu01,fusion_20260818T183239Z,1989,45544309,569592329558265
569592359000000,45564,-0.011,0.005,1.007,-1.01,-1.1,-5.61,1,imu01,fusion_20260818T183239Z,1990,45564312,569592349560878
569592375000000,45584,-0.026,0.009,1.003,-0.77,-1.45,-7.47,1,imu01,fusion_20260818T183239Z,1991,45584309,569592369557492
569592406000000,45604,-0.03,0.012,1.001,-0.62,-1.34,-8.71,1,imu01,fusion_20260818T183239Z,1992,45604312,569592389560106
569592421000000,45624,-0.033,0.008,1.0,-0.28,-1.19,-9.8,1,imu01,fusion_20260818T183239Z,1993,45624309,569592409556720
569592437000000,45644,-0.029,-0.001,0.991,-0.07,-0.75,-11.35,1,imu01,fusion_20260818T183239Z,1994,45644312,569592429559334
569592453000000,45664,-0.034,-0.004,0.989,0.12,-0.97,-13.25,1,imu01,fusion_20260818T183239Z,1995,45664309,569592449555948
569592484000000,45684,-0.043,-0.0,0.989,0.03,-1.89,-15.4,1,imu01,fusion_20260818T183239Z,1996,45684312,569592469558561
569592500000000,45704,-0.038,-0.01,0.978,-0.17,-1.68,-17.07,1,imu01,fusion_20260818T183239Z,1997,45704309,569592489555175
569592515000000,45724,-0.042,-0.016,0.975,-0.55,-0.87,-19.51,1,imu01,fusion_20260818T183239Z,1998,45724312,569592509557789
569592546000000,45744,-0.055,-0.014,0.971,-0.49,1.42,-22.41,1,imu01,fusion_20260818T183239Z,1999,45744309,569592529554403
569592562000000,45764,-0.056,-0.015,0.975,-0.7,1.91,-25.95,1,imu01,fusion_20260818T183239Z,2000,45764312,569592549557016
569592578000000,45784,-0.057,-0.014,0.982,-0.82,3.76,-28.42,1,imu01,fusion_20260818T183239Z,2001,45784309,569592569553630
569592593000000,45804,-0.069,-0.01,0.991,-0.14,5.36,-31.09,1,imu01,fusion_20260818T183239Z,2002,45804312,569592589556244
569592625000000,45824,-0.068,-0.012,1.002,1.25,5.8,-33.45,1,imu01,fusion_20260818T183239Z,2003,45824309,569592609552858
569592640000000,45844,-0.075,-0.007,1.005,3.69,6.37,-36.16,1,imu01,fusion_20260818T183239Z,2004,45844312,569592629555472
569592656000000,45864,-0.073,0.004,0.988,5.25,8.0,-37.61,1,imu01,fusion_20260818T183239Z,2005,45864309,569592649552086
569592687000000,45884,-0.072,-0.009,0.986,6.49,7.82,-39.38,1,imu01,fusion_20260818T183239Z,2006,45884312,569592669554699
569592703000000,45904,-0.079,-0.002,0.971,8.22,6.59,-41.62,1,imu01,fusion_20260818T183239Z,2007,45904309,569592689551313
569592718000000,45924,-0.082,0.01,1.011,9.99,1.73,-44.43,1,imu01,fusion_20260818T183239Z,2008,45924312,569592709553927
569592734000000,45944,-0.076,0.037,1.053,12.62,0.78,-45.39,1,imu01,fusion_20260818T183239Z,2009,45944309,569592729550541
569592765000000,45964,-0.055,0.041,1.049,14.65,-0.48,-42.58,1,imu01,fusion_20260818T183239Z,2010,45964311,569592749552155
569592781000000,45984,-0.017,0.044,1.029,15.59,-1.43,-38.84,1,imu01,fusion_20260818T183239Z,2011,45984309,569592769549769
569592796000000,46004,0.023,0.029,1.0,14.7,-3.02,-35.93,1,imu01,fusion_20260818T183239Z,2012,46004312,569592789552382
569592812000000,46024,0.06,0.02,0.984,13.57,-2.53,-35.03,1,imu01,fusion_20260818T183239Z,2013,46024309,569592809548996
569592843000000,46044,0.071,0.04,0.995,12.78,-1.02,-35.67,1,imu01,fusion_20260818T183239Z,2014,46044312,569592829551610
569592859000000,46064,0.076,0.049,0.993,12.93,-2.55,-36.05,1,imu01,fusion_20260818T183239Z,2015,46064309,569592849548224
569592875000000,46084,0.065,0.055,0.957,13.41,0.15,-35.91,1,imu01,fusion_20260818T183239Z,2016,46084312,569592869550838
569592906000000,46104,0.027,0.072,0.989,12.0,-0.45,-37.48,1,imu01,fusion_20260818T183239Z,2017,46104309,569592889547452
569592921000000,46124,-0.048,0.094,1.033,8.33,-4.58,-38.51,1,imu01,fusion_20260818T183239Z,2018,46124312,569592909550065
569592937000000,46144,-0.065,0.101,1.12,7.72,-6.72,-37.72,1,imu01,fusion_20260818T183239Z,2019,46144309,569592929546679
569592953000000,46164,-0.1,0.133,1.115,10.28,-0.8,-34.53,1,imu01,fusion_20260818T183239Z,2020,46164312,569592949549293
569592984000000,46184,-0.143,0.125,1.027,11.8,0.95,-28.83,1,imu01,fusion_20260818T183239Z,2021,46184309,569592969545907
569593000000000,46204,-0.066,0.053,0.997,6.52,-1.07,-20.71,1,imu01,fusion_20260818T183239Z,2022,46204312,569592989548520
569593015000000,46224,-0.068,0.03,0.912,3.48,-8.78,-23.07,1,imu01,fusion_20260818T183239Z,2023,46224309,569593009545134
569593046000000,46244,-0.069,0.041,0.874,5.09,-8.26,-29.3,1,imu01,fusion_20260818T183239Z,2024,46244312,569593029547748
569593062000000,46264,-0.07,0.053,0.851,7.16,-6.36,-34.55,1,imu01,fusion_20260818T183239Z,2025,46264309,569593049544362
569593078000000,46284,-0.052,0.035,0.832,4.94,-4.26,-40.42,1,imu01,fusion_20260818T183239Z,2026,46284312,569593069546976
569593093000000,46304,-0.063,0.053,0.888,0.19,-1.6,-47.35,1,imu01,fusion_20260818T183239Z,2027,46304309,569593089543590
569593125000000,46324,-0.088,0.085,0.985,-2.9,-2.8,-54.99,1,imu01,fusion_20260818T183239Z,2028,46324312,569593109546203
569593140000000,46344,-0.12,0.116,1.078,-2.86,0.78,-60.41,1,imu01,fusion_20260818T183239Z,2029,46344309,569593129542817
569593156000000,46364,-0.137,0.15,1.144,2.98,7.42,-62.83,1,imu01,fusion_20260818T183239Z,2030,46364312,569593149545431
569593187000000,46384,-0.138,0.172,1.18,10.77,20.21,-61.09,1,imu01,fusion_20260818T183239Z,2031,46384309,569593169542045
569593203000000,46404,-0.13,0.189,1.135,15.44,16.0,-59.41,1,imu01,fusion_20260818T183239Z,2032,46404312,569593189544659
569593218000000,46424,-0.093,0.168,1.059,14.66,2.68,-57.03,1,imu01,fusion_20260818T183239Z,2033,46424309,569593209541272
569593234000000,46444,-0.044,0.134,0.976,7.56,-12.22,-56.92,1,imu01,fusion_20260818T183239Z,2034,46444312,569593229543886
569593265000000,46464,-0.029,0.135,0.952,2.24,-15.59,-59.24,1,imu01,fusion_20260818T183239Z,2035,46464309,569593249540500
569593281000000,46484,-0.037,0.15,0.924,1.87,-14.29,-62.45,1,imu01,fusion_20260818T183239Z,2036,46484312,569593269543114
569593296000000,46504,-0.038,0.145,0.905,2.77,-8.84,-63.1,1,imu01,fusion_20260818T183239Z,2037,46504309,569593289539728
569593312000000,46524,-0.036,0.147,0.92,2.7,-2.9,-63.48,1,imu01,fusion_20260818T183239Z,2038,46524312,569593309542342
569593343000000,46544,-0.044,0.143,0.965,-0.2,-1.37,-64.25,1,imu01,fusion_20260818T183239Z,2039,46544309,569593329538956
569593359000000,46564,-0.078,0.15,0.999,-3.41,-2.32,-64.96,1,imu01,fusion_20260818T183239Z,2040,46564312,569593349541569
569593375000000,46584,-0.093,0.151,1.031,-4.96,-3.79,-66.04,1,imu01,fusion_20260818T183239Z,2041,46584309,569593369538183
569593406000000,46604,-0.123,0.156,1.023,-3.17,-7.3,-67.71,1,imu01,fusion_20260818T183239Z,2042,46604312,569593389540797
569593421000000,46624,-0.125,0.158,1.006,-1.37,-8.57,-67.53,1,imu01,fusion_20260818T183239Z,2043,46624309,569593409537411
569593437000000,46644,-0.12,0.15,0.963,-2.1,-8.77,-66.09,1,imu01,fusion_20260818T183239Z,2044,46644312,569593429540024
569593453000000,46664,-0.101,0.117,0.946,-5.02,-8.48,-65.21,1,imu01,fusion_20260818T183239Z,2045,46664309,569593449536638
569593484000000,46684,-0.102,0.099,0.969,-5.39,-11.48,-69.06,1,imu01,fusion_20260818T183239Z,2046,46684312,569593469539252
569593500000000,46704,-0.117,0.103,1.015,-1.46,-12.15,-75.42,1,imu01,fusion_20260818T183239Z,2047,46704309,569593489535866
569593515000000,46724,-0.134,0.112,1.029,3.13,-10.67,-80.06,1,imu01,fusion_20260818T183239Z,2048,46724312,569593509538480
569593546000000,46744,-0.13,0.109,0.984,5.86,-6.54,-81.15,1,imu01,fusion_20260818T183239Z,2049,46744309,569593529535094
569593562000000,46764,-0.143,0.119,0.96,4.77,-3.69,-81.06,1,imu01,fusion_20260818T183239Z,2050,46764312,569593549537707
569593578000000,46784,-0.144,0.105,1.017,4.04,-3.96,-82.67,1,imu01,fusion_20260818T183239Z,2051,46784309,569593569534321
569593593000000,46804,-0.155,0.14,1.066,8.62,-1.57,-84.56,1,imu01,fusion_20260818T183239Z,2052,46804312,569593589536935
569593625000000,46824,-0.172,0.182,1.022,15.28,3.21,-80.58,1,imu01,fusion_20260818T183239Z,2053,46824309,569593609533549
569593640000000,46844,-0.15,0.127,0.911,19.12,7.94,-69.91,1,imu01,fusion_20260818T183239Z,2054,46844312,569593629536163
569593656000000,46864,-0.113,0.083,0.844,16.5,10.97,-59.99,1,imu01,fusion_20260818T183239Z,2055,46864309,569593649532776
569593671000000,46884,-0.117,0.06,0.859,9.99,6.43,-56.31,1,imu01,fusion_20260818T183239Z,2056,46884312,569593669535390
569593703000000,46904,-0.121,0.072,0.924,6.07,-2.72,-55.92,1,imu01,fusion_20260818T183239Z,2057,46904309,569593689532004
569593718000000,46924,-0.089,0.03,1.016,7.28,-9.35,-53.13,1,imu01,fusion_20260818T183239Z,2058,46924312,569593709534618
569593734000000,46944,-0.08,-0.019,1.091,12.99,-13.46,-53.16,1,imu01,fusion_20260818T183239Z,2059,46944309,569593729531232
569593765000000,46964,-0.066,-0.041,1.133,18.06,-16.81,-55.19,1,imu01,fusion_20260818T183239Z,2060,46964312,569593749533846
569593781000000,46984,-0.04,-0.031,1.137,16.5,-12.49,-55.29,1,imu01,fusion_20260818T183239Z,2061,46984309,569593769530460
569593796000000,47004,-0.029,-0.022,1.083,11.03,-13.45,-53.16,1,imu01,fusion_20260818T183239Z,2062,47004312,569593789533073
569593812000000,47024,0.008,-0.022,0.991,5.25,-10.48,-52.58,1,imu01,fusion_20260818T183239Z,2063,47024309,569593809529687
569593843000000,47044,0.003,-0.002,0.954,2.93,1.07,-51.93,1,imu01,fusion_20260818T183239Z,2064,47044312,569593829532301
569593859000000,47064,0.004,0.024,0.911,3.8,4.79,-53.67,1,imu01,fusion_20260818T183239Z,2065,47064309,569593849528915
569593875000000,47084,0.018,0.051,0.848,4.94,7.07,-54.94,1,imu01,fusion_20260818T183239Z,2066,47084312,569593869531528
569593906000000,47104,0.013,0.071,0.897,3.58,7.33,-54.55,1,imu01,fusion_20260818T183239Z,2067,47104309,569593889528142
569593921000000,47124,-0.008,0.116,0.913,2.62,6.57,-54.08,1,imu01,fusion_20260818T183239Z,2068,47124312,569593909530756
569593937000000,47144,-0.023,0.134,1.015,2.76,2.42,-51.8,1,imu01,fusion_20260818T183239Z,2069,47144309,569593929527370
569593953000000,47164,-0.05,0.129,1.057,4.42,3.35,-48.2,1,imu01,fusion_20260818T183239Z,2070,47164312,569593949529984
569593984000000,47184,-0.111,0.176,1.007,6.22,3.76,-43.33,1,imu01,fusion_20260818T183239Z,2071,47184309,569593969526598
569594000000000,47204,-0.098,0.167,1.099,6.53,1.08,-36.71,1,imu01,fusion_20260818T183239Z,2072,47204312,569593989529211
569594015000000,47224,-0.07,0.169,1.049,6.54,-4.32,-30.69,1,imu01,fusion_20260818T183239Z,2073,47224309,569594009525825
569594046000000,47244,-0.089,0.149,1.011,4.45,-12.84,-24.63,1,imu01,fusion_20260818T183239Z,2074,47244312,569594029528439
569594062000000,47264,-0.067,0.123,0.97,2.69,-17.75,-20.19,1,imu01,fusion_20260818T183239Z,2075,47264309,569594049525053
569594078000000,47284,-0.061,0.084,0.949,1.3,-15.09,-16.52,1,imu01,fusion_20260818T183239Z,2076,47284312,569594069527667
569594093000000,47304,-0.068,0.069,1.006,-0.39,-13.08,-15.78,1,imu01,fusion_20260818T183239Z,2077,47304309,569594089524280
569594125000000,47324,-0.055,0.028,1.079,-1.52,-16.24,-16.78,1,imu01,fusion_20260818T183239Z,2078,47324312,569594109526894
569594140000000,47344,-0.045,0.053,1.08,-2.12,-16.91,-18.84,1,imu01,fusion_20260818T183239Z,2079,47344309,569594129523508
569594156000000,47364,-0.017,0.061,0.996,-4.33,-12.29,-17.05,1,imu01,fusion_20260818T183239Z,2080,47364312,569594149526122
569594187000000,47384,-0.001,0.008,0.908,-7.57,-11.73,-14.15,1,imu01,fusion_20260818T183239Z,2081,47384309,569594169522736
569594203000000,47404,0.019,-0.004,0.832,-12.04,-10.26,-16.9,1,imu01,fusion_20260818T183239Z,2082,47404312,569594189525350
569594218000000,47424,0.003,0.01,0.901,-16.23,-1.52,-22.52,1,imu01,fusion_20260818T183239Z,2083,47424309,569594209521963
569594234000000,47444,-0.036,0.043,0.975,-13.68,0.79,-32.99,1,imu01,fusion_20260818T183239Z,2084,47444312,569594229524577
569594265000000,47464,-0.082,0.101,1.025,-6.09,-0.16,-41.88,1,imu01,fusion_20260818T183239Z,2085,47464309,569594249521191
569594281000000,47484,-0.11,0.133,1.08,2.22,-1.65,-46.88,1,imu01,fusion_20260818T183239Z,2086,47484312,569594269523805
569594296000000,47504,-0.118,0.17,1.087,6.61,-0.13,-46.25,1,imu01,fusion_20260818T183239Z,2087,47504309,569594289520419
569594312000000,47524,-0.11,0.203,1.01,8.03,-7.18,-41.87,1,imu01,fusion_20260818T183239Z,2088,47524312,569594309523032
569594343000000,47544,-0.114,0.191,0.935,7.14,-9.48,-35.35,1,imu01,fusion_20260818T183239Z,2089,47544309,569594329519646
569594359000000,47564,-0.056,0.19,0.907,5.28,-6.25,-28.98,1,imu01,fusion_20260818T183239Z,2090,47564312,569594349522260
569594375000000,47584,-0.083,0.203,0.917,4.99,4.16,-23.32,1,imu01,fusion_20260818T183239Z,2091,47584309,569594369518874
569594406000000,47604,-0.077,0.202,0.919,5.75,12.04,-17.78,1,imu01,fusion_20260818T183239Z,2092,47604312,569594389521488
569594421000000,47624,-0.062,0.176,0.944,5.22,15.71,-11.88,1,imu01,fusion_20260818T183239Z,2093,47624309,569594409518102
569594437000000,47644,-0.048,0.161,0.99,4.09,15.54,-7.64,1,imu01,fusion_20260818T183239Z,2094,47644312,569594429520715
569594453000000,47664,-0.063,0.155,1.053,4.1,10.13,-5.66,1,imu01,fusion_20260818T183239Z,2095,47664309,569594449517329
569594484000000,47684,-0.068,0.159,1.066,3.61,6.48,-3.29,1,imu01,fusion_20260818T183239Z,2096,47684312,569594469519943
569594500000000,47704,-0.067,0.142,1.083,4.51,7.32,-0.13,1,imu01,fusion_20260818T183239Z,2097,47704309,569594489516557
569594515000000,47724,-0.067,0.161,1.078,5.52,5.99,3.01,1,imu01,fusion_20260818T183239Z,2098,47724312,569594509519171
569594546000000,47744,-0.051,0.126,1.066,5.68,4.19,6.91,1,imu01,fusion_20260818T183239Z,2099,47744309,569594529515784
569594562000000,47764,-0.038,0.078,1.02,0.59,-4.48,9.03,1,imu01,fusion_20260818T183239Z,2100,47764312,569594549518398
569594578000000,47784,-0.031,0.053,0.989,-1.52,-8.38,8.14,1,imu01,fusion_20260818T183239Z,2101,47784309,569594569515012
569594593000000,47804,-0.026,0.069,0.993,-0.97,-8.66,4.67,1,imu01,fusion_20260818T183239Z,2102,47804312,569594589517626
569594625000000,47824,-0.05,0.059,0.978,1.98,-7.71,0.26,1,imu01,fusion_20260818T183239Z,2103,47824309,569594609514240
569594640000000,47844,-0.068,0.067,0.985,3.54,-7.0,-3.0,1,imu01,fusion_20260818T183239Z,2104,47844312,569594629516854
569594656000000,47864,-0.076,0.082,0.977,3.07,-6.04,-3.9,1,imu01,fusion_20260818T183239Z,2105,47864309,569594649513467
569594671000000,47884,-0.102,0.089,0.934,1.73,-6.41,-3.45,1,imu01,fusion_20260818T183239Z,2106,47884312,569594669516081
569594703000000,47904,-0.093,0.112,0.92,1.52,-6.0,-2.55,1,imu01,fusion_20260818T183239Z,2107,47904309,569594689512695
569594718000000,47924,-0.089,0.113,0.966,2.7,-3.54,-2.43,1,imu01,fusion_20260818T183239Z,2108,47924312,569594709515309
569594734000000,47944,-0.105,0.112,0.971,4.11,-1.68,-3.0,1,imu01,fusion_20260818T183239Z,2109,47944309,569594729511923
569594765000000,47964,-0.1,0.133,1.01,5.28,-0.19,-2.65,1,imu01,fusion_20260818T183239Z,2110,47964311,569594749513536
569594781000000,47984,-0.105,0.118,1.007,4.26,-0.84,-0.52,1,imu01,fusion_20260818T183239Z,2111,47984309,569594769511150
569594796000000,48004,-0.094,0.113,1.004,2.04,-0.69,2.84,1,imu01,fusion_20260818T183239Z,2112,48004312,569594789513764
569594812000000,48024,-0.053,0.104,1.021,1.85,0.5,5.57,1,imu01,fusion_20260818T183239Z,2113,48024309,569594809510378
569594843000000,48044,-0.053,0.102,1.026,4.22,1.51,5.65,1,imu01,fusion_20260818T183239Z,2114,48044312,569594829512992
569594859000000,48064,-0.046,0.09,1.012,6.48,-1.84,4.31,1,imu01,fusion_20260818T183239Z,2115,48064309,569594849509606
569594875000000,48084,-0.029,0.105,1.03,7.64,-6.0,3.23,1,imu01,fusion_20260818T183239Z,2116,48084312,569594869512219
569594906000000,48104,-0.032,0.089,1.013,8.61,-7.64,1.47,1,imu01,fusion_20260818T183239Z,2117,48104309,569594889508833
569594921000000,48124,-0.022,0.105,1.005,10.22,-8.54,-0.74,1,imu01,fusion_20260818T183239Z,2118,48124312,569594909511447
569594937000000,48144,-0.023,0.115,0.975,12.41,-7.36,-1.69,1,imu01,fusion_20260818T183239Z,2119,48144309,569594929508061
569594953000000,48164,-0.017,0.134,0.984,13.69,-5.46,-1.64,1,imu01,fusion_20260818T183239Z,2120,48164312,569594949510675
569594984000000,48184,-0.017,0.159,0.958,14.06,-3.57,-1.45,1,imu01,fusion_20260818T183239Z,2121,48184309,569594969507288
569595000000000,48204,-0.018,0.151,0.932,11.86,-1.37,0.55,1,imu01,fusion_20260818T183239Z,2122,48204312,569594989509902
569595015000000,48224,0.006,0.174,0.898,8.84,0.16,2.39,1,imu01,fusion_20260818T183239Z,2123,48224309,569595009506516
569595046000000,48244,0.041,0.173,0.906,5.13,3.0,3.9,1,imu01,fusion_20260818T183239Z,2124,48244312,569595029509130
569595062000000,48264,0.026,0.185,0.926,3.41,5.2,2.95,1,imu01,fusion_20260818T183239Z,2125,48264309,569595049505744
569595078000000,48284,0.011,0.183,0.963,2.03,9.52,1.13,1,imu01,fusion_20260818T183239Z,2126,48284312,569595069508358
569595093000000,48304,-0.013,0.201,1.015,1.46,13.83,0.25,1,imu01,fusion_20260818T183239Z,2127,48304309,569595089504971
569595125000000,48324,-0.026,0.201,1.043,1.96,12.76,-0.61,1,imu01,fusion_20260818T183239Z,2128,48324312,569595109507585
569595140000000,48344,-0.06,0.191,1.108,2.07,11.96,-1.07,1,imu01,fusion_20260818T183239Z,2129,48344309,569595129504199
569595156000000,48364,-0.055,0.22,1.103,4.06,9.22,-0.91,1,imu01,fusion_20260818T183239Z,2130,48364312,569595149506813
569595171000000,48384,-0.056,0.196,1.091,5.68,7.0,1.81,1,imu01,fusion_20260818T183239Z,2131,48384309,569595169503427
569595203000000,48404,-0.024,0.161,1.026,4.73,-1.03,4.36,1,imu01,fusion_20260818T183239Z,2132,48404312,569595189506040
569595218000000,48424,-0.002,0.127,0.988,1.42,-4.26,5.12,1,imu01,fusion_20260818T183239Z,2133,48424309,569595209502654
569595234000000,48444,0.007,0.129,0.943,-2.17,-6.71,3.63,1,imu01,fusion_20260818T183239Z,2134,48444312,569595229505268
569595265000000,48464,0.025,0.134,0.916,-3.79,-6.84,0.56,1,imu01,fusion_20260818T183239Z,2135,48464309,569595249501882
569595281000000,48484,0.019,0.112,0.891,-4.19,-4.24,-2.8,1,imu01,fusion_20260818T183239Z,2136,48484312,569595269504496
569595296000000,48504,0.013,0.122,0.898,-5.62,1.37,-6.03,1,imu01,fusion_20260818T183239Z,2137,48504309,569595289501110
569595312000000,48524,0.003,0.118,0.917,-8.65,5.97,-9.19,1,imu01,fusion_20260818T183239Z,2138,48524312,569595309503723
569595343000000,48544,-0.002,0.125,0.934,-12.6,10.54,-11.38,1,imu01,fusion_20260818T183239Z,2139,48544309,569595329500337
569595359000000,48564,-0.019,0.15,0.964,-14.59,10.94,-13.96,1,imu01,fusion_20260818T183239Z,2140,48564312,569595349502951
569595375000000,48584,-0.061,0.169,0.979,-15.1,10.47,-16.39,1,imu01,fusion_20260818T183239Z,2141,48584309,569595369499565
569595406000000,48604,-0.048,0.177,1.024,-15.68,13.0,-15.72,1,imu01,fusion_20260818T183239Z,2142,48604312,569595389502179
569595421000000,48624,-0.07,0.185,1.038,-15.12,13.61,-14.72,1,imu01,fusion_20260818T183239Z,2143,48624309,569595409498792
569595437000000,48644,-0.062,0.175,1.02,-14.16,7.8,-15.01,1,imu01,fusion_20260818T183239Z,2144,48644312,569595429501406
569595453000000,48664,-0.074,0.16,1.029,-14.76,3.26,-14.7,1,imu01,fusion_20260818T183239Z,2145,48664309,569595449498020
569595484000000,48684,-0.07,0.157,1.018,-16.46,-0.61,-14.68,1,imu01,fusion_20260818T183239Z,2146,48684312,569595469500634
569595500000000,48704,-0.099,0.155,1.039,-16.01,-3.26,-15.99,1,imu01,fusion_20260818T183239Z,2147,48704309,569595489497248
569595515000000,48724,-0.078,0.164,1.029,-14.9,-2.48,-15.25,1,imu01,fusion_20260818T183239Z,2148,48724312,569595509499862
569595546000000,48744,-0.105,0.172,1.006,-13.81,-2.17,-13.01,1,imu01,fusion_20260818T183239Z,2149,48744309,569595529496475
569595562000000,48764,-0.115,0.143,0.959,-14.74,-1.5,-9.68,1,imu01,fusion_20260818T183239Z,2150,48764312,569595549499089
569595578000000,48784,-0.107,0.156,0.963,-17.47,-0.22,-6.1,1,imu01,fusion_20260818T183239Z,2151,48784309,569595569495703
569595593000000,48804,-0.13,0.154,0.977,-19.6,-1.37,-2.07,1,imu01,fusion_20260818T183239Z,2152,48804312,569595589498317
569595625000000,48824,-0.134,0.121,0.982,-21.14,-0.35,3.93,1,imu01,fusion_20260818T183239Z,2153,48824309,569595609494931
569595640000000,48844,-0.124,0.091,1.018,-21.23,4.01,8.7,1,imu01,fusion_20260818T183239Z,2154,48844312,569595629497544
569595656000000,48864,-0.123,0.056,1.068,-20.52,7.39,11.32,1,imu01,fusion_20260818T183239Z,2155,48864309,569595649494158
569595687000000,48884,-0.121,0.016,1.076,-18.13,5.86,11.96,1,imu01,fusion_20260818T183239Z,2156,48884312,569595669496772
569595703000000,48904,-0.111,-0.009,1.057,-16.75,6.05,12.18,1,imu01,fusion_20260818T183239Z,2157,48904309,569595689493386
569595718000000,48924,-0.105,-0.027,1.02,-16.43,2.73,11.11,1,imu01,fusion_20260818T183239Z,2158,48924312,569595709496000
569595734000000,48944,-0.102,-0.04,0.998,-16.67,0.49,8.94,1,imu01,fusion_20260818T183239Z,2159,48944309,569595729492614
569595765000000,48964,-0.109,-0.021,1.007,-14.39,1.76,4.85,1,imu01,fusion_20260818T183239Z,2160,48964312,569595749495227
569595781000000,48984,-0.134,0.001,0.971,-8.77,3.23,0.94,1,imu01,fusion_20260818T183239Z,2161,48984309,569595769491841
569595796000000,49004,-0.141,0.006,0.947,-2.96,0.03,-1.32,1,imu01,fusion_20260818T183239Z,2162,49004312,569595789494455
569595812000000,49024,-0.144,0.012,0.947,1.76,-0.99,-3.09,1,imu01,fusion_20260818T183239Z,2163,49024309,569595809491069
569595843000000,49044,-0.169,0.037,0.957,4.63,-2.24,-4.25,1,imu01,fusion_20260818T183239Z,2164,49044312,569595829493683
569595859000000,49064,-0.171,0.05,0.953,5.64,0.26,-2.08,1,imu01,fusion_20260818T183239Z,2165,49064309,569595849490296
569595875000000,49084,-0.183,0.065,0.979,6.12,1.02,0.82,1,imu01,fusion_20260818T183239Z,2166,49084312,569595869492910
569595906000000,49104,-0.178,0.063,1.004,7.01,4.91,4.97,1,imu01,fusion_20260818T183239Z,2167,49104309,569595889489524
569595921000000,49124,-0.175,0.072,1.027,7.92,7.52,9.02,1,imu01,fusion_20260818T183239Z,2168,49124312,569595909492138
569595937000000,49144,-0.169,0.068,1.025,7.4,11.35,16.33,1,imu01,fusion_20260818T183239Z,2169,49144309,569595929488752
569595953000000,49164,-0.159,0.061,1.007,5.48,12.55,24.62,1,imu01,fusion_20260818T183239Z,2170,49164312,569595949491366
569595984000000,49184,-0.141,0.037,0.975,2.45,13.99,32.07,1,imu01,fusion_20260818T183239Z,2171,49184309,569595969487979
569596000000000,49204,-0.124,0.015,0.984,0.62,11.57,36.56,1,imu01,fusion_20260818T183239Z,2172,49204312,569595989490593
569596015000000,49224,-0.129,0.017,0.971,-0.12,6.39,38.36,1,imu01,fusion_20260818T183239Z,2173,49224309,569596009487207
569596046000000,49244,-0.122,0.008,0.985,0.11,4.49,40.75,1,imu01,fusion_20260818T183239Z,2174,49244312,569596029489821
569596062000000,49264,-0.13,0.008,0.993,-0.01,3.96,42.95,1,imu01,fusion_20260818T183239Z,2175,49264309,569596049486435
569596078000000,49284,-0.125,0.002,1.003,-1.04,2.97,45.58,1,imu01,fusion_20260818T183239Z,2176,49284312,569596069489048
569596093000000,49304,-0.128,0.008,0.988,-2.14,-0.03,47.18,1,imu01,fusion_20260818T183239Z,2177,49304309,569596089485662
569596125000000,49324,-0.113,0.012,0.986,-2.22,-2.48,48.61,1,imu01,fusion_20260818T183239Z,2178,49324312,569596109488276
569596140000000,49344,-0.139,0.03,1.005,-0.11,-1.85,49.2,1,imu01,fusion_20260818T183239Z,2179,49344309,569596129484890
569596156000000,49364,-0.142,0.046,1.022,-0.15,-0.29,51.13,1,imu01,fusion_20260818T183239Z,2180,49364312,569596149487504
569596187000000,49384,-0.151,0.062,0.977,0.89,-0.45,53.92,1,imu01,fusion_20260818T183239Z,2181,49384309,569596169484118
569596203000000,49404,-0.141,0.056,0.984,0.36,0.26,57.35,1,imu01,fusion_20260818T183239Z,2182,49404312,569596189486731
569596218000000,49424,-0.131,0.053,0.975,0.12,4.6,60.38,1,imu01,fusion_20260818T183239Z,2183,49424309,569596209483345
569596234000000,49444,-0.135,0.063,0.973,0.61,5.97,61.2,1,imu01,fusion_20260818T183239Z,2184,49444312,569596229485959
569596265000000,49464,-0.143,0.067,1.001,0.51,5.78,61.71,1,imu01,fusion_20260818T183239Z,2185,49464309,569596249482573
569596281000000,49484,-0.16,0.08,1.029,-0.14,5.29,63.23,1,imu01,fusion_20260818T183239Z,2186,49484312,569596269485186
569596296000000,49504,-0.156,0.077,1.045,2.5,4.54,64.67,1,imu01,fusion_20260818T183239Z,2187,49504309,569596289481800
569596312000000,49524,-0.206,0.087,1.012,7.83,3.03,64.96,1,imu01,fusion_20260818T183239Z,2188,49524312,569596309484414
569596343000000,49544,-0.179,0.08,1.035,8.41,3.93,66.19,1,imu01,fusion_20260818T183239Z,2189,49544309,569596329481028
569596359000000,49564,-0.175,0.081,1.026,5.64,-0.06,66.56,1,imu01,fusion_20260818T183239Z,2190,49564312,569596349483642
569596375000000,49584,-0.193,0.094,1.015,0.62,-12.97,66.46,1,imu01,fusion_20260818T183239Z,2191,49584309,569596369480256
569596406000000,49604,-0.193,0.086,0.979,2.42,-15.6,67.72,1,imu01,fusion_20260818T183239Z,2192,49604312,569596389482870
569596421000000,49624,-0.179,0.082,0.94,4.64,-13.45,68.38,1,imu01,fusion_20260818T183239Z,2193,49624309,569596409479483
569596437000000,49644,-0.161,0.088,0.903,4.74,-9.26,68.71,1,imu01,fusion_20260818T183239Z,2194,49644312,569596429482097
569596453000000,49664,-0.148,0.095,0.872,2.08,-7.33,68.36,1,imu01,fusion_20260818T183239Z,2195,49664309,569596449478711
569596484000000,49684,-0.146,0.116,0.89,0.8,-6.72,66.83,1,imu01,fusion_20260818T183239Z,2196,49684312,569596469481325
569596500000000,49704,-0.138,0.141,0.915,0.15,-4.1,65.73,1,imu01,fusion_20260818T183239Z,2197,49704309,569596489477939
569596515000000,49724,-0.138,0.168,0.945,1.94,3.13,65.51,1,imu01,fusion_20260818T183239Z,2198,49724312,569596509480552
569596546000000,49744,-0.145,0.203,0.962,4.68,8.37,65.66,1,imu01,fusion_20260818T183239Z,2199,49744309,569596529477166
569596562000000,49764,-0.153,0.21,0.973,5.7,8.26,67.75,1,imu01,fusion_20260818T183239Z,2200,49764312,569596549479780
569596578000000,49784,-0.144,0.211,1.001,5.16,8.74,70.79,1,imu01,fusion_20260818T183239Z,2201,49784309,569596569476394
569596593000000,49804,-0.148,0.224,0.999,5.06,6.5,71.98,1,imu01,fusion_20260818T183239Z,2202,49804312,569596589479008
569596625000000,49824,-0.151,0.24,0.998,5.53,4.95,73.73,1,imu01,fusion_20260818T183239Z,2203,49824309,569596609475622
569596640000000,49844,-0.136,0.245,0.973,7.19,6.21,76.36,1,imu01,fusion_20260818T183239Z,2204,49844312,569596629478235
569596656000000,49864,-0.13,0.248,0.946,7.48,8.01,78.69,1,imu01,fusion_20260818T183239Z,2205,49864309,569596649474849
569596671000000,49884,-0.123,0.237,0.954,6.76,8.36,80.56,1,imu01,fusion_20260818T183239Z,2206,49884312,569596669477463
569596703000000,49904,-0.135,0.244,0.97,5.86,12.04,81.26,1,imu01,fusion_20260818T183239Z,2207,49904309,569596689474077
569596718000000,49924,-0.146,0.267,0.978,5.61,15.87,82.23,1,imu01,fusion_20260818T183239Z,2208,49924312,569596709476690
569596734000000,49944,-0.163,0.281,0.975,6.59,19.07,85.21,1,imu01,fusion_20260818T183239Z,2209,49944309,569596729473304
569596765000000,49964,-0.169,0.274,0.988,6.36,20.14,89.6,1,imu01,fusion_20260818T183239Z,2210,49964311,569596749474918
569596781000000,49984,-0.173,0.271,0.962,6.32,20.88,93.97,1,imu01,fusion_20260818T183239Z,2211,49984309,569596769472532
569596796000000,50004,-0.159,0.271,0.945,4.83,20.55,98.84,1,imu01,fusion_20260818T183239Z,2212,50004312,569596789475146
569596812000000,50024,-0.142,0.241,0.929,3.31,19.6,103.12,1,imu01,fusion_20260818T183239Z,2213,50024309,569596809471760
569596843000000,50044,-0.123,0.22,0.926,1.2,21.05,105.64,1,imu01,fusion_20260818T183239Z,2214,50044312,569596829474374
569596859000000,50064,-0.121,0.226,0.918,-2.58,23.37,106.17,1,imu01,fusion_20260818T183239Z,2215,50064309,569596849470987
569596875000000,50084,-0.097,0.209,0.954,-6.97,25.55,107.31,1,imu01,fusion_20260818T183239Z,2216,50084312,569596869473601
569596906000000,50104,-0.079,0.183,0.99,-8.97,20.4,104.49,1,imu01,fusion_20260818T183239Z,2217,50104309,569596889470215
569596921000000,50124,-0.082,0.175,1.01,-9.19,24.33,100.39,1,imu01,fusion_20260818T183239Z,2218,50124312,569596909472829
569596937000000,50144,-0.109,0.187,1.079,-9.55,24.15,94.44,1,imu01,fusion_20260818T183239Z,2219,50144309,569596929469443
569596953000000,50164,-0.124,0.211,1.123,-10.43,21.15,90.78,1,imu01,fusion_20260818T183239Z,2220,50164312,569596949472056
569596984000000,50184,-0.142,0.219,1.11,-10.52,14.55,89.36,1,imu01,fusion_20260818T183239Z,2221,50184309,569596969468670
569597000000000,50204,-0.14,0.2,1.022,-9.47,11.1,91.91,1,imu01,fusion_20260818T183239Z,2222,50204312,569596989471284
569597015000000,50224,-0.105,0.172,1.029,-7.35,29.48,99.65,1,imu01,fusion_20260818T183239Z,2223,50224309,569597009467898
569597046000000,50244,-0.128,0.158,1.025,-10.39,34.65,103.04,1,imu01,fusion_20260818T183239Z,2224,50244312,569597029470512
569597062000000,50264,-0.096,0.162,1.011,-9.91,39.6,104.12,1,imu01,fusion_20260818T183239Z,2225,50264309,569597049467126
569597078000000,50284,-0.14,0.177,1.003,-7.66,26.99,96.21,1,imu01,fusion_20260818T183239Z,2226,50284312,569597069469739
569597093000000,50304,-0.129,0.163,0.97,-8.01,15.85,91.51,1,imu01,fusion_20260818T183239Z,2227,50304309,569597089466353
569597125000000,50324,-0.128,0.181,0.937,-11.12,11.35,89.65,1,imu01,fusion_20260818T183239Z,2228,50324312,569597109468967
569597140000000,50344,-0.143,0.158,0.861,-13.92,15.0,92.17,1,imu01,fusion_20260818T183239Z,2229,50344309,569597129465581
569597156000000,50364,-0.117,0.17,0.915,-17.39,22.08,93.39,1,imu01,fusion_20260818T183239Z,2230,50364312,569597149468194
569597187000000,50384,-0.129,0.18,0.92,-15.75,18.63,90.65,1,imu01,fusion_20260818T183239Z,2231,50384309,569597169464808
569597203000000,50404,-0.073,0.199,0.95,-9.52,17.43,87.92,1,imu01,fusion_20260818T183239Z,2232,50404312,569597189467422
569597218000000,50424,-0.149,0.224,0.955,-6.49,16.69,86.8,1,imu01,fusion_20260818T183239Z,2233,50424309,569597209464036
569597234000000,50444,-0.097,0.246,0.964,-6.33,7.5,84.95,1,imu01,fusion_20260818T183239Z,2234,50444312,569597229466650
569597265000000,50464,-0.138,0.235,0.977,-10.96,2.42,87.28,1,imu01,fusion_20260818T183239Z,2235,50464309,569597249463264
569597281000000,50484,-0.123,0.209,0.979,-15.8,-2.71,89.45,1,imu01,fusion_20260818T183239Z,2236,50484312,569597269465877
569597296000000,50504,-0.108,0.199,1.008,-16.43,-6.9,89.09,1,imu01,fusion_20260818T183239Z,2237,50504309,569597289462491
569597312000000,50524,-0.136,0.22,0.988,-15.42,-10.5,88.52,1,imu01,fusion_20260818T183239Z,2238,50524312,569597309465105
569597343000000,50544,-0.141,0.2,1.01,-15.88,-12.67,90.25,1,imu01,fusion_20260818T183239Z,2239,50544309,569597329461719
569597359000000,50564,-0.119,0.168,0.986,-15.36,-13.36,90.92,1,imu01,fusion_20260818T183239Z,2240,50564312,569597349464333
569597375000000,50584,-0.098,0.129,1.046,-14.39,-11.07,88.52,1,imu01,fusion_20260818T183239Z,2241,50584309,569597369460947
569597406000000,50604,-0.089,0.115,1.064,-11.74,-12.19,83.14,1,imu01,fusion_20260818T183239Z,2242,50604312,569597389463560
569597421000000,50624,-0.08,0.107,1.055,-9.75,-12.09,77.45,1,imu01,fusion_20260818T183239Z,2243,50624309,569597409460174
569597437000000,50644,-0.061,0.088,1.022,-10.26,-16.34,73.83,1,imu01,fusion_20260818T183239Z,2244,50644312,569597429462788
569597453000000,50664,-0.025,0.059,0.975,-12.11,-22.01,70.52,1,imu01,fusion_20260818T183239Z,2245,50664309,569597449459402
569597484000000,50684,0.01,0.039,1.011,-11.52,-26.94,66.23,1,imu01,fusion_20260818T183239Z,2246,50684312,569597469462016
569597500000000,50704,0.035,0.049,0.908,-14.43,-31.45,63.52,1,imu01,fusion_20260818T183239Z,2247,50704309,569597489458630
569597515000000,50724,0.063,0.056,0.911,-13.79,-26.81,57.97,1,imu01,fusion_20260818T183239Z,2248,50724312,569597509461243
569597546000000,50744,0.083,0.069,0.926,-13.26,-24.03,53.55,1,imu01,fusion_20260818T183239Z,2249,50744309,569597529457857
569597562000000,50764,0.093,0.075,0.927,-12.23,-21.22,50.26,1,imu01,fusion_20260818T183239Z,2250,50764312,569597549460471
569597578000000,50784,0.09,0.09,0.957,-6.91,-14.37,43.4,1,imu01,fusion_20260818T183239Z,2251,50784309,569597569457085
569597593000000,50804,0.077,0.119,1.014,-1.26,-9.52,37.06,1,imu01,fusion_20260818T183239Z,2252,50804312,569597589459698
569597625000000,50824,0.049,0.155,1.024,3.28,-4.7,33.59,1,imu01,fusion_20260818T183239Z,2253,50824309,569597609456312
569597640000000,50844,0.042,0.186,1.024,4.88,4.33,37.34,1,imu01,fusion_20260818T183239Z,2254,50844312,569597629458926
569597656000000,50864,0.058,0.176,0.994,6.35,12.37,44.04,1,imu01,fusion_20260818T183239Z,2255,50864309,569597649455540
569597687000000,50884,0.07,0.167,0.953,7.64,10.49,48.76,1,imu01,fusion_20260818T183239Z,2256,50884312,569597669458154
569597703000000,50904,0.098,0.143,0.904,6.26,10.78,52.82,1,imu01,fusion_20260818T183239Z,2257,50904309,569597689454768
569597718000000,50924,0.096,0.123,0.914,1.51,12.86,55.46,1,imu01,fusion_20260818T183239Z,2258,50924312,569597709457381
569597734000000,50944,0.095,0.117,0.941,-1.55,12.3,56.85,1,imu01,fusion_20260818T183239Z,2259,50944309,569597729453995
569597765000000,50964,0.08,0.097,0.947,-2.04,11.46,58.33,1,imu01,fusion_20260818T183239Z,2260,50964312,569597749456609
569597781000000,50984,0.065,0.088,0.951,-1.49,11.7,58.14,1,imu01,fusion_20260818T183239Z,2261,50984309,569597769453223
569597796000000,51004,0.057,0.076,0.969,-2.24,16.41,58.16,1,imu01,fusion_20260818T183239Z,2262,51004312,569597789455837
569597812000000,51024,0.03,0.085,0.989,-3.46,18.29,58.04,1,imu01,fusion_20260818T183239Z,2263,51024309,569597809452450
569597843000000,51044,-0.0,0.108,0.98,-4.81,19.07,59.81,1,imu01,fusion_20260818T183239Z,2264,51044312,569597829455064
569597859000000,51064,-0.013,0.105,0.991,-7.75,15.62,63.32,1,imu01,fusion_20260818T183239Z,2265,51064309,569597849451678
569597875000000,51084,-0.02,0.094,0.994,-10.2,15.34,68.76,1,imu01,fusion_20260818T183239Z,2266,51084312,569597869454292
569597906000000,51104,-0.009,0.075,0.987,-10.07,16.83,73.71,1,imu01,fusion_20260818T183239Z,2267,51104309,569597889450906
569597921000000,51124,-0.009,0.048,0.962,-8.61,17.98,77.43,1,imu01,fusion_20260818T183239Z,2268,51124312,569597909453520
569597937000000,51144,0.012,0.023,0.977,-7.93,20.11,78.03,1,imu01,fusion_20260818T183239Z,2269,51144309,569597929450134
569597953000000,51164,0.013,0.009,0.98,-9.16,16.0,75.38,1,imu01,fusion_20260818T183239Z,2270,51164312,569597949452747
569597984000000,51184,0.007,0.006,1.002,-9.68,17.56,72.68,1,imu01,fusion_20260818T183239Z,2271,51184309,569597969449361
569598000000000,51204,0.009,0.013,1.026,-8.36,17.61,69.7,1,imu01,fusion_20260818T183239Z,2272,51204312,569597989451975
569598015000000,51224,0.006,0.021,1.047,-5.65,16.0,66.87,1,imu01,fusion_20260818T183239Z,2273,51224309,569598009448589
569598031000000,51244,0.011,0.026,1.039,-1.86,15.19,65.55,1,imu01,fusion_20260818T183239Z,2274,51244312,569598029451202
569598062000000,51264,0.015,0.028,1.002,1.51,12.44,64.45,1,imu01,fusion_20260818T183239Z,2275,51264309,569598049447816
569598078000000,51284,0.025,0.036,1.007,3.06,12.0,63.21,1,imu01,fusion_20260818T183239Z,2276,51284312,569598069450430
569598093000000,51304,0.018,0.055,1.027,4.52,9.89,60.65,1,imu01,fusion_20260818T183239Z,2277,51304309,569598089447044
569598125000000,51324,0.017,0.07,1.014,6.34,6.65,57.34,1,imu01,fusion_20260818T183239Z,2278,51324312,569598109449658
569598140000000,51344,-0.032,0.101,1.022,7.16,7.65,55.25,1,imu01,fusion_20260818T183239Z,2279,51344309,569598129446272
569598156000000,51364,-0.055,0.114,1.042,7.29,8.04,54.52,1,imu01,fusion_20260818T183239Z,2280,51364312,569598149448885
569598187000000,51384,-0.043,0.131,1.058,4.83,14.56,57.69,1,imu01,fusion_20260818T183239Z,2281,51384309,569598169445499
569598203000000,51404,-0.037,0.142,1.013,2.41,17.74,61.04,1,imu01,fusion_20260818T183239Z,2282,51404312,569598189448113
569598218000000,51424,-0.042,0.137,0.945,0.86,15.47,64.86,1,imu01,fusion_20260818T183239Z,2283,51424309,569598209444727
569598234000000,51444,-0.036,0.136,0.894,0.89,14.35,67.0,1,imu01,fusion_20260818T183239Z,2284,51444312,569598229447341
569598265000000,51464,-0.026,0.129,0.908,-0.55,16.29,67.45,1,imu01,fusion_20260818T183239Z,2285,51464309,569598249443954
569598281000000,51484,-0.025,0.135,0.945,-0.91,18.39,64.96,1,imu01,fusion_20260818T183239Z,2286,51484312,569598269446568
569598296000000,51504,-0.036,0.155,0.977,0.34,18.09,61.0,1,imu01,fusion_20260818T183239Z,2287,51504309,569598289443182
569598312000000,51524,-0.038,0.184,0.972,0.63,17.36,59.99,1,imu01,fusion_20260818T183239Z,2288,51524312,569598309445796
569598343000000,51544,-0.043,0.207,0.95,0.28,16.45,60.53,1,imu01,fusion_20260818T183239Z,2289,51544309,569598329442410
569598359000000,51564,-0.048,0.21,0.925,-1.91,18.16,64.13,1,imu01,fusion_20260818T183239Z,2290,51564312,569598349445024
569598375000000,51584,-0.038,0.171,0.909,-3.51,20.04,68.39,1,imu01,fusion_20260818T183239Z,2291,51584309,569598369441638
569598406000000,51604,-0.027,0.116,0.92,-3.66,21.85,70.18,1,imu01,fusion_20260818T183239Z,2292,51604312,569598389444251
569598421000000,51624,-0.022,0.07,0.967,0.15,26.83,67.28,1,imu01,fusion_20260818T183239Z,2293,51624309,569598409440865
569598437000000,51644,-0.032,0.041,1.025,6.98,31.41,58.33,1,imu01,fusion_20260818T183239Z,2294,51644312,569598429443479
569598453000000,51664,-0.063,0.036,1.093,14.21,34.92,45.79,1,imu01,fusion_20260818T183239Z,2295,51664309,569598449440093
569598484000000,51684,-0.099,0.07,1.151,19.98,38.74,32.98,1,imu01,fusion_20260818T183239Z,2296,51684312,569598469442706
569598500000000,51704,-0.132,0.128,1.162,21.27,38.05,23.94,1,imu01,fusion_20260818T183239Z,2297,51704309,569598489439320
569598515000000,51724,-0.145,0.169,1.123,16.43,26.1,20.26,1,imu01,fusion_20260818T183239Z,2298,51724312,569598509441934
569598546000000,51744,-0.138,0.182,1.049,7.23,9.94,22.03,1,imu01,fusion_20260818T183239Z,2299,51744309,569598529438548
569598562000000,51764,-0.109,0.146,0.975,-3.92,-1.55,25.79,1,imu01,fusion_20260818T183239Z,2300,51764312,569598549441162
569598578000000,51784,-0.058,0.135,0.879,-8.41,-5.2,26.62,1,imu01,fusion_20260818T183239Z,2301,51784309,569598569437776
569598593000000,51804,-0.057,0.111,0.914,-5.99,-1.32,23.04,1,imu01,fusion_20260818T183239Z,2302,51804312,569598589440389
569598625000000,51824,-0.054,0.111,0.89,-4.71,-0.05,19.61,1,imu01,fusion_20260818T183239Z,2303,51824309,569598609437003
569598640000000,51844,-0.036,0.107,0.906,-5.72,6.52,17.81,1,imu01,fusion_20260818T183239Z,2304,51844312,569598629439617
569598656000000,51864,-0.03,0.107,0.905,-9.77,10.58,14.71,1,imu01,fusion_20260818T183239Z,2305,51864309,569598649436231
569598671000000,51884,-0.036,0.109,0.923,-14.17,14.14,11.52,1,imu01,fusion_20260818T183239Z,2306,51884312,569598669438845
569598703000000,51904,-0.04,0.118,0.945,-17.25,14.68,7.86,1,imu01,fusion_20260818T183239Z,2307,51904309,569598689435458
569598718000000,51924,-0.044,0.109,0.94,-20.51,12.24,5.97,1,imu01,fusion_20260818T183239Z,2308,51924312,569598709438072
569598734000000,51944,-0.083,0.131,1.033,-17.79,14.23,1.09,1,imu01,fusion_20260818T183239Z,2309,51944309,569598729434686
569598765000000,51964,-0.11,0.128,1.074,-15.07,11.63,-1.3,1,imu01,fusion_20260818T183239Z,2310,51964311,569598749436300
569598781000000,51984,-0.124,0.112,1.112,-10.13,9.56,-3.91,1,imu01,fusion_20260818T183239Z,2311,51984309,569598769433914
569598796000000,52004,-0.139,0.107,1.119,-4.41,7.59,-6.64,1,imu01,fusion_20260818T183239Z,2312,52004312,569598789436528
569598812000000,52024,-0.162,0.074,1.09,-0.66,2.94,-9.17,1,imu01,fusion_20260818T183239Z,2313,52024309,569598809433141
569598843000000,52044,-0.136,0.043,1.101,3.74,-1.28,-13.9,1,imu01,fusion_20260818T183239Z,2314,52044312,569598829435755
569598859000000,52064,-0.121,0.024,1.035,2.48,-2.19,-17.87,1,imu01,fusion_20260818T183239Z,2315,52064309,569598849432369
569598875000000,52084,-0.145,0.031,0.982,0.77,-1.88,-25.9,1,imu01,fusion_20260818T183239Z,2316,52084312,569598869434983
569598906000000,52104,-0.173,0.052,0.948,-1.58,-2.43,-32.74,1,imu01,fusion_20260818T183239Z,2317,52104309,569598889431597
569598921000000,52124,-0.198,0.092,0.964,-1.79,-2.54,-36.71,1,imu01,fusion_20260818T183239Z,2318,52124312,569598909434210
569598937000000,52144,-0.192,0.111,0.982,-0.65,-2.45,-36.03,1,imu01,fusion_20260818T183239Z,2319,52144309,569598929430824
569598953000000,52164,-0.196,0.101,0.921,0.71,1.45,-32.12,1,imu01,fusion_20260818T183239Z,2320,52164312,569598949433438
569598984000000,52184,-0.197,0.085,0.9,0.09,3.24,-29.31,1,imu01,fusion_20260818T183239Z,2321,52184309,569598969430052
569599000000000,52204,-0.197,0.078,0.905,-3.68,4.82,-27.36,1,imu01,fusion_20260818T183239Z,2322,52204312,569598989432666
569599015000000,52224,-0.194,0.072,0.943,-8.46,3.42,-27.25,1,imu01,fusion_20260818T183239Z,2323,52224309,569599009429280
569599046000000,52244,-0.213,0.048,0.977,-11.04,1.59,-26.66,1,imu01,fusion_20260818T183239Z,2324,52244312,569599029431893
569599062000000,52264,-0.198,0.037,0.997,-9.85,1.42,-25.66,1,imu01,fusion_20260818T183239Z,2325,52264309,569599049428507
569599078000000,52284,-0.202,0.02,0.984,-5.46,-0.47,-26.3,1,imu01,fusion_20260818T183239Z,2326,52284312,569599069431121
569599093000000,52304,-0.196,-0.003,0.974,-0.13,-3.67,-28.37,1,imu01,fusion_20260818T183239Z,2327,52304309,569599089427735
569599125000000,52324,-0.186,0.002,0.991,3.84,-8.67,-30.87,1,imu01,fusion_20260818T183239Z,2328,52324312,569599109430349
569599140000000,52344,-0.19,-0.005,1.024,4.54,-9.45,-33.29,1,imu01,fusion_20260818T183239Z,2329,52344309,569599129426962
569599156000000,52364,-0.177,0.02,1.02,5.96,-11.06,-38.3,1,imu01,fusion_20260818T183239Z,2330,52364312,569599149429576
569599171000000,52384,-0.166,0.027,0.983,7.06,-8.18,-38.89,1,imu01,fusion_20260818T183239Z,2331,52384309,569599169426190
569599203000000,52404,-0.164,0.03,0.979,7.22,-4.9,-38.42,1,imu01,fusion_20260818T183239Z,2332,52404312,569599189428804
569599218000000,52424,-0.143,0.055,0.958,5.67,2.18,-36.04,1,imu01,fusion_20260818T183239Z,2333,52424309,569599209425418
569599234000000,52444,-0.132,0.052,0.942,2.77,7.65,-32.29,1,imu01,fusion_20260818T183239Z,2334,52444312,569599229428032
569599265000000,52464,-0.119,0.053,0.942,0.78,13.58,-29.18,1,imu01,fusion_20260818T183239Z,2335,52464309,569599249424645
569599281000000,52484,-0.126,0.063,0.974,0.54,19.53,-25.97,1,imu01,fusion_20260818T183239Z,2336,52484312,569599269427259
569599296000000,52504,-0.144,0.084,0.987,0.97,19.0,-23.54,1,imu01,fusion_20260818T183239Z,2337,52504309,569599289423873
569599312000000,52524,-0.16,0.088,1.007,0.08,15.59,-19.16,1,imu01,fusion_20260818T183239Z,2338,52524312,569599309426487
569599343000000,52544,-0.167,0.091,1.014,-0.98,9.91,-13.43,1,imu01,fusion_20260818T183239Z,2339,52544309,569599329423101
569599359000000,52564,-0.143,0.077,0.996,-0.62,7.43,-6.16,1,imu01,fusion_20260818T183239Z,2340,52564312,569599349425714
569599375000000,52584,-0.132,0.061,0.951,1.1,7.33,-1.33,1,imu01,fusion_20260818T183239Z,2341,52584309,569599369422328
569599406000000,52604,-0.194,0.076,0.995,1.45,7.96,-2.73,1,imu01,fusion_20260818T183239Z,2342,52604312,569599389424942
569599421000000,52624,-0.203,0.08,1.047,-3.15,-1.96,-6.76,1,imu01,fusion_20260818T183239Z,2343,52624309,569599409421556
569599437000000,52644,-0.223,0.067,1.073,-7.47,-2.43,-6.8,1,imu01,fusion_20260818T183239Z,2344,52644312,569599429424170
569599453000000,52664,-0.258,0.082,1.052,-6.79,-2.34,-8.27,1,imu01,fusion_20260818T183239Z,2345,52664309,569599449420784
569599484000000,52684,-0.242,0.088,1.025,-6.12,0.05,-6.64,1,imu01,fusion_20260818T183239Z,2346,52684312,569599469423397
569599500000000,52704,-0.224,0.068,0.954,-8.62,-1.18,-3.64,1,imu01,fusion_20260818T183239Z,2347,52704309,569599489420011
569599515000000,52724,-0.209,0.032,0.922,-11.07,0.37,-1.99,1,imu01,fusion_20260818T183239Z,2348,52724312,569599509422625
569599546000000,52744,-0.174,-0.064,0.883,-10.46,2.43,-3.06,1,imu01,fusion_20260818T183239Z,2349,52744309,569599529419239
569599562000000,52764,-0.214,-0.001,0.911,-10.14,1.38,-4.45,1,imu01,fusion_20260818T183239Z,2350,52764312,569599549421853
569599578000000,52784,-0.233,0.017,0.943,-6.01,0.96,-13.06,1,imu01,fusion_20260818T183239Z,2351,52784309,569599569418466
569599593000000,52804,-0.256,0.028,0.997,-5.98,-2.21,-17.03,1,imu01,fusion_20260818T183239Z,2352,52804312,569599589421080
569599625000000,52824,-0.278,0.041,0.991,-4.36,-3.93,-19.04,1,imu01,fusion_20260818T183239Z,2353,52824309,569599609417694
569599640000000,52844,-0.293,0.054,0.986,-2.11,-5.91,-19.66,1,imu01,fusion_20260818T183239Z,2354,52844312,569599629420308
569599656000000,52864,-0.297,0.034,0.927,-1.0,-8.84,-17.0,1,imu01,fusion_20260818T183239Z,2355,52864309,569599649416922
569599687000000,52884,-0.279,-0.002,0.893,-2.5,-6.42,-12.96,1,imu01,fusion_20260818T183239Z,2356,52884312,569599669419536
569599703000000,52904,-0.244,-0.061,0.846,-5.75,-1.95,-11.06,1,imu01,fusion_20260818T183239Z,2357,52904309,569599689416149
569599718000000,52924,-0.22,-0.108,0.842,-10.75,5.06,-15.68,1,imu01,fusion_20260818T183239Z,2358,52924312,569599709418763
569599734000000,52944,-0.245,-0.101,0.908,-17.76,9.68,-26.78,1,imu01,fusion_20260818T183239Z,2359,52944309,569599729415377
569599765000000,52964,-0.268,-0.084,0.952,-30.42,6.9,-36.47,1,imu01,fusion_20260818T183239Z,2360,52964312,569599749417991
569599781000000,52984,-0.269,-0.092,1.033,-35.44,7.32,-42.0,1,imu01,fusion_20260818T183239Z,2361,52984309,569599769414605
569599796000000,53004,-0.279,-0.082,1.047,-32.62,1.77,-46.12,1,imu01,fusion_20260818T183239Z,2362,53004312,569599789417218
569599812000000,53024,-0.236,-0.114,1.092,-21.44,1.64,-46.31,1,imu01,fusion_20260818T183239Z,2363,53024309,569599809413832
569599843000000,53044,-0.223,-0.112,1.06,-9.31,1.22,-47.43,1,imu01,fusion_20260818T183239Z,2364,53044312,569599829416446
569599859000000,53064,-0.197,-0.124,0.983,1.79,3.4,-49.79,1,imu01,fusion_20260818T183239Z,2365,53064309,569599849413060
569599875000000,53084,-0.156,-0.151,0.922,6.86,-0.0,-52.63,1,imu01,fusion_20260818T183239Z,2366,53084312,569599869415674
569599906000000,53104,-0.184,-0.125,0.911,8.07,-4.15,-58.82,1,imu01,fusion_20260818T183239Z,2367,53104309,569599889412288
569599921000000,53124,-0.187,-0.103,0.903,4.66,-5.69,-63.99,1,imu01,fusion_20260818T183239Z,2368,53124312,569599909414901
569599937000000,53144,-0.181,-0.097,1.003,2.08,-7.46,-68.96,1,imu01,fusion_20260818T183239Z,2369,53144309,569599929411515
569599953000000,53164,-0.188,-0.071,1.04,4.49,-10.16,-72.67,1,imu01,fusion_20260818T183239Z,2370,53164312,569599949414129
569599984000000,53184,-0.191,-0.063,1.013,9.65,-10.94,-73.3,1,imu01,fusion_20260818T183239Z,2371,53184309,569599969410743
569600000000000,53204,-0.188,-0.057,0.981,14.06,-9.68,-71.48,1,imu01,fusion_20260818T183239Z,2372,53204312,569599989413357
569600015000000,53224,-0.152,-0.09,0.966,15.35,-9.29,-69.64,1,imu01,fusion_20260818T183239Z,2373,53224309,569600009409970
569600046000000,53244,-0.13,-0.103,0.955,16.06,-7.48,-70.68,1,imu01,fusion_20260818T183239Z,2374,53244312,569600029412584
569600062000000,53264,-0.12,-0.095,0.976,15.54,-5.65,-74.29,1,imu01,fusion_20260818T183239Z,2375,53264309,569600049409198
569600078000000,53284,-0.024,-0.004,0.969,15.15,-0.42,-77.18,1,imu01,fusion_20260818T183239Z,2376,53284312,569600069411812
569600093000000,53304,-0.164,-0.03,0.99,13.33,5.68,-77.11,1,imu01,fusion_20260818T183239Z,2377,53304309,569600089408426
569600125000000,53324,-0.143,-0.035,1.025,17.44,4.01,-74.03,1,imu01,fusion_20260818T183239Z,2378,53324312,569600109411040
569600140000000,53344,-0.144,-0.023,1.069,20.32,2.58,-71.32,1,imu01,fusion_20260818T183239Z,2379,53344309,569600129407653
569600156000000,53364,-0.145,-0.024,1.065,24.27,0.26,-68.51,1,imu01,fusion_20260818T183239Z,2380,53364312,569600149410267
569600187000000,53384,-0.147,-0.028,1.059,27.01,-3.33,-65.74,1,imu01,fusion_20260818T183239Z,2381,53384309,569600169406881
569600203000000,53404,-0.155,-0.031,1.019,27.86,-8.29,-62.19,1,imu01,fusion_20260818T183239Z,2382,53404312,569600189409495
569600218000000,53424,-0.23,-0.054,0.96,25.71,-12.04,-57.72,1,imu01,fusion_20260818T183239Z,2383,53424309,569600209406109
569600234000000,53444,-0.146,-0.06,0.948,25.05,-15.04,-53.66,1,imu01,fusion_20260818T183239Z,2384,53444312,569600229408722
569600265000000,53464,-0.139,-0.093,0.977,25.37,-18.8,-52.73,1,imu01,fusion_20260818T183239Z,2385,53464309,569600249405336
569600281000000,53484,-0.135,-0.108,0.964,26.19,-21.63,-53.16,1,imu01,fusion_20260818T183239Z,2386,53484312,569600269407950
569600296000000,53504,-0.16,-0.084,0.948,26.23,-20.61,-55.51,1,imu01,fusion_20260818T183239Z,2387,53504309,569600289404564
569600312000000,53524,-0.15,-0.087,0.981,24.83,-18.53,-56.91,1,imu01,fusion_20260818T183239Z,2388,53524312,569600309407178
569600343000000,53544,-0.162,-0.066,0.968,25.06,-18.87,-59.09,1,imu01,fusion_20260818T183239Z,2389,53544309,569600329403792
569600359000000,53564,-0.165,-0.046,0.961,25.73,-19.07,-60.49,1,imu01,fusion_20260818T183239Z,2390,53564312,569600349406405
569600375000000,53584,-0.164,-0.029,0.961,24.6,-16.38,-59.61,1,imu01,fusion_20260818T183239Z,2391,53584309,569600369403019
569600406000000,53604,-0.175,-0.013,0.955,23.74,-15.71,-58.38,1,imu01,fusion_20260818T183239Z,2392,53604312,569600389405633
569600421000000,53624,-0.159,-0.008,0.955,23.33,-18.47,-57.86,1,imu01,fusion_20260818T183239Z,2393,53624309,569600409402247
569600437000000,53644,-0.155,-0.008,0.961,23.27,-19.5,-56.29,1,imu01,fusion_20260818T183239Z,2394,53644312,569600429404861
569600453000000,53664,-0.145,0.01,0.954,23.93,-17.75,-56.02,1,imu01,fusion_20260818T183239Z,2395,53664309,569600449401474
569600484000000,53684,-0.152,0.033,0.954,25.64,-14.58,-57.15,1,imu01,fusion_20260818T183239Z,2396,53684312,569600469404088
569600500000000,53704,-0.114,0.044,0.962,23.87,-12.97,-55.45,1,imu01,fusion_20260818T183239Z,2397,53704309,569600489400702
569600515000000,53724,-0.106,0.072,0.948,21.76,-13.55,-55.25,1,imu01,fusion_20260818T183239Z,2398,53724312,569600509403316
569600546000000,53744,-0.066,0.084,0.968,18.3,-14.84,-55.25,1,imu01,fusion_20260818T183239Z,2399,53744309,569600529399930
569600562000000,53764,-0.061,0.121,0.983,17.7,-14.46,-56.44,1,imu01,fusion_20260818T183239Z,2400,53764312,569600549402544
569600578000000,53784,-0.045,0.159,0.978,17.9,-11.2,-56.17,1,imu01,fusion_20260818T183239Z,2401,53784309,569600569399157
569600593000000,53804,-0.038,0.176,0.984,19.86,-8.0,-53.9,1,imu01,fusion_20260818T183239Z,2402,53804312,569600589401771
569600625000000,53824,-0.035,0.19,0.981,20.24,-6.32,-50.29,1,imu01,fusion_20260818T183239Z,2403,53824309,569600609398385
569600640000000,53844,-0.01,0.19,0.995,18.45,-6.21,-47.09,1,imu01,fusion_20260818T183239Z,2404,53844312,569600629400999
569600656000000,53864,0.002,0.219,0.987,15.78,-2.09,-45.0,1,imu01,fusion_20260818T183239Z,2405,53864309,569600649397613
569600671000000,53884,0.002,0.252,0.981,12.49,3.92,-41.41,1,imu01,fusion_20260818T183239Z,2406,53884312,569600669400226
569600703000000,53904,-0.003,0.25,0.979,7.9,7.07,-36.9,1,imu01,fusion_20260818T183239Z,2407,53904309,569600689396840
569600718000000,53924,-0.029,0.252,0.988,4.57,4.16,-35.42,1,imu01,fusion_20260818T183239Z,2408,53924312,569600709399454
569600734000000,53944,-0.006,0.224,1.071,3.23,2.15,-34.39,1,imu01,fusion_20260818T183239Z,2409,53944309,569600729396068
569600765000000,53964,0.007,0.195,1.142,7.48,3.1,-36.95,1,imu01,fusion_20260818T183239Z,2410,53964311,569600749397682
569600781000000,53984,-0.033,0.217,1.128,13.12,4.33,-40.54,1,imu01,fusion_20260818T183239Z,2411,53984309,569600769395296
569600796000000,54004,-0.047,0.25,1.08,15.82,3.62,-39.65,1,imu01,fusion_20260818T183239Z,2412,54004312,569600789397909
569600812000000,54024,-0.011,0.249,1.017,15.32,-1.39,-34.43,1,imu01,fusion_20260818T183239Z,2413,54024309,569600809394523
569600843000000,54044,-0.006,0.25,0.945,13.39,-6.73,-30.21,1,imu01,fusion_20260818T183239Z,2414,54044312,569600829397137
569600859000000,54064,-0.011,0.265,0.926,8.9,-6.28,-27.12,1,imu01,fusion_20260818T183239Z,2415,54064309,569600849393751
569600875000000,54084,-0.009,0.28,0.914,1.81,-6.94,-22.89,1,imu01,fusion_20260818T183239Z,2416,54084312,569600869396364
569600906000000,54104,-0.019,0.291,0.946,-2.22,-6.49,-18.02,1,imu01,fusion_20260818T183239Z,2417,54104309,569600889392978
569600921000000,54124,-0.007,0.283,0.958,-2.2,-7.81,-12.5,1,imu01,fusion_20260818T183239Z,2418,54124312,569600909395592
569600937000000,54144,-0.018,0.282,0.947,-0.04,-8.06,-6.67,1,imu01,fusion_20260818T183239Z,2419,54144309,569600929392206
569600953000000,54164,-0.013,0.256,0.95,-2.65,-10.95,-0.55,1,imu01,fusion_20260818T183239Z,2420,54164312,569600949394820
569600984000000,54184,0.01,0.217,0.979,-6.88,-17.6,3.15,1,imu01,fusion_20260818T183239Z,2421,54184309,569600969391434
569601000000000,54204,0.02,0.181,1.0,-9.47,-22.09,2.12,1,imu01,fusion_20260818T183239Z,2422,54204312,569600989394048
569601015000000,54224,0.021,0.174,1.025,-8.22,-21.51,-1.95,1,imu01,fusion_20260818T183239Z,2423,54224309,569601009390661
569601046000000,54244,0.011,0.173,1.03,-4.27,-18.72,-7.13,1,imu01,fusion_20260818T183239Z,2424,54244312,569601029393275
569601062000000,54264,0.023,0.174,1.026,0.34,-15.62,-11.24,1,imu01,fusion_20260818T183239Z,2425,54264309,569601049389889
569601078000000,54284,0.029,0.168,0.998,4.7,-16.65,-15.88,1,imu01,fusion_20260818T183239Z,2426,54284312,569601069392503
569601093000000,54304,0.037,0.162,0.956,8.61,-17.01,-20.62,1,imu01,fusion_20260818T183239Z,2427,54304309,569601089389117
569601125000000,54324,0.043,0.165,0.921,10.54,-14.29,-25.76,1,imu01,fusion_20260818T183239Z,2428,54324312,569601109391730
569601140000000,54344,0.025,0.189,0.902,11.4,-10.26,-30.76,1,imu01,fusion_20260818T183239Z,2429,54344309,569601129388344
569601156000000,54364,0.019,0.21,0.91,11.57,-5.45,-33.14,1,imu01,fusion_20260818T183239Z,2430,54364312,569601149390958
569601187000000,54384,-0.001,0.235,0.893,11.73,-2.26,-32.85,1,imu01,fusion_20260818T183239Z,2431,54384309,569601169387572
569601203000000,54404,0.006,0.209,0.944,9.84,3.21,-30.52,1,imu01,fusion_20260818T183239Z,2432,54404312,569601189390186
569601218000000,54424,-0.014,0.216,0.984,9.75,5.85,-30.97,1,imu01,fusion_20260818T183239Z,2433,54424309,569601209386800
569601234000000,54444,-0.037,0.222,1.052,10.08,8.87,-30.65,1,imu01,fusion_20260818T183239Z,2434,54444312,569601229389413
569601265000000,54464,-0.055,0.254,1.063,11.66,9.97,-27.09,1,imu01,fusion_20260818T183239Z,2435,54464309,569601249386027
569601281000000,54484,-0.038,0.249,1.035,10.1,11.79,-16.91,1,imu01,fusion_20260818T183239Z,2436,54484312,569601269388641
569601296000000,54504,-0.034,0.221,0.956,5.6,8.45,-6.25,1,imu01,fusion_20260818T183239Z,2437,54504309,569601289385255
569601312000000,54524,0.001,0.181,0.898,-1.24,4.6,1.97,1,imu01,fusion_20260818T183239Z,2438,54524312,569601309387868
569601343000000,54544,0.023,0.129,0.914,-7.07,1.26,5.51,1,imu01,fusion_20260818T183239Z,2439,54544309,569601329384482
569601359000000,54564,0.019,0.142,0.933,-9.81,-0.5,3.74,1,imu01,fusion_20260818T183239Z,2440,54564312,569601349387096
569601375000000,54584,0.008,0.149,0.984,-10.04,1.35,1.55,1,imu01,fusion_20260818T183239Z,2441,54584309,569601369383710
569601406000000,54604,-0.008,0.157,1.057,-10.91,2.89,0.43,1,imu01,fusion_20260818T183239Z,2442,54604312,569601389386324
569601421000000,54624,-0.025,0.16,1.077,-11.94,1.04,0.1,1,imu01,fusion_20260818T183239Z,2443,54624309,569601409382938
569601437000000,54644,-0.039,0.163,1.08,-12.84,0.94,1.54,1,imu01,fusion_20260818T183239Z,2444,54644312,569601429385552
569601453000000,54664,-0.043,0.152,1.068,-13.88,1.98,4.75,1,imu01,fusion_20260818T183239Z,2445,54664309,569601449382165
569601484000000,54684,-0.034,0.127,1.034,-11.99,-0.13,6.76,1,imu01,fusion_20260818T183239Z,2446,54684312,569601469384779
569601500000000,54704,-0.017,0.098,1.017,-8.81,-3.52,5.58,1,imu01,fusion_20260818T183239Z,2447,54704309,569601489381393
569601515000000,54724,-0.009,0.087,0.988,-5.69,-8.99,2.29,1,imu01,fusion_20260818T183239Z,2448,54724312,569601509384007
569601546000000,54744,-0.007,0.075,0.97,-4.69,-13.13,-2.09,1,imu01,fusion_20260818T183239Z,2449,54744309,569601529380621
569601562000000,54764,-0.005,0.072,0.988,-5.46,-11.38,-5.06,1,imu01,fusion_20260818T183239Z,2450,54764312,569601549383234
569601578000000,54784,-0.012,0.088,0.983,-4.75,-10.46,-8.29,1,imu01,fusion_20260818T183239Z,2451,54784309,569601569379848
569601593000000,54804,-0.022,0.097,0.972,-3.99,-6.31,-9.73,1,imu01,fusion_20260818T183239Z,2452,54804312,569601589382462
569601625000000,54824,-0.022,0.103,0.975,-2.81,-2.17,-10.92,1,imu01,fusion_20260818T183239Z,2453,54824309,569601609379076
569601640000000,54844,-0.038,0.118,0.985,-1.62,-1.5,-12.93,1,imu01,fusion_20260818T183239Z,2454,54844312,569601629381690
569601656000000,54864,-0.04,0.139,1.018,-1.35,1.05,-13.65,1,imu01,fusion_20260818T183239Z,2455,54864309,569601649378304
569601671000000,54884,-0.034,0.142,1.005,-0.72,-0.19,-12.51,1,imu01,fusion_20260818T183239Z,2456,54884312,569601669380917
569601703000000,54904,-0.026,0.125,1.007,0.28,-0.84,-11.35,1,imu01,fusion_20260818T183239Z,2457,54904309,569601689377531
569601718000000,54924,-0.022,0.133,0.972,0.68,-1.85,-10.87,1,imu01,fusion_20260818T183239Z,2458,54924312,569601709380145
569601734000000,54944,-0.007,0.124,0.99,0.06,0.42,-9.71,1,imu01,fusion_20260818T183239Z,2459,54944309,569601729376759
569601765000000,54964,-0.019,0.123,0.961,0.47,-0.26,-9.49,1,imu01,fusion_20260818T183239Z,2460,54964312,569601749379372
569601781000000,54984,-0.014,0.125,0.969,-0.54,1.21,-8.93,1,imu01,fusion_20260818T183239Z,2461,54984309,569601769375986
569601796000000,55004,-0.02,0.126,0.977,-1.2,1.04,-8.72,1,imu01,fusion_20260818T183239Z,2462,55004312,569601789378600
569601812000000,55024,-0.017,0.135,0.995,-2.01,1.7,-7.59,1,imu01,fusion_20260818T183239Z,2463,55024309,569601809375214
569601843000000,55044,-0.021,0.125,0.998,-2.25,1.43,-5.44,1,imu01,fusion_20260818T183239Z,2464,55044312,569601829377828
569601859000000,55064,-0.011,0.107,0.979,-1.9,2.23,-4.36,1,imu01,fusion_20260818T183239Z,2465,55064309,569601849374442
569601875000000,55084,-0.011,0.097,0.975,-0.78,2.49,-5.84,1,imu01,fusion_20260818T183239Z,2466,55084312,569601869377055
569601906000000,55104,-0.008,0.102,0.987,-0.42,2.8,-7.21,1,imu01,fusion_20260818T183239Z,2467,55104309,569601889373669
569601921000000,55124,-0.023,0.11,0.972,0.48,1.71,-8.76,1,imu01,fusion_20260818T183239Z,2468,55124312,569601909376283
569601937000000,55144,-0.022,0.102,0.988,0.11,2.06,-9.39,1,imu01,fusion_20260818T183239Z,2469,55144309,569601929372897
569601953000000,55164,-0.032,0.098,0.981,-0.32,2.55,-9.93,1,imu01,fusion_20260818T183239Z,2470,55164312,569601949375511
569601984000000,55184,-0.041,0.094,0.998,-0.83,5.89,-10.09,1,imu01,fusion_20260818T183239Z,2471,55184309,569601969372125
569602000000000,55204,-0.039,0.081,0.997,-0.28,4.81,-11.64,1,imu01,fusion_20260818T183239Z,2472,55204312,569601989374738
569602015000000,55224,-0.052,0.081,0.977,1.09,5.24,-13.42,1,imu01,fusion_20260818T183239Z,2473,55224309,569602009371352
569602046000000,55244,-0.059,0.087,0.975,1.45,4.94,-14.86,1,imu01,fusion_20260818T183239Z,2474,55244312,569602029373966
569602062000000,55264,-0.053,0.086,0.958,0.76,5.33,-14.58,1,imu01,fusion_20260818T183239Z,2475,55264309,569602049370580
569602078000000,55284,-0.046,0.074,0.92,0.2,4.53,-14.36,1,imu01,fusion_20260818T183239Z,2476,55284312,569602069373194
569602093000000,55304,-0.035,0.054,0.892,-1.42,4.65,-14.23,1,imu01,fusion_20260818T183239Z,2477,55304309,569602089369808
569602125000000,55324,-0.023,0.045,0.868,-3.57,8.75,-15.37,1,imu01,fusion_20260818T183239Z,2478,55324312,569602109372421
569602140000000,55344,-0.04,0.058,0.868,-7.3,13.6,-17.28,1,imu01,fusion_20260818T183239Z,2479,55344309,569602129369035
569602156000000,55364,-0.025,0.038,0.9,-10.68,15.33,-20.27,1,imu01,fusion_20260818T183239Z,2480,55364312,569602149371649
569602187000000,55384,-0.037,0.068,0.937,-10.97,19.88,-23.64,1,imu01,fusion_20260818T183239Z,2481,55384309,569602169368263
569602203000000,55404,-0.073,0.099,0.952,-9.32,21.0,-26.26,1,imu01,fusion_20260818T183239Z,2482,55404312,569602189370876
569602218000000,55424,-0.082,0.105,0.97,-9.31,22.36,-25.86,1,imu01,fusion_20260818T183239Z,2483,55424309,569602209367490
569602234000000,55444,-0.126,0.116,0.985,-8.22,22.07,-25.53,1,imu01,fusion_20260818T183239Z,2484,55444312,569602229370104
569602265000000,55464,-0.119,0.088,1.001,-6.71,20.33,-23.4,1,imu01,fusion_20260818T183239Z,2485,55464309,569602249366718
569602281000000,55484,-0.138,0.097,0.97,-3.04,20.65,-22.01,1,imu01,fusion_20260818T183239Z,2486,55484312,569602269369332
569602296000000,55504,-0.136,0.085,0.955,-1.16,18.71,-21.38,1,imu01,fusion_20260818T183239Z,2487,55504309,569602289365946
569602312000000,55524,-0.178,0.078,0.874,1.19,11.26,-20.34,1,imu01,fusion_20260818T183239Z,2488,55524312,569602309368559
569602343000000,55544,-0.17,0.056,0.843,2.64,9.95,-17.71,1,imu01,fusion_20260818T183239Z,2489,55544309,569602329365173
569602359000000,55564,-0.182,0.07,0.812,3.21,10.78,-16.44,1,imu01,fusion_20260818T183239Z,2490,55564312,569602349367787
569602375000000,55584,-0.181,0.078,0.801,0.99,15.37,-12.69,1,imu01,fusion_20260818T183239Z,2491,55584309,569602369364401
569602406000000,55604,-0.168,0.079,0.777,-0.36,19.81,-8.09,1,imu01,fusion_20260818T183239Z,2492,55604312,569602389367015
569602421000000,55624,-0.158,0.095,0.775,0.72,23.99,-5.95,1,imu01,fusion_20260818T183239Z,2493,55624309,569602409363628
569602437000000,55644,-0.156,0.118,0.769,3.5,24.04,-7.8,1,imu01,fusion_20260818T183239Z,2494,55644312,569602429366242
569602453000000,55664,-0.147,0.138,0.822,5.03,30.68,-5.47,1,imu01,fusion_20260818T183239Z,2495,55664309,569602449362856
569602484000000,55684,-0.149,0.131,0.867,3.76,33.71,-2.59,1,imu01,fusion_20260818T183239Z,2496,55684312,569602469365470
569602500000000,55704,-0.143,0.106,0.918,0.25,36.88,0.31,1,imu01,fusion_20260818T183239Z,2497,55704309,569602489362084
569602515000000,55724,-0.16,0.116,0.949,-2.49,34.44,0.05,1,imu01,fusion_20260818T183239Z,2498,55724312,569602509364698
569602546000000,55744,-0.165,0.119,0.944,-3.76,32.58,0.1,1,imu01,fusion_20260818T183239Z,2499,55744309,569602529361312
569602562000000,55764,-0.199,0.126,0.959,-3.97,28.18,-0.75,1,imu01,fusion_20260818T183239Z,2500,55764312,569602549363925
569602578000000,55784,-0.201,0.118,0.975,-1.66,24.52,-1.17,1,imu01,fusion_20260818T183239Z,2501,55784309,569602569360539
569602593000000,55804,-0.195,0.113,0.958,1.84,22.74,-2.34,1,imu01,fusion_20260818T183239Z,2502,55804312,569602589363153
569602625000000,55824,-0.218,0.142,0.923,5.19,21.21,-4.11,1,imu01,fusion_20260818T183239Z,2503,55824309,569602609359767
569602640000000,55844,-0.234,0.126,0.906,4.91,20.55,-1.8,1,imu01,fusion_20260818T183239Z,2504,55844312,569602629362380
569602656000000,55864,-0.244,0.114,0.908,3.48,15.97,0.26,1,imu01,fusion_20260818T183239Z,2505,55864309,569602649358994
569602671000000,55884,-0.25,0.08,0.917,2.78,10.58,0.36,1,imu01,fusion_20260818T183239Z,2506,55884312,569602669361608
569602703000000,55904,-0.242,0.053,0.921,2.18,8.96,-3.12,1,imu01,fusion_20260818T183239Z,2507,55904309,569602689358222
569602718000000,55924,-0.274,0.098,0.952,2.9,10.45,-8.58,1,imu01,fusion_20260818T183239Z,2508,55924312,569602709360836
569602734000000,55944,-0.317,0.13,0.971,1.79,13.04,-8.41,1,imu01,fusion_20260818T183239Z,2509,55944309,569602729357450
569602765000000,55964,-0.315,0.124,0.956,0.99,14.22,-2.61,1,imu01,fusion_20260818T183239Z,2510,55964311,569602749359063
569602781000000,55984,-0.315,0.086,0.995,-0.65,15.81,2.95,1,imu01,fusion_20260818T183239Z,2511,55984309,569602769356677
569602796000000,56004,-0.29,0.053,1.022,-1.74,13.16,2.14,1,imu01,fusion_20260818T183239Z,2512,56004312,569602789359291
569602812000000,56024,-0.327,0.094,1.052,-0.04,12.29,-2.2,1,imu01,fusion_20260818T183239Z,2513,56024309,569602809355905
569602843000000,56044,-0.354,0.127,1.081,-1.58,11.71,-1.88,1,imu01,fusion_20260818T183239Z,2514,56044312,569602829358519
569602859000000,56064,-0.346,0.124,1.113,-3.58,11.42,3.68,1,imu01,fusion_20260818T183239Z,2515,56064309,569602849355132
569602875000000,56084,-0.315,0.099,1.154,-1.34,9.13,6.81,1,imu01,fusion_20260818T183239Z,2516,56084312,569602869357746
569602906000000,56104,-0.325,0.109,1.192,3.79,4.97,5.35,1,imu01,fusion_20260818T183239Z,2517,56104309,569602889354360
569602921000000,56124,-0.334,0.122,1.161,4.09,-1.19,6.53,1,imu01,fusion_20260818T183239Z,2518,56124312,569602909356974
569602937000000,56144,-0.313,0.101,1.137,0.19,-8.08,10.42,1,imu01,fusion_20260818T183239Z,2519,56144309,569602929353588
569602953000000,56164,-0.31,0.108,1.121,-3.52,-13.93,11.68,1,imu01,fusion_20260818T183239Z,2520,56164312,569602949356202
569602984000000,56184,-0.301,0.112,1.097,-2.12,-16.88,12.18,1,imu01,fusion_20260818T183239Z,2521,56184309,569602969352816
569603000000000,56204,-0.304,0.117,1.04,0.72,-18.04,13.26,1,imu01,fusion_20260818T183239Z,2522,56204312,569602989355429
569603015000000,56224,-0.289,0.105,0.999,-1.52,-19.53,16.34,1,imu01,fusion_20260818T183239Z,2523,56224309,569603009352043
569603046000000,56244,-0.263,0.085,0.974,-6.36,-23.55,18.29,1,imu01,fusion_20260818T183239Z,2524,56244312,569603029354657
569603062000000,56264,-0.253,0.078,0.981,-9.62,-25.8,17.29,1,imu01,fusion_20260818T183239Z,2525,56264309,569603049351271
569603078000000,56284,-0.245,0.077,0.987,-10.95,-25.89,15.67,1,imu01,fusion_20260818T183239Z,2526,56284312,569603069353884
569603093000000,56304,-0.245,0.071,1.007,-12.63,-28.15,13.0,1,imu01,fusion_20260818T183239Z,2527,56304309,569603089350498
569603125000000,56324,-0.24,0.054,1.003,-14.85,-31.29,10.83,1,imu01,fusion_20260818T183239Z,2528,56324312,569603109353112
569603140000000,56344,-0.231,0.045,0.997,-18.01,-35.41,8.2,1,imu01,fusion_20260818T183239Z,2529,56344309,569603129349726
569603156000000,56364,-0.217,0.055,1.016,-18.59,-37.35,4.08,1,imu01,fusion_20260818T183239Z,2530,56364312,569603149352340
569603171000000,56384,-0.238,0.091,1.002,-13.33,-40.0,-1.61,1,imu01,fusion_20260818T183239Z,2531,56384309,569603169348954
569603203000000,56404,-0.269,0.086,0.93,-9.22,-40.65,-4.92,1,imu01,fusion_20260818T183239Z,2532,56404312,569603189351567
569603218000000,56424,-0.255,0.05,0.914,-14.26,-31.12,-0.91,1,imu01,fusion_20260818T183239Z,2533,56424309,569603209348181
569603234000000,56444,-0.252,0.045,1.063,-23.5,-24.15,-0.77,1,imu01,fusion_20260818T183239Z,2534,56444312,569603229350795
569603265000000,56464,-0.255,0.02,1.054,-24.65,-31.44,-2.81,1,imu01,fusion_20260818T183239Z,2535,56464309,569603249347409
569603281000000,56484,-0.213,0.106,1.325,-21.95,-47.45,-6.49,1,imu01,fusion_20260818T183239Z,2536,56484312,569603269350023
569603296000000,56504,-0.175,0.052,1.262,-16.72,-67.43,-1.63,1,imu01,fusion_20260818T183239Z,2537,56504309,569603289346636
569603312000000,56524,-0.173,0.016,1.068,-12.45,-62.26,2.05,1,imu01,fusion_20260818T183239Z,2538,56524312,569603309349250
569603343000000,56544,-0.211,0.031,0.973,-23.06,-55.07,4.94,1,imu01,fusion_20260818T183239Z,2539,56544309,569603329345864
569603359000000,56564,-0.165,0.01,1.069,-39.68,-46.18,6.49,1,imu01,fusion_20260818T183239Z,2540,56564312,569603349348478
569603375000000,56584,-0.115,0.085,1.216,-43.54,-45.8,0.46,1,imu01,fusion_20260818T183239Z,2541,56584309,569603369345092
569603406000000,56604,-0.112,0.181,1.179,-32.85,-50.81,-1.42,1,imu01,fusion_20260818T183239Z,2542,56604312,569603389347706
569603421000000,56624,-0.131,0.234,1.007,-20.33,-53.79,9.08,1,imu01,fusion_20260818T183239Z,2543,56624309,569603409344319
569603437000000,56644,-0.039,0.162,0.825,-18.93,-44.29,31.92,1,imu01,fusion_20260818T183239Z,2544,56644312,569603429346933
569603453000000,56664,0.159,-0.001,0.823,-16.8,-13.79,50.25,1,imu01,fusion_20260818T183239Z,2545,56664309,569603449343547
569603484000000,56684,0.233,-0.096,0.888,-5.46,28.58,52.21,1,imu01,fusion_20260818T183239Z,2546,56684312,569603469346161
569603500000000,56704,0.215,0.095,1.082,-9.64,31.52,30.73,1,imu01,fusion_20260818T183239Z,2547,56704309,569603489342775
569603515000000,56724,-0.05,-0.0,0.978,-26.03,17.13,18.17,1,imu01,fusion_20260818T183239Z,2548,56724312,569603509345388
569603531000000,56744,-0.066,-0.125,0.952,-26.31,4.25,11.78,1,imu01,fusion_20260818T183239Z,2549,56744309,569603529342002
569603562000000,56764,-0.066,-0.154,1.023,-0.36,27.42,-6.65,1,imu01,fusion_20260818T183239Z,2550,56764312,569603549344616
569603578000000,56784,-0.122,-0.009,1.028,22.76,39.94,-29.57,1,imu01,fusion_20260818T183239Z,2551,56784309,569603569341230
569603593000000,56804,-0.096,0.103,1.086,21.2,25.94,-31.25,1,imu01,fusion_20260818T183239Z,2552,56804312,569603589343844
569603625000000,56824,-0.013,0.013,1.01,-1.04,11.1,-8.47,1,imu01,fusion_20260818T183239Z,2553,56824309,569603609340458
569603640000000,56844,0.123,-0.148,1.004,-25.46,10.7,14.35,1,imu01,fusion_20260818T183239Z,2554,56844312,569603629343071
569603656000000,56864,0.139,-0.218,0.995,-30.45,13.73,13.82,1,imu01,fusion_20260818T183239Z,2555,56864309,569603649339685
569603671000000,56884,0.046,-0.133,1.008,-16.39,12.6,-2.15,1,imu01,fusion_20260818T183239Z,2556,56884312,569603669342299
569603703000000,56904,-0.009,-0.025,1.084,-6.17,0.58,-6.83,1,imu01,fusion_20260818T183239Z,2557,56904309,569603689338913
569603718000000,56924,0.02,-0.077,1.058,6.31,-13.64,1.23,1,imu01,fusion_20260818T183239Z,2558,56924312,569603709341527
569603734000000,56944,0.086,-0.163,0.92,15.22,-18.44,8.89,1,imu01,fusion_20260818T183239Z,2559,56944309,569603729338140
569603765000000,56964,0.124,-0.21,0.862,15.11,-21.48,4.83,1,imu01,fusion_20260818T183239Z,2560,56964312,569603749340754
569603781000000,56984,0.127,-0.193,0.799,7.61,-21.45,-5.39,1,imu01,fusion_20260818T183239Z,2561,56984309,569603769337368
569603796000000,57004,0.106,-0.126,0.842,-1.47,-18.21,-16.03,1,imu01,fusion_20260818T183239Z,2562,57004312,569603789339982
569603812000000,57024,0.059,-0.076,0.901,-6.97,-18.46,-21.55,1,imu01,fusion_20260818T183239Z,2563,57024309,569603809336596
569603843000000,57044,0.031,-0.073,0.948,-4.07,-13.67,-20.72,1,imu01,fusion_20260818T183239Z,2564,57044312,569603829339210
569603859000000,57064,-0.007,-0.065,1.014,3.6,-4.96,-16.81,1,imu01,fusion_20260818T183239Z,2565,57064309,569603849335823
569603875000000,57084,-0.033,-0.058,1.032,13.32,-5.21,-12.67,1,imu01,fusion_20260818T183239Z,2566,57084312,569603869338437
569603906000000,57104,-0.009,-0.092,1.031,19.7,-9.95,-5.63,1,imu01,fusion_20260818T183239Z,2567,57104309,569603889335051
569603921000000,57124,0.025,-0.13,0.994,20.1,-20.99,-1.35,1,imu01,fusion_20260818T183239Z,2568,57124312,569603909337665
569603937000000,57144,0.058,-0.145,0.943,13.67,-32.09,-0.53,1,imu01,fusion_20260818T183239Z,2569,57144309,569603929334279
569603953000000,57164,0.076,-0.144,0.876,5.77,-52.74,-4.52,1,imu01,fusion_20260818T183239Z,2570,57164312,569603949336892
569603984000000,57184,0.067,-0.075,0.862,-5.05,-53.55,-3.33,1,imu01,fusion_20260818T183239Z,2571,57184309,569603969333506
569604000000000,57204,0.053,-0.03,0.946,-21.37,-52.1,1.42,1,imu01,fusion_20260818T183239Z,2572,57204312,569603989336120
569604015000000,57224,0.08,-0.034,1.064,-31.04,-64.41,8.26,1,imu01,fusion_20260818T183239Z,2573,57224309,569604009332734
569604046000000,57244,0.21,-0.14,1.123,-21.05,-53.16,20.45,1,imu01,fusion_20260818T183239Z,2574,57244312,569604029335348
569604062000000,57264,0.278,-0.213,1.108,-5.13,-35.35,21.62,1,imu01,fusion_20260818T183239Z,2575,57264309,569604049331962
569604078000000,57284,0.219,-0.201,1.0,13.8,-28.4,10.16,1,imu01,fusion_20260818T183239Z,2576,57284312,569604069334575
569604093000000,57304,0.158,-0.121,0.959,17.41,-20.49,-0.06,1,imu01,fusion_20260818T183239Z,2577,57304309,569604089331189
569604125000000,57324,0.132,-0.068,0.956,7.82,-21.96,-5.96,1,imu01,fusion_20260818T183239Z,2578,57324312,569604109333803
569604140000000,57344,0.096,-0.026,0.957,-2.59,-21.0,-6.53,1,imu01,fusion_20260818T183239Z,2579,57344309,569604129330417
569604156000000,57364,0.109,-0.007,0.99,-7.72,-19.58,-2.62,1,imu01,fusion_20260818T183239Z,2580,57364312,569604149333031
569604171000000,57384,0.14,-0.031,0.984,-3.03,-15.68,-0.48,1,imu01,fusion_20260818T183239Z,2581,57384309,569604169329644
569604203000000,57404,0.163,-0.052,0.945,7.58,-9.37,-0.87,1,imu01,fusion_20260818T183239Z,2582,57404312,569604189332258
569604218000000,57424,0.18,-0.085,0.916,17.12,1.31,-1.77,1,imu01,fusion_20260818T183239Z,2583,57424309,569604209328872
569604234000000,57444,0.194,-0.083,0.901,21.12,13.49,-5.68,1,imu01,fusion_20260818T183239Z,2584,57444312,569604229331486
569604265000000,57464,0.21,-0.05,0.971,15.32,22.62,-10.35,1,imu01,fusion_20260818T183239Z,2585,57464309,569604249328100
569604281000000,57484,0.184,-0.003,1.019,9.14,24.3,-15.51,1,imu01,fusion_20260818T183239Z,2586,57484312,569604269330714
569604296000000,57504,0.137,0.063,1.082,0.53,20.0,-15.45,1,imu01,fusion_20260818T183239Z,2587,57504309,569604289327327
569604312000000,57524,0.118,0.07,1.095,-5.73,10.4,-10.18,1,imu01,fusion_20260818T183239Z,2588,57524312,569604309329941
569604343000000,57544,0.143,0.023,1.095,-6.53,5.22,-3.64,1,imu01,fusion_20260818T183239Z,2589,57544309,569604329326555
569604359000000,57564,0.136,-0.017,1.052,-3.68,5.39,-0.87,1,imu01,fusion_20260818T183239Z,2590,57564312,569604349329169
569604375000000,57584,0.109,-0.031,1.001,-2.63,7.69,-1.71,1,imu01,fusion_20260818T183239Z,2591,57584309,569604369325783
569604406000000,57604,0.088,-0.031,0.985,-0.13,11.66,-0.22,1,imu01,fusion_20260818T183239Z,2592,57604312,569604389328396
569604421000000,57624,0.07,-0.029,0.978,0.48,11.66,1.18,1,imu01,fusion_20260818T183239Z,2593,57624309,569604409325010
569604437000000,57644,0.104,-0.058,1.003,1.54,10.82,1.97,1,imu01,fusion_20260818T183239Z,2594,57644312,569604429327624
569604453000000,57664,0.105,-0.058,1.0,4.58,8.67,-0.6,1,imu01,fusion_20260818T183239Z,2595,57664309,569604449324238
569604484000000,57684,0.102,-0.048,0.998,8.55,10.32,-4.68,1,imu01,fusion_20260818T183239Z,2596,57684312,569604469326852
569604500000000,57704,0.116,-0.047,1.012,10.89,8.45,-7.33,1,imu01,fusion_20260818T183239Z,2597,57704309,569604489323466
569604515000000,57724,0.108,-0.039,1.011,10.08,0.94,-9.16,1,imu01,fusion_20260818T183239Z,2598,57724312,569604509326079
569604546000000,57744,0.107,-0.02,1.033,8.63,-5.35,-10.12,1,imu01,fusion_20260818T183239Z,2599,57744309,569604529322693
569604562000000,57764,0.109,-0.013,1.026,7.67,-12.86,-10.38,1,imu01,fusion_20260818T183239Z,2600,57764312,569604549325307
569604578000000,57784,0.124,-0.008,1.044,7.5,-15.24,-11.74,1,imu01,fusion_20260818T183239Z,2601,57784309,569604569321921
569604593000000,57804,0.126,0.005,1.023,8.88,-20.96,-15.84,1,imu01,fusion_20260818T183239Z,2602,57804312,569604589324535
569604625000000,57824,0.128,0.011,1.014,10.15,-16.99,-13.12,1,imu01,fusion_20260818T183239Z,2603,57824309,569604609321148
569604640000000,57844,0.145,-0.006,0.981,10.19,-11.93,-8.54,1,imu01,fusion_20260818T183239Z,2604,57844312,569604629323762
569604656000000,57864,0.148,-0.009,0.953,7.64,-4.93,-5.15,1,imu01,fusion_20260818T183239Z,2605,57864309,569604649320376
569604671000000,57884,0.131,-0.004,0.93,4.14,-3.06,-4.71,1,imu01,fusion_20260818T183239Z,2606,57884312,569604669322990
569604703000000,57904,0.128,-0.0,0.933,-0.15,-1.59,-4.41,1,imu01,fusion_20260818T183239Z,2607,57904309,569604689319604
569604718000000,57924,0.132,0.001,0.951,-1.81,0.2,-4.29,1,imu01,fusion_20260818T183239Z,2608,57924312,569604709322218
569604734000000,57944,0.127,0.006,0.967,-2.01,2.39,-5.33,1,imu01,fusion_20260818T183239Z,2609,57944309,569604729318831
569604765000000,57964,0.125,0.011,0.998,-1.96,3.83,-4.93,1,imu01,fusion_20260818T183239Z,2610,57964311,569604749320445
569604781000000,57984,0.132,0.003,1.007,-3.9,2.78,-3.68,1,imu01,fusion_20260818T183239Z,2611,57984309,569604769318059
569604796000000,58004,0.123,0.0,1.033,-5.6,4.22,-3.25,1,imu01,fusion_20260818T183239Z,2612,58004312,569604789320673
569604812000000,58024,0.122,0.001,1.059,-5.51,3.89,-3.26,1,imu01,fusion_20260818T183239Z,2613,58024309,569604809317287
569604843000000,58044,0.126,-0.0,1.046,-3.92,2.21,-2.59,1,imu01,fusion_20260818T183239Z,2614,58044312,569604829319900
569604859000000,58064,0.125,0.0,1.022,-1.92,-1.29,-2.35,1,imu01,fusion_20260818T183239Z,2615,58064309,569604849316514
569604875000000,58084,0.133,-0.008,1.011,-1.67,-2.0,-1.42,1,imu01,fusion_20260818T183239Z,2616,58084312,569604869319128
569604906000000,58104,0.138,-0.004,1.0,-1.86,-2.62,-1.27,1,imu01,fusion_20260818T183239Z,2617,58104309,569604889315742
569604921000000,58124,0.134,-0.0,1.001,-1.5,-0.29,-0.58,1,imu01,fusion_20260818T183239Z,2618,58124312,569604909318356
569604937000000,58144,0.137,-0.004,0.995,-1.34,1.07,0.78,1,imu01,fusion_20260818T183239Z,2619,58144309,569604929314970
569604953000000,58164,0.124,-0.006,0.973,-0.57,-0.93,1.18,1,imu01,fusion_20260818T183239Z,2620,58164312,569604949317583
569604984000000,58184,0.135,-0.019,0.989,-1.26,1.23,2.1,1,imu01,fusion_20260818T183239Z,2621,58184309,569604969314197
569605000000000,58204,0.126,-0.023,0.968,-1.39,1.94,1.66,1,imu01,fusion_20260818T183239Z,2622,58204312,569604989316811
569605015000000,58224,0.141,-0.023,0.985,-1.81,2.07,0.94,1,imu01,fusion_20260818T183239Z,2623,58224309,569605009313425
569605031000000,58244,0.132,-0.011,0.984,-0.89,0.95,-0.0,1,imu01,fusion_20260818T183239Z,2624,58244312,569605029316039
569605062000000,58264,0.137,-0.019,0.996,-0.76,1.24,0.2,1,imu01,fusion_20260818T183239Z,2625,58264309,569605049312652
569605078000000,58284,0.138,-0.022,0.996,-0.66,1.91,0.45,1,imu01,fusion_20260818T183239Z,2626,58284312,569605069315266
569605093000000,58304,0.138,-0.02,1.005,0.18,1.74,-0.42,1,imu01,fusion_20260818T183239Z,2627,58304309,569605089311880
569605125000000,58324,0.128,-0.009,1.0,-0.21,0.38,-0.95,1,imu01,fusion_20260818T183239Z,2628,58324312,569605109314494
569605140000000,58344,0.13,-0.001,1.003,-0.82,1.35,-0.29,1,imu01,fusion_20260818T183239Z,2629,58344309,569605129311108
569605156000000,58364,0.128,-0.003,0.998,-0.33,1.25,0.04,1,imu01,fusion_20260818T183239Z,2630,58364312,569605149313722
569605171000000,58384,0.115,-0.001,0.982,0.38,0.23,0.03,1,imu01,fusion_20260818T183239Z,2631,58384309,569605169310335
569605203000000,58404,0.125,-0.013,0.992,0.06,2.54,0.38,1,imu01,fusion_20260818T183239Z,2632,58404312,569605189312949
569605218000000,58424,0.12,-0.013,0.991,-0.07,2.23,0.79,1,imu01,fusion_20260818T183239Z,2633,58424309,569605209309563
569605234000000,58444,0.129,-0.014,0.997,-0.19,2.75,1.09,1,imu01,fusion_20260818T183239Z,2634,58444312,569605229312177
569605265000000,58464,0.116,-0.017,0.979,-0.48,-0.47,1.37,1,imu01,fusion_20260818T183239Z,2635,58464309,569605249308791
569605281000000,58484,0.128,-0.027,0.983,-1.65,1.78,2.25,1,imu01,fusion_20260818T183239Z,2636,58484312,569605269311404
569605296000000,58504,0.13,-0.02,0.991,-1.77,2.52,1.35,1,imu01,fusion_20260818T183239Z,2637,58504309,569605289308018
569605312000000,58524,0.134,-0.03,0.99,-1.25,1.54,0.36,1,imu01,fusion_20260818T183239Z,2638,58524312,569605309310632
569605343000000,58544,0.118,-0.011,0.996,-0.98,2.67,-0.37,1,imu01,fusion_20260818T183239Z,2639,58544309,569605329307246
569605359000000,58564,0.12,-0.015,0.999,-2.13,2.41,0.72,1,imu01,fusion_20260818T183239Z,2640,58564312,569605349309860
569605375000000,58584,0.125,-0.019,1.005,-1.9,3.42,1.62,1,imu01,fusion_20260818T183239Z,2641,58584309,569605369306474
569605406000000,58604,0.119,-0.018,1.011,-1.3,1.84,1.29,1,imu01,fusion_20260818T183239Z,2642,58604312,569605389309087
569605421000000,58624,0.117,-0.019,1.014,-0.14,2.42,0.93,1,imu01,fusion_20260818T183239Z,2643,58624309,569605409305701
569605437000000,58644,0.119,-0.025,1.014,1.22,-0.03,0.28,1,imu01,fusion_20260818T183239Z,2644,58644312,569605429308315
569605453000000,58664,0.12,-0.022,1.0,1.19,0.1,0.22,1,imu01,fusion_20260818T183239Z,2645,58664309,569605449304929
569605484000000,58684,0.134,-0.029,0.995,-0.18,-2.09,0.22,1,imu01,fusion_20260818T183239Z,2646,58684312,569605469307542
569605500000000,58704,0.116,-0.014,0.986,-0.57,-0.87,-0.67,1,imu01,fusion_20260818T183239Z,2647,58704309,569605489304156
569605515000000,58724,0.112,-0.013,0.991,-0.64,-3.22,-0.61,1,imu01,fusion_20260818T183239Z,2648,58724312,569605509306770
569605531000000,58744,0.114,-0.016,0.989,0.25,-1.34,0.55,1,imu01,fusion_20260818T183239Z,2649,58744309,569605529303384
569605562000000,58764,0.118,-0.021,0.985,0.87,-0.8,1.01,1,imu01,fusion_20260818T183239Z,2650,58764312,569605549305998
569605578000000,58784,0.115,-0.018,0.996,1.19,1.07,0.88,1,imu01,fusion_20260818T183239Z,2651,58784309,569605569302612
569605593000000,58804,0.116,-0.019,0.981,1.04,0.21,0.93,1,imu01,fusion_20260818T183239Z,2652,58804312,569605589305226
569605625000000,58824,0.121,-0.02,0.976,0.8,1.81,1.26,1,imu01,fusion_20260818T183239Z,2653,58824309,569605609301839
569605640000000,58844,0.127,-0.014,0.983,0.42,1.41,0.83,1,imu01,fusion_20260818T183239Z,2654,58844312,569605629304453
569605656000000,58864,0.115,-0.013,0.984,0.74,2.31,0.63,1,imu01,fusion_20260818T183239Z,2655,58864309,569605649301067
569605671000000,58884,0.112,-0.005,1.003,0.76,2.01,0.66,1,imu01,fusion_20260818T183239Z,2656,58884312,569605669303681
569605703000000,58904,0.114,-0.004,1.007,0.61,1.06,1.68,1,imu01,fusion_20260818T183239Z,2657,58904309,569605689300295
569605718000000,58924,0.11,-0.011,0.988,-0.04,0.65,2.95,1,imu01,fusion_20260818T183239Z,2658,58924312,569605709302908
569605734000000,58944,0.106,-0.013,0.98,-1.55,3.24,3.84,1,imu01,fusion_20260818T183239Z,2659,58944309,569605729299522
569605765000000,58964,0.116,-0.013,1.001,-2.11,4.93,3.61,1,imu01,fusion_20260818T183239Z,2660,58964312,569605749302136
569605781000000,58984,0.115,-0.02,0.992,-0.75,2.93,2.65,1,imu01,fusion_20260818T183239Z,2661,58984309,569605769298750
569605796000000,59004,0.121,-0.025,0.997,-0.15,1.31,2.11,1,imu01,fusion_20260818T183239Z,2662,59004312,569605789301364
569605812000000,59024,0.131,-0.032,0.993,-1.32,0.59,1.0,1,imu01,fusion_20260818T183239Z,2663,59024309,569605809297978
569605843000000,59044,0.11,-0.012,0.997,-2.46,-0.89,-1.09,1,imu01,fusion_20260818T183239Z,2664,59044312,569605829300591
569605859000000,59064,0.104,-0.008,1.016,-3.44,-1.86,-0.88,1,imu01,fusion_20260818T183239Z,2665,59064309,569605849297205
569605875000000,59084,0.114,-0.016,1.008,-2.39,-1.79,1.12,1,imu01,fusion_20260818T183239Z,2666,59084312,569605869299819
569605906000000,59104,0.109,-0.03,0.999,-0.67,-1.38,2.16,1,imu01,fusion_20260818T183239Z,2667,59104309,569605889296433
569605921000000,59124,0.128,-0.035,0.996,0.32,-0.9,2.11,1,imu01,fusion_20260818T183239Z,2668,59124312,569605909299046
569605937000000,59144,0.112,-0.028,0.983,0.16,-0.69,1.5,1,imu01,fusion_20260818T183239Z,2669,59144309,569605929295660
569605953000000,59164,0.119,-0.03,0.991,-1.21,1.53,2.04,1,imu01,fusion_20260818T183239Z,2670,59164312,569605949298274
569605984000000,59184,0.125,-0.043,0.987,-1.61,1.52,1.91,1,imu01,fusion_20260818T183239Z,2671,59184309,569605969294888
569606000000000,59204,0.113,-0.034,0.985,-1.71,3.01,0.42,1,imu01,fusion_20260818T183239Z,2672,59204312,569605989297502
569606015000000,59224,0.103,-0.02,0.994,-2.01,3.1,-0.25,1,imu01,fusion_20260818T183239Z,2673,59224309,569606009294116
569606031000000,59244,0.11,-0.021,1.008,-2.33,5.02,0.78,1,imu01,fusion_20260818T183239Z,2674,59244312,569606029296730
569606062000000,59264,0.107,-0.02,1.018,-1.85,2.47,1.21,1,imu01,fusion_20260818T183239Z,2675,59264309,569606049293343
569606078000000,59284,0.115,-0.028,1.015,-0.43,3.91,1.08,1,imu01,fusion_20260818T183239Z,2676,59284312,569606069295957
569606093000000,59304,0.107,-0.024,1.004,0.62,0.65,-0.0,1,imu01,fusion_20260818T183239Z,2677,59304309,569606089292571
569606125000000,59324,0.098,-0.015,0.988,0.27,-0.85,-0.09,1,imu01,fusion_20260818T183239Z,2678,59324312,569606109295185
569606140000000,59344,0.101,-0.017,1.002,-0.84,-1.12,1.27,1,imu01,fusion_20260818T183239Z,2679,59344309,569606129291799
569606156000000,59364,0.099,-0.024,0.984,-0.81,-0.92,2.18,1,imu01,fusion_20260818T183239Z,2680,59364312,569606149294412
569606171000000,59384,0.114,-0.032,0.988,0.16,1.58,2.01,1,imu01,fusion_20260818T183239Z,2681,59384309,569606169291026
569606203000000,59404,0.104,-0.024,0.985,0.48,2.55,1.06,1,imu01,fusion_20260818T183239Z,2682,59404312,569606189293640
569606218000000,59424,0.109,-0.03,0.996,-0.07,2.42,1.42,1,imu01,fusion_20260818T183239Z,2683,59424309,569606209290254
569606234000000,59444,0.12,-0.043,0.998,0.06,2.65,1.53,1,imu01,fusion_20260818T183239Z,2684,59444312,569606229292868
569606265000000,59464,0.113,-0.036,0.998,0.06,1.06,0.48,1,imu01,fusion_20260818T183239Z,2685,59464309,569606249289482
569606281000000,59484,0.106,-0.023,0.996,-0.01,0.45,-0.26,1,imu01,fusion_20260818T183239Z,2686,59484312,569606269292095
569606296000000,59504,0.1,-0.023,0.986,-0.48,0.14,0.24,1,imu01,fusion_20260818T183239Z,2687,59504309,569606289288709
569606312000000,59524,0.108,-0.03,0.99,-1.3,1.26,0.49,1,imu01,fusion_20260818T183239Z,2688,59524312,569606309291323
569606343000000,59544,0.098,-0.036,0.979,-1.52,0.79,0.04,1,imu01,fusion_20260818T183239Z,2689,59544309,569606329287937
569606359000000,59564,0.09,-0.023,1.004,-0.57,1.09,-0.78,1,imu01,fusion_20260818T183239Z,2690,59564312,569606349290550
569606375000000,59584,0.097,-0.029,1.014,0.12,1.58,-0.28,1,imu01,fusion_20260818T183239Z,2691,59584309,569606369287164
569606406000000,59604,0.102,-0.023,1.026,2.47,3.0,-0.71,1,imu01,fusion_20260818T183239Z,2692,59604312,569606389289778
569606421000000,59624,0.092,-0.01,1.007,6.06,5.03,-2.02,1,imu01,fusion_20260818T183239Z,2693,59624309,569606409286392
569606437000000,59644,0.099,-0.009,1.005,5.8,3.66,-0.9,1,imu01,fusion_20260818T183239Z,2694,59644312,569606429289006
569606453000000,59664,0.098,-0.017,0.991,4.53,2.2,0.35,1,imu01,fusion_20260818T183239Z,2695,59664309,569606449285620
569606484000000,59684,0.098,-0.033,0.982,2.06,-0.96,1.2,1,imu01,fusion_20260818T183239Z,2696,59684312,569606469288233
569606500000000,59704,0.098,-0.031,0.991,0.06,-2.99,0.44,1,imu01,fusion_20260818T183239Z,2697,59704309,569606489284847
569606515000000,59724,0.092,-0.023,0.981,-0.76,-2.03,-0.58,1,imu01,fusion_20260818T183239Z,2698,59724312,569606509287461
569606531000000,59744,0.098,-0.016,0.995,-1.78,2.08,0.07,1,imu01,fusion_20260818T183239Z,2699,59744309,569606529284075
569606562000000,59764,0.095,-0.027,0.987,-1.6,3.84,0.94,1,imu01,fusion_20260818T183239Z,2700,59764312,569606549286689
569606578000000,59784,0.114,-0.034,0.995,-1.24,3.31,0.97,1,imu01,fusion_20260818T183239Z,2701,59784309,569606569283303
569606593000000,59804,0.096,-0.025,0.987,-0.87,2.13,-0.37,1,imu01,fusion_20260818T183239Z,2702,59804312,569606589285916
569606625000000,59824,0.104,-0.027,1.009,-1.43,1.97,-0.4,1,imu01,fusion_20260818T183239Z,2703,59824309,569606609282530
569606640000000,59844,0.092,-0.028,1.0,-1.11,1.7,-0.65,1,imu01,fusion_20260818T183239Z,2704,59844312,569606629285144
569606656000000,59864,0.092,-0.034,1.011,-1.09,0.15,-0.77,1,imu01,fusion_20260818T183239Z,2705,59864309,569606649281758
569606671000000,59884,0.086,-0.026,1.013,-1.03,0.47,-1.09,1,imu01,fusion_20260818T183239Z,2706,59884312,569606669284372
569606703000000,59904,0.087,-0.021,1.018,-0.79,-0.3,-1.44,1,imu01,fusion_20260818T183239Z,2707,59904309,569606689280986
569606718000000,59924,0.075,-0.008,1.001,0.52,-0.95,-1.86,1,imu01,fusion_20260818T183239Z,2708,59924312,569606709283599
569606734000000,59944,0.082,-0.005,1.001,0.55,-1.25,-0.61,1,imu01,fusion_20260818T183239Z,2709,59944309,569606729280213
569606765000000,59964,0.09,-0.008,0.997,0.94,-2.04,0.26,1,imu01,fusion_20260818T183239Z,2710,59964311,569606749281827
569606781000000,59984,0.097,-0.014,0.994,1.42,-3.48,0.71,1,imu01,fusion_20260818T183239Z,2711,59984309,569606769279441
569606796000000,60004,0.085,-0.01,0.983,2.0,-2.04,1.04,1,imu01,fusion_20260818T183239Z,2712,60004312,569606789282054
569606812000000,60024,0.096,-0.028,0.998,0.43,0.2,2.56,1,imu01,fusion_20260818T183239Z,2713,60024309,569606809278668
569606843000000,60044,0.1,-0.031,0.993,-0.21,0.23,2.68,1,imu01,fusion_20260818T183239Z,2714,60044312,569606829281282
569606859000000,60064,0.101,-0.037,0.989,-0.69,-0.96,1.97,1,imu01,fusion_20260818T183239Z,2715,60064309,569606849277896
569606875000000,60084,0.098,-0.03,0.994,-0.65,-0.28,1.16,1,imu01,fusion_20260818T183239Z,2716,60084312,569606869280510
569606906000000,60104,0.1,-0.039,0.986,-0.23,0.25,0.94,1,imu01,fusion_20260818T183239Z,2717,60104309,569606889277124
569606921000000,60124,0.11,-0.039,1.003,-0.23,3.05,0.42,1,imu01,fusion_20260818T183239Z,2718,60124312,569606909279737
569606937000000,60144,0.09,-0.031,0.99,-0.48,1.75,-0.5,1,imu01,fusion_20260818T183239Z,2719,60144309,569606929276351
569606953000000,60164,0.1,-0.02,1.012,-1.08,0.58,-0.87,1,imu01,fusion_20260818T183239Z,2720,60164312,569606949278965
569606984000000,60184,0.088,-0.012,0.999,-0.52,-2.33,-1.02,1,imu01,fusion_20260818T183239Z,2721,60184309,569606969275579
569607000000000,60204,0.096,-0.017,1.009,0.46,-1.58,-1.03,1,imu01,fusion_20260818T183239Z,2722,60204312,569606989278193
569607015000000,60224,0.086,-0.02,1.005,2.08,-0.04,-1.11,1,imu01,fusion_20260818T183239Z,2723,60224309,569607009274806
569607031000000,60244,0.096,-0.012,0.999,4.49,-0.25,-1.87,1,imu01,fusion_20260818T183239Z,2724,60244312,569607029277420
569607062000000,60264,0.081,-0.011,0.988,5.38,-0.13,-1.67,1,imu01,fusion_20260818T183239Z,2725,60264309,569607049274034
569607078000000,60284,0.095,-0.018,0.986,3.53,0.22,-0.58,1,imu01,fusion_20260818T183239Z,2726,60284312,569607069276648
569607093000000,60304,0.084,-0.018,0.979,0.98,-2.51,0.07,1,imu01,fusion_20260818T183239Z,2727,60304309,569607089273262
569607125000000,60324,0.101,-0.022,1.007,-1.11,-1.02,1.06,1,imu01,fusion_20260818T183239Z,2728,60324312,569607109275876
569607140000000,60344,0.088,-0.019,0.986,-0.69,-1.43,0.83,1,imu01,fusion_20260818T183239Z,2729,60344309,569607129272490
569607156000000,60364,0.116,-0.026,1.015,-0.43,1.2,1.72,1,imu01,fusion_20260818T183239Z,2730,60364312,569607149275103
569607171000000,60384,0.103,-0.028,0.993,0.61,-0.92,1.1,1,imu01,fusion_20260818T183239Z,2731,60384309,569607169271717
569607203000000,60404,0.104,-0.022,1.006,0.55,-1.48,0.22,1,imu01,fusion_20260818T183239Z,2732,60404312,569607189274331
569607218000000,60424,0.101,-0.02,0.995,-0.24,-3.77,0.3,1,imu01,fusion_20260818T183239Z,2733,60424309,569607209270945
569607234000000,60444,0.1,-0.022,1.004,-0.31,-3.8,-0.29,1,imu01,fusion_20260818T183239Z,2734,60444312,569607229273558
569607265000000,60464,0.093,-0.019,1.002,0.01,-3.87,-1.09,1,imu01,fusion_20260818T183239Z,2735,60464309,569607249270172
569607281000000,60484,0.094,-0.015,0.99,0.22,-2.93,-1.1,1,imu01,fusion_20260818T183239Z,2736,60484312,569607269272786
569607296000000,60504,0.092,-0.017,1.012,-0.17,1.11,-0.2,1,imu01,fusion_20260818T183239Z,2737,60504309,569607289269400
569607312000000,60524,0.102,-0.012,1.017,-0.33,0.36,0.16,1,imu01,fusion_20260818T183239Z,2738,60524312,569607309272014
569607343000000,60544,0.099,-0.013,1.004,-0.06,-0.0,0.45,1,imu01,fusion_20260818T183239Z,2739,60544309,569607329268628
569607359000000,60564,0.101,-0.017,1.0,-0.47,-0.74,0.77,1,imu01,fusion_20260818T183239Z,2740,60564312,569607349271241
569607375000000,60584,0.095,-0.022,0.988,-0.73,-1.16,1.29,1,imu01,fusion_20260818T183239Z,2741,60584309,569607369267855
569607406000000,60604,0.11,-0.029,0.988,-0.81,-0.61,1.6,1,imu01,fusion_20260818T183239Z,2742,60604312,569607389270469
569607421000000,60624,0.105,-0.025,0.98,-0.51,0.33,1.12,1,imu01,fusion_20260818T183239Z,2743,60624309,569607409267083
569607437000000,60644,0.109,-0.026,0.999,-0.35,0.46,0.38,1,imu01,fusion_20260818T183239Z,2744,60644312,569607429269697
569607453000000,60664,0.102,-0.021,0.992,-0.69,-0.45,0.03,1,imu01,fusion_20260818T183239Z,2745,60664309,569607449266310
569607484000000,60684,0.111,-0.031,1.006,-0.87,0.59,0.45,1,imu01,fusion_20260818T183239Z,2746,60684312,569607469268924
569607500000000,60704,0.1,-0.02,0.988,-0.2,0.16,-0.45,1,imu01,fusion_20260818T183239Z,2747,60704309,569607489265538
569607515000000,60724,0.103,-0.02,0.998,0.03,-0.09,-1.16,1,imu01,fusion_20260818T183239Z,2748,60724312,569607509268152
569607531000000,60744,0.092,-0.014,0.993,0.64,-0.16,-1.18,1,imu01,fusion_20260818T183239Z,2749,60744309,569607529264766
569607562000000,60764,0.105,-0.021,1.001,0.7,0.16,-0.38,1,imu01,fusion_20260818T183239Z,2750,60764312,569607549267380
569607578000000,60784,0.097,-0.027,0.984,0.68,-1.64,-0.85,1,imu01,fusion_20260818T183239Z,2751,60784309,569607569263993
569607593000000,60804,0.099,-0.019,0.994,-0.18,-0.48,-0.96,1,imu01,fusion_20260818T183239Z,2752,60804312,569607589266607
569607625000000,60824,0.093,-0.007,0.992,-0.75,0.19,-0.76,1,imu01,fusion_20260818T183239Z,2753,60824309,569607609263221
569607640000000,60844,0.1,-0.017,1.005,-0.81,0.07,0.36,1,imu01,fusion_20260818T183239Z,2754,60844312,569607629265835
569607656000000,60864,0.102,-0.019,1.001,-0.1,-0.24,0.38,1,imu01,fusion_20260818T183239Z,2755,60864309,569607649262449
569607671000000,60884,0.097,-0.019,1.005,-0.43,0.23,0.82,1,imu01,fusion_20260818T183239Z,2756,60884312,569607669265062
569607703000000,60904,0.103,-0.023,0.994,-0.7,2.2,1.45,1,imu01,fusion_20260818T183239Z,2757,60904309,569607689261676
569607718000000,60924,0.101,-0.03,0.996,-1.31,0.29,1.35,1,imu01,fusion_20260818T183239Z,2758,60924312,569607709264290
569607734000000,60944,0.094,-0.024,0.994,-0.74,0.95,0.65,1,imu01,fusion_20260818T183239Z,2759,60944309,569607729260904
569607765000000,60964,0.1,-0.027,0.991,-0.27,0.0,0.24,1,imu01,fusion_20260818T183239Z,2760,60964312,569607749263518
569607781000000,60984,0.106,-0.029,1.001,-0.19,1.77,0.47,1,imu01,fusion_20260818T183239Z,2761,60984309,569607769260132
569607796000000,61004,0.097,-0.03,0.995,-0.22,0.04,-0.12,1,imu01,fusion_20260818T183239Z,2762,61004312,569607789262745
569607812000000,61024,0.103,-0.025,0.998,-0.5,-0.92,-0.35,1,imu01,fusion_20260818T183239Z,2763,61024309,569607809259359
569607843000000,61044,0.105,-0.026,0.996,0.25,-1.02,-0.66,1,imu01,fusion_20260818T183239Z,2764,61044312,569607829261973
569607859000000,61064,0.102,-0.022,1.001,0.48,-0.55,-0.38,1,imu01,fusion_20260818T183239Z,2765,61064309,569607849258587
569607875000000,61084,0.106,-0.014,1.005,0.2,1.78,-0.43,1,imu01,fusion_20260818T183239Z,2766,61084312,569607869261201
569607906000000,61104,0.095,-0.017,0.994,0.2,-0.14,-0.64,1,imu01,fusion_20260818T183239Z,2767,61104309,569607889257814
569607921000000,61124,0.098,-0.018,1.0,0.07,-1.18,-0.63,1,imu01,fusion_20260818T183239Z,2768,61124312,569607909260428
569607937000000,61144,0.101,-0.025,0.998,-0.46,-2.13,-0.45,1,imu01,fusion_20260818T183239Z,2769,61144309,569607929257042
569607953000000,61164,0.079,-0.009,0.992,0.6,-2.17,-1.03,1,imu01,fusion_20260818T183239Z,2770,61164312,569607949259656
569607984000000,61184,0.104,-0.02,1.03,0.32,0.86,0.28,1,imu01,fusion_20260818T183239Z,2771,61184309,569607969256270
569608000000000,61204,0.086,-0.009,0.999,1.25,-0.78,0.37,1,imu01,fusion_20260818T183239Z,2772,61204312,569607989258884
569608015000000,61224,0.108,-0.02,1.004,0.56,-0.61,1.42,1,imu01,fusion_20260818T183239Z,2773,61224309,569608009255497
569608031000000,61244,0.099,-0.025,0.992,0.78,-2.67,1.33,1,imu01,fusion_20260818T183239Z,2774,61244312,569608029258111
569608062000000,61264,0.104,-0.025,0.991,0.9,-0.91,0.81,1,imu01,fusion_20260818T183239Z,2775,61264309,569608049254725
569608078000000,61284,0.093,-0.015,0.981,1.16,-1.03,0.36,1,imu01,fusion_20260818T183239Z,2776,61284312,569608069257339
569608093000000,61304,0.106,-0.023,0.992,0.51,-0.48,1.26,1,imu01,fusion_20260818T183239Z,2777,61304309,569608089253953
569608125000000,61324,0.102,-0.029,0.971,0.54,-2.28,1.26,1,imu01,fusion_20260818T183239Z,2778,61324312,569608109256566
569608140000000,61344,0.12,-0.039,0.994,0.16,-0.3,0.94,1,imu01,fusion_20260818T183239Z,2779,61344309,569608129253180
569608156000000,61364,0.115,-0.029,1.0,0.7,-0.51,-0.7,1,imu01,fusion_20260818T183239Z,2780,61364312,569608149255794
569608171000000,61384,0.11,-0.029,0.996,0.48,-0.71,-1.12,1,imu01,fusion_20260818T183239Z,2781,61384309,569608169252408
569608203000000,61404,0.115,-0.033,1.001,-0.25,0.0,-0.61,1,imu01,fusion_20260818T183239Z,2782,61404312,569608189255022
569608218000000,61424,0.103,-0.022,1.002,-0.62,-0.93,-1.18,1,imu01,fusion_20260818T183239Z,2783,61424309,569608209251636
569608234000000,61444,0.104,-0.018,0.991,-0.38,-1.03,-1.44,1,imu01,fusion_20260818T183239Z,2784,61444312,569608229254249
569608265000000,61464,0.095,-0.006,0.986,-0.14,-1.04,-1.45,1,imu01,fusion_20260818T183239Z,2785,61464309,569608249250863
569608281000000,61484,0.102,-0.013,0.988,-0.47,0.04,-0.25,1,imu01,fusion_20260818T183239Z,2786,61484312,569608269253477
569608296000000,61504,0.095,-0.007,1.003,-0.02,0.45,-0.35,1,imu01,fusion_20260818T183239Z,2787,61504309,569608289250091
569608312000000,61524,0.104,-0.014,1.012,-0.16,-0.48,-0.22,1,imu01,fusion_20260818T183239Z,2788,61524312,569608309252705
569608343000000,61544,0.099,-0.007,1.009,1.11,0.06,-0.21,1,imu01,fusion_20260818T183239Z,2789,61544309,569608329249318
569608359000000,61564,0.104,-0.021,1.002,0.8,-1.22,0.93,1,imu01,fusion_20260818T183239Z,2790,61564312,569608349251932
569608375000000,61584,0.109,-0.032,0.997,0.99,-1.99,0.81,1,imu01,fusion_20260818T183239Z,2791,61584309,569608369248546
569608390000000,61604,0.105,-0.023,0.985,0.61,-2.62,0.2,1,imu01,fusion_20260818T183239Z,2792,61604312,569608389251160
569608421000000,61624,0.108,-0.024,0.993,0.44,-1.2,0.16,1,imu01,fusion_20260818T183239Z,2793,61624309,569608409247774
569608437000000,61644,0.101,-0.017,0.995,0.16,-0.12,0.42,1,imu01,fusion_20260818T183239Z,2794,61644312,569608429250388
569608453000000,61664,0.113,-0.027,0.998,0.2,0.73,0.26,1,imu01,fusion_20260818T183239Z,2795,61664309,569608449247001
569608484000000,61684,0.099,-0.018,0.995,0.34,-0.58,-0.42,1,imu01,fusion_20260818T183239Z,2796,61684312,569608469249615
569608500000000,61704,0.111,-0.016,1.013,-0.2,-0.72,-0.29,1,imu01,fusion_20260818T183239Z,2797,61704309,569608489246229
569608515000000,61724,0.096,-0.019,0.99,0.03,-2.09,-0.37,1,imu01,fusion_20260818T183239Z,2798,61724312,569608509248843
569608531000000,61744,0.115,-0.023,1.007,-0.27,0.84,0.2,1,imu01,fusion_20260818T183239Z,2799,61744309,569608529245457
569608562000000,61764,0.089,-0.01,0.993,0.41,-0.6,-0.31,1,imu01,fusion_20260818T183239Z,2800,61764312,569608549248070
569608578000000,61784,0.11,-0.015,1.005,-0.39,-0.8,0.8,1,imu01,fusion_20260818T183239Z,2801,61784309,569608569244684
569608593000000,61804,0.107,-0.018,0.987,-0.14,-2.42,0.87,1,imu01,fusion_20260818T183239Z,2802,61804312,569608589247298
569608625000000,61824,0.112,-0.015,0.995,0.01,-0.13,0.59,1,imu01,fusion_20260818T183239Z,2803,61824309,569608609243912
569608640000000,61844,0.098,-0.016,0.993,0.09,-1.32,0.7,1,imu01,fusion_20260818T183239Z,2804,61844312,569608629246526
569608656000000,61864,0.12,-0.033,1.0,0.18,0.76,1.91,1,imu01,fusion_20260818T183239Z,2805,61864309,569608649243140
569608671000000,61884,0.116,-0.029,1.009,0.74,0.25,0.85,1,imu01,fusion_20260818T183239Z,2806,61884312,569608669245753
569608703000000,61904,0.114,-0.027,1.005,0.65,-1.33,-0.39,1,imu01,fusion_20260818T183239Z,2807,61904309,569608689242367
569608718000000,61924,0.108,-0.017,0.988,0.58,-1.58,-0.8,1,imu01,fusion_20260818T183239Z,2808,61924312,569608709244981
569608734000000,61944,0.111,-0.021,0.993,-0.49,-2.05,-0.14,1,imu01,fusion_20260818T183239Z,2809,61944309,569608729241595
569608765000000,61964,0.098,-0.011,0.985,0.07,-1.45,-0.66,1,imu01,fusion_20260818T183239Z,2810,61964311,569608749243209
569608781000000,61984,0.106,-0.016,0.994,-0.6,-1.06,-0.21,1,imu01,fusion_20260818T183239Z,2811,61984309,569608769240822
569608796000000,62004,0.107,-0.012,1.0,0.35,0.64,-0.33,1,imu01,fusion_20260818T183239Z,2812,62004312,569608789243436
569608812000000,62024,0.107,-0.009,0.996,0.3,-0.35,0.07,1,imu01,fusion_20260818T183239Z,2813,62024309,569608809240050
569608843000000,62044,0.114,-0.023,1.004,0.36,-0.48,0.48,1,imu01,fusion_20260818T183239Z,2814,62044312,569608829242664
569608859000000,62064,0.115,-0.021,0.993,0.37,-0.74,0.16,1,imu01,fusion_20260818T183239Z,2815,62064309,569608849239278
569608875000000,62084,0.107,-0.017,1.005,0.41,-0.83,-0.16,1,imu01,fusion_20260818T183239Z,2816,62084312,569608869241892
569608890000000,62104,0.111,-0.025,0.995,0.45,-1.61,0.09,1,imu01,fusion_20260818T183239Z,2817,62104309,569608889238505
569608921000000,62124,0.112,-0.023,0.994,0.31,-0.49,0.1,1,imu01,fusion_20260818T183239Z,2818,62124312,569608909241119
569608937000000,62144,0.116,-0.023,1.001,-0.43,-1.3,-0.19,1,imu01,fusion_20260818T183239Z,2819,62144309,569608929237733
569608953000000,62164,0.109,-0.013,0.984,-0.13,-1.41,-0.71,1,imu01,fusion_20260818T183239Z,2820,62164312,569608949240347
569608984000000,62184,0.108,-0.018,0.992,-1.08,0.23,-0.06,1,imu01,fusion_20260818T183239Z,2821,62184309,569608969236961
569609000000000,62204,0.112,-0.016,1.007,-1.49,1.49,0.35,1,imu01,fusion_20260818T183239Z,2822,62204312,569608989239574
569609015000000,62224,0.114,-0.01,1.008,-0.76,1.02,0.22,1,imu01,fusion_20260818T183239Z,2823,62224309,569609009236188
569609046000000,62244,0.106,-0.017,1.003,0.19,-1.06,-0.24,1,imu01,fusion_20260818T183239Z,2824,62244312,569609029238802
569609062000000,62264,0.109,-0.012,0.997,0.48,-1.87,-0.0,1,imu01,fusion_20260818T183239Z,2825,62264309,569609049235416
569609078000000,62284,0.116,-0.022,1.005,0.4,-0.88,0.41,1,imu01,fusion_20260818T183239Z,2826,62284312,569609069238030
569609093000000,62304,0.12,-0.032,1.013,0.5,-0.4,0.75,1,imu01,fusion_20260818T183239Z,2827,62304309,569609089234644
569609125000000,62324,0.109,-0.028,0.994,0.75,-2.19,-0.26,1,imu01,fusion_20260818T183239Z,2828,62324312,569609109237257
569609140000000,62344,0.11,-0.03,0.986,0.37,-3.64,-0.59,1,imu01,fusion_20260818T183239Z,2829,62344309,569609129233871
569609156000000,62364,0.112,-0.022,0.976,0.07,-2.45,-0.84,1,imu01,fusion_20260818T183239Z,2830,62364312,569609149236485
569609171000000,62384,0.111,-0.017,0.992,-0.39,-1.29,-1.15,1,imu01,fusion_20260818T183239Z,2831,62384309,569609169233099
569609203000000,62404,0.117,-0.019,0.996,-0.24,-0.67,-1.46,1,imu01,fusion_20260818T183239Z,2832,62404312,569609189235713
569609218000000,62424,0.113,-0.012,0.997,0.18,-0.39,-1.29,1,imu01,fusion_20260818T183239Z,2833,62424309,569609209232326
569609234000000,62444,0.115,-0.007,1.009,0.14,-0.6,-0.74,1,imu01,fusion_20260818T183239Z,2834,62444312,569609229234940
569609265000000,62464,0.104,-0.005,0.982,0.6,-1.63,-0.57,1,imu01,fusion_20260818T183239Z,2835,62464309,569609249231554
569609281000000,62484,0.109,-0.008,0.996,-0.23,-1.2,0.63,1,imu01,fusion_20260818T183239Z,2836,62484312,569609269234168
569609296000000,62504,0.108,-0.011,0.98,-0.67,-0.77,1.42,1,imu01,fusion_20260818T183239Z,2837,62504309,569609289230782
569609312000000,62524,0.127,-0.019,0.998,-0.35,3.68,1.56,1,imu01,fusion_20260818T183239Z,2838,62524312,569609309233396
569609343000000,62544,0.106,-0.015,0.979,0.73,2.26,0.37,1,imu01,fusion_20260818T183239Z,2839,62544309,569609329230009
569609359000000,62564,0.12,-0.021,0.999,0.67,2.1,0.57,1,imu01,fusion_20260818T183239Z,2840,62564312,569609349232623
569609375000000,62584,0.11,-0.015,0.999,0.19,-0.76,0.8,1,imu01,fusion_20260818T183239Z,2841,62584309,569609369229237
569609406000000,62604,0.127,-0.029,1.005,-0.08,-0.65,0.86,1,imu01,fusion_20260818T183239Z,2842,62604312,569609389231851
569609421000000,62624,0.106,-0.023,1.005,0.54,-2.36,0.13,1,imu01,fusion_20260818T183239Z,2843,62624309,569609409228465
569609437000000,62644,0.126,-0.025,1.012,0.77,-1.99,0.15,1,imu01,fusion_20260818T183239Z,2844,62644312,569609429231078
569609453000000,62664,0.116,-0.023,0.991,0.72,-3.22,0.13,1,imu01,fusion_20260818T183239Z,2845,62664309,569609449227692
569609484000000,62684,0.125,-0.023,0.993,-0.17,-2.29,0.38,1,imu01,fusion_20260818T183239Z,2846,62684312,569609469230306
569609500000000,62704,0.119,-0.024,0.983,-0.65,-2.28,0.37,1,imu01,fusion_20260818T183239Z,2847,62704309,569609489226920
569609515000000,62724,0.124,-0.029,0.978,-0.41,-1.0,-0.1,1,imu01,fusion_20260818T183239Z,2848,62724312,569609509229534
569609531000000,62744,0.112,-0.017,0.982,-0.1,-1.97,-1.11,1,imu01,fusion_20260818T183239Z,2849,62744309,569609529226148
569609562000000,62764,0.118,-0.012,0.996,-0.36,-0.54,-1.03,1,imu01,fusion_20260818T183239Z,2850,62764312,569609549228761
569609578000000,62784,0.112,-0.017,1.011,-0.78,-0.06,-0.3,1,imu01,fusion_20260818T183239Z,2851,62784309,569609569225375
569609593000000,62804,0.123,-0.023,1.004,0.05,-1.06,-0.47,1,imu01,fusion_20260818T183239Z,2852,62804312,569609589227989
569609625000000,62824,0.119,-0.018,1.017,0.1,1.04,-0.46,1,imu01,fusion_20260818T183239Z,2853,62824309,569609609224603
569609640000000,62844,0.119,-0.014,1.005,-0.46,0.6,0.08,1,imu01,fusion_20260818T183239Z,2854,62844312,569609629227217
569609656000000,62864,0.12,-0.023,1.001,-0.77,-1.56,0.62,1,imu01,fusion_20260818T183239Z,2855,62864309,569609649223830
569609671000000,62884,0.109,-0.027,0.972,-0.31,-0.94,0.39,1,imu01,fusion_20260818T183239Z,2856,62884312,569609669226444
569609703000000,62904,0.12,-0.02,0.976,-0.07,1.8,0.42,1,imu01,fusion_20260818T183239Z,2857,62904309,569609689223058
569609718000000,62924,0.107,-0.012,0.978,-0.26,1.23,0.06,1,imu01,fusion_20260818T183239Z,2858,62924312,569609709225672
569609734000000,62944,0.113,-0.008,0.98,-0.39,0.47,-0.08,1,imu01,fusion_20260818T183239Z,2859,62944309,569609729222286
569609765000000,62964,0.117,-0.014,0.996,-0.73,-0.35,0.07,1,imu01,fusion_20260818T183239Z,2860,62964312,569609749224900
569609781000000,62984,0.122,-0.02,1.007,-0.26,0.1,-0.02,1,imu01,fusion_20260818T183239Z,2861,62984309,569609769221513
569609796000000,63004,0.113,-0.018,1.016,0.24,0.62,0.12,1,imu01,fusion_20260818T183239Z,2862,63004312,569609789224127
569609812000000,63024,0.114,-0.016,1.01,0.07,1.03,1.02,1,imu01,fusion_20260818T183239Z,2863,63024309,569609809220741
569609843000000,63044,0.112,-0.03,0.994,-0.14,0.15,1.26,1,imu01,fusion_20260818T183239Z,2864,63044312,569609829223355
569609859000000,63064,0.126,-0.027,0.999,-0.2,0.29,1.19,1,imu01,fusion_20260818T183239Z,2865,63064309,569609849219969
569609875000000,63084,0.123,-0.028,1.003,0.07,0.53,0.6,1,imu01,fusion_20260818T183239Z,2866,63084312,569609869222582
569609906000000,63104,0.12,-0.018,0.981,0.08,0.09,0.13,1,imu01,fusion_20260818T183239Z,2867,63104309,569609889219196
569609921000000,63124,0.11,-0.02,0.99,-0.14,-0.51,-0.29,1,imu01,fusion_20260818T183239Z,2868,63124312,569609909221810
569609937000000,63144,0.106,-0.016,0.971,-0.05,-0.71,-0.48,1,imu01,fusion_20260818T183239Z,2869,63144309,569609929218424
569609953000000,63164,0.117,-0.02,1.005,-0.6,0.33,-0.13,1,imu01,fusion_20260818T183239Z,2870,63164312,569609949221038
569609984000000,63184,0.11,-0.012,1.007,0.46,0.14,-0.19,1,imu01,fusion_20260818T183239Z,2871,63184309,569609969217652
569610000000000,63204,0.119,-0.003,0.996,0.19,-0.35,0.55,1,imu01,fusion_20260818T183239Z,2872,63204312,569609989220265
569610015000000,63224,0.112,-0.02,0.998,-0.31,0.37,1.35,1,imu01,fusion_20260818T183239Z,2873,63224309,569610009216879
569610031000000,63244,0.099,-0.01,0.981,-0.36,-0.23,1.16,1,imu01,fusion_20260818T183239Z,2874,63244312,569610029219493
569610062000000,63264,0.113,-0.031,1.007,-1.26,1.36,2.02,1,imu01,fusion_20260818T183239Z,2875,63264309,569610049216107
569610078000000,63284,0.112,-0.025,0.981,0.16,1.97,1.84,1,imu01,fusion_20260818T183239Z,2876,63284312,569610069218720
569610093000000,63304,0.137,-0.045,0.987,-0.19,2.87,2.08,1,imu01,fusion_20260818T183239Z,2877,63304309,569610089215334
569610125000000,63324,0.103,-0.032,0.984,-0.19,2.46,0.79,1,imu01,fusion_20260818T183239Z,2878,63324312,569610109217948
569610140000000,63344,0.129,-0.023,1.01,-1.5,1.81,1.18,1,imu01,fusion_20260818T183239Z,2879,63344309,569610129214562
569610156000000,63364,0.099,-0.041,0.987,-0.93,-1.31,0.75,1,imu01,fusion_20260818T183239Z,2880,63364312,569610149217176
569610171000000,63384,0.126,-0.035,0.994,-0.72,1.18,0.31,1,imu01,fusion_20260818T183239Z,2881,63384309,569610169213790
569610203000000,63404,0.107,-0.016,0.988,0.22,0.59,-0.96,1,imu01,fusion_20260818T183239Z,2882,63404312,569610189216404
569610218000000,63424,0.114,-0.017,1.005,-0.57,0.59,-0.33,1,imu01,fusion_20260818T183239Z,2883,63424309,569610209213017
569610234000000,63444,0.104,-0.016,0.991,-0.81,-0.86,-0.03,1,imu01,fusion_20260818T183239Z,2884,63444312,569610229215631
569610265000000,63464,0.109,-0.014,1.003,-0.39,0.92,-0.52,1,imu01,fusion_20260818T183239Z,2885,63464309,569610249212245
569610281000000,63484,0.109,-0.006,0.995,-0.23,1.62,-0.2,1,imu01,fusion_20260818T183239Z,2886,63484312,569610269214859
569610296000000,63504,0.098,-0.018,1.005,0.51,1.8,0.32,1,imu01,fusion_20260818T183239Z,2887,63504309,569610289211473
569610312000000,63524,0.113,-0.023,1.002,0.4,0.81,1.43,1,imu01,fusion_20260818T183239Z,2888,63524312,569610309214086
569610343000000,63544,0.111,-0.029,0.99,1.24,-0.33,0.62,1,imu01,fusion_20260818T183239Z,2889,63544309,569610329210700
569610359000000,63564,0.114,-0.027,1.0,0.17,-0.49,0.52,1,imu01,fusion_20260818T183239Z,2890,63564312,569610349213314
569610375000000,63584,0.126,-0.02,0.999,-0.27,-0.59,0.36,1,imu01,fusion_20260818T183239Z,2891,63584309,569610369209928
569610390000000,63604,0.113,-0.038,0.984,-0.03,-0.25,0.07,1,imu01,fusion_20260818T183239Z,2892,63604312,569610389212542
569610421000000,63624,0.129,-0.027,0.994,-0.03,-0.18,-0.32,1,imu01,fusion_20260818T183239Z,2893,63624309,569610409209156
569610437000000,63644,0.116,-0.045,0.989,0.05,0.55,-0.3,1,imu01,fusion_20260818T183239Z,2894,63644312,569610429211769
569610453000000,63664,0.106,-0.021,1.01,-0.16,0.66,-0.26,1,imu01,fusion_20260818T183239Z,2895,63664309,569610449208383
569610484000000,63684,0.108,-0.023,1.002,-0.46,0.3,0.09,1,imu01,fusion_20260818T183239Z,2896,63684312,569610469210997
569610500000000,63704,0.115,-0.02,1.006,-0.14,1.15,0.13,1,imu01,fusion_20260818T183239Z,2897,63704309,569610489207611
569610515000000,63724,0.106,-0.019,0.997,-0.44,0.46,-0.02,1,imu01,fusion_20260818T183239Z,2898,63724312,569610509210224
569610531000000,63744,0.112,-0.025,0.987,-0.14,-0.63,-0.07,1,imu01,fusion_20260818T183239Z,2899,63744309,569610529206838
569610562000000,63764,0.109,-0.024,0.985,-0.36,-0.16,0.44,1,imu01,fusion_20260818T183239Z,2900,63764312,569610549209452
569610578000000,63784,0.098,-0.02,0.991,-0.55,1.08,0.58,1,imu01,fusion_20260818T183239Z,2901,63784309,569610569206066
569610593000000,63804,0.113,-0.04,0.998,-0.12,1.42,-0.46,1,imu01,fusion_20260818T183239Z,2902,63804312,569610589208680
569610625000000,63824,0.103,-0.015,1.004,0.31,0.14,-1.27,1,imu01,fusion_20260818T183239Z,2903,63824309,569610609205294
569610640000000,63844,0.129,-0.029,0.995,0.02,0.1,-0.4,1,imu01,fusion_20260818T183239Z,2904,63844312,569610629207908
569610656000000,63864,0.093,-0.042,1.003,-0.04,-0.38,0.2,1,imu01,fusion_20260818T183239Z,2905,63864309,569610649204521
569610671000000,63884,0.099,-0.016,1.015,0.29,-0.26,-0.33,1,imu01,fusion_20260818T183239Z,2906,63884312,569610669207135
569610703000000,63904,0.106,-0.029,0.998,0.86,-1.7,-0.32,1,imu01,fusion_20260818T183239Z,2907,63904309,569610689203749
569610718000000,63924,0.119,-0.029,1.012,0.63,-0.32,0.1,1,imu01,fusion_20260818T183239Z,2908,63924312,569610709206363
569610734000000,63944,0.097,-0.034,0.997,0.27,-1.24,-0.03,1,imu01,fusion_20260818T183239Z,2909,63944309,569610729202977
569610765000000,63964,0.121,-0.036,0.996,0.07,-1.28,-0.35,1,imu01,fusion_20260818T183239Z,2910,63964311,569610749204590
569610781000000,63984,0.106,-0.025,0.98,0.12,-1.73,-0.95,1,imu01,fusion_20260818T183239Z,2911,63984309,569610769202204
569610796000000,64004,0.118,-0.02,0.991,-0.65,0.33,-0.87,1,imu01,fusion_20260818T183239Z,2912,64004312,569610789204818
569610812000000,64024,0.094,-0.009,0.988,-1.68,0.47,-0.63,1,imu01,fusion_20260818T183239Z,2913,64024309,569610809201432
569610843000000,64044,0.108,-0.01,1.016,-2.05,2.17,0.18,1,imu01,fusion_20260818T183239Z,2914,64044312,569610829204046
569610859000000,64064,0.115,-0.008,1.005,-1.27,0.99,0.1,1,imu01,fusion_20260818T183239Z,2915,64064309,569610849200660
569610875000000,64084,0.082,-0.012,1.014,-1.4,1.65,0.96,1,imu01,fusion_20260818T183239Z,2916,64084312,569610869203273
569610906000000,64104,0.087,-0.005,1.007,-1.07,1.36,1.41,1,imu01,fusion_20260818T183239Z,2917,64104309,569610889199887
569610921000000,64124,0.094,-0.007,1.023,-0.68,0.16,1.77,1,imu01,fusion_20260818T183239Z,2918,64124312,569610909202501
569610937000000,64144,0.091,-0.015,1.0,0.45,-1.07,1.69,1,imu01,fusion_20260818T183239Z,2919,64144309,569610929199115
569610953000000,64164,0.127,-0.036,0.989,0.64,-0.3,1.55,1,imu01,fusion_20260818T183239Z,2920,64164312,569610949201728
569610984000000,64184,0.108,-0.038,1.001,0.67,-0.8,0.79,1,imu01,fusion_20260818T183239Z,2921,64184309,569610969198342
569611000000000,64204,0.128,-0.032,0.989,0.07,-0.84,0.4,1,imu01,fusion_20260818T183239Z,2922,64204312,569610989200956
569611015000000,64224,0.103,-0.034,0.987,0.6,-1.39,-0.29,1,imu01,fusion_20260818T183239Z,2923,64224309,569611009197570
569611031000000,64244,0.122,-0.032,0.992,0.64,-0.98,-0.35,1,imu01,fusion_20260818T183239Z,2924,64244312,569611029200184
569611062000000,64264,0.113,-0.023,0.986,0.61,-1.17,-0.84,1,imu01,fusion_20260818T183239Z,2925,64264309,569611049196798
569611078000000,64284,0.107,-0.022,1.0,0.22,-1.7,-0.64,1,imu01,fusion_20260818T183239Z,2926,64284312,569611069199411
569611093000000,64304,0.094,-0.016,1.006,0.51,-0.58,-0.59,1,imu01,fusion_20260818T183239Z,2927,64304309,569611089196025
569611125000000,64324,0.115,-0.016,1.01,0.47,-0.51,-0.48,1,imu01,fusion_20260818T183239Z,2928,64324312,569611109198639
569611140000000,64344,0.105,-0.014,0.995,0.34,-1.0,-0.35,1,imu01,fusion_20260818T183239Z,2929,64344309,569611129195253
569611156000000,64364,0.123,-0.028,0.99,0.12,-1.64,-0.21,1,imu01,fusion_20260818T183239Z,2930,64364312,569611149197867
569611171000000,64384,0.112,-0.03,0.995,0.41,-1.65,-0.42,1,imu01,fusion_20260818T183239Z,2931,64384309,569611169194481
569611203000000,64404,0.117,-0.026,1.004,0.63,-1.19,-0.22,1,imu01,fusion_20260818T183239Z,2932,64404312,569611189197094
569611218000000,64424,0.098,-0.022,1.005,0.78,-0.75,-0.17,1,imu01,fusion_20260818T183239Z,2933,64424309,569611209193708
569611234000000,64444,0.118,-0.039,0.998,-0.17,-1.33,0.36,1,imu01,fusion_20260818T183239Z,2934,64444312,569611229196322
569611265000000,64464,0.097,-0.02,0.977,-0.72,-1.35,0.0,1,imu01,fusion_20260818T183239Z,2935,64464309,569611249192936
569611281000000,64484,0.1,-0.027,0.986,-0.65,-0.49,0.16,1,imu01,fusion_20260818T183239Z,2936,64484312,569611269195550
569611296000000,64504,0.119,-0.03,0.982,0.18,0.04,0.0,1,imu01,fusion_20260818T183239Z,2937,64504309,569611289192164
569611312000000,64524,0.116,-0.023,1.002,0.38,0.11,-0.23,1,imu01,fusion_20260818T183239Z,2938,64524312,569611309194777
569611343000000,64544,0.108,-0.021,0.998,0.39,0.57,-0.1,1,imu01,fusion_20260818T183239Z,2939,64544309,569611329191391
569611359000000,64564,0.122,-0.03,1.004,0.77,0.29,-0.39,1,imu01,fusion_20260818T183239Z,2940,64564312,569611349194005
569611375000000,64584,0.12,-0.024,1.019,0.03,-0.17,-0.35,1,imu01,fusion_20260818T183239Z,2941,64584309,569611369190619
569611390000000,64604,0.117,-0.032,1.005,-0.11,-0.72,-0.83,1,imu01,fusion_20260818T183239Z,2942,64604312,569611389193232
569611421000000,64624,0.11,-0.026,1.003,-0.13,-2.27,-1.03,1,imu01,fusion_20260818T183239Z,2943,64624309,569611409189846
569611437000000,64644,0.09,-0.026,0.977,-0.01,-2.29,-0.58,1,imu01,fusion_20260818T183239Z,2944,64644312,569611429192460
569611453000000,64664,0.093,-0.018,0.978,0.34,-1.09,-0.26,1,imu01,fusion_20260818T183239Z,2945,64664309,569611449189074
569611484000000,64684,0.111,-0.012,0.998,0.62,0.49,-0.18,1,imu01,fusion_20260818T183239Z,2946,64684312,569611469191688
569611500000000,64704,0.1,-0.013,0.992,0.96,2.37,-0.56,1,imu01,fusion_20260818T183239Z,2947,64704309,569611489188302
569611515000000,64724,0.106,-0.011,1.021,0.06,1.35,-0.17,1,imu01,fusion_20260818T183239Z,2948,64724312,569611509190915
569611531000000,64744,0.099,-0.023,1.013,-0.41,0.2,0.58,1,imu01,fusion_20260818T183239Z,2949,64744309,569611529187529
569611562000000,64764,0.106,-0.03,0.992,-0.42,-1.26,0.63,1,imu01,fusion_20260818T183239Z,2950,64764312,569611549190143
569611578000000,64784,0.104,-0.021,1.0,0.17,-0.54,0.71,1,imu01,fusion_20260818T183239Z,2951,64784309,569611569186757
569611593000000,64804,0.121,-0.019,1.002,0.22,0.02,1.14,1,imu01,fusion_20260818T183239Z,2952,64804312,569611589189371
569611625000000,64824,0.12,-0.029,0.987,0.42,0.19,0.81,1,imu01,fusion_20260818T183239Z,2953,64824309,569611609185984
569611640000000,64844,0.097,-0.023,0.995,-0.33,-0.17,0.53,1,imu01,fusion_20260818T183239Z,2954,64844312,569611629188598
569611656000000,64864,0.111,-0.015,0.979,-0.49,0.45,0.49,1,imu01,fusion_20260818T183239Z,2955,64864309,569611649185212
569611671000000,64884,0.11,-0.014,0.986,-0.09,0.58,0.39,1,imu01,fusion_20260818T183239Z,2956,64884312,569611669187826
569611703000000,64904,0.122,-0.017,0.999,0.09,1.88,0.65,1,imu01,fusion_20260818T183239Z,2957,64904309,569611689184440
569611718000000,64924,0.121,-0.035,1.006,-0.05,1.38,0.85,1,imu01,fusion_20260818T183239Z,2958,64924312,569611709187054
569611734000000,64944,0.111,-0.023,1.007,0.39,1.15,0.42,1,imu01,fusion_20260818T183239Z,2959,64944309,569611729183668
569611765000000,64964,0.121,-0.02,1.004,0.24,-1.2,0.29,1,imu01,fusion_20260818T183239Z,2960,64964312,569611749186281
569611781000000,64984,0.117,-0.035,0.995,0.14,-0.87,0.21,1,imu01,fusion_20260818T183239Z,2961,64984309,569611769182895
569611796000000,65004,0.129,-0.025,0.997,-0.08,-1.01,0.07,1,imu01,fusion_20260818T183239Z,2962,65004312,569611789185509
569611812000000,65024,0.104,-0.006,0.993,0.22,-0.42,-0.42,1,imu01,fusion_20260818T183239Z,2963,65024309,569611809182123
569611843000000,65044,0.119,-0.021,0.996,-0.35,0.21,-0.09,1,imu01,fusion_20260818T183239Z,2964,65044312,569611829184736
569611859000000,65064,0.104,-0.016,1.002,0.16,0.31,-0.58,1,imu01,fusion_20260818T183239Z,2965,65064309,569611849181350
569611875000000,65084,0.116,-0.02,0.984,-0.4,0.23,-0.56,1,imu01,fusion_20260818T183239Z,2966,65084312,569611869183964
569611890000000,65104,0.103,-0.009,1.001,-0.57,1.62,-0.27,1,imu01,fusion_20260818T183239Z,2967,65104309,569611889180578
569611921000000,65124,0.096,-0.004,1.012,-0.66,1.05,0.16,1,imu01,fusion_20260818T183239Z,2968,65124312,569611909183192
569611937000000,65144,0.119,-0.019,1.009,-0.55,1.04,0.96,1,imu01,fusion_20260818T183239Z,2969,65144309,569611929179806
569611953000000,65164,0.098,-0.021,0.995,-0.55,1.16,1.63,1,imu01,fusion_20260818T183239Z,2970,65164312,569611949182419
569611984000000,65184,0.11,-0.027,0.992,-0.83,1.29,2.07,1,imu01,fusion_20260818T183239Z,2971,65184309,569611969179033
569612000000000,65204,0.102,-0.029,1.001,-0.36,-0.03,1.68,1,imu01,fusion_20260818T183239Z,2972,65204312,569611989181647
569612015000000,65224,0.12,-0.038,0.999,-0.49,0.24,1.75,1,imu01,fusion_20260818T183239Z,2973,65224309,569612009178261
569612031000000,65244,0.109,-0.024,1.002,-0.38,1.24,1.32,1,imu01,fusion_20260818T183239Z,2974,65244312,569612029180875
569612062000000,65264,0.107,-0.04,1.002,-0.51,0.53,1.49,1,imu01,fusion_20260818T183239Z,2975,65264309,569612049177488
569612078000000,65284,0.108,-0.03,0.993,-0.62,1.65,1.13,1,imu01,fusion_20260818T183239Z,2976,65284312,569612069180102
569612093000000,65304,0.113,-0.031,1.021,-0.68,0.45,0.46,1,imu01,fusion_20260818T183239Z,2977,65304309,569612089176716
569612125000000,65324,0.118,-0.021,1.0,0.09,-0.15,-0.22,1,imu01,fusion_20260818T183239Z,2978,65324312,569612109179330
569612140000000,65344,0.116,-0.03,0.998,-0.18,-0.6,-0.4,1,imu01,fusion_20260818T183239Z,2979,65344309,569612129175944
569612156000000,65364,0.113,-0.028,0.996,-0.42,0.41,-0.74,1,imu01,fusion_20260818T183239Z,2980,65364312,569612149178558
569612171000000,65384,0.098,-0.013,1.0,-0.07,0.4,-0.9,1,imu01,fusion_20260818T183239Z,2981,65384309,569612169175171
569612203000000,65404,0.107,-0.01,0.987,0.12,1.65,-0.58,1,imu01,fusion_20260818T183239Z,2982,65404312,569612189177785
569612218000000,65424,0.098,-0.019,1.005,0.0,2.0,-0.09,1,imu01,fusion_20260818T183239Z,2983,65424309,569612209174399
569612234000000,65444,0.108,-0.022,1.009,-0.42,1.65,0.42,1,imu01,fusion_20260818T183239Z,2984,65444312,569612229177013
569612265000000,65464,0.095,-0.039,1.0,-0.97,0.13,0.89,1,imu01,fusion_20260818T183239Z,2985,65464309,569612249173627
569612281000000,65484,0.106,-0.028,1.001,-1.16,-0.43,0.94,1,imu01,fusion_20260818T183239Z,2986,65484312,569612269176240
569612296000000,65504,0.096,-0.02,0.992,-0.42,0.31,0.43,1,imu01,fusion_20260818T183239Z,2987,65504309,569612289172854
569612312000000,65524,0.106,-0.028,1.004,-0.22,1.48,0.27,1,imu01,fusion_20260818T183239Z,2988,65524312,569612309175468
569612343000000,65544,0.107,-0.027,1.0,0.09,-0.1,-0.09,1,imu01,fusion_20260818T183239Z,2989,65544309,569612329172082
569612359000000,65564,0.112,-0.027,0.987,0.25,-0.96,-0.3,1,imu01,fusion_20260818T183239Z,2990,65564312,569612349174696
569612375000000,65584,0.101,-0.019,1.002,0.25,-0.64,-0.7,1,imu01,fusion_20260818T183239Z,2991,65584309,569612369171310
569612406000000,65604,0.104,-0.029,0.994,0.25,-0.06,-0.37,1,imu01,fusion_20260818T183239Z,2992,65604312,569612389173923
569612421000000,65624,0.107,-0.024,0.997,0.43,0.73,-0.34,1,imu01,fusion_20260818T183239Z,2993,65624309,569612409170537
569612437000000,65644,0.098,-0.026,0.999,0.44,-0.57,-0.22,1,imu01,fusion_20260818T183239Z,2994,65644312,569612429173151
569612453000000,65664,0.105,-0.023,1.002,0.48,-0.73,0.06,1,imu01,fusion_20260818T183239Z,2995,65664309,569612449169765
569612484000000,65684,0.11,-0.034,1.002,0.16,-1.15,0.08,1,imu01,fusion_20260818T183239Z,2996,65684312,569612469172379
569612500000000,65704,0.103,-0.027,0.993,0.28,0.01,-0.04,1,imu01,fusion_20260818T183239Z,2997,65704309,569612489168992
569612515000000,65724,0.111,-0.027,0.983,-0.04,-0.38,-0.09,1,imu01,fusion_20260818T183239Z,2998,65724312,569612509171606
569612531000000,65744,0.1,-0.028,0.99,-0.23,0.11,-0.1,1,imu01,fusion_20260818T183239Z,2999,65744309,569612529168220
569612562000000,65764,0.101,-0.028,0.989,-0.65,-0.9,-0.17,1,imu01,fusion_20260818T183239Z,3000,65764312,569612549170834
569612578000000,65784,0.104,-0.025,1.003,-0.41,0.13,-0.06,1,imu01,fusion_20260818T183239Z,3001,65784309,569612569167448
569612593000000,65804,0.107,-0.025,1.003,-0.08,0.71,0.26,1,imu01,fusion_20260818T183239Z,3002,65804312,569612589170062
569612625000000,65824,0.111,-0.021,1.008,0.35,1.1,0.17,1,imu01,fusion_20260818T183239Z,3003,65824309,569612609166675
569612640000000,65844,0.097,-0.019,0.994,0.28,-1.9,-0.42,1,imu01,fusion_20260818T183239Z,3004,65844312,569612629169289
569612656000000,65864,0.11,-0.03,0.996,-0.47,-1.64,0.49,1,imu01,fusion_20260818T183239Z,3005,65864309,569612649165903
569612671000000,65884,0.102,-0.021,0.981,0.18,-1.36,0.07,1,imu01,fusion_20260818T183239Z,3006,65884312,569612669168517
569612703000000,65904,0.109,-0.027,0.995,0.29,0.1,-0.39,1,imu01,fusion_20260818T183239Z,3007,65904309,569612689165131
569612718000000,65924,0.095,-0.025,0.989,0.61,-1.1,-0.86,1,imu01,fusion_20260818T183239Z,3008,65924312,569612709167744
569612734000000,65944,0.112,-0.021,1.007,0.25,0.13,-0.58,1,imu01,fusion_20260818T183239Z,3009,65944309,569612729164358
569612765000000,65964,0.101,-0.019,0.996,0.25,-0.09,-0.39,1,imu01,fusion_20260818T183239Z,3010,65964311,569612749165972
569612781000000,65984,0.11,-0.025,1.005,0.4,-0.47,0.02,1,imu01,fusion_20260818T183239Z,3011,65984309,569612769163586
569612796000000,66004,0.108,-0.026,0.998,0.55,-0.44,0.19,1,imu01,fusion_20260818T183239Z,3012,66004312,569612789166200
569612812000000,66024,0.107,-0.026,0.999,0.48,-0.1,0.31,1,imu01,fusion_20260818T183239Z,3013,66024309,569612809162814
569612843000000,66044,0.105,-0.02,0.987,0.43,-0.85,0.13,1,imu01,fusion_20260818T183239Z,3014,66044312,569612829165427
569612859000000,66064,0.107,-0.026,0.984,0.46,-0.26,0.07,1,imu01,fusion_20260818T183239Z,3015,66064309,569612849162041
569612875000000,66084,0.106,-0.031,0.991,-0.07,0.84,0.23,1,imu01,fusion_20260818T183239Z,3016,66084312,569612869164655
569612890000000,66104,0.107,-0.019,1.016,-0.03,1.3,-0.36,1,imu01,fusion_20260818T183239Z,3017,66104309,569612889161269
569612921000000,66124,0.107,-0.024,1.011,-0.2,0.09,0.22,1,imu01,fusion_20260818T183239Z,3018,66124312,569612909163883
569612937000000,66144,0.106,-0.028,1.002,-0.16,-1.4,0.72,1,imu01,fusion_20260818T183239Z,3019,66144309,569612929160496
569612953000000,66164,0.11,-0.028,0.995,-0.49,-1.22,0.75,1,imu01,fusion_20260818T183239Z,3020,66164312,569612949163110
569612984000000,66184,0.108,-0.025,0.989,0.25,-0.42,0.23,1,imu01,fusion_20260818T183239Z,3021,66184309,569612969159724
569613000000000,66204,0.11,-0.026,0.983,0.57,-1.37,0.12,1,imu01,fusion_20260818T183239Z,3022,66204312,569612989162338
569613015000000,66224,0.112,-0.033,0.991,0.07,-1.01,0.15,1,imu01,fusion_20260818T183239Z,3023,66224309,569613009158952
569613031000000,66244,0.111,-0.03,0.993,0.14,-0.53,-0.52,1,imu01,fusion_20260818T183239Z,3024,66244312,569613029161566
569613062000000,66264,0.113,-0.024,1.008,-0.16,-0.57,-0.8,1,imu01,fusion_20260818T183239Z,3025,66264309,569613049158179
569613078000000,66284,0.103,-0.013,1.011,-0.02,-0.69,-0.57,1,imu01,fusion_20260818T183239Z,3026,66284312,569613069160793
569613093000000,66304,0.115,-0.013,1.01,0.18,-0.12,0.09,1,imu01,fusion_20260818T183239Z,3027,66304309,569613089157407
569613125000000,66324,0.098,-0.01,0.992,1.46,-1.18,-0.12,1,imu01,fusion_20260818T183239Z,3028,66324312,569613109160021
569613140000000,66344,0.104,-0.021,0.979,1.92,-0.91,0.35,1,imu01,fusion_20260818T183239Z,3029,66344309,569613129156635
569613156000000,66364,0.097,-0.011,0.978,1.35,-0.62,0.64,1,imu01,fusion_20260818T183239Z,3030,66364312,569613149159248
569613171000000,66384,0.109,-0.021,0.991,0.35,-0.26,1.23,1,imu01,fusion_20260818T183239Z,3031,66384309,569613169155862
569613203000000,66404,0.11,-0.023,0.995,1.24,0.06,1.12,1,imu01,fusion_20260818T183239Z,3032,66404312,569613189158476
569613218000000,66424,0.106,-0.024,1.008,1.57,-0.13,0.78,1,imu01,fusion_20260818T183239Z,3033,66424309,569613209155090
569613234000000,66444,0.108,-0.019,0.992,1.53,-0.06,0.23,1,imu01,fusion_20260818T183239Z,3034,66444312,569613229157704
569613265000000,66464,0.109,-0.029,1.005,0.82,-0.52,0.9,1,imu01,fusion_20260818T183239Z,3035,66464309,569613249154318
569613281000000,66484,0.116,-0.034,1.012,0.72,-1.48,0.62,1,imu01,fusion_20260818T183239Z,3036,66484312,569613269156931
569613296000000,66504,0.121,-0.03,1.009,1.18,-1.55,-0.04,1,imu01,fusion_20260818T183239Z,3037,66504309,569613289153545
569613312000000,66524,0.119,-0.029,1.006,0.8,-1.54,0.04,1,imu01,fusion_20260818T183239Z,3038,66524312,569613309156159
569613343000000,66544,0.119,-0.035,0.995,0.42,-2.21,-0.01,1,imu01,fusion_20260818T183239Z,3039,66544309,569613329152773
569613359000000,66564,0.123,-0.033,0.986,0.15,-2.9,-0.82,1,imu01,fusion_20260818T183239Z,3040,66564312,569613349155387
569613375000000,66584,0.117,-0.033,0.988,-0.06,-4.71,-1.8,1,imu01,fusion_20260818T183239Z,3041,66584309,569613369152000
569613406000000,66604,0.125,-0.041,0.987,-0.27,-2.72,-1.72,1,imu01,fusion_20260818T183239Z,3042,66604312,569613389154614
569613421000000,66624,0.111,-0.026,0.988,-0.49,-0.31,-2.02,1,imu01,fusion_20260818T183239Z,3043,66624309,569613409151228
569613437000000,66644,0.116,-0.015,1.01,-0.93,-0.37,-2.26,1,imu01,fusion_20260818T183239Z,3044,66644312,569613429153842
569613453000000,66664,0.113,-0.009,0.999,-0.73,-1.92,-1.67,1,imu01,fusion_20260818T183239Z,3045,66664309,569613449150456
569613484000000,66684,0.122,-0.018,0.999,-0.3,-1.53,-0.84,1,imu01,fusion_20260818T183239Z,3046,66684312,569613469153070
