host_monotonic_ns,t_ms,ax_g,ay_g,az_g,gx_dps,gy_dps,gz_dps,schema_version,device_id,session_id,sequence,device_timestamp_us,host_capture_monotonic_ns
569174359000000,14215,-0.291,0.317,0.9,0.49,0.25,0.12,1,imu01,fusion_20260818T182612Z,122,14215347,569174349086327
569174375000000,14235,-0.287,0.316,0.9,-0.44,-0.02,0.03,1,imu01,fusion_20260818T182612Z,123,14235345,569174369083896
569174406000000,14255,-0.29,0.314,0.908,0.17,-0.04,0.03,1,imu01,fusion_20260818T182612Z,124,14255348,569174389086466
569174421000000,14275,-0.288,0.312,0.9,-0.22,-0.25,-0.06,1,imu01,fusion_20260818T182612Z,125,14275345,569174409083035
569174437000000,14295,-0.287,0.315,0.904,0.13,0.29,0.02,1,imu01,fusion_20260818T182612Z,126,14295348,569174429085604
569174453000000,14315,-0.291,0.31,0.891,-0.17,0.0,0.28,1,imu01,fusion_20260818T182612Z,127,14315345,569174449082174
569174484000000,14335,-0.291,0.315,0.901,0.06,0.0,-0.09,1,imu01,fusion_20260818T182612Z,128,14335348,569174469084743
569174500000000,14355,-0.289,0.313,0.9,-0.1,-0.14,-0.1,1,imu01,fusion_20260818T182612Z,129,14355345,569174489081313
569174515000000,14375,-0.288,0.316,0.902,-0.21,0.03,-0.04,1,imu01,fusion_20260818T182612Z,130,14375348,569174509083882
569174546000000,14395,-0.288,0.314,0.902,0.03,-0.07,0.26,1,imu01,fusion_20260818T182612Z,131,14395345,569174529080452
569174562000000,14415,-0.285,0.311,0.903,-0.11,0.0,0.03,1,imu01,fusion_20260818T182612Z,132,14415348,569174549083021
569174578000000,14435,-0.293,0.315,0.901,0.05,-0.03,-0.04,1,imu01,fusion_20260818T182612Z,133,14435345,569174569079590
569174593000000,14455,-0.289,0.311,0.904,-0.11,0.24,-0.03,1,imu01,fusion_20260818T182612Z,134,14455348,569174589082160
569174625000000,14475,-0.289,0.316,0.894,-0.1,-0.15,-0.04,1,imu01,fusion_20260818T182612Z,135,14475345,569174609078729
569174640000000,14495,-0.29,0.311,0.9,-0.11,-0.03,0.02,1,imu01,fusion_20260818T182612Z,136,14495348,569174629081299
569174656000000,14515,-0.285,0.313,0.897,0.15,-0.23,0.01,1,imu01,fusion_20260818T182612Z,137,14515345,569174649077868
569174671000000,14535,-0.286,0.312,0.904,-0.01,0.12,-0.05,1,imu01,fusion_20260818T182612Z,138,14535348,569174669080438
569174703000000,14555,-0.288,0.313,0.904,-0.04,-0.14,-0.06,1,imu01,fusion_20260818T182612Z,139,14555345,569174689077007
569174718000000,14575,-0.288,0.315,0.908,-0.12,-0.11,0.07,1,imu01,fusion_20260818T182612Z,140,14575348,569174709079576
569174734000000,14595,-0.29,0.312,0.904,0.06,0.19,0.12,1,imu01,fusion_20260818T182612Z,141,14595345,569174729076146
569174765000000,14615,-0.288,0.313,0.894,-0.07,0.03,0.06,1,imu01,fusion_20260818T182612Z,142,14615348,569174749078715
569174781000000,14635,-0.287,0.315,0.904,0.04,0.03,-0.16,1,imu01,fusion_20260818T182612Z,143,14635345,569174769075285
569174796000000,14655,-0.291,0.316,0.903,0.12,-0.1,-0.04,1,imu01,fusion_20260818T182612Z,144,14655348,569174789077854
569174812000000,14675,-0.284,0.315,0.905,0.0,0.2,-0.07,1,imu01,fusion_20260818T182612Z,145,14675345,569174809074424
569174843000000,14695,-0.29,0.314,0.905,-0.05,-0.08,0.21,1,imu01,fusion_20260818T182612Z,146,14695348,569174829076993
569174859000000,14715,-0.29,0.315,0.898,-0.22,0.02,0.05,1,imu01,fusion_20260818T182612Z,147,14715345,569174849073562
569174875000000,14735,-0.29,0.312,0.902,0.03,-0.16,-0.04,1,imu01,fusion_20260818T182612Z,148,14735348,569174869076132
569174906000000,14755,-0.286,0.313,0.902,0.03,0.31,0.06,1,imu01,fusion_20260818T182612Z,149,14755345,569174889072701
569174921000000,14775,-0.29,0.315,0.898,0.51,0.09,0.07,1,imu01,fusion_20260818T182612Z,150,14775348,569174909075270
569174937000000,14795,-0.288,0.315,0.896,-0.21,-0.03,0.05,1,imu01,fusion_20260818T182612Z,151,14795345,569174929071840
569174953000000,14815,-0.291,0.315,0.896,0.84,0.23,-0.13,1,imu01,fusion_20260818T182612Z,152,14815348,569174949074409
569174984000000,14835,-0.291,0.313,0.9,-1.01,-0.2,0.03,1,imu01,fusion_20260818T182612Z,153,14835345,569174969070979
569175000000000,14855,-0.289,0.312,0.9,-1.48,-0.63,0.13,1,imu01,fusion_20260818T182612Z,154,14855348,569174989073548
569175015000000,14875,-0.291,0.319,0.909,0.88,0.4,0.0,1,imu01,fusion_20260818T182612Z,155,14875345,569175009070118
569175046000000,14895,-0.288,0.315,0.905,-0.35,-0.14,0.22,1,imu01,fusion_20260818T182612Z,156,14895348,569175029072687
569175062000000,14915,-0.285,0.316,0.894,-1.04,-0.24,0.02,1,imu01,fusion_20260818T182612Z,157,14915345,569175049069256
569175078000000,14935,-0.291,0.311,0.916,1.96,0.73,-0.38,1,imu01,fusion_20260818T182612Z,158,14935348,569175069071826
569175093000000,14955,-0.291,0.315,0.894,-1.76,-0.81,0.19,1,imu01,fusion_20260818T182612Z,159,14955345,569175089068395
569175125000000,14975,-0.284,0.316,0.91,1.68,0.74,-0.14,1,imu01,fusion_20260818T182612Z,160,14975347,569175109069965
569175140000000,14995,-0.287,0.319,0.893,-0.94,-0.24,0.23,1,imu01,fusion_20260818T182612Z,161,14995345,569175129067534
569175156000000,15015,-0.287,0.311,0.905,1.32,0.44,-0.31,1,imu01,fusion_20260818T182612Z,162,15015348,569175149070104
569175171000000,15035,-0.287,0.313,0.909,-0.31,-0.37,0.01,1,imu01,fusion_20260818T182612Z,163,15035345,569175169066673
569175203000000,15055,-0.293,0.317,0.912,0.35,0.28,-0.08,1,imu01,fusion_20260818T182612Z,164,15055348,569175189069242
569175218000000,15075,-0.291,0.313,0.903,-0.36,-0.23,0.32,1,imu01,fusion_20260818T182612Z,165,15075345,569175209065812
569175234000000,15095,-0.293,0.316,0.901,-0.21,-0.08,-0.06,1,imu01,fusion_20260818T182612Z,166,15095348,569175229068381
569175265000000,15115,-0.288,0.316,0.902,-0.03,-0.27,-0.07,1,imu01,fusion_20260818T182612Z,167,15115345,569175249064951
569175281000000,15135,-0.285,0.308,0.901,0.17,0.27,-0.14,1,imu01,fusion_20260818T182612Z,168,15135348,569175269067520
569175296000000,15155,-0.287,0.317,0.899,0.03,-0.04,-0.06,1,imu01,fusion_20260818T182612Z,169,15155345,569175289064090
569175312000000,15175,-0.294,0.314,0.901,-0.04,0.06,0.06,1,imu01,fusion_20260818T182612Z,170,15175348,569175309066659
569175343000000,15195,-0.291,0.316,0.906,0.45,0.19,0.01,1,imu01,fusion_20260818T182612Z,171,15195345,569175329063228
569175359000000,15215,-0.29,0.317,0.907,-0.23,0.06,0.0,1,imu01,fusion_20260818T182612Z,172,15215347,569175349064798
569175375000000,15235,-0.288,0.317,0.9,-0.24,-0.21,-0.1,1,imu01,fusion_20260818T182612Z,173,15235345,569175369062367
569175406000000,15255,-0.288,0.312,0.899,-0.17,-0.14,0.08,1,imu01,fusion_20260818T182612Z,174,15255348,569175389064936
569175421000000,15275,-0.287,0.312,0.902,-0.07,0.03,0.08,1,imu01,fusion_20260818T182612Z,175,15275345,569175409061506
569175437000000,15295,-0.291,0.315,0.902,0.19,0.21,0.02,1,imu01,fusion_20260818T182612Z,176,15295348,569175429064075
569175453000000,15315,-0.289,0.317,0.899,0.02,-0.07,-0.07,1,imu01,fusion_20260818T182612Z,177,15315345,569175449060645
569175484000000,15335,-0.286,0.31,0.898,0.39,-0.02,-0.17,1,imu01,fusion_20260818T182612Z,178,15335348,569175469063214
569175500000000,15355,-0.289,0.317,0.898,0.25,0.22,0.09,1,imu01,fusion_20260818T182612Z,179,15355345,569175489059784
569175515000000,15375,-0.29,0.315,0.903,-0.04,0.06,0.29,1,imu01,fusion_20260818T182612Z,180,15375348,569175509062353
569175546000000,15395,-0.292,0.318,0.904,-0.08,-0.04,-0.06,1,imu01,fusion_20260818T182612Z,181,15395345,569175529058922
569175562000000,15415,-0.288,0.318,0.894,-0.2,-0.35,-0.17,1,imu01,fusion_20260818T182612Z,182,15415348,569175549061492
569175578000000,15435,-0.288,0.309,0.908,0.06,0.2,-0.01,1,imu01,fusion_20260818T182612Z,183,15435345,569175569058061
569175593000000,15455,-0.289,0.312,0.901,0.22,0.08,0.13,1,imu01,fusion_20260818T182612Z,184,15455348,569175589060631
569175625000000,15475,-0.29,0.315,0.903,0.48,0.25,-0.04,1,imu01,fusion_20260818T182612Z,185,15475345,569175609057200
569175640000000,15495,-0.294,0.313,0.902,0.15,-0.12,-0.14,1,imu01,fusion_20260818T182612Z,186,15495348,569175629059770
569175656000000,15515,-0.29,0.321,0.914,1.1,0.64,-0.17,1,imu01,fusion_20260818T182612Z,187,15515345,569175649056339
569175671000000,15535,-0.288,0.316,0.903,-1.16,-0.52,0.06,1,imu01,fusion_20260818T182612Z,188,15535348,569175669058908
569175703000000,15555,-0.289,0.315,0.897,-0.27,-0.09,0.09,1,imu01,fusion_20260818T182612Z,189,15555345,569175689055478
569175718000000,15575,-0.282,0.312,0.902,-0.27,-0.14,0.13,1,imu01,fusion_20260818T182612Z,190,15575348,569175709058047
569175734000000,15595,-0.291,0.314,0.901,0.15,0.25,-0.07,1,imu01,fusion_20260818T182612Z,191,15595345,569175729054617
569175765000000,15615,-0.287,0.316,0.906,-0.07,-0.01,-0.13,1,imu01,fusion_20260818T182612Z,192,15615348,569175749057186
569175781000000,15635,-0.29,0.312,0.905,0.08,-0.08,-0.06,1,imu01,fusion_20260818T182612Z,193,15635345,569175769053755
569175796000000,15655,-0.285,0.316,0.899,0.02,0.23,0.09,1,imu01,fusion_20260818T182612Z,194,15655348,569175789056325
569175812000000,15675,-0.286,0.318,0.898,-0.12,-0.04,0.02,1,imu01,fusion_20260818T182612Z,195,15675345,569175809052894
569175843000000,15695,-0.292,0.319,0.901,-0.13,-0.04,-0.17,1,imu01,fusion_20260818T182612Z,196,15695348,569175829055464
569175859000000,15715,-0.289,0.315,0.901,0.12,-0.15,-0.13,1,imu01,fusion_20260818T182612Z,197,15715345,569175849052033
569175875000000,15735,-0.289,0.318,0.896,0.1,0.2,-0.07,1,imu01,fusion_20260818T182612Z,198,15735348,569175869054602
569175906000000,15755,-0.288,0.312,0.908,-0.01,-0.15,0.13,1,imu01,fusion_20260818T182612Z,199,15755345,569175889051172
569175921000000,15775,-0.285,0.312,0.906,-0.29,-0.08,-0.03,1,imu01,fusion_20260818T182612Z,200,15775348,569175909053741
569175937000000,15795,-0.29,0.315,0.898,-0.4,-0.33,-0.08,1,imu01,fusion_20260818T182612Z,201,15795345,569175929050311
569175953000000,15815,-0.287,0.316,0.903,-0.3,0.21,-0.07,1,imu01,fusion_20260818T182612Z,202,15815348,569175949052880
569175984000000,15835,-0.293,0.315,0.903,1.78,0.6,-0.13,1,imu01,fusion_20260818T182612Z,203,15835345,569175969049450
569176000000000,15855,-0.292,0.312,0.891,-1.39,-0.6,0.25,1,imu01,fusion_20260818T182612Z,204,15855348,569175989052019
569176015000000,15875,-0.291,0.314,0.901,0.21,0.03,0.03,1,imu01,fusion_20260818T182612Z,205,15875345,569176009048588
569176031000000,15895,-0.291,0.315,0.899,0.35,0.42,-0.17,1,imu01,fusion_20260818T182612Z,206,15895348,569176029051158
569176062000000,15915,-0.29,0.315,0.922,-0.33,-0.26,-0.16,1,imu01,fusion_20260818T182612Z,207,15915345,569176049047727
569176078000000,15935,-0.289,0.31,0.875,-3.26,-1.33,0.48,1,imu01,fusion_20260818T182612Z,208,15935348,569176069050297
569176093000000,15955,-0.284,0.318,0.916,4.54,2.01,-0.46,1,imu01,fusion_20260818T182612Z,209,15955345,569176089046866
569176125000000,15975,-0.289,0.317,0.899,-3.11,-1.12,0.41,1,imu01,fusion_20260818T182612Z,210,15975348,569176109049435
569176140000000,15995,-0.283,0.321,0.911,1.41,0.65,-0.35,1,imu01,fusion_20260818T182612Z,211,15995345,569176129046005
569176156000000,16015,-0.291,0.312,0.885,-2.0,-0.89,0.2,1,imu01,fusion_20260818T182612Z,212,16015348,569176149048574
569176171000000,16035,-0.287,0.314,0.907,0.7,0.43,-0.07,1,imu01,fusion_20260818T182612Z,213,16035345,569176169045144
569176203000000,16055,-0.289,0.313,0.889,-1.33,-0.6,0.22,1,imu01,fusion_20260818T182612Z,214,16055348,569176189047713
569176218000000,16075,-0.289,0.315,0.906,2.2,1.01,-0.26,1,imu01,fusion_20260818T182612Z,215,16075345,569176209044282
569176234000000,16095,-0.288,0.314,0.897,-0.96,-0.53,0.09,1,imu01,fusion_20260818T182612Z,216,16095348,569176229046852
569176265000000,16115,-0.291,0.318,0.905,0.82,0.56,-0.2,1,imu01,fusion_20260818T182612Z,217,16115345,569176249043421
569176281000000,16135,-0.289,0.31,0.893,-0.46,-0.28,0.23,1,imu01,fusion_20260818T182612Z,218,16135348,569176269045991
569176296000000,16155,-0.288,0.314,0.91,0.21,0.03,0.11,1,imu01,fusion_20260818T182612Z,219,16155345,569176289042560
569176312000000,16175,-0.289,0.313,0.902,-0.59,-0.4,0.07,1,imu01,fusion_20260818T182612Z,220,16175348,569176309045130
569176343000000,16195,-0.286,0.318,0.901,-0.05,0.15,-0.04,1,imu01,fusion_20260818T182612Z,221,16195345,569176329041699
569176359000000,16215,-0.288,0.315,0.896,-0.65,-0.32,0.08,1,imu01,fusion_20260818T182612Z,222,16215348,569176349044268
569176375000000,16235,-0.291,0.313,0.906,0.22,0.12,-0.05,1,imu01,fusion_20260818T182612Z,223,16235345,569176369040838
569176406000000,16255,-0.288,0.312,0.902,-0.08,-0.02,0.11,1,imu01,fusion_20260818T182612Z,224,16255348,569176389043407
569176421000000,16275,-0.287,0.311,0.898,0.12,0.3,-0.04,1,imu01,fusion_20260818T182612Z,225,16275345,569176409039977
569176437000000,16295,-0.286,0.317,0.908,0.05,0.06,-0.09,1,imu01,fusion_20260818T182612Z,226,16295348,569176429042546
569176453000000,16315,-0.286,0.317,0.899,0.09,-0.09,0.02,1,imu01,fusion_20260818T182612Z,227,16315345,569176449039116
569176484000000,16335,-0.29,0.315,0.898,0.14,0.19,0.11,1,imu01,fusion_20260818T182612Z,228,16335348,569176469041685
569176500000000,16355,-0.289,0.315,0.902,-0.11,0.02,0.03,1,imu01,fusion_20260818T182612Z,229,16355345,569176489038254
569176515000000,16375,-0.289,0.314,0.908,0.28,0.11,-0.24,1,imu01,fusion_20260818T182612Z,230,16375348,569176509040824
569176546000000,16395,-0.289,0.318,0.905,0.08,-0.09,-0.15,1,imu01,fusion_20260818T182612Z,231,16395345,569176529037393
569176562000000,16415,-0.289,0.318,0.902,0.29,0.3,0.03,1,imu01,fusion_20260818T182612Z,232,16415348,569176549039962
569176578000000,16435,-0.289,0.314,0.896,-0.51,-0.23,0.3,1,imu01,fusion_20260818T182612Z,233,16435345,569176569036532
569176593000000,16455,-0.288,0.315,0.901,-0.46,-0.06,0.12,1,imu01,fusion_20260818T182612Z,234,16455348,569176589039101
569176625000000,16475,-0.291,0.311,0.902,0.81,0.19,-0.14,1,imu01,fusion_20260818T182612Z,235,16475345,569176609035671
569176640000000,16495,-0.292,0.316,0.894,-0.8,-0.11,0.09,1,imu01,fusion_20260818T182612Z,236,16495348,569176629038240
569176656000000,16515,-0.288,0.317,0.906,0.57,0.15,-0.03,1,imu01,fusion_20260818T182612Z,237,16515345,569176649034810
569176671000000,16535,-0.286,0.317,0.884,-1.51,-0.6,0.22,1,imu01,fusion_20260818T182612Z,238,16535348,569176669037379
569176703000000,16555,-0.288,0.318,0.911,2.12,0.77,-0.19,1,imu01,fusion_20260818T182612Z,239,16555345,569176689033948
569176718000000,16575,-0.288,0.312,0.886,-1.78,-0.49,0.09,1,imu01,fusion_20260818T182612Z,240,16575348,569176709036518
569176734000000,16595,-0.29,0.316,0.909,1.09,0.41,-0.27,1,imu01,fusion_20260818T182612Z,241,16595345,569176729033087
569176765000000,16615,-0.287,0.316,0.9,-0.83,-0.22,0.06,1,imu01,fusion_20260818T182612Z,242,16615348,569176749035657
569176781000000,16635,-0.289,0.308,0.906,0.68,0.44,0.04,1,imu01,fusion_20260818T182612Z,243,16635345,569176769032226
569176796000000,16655,-0.291,0.312,0.893,-0.84,-0.12,0.04,1,imu01,fusion_20260818T182612Z,244,16655348,569176789034796
569176812000000,16675,-0.294,0.314,0.906,0.73,0.29,-0.2,1,imu01,fusion_20260818T182612Z,245,16675345,569176809031365
569176843000000,16695,-0.289,0.316,0.896,-0.41,-0.27,0.08,1,imu01,fusion_20260818T182612Z,246,16695348,569176829033934
569176859000000,16715,-0.286,0.319,0.911,0.46,0.38,-0.02,1,imu01,fusion_20260818T182612Z,247,16715345,569176849030504
569176875000000,16735,-0.287,0.315,0.902,-1.33,-0.43,0.29,1,imu01,fusion_20260818T182612Z,248,16735348,569176869033073
569176906000000,16755,-0.288,0.313,0.904,-0.77,-0.36,-0.01,1,imu01,fusion_20260818T182612Z,249,16755345,569176889029643
569176921000000,16775,-0.286,0.313,0.891,-0.33,-0.36,-0.03,1,imu01,fusion_20260818T182612Z,250,16775348,569176909032212
569176937000000,16795,-0.285,0.314,0.911,1.62,0.64,-0.09,1,imu01,fusion_20260818T182612Z,251,16795345,569176929028782
569176953000000,16815,-0.281,0.316,0.898,-0.87,-0.36,0.3,1,imu01,fusion_20260818T182612Z,252,16815348,569176949031351
569176984000000,16835,-0.289,0.316,0.908,0.22,0.06,0.05,1,imu01,fusion_20260818T182612Z,253,16835345,569176969027920
569177000000000,16855,-0.285,0.309,0.9,-0.81,-0.55,0.03,1,imu01,fusion_20260818T182612Z,254,16855348,569176989030490
569177015000000,16875,-0.287,0.315,0.909,0.42,0.35,-0.12,1,imu01,fusion_20260818T182612Z,255,16875345,569177009027059
569177046000000,16895,-0.289,0.31,0.897,-0.36,-0.22,0.05,1,imu01,fusion_20260818T182612Z,256,16895348,569177029029628
569177062000000,16915,-0.288,0.314,0.904,-0.01,-0.06,-0.01,1,imu01,fusion_20260818T182612Z,257,16915345,569177049026198
569177078000000,16935,-0.287,0.311,0.902,0.15,0.03,0.05,1,imu01,fusion_20260818T182612Z,258,16935348,569177069028767
569177093000000,16955,-0.29,0.316,0.9,0.93,0.52,-0.23,1,imu01,fusion_20260818T182612Z,259,16955345,569177089025337
569177125000000,16975,-0.286,0.314,0.896,0.57,0.28,-0.19,1,imu01,fusion_20260818T182612Z,260,16975348,569177109027906
569177140000000,16995,-0.288,0.317,0.911,0.82,0.35,-0.03,1,imu01,fusion_20260818T182612Z,261,16995345,569177129024476
569177156000000,17015,-0.291,0.315,0.905,-0.29,-0.1,0.17,1,imu01,fusion_20260818T182612Z,262,17015348,569177149027045
569177171000000,17035,-0.288,0.314,0.903,0.32,0.19,0.0,1,imu01,fusion_20260818T182612Z,263,17035345,569177169023614
569177203000000,17055,-0.285,0.315,0.907,-0.44,-0.23,-0.04,1,imu01,fusion_20260818T182612Z,264,17055348,569177189026184
569177218000000,17075,-0.287,0.314,0.904,-0.61,-0.36,0.04,1,imu01,fusion_20260818T182612Z,265,17075345,569177209022753
569177234000000,17095,-0.288,0.311,0.909,0.67,0.4,-0.14,1,imu01,fusion_20260818T182612Z,266,17095348,569177229025323
569177265000000,17115,-0.289,0.313,0.902,-0.08,-0.07,0.24,1,imu01,fusion_20260818T182612Z,267,17115345,569177249021892
569177281000000,17135,-0.289,0.315,0.905,0.19,0.11,-0.05,1,imu01,fusion_20260818T182612Z,268,17135348,569177269024462
569177296000000,17155,-0.291,0.312,0.901,0.02,-0.27,-0.13,1,imu01,fusion_20260818T182612Z,269,17155345,569177289021031
569177312000000,17175,-0.285,0.313,0.91,0.09,0.21,-0.04,1,imu01,fusion_20260818T182612Z,270,17175348,569177309023600
569177343000000,17195,-0.284,0.315,0.899,-0.34,-0.16,0.06,1,imu01,fusion_20260818T182612Z,271,17195345,569177329020170
569177359000000,17215,-0.284,0.311,0.901,0.23,0.1,0.04,1,imu01,fusion_20260818T182612Z,272,17215348,569177349022739
569177375000000,17235,-0.29,0.31,0.903,-0.16,-0.16,0.03,1,imu01,fusion_20260818T182612Z,273,17235345,569177369019309
569177406000000,17255,-0.286,0.315,0.907,0.26,0.38,0.03,1,imu01,fusion_20260818T182612Z,274,17255348,569177389021878
569177421000000,17275,-0.287,0.313,0.891,-0.92,-0.36,0.18,1,imu01,fusion_20260818T182612Z,275,17275345,569177409018448
569177437000000,17295,-0.292,0.316,0.909,1.09,0.49,-0.07,1,imu01,fusion_20260818T182612Z,276,17295348,569177429021017
569177453000000,17315,-0.286,0.314,0.897,-0.39,-0.1,0.22,1,imu01,fusion_20260818T182612Z,277,17315345,569177449017586
569177484000000,17335,-0.287,0.311,0.905,0.43,0.41,-0.15,1,imu01,fusion_20260818T182612Z,278,17335348,569177469020156
569177500000000,17355,-0.291,0.316,0.906,-0.65,-0.39,-0.02,1,imu01,fusion_20260818T182612Z,279,17355345,569177489016725
569177515000000,17375,-0.29,0.315,0.9,0.1,-0.1,-0.03,1,imu01,fusion_20260818T182612Z,280,17375348,569177509019294
569177546000000,17395,-0.284,0.317,0.901,0.36,0.36,0.0,1,imu01,fusion_20260818T182612Z,281,17395345,569177529015864
569177562000000,17415,-0.287,0.312,0.896,-0.06,0.09,0.12,1,imu01,fusion_20260818T182612Z,282,17415348,569177549018433
569177578000000,17435,-0.292,0.315,0.905,-0.03,0.12,-0.14,1,imu01,fusion_20260818T182612Z,283,17435345,569177569015003
569177593000000,17455,-0.293,0.316,0.901,-0.04,-0.23,-0.17,1,imu01,fusion_20260818T182612Z,284,17455348,569177589017572
569177625000000,17475,-0.289,0.314,0.899,-0.14,0.12,-0.1,1,imu01,fusion_20260818T182612Z,285,17475345,569177609014142
569177640000000,17495,-0.288,0.317,0.91,0.42,0.28,-0.1,1,imu01,fusion_20260818T182612Z,286,17495348,569177629016711
569177656000000,17515,-0.289,0.315,0.902,-1.46,-0.51,0.05,1,imu01,fusion_20260818T182612Z,287,17515345,569177649013280
569177687000000,17535,-0.285,0.314,0.898,0.27,-0.14,-0.1,1,imu01,fusion_20260818T182612Z,288,17535348,569177669015850
569177703000000,17555,-0.284,0.317,0.902,1.84,0.87,-0.35,1,imu01,fusion_20260818T182612Z,289,17555345,569177689012419
569177718000000,17575,-0.286,0.314,0.9,-1.78,-0.68,0.36,1,imu01,fusion_20260818T182612Z,290,17575348,569177709014989
569177734000000,17595,-0.286,0.316,0.909,0.98,0.41,-0.07,1,imu01,fusion_20260818T182612Z,291,17595345,569177729011558
569177765000000,17615,-0.289,0.316,0.907,-0.45,-0.33,0.03,1,imu01,fusion_20260818T182612Z,292,17615348,569177749014127
569177781000000,17635,-0.289,0.321,0.908,0.86,0.46,-0.19,1,imu01,fusion_20260818T182612Z,293,17635345,569177769010697
569177796000000,17655,-0.285,0.312,0.885,-1.2,-0.59,-0.01,1,imu01,fusion_20260818T182612Z,294,17655348,569177789013266
569177812000000,17675,-0.289,0.318,0.903,0.64,0.24,-0.07,1,imu01,fusion_20260818T182612Z,295,17675345,569177809009836
569177843000000,17695,-0.289,0.315,0.891,-1.04,-0.3,0.25,1,imu01,fusion_20260818T182612Z,296,17695348,569177829012405
569177859000000,17715,-0.288,0.312,0.894,0.51,0.31,0.0,1,imu01,fusion_20260818T182612Z,297,17715345,569177849008975
569177875000000,17735,-0.285,0.317,0.916,0.67,0.34,-0.22,1,imu01,fusion_20260818T182612Z,298,17735348,569177869011544
569177906000000,17755,-0.287,0.312,0.895,-0.91,-0.39,0.1,1,imu01,fusion_20260818T182612Z,299,17755345,569177889008113
569177921000000,17775,-0.287,0.315,0.916,1.0,0.63,-0.15,1,imu01,fusion_20260818T182612Z,300,17775348,569177909010683
569177937000000,17795,-0.288,0.314,0.894,-1.75,-0.73,0.44,1,imu01,fusion_20260818T182612Z,301,17795345,569177929007252
569177953000000,17815,-0.288,0.317,0.909,0.35,0.12,-0.02,1,imu01,fusion_20260818T182612Z,302,17815348,569177949009822
569177984000000,17835,-0.288,0.315,0.905,-1.22,-0.65,-0.07,1,imu01,fusion_20260818T182612Z,303,17835345,569177969006391
569178000000000,17855,-0.291,0.313,0.902,0.51,0.28,-0.11,1,imu01,fusion_20260818T182612Z,304,17855348,569177989008960
569178015000000,17875,-0.287,0.312,0.911,0.28,0.09,0.13,1,imu01,fusion_20260818T182612Z,305,17875345,569178009005530
569178046000000,17895,-0.285,0.31,0.906,0.12,0.12,0.06,1,imu01,fusion_20260818T182612Z,306,17895348,569178029008099
569178062000000,17915,-0.286,0.317,0.904,0.07,-0.2,-0.04,1,imu01,fusion_20260818T182612Z,307,17915345,569178049004669
569178078000000,17935,-0.288,0.318,0.896,-0.07,0.05,-0.08,1,imu01,fusion_20260818T182612Z,308,17935348,569178069007238
569178093000000,17955,-0.288,0.311,0.902,-0.14,-0.07,0.01,1,imu01,fusion_20260818T182612Z,309,17955345,569178089003808
569178125000000,17975,-0.288,0.314,0.899,-0.79,-0.36,0.07,1,imu01,fusion_20260818T182612Z,310,17975348,569178109006377
569178140000000,17995,-0.288,0.317,0.903,0.28,-0.02,-0.05,1,imu01,fusion_20260818T182612Z,311,17995345,569178129002946
569178156000000,18015,-0.286,0.313,0.9,1.27,0.61,-0.25,1,imu01,fusion_20260818T182612Z,312,18015348,569178149005516
569178171000000,18035,-0.288,0.316,0.906,-0.17,-0.09,0.07,1,imu01,fusion_20260818T182612Z,313,18035345,569178169002085
569178203000000,18055,-0.291,0.315,0.912,0.55,0.22,-0.04,1,imu01,fusion_20260818T182612Z,314,18055348,569178189004654
569178218000000,18075,-0.285,0.31,0.899,-0.88,-0.24,0.17,1,imu01,fusion_20260818T182612Z,315,18075345,569178209001224
569178234000000,18095,-0.286,0.318,0.902,-0.65,-0.04,0.07,1,imu01,fusion_20260818T182612Z,316,18095348,569178229003793
569178265000000,18115,-0.29,0.315,0.902,0.8,0.41,-0.12,1,imu01,fusion_20260818T182612Z,317,18115345,569178249000363
569178281000000,18135,-0.287,0.311,0.9,0.02,-0.06,-0.09,1,imu01,fusion_20260818T182612Z,318,18135348,569178269002932
569178296000000,18155,-0.283,0.316,0.906,0.03,0.2,-0.04,1,imu01,fusion_20260818T182612Z,319,18155345,569178288999502
569178312000000,18175,-0.289,0.313,0.902,-0.11,-0.04,0.2,1,imu01,fusion_20260818T182612Z,320,18175348,569178309002071
569178343000000,18195,-0.29,0.318,0.907,0.33,0.24,-0.02,1,imu01,fusion_20260818T182612Z,321,18195345,569178328998640
569178359000000,18215,-0.287,0.316,0.894,-0.85,-0.59,-0.03,1,imu01,fusion_20260818T182612Z,322,18215348,569178349001210
569178375000000,18235,-0.287,0.319,0.903,0.59,0.25,-0.07,1,imu01,fusion_20260818T182612Z,323,18235345,569178368997779
569178406000000,18255,-0.289,0.317,0.904,0.23,0.06,0.15,1,imu01,fusion_20260818T182612Z,324,18255348,569178389000349
569178421000000,18275,-0.285,0.316,0.897,-0.57,-0.22,0.16,1,imu01,fusion_20260818T182612Z,325,18275345,569178408996918
569178437000000,18295,-0.288,0.309,0.901,0.14,-0.1,-0.01,1,imu01,fusion_20260818T182612Z,326,18295348,569178428999488
569178453000000,18315,-0.288,0.314,0.897,-0.7,-0.23,-0.01,1,imu01,fusion_20260818T182612Z,327,18315345,569178448996057
569178484000000,18335,-0.287,0.308,0.893,-0.03,-0.01,0.01,1,imu01,fusion_20260818T182612Z,328,18335348,569178468998626
569178500000000,18355,-0.288,0.315,0.907,1.61,0.67,-0.14,1,imu01,fusion_20260818T182612Z,329,18355345,569178488995196
569178515000000,18375,-0.288,0.312,0.881,-3.36,-1.38,0.56,1,imu01,fusion_20260818T182612Z,330,18375348,569178508997765
569178531000000,18395,-0.285,0.317,0.919,3.86,1.78,-0.49,1,imu01,fusion_20260818T182612Z,331,18395345,569178528994335
569178562000000,18415,-0.293,0.313,0.892,-0.22,-0.14,-0.11,1,imu01,fusion_20260818T182612Z,332,18415348,569178548996904
569178578000000,18435,-0.291,0.313,0.907,-1.34,-0.67,0.05,1,imu01,fusion_20260818T182612Z,333,18435345,569178568993474
569178593000000,18455,-0.288,0.318,0.906,-0.69,-0.15,0.2,1,imu01,fusion_20260818T182612Z,334,18455348,569178588996043
569178625000000,18475,-0.285,0.309,0.887,-0.42,-0.19,0.17,1,imu01,fusion_20260818T182612Z,335,18475345,569178608992612
569178640000000,18495,-0.287,0.317,0.899,0.27,0.17,-0.13,1,imu01,fusion_20260818T182612Z,336,18495348,569178628995182
569178656000000,18515,-0.286,0.314,0.904,1.25,0.35,-0.23,1,imu01,fusion_20260818T182612Z,337,18515345,569178648991751
569178671000000,18535,-0.287,0.314,0.899,-1.04,-0.3,0.06,1,imu01,fusion_20260818T182612Z,338,18535348,569178668994320
569178703000000,18555,-0.288,0.316,0.922,1.83,0.69,-0.09,1,imu01,fusion_20260818T182612Z,339,18555345,569178688990890
569178718000000,18575,-0.29,0.31,0.894,-1.87,-0.79,0.21,1,imu01,fusion_20260818T182612Z,340,18575348,569178708993459
569178734000000,18595,-0.292,0.315,0.897,0.95,0.21,-0.23,1,imu01,fusion_20260818T182612Z,341,18595345,569178728990029
569178765000000,18615,-0.287,0.317,0.908,0.77,0.41,-0.23,1,imu01,fusion_20260818T182612Z,342,18615348,569178748992598
569178781000000,18635,-0.291,0.311,0.886,-0.81,-0.35,0.07,1,imu01,fusion_20260818T182612Z,343,18635345,569178768989168
569178796000000,18655,-0.291,0.318,0.909,1.9,0.86,-0.08,1,imu01,fusion_20260818T182612Z,344,18655348,569178788991737
569178812000000,18675,-0.289,0.313,0.891,-1.77,-0.83,0.34,1,imu01,fusion_20260818T182612Z,345,18675345,569178808988306
569178843000000,18695,-0.288,0.317,0.907,1.15,0.61,-0.22,1,imu01,fusion_20260818T182612Z,346,18695348,569178828990876
569178859000000,18715,-0.291,0.313,0.898,-0.27,-0.08,-0.03,1,imu01,fusion_20260818T182612Z,347,18715345,569178848987445
569178875000000,18735,-0.288,0.315,0.904,0.05,0.17,0.03,1,imu01,fusion_20260818T182612Z,348,18735348,569178868990015
569178906000000,18755,-0.289,0.315,0.898,-0.05,0.03,0.15,1,imu01,fusion_20260818T182612Z,349,18755345,569178888986584
569178921000000,18775,-0.288,0.313,0.905,1.02,0.67,-0.13,1,imu01,fusion_20260818T182612Z,350,18775348,569178908989154
569178937000000,18795,-0.289,0.313,0.904,-0.61,-0.22,-0.01,1,imu01,fusion_20260818T182612Z,351,18795345,569178928985723
569178953000000,18815,-0.289,0.316,0.903,-0.35,-0.36,0.03,1,imu01,fusion_20260818T182612Z,352,18815348,569178948988292
569178984000000,18835,-0.289,0.313,0.903,-0.25,-0.1,0.09,1,imu01,fusion_20260818T182612Z,353,18835345,569178968984862
569179000000000,18855,-0.289,0.317,0.905,-0.17,0.0,0.21,1,imu01,fusion_20260818T182612Z,354,18855348,569178988987431
569179015000000,18875,-0.29,0.311,0.906,-0.23,-0.1,-0.07,1,imu01,fusion_20260818T182612Z,355,18875345,569179008984001
569179046000000,18895,-0.288,0.31,0.897,-0.49,-0.3,-0.08,1,imu01,fusion_20260818T182612Z,356,18895348,569179028986570
569179062000000,18915,-0.294,0.315,0.906,-0.23,-0.01,-0.1,1,imu01,fusion_20260818T182612Z,357,18915345,569179048983140
569179078000000,18935,-0.289,0.315,0.9,-0.18,-0.13,0.16,1,imu01,fusion_20260818T182612Z,358,18935348,569179068985709
569179093000000,18955,-0.285,0.318,0.901,-0.23,-0.01,0.08,1,imu01,fusion_20260818T182612Z,359,18955345,569179088982278
569179125000000,18975,-0.285,0.313,0.902,0.15,-0.07,-0.06,1,imu01,fusion_20260818T182612Z,360,18975348,569179108984848
569179140000000,18995,-0.29,0.315,0.906,0.05,0.13,-0.1,1,imu01,fusion_20260818T182612Z,361,18995345,569179128981417
569179156000000,19015,-0.287,0.31,0.899,0.03,0.07,0.04,1,imu01,fusion_20260818T182612Z,362,19015348,569179148983986
569179171000000,19035,-0.286,0.317,0.902,-0.11,0.0,0.02,1,imu01,fusion_20260818T182612Z,363,19035345,569179168980556
569179203000000,19055,-0.29,0.313,0.905,0.03,-0.01,0.12,1,imu01,fusion_20260818T182612Z,364,19055348,569179188983125
569179218000000,19075,-0.289,0.318,0.895,-0.2,0.09,0.03,1,imu01,fusion_20260818T182612Z,365,19075345,569179208979695
569179234000000,19095,-0.289,0.317,0.899,-0.01,0.05,-0.08,1,imu01,fusion_20260818T182612Z,366,19095348,569179228982264
569179265000000,19115,-0.289,0.315,0.895,-0.39,-0.21,0.09,1,imu01,fusion_20260818T182612Z,367,19115345,569179248978834
569179281000000,19135,-0.285,0.312,0.9,-0.12,0.0,0.06,1,imu01,fusion_20260818T182612Z,368,19135348,569179268981403
569179296000000,19155,-0.285,0.315,0.907,-0.01,0.12,0.05,1,imu01,fusion_20260818T182612Z,369,19155345,569179288977972
569179312000000,19175,-0.283,0.313,0.901,-0.14,-0.11,-0.18,1,imu01,fusion_20260818T182612Z,370,19175348,569179308980542
569179343000000,19195,-0.292,0.315,0.901,-0.01,-0.2,-0.13,1,imu01,fusion_20260818T182612Z,371,19195345,569179328977111
569179359000000,19215,-0.299,0.284,0.916,0.27,0.22,0.04,1,imu01,fusion_20260818T182612Z,372,19215348,569179348979681
569179375000000,19235,-0.28,0.312,0.897,-1.07,-0.43,0.37,1,imu01,fusion_20260818T182612Z,373,19235345,569179368976250
569179406000000,19255,-0.288,0.326,0.909,-0.31,-0.07,0.04,1,imu01,fusion_20260818T182612Z,374,19255348,569179388978820
569179421000000,19275,-0.285,0.307,0.909,0.08,-0.27,-0.08,1,imu01,fusion_20260818T182612Z,375,19275345,569179408975389
569179437000000,19295,-0.289,0.316,0.908,-0.14,0.03,-0.04,1,imu01,fusion_20260818T182612Z,376,19295348,569179428977958
569179453000000,19315,-0.288,0.313,0.905,0.31,0.13,0.12,1,imu01,fusion_20260818T182612Z,377,19315345,569179448974528
569179484000000,19335,-0.285,0.309,0.902,-1.29,-0.55,0.29,1,imu01,fusion_20260818T182612Z,378,19335348,569179468977097
569179500000000,19355,-0.285,0.317,0.905,0.3,-0.03,0.09,1,imu01,fusion_20260818T182612Z,379,19355345,569179488973667
569179515000000,19375,-0.296,0.324,0.903,1.51,0.73,-0.2,1,imu01,fusion_20260818T182612Z,380,19375348,569179508976236
569179546000000,19395,-0.287,0.313,0.899,0.9,0.39,-0.15,1,imu01,fusion_20260818T182612Z,381,19395345,569179528972805
569179562000000,19415,-0.297,0.317,0.897,0.2,0.09,-0.07,1,imu01,fusion_20260818T182612Z,382,19415348,569179548975375
569179578000000,19435,-0.286,0.318,0.905,0.11,0.11,0.09,1,imu01,fusion_20260818T182612Z,383,19435345,569179568971944
569179593000000,19455,-0.3,0.313,0.899,-0.6,-0.12,0.08,1,imu01,fusion_20260818T182612Z,384,19455348,569179588974514
569179625000000,19475,-0.295,0.313,0.903,-0.13,0.03,-0.1,1,imu01,fusion_20260818T182612Z,385,19475345,569179608971083
569179640000000,19495,-0.292,0.313,0.9,-0.72,-0.36,0.08,1,imu01,fusion_20260818T182612Z,386,19495348,569179628973652
569179656000000,19515,-0.289,0.313,0.895,-0.52,-0.22,0.08,1,imu01,fusion_20260818T182612Z,387,19515345,569179648970222
569179671000000,19535,-0.287,0.314,0.903,0.54,0.22,-0.04,1,imu01,fusion_20260818T182612Z,388,19535348,569179668972791
569179703000000,19555,-0.289,0.317,0.888,-1.3,-0.46,0.09,1,imu01,fusion_20260818T182612Z,389,19555345,569179688969361
569179718000000,19575,-0.284,0.315,0.912,1.06,0.28,-0.16,1,imu01,fusion_20260818T182612Z,390,19575348,569179708971930
569179734000000,19595,-0.289,0.311,0.898,-1.33,-0.33,0.2,1,imu01,fusion_20260818T182612Z,391,19595345,569179728968500
569179765000000,19615,-0.291,0.314,0.914,2.44,1.06,-0.14,1,imu01,fusion_20260818T182612Z,392,19615348,569179748971069
569179781000000,19635,-0.271,0.31,0.958,-2.26,-0.85,0.53,1,imu01,fusion_20260818T182612Z,393,19635345,569179768967638
569179796000000,19655,-0.287,0.32,0.907,5.02,1.8,2.57,1,imu01,fusion_20260818T182612Z,394,19655348,569179788970208
569179812000000,19675,-0.305,0.306,0.897,18.26,7.83,5.79,1,imu01,fusion_20260818T182612Z,395,19675345,569179808966777
569179843000000,19695,-0.279,0.343,0.903,20.62,7.94,5.19,1,imu01,fusion_20260818T182612Z,396,19695348,569179828969347
569179859000000,19715,-0.3,0.325,0.901,14.17,4.86,3.56,1,imu01,fusion_20260818T182612Z,397,19715345,569179848965916
569179875000000,19735,-0.295,0.337,0.898,6.11,1.54,0.42,1,imu01,fusion_20260818T182612Z,398,19735348,569179868968485
569179906000000,19755,-0.293,0.337,0.897,-0.81,-0.35,-0.39,1,imu01,fusion_20260818T182612Z,399,19755345,569179888965055
569179921000000,19775,-0.293,0.329,0.895,-5.97,-2.16,0.52,1,imu01,fusion_20260818T182612Z,400,19775348,569179908967624
569179937000000,19795,-0.286,0.325,0.883,-8.97,-3.43,1.48,1,imu01,fusion_20260818T182612Z,401,19795345,569179928964194
569179953000000,19815,-0.291,0.325,0.892,-7.98,-5.91,2.14,1,imu01,fusion_20260818T182612Z,402,19815348,569179948966763
569179984000000,19835,-0.291,0.326,0.891,0.12,-1.28,1.03,1,imu01,fusion_20260818T182612Z,403,19835345,569179968963332
569180000000000,19855,-0.297,0.333,0.894,6.03,1.09,-0.74,1,imu01,fusion_20260818T182612Z,404,19855348,569179988965902
569180015000000,19875,-0.291,0.325,0.894,8.75,1.88,-1.78,1,imu01,fusion_20260818T182612Z,405,19875345,569180008962471
569180031000000,19895,-0.254,0.248,0.741,15.77,-7.48,0.15,1,imu01,fusion_20260818T182612Z,406,19895348,569180028965041
569180062000000,19915,-0.275,0.349,0.881,20.07,-34.96,-7.28,1,imu01,fusion_20260818T182612Z,407,19915345,569180048961610
569180078000000,19935,-0.291,0.333,0.924,1.22,-4.16,0.48,1,imu01,fusion_20260818T182612Z,408,19935348,569180068964180
569180093000000,19955,-0.288,0.338,0.905,-6.97,-6.26,-3.5,1,imu01,fusion_20260818T182612Z,409,19955345,569180088960749
569180125000000,19975,-0.275,0.355,0.944,-13.09,-6.07,-1.65,1,imu01,fusion_20260818T182612Z,410,19975348,569180108963318
569180140000000,19995,-0.265,0.33,0.926,-29.78,-9.17,4.58,1,imu01,fusion_20260818T182612Z,411,19995345,569180128959888
569180156000000,20015,-0.257,0.331,0.942,-33.64,-8.8,7.52,1,imu01,fusion_20260818T182612Z,412,20015348,569180148962457
569180171000000,20035,-0.258,0.299,0.868,-41.26,-10.81,-0.09,1,imu01,fusion_20260818T182612Z,413,20035345,569180168959027
569180203000000,20055,-0.266,0.281,0.922,-36.94,-5.26,-1.94,1,imu01,fusion_20260818T182612Z,414,20055348,569180188961596
569180218000000,20075,-0.253,0.295,0.939,-39.1,-3.25,-6.5,1,imu01,fusion_20260818T182612Z,415,20075345,569180208958166
569180234000000,20095,-0.288,0.406,0.891,-37.54,-4.58,-2.62,1,imu01,fusion_20260818T182612Z,416,20095348,569180228960735
569180265000000,20115,-0.285,0.285,1.13,-33.43,1.05,10.81,1,imu01,fusion_20260818T182612Z,417,20115345,569180248957304
569180281000000,20135,-0.28,0.252,1.008,-50.57,-1.75,-9.75,1,imu01,fusion_20260818T182612Z,418,20135348,569180268959874
569180296000000,20155,-0.204,0.227,0.834,-88.43,-0.64,-30.75,1,imu01,fusion_20260818T182612Z,419,20155345,569180288956443
569180312000000,20175,-0.221,0.211,0.895,-50.05,11.64,-2.38,1,imu01,fusion_20260818T182612Z,420,20175348,569180308959012
569180343000000,20195,-0.289,0.178,0.953,-19.23,4.31,25.12,1,imu01,fusion_20260818T182612Z,421,20195345,569180328955582
569180359000000,20215,-0.26,0.184,0.924,-20.95,3.09,18.94,1,imu01,fusion_20260818T182612Z,422,20215348,569180348958151
569180375000000,20235,-0.279,0.19,0.956,-11.29,4.0,18.74,1,imu01,fusion_20260818T182612Z,423,20235345,569180368954721
569180406000000,20255,-0.278,0.167,0.989,-5.88,12.57,14.57,1,imu01,fusion_20260818T182612Z,424,20255348,569180388957290
569180421000000,20275,-0.196,0.11,0.987,-23.23,18.89,-2.54,1,imu01,fusion_20260818T182612Z,425,20275345,569180408953860
569180437000000,20295,-0.33,0.125,0.999,-59.84,43.99,-13.36,1,imu01,fusion_20260818T182612Z,426,20295348,569180428956429
569180453000000,20315,0.738,-2.004,-2.012,-27.45,31.64,5.84,1,imu01,fusion_20260818T182612Z,427,20315345,569180448952998
569180484000000,20335,-0.628,0.628,1.015,118.35,-45.86,148.41,1,imu01,fusion_20260818T182612Z,428,20335348,569180468955568
569180500000000,20355,-0.149,-0.113,0.73,132.82,-34.95,246.58,1,imu01,fusion_20260818T182612Z,429,20355345,569180488952137
569180515000000,20375,-0.164,0.28,0.892,35.61,-10.15,-23.81,1,imu01,fusion_20260818T182612Z,430,20375348,569180508954707
569180531000000,20395,-0.272,0.39,0.963,26.8,-4.94,-12.39,1,imu01,fusion_20260818T182612Z,431,20395345,569180528951276
569180562000000,20415,-0.246,0.111,0.863,7.8,-11.98,27.58,1,imu01,fusion_20260818T182612Z,432,20415348,569180548953846
569180578000000,20435,-0.188,0.301,0.957,-28.64,0.57,-26.56,1,imu01,fusion_20260818T182612Z,433,20435345,569180568950415
569180593000000,20455,-0.199,0.349,1.087,-12.33,1.08,-29.48,1,imu01,fusion_20260818T182612Z,434,20455348,569180588952984
569180625000000,20475,-0.223,0.275,1.01,1.18,-10.53,-23.43,1,imu01,fusion_20260818T182612Z,435,20475345,569180608949554
569180640000000,20495,-0.293,0.381,0.978,16.38,-15.64,-13.83,1,imu01,fusion_20260818T182612Z,436,20495348,569180628952123
569180656000000,20515,-0.239,0.279,1.133,-9.23,-4.7,25.22,1,imu01,fusion_20260818T182612Z,437,20515345,569180648948693
569180671000000,20535,-0.189,0.249,0.978,-19.2,4.28,35.27,1,imu01,fusion_20260818T182612Z,438,20535348,569180668951262
569180703000000,20555,-0.218,0.243,1.054,-49.24,8.15,19.77,1,imu01,fusion_20260818T182612Z,439,20555345,569180688947832
569180718000000,20575,-0.228,0.267,1.031,-46.12,6.86,18.38,1,imu01,fusion_20260818T182612Z,440,20575348,569180708950401
569180734000000,20595,-0.195,0.148,0.969,-25.01,-2.29,21.34,1,imu01,fusion_20260818T182612Z,441,20595345,569180728946970
569180765000000,20615,-0.233,0.208,0.999,-24.97,-0.54,1.48,1,imu01,fusion_20260818T182612Z,442,20615348,569180748949540
569180781000000,20635,-0.237,0.218,1.005,-23.39,-1.44,-0.02,1,imu01,fusion_20260818T182612Z,443,20635345,569180768946109
569180796000000,20655,-0.237,0.216,0.993,-3.36,-0.75,18.64,1,imu01,fusion_20260818T182612Z,444,20655348,569180788948678
569180812000000,20675,-0.243,0.221,1.063,-19.21,14.54,-36.84,1,imu01,fusion_20260818T182612Z,445,20675345,569180808945248
569180843000000,20695,-0.245,0.191,1.006,-33.19,0.41,-61.29,1,imu01,fusion_20260818T182612Z,446,20695348,569180828947817
569180859000000,20715,-0.258,0.176,1.021,-25.84,-6.8,-38.16,1,imu01,fusion_20260818T182612Z,447,20715345,569180848944387
569180875000000,20735,-0.282,0.139,1.008,-22.43,-8.97,-31.04,1,imu01,fusion_20260818T182612Z,448,20735348,569180868946956
569180906000000,20755,-0.265,0.135,0.984,-19.1,-5.39,-21.92,1,imu01,fusion_20260818T182612Z,449,20755345,569180888943526
569180921000000,20775,-0.273,0.173,0.969,-19.47,-1.87,-12.64,1,imu01,fusion_20260818T182612Z,450,20775348,569180908946095
569180937000000,20795,-0.185,0.078,0.89,-15.3,3.76,-7.9,1,imu01,fusion_20260818T182612Z,451,20795345,569180928942664
569180953000000,20815,-0.224,0.09,0.939,-27.06,10.29,-33.61,1,imu01,fusion_20260818T182612Z,452,20815348,569180948945234
569180984000000,20835,-0.226,0.087,0.94,-22.81,-1.95,-16.97,1,imu01,fusion_20260818T182612Z,453,20835345,569180968941803
569181000000000,20855,-0.219,0.143,0.956,-24.33,-3.98,-12.84,1,imu01,fusion_20260818T182612Z,454,20855348,569180988944373
569181015000000,20875,-0.265,0.171,0.99,-23.42,-4.79,-7.44,1,imu01,fusion_20260818T182612Z,455,20875345,569181008940942
569181046000000,20895,-0.276,0.107,0.987,-24.14,-1.51,3.42,1,imu01,fusion_20260818T182612Z,456,20895348,569181028943512
569181062000000,20915,-0.24,0.089,0.957,-32.75,2.02,3.81,1,imu01,fusion_20260818T182612Z,457,20915345,569181048940081
569181078000000,20935,-0.247,0.011,0.965,-41.4,2.99,12.78,1,imu01,fusion_20260818T182612Z,458,20935348,569181068942650
569181093000000,20955,-0.21,-0.017,0.943,-47.96,1.51,11.85,1,imu01,fusion_20260818T182612Z,459,20955345,569181088939220
569181125000000,20975,-0.24,0.003,0.936,-44.14,-5.52,-6.13,1,imu01,fusion_20260818T182612Z,460,20975348,569181108941789
569181140000000,20995,-0.17,-0.009,0.887,-50.47,-3.04,-16.13,1,imu01,fusion_20260818T182612Z,461,20995345,569181128938359
569181156000000,21015,-0.185,-0.063,0.985,-60.65,-2.88,-29.91,1,imu01,fusion_20260818T182612Z,462,21015348,569181148940928
569181171000000,21035,-0.234,0.037,0.968,-43.45,-8.63,-3.97,1,imu01,fusion_20260818T182612Z,463,21035345,569181168937498
569181203000000,21055,-0.191,0.031,0.938,-40.0,-4.63,15.01,1,imu01,fusion_20260818T182612Z,464,21055348,569181188940067
569181218000000,21075,-0.223,-0.017,0.935,-27.79,-3.34,26.15,1,imu01,fusion_20260818T182612Z,465,21075345,569181208936636
569181234000000,21095,-0.247,-0.049,0.963,-15.17,-6.2,24.52,1,imu01,fusion_20260818T182612Z,466,21095348,569181228939206
569181265000000,21115,-0.248,-0.028,1.001,-11.36,-10.57,9.66,1,imu01,fusion_20260818T182612Z,467,21115345,569181248935775
569181281000000,21135,-0.211,0.031,0.963,-12.51,-4.36,0.51,1,imu01,fusion_20260818T182612Z,468,21135348,569181268938344
569181296000000,21155,-0.216,-0.014,0.955,-14.48,1.98,3.13,1,imu01,fusion_20260818T182612Z,469,21155345,569181288934914
569181312000000,21175,-0.215,-0.06,0.954,-25.49,1.6,8.4,1,imu01,fusion_20260818T182612Z,470,21175348,569181308937483
569181343000000,21195,-0.221,-0.011,0.941,-30.68,2.2,-0.96,1,imu01,fusion_20260818T182612Z,471,21195345,569181328934053
569181359000000,21215,-0.215,0.002,0.918,-29.97,1.11,-6.56,1,imu01,fusion_20260818T182612Z,472,21215348,569181348936622
569181375000000,21235,-0.257,-0.031,0.93,-24.03,-0.3,-4.17,1,imu01,fusion_20260818T182612Z,473,21235345,569181368933192
569181406000000,21255,-0.267,-0.079,0.939,-24.68,0.19,-12.19,1,imu01,fusion_20260818T182612Z,474,21255348,569181388935761
569181421000000,21275,-0.278,-0.014,0.924,-30.27,-3.42,-37.9,1,imu01,fusion_20260818T182612Z,475,21275345,569181408932330
569181437000000,21295,-0.332,-0.031,0.96,-34.9,4.65,-46.23,1,imu01,fusion_20260818T182612Z,476,21295348,569181428934900
569181453000000,21315,-0.339,-0.055,0.962,-36.7,12.35,-51.75,1,imu01,fusion_20260818T182612Z,477,21315345,569181448931469
569181484000000,21335,-0.35,-0.049,0.956,-40.66,12.01,-68.55,1,imu01,fusion_20260818T182612Z,478,21335348,569181468934039
569181500000000,21355,-0.401,-0.031,1.018,-38.67,23.2,-69.41,1,imu01,fusion_20260818T182612Z,479,21355345,569181488930608
569181515000000,21375,-0.525,-0.063,1.079,-47.91,39.31,-73.05,1,imu01,fusion_20260818T182612Z,480,21375348,569181508933177
569181546000000,21395,-0.435,-0.027,1.01,-63.75,49.85,-81.26,1,imu01,fusion_20260818T182612Z,481,21395345,569181528929747
569181562000000,21415,-0.402,-0.242,0.945,-58.49,60.67,-45.29,1,imu01,fusion_20260818T182612Z,482,21415348,569181548932316
569181578000000,21435,-0.463,-0.115,0.874,-55.54,54.76,-59.52,1,imu01,fusion_20260818T182612Z,483,21435345,569181568928886
569181593000000,21455,-0.327,-0.194,0.856,-11.91,39.33,-15.89,1,imu01,fusion_20260818T182612Z,484,21455348,569181588931455
569181625000000,21475,-0.371,-0.101,0.789,17.28,20.93,-16.01,1,imu01,fusion_20260818T182612Z,485,21475345,569181608928025
569181640000000,21495,-0.314,-0.19,0.717,42.12,4.08,-14.24,1,imu01,fusion_20260818T182612Z,486,21495348,569181628930594
569181656000000,21515,-0.331,-0.181,0.78,72.24,3.27,13.33,1,imu01,fusion_20260818T182612Z,487,21515345,569181648927163
569181671000000,21535,-0.35,-0.116,0.898,70.67,3.06,25.48,1,imu01,fusion_20260818T182612Z,488,21535348,569181668929733
569181703000000,21555,-0.411,-0.116,1.064,62.53,12.06,46.67,1,imu01,fusion_20260818T182612Z,489,21555345,569181688926302
569181718000000,21575,-0.319,-0.158,0.958,56.86,18.28,58.31,1,imu01,fusion_20260818T182612Z,490,21575348,569181708928872
569181734000000,21595,-0.298,-0.186,0.977,40.24,28.45,62.9,1,imu01,fusion_20260818T182612Z,491,21595345,569181728925441
569181765000000,21615,-0.208,-0.219,1.006,19.77,23.97,51.15,1,imu01,fusion_20260818T182612Z,492,21615348,569181748928010
569181781000000,21635,-0.175,-0.204,1.015,4.44,7.48,41.97,1,imu01,fusion_20260818T182612Z,493,21635345,569181768924580
569181796000000,21655,-0.204,-0.261,1.01,7.7,1.07,43.31,1,imu01,fusion_20260818T182612Z,494,21655348,569181788927149
569181812000000,21675,-0.135,-0.25,0.9,-3.03,2.22,26.86,1,imu01,fusion_20260818T182612Z,495,21675345,569181808923719
569181843000000,21695,-0.145,-0.25,0.926,0.71,-5.21,15.61,1,imu01,fusion_20260818T182612Z,496,21695348,569181828926288
569181859000000,21715,-0.106,-0.27,0.874,3.87,-7.35,20.59,1,imu01,fusion_20260818T182612Z,497,21715345,569181848922858
569181875000000,21735,-0.152,-0.314,0.958,18.44,-11.34,36.14,1,imu01,fusion_20260818T182612Z,498,21735348,569181868925427
569181906000000,21755,-0.221,-0.27,1.034,19.33,-18.1,33.99,1,imu01,fusion_20260818T182612Z,499,21755345,569181888921996
569181921000000,21775,-0.304,-0.283,1.169,13.8,-14.26,31.59,1,imu01,fusion_20260818T182612Z,500,21775348,569181908924566
569181937000000,21795,-0.334,-0.109,1.175,13.83,-3.36,18.54,1,imu01,fusion_20260818T182612Z,501,21795345,569181928921135
569181953000000,21815,-0.278,-0.114,1.108,-15.38,12.11,13.41,1,imu01,fusion_20260818T182612Z,502,21815348,569181948923704
569181984000000,21835,-0.336,-0.137,1.05,-22.45,20.22,20.15,1,imu01,fusion_20260818T182612Z,503,21835345,569181968920274
569182000000000,21855,-0.383,-0.134,1.061,-15.17,18.04,28.8,1,imu01,fusion_20260818T182612Z,504,21855348,569181988922843
569182015000000,21875,-0.362,-0.043,1.034,-16.46,20.19,28.35,1,imu01,fusion_20260818T182612Z,505,21875345,569182008919413
569182046000000,21895,-0.305,-0.003,0.991,-16.14,20.1,16.81,1,imu01,fusion_20260818T182612Z,506,21895348,569182028921982
569182062000000,21915,-0.299,-0.038,0.934,-7.13,12.01,8.25,1,imu01,fusion_20260818T182612Z,507,21915345,569182048918552
569182078000000,21935,-0.367,-0.097,0.997,0.33,2.76,17.17,1,imu01,fusion_20260818T182612Z,508,21935348,569182068921121
569182093000000,21955,-0.379,-0.042,1.012,0.15,-3.04,13.12,1,imu01,fusion_20260818T182612Z,509,21955345,569182088917690
569182125000000,21975,-0.342,0.014,0.979,-7.58,-2.3,-1.27,1,imu01,fusion_20260818T182612Z,510,21975348,569182108920260
569182140000000,21995,-0.323,-0.022,0.952,-9.2,-1.73,3.64,1,imu01,fusion_20260818T182612Z,511,21995345,569182128916829
569182156000000,22015,-0.269,-0.033,0.882,-14.35,-5.9,5.13,1,imu01,fusion_20260818T182612Z,512,22015348,569182148919399
569182187000000,22035,-0.307,-0.071,0.9,-9.25,-8.14,18.24,1,imu01,fusion_20260818T182612Z,513,22035345,569182168915968
569182203000000,22055,-0.322,-0.108,0.934,-1.46,-11.14,24.92,1,imu01,fusion_20260818T182612Z,514,22055348,569182188918538
569182218000000,22075,-0.307,-0.117,0.914,-2.03,-8.82,28.12,1,imu01,fusion_20260818T182612Z,515,22075345,569182208915107
569182234000000,22095,-0.295,-0.109,0.887,-2.13,-8.41,29.04,1,imu01,fusion_20260818T182612Z,516,22095348,569182228917676
569182265000000,22115,-0.229,-0.135,0.832,-2.39,-11.55,25.65,1,imu01,fusion_20260818T182612Z,517,22115345,569182248914246
569182281000000,22135,-0.257,-0.098,0.857,0.84,-18.76,20.57,1,imu01,fusion_20260818T182612Z,518,22135348,569182268916815
569182296000000,22155,-0.321,-0.148,0.944,-4.19,-21.73,22.61,1,imu01,fusion_20260818T182612Z,519,22155345,569182288913385
569182312000000,22175,-0.362,-0.094,1.021,-6.51,-19.55,17.81,1,imu01,fusion_20260818T182612Z,520,22175348,569182308915954
569182343000000,22195,-0.304,-0.036,0.98,-5.12,-12.13,12.96,1,imu01,fusion_20260818T182612Z,521,22195345,569182328912524
569182359000000,22215,-0.289,-0.112,0.915,2.77,-3.78,17.67,1,imu01,fusion_20260818T182612Z,522,22215348,569182348915093
569182375000000,22235,-0.249,-0.115,0.906,7.3,-2.12,20.48,1,imu01,fusion_20260818T182612Z,523,22235345,569182368911662
569182406000000,22255,-0.265,-0.121,0.953,8.25,-7.44,22.73,1,imu01,fusion_20260818T182612Z,524,22255348,569182388914232
569182421000000,22275,-0.31,-0.06,0.997,2.15,-11.46,19.9,1,imu01,fusion_20260818T182612Z,525,22275345,569182408910801
569182437000000,22295,-0.295,-0.015,0.998,2.31,-6.33,20.64,1,imu01,fusion_20260818T182612Z,526,22295348,569182428913370
569182453000000,22315,-0.279,-0.017,0.987,1.1,0.8,20.46,1,imu01,fusion_20260818T182612Z,527,22315345,569182448909940
569182484000000,22335,-0.292,-0.046,0.931,5.45,0.47,20.91,1,imu01,fusion_20260818T182612Z,528,22335348,569182468912509
569182500000000,22355,-0.26,-0.037,0.912,6.07,-1.56,23.44,1,imu01,fusion_20260818T182612Z,529,22355345,569182488909079
569182515000000,22375,-0.311,-0.044,0.923,1.55,-4.27,23.71,1,imu01,fusion_20260818T182612Z,530,22375348,569182508911648
569182546000000,22395,-0.324,-0.019,0.913,-3.6,-5.32,17.66,1,imu01,fusion_20260818T182612Z,531,22395345,569182528908218
569182562000000,22415,-0.306,-0.002,0.929,-9.27,-4.55,10.18,1,imu01,fusion_20260818T182612Z,532,22415348,569182548910787
569182578000000,22435,-0.329,-0.01,0.901,-11.76,-6.49,0.99,1,imu01,fusion_20260818T182612Z,533,22435345,569182568907356
569182593000000,22455,-0.339,-0.032,0.893,-7.65,-9.26,-4.13,1,imu01,fusion_20260818T182612Z,534,22455348,569182588909926
569182625000000,22475,-0.354,-0.035,0.91,-1.7,-13.27,-3.2,1,imu01,fusion_20260818T182612Z,535,22475345,569182608906495
569182640000000,22495,-0.422,-0.061,0.934,0.59,-17.59,3.91,1,imu01,fusion_20260818T182612Z,536,22495348,569182628909065
569182656000000,22515,-0.404,-0.048,0.978,-4.37,-16.21,7.35,1,imu01,fusion_20260818T182612Z,537,22515345,569182648905634
569182671000000,22535,-0.405,-0.026,0.979,-8.23,-14.14,6.61,1,imu01,fusion_20260818T182612Z,538,22535348,569182668908204
569182703000000,22555,-0.4,-0.048,0.98,-8.99,-14.78,-0.69,1,imu01,fusion_20260818T182612Z,539,22555345,569182688904773
569182718000000,22575,-0.371,-0.034,0.981,-8.23,-14.56,-2.54,1,imu01,fusion_20260818T182612Z,540,22575348,569182708907342
569182734000000,22595,-0.401,-0.045,1.014,-9.01,-14.06,-2.33,1,imu01,fusion_20260818T182612Z,541,22595345,569182728903912
569182765000000,22615,-0.376,-0.028,1.044,-6.72,-12.92,-7.6,1,imu01,fusion_20260818T182612Z,542,22615348,569182748906481
569182781000000,22635,-0.396,-0.025,1.037,-0.46,-8.11,-4.66,1,imu01,fusion_20260818T182612Z,543,22635345,569182768903051
569182796000000,22655,-0.399,0.001,0.987,4.42,-5.12,-7.5,1,imu01,fusion_20260818T182612Z,544,22655348,569182788905620
569182812000000,22675,-0.347,0.035,0.932,5.06,-3.91,-12.94,1,imu01,fusion_20260818T182612Z,545,22675345,569182808902190
569182843000000,22695,-0.322,-0.004,0.917,7.17,-3.75,-13.7,1,imu01,fusion_20260818T182612Z,546,22695348,569182828904759
569182859000000,22715,-0.362,0.02,0.899,15.07,-4.27,-9.74,1,imu01,fusion_20260818T182612Z,547,22715345,569182848901328
569182875000000,22735,-0.303,-0.011,0.925,13.9,-1.99,-10.81,1,imu01,fusion_20260818T182612Z,548,22735348,569182868903898
569182906000000,22755,-0.326,-0.003,0.935,12.32,0.16,-15.27,1,imu01,fusion_20260818T182612Z,549,22755345,569182888900467
569182921000000,22775,-0.353,-0.028,0.927,9.78,-2.23,-16.84,1,imu01,fusion_20260818T182612Z,550,22775348,569182908903036
569182937000000,22795,-0.33,-0.038,0.944,6.12,-4.65,-17.46,1,imu01,fusion_20260818T182612Z,551,22795345,569182928899606
569182953000000,22815,-0.334,-0.053,0.935,4.62,-1.76,-9.22,1,imu01,fusion_20260818T182612Z,552,22815348,569182948902175
569182984000000,22835,-0.325,-0.039,0.938,5.93,0.28,-3.15,1,imu01,fusion_20260818T182612Z,553,22835345,569182968898745
569183000000000,22855,-0.259,-0.009,0.908,8.41,-0.5,-5.3,1,imu01,fusion_20260818T182612Z,554,22855348,569182988901314
569183015000000,22875,-0.252,-0.036,0.868,7.31,-3.44,-6.52,1,imu01,fusion_20260818T182612Z,555,22875345,569183008897884
569183046000000,22895,-0.301,-0.036,0.882,13.3,-8.88,-5.08,1,imu01,fusion_20260818T182612Z,556,22895348,569183028900453
569183062000000,22915,-0.268,-0.053,0.864,14.44,-14.37,-4.95,1,imu01,fusion_20260818T182612Z,557,22915345,569183048897022
569183078000000,22935,-0.254,-0.039,0.875,10.61,-17.15,-9.15,1,imu01,fusion_20260818T182612Z,558,22935348,569183068899592
569183093000000,22955,-0.233,-0.042,0.899,4.22,-19.36,-13.35,1,imu01,fusion_20260818T182612Z,559,22955345,569183088896161
569183125000000,22975,-0.253,-0.039,0.987,-3.98,-21.81,-20.97,1,imu01,fusion_20260818T182612Z,560,22975348,569183108898731
569183140000000,22995,-0.23,-0.06,1.036,-11.48,-21.65,-21.42,1,imu01,fusion_20260818T182612Z,561,22995345,569183128895300
569183156000000,23015,-0.244,-0.065,1.135,-11.66,-20.04,-15.57,1,imu01,fusion_20260818T182612Z,562,23015348,569183148897870
569183171000000,23035,-0.27,-0.041,1.148,-6.69,-15.52,-17.56,1,imu01,fusion_20260818T182612Z,563,23035345,569183168894439
569183203000000,23055,-0.226,-0.036,1.065,-2.68,-6.72,-24.57,1,imu01,fusion_20260818T182612Z,564,23055348,569183188897008
569183218000000,23075,-0.178,-0.068,0.97,2.96,-2.56,-23.08,1,imu01,fusion_20260818T182612Z,565,23075345,569183208893578
569183234000000,23095,-0.162,-0.036,0.928,8.83,-5.08,-20.28,1,imu01,fusion_20260818T182612Z,566,23095348,569183228896147
569183265000000,23115,-0.163,-0.028,0.945,11.06,-8.47,-11.83,1,imu01,fusion_20260818T182612Z,567,23115345,569183248892717
569183281000000,23135,-0.175,-0.013,1.007,9.83,-6.43,-4.11,1,imu01,fusion_20260818T182612Z,568,23135348,569183268895286
569183296000000,23155,-0.121,0.045,1.051,8.6,-7.34,-7.27,1,imu01,fusion_20260818T182612Z,569,23155345,569183288891855
569183312000000,23175,-0.124,0.052,1.052,8.99,-6.98,-12.62,1,imu01,fusion_20260818T182612Z,570,23175348,569183308894425
569183343000000,23195,-0.145,0.028,1.02,12.89,-6.65,-12.67,1,imu01,fusion_20260818T182612Z,571,23195345,569183328890994
569183359000000,23215,-0.119,0.0,0.981,12.12,-6.71,-13.13,1,imu01,fusion_20260818T182612Z,572,23215348,569183348893564
569183375000000,23235,-0.118,0.008,0.955,11.41,-9.63,-11.01,1,imu01,fusion_20260818T182612Z,573,23235345,569183368890133
569183406000000,23255,-0.141,0.008,0.964,10.48,-8.95,-3.85,1,imu01,fusion_20260818T182612Z,574,23255348,569183388892702
569183421000000,23275,-0.143,0.022,0.965,6.83,-6.82,-3.59,1,imu01,fusion_20260818T182612Z,575,23275345,569183408889272
569183437000000,23295,-0.175,0.026,0.981,4.06,-4.19,-4.14,1,imu01,fusion_20260818T182612Z,576,23295348,569183428891841
569183453000000,23315,-0.169,0.011,0.964,5.09,-0.86,-1.45,1,imu01,fusion_20260818T182612Z,577,23315345,569183448888411
569183484000000,23335,-0.189,-0.002,0.979,6.96,2.39,-1.28,1,imu01,fusion_20260818T182612Z,578,23335348,569183468890980
569183500000000,23355,-0.159,-0.006,0.976,7.67,4.54,3.9,1,imu01,fusion_20260818T182612Z,579,23355345,569183488887550
569183515000000,23375,-0.195,0.008,1.005,9.79,3.15,8.43,1,imu01,fusion_20260818T182612Z,580,23375348,569183508890119
569183531000000,23395,-0.195,0.017,1.016,1.22,3.87,5.13,1,imu01,fusion_20260818T182612Z,581,23395345,569183528886688
569183562000000,23415,-0.167,0.006,1.001,-3.21,4.61,3.26,1,imu01,fusion_20260818T182612Z,582,23415348,569183548889258
569183578000000,23435,-0.165,-0.034,0.991,2.45,3.54,8.51,1,imu01,fusion_20260818T182612Z,583,23435345,569183568885827
569183593000000,23455,-0.188,-0.025,0.994,3.5,0.56,10.09,1,imu01,fusion_20260818T182612Z,584,23455348,569183588888397
569183625000000,23475,-0.185,-0.008,0.986,0.79,1.24,13.32,1,imu01,fusion_20260818T182612Z,585,23475345,569183608884966
569183640000000,23495,-0.161,0.015,0.974,-2.8,4.19,19.1,1,imu01,fusion_20260818T182612Z,586,23495348,569183628887535
569183656000000,23515,-0.144,0.024,0.93,-7.03,5.15,17.01,1,imu01,fusion_20260818T182612Z,587,23515345,569183648884105
569183671000000,23535,-0.15,-0.004,0.886,-6.65,4.12,22.06,1,imu01,fusion_20260818T182612Z,588,23535348,569183668886674
569183703000000,23555,-0.177,-0.024,0.868,-8.36,1.88,28.35,1,imu01,fusion_20260818T182612Z,589,23555345,569183688883244
569183718000000,23575,-0.171,-0.012,0.869,-15.84,-2.13,29.79,1,imu01,fusion_20260818T182612Z,590,23575348,569183708885813
569183734000000,23595,-0.21,-0.015,0.914,-20.95,-4.98,30.53,1,imu01,fusion_20260818T182612Z,591,23595345,569183728882382
569183765000000,23615,-0.237,0.006,0.968,-21.77,-4.48,27.29,1,imu01,fusion_20260818T182612Z,592,23615348,569183748884952
569183781000000,23635,-0.243,-0.053,1.018,-25.32,-1.9,31.02,1,imu01,fusion_20260818T182612Z,593,23635345,569183768881521
569183796000000,23655,-0.248,-0.007,1.015,-11.92,-0.84,30.64,1,imu01,fusion_20260818T182612Z,594,23655348,569183788884091
569183812000000,23675,-0.2,0.011,0.956,-12.34,3.23,25.63,1,imu01,fusion_20260818T182612Z,595,23675345,569183808880660
569183843000000,23695,-0.168,-0.032,0.907,-8.7,7.35,28.83,1,imu01,fusion_20260818T182612Z,596,23695348,569183828883230
569183859000000,23715,-0.154,-0.056,0.906,-6.63,3.56,27.89,1,imu01,fusion_20260818T182612Z,597,23715345,569183848879799
569183875000000,23735,-0.176,-0.02,0.944,-2.61,-3.26,25.96,1,imu01,fusion_20260818T182612Z,598,23735348,569183868882368
569183906000000,23755,-0.241,-0.02,1.016,1.15,-4.54,28.76,1,imu01,fusion_20260818T182612Z,599,23755345,569183888878938
569183921000000,23775,-0.271,-0.028,1.05,0.99,-1.64,26.8,1,imu01,fusion_20260818T182612Z,600,23775348,569183908881507
569183937000000,23795,-0.257,-0.049,1.057,-3.35,1.94,23.87,1,imu01,fusion_20260818T182612Z,601,23795345,569183928878077
569183953000000,23815,-0.27,-0.05,1.064,-9.98,1.55,17.0,1,imu01,fusion_20260818T182612Z,602,23815348,569183948880646
569183984000000,23835,-0.27,-0.074,1.06,-14.52,0.04,11.77,1,imu01,fusion_20260818T182612Z,603,23835345,569183968877216
569184000000000,23855,-0.233,-0.041,0.988,-23.91,3.03,11.39,1,imu01,fusion_20260818T182612Z,604,23855348,569183988879785
569184015000000,23875,-0.209,-0.035,0.952,-23.39,3.12,17.32,1,imu01,fusion_20260818T182612Z,605,23875345,569184008876354
569184031000000,23895,-0.181,-0.043,0.928,-16.83,-0.3,20.97,1,imu01,fusion_20260818T182612Z,606,23895348,569184028878924
569184062000000,23915,-0.204,-0.061,0.962,-7.73,-5.26,25.08,1,imu01,fusion_20260818T182612Z,607,23915345,569184048875493
569184078000000,23935,-0.216,-0.041,1.0,-7.49,-8.39,24.76,1,imu01,fusion_20260818T182612Z,608,23935348,569184068878062
569184093000000,23955,-0.212,-0.046,0.995,-8.99,-7.26,25.9,1,imu01,fusion_20260818T182612Z,609,23955345,569184088874632
569184125000000,23975,-0.177,-0.021,0.981,-10.58,-3.76,28.04,1,imu01,fusion_20260818T182612Z,610,23975348,569184108877201
569184140000000,23995,-0.17,-0.049,0.954,-13.86,-1.63,26.37,1,imu01,fusion_20260818T182612Z,611,23995345,569184128873771
569184156000000,24015,-0.128,-0.054,0.923,-9.51,-4.89,21.59,1,imu01,fusion_20260818T182612Z,612,24015348,569184148876340
569184171000000,24035,-0.141,-0.049,0.929,-5.58,-10.99,15.25,1,imu01,fusion_20260818T182612Z,613,24035345,569184168872910
569184203000000,24055,-0.179,-0.039,0.99,-2.59,-15.24,11.6,1,imu01,fusion_20260818T182612Z,614,24055348,569184188875479
569184218000000,24075,-0.177,-0.016,0.995,3.05,-13.68,8.36,1,imu01,fusion_20260818T182612Z,615,24075345,569184208872048
569184234000000,24095,-0.157,-0.049,0.988,9.53,-10.71,5.49,1,imu01,fusion_20260818T182612Z,616,24095348,569184228874618
569184265000000,24115,-0.146,-0.066,0.98,10.34,-11.11,-0.75,1,imu01,fusion_20260818T182612Z,617,24115345,569184248871187
569184281000000,24135,-0.183,-0.055,1.002,11.11,-12.47,-9.58,1,imu01,fusion_20260818T182612Z,618,24135348,569184268873757
569184296000000,24155,-0.18,-0.072,0.972,14.24,-11.09,-12.38,1,imu01,fusion_20260818T182612Z,619,24155345,569184288870326
569184312000000,24175,-0.175,-0.065,0.962,15.03,-9.53,-15.86,1,imu01,fusion_20260818T182612Z,620,24175348,569184308872896
569184343000000,24195,-0.134,-0.098,0.941,11.55,-9.59,-21.12,1,imu01,fusion_20260818T182612Z,621,24195345,569184328869465
569184359000000,24215,-0.193,-0.136,0.967,7.8,-9.97,-21.29,1,imu01,fusion_20260818T182612Z,622,24215348,569184348872034
569184375000000,24235,-0.21,-0.111,0.95,1.57,-7.68,-24.67,1,imu01,fusion_20260818T182612Z,623,24235345,569184368868604
569184406000000,24255,-0.159,-0.092,0.909,-4.94,-3.82,-29.22,1,imu01,fusion_20260818T182612Z,624,24255348,569184388871173
569184421000000,24275,-0.107,-0.063,0.886,-10.71,-5.31,-32.52,1,imu01,fusion_20260818T182612Z,625,24275345,569184408867743
569184437000000,24295,-0.1,-0.052,0.94,-13.68,-12.36,-32.79,1,imu01,fusion_20260818T182612Z,626,24295348,569184428870312
569184453000000,24315,-0.174,-0.038,1.065,-3.55,-20.44,-25.88,1,imu01,fusion_20260818T182612Z,627,24315345,569184448866882
569184484000000,24335,-0.19,-0.034,1.134,14.01,-22.06,-13.75,1,imu01,fusion_20260818T182612Z,628,24335348,569184468869451
569184500000000,24355,-0.186,-0.043,1.154,19.32,-15.56,-7.78,1,imu01,fusion_20260818T182612Z,629,24355345,569184488866020
569184515000000,24375,-0.113,-0.035,1.071,13.84,-5.15,-9.54,1,imu01,fusion_20260818T182612Z,630,24375348,569184508868590
569184546000000,24395,-0.06,-0.063,1.018,7.33,0.79,-12.92,1,imu01,fusion_20260818T182612Z,631,24395345,569184528865159
569184562000000,24415,-0.066,-0.107,1.007,4.63,-1.55,-10.98,1,imu01,fusion_20260818T182612Z,632,24415348,569184548867728
569184578000000,24435,-0.104,-0.061,1.045,4.72,-8.55,-6.05,1,imu01,fusion_20260818T182612Z,633,24435345,569184568864298
569184593000000,24455,-0.131,-0.019,1.081,6.59,-10.84,2.17,1,imu01,fusion_20260818T182612Z,634,24455348,569184588866867
569184625000000,24475,-0.122,0.003,1.087,13.85,-7.9,9.96,1,imu01,fusion_20260818T182612Z,635,24475345,569184608863437
569184640000000,24495,-0.097,0.01,1.046,13.7,-3.97,2.36,1,imu01,fusion_20260818T182612Z,636,24495348,569184628866006
569184656000000,24515,-0.101,-0.03,1.026,8.54,0.19,-1.3,1,imu01,fusion_20260818T182612Z,637,24515345,569184648862576
569184671000000,24535,-0.11,-0.039,1.009,9.7,1.46,3.09,1,imu01,fusion_20260818T182612Z,638,24535348,569184668865145
569184703000000,24555,-0.134,0.003,0.985,8.13,3.58,4.8,1,imu01,fusion_20260818T182612Z,639,24555345,569184688861714
569184718000000,24575,-0.106,0.033,0.944,-1.34,8.8,-0.52,1,imu01,fusion_20260818T182612Z,640,24575348,569184708864284
569184734000000,24595,-0.088,0.017,0.914,-5.05,12.06,-1.77,1,imu01,fusion_20260818T182612Z,641,24595345,569184728860853
569184765000000,24615,-0.075,0.005,0.936,-1.32,10.15,4.67,1,imu01,fusion_20260818T182612Z,642,24615348,569184748863423
569184781000000,24635,-0.091,-0.009,0.94,0.18,5.6,11.68,1,imu01,fusion_20260818T182612Z,643,24635345,569184768859992
569184796000000,24655,-0.123,-0.015,1.011,1.67,0.88,16.49,1,imu01,fusion_20260818T182612Z,644,24655348,569184788862562
569184812000000,24675,-0.13,0.001,1.035,3.71,-1.47,15.87,1,imu01,fusion_20260818T182612Z,645,24675345,569184808859131
569184843000000,24695,-0.122,-0.01,1.038,3.14,0.83,14.66,1,imu01,fusion_20260818T182612Z,646,24695348,569184828861700
569184859000000,24715,-0.086,-0.013,1.01,0.45,4.61,13.64,1,imu01,fusion_20260818T182612Z,647,24715345,569184848858270
569184875000000,24735,-0.08,-0.015,0.987,-2.24,8.48,18.38,1,imu01,fusion_20260818T182612Z,648,24735348,569184868860839
569184906000000,24755,-0.084,0.002,0.969,-6.71,11.05,22.35,1,imu01,fusion_20260818T182612Z,649,24755345,569184888857409
569184921000000,24775,-0.084,0.037,0.936,-3.26,11.48,23.72,1,imu01,fusion_20260818T182612Z,650,24775348,569184908859978
569184937000000,24795,-0.032,0.068,0.884,3.36,8.07,22.83,1,imu01,fusion_20260818T182612Z,651,24795345,569184928856548
569184953000000,24815,-0.025,0.022,0.952,5.79,-3.44,21.55,1,imu01,fusion_20260818T182612Z,652,24815348,569184948859117
569184984000000,24835,-0.103,0.009,1.108,14.76,-17.87,27.41,1,imu01,fusion_20260818T182612Z,653,24835345,569184968855686
569185000000000,24855,-0.187,0.045,1.178,12.06,-17.37,27.27,1,imu01,fusion_20260818T182612Z,654,24855348,569184988858256
569185015000000,24875,-0.153,0.056,1.119,1.28,0.0,16.05,1,imu01,fusion_20260818T182612Z,655,24875345,569185008854825
569185046000000,24895,-0.074,0.032,0.951,-15.64,15.32,-2.05,1,imu01,fusion_20260818T182612Z,656,24895348,569185028857394
569185062000000,24915,-0.028,0.038,0.864,-18.48,14.48,-7.87,1,imu01,fusion_20260818T182612Z,657,24915345,569185048853964
569185078000000,24935,-0.095,0.015,0.853,-11.66,7.04,-2.77,1,imu01,fusion_20260818T182612Z,658,24935348,569185068856533
569185093000000,24955,-0.127,0.001,0.918,-3.46,2.48,3.83,1,imu01,fusion_20260818T182612Z,659,24955345,569185088853103
569185125000000,24975,-0.165,-0.013,0.974,-0.92,1.57,4.7,1,imu01,fusion_20260818T182612Z,660,24975348,569185108855672
569185140000000,24995,-0.135,-0.017,0.975,-3.93,2.03,4.41,1,imu01,fusion_20260818T182612Z,661,24995345,569185128852242
569185156000000,25015,-0.119,-0.029,0.965,-5.33,0.46,6.08,1,imu01,fusion_20260818T182612Z,662,25015348,569185148854811
569185171000000,25035,-0.146,-0.058,1.005,-4.53,-2.25,9.71,1,imu01,fusion_20260818T182612Z,663,25035345,569185168851380
569185203000000,25055,-0.178,-0.048,1.033,-5.86,-1.61,6.94,1,imu01,fusion_20260818T182612Z,664,25055348,569185188853950
569185218000000,25075,-0.171,-0.046,1.027,-12.55,4.61,1.64,1,imu01,fusion_20260818T182612Z,665,25075345,569185208850519
569185234000000,25095,-0.127,-0.041,0.99,-16.2,10.77,-3.3,1,imu01,fusion_20260818T182612Z,666,25095348,569185228853089
569185265000000,25115,-0.111,-0.045,0.956,-13.23,10.39,-0.91,1,imu01,fusion_20260818T182612Z,667,25115345,569185248849658
569185281000000,25135,-0.123,-0.071,0.983,-6.39,3.98,7.03,1,imu01,fusion_20260818T182612Z,668,25135348,569185268852227
569185296000000,25155,-0.173,-0.063,1.049,-0.01,-3.04,10.83,1,imu01,fusion_20260818T182612Z,669,25155345,569185288848797
569185312000000,25175,-0.193,-0.048,1.06,2.11,-3.23,11.15,1,imu01,fusion_20260818T182612Z,670,25175348,569185308851366
569185343000000,25195,-0.161,-0.062,1.047,1.84,-0.13,9.61,1,imu01,fusion_20260818T182612Z,671,25195345,569185328847936
569185359000000,25215,-0.133,-0.052,1.034,5.38,-2.3,8.64,1,imu01,fusion_20260818T182612Z,672,25215348,569185348850505
569185375000000,25235,-0.168,-0.054,1.062,10.78,-6.17,10.32,1,imu01,fusion_20260818T182612Z,673,25235345,569185368847075
569185406000000,25255,-0.184,-0.06,1.071,10.48,-7.04,6.49,1,imu01,fusion_20260818T182612Z,674,25255348,569185388849644
569185421000000,25275,-0.202,-0.052,1.057,8.66,-3.89,0.06,1,imu01,fusion_20260818T182612Z,675,25275345,569185408846213
569185437000000,25295,-0.174,-0.034,1.004,6.22,-0.33,-6.46,1,imu01,fusion_20260818T182612Z,676,25295348,569185428848783
569185453000000,25315,-0.17,-0.038,0.954,9.26,1.8,-8.98,1,imu01,fusion_20260818T182612Z,677,25315345,569185448845352
569185484000000,25335,-0.194,-0.025,0.917,11.83,1.83,-12.81,1,imu01,fusion_20260818T182612Z,678,25335348,569185468847922
569185500000000,25355,-0.19,-0.048,0.884,8.61,2.53,-17.54,1,imu01,fusion_20260818T182612Z,679,25355345,569185488844491
569185515000000,25375,-0.16,-0.073,0.876,6.01,2.72,-20.01,1,imu01,fusion_20260818T182612Z,680,25375348,569185508847060
569185531000000,25395,-0.189,-0.07,0.923,6.51,2.09,-20.28,1,imu01,fusion_20260818T182612Z,681,25395345,569185528843630
569185562000000,25415,-0.194,-0.016,0.914,7.32,3.44,-21.98,1,imu01,fusion_20260818T182612Z,682,25415348,569185548846199
569185578000000,25435,-0.161,0.016,0.891,3.45,6.89,-27.07,1,imu01,fusion_20260818T182612Z,683,25435345,569185568842769
569185593000000,25455,-0.097,-0.013,0.877,4.93,4.46,-28.64,1,imu01,fusion_20260818T182612Z,684,25455348,569185588845338
569185625000000,25475,-0.039,-0.105,0.939,6.64,-8.9,-22.2,1,imu01,fusion_20260818T182612Z,685,25475345,569185608841908
569185640000000,25495,-0.172,-0.114,1.165,-3.24,-24.72,-13.84,1,imu01,fusion_20260818T182612Z,686,25495348,569185628844477
569185656000000,25515,-0.29,0.048,1.309,-15.01,-24.16,-18.55,1,imu01,fusion_20260818T182612Z,687,25515345,569185648841046
569185671000000,25535,-0.197,0.093,1.186,-19.89,0.19,-29.18,1,imu01,fusion_20260818T182612Z,688,25535348,569185668843616
569185703000000,25555,-0.059,0.001,0.978,-19.23,17.02,-35.59,1,imu01,fusion_20260818T182612Z,689,25555345,569185688840185
569185718000000,25575,-0.026,0.006,0.879,-11.29,10.06,-32.27,1,imu01,fusion_20260818T182612Z,690,25575348,569185708842754
569185734000000,25595,-0.079,0.033,0.93,2.16,-6.17,-15.75,1,imu01,fusion_20260818T182612Z,691,25595345,569185728839324
569185765000000,25615,-0.123,0.037,0.994,10.37,-14.79,-5.14,1,imu01,fusion_20260818T182612Z,692,25615348,569185748841893
569185781000000,25635,-0.132,0.04,1.052,16.32,-15.54,-3.28,1,imu01,fusion_20260818T182612Z,693,25635345,569185768838463
569185796000000,25655,-0.093,0.01,1.061,16.86,-11.03,-0.59,1,imu01,fusion_20260818T182612Z,694,25655348,569185788841032
569185812000000,25675,-0.089,-0.009,1.053,16.21,-8.72,0.79,1,imu01,fusion_20260818T182612Z,695,25675345,569185808837602
569185843000000,25695,-0.107,0.011,1.037,16.61,-7.55,3.51,1,imu01,fusion_20260818T182612Z,696,25695348,569185828840171
569185859000000,25715,-0.09,0.014,0.998,11.98,-3.42,3.3,1,imu01,fusion_20260818T182612Z,697,25715345,569185848836740
569185875000000,25735,-0.079,0.023,0.97,6.08,1.86,2.35,1,imu01,fusion_20260818T182612Z,698,25735348,569185868839310
569185906000000,25755,-0.104,0.051,0.978,6.61,5.18,4.51,1,imu01,fusion_20260818T182612Z,699,25755345,569185888835879
569185921000000,25775,-0.08,0.032,0.952,8.15,8.15,5.31,1,imu01,fusion_20260818T182612Z,700,25775348,569185908838449
569185937000000,25795,-0.09,0.008,0.952,9.57,7.58,4.67,1,imu01,fusion_20260818T182612Z,701,25795345,569185928835018
569185953000000,25815,-0.09,-0.007,0.969,8.85,6.93,6.89,1,imu01,fusion_20260818T182612Z,702,25815348,569185948837588
569185984000000,25835,-0.102,0.014,0.974,4.98,6.64,5.91,1,imu01,fusion_20260818T182612Z,703,25835345,569185968834157
569186000000000,25855,-0.1,0.02,0.943,4.12,7.77,6.26,1,imu01,fusion_20260818T182612Z,704,25855348,569185988836726
569186015000000,25875,-0.058,0.031,0.907,4.65,8.22,9.03,1,imu01,fusion_20260818T182612Z,705,25875345,569186008833296
569186046000000,25895,-0.043,0.027,0.912,4.67,3.83,13.05,1,imu01,fusion_20260818T182612Z,706,25895348,569186028835865
569186062000000,25915,-0.051,0.051,0.948,2.35,-5.36,13.13,1,imu01,fusion_20260818T182612Z,707,25915345,569186048832435
569186078000000,25935,-0.11,0.048,1.031,0.57,-9.6,15.3,1,imu01,fusion_20260818T182612Z,708,25935348,569186068835004
569186093000000,25955,-0.137,0.056,1.072,-4.3,-5.63,9.8,1,imu01,fusion_20260818T182612Z,709,25955345,569186088831574
569186125000000,25975,-0.123,0.046,1.056,-5.74,0.25,5.88,1,imu01,fusion_20260818T182612Z,710,25975348,569186108834143
569186140000000,25995,-0.102,0.043,1.034,-5.43,2.86,-0.2,1,imu01,fusion_20260818T182612Z,711,25995345,569186128830712
569186156000000,26015,-0.102,0.029,1.015,-1.81,0.48,-2.12,1,imu01,fusion_20260818T182612Z,712,26015348,569186148833282
569186187000000,26035,-0.135,0.024,0.997,-1.55,-2.29,-2.99,1,imu01,fusion_20260818T182612Z,713,26035345,569186168829851
569186203000000,26055,-0.152,0.023,1.014,-3.24,-2.17,-5.69,1,imu01,fusion_20260818T182612Z,714,26055348,569186188832420
569186218000000,26075,-0.139,0.01,0.98,-4.76,2.22,-3.86,1,imu01,fusion_20260818T182612Z,715,26075345,569186208828990
569186234000000,26095,-0.139,0.041,0.954,-7.72,6.32,-5.27,1,imu01,fusion_20260818T182612Z,716,26095348,569186228831559
569186265000000,26115,-0.136,0.029,0.934,-6.11,7.04,-4.74,1,imu01,fusion_20260818T182612Z,717,26115345,569186248828129
569186281000000,26135,-0.134,0.016,0.941,-3.65,4.86,-4.06,1,imu01,fusion_20260818T182612Z,718,26135348,569186268830698
569186296000000,26155,-0.131,0.009,0.976,-0.01,1.95,0.54,1,imu01,fusion_20260818T182612Z,719,26155345,569186288827268
569186312000000,26175,-0.148,0.013,1.035,-0.26,-0.16,2.28,1,imu01,fusion_20260818T182612Z,720,26175348,569186308829837
569186343000000,26195,-0.137,0.006,1.043,-2.39,-0.02,2.32,1,imu01,fusion_20260818T182612Z,721,26195345,569186328826406
569186359000000,26215,-0.104,0.015,1.028,-1.39,0.51,0.45,1,imu01,fusion_20260818T182612Z,722,26215348,569186348828976
569186375000000,26235,-0.118,0.003,1.037,1.27,-1.43,-0.76,1,imu01,fusion_20260818T182612Z,723,26235345,569186368825545
569186406000000,26255,-0.124,-0.008,1.026,2.84,-2.5,-3.05,1,imu01,fusion_20260818T182612Z,724,26255348,569186388828115
569186421000000,26275,-0.113,-0.012,1.002,2.27,-1.83,-3.57,1,imu01,fusion_20260818T182612Z,725,26275345,569186408824684
569186437000000,26295,-0.106,-0.013,0.981,0.61,-1.71,-3.38,1,imu01,fusion_20260818T182612Z,726,26295348,569186428827254
569186453000000,26315,-0.115,0.014,0.999,-0.15,-2.44,-3.45,1,imu01,fusion_20260818T182612Z,727,26315345,569186448823823
569186484000000,26335,-0.123,0.018,1.011,1.67,-1.4,-1.91,1,imu01,fusion_20260818T182612Z,728,26335348,569186468826392
569186500000000,26355,-0.126,0.012,0.992,3.99,-0.2,-1.25,1,imu01,fusion_20260818T182612Z,729,26355345,569186488822962
569186515000000,26375,-0.126,0.019,0.978,3.74,1.32,-2.5,1,imu01,fusion_20260818T182612Z,730,26375348,569186508825531
569186531000000,26395,-0.121,0.005,0.949,4.38,1.39,-3.65,1,imu01,fusion_20260818T182612Z,731,26395345,569186528822101
569186562000000,26415,-0.123,-0.0,0.943,0.94,0.46,-5.33,1,imu01,fusion_20260818T182612Z,732,26415348,569186548824670
569186578000000,26435,-0.132,0.002,0.964,-1.06,-1.29,-4.36,1,imu01,fusion_20260818T182612Z,733,26435345,569186568821240
569186593000000,26455,-0.139,0.01,0.985,-2.18,-1.61,-4.27,1,imu01,fusion_20260818T182612Z,734,26455348,569186588823809
569186625000000,26475,-0.126,0.007,1.01,-2.12,-0.3,-3.34,1,imu01,fusion_20260818T182612Z,735,26475345,569186608820378
569186640000000,26495,-0.122,-0.003,1.02,-0.49,-0.28,-2.87,1,imu01,fusion_20260818T182612Z,736,26495348,569186628822948
569186656000000,26515,-0.136,-0.012,1.035,0.64,-0.96,-2.39,1,imu01,fusion_20260818T182612Z,737,26515345,569186648819517
569186671000000,26535,-0.129,-0.008,1.02,-0.43,-0.46,-1.68,1,imu01,fusion_20260818T182612Z,738,26535348,569186668822086
569186703000000,26555,-0.114,0.007,0.997,-1.72,1.11,-2.71,1,imu01,fusion_20260818T182612Z,739,26555345,569186688818656
569186718000000,26575,-0.098,0.022,0.989,-2.81,0.75,-4.13,1,imu01,fusion_20260818T182612Z,740,26575348,569186708821225
569186734000000,26595,-0.109,0.017,0.993,1.26,0.55,-0.66,1,imu01,fusion_20260818T182612Z,741,26595345,569186728817795
569186765000000,26615,-0.105,0.011,0.989,1.06,-0.2,-1.1,1,imu01,fusion_20260818T182612Z,742,26615348,569186748820364
569186781000000,26635,-0.118,0.027,0.992,0.47,0.23,-2.08,1,imu01,fusion_20260818T182612Z,743,26635345,569186768816934
569186796000000,26655,-0.115,0.032,0.98,-0.17,1.45,-1.21,1,imu01,fusion_20260818T182612Z,744,26655348,569186788819503
569186812000000,26675,-0.121,0.031,0.997,0.87,1.09,0.21,1,imu01,fusion_20260818T182612Z,745,26675345,569186808816072
569186843000000,26695,-0.124,0.01,0.999,1.48,0.45,0.86,1,imu01,fusion_20260818T182612Z,746,26695348,569186828818642
569186859000000,26715,-0.127,0.02,1.008,-1.07,0.18,-1.06,1,imu01,fusion_20260818T182612Z,747,26715345,569186848815211
569186875000000,26735,-0.124,0.02,1.001,0.39,-0.04,0.32,1,imu01,fusion_20260818T182612Z,748,26735348,569186868817781
569186906000000,26755,-0.133,0.017,1.003,1.74,0.28,0.8,1,imu01,fusion_20260818T182612Z,749,26755345,569186888814350
569186921000000,26775,-0.117,0.004,0.982,1.87,0.87,-0.1,1,imu01,fusion_20260818T182612Z,750,26775348,569186908816920
569186937000000,26795,-0.119,0.002,0.979,2.07,0.95,-1.04,1,imu01,fusion_20260818T182612Z,751,26795345,569186928813489
569186953000000,26815,-0.115,-0.001,0.986,1.97,0.45,1.22,1,imu01,fusion_20260818T182612Z,752,26815348,569186948816058
569186984000000,26835,-0.114,0.022,0.984,0.89,-0.24,0.96,1,imu01,fusion_20260818T182612Z,753,26835345,569186968812628
569187000000000,26855,-0.113,0.022,0.999,0.89,0.27,1.99,1,imu01,fusion_20260818T182612Z,754,26855348,569186988815197
569187015000000,26875,-0.116,0.009,0.993,0.82,-0.26,1.45,1,imu01,fusion_20260818T182612Z,755,26875345,569187008811767
569187046000000,26895,-0.124,0.017,1.0,0.9,-0.83,1.73,1,imu01,fusion_20260818T182612Z,756,26895348,569187028814336
569187062000000,26915,-0.105,0.023,0.993,-0.83,-0.66,0.38,1,imu01,fusion_20260818T182612Z,757,26915345,569187048810905
569187078000000,26935,-0.112,0.019,1.0,-0.5,0.42,2.1,1,imu01,fusion_20260818T182612Z,758,26935348,569187068813475
569187093000000,26955,-0.113,0.029,0.999,-0.41,-0.72,0.96,1,imu01,fusion_20260818T182612Z,759,26955345,569187088810044
569187125000000,26975,-0.105,0.022,0.989,0.22,-0.88,0.24,1,imu01,fusion_20260818T182612Z,760,26975348,569187108812614
569187140000000,26995,-0.114,0.017,0.99,0.07,-1.19,-1.02,1,imu01,fusion_20260818T182612Z,761,26995345,569187128809183
569187156000000,27015,-0.103,0.023,0.974,-1.26,0.12,-1.49,1,imu01,fusion_20260818T182612Z,762,27015348,569187148811752
569187171000000,27035,-0.099,0.01,0.991,-1.48,0.06,-0.07,1,imu01,fusion_20260818T182612Z,763,27035345,569187168808322
569187203000000,27055,-0.099,0.021,0.98,-1.88,-0.75,-1.18,1,imu01,fusion_20260818T182612Z,764,27055348,569187188810891
569187218000000,27075,-0.103,0.009,1.001,-1.59,-1.27,-1.97,1,imu01,fusion_20260818T182612Z,765,27075345,569187208807461
569187234000000,27095,-0.125,0.002,1.02,-0.97,-1.57,-2.41,1,imu01,fusion_20260818T182612Z,766,27095348,569187228810030
569187265000000,27115,-0.115,0.014,1.014,-0.93,-0.32,-2.56,1,imu01,fusion_20260818T182612Z,767,27115345,569187248806600
569187281000000,27135,-0.109,0.01,1.005,-0.74,1.19,-3.85,1,imu01,fusion_20260818T182612Z,768,27135348,569187268809169
569187296000000,27155,-0.107,0.015,0.999,-0.72,1.15,-3.59,1,imu01,fusion_20260818T182612Z,769,27155345,569187288805738
569187312000000,27175,-0.115,-0.005,0.997,0.65,0.25,-0.83,1,imu01,fusion_20260818T182612Z,770,27175348,569187308808308
569187343000000,27195,-0.122,0.008,1.001,0.61,-0.68,-0.26,1,imu01,fusion_20260818T182612Z,771,27195345,569187328804877
569187359000000,27215,-0.123,0.008,0.991,0.22,-0.36,-0.57,1,imu01,fusion_20260818T182612Z,772,27215348,569187348807447
569187375000000,27235,-0.106,0.007,0.982,0.18,-0.33,-1.19,1,imu01,fusion_20260818T182612Z,773,27235345,569187368804016
569187406000000,27255,-0.116,0.024,0.985,0.74,-1.23,-0.93,1,imu01,fusion_20260818T182612Z,774,27255348,569187388806585
569187421000000,27275,-0.116,0.0,0.992,0.61,-1.39,-0.29,1,imu01,fusion_20260818T182612Z,775,27275345,569187408803155
569187437000000,27295,-0.119,0.013,0.989,-0.32,-0.43,-0.68,1,imu01,fusion_20260818T182612Z,776,27295348,569187428805724
569187453000000,27315,-0.112,-0.005,1.001,-0.84,1.06,-0.17,1,imu01,fusion_20260818T182612Z,777,27315345,569187448802294
569187484000000,27335,-0.113,0.029,0.994,-1.85,0.52,-0.44,1,imu01,fusion_20260818T182612Z,778,27335348,569187468804863
569187500000000,27355,-0.117,0.018,0.996,0.64,0.44,0.44,1,imu01,fusion_20260818T182612Z,779,27355345,569187488801432
569187515000000,27375,-0.117,0.018,1.009,0.51,0.52,-0.37,1,imu01,fusion_20260818T182612Z,780,27375348,569187508804002
569187531000000,27395,-0.101,0.016,0.993,-1.55,0.57,-1.78,1,imu01,fusion_20260818T182612Z,781,27395345,569187528800571
569187562000000,27415,-0.122,0.001,0.995,0.51,-0.06,-0.34,1,imu01,fusion_20260818T182612Z,782,27415348,569187548803141
569187578000000,27435,-0.122,0.013,0.991,-0.65,-0.46,-1.91,1,imu01,fusion_20260818T182612Z,783,27435345,569187568799710
569187593000000,27455,-0.117,0.021,0.995,-1.14,-0.04,-1.95,1,imu01,fusion_20260818T182612Z,784,27455348,569187588802280
569187625000000,27475,-0.12,0.006,0.995,2.46,-0.17,0.97,1,imu01,fusion_20260818T182612Z,785,27475345,569187608798849
569187640000000,27495,-0.129,0.009,0.996,3.22,-0.96,1.67,1,imu01,fusion_20260818T182612Z,786,27495348,569187628801418
569187656000000,27515,-0.113,0.003,0.99,1.87,-0.21,2.07,1,imu01,fusion_20260818T182612Z,787,27515345,569187648797988
569187671000000,27535,-0.128,-0.003,1.002,-0.21,0.45,2.62,1,imu01,fusion_20260818T182612Z,788,27535348,569187668800557
569187703000000,27555,-0.111,0.021,1.001,-2.49,-0.55,0.67,1,imu01,fusion_20260818T182612Z,789,27555345,569187688797127
569187718000000,27575,-0.113,0.043,1.015,-0.18,-0.89,0.44,1,imu01,fusion_20260818T182612Z,790,27575348,569187708799696
569187734000000,27595,-0.125,0.014,1.007,3.01,-0.55,1.75,1,imu01,fusion_20260818T182612Z,791,27595345,569187728796266
569187765000000,27615,-0.103,0.018,0.99,2.43,0.77,1.39,1,imu01,fusion_20260818T182612Z,792,27615348,569187748798835
569187781000000,27635,-0.104,0.025,0.98,1.36,0.63,1.92,1,imu01,fusion_20260818T182612Z,793,27635345,569187768795404
569187796000000,27655,-0.11,0.028,0.987,1.93,0.03,2.81,1,imu01,fusion_20260818T182612Z,794,27655348,569187788797974
569187812000000,27675,-0.117,0.009,0.996,2.44,-0.21,2.58,1,imu01,fusion_20260818T182612Z,795,27675345,569187808794543
569187843000000,27695,-0.113,0.005,1.0,1.01,0.11,0.14,1,imu01,fusion_20260818T182612Z,796,27695348,569187828797112
569187859000000,27715,-0.108,0.02,1.006,0.5,0.22,0.19,1,imu01,fusion_20260818T182612Z,797,27715345,569187848793682
569187875000000,27735,-0.105,0.019,0.985,0.54,0.13,-0.62,1,imu01,fusion_20260818T182612Z,798,27735348,569187868796251
569187906000000,27755,-0.102,0.002,0.982,1.99,-0.04,1.61,1,imu01,fusion_20260818T182612Z,799,27755345,569187888792821
569187921000000,27775,-0.11,-0.005,0.989,2.6,-0.93,2.13,1,imu01,fusion_20260818T182612Z,800,27775348,569187908795390
569187937000000,27795,-0.115,0.012,0.996,0.23,-0.94,0.28,1,imu01,fusion_20260818T182612Z,801,27795345,569187928791960
569187953000000,27815,-0.104,0.006,0.989,-1.78,-0.1,-0.2,1,imu01,fusion_20260818T182612Z,802,27815348,569187948794529
569187984000000,27835,-0.129,0.001,0.974,-1.28,-0.49,-0.24,1,imu01,fusion_20260818T182612Z,803,27835345,569187968791098
569188000000000,27855,-0.108,0.011,1.01,-1.48,-0.88,-0.28,1,imu01,fusion_20260818T182612Z,804,27855348,569187988793668
569188015000000,27875,-0.117,0.016,0.996,-1.2,-1.26,-0.97,1,imu01,fusion_20260818T182612Z,805,27875345,569188008790237
569188046000000,27895,-0.119,0.011,1.002,0.0,-1.01,0.58,1,imu01,fusion_20260818T182612Z,806,27895348,569188028792807
569188062000000,27915,-0.108,0.027,0.999,-1.46,-0.49,0.55,1,imu01,fusion_20260818T182612Z,807,27915345,569188048789376
569188078000000,27935,-0.104,0.023,0.997,0.35,-0.58,2.45,1,imu01,fusion_20260818T182612Z,808,27935348,569188068791946
569188093000000,27955,-0.106,0.023,1.009,0.56,-0.61,1.21,1,imu01,fusion_20260818T182612Z,809,27955345,569188088788515
569188125000000,27975,-0.104,0.026,0.996,1.38,-0.22,0.82,1,imu01,fusion_20260818T182612Z,810,27975348,569188108791084
569188140000000,27995,-0.097,0.007,0.989,0.86,0.61,0.54,1,imu01,fusion_20260818T182612Z,811,27995345,569188128787654
569188156000000,28015,-0.102,0.019,0.989,0.61,-0.24,0.03,1,imu01,fusion_20260818T182612Z,812,28015348,569188148790223
569188171000000,28035,-0.112,0.02,0.997,-0.27,-0.43,-0.88,1,imu01,fusion_20260818T182612Z,813,28035345,569188168786793
569188203000000,28055,-0.097,0.02,0.995,-0.25,0.4,0.8,1,imu01,fusion_20260818T182612Z,814,28055348,569188188789362
569188218000000,28075,-0.111,0.02,1.006,0.51,0.17,-0.46,1,imu01,fusion_20260818T182612Z,815,28075345,569188208785932
569188234000000,28095,-0.092,0.031,0.985,1.74,0.16,-1.97,1,imu01,fusion_20260818T182612Z,816,28095348,569188228788501
569188265000000,28115,-0.105,0.004,0.988,2.57,0.26,-0.04,1,imu01,fusion_20260818T182612Z,817,28115345,569188248785070
569188281000000,28135,-0.117,0.014,1.003,0.58,-0.64,0.23,1,imu01,fusion_20260818T182612Z,818,28135348,569188268787640
569188296000000,28155,-0.111,0.025,1.015,-1.23,-0.01,-1.59,1,imu01,fusion_20260818T182612Z,819,28155345,569188288784209
569188312000000,28175,-0.105,0.02,1.003,-0.9,1.07,-3.36,1,imu01,fusion_20260818T182612Z,820,28175348,569188308786778
569188343000000,28195,-0.096,0.025,0.968,-0.49,0.33,-4.7,1,imu01,fusion_20260818T182612Z,821,28195345,569188328783348
569188359000000,28215,-0.1,0.012,0.986,1.54,-0.6,-1.33,1,imu01,fusion_20260818T182612Z,822,28215348,569188348785917
569188375000000,28235,-0.113,0.02,0.991,1.88,-1.02,-0.21,1,imu01,fusion_20260818T182612Z,823,28235345,569188368782487
569188406000000,28255,-0.1,0.011,0.994,0.73,-0.65,-0.56,1,imu01,fusion_20260818T182612Z,824,28255348,569188388785056
569188421000000,28275,-0.102,0.008,0.991,1.36,-1.66,0.51,1,imu01,fusion_20260818T182612Z,825,28275345,569188408781626
569188437000000,28295,-0.104,0.021,1.009,2.64,-1.61,0.93,1,imu01,fusion_20260818T182612Z,826,28295348,569188428784195
569188453000000,28315,-0.104,0.018,0.991,2.83,-0.87,1.17,1,imu01,fusion_20260818T182612Z,827,28315345,569188448780764
569188484000000,28335,-0.102,0.033,0.996,2.08,-0.4,-0.21,1,imu01,fusion_20260818T182612Z,828,28335348,569188468783334
569188500000000,28355,-0.092,0.024,0.977,2.19,-0.24,0.55,1,imu01,fusion_20260818T182612Z,829,28355345,569188488779903
569188515000000,28375,-0.102,0.014,0.987,1.83,-0.01,1.47,1,imu01,fusion_20260818T182612Z,830,28375348,569188508782473
569188531000000,28395,-0.103,0.01,0.992,-0.88,-0.09,0.47,1,imu01,fusion_20260818T182612Z,831,28395345,569188528779042
569188562000000,28415,-0.095,0.037,0.986,-3.78,0.13,-0.33,1,imu01,fusion_20260818T182612Z,832,28415348,569188548781612
569188578000000,28435,-0.12,0.019,1.012,-0.85,-0.19,2.42,1,imu01,fusion_20260818T182612Z,833,28435345,569188568778181
569188593000000,28455,-0.107,0.026,1.005,-0.74,-0.52,-0.56,1,imu01,fusion_20260818T182612Z,834,28455348,569188588780750
569188625000000,28475,-0.103,0.019,1.005,-1.85,0.45,-1.59,1,imu01,fusion_20260818T182612Z,835,28475345,569188608777320
569188640000000,28495,-0.096,0.037,0.995,-3.23,0.75,-2.24,1,imu01,fusion_20260818T182612Z,836,28495348,569188628779889
569188656000000,28515,-0.099,0.026,0.993,-2.26,0.95,-0.76,1,imu01,fusion_20260818T182612Z,837,28515345,569188648776459
569188671000000,28535,-0.097,0.019,0.994,-0.8,0.44,1.11,1,imu01,fusion_20260818T182612Z,838,28535348,569188668779028
569188703000000,28555,-0.102,0.018,0.998,0.99,0.61,2.18,1,imu01,fusion_20260818T182612Z,839,28555345,569188688775598
569188718000000,28575,-0.105,0.015,0.997,1.42,0.52,1.45,1,imu01,fusion_20260818T182612Z,840,28575348,569188708778167
569188734000000,28595,-0.107,0.012,0.992,1.75,0.03,0.44,1,imu01,fusion_20260818T182612Z,841,28595345,569188728774736
569188765000000,28615,-0.102,0.024,1.005,0.77,-0.3,0.45,1,imu01,fusion_20260818T182612Z,842,28615348,569188748777306
569188781000000,28635,-0.098,0.017,0.991,-1.07,0.18,-0.72,1,imu01,fusion_20260818T182612Z,843,28635345,569188768773875
569188796000000,28655,-0.103,0.016,0.996,-0.88,-0.17,-0.91,1,imu01,fusion_20260818T182612Z,844,28655348,569188788776444
569188812000000,28675,-0.095,0.015,0.98,-0.46,-0.5,-0.49,1,imu01,fusion_20260818T182612Z,845,28675345,569188808773014
569188843000000,28695,-0.114,0.021,0.999,1.21,-1.47,0.25,1,imu01,fusion_20260818T182612Z,846,28695348,569188828775583
569188859000000,28715,-0.106,0.016,1.008,-0.65,-0.91,-0.69,1,imu01,fusion_20260818T182612Z,847,28715345,569188848772153
569188875000000,28735,-0.109,0.021,1.012,-0.39,-0.52,0.15,1,imu01,fusion_20260818T182612Z,848,28735348,569188868774722
569188890000000,28755,-0.108,0.029,1.0,-0.3,0.04,1.06,1,imu01,fusion_20260818T182612Z,849,28755345,569188888771292
569188921000000,28775,-0.099,0.02,0.997,-0.71,-0.04,0.33,1,imu01,fusion_20260818T182612Z,850,28775348,569188908773861
569188937000000,28795,-0.107,0.025,0.983,-0.17,-0.2,0.1,1,imu01,fusion_20260818T182612Z,851,28795345,569188928770430
569188953000000,28815,-0.099,0.026,0.979,-1.2,-0.07,0.25,1,imu01,fusion_20260818T182612Z,852,28815348,569188948773000
569188984000000,28835,-0.096,0.025,0.994,-0.89,-0.25,1.2,1,imu01,fusion_20260818T182612Z,853,28835345,569188968769569
569189000000000,28855,-0.093,0.026,0.992,0.46,-0.85,1.7,1,imu01,fusion_20260818T182612Z,854,28855348,569188988772139
569189015000000,28875,-0.109,0.015,0.994,1.9,-0.87,2.71,1,imu01,fusion_20260818T182612Z,855,28875345,569189008768708
569189031000000,28895,-0.103,0.015,1.009,0.7,0.17,1.8,1,imu01,fusion_20260818T182612Z,856,28895348,569189028771277
569189062000000,28915,-0.109,0.02,0.997,-1.14,-0.01,-0.72,1,imu01,fusion_20260818T182612Z,857,28915345,569189048767847
569189078000000,28935,-0.105,0.022,0.992,-0.89,0.59,-0.33,1,imu01,fusion_20260818T182612Z,858,28935348,569189068770416
569189093000000,28955,-0.109,0.013,0.995,-1.4,0.14,-0.36,1,imu01,fusion_20260818T182612Z,859,28955345,569189088766986
569189125000000,28975,-0.096,0.037,0.992,-3.69,-0.09,-2.01,1,imu01,fusion_20260818T182612Z,860,28975348,569189108769555
569189140000000,28995,-0.091,0.012,0.986,-4.55,-0.23,0.73,1,imu01,fusion_20260818T182612Z,861,28995345,569189128766125
569189156000000,29015,-0.098,0.013,0.98,-2.3,0.66,3.14,1,imu01,fusion_20260818T182612Z,862,29015348,569189148768694
569189171000000,29035,-0.108,0.029,0.999,-0.55,0.39,4.07,1,imu01,fusion_20260818T182612Z,863,29035345,569189168765263
569189203000000,29055,-0.094,0.029,0.991,0.48,1.67,6.16,1,imu01,fusion_20260818T182612Z,864,29055348,569189188767833
569189218000000,29075,-0.096,0.032,0.992,1.44,0.56,3.49,1,imu01,fusion_20260818T182612Z,865,29075345,569189208764402
569189234000000,29095,-0.099,0.012,0.995,0.48,0.64,4.22,1,imu01,fusion_20260818T182612Z,866,29095348,569189228766972
569189265000000,29115,-0.095,0.012,1.008,-3.63,0.86,2.72,1,imu01,fusion_20260818T182612Z,867,29115345,569189248763541
569189281000000,29135,-0.106,0.02,1.005,-5.15,1.64,2.68,1,imu01,fusion_20260818T182612Z,868,29135348,569189268766110
569189296000000,29155,-0.105,0.022,1.011,-4.0,2.18,3.57,1,imu01,fusion_20260818T182612Z,869,29155345,569189288762680
569189312000000,29175,-0.086,0.025,0.993,-2.2,2.8,4.23,1,imu01,fusion_20260818T182612Z,870,29175348,569189308765249
569189343000000,29195,-0.12,0.027,0.977,1.55,3.35,6.38,1,imu01,fusion_20260818T182612Z,871,29195345,569189328761819
569189359000000,29215,-0.085,0.048,1.0,1.19,3.97,10.28,1,imu01,fusion_20260818T182612Z,872,29215348,569189348764388
569189375000000,29235,-0.105,0.01,0.997,1.61,3.28,6.55,1,imu01,fusion_20260818T182612Z,873,29235345,569189368760958
569189406000000,29255,-0.119,-0.003,0.992,0.74,2.41,4.68,1,imu01,fusion_20260818T182612Z,874,29255348,569189388763527
569189421000000,29275,-0.118,0.018,0.987,-2.68,4.2,3.83,1,imu01,fusion_20260818T182612Z,875,29275345,569189408760096
569189437000000,29295,-0.102,0.018,0.99,-2.36,4.53,8.89,1,imu01,fusion_20260818T182612Z,876,29295348,569189428762666
569189453000000,29315,-0.12,0.025,0.995,-1.39,1.83,9.06,1,imu01,fusion_20260818T182612Z,877,29315345,569189448759235
569189484000000,29335,-0.117,0.018,0.984,1.64,0.15,10.32,1,imu01,fusion_20260818T182612Z,878,29335348,569189468761804
569189500000000,29355,-0.126,0.025,0.996,1.58,1.61,9.82,1,imu01,fusion_20260818T182612Z,879,29355345,569189488758374
569189515000000,29375,-0.115,0.015,1.002,-2.01,2.17,7.2,1,imu01,fusion_20260818T182612Z,880,29375348,569189508760943
569189531000000,29395,-0.123,0.01,0.966,-6.87,2.54,4.58,1,imu01,fusion_20260818T182612Z,881,29395345,569189528757513
569189562000000,29415,-0.108,0.002,0.966,-9.0,2.79,5.0,1,imu01,fusion_20260818T182612Z,882,29415348,569189548760082
569189578000000,29435,-0.113,0.025,1.058,-8.95,2.45,5.17,1,imu01,fusion_20260818T182612Z,883,29435345,569189568756652
569189593000000,29455,-0.132,-0.004,0.976,4.92,-9.45,15.58,1,imu01,fusion_20260818T182612Z,884,29455348,569189588759221
569189625000000,29475,-0.104,0.038,1.053,5.86,-9.51,11.57,1,imu01,fusion_20260818T182612Z,885,29475345,569189608755790
569189640000000,29495,-0.108,0.01,0.983,3.85,-3.1,7.9,1,imu01,fusion_20260818T182612Z,886,29495348,569189628758360
569189656000000,29515,-0.094,0.039,0.992,-0.57,-0.68,-1.99,1,imu01,fusion_20260818T182612Z,887,29515345,569189648754929
569189671000000,29535,-0.099,0.033,0.99,1.19,-0.82,-0.44,1,imu01,fusion_20260818T182612Z,888,29535348,569189668757499
569189703000000,29555,-0.117,0.023,1.004,-0.14,-1.67,-0.82,1,imu01,fusion_20260818T182612Z,889,29555345,569189688754068
569189718000000,29575,-0.098,0.026,0.987,-1.22,-0.43,-2.52,1,imu01,fusion_20260818T182612Z,890,29575348,569189708756638
569189734000000,29595,-0.106,0.006,0.984,-1.2,-0.3,-3.45,1,imu01,fusion_20260818T182612Z,891,29595345,569189728753207
569189765000000,29615,-0.114,0.008,0.99,-0.23,-1.17,-0.67,1,imu01,fusion_20260818T182612Z,892,29615348,569189748755776
569189781000000,29635,-0.119,0.033,1.008,-2.56,-0.47,-1.17,1,imu01,fusion_20260818T182612Z,893,29635345,569189768752346
569189796000000,29655,-0.094,0.025,0.988,0.38,0.72,3.96,1,imu01,fusion_20260818T182612Z,894,29655348,569189788754915
569189812000000,29675,-0.095,-0.021,0.988,1.64,0.64,6.13,1,imu01,fusion_20260818T182612Z,895,29675345,569189808751485
569189843000000,29695,-0.101,0.019,0.982,-3.72,-1.32,-2.8,1,imu01,fusion_20260818T182612Z,896,29695348,569189828754054
569189859000000,29715,-0.116,0.006,1.012,-3.14,-2.35,-3.39,1,imu01,fusion_20260818T182612Z,897,29715345,569189848750624
569189875000000,29735,-0.115,0.007,1.013,-4.07,-1.42,-5.59,1,imu01,fusion_20260818T182612Z,898,29735348,569189868753193
569189906000000,29755,-0.092,0.004,0.991,-5.16,-0.65,-6.75,1,imu01,fusion_20260818T182612Z,899,29755345,569189888749762
569189921000000,29775,-0.104,0.011,1.0,-5.18,-0.2,-6.68,1,imu01,fusion_20260818T182612Z,900,29775348,569189908752332
569189937000000,29795,-0.088,0.021,0.993,-4.83,1.14,-4.07,1,imu01,fusion_20260818T182612Z,901,29795345,569189928748901
569189953000000,29815,-0.088,0.006,0.977,-3.65,1.15,-4.75,1,imu01,fusion_20260818T182612Z,902,29815348,569189948751470
569189984000000,29835,-0.1,-0.01,0.981,-3.46,1.38,-5.52,1,imu01,fusion_20260818T182612Z,903,29835345,569189968748040
569190000000000,29855,-0.093,0.004,0.995,-5.14,0.27,-3.07,1,imu01,fusion_20260818T182612Z,904,29855348,569189988750609
569190015000000,29875,-0.108,0.001,0.999,-4.85,-0.56,1.59,1,imu01,fusion_20260818T182612Z,905,29875345,569190008747179
569190046000000,29895,-0.114,0.013,0.997,-4.03,-0.68,0.73,1,imu01,fusion_20260818T182612Z,906,29895348,569190028749748
569190062000000,29915,-0.109,0.006,1.009,-1.32,0.36,1.44,1,imu01,fusion_20260818T182612Z,907,29915345,569190048746318
569190078000000,29935,-0.116,-0.019,1.01,1.48,-0.67,1.51,1,imu01,fusion_20260818T182612Z,908,29935348,569190068748887
569190093000000,29955,-0.125,-0.02,1.015,1.03,-1.23,1.37,1,imu01,fusion_20260818T182612Z,909,29955345,569190088745456
569190125000000,29975,-0.111,0.005,1.01,-1.08,-0.24,1.3,1,imu01,fusion_20260818T182612Z,910,29975348,569190108748026
569190140000000,29995,-0.114,0.01,0.997,-3.49,-0.34,-1.7,1,imu01,fusion_20260818T182612Z,911,29995345,569190128744595
569190156000000,30015,-0.097,-0.0,0.98,-2.41,-1.38,-4.05,1,imu01,fusion_20260818T182612Z,912,30015348,569190148747165
569190171000000,30035,-0.106,0.004,0.991,-0.99,-1.49,-2.68,1,imu01,fusion_20260818T182612Z,913,30035345,569190168743734
569190203000000,30055,-0.116,-0.007,1.013,0.54,-1.65,0.31,1,imu01,fusion_20260818T182612Z,914,30055348,569190188746304
569190218000000,30075,-0.102,0.006,1.002,-0.91,-0.81,-1.06,1,imu01,fusion_20260818T182612Z,915,30075345,569190208742873
569190234000000,30095,-0.097,-0.009,0.989,-1.85,-0.8,-3.26,1,imu01,fusion_20260818T182612Z,916,30095348,569190228745442
569190265000000,30115,-0.103,-0.026,0.993,-1.42,-1.92,-3.81,1,imu01,fusion_20260818T182612Z,917,30115345,569190248742012
569190281000000,30135,-0.103,-0.008,0.998,-1.01,-1.39,-2.62,1,imu01,fusion_20260818T182612Z,918,30135348,569190268744581
569190296000000,30155,-0.102,-0.015,1.006,-1.53,0.93,-0.81,1,imu01,fusion_20260818T182612Z,919,30155345,569190288741151
569190312000000,30175,-0.101,-0.015,0.983,-2.68,1.43,-1.24,1,imu01,fusion_20260818T182612Z,920,30175348,569190308743720
569190343000000,30195,-0.089,-0.022,0.977,-1.89,1.21,-2.08,1,imu01,fusion_20260818T182612Z,921,30195345,569190328740290
569190359000000,30215,-0.09,-0.018,0.984,-0.08,-0.53,-3.09,1,imu01,fusion_20260818T182612Z,922,30215348,569190348742859
569190375000000,30235,-0.107,-0.003,0.992,0.35,-1.13,-1.14,1,imu01,fusion_20260818T182612Z,923,30235345,569190368739428
569190406000000,30255,-0.095,0.001,0.997,-2.94,0.25,-2.2,1,imu01,fusion_20260818T182612Z,924,30255348,569190388741998
569190421000000,30275,-0.078,-0.005,0.989,-2.75,1.09,-1.23,1,imu01,fusion_20260818T182612Z,925,30275345,569190408738567
569190437000000,30295,-0.089,-0.004,1.003,-1.85,0.09,-0.09,1,imu01,fusion_20260818T182612Z,926,30295348,569190428741136
569190453000000,30315,-0.102,-0.004,1.009,-0.35,-0.97,-0.29,1,imu01,fusion_20260818T182612Z,927,30315345,569190448737706
569190484000000,30335,-0.108,-0.006,1.008,-1.11,-0.17,-1.3,1,imu01,fusion_20260818T182612Z,928,30335348,569190468740275
569190500000000,30355,-0.098,-0.004,1.003,-0.36,1.11,0.28,1,imu01,fusion_20260818T182612Z,929,30355345,569190488736845
569190515000000,30375,-0.095,-0.009,0.997,-1.63,1.61,-0.84,1,imu01,fusion_20260818T182612Z,930,30375348,569190508739414
569190546000000,30395,-0.094,0.0,0.994,-0.99,0.86,-1.3,1,imu01,fusion_20260818T182612Z,931,30395345,569190528735984
569190562000000,30415,-0.094,-0.002,1.004,0.01,0.39,-0.72,1,imu01,fusion_20260818T182612Z,932,30415348,569190548738553
569190578000000,30435,-0.117,-0.004,1.0,0.99,-0.02,-1.6,1,imu01,fusion_20260818T182612Z,933,30435345,569190568735122
569190593000000,30455,-0.093,-0.009,0.984,0.88,0.02,-2.15,1,imu01,fusion_20260818T182612Z,934,30455348,569190588737692
569190625000000,30475,-0.101,-0.023,0.996,2.54,-0.2,2.04,1,imu01,fusion_20260818T182612Z,935,30475345,569190608734261
569190640000000,30495,-0.104,-0.017,0.993,-0.43,-0.39,0.48,1,imu01,fusion_20260818T182612Z,936,30495348,569190628736831
569190656000000,30515,-0.096,-0.011,0.991,-1.0,0.34,-0.71,1,imu01,fusion_20260818T182612Z,937,30515345,569190648733400
569190671000000,30535,-0.104,-0.027,0.992,-1.74,0.22,-0.66,1,imu01,fusion_20260818T182612Z,938,30535348,569190668735970
569190703000000,30555,-0.117,-0.011,1.016,-1.88,-0.78,-1.1,1,imu01,fusion_20260818T182612Z,939,30555345,569190688732539
569190718000000,30575,-0.11,-0.02,1.017,1.34,0.61,2.11,1,imu01,fusion_20260818T182612Z,940,30575348,569190708735108
569190734000000,30595,-0.103,0.005,1.003,0.04,1.5,-0.2,1,imu01,fusion_20260818T182612Z,941,30595345,569190728731678
569190765000000,30615,-0.095,0.01,0.994,1.19,1.25,0.39,1,imu01,fusion_20260818T182612Z,942,30615348,569190748734247
569190781000000,30635,-0.085,-0.004,0.978,1.88,0.94,0.53,1,imu01,fusion_20260818T182612Z,943,30635345,569190768730817
569190796000000,30655,-0.11,-0.018,0.992,2.09,-0.4,0.86,1,imu01,fusion_20260818T182612Z,944,30655348,569190788733386
569190812000000,30675,-0.101,-0.009,0.993,-0.74,0.06,-0.56,1,imu01,fusion_20260818T182612Z,945,30675345,569190808729955
569190843000000,30695,-0.09,-0.011,0.988,-3.62,0.68,-0.89,1,imu01,fusion_20260818T182612Z,946,30695348,569190828732525
569190859000000,30715,-0.101,-0.018,0.989,-1.82,0.14,0.68,1,imu01,fusion_20260818T182612Z,947,30715345,569190848729094
569190875000000,30735,-0.105,-0.027,1.0,-0.59,-0.08,2.7,1,imu01,fusion_20260818T182612Z,948,30735348,569190868731664
569190890000000,30755,-0.104,-0.024,0.996,0.19,0.31,2.99,1,imu01,fusion_20260818T182612Z,949,30755345,569190888728233
569190921000000,30775,-0.102,-0.022,1.001,-0.37,0.32,3.04,1,imu01,fusion_20260818T182612Z,950,30775348,569190908730802
569190937000000,30795,-0.093,-0.013,0.998,-3.14,-0.41,-0.49,1,imu01,fusion_20260818T182612Z,951,30795345,569190928727372
569190953000000,30815,-0.102,-0.023,0.974,-4.65,-1.59,-1.01,1,imu01,fusion_20260818T182612Z,952,30815348,569190948729941
569190984000000,30835,-0.088,-0.007,0.982,-7.01,-1.79,-2.45,1,imu01,fusion_20260818T182612Z,953,30835345,569190968726511
569191000000000,30855,-0.102,0.005,0.998,-5.75,-1.22,-1.48,1,imu01,fusion_20260818T182612Z,954,30855348,569190988729080
569191015000000,30875,-0.119,-0.011,1.014,-1.78,0.06,2.42,1,imu01,fusion_20260818T182612Z,955,30875345,569191008725650
569191031000000,30895,-0.12,-0.005,1.027,0.54,1.38,1.45,1,imu01,fusion_20260818T182612Z,956,30895348,569191028728219
569191062000000,30915,-0.111,-0.036,1.017,3.07,2.58,2.71,1,imu01,fusion_20260818T182612Z,957,30915345,569191048724788
569191078000000,30935,-0.094,-0.025,1.002,2.14,2.27,1.27,1,imu01,fusion_20260818T182612Z,958,30935348,569191068727358
569191093000000,30955,-0.098,-0.018,0.997,-0.88,0.8,-1.04,1,imu01,fusion_20260818T182612Z,959,30955345,569191088723927
569191125000000,30975,-0.104,-0.02,0.998,0.09,-0.14,0.77,1,imu01,fusion_20260818T182612Z,960,30975348,569191108726497
569191140000000,30995,-0.101,-0.016,0.998,0.04,-0.31,1.72,1,imu01,fusion_20260818T182612Z,961,30995345,569191128723066
569191156000000,31015,-0.102,-0.014,1.01,0.61,-0.04,2.25,1,imu01,fusion_20260818T182612Z,962,31015348,569191148725635
569191171000000,31035,-0.103,-0.014,0.992,1.2,0.06,1.38,1,imu01,fusion_20260818T182612Z,963,31035345,569191168722205
569191203000000,31055,-0.103,-0.03,0.991,0.96,1.09,1.46,1,imu01,fusion_20260818T182612Z,964,31055348,569191188724774
569191218000000,31075,-0.101,-0.018,0.992,-0.56,-0.05,-1.12,1,imu01,fusion_20260818T182612Z,965,31075345,569191208721344
569191234000000,31095,-0.09,-0.017,0.991,-0.81,0.02,0.29,1,imu01,fusion_20260818T182612Z,966,31095348,569191228723913
569191265000000,31115,-0.117,-0.016,1.0,-0.41,-0.4,-0.15,1,imu01,fusion_20260818T182612Z,967,31115345,569191248720482
569191281000000,31135,-0.1,-0.011,0.997,-0.4,0.96,0.57,1,imu01,fusion_20260818T182612Z,968,31135348,569191268723052
569191296000000,31155,-0.101,-0.028,0.993,-3.1,1.74,-0.23,1,imu01,fusion_20260818T182612Z,969,31155345,569191288719621
569191312000000,31175,-0.095,-0.022,0.999,-2.95,1.45,0.45,1,imu01,fusion_20260818T182612Z,970,31175348,569191308722191
569191343000000,31195,-0.105,-0.015,1.007,0.9,0.06,1.08,1,imu01,fusion_20260818T182612Z,971,31195345,569191328718760
569191359000000,31215,-0.112,-0.023,0.999,3.32,-0.35,1.56,1,imu01,fusion_20260818T182612Z,972,31215348,569191348721330
569191375000000,31235,-0.093,-0.019,0.981,1.8,0.44,-0.53,1,imu01,fusion_20260818T182612Z,973,31235345,569191368717899
569191406000000,31255,-0.09,-0.009,0.993,-0.48,0.56,-1.68,1,imu01,fusion_20260818T182612Z,974,31255348,569191388720468
569191421000000,31275,-0.086,-0.009,0.985,0.51,0.19,-0.89,1,imu01,fusion_20260818T182612Z,975,31275345,569191408717038
569191437000000,31295,-0.103,-0.025,1.005,2.18,-1.14,0.68,1,imu01,fusion_20260818T182612Z,976,31295348,569191428719607
569191453000000,31315,-0.111,-0.021,1.002,1.12,-0.59,0.44,1,imu01,fusion_20260818T182612Z,977,31315345,569191448716177
569191484000000,31335,-0.092,-0.027,0.989,-1.05,1.48,-0.84,1,imu01,fusion_20260818T182612Z,978,31335348,569191468718746
569191500000000,31355,-0.089,-0.029,0.971,-0.81,0.96,-1.5,1,imu01,fusion_20260818T182612Z,979,31355345,569191488715316
569191515000000,31375,-0.108,-0.028,0.982,1.63,-0.75,1.35,1,imu01,fusion_20260818T182612Z,980,31375348,569191508717885
569191531000000,31395,-0.126,-0.024,1.011,2.26,-1.1,2.16,1,imu01,fusion_20260818T182612Z,981,31395345,569191528714454
569191562000000,31415,-0.115,-0.001,1.002,0.85,-0.15,-0.85,1,imu01,fusion_20260818T182612Z,982,31415348,569191548717024
569191578000000,31435,-0.088,0.003,0.991,1.77,1.47,-1.16,1,imu01,fusion_20260818T182612Z,983,31435345,569191568713593
569191593000000,31455,-0.103,-0.008,0.998,4.27,-0.4,-0.41,1,imu01,fusion_20260818T182612Z,984,31455348,569191588716162
569191625000000,31475,-0.116,-0.008,1.005,3.51,-2.17,-0.07,1,imu01,fusion_20260818T182612Z,985,31475345,569191608712732
569191640000000,31495,-0.114,-0.007,1.01,0.69,-1.38,1.0,1,imu01,fusion_20260818T182612Z,986,31495348,569191628715301
569191656000000,31515,-0.101,-0.001,1.002,-2.26,0.67,0.11,1,imu01,fusion_20260818T182612Z,987,31515345,569191648711871
569191671000000,31535,-0.093,0.015,0.997,-3.72,1.02,-0.74,1,imu01,fusion_20260818T182612Z,988,31535348,569191668714440
569191703000000,31555,-0.101,0.006,1.001,-0.91,0.09,0.23,1,imu01,fusion_20260818T182612Z,989,31555345,569191688711010
569191718000000,31575,-0.107,-0.009,1.005,3.34,-0.22,1.09,1,imu01,fusion_20260818T182612Z,990,31575348,569191708713579
569191734000000,31595,-0.094,-0.021,0.996,1.29,0.22,0.13,1,imu01,fusion_20260818T182612Z,991,31595345,569191728710148
569191765000000,31615,-0.1,-0.016,0.986,-0.81,1.01,-0.96,1,imu01,fusion_20260818T182612Z,992,31615348,569191748712718
569191781000000,31635,-0.097,-0.004,0.995,-0.52,0.63,-1.81,1,imu01,fusion_20260818T182612Z,993,31635345,569191768709287
569191796000000,31655,-0.094,-0.012,0.992,1.82,0.61,-0.46,1,imu01,fusion_20260818T182612Z,994,31655348,569191788711857
569191812000000,31675,-0.103,-0.024,0.984,3.24,0.63,0.85,1,imu01,fusion_20260818T182612Z,995,31675345,569191808708426
569191843000000,31695,-0.11,-0.019,0.991,0.7,0.32,-0.62,1,imu01,fusion_20260818T182612Z,996,31695348,569191828710996
569191859000000,31715,-0.1,-0.016,0.988,-1.75,0.03,-1.2,1,imu01,fusion_20260818T182612Z,997,31715345,569191848707565
569191875000000,31735,-0.101,0.0,0.996,-1.07,-0.15,-1.07,1,imu01,fusion_20260818T182612Z,998,31735348,569191868710134
569191906000000,31755,-0.102,-0.016,0.998,0.78,-0.56,1.18,1,imu01,fusion_20260818T182612Z,999,31755345,569191888706704
569191921000000,31775,-0.111,-0.012,1.018,-0.03,-1.2,0.48,1,imu01,fusion_20260818T182612Z,1000,31775348,569191908709273
569191937000000,31795,-0.105,-0.008,1.017,-0.95,-0.43,0.22,1,imu01,fusion_20260818T182612Z,1001,31795345,569191928705843
569191953000000,31815,-0.103,0.004,1.013,-1.17,0.15,-1.56,1,imu01,fusion_20260818T182612Z,1002,31815348,569191948708412
569191984000000,31835,-0.098,0.004,1.003,1.7,0.7,-0.42,1,imu01,fusion_20260818T182612Z,1003,31835345,569191968704982
569192000000000,31855,-0.106,-0.002,1.002,2.75,0.74,1.39,1,imu01,fusion_20260818T182612Z,1004,31855348,569191988707551
569192015000000,31875,-0.102,-0.016,0.987,0.59,0.54,0.32,1,imu01,fusion_20260818T182612Z,1005,31875345,569192008704120
569192046000000,31895,-0.093,-0.008,0.986,-1.01,0.22,-1.54,1,imu01,fusion_20260818T182612Z,1006,31895348,569192028706690
569192062000000,31915,-0.102,-0.009,1.002,-0.52,0.28,-0.46,1,imu01,fusion_20260818T182612Z,1007,31915345,569192048703259
569192078000000,31935,-0.105,-0.011,1.003,1.45,-0.62,0.32,1,imu01,fusion_20260818T182612Z,1008,31935348,569192068705828
569192093000000,31955,-0.11,-0.022,0.997,2.3,-0.06,1.14,1,imu01,fusion_20260818T182612Z,1009,31955345,569192088702398
569192125000000,31975,-0.099,-0.026,0.999,-0.45,0.43,-0.33,1,imu01,fusion_20260818T182612Z,1010,31975348,569192108704967
569192140000000,31995,-0.114,-0.006,1.008,-1.59,0.66,0.23,1,imu01,fusion_20260818T182612Z,1011,31995345,569192128701537
569192156000000,32015,-0.108,0.014,1.006,-0.47,0.41,-0.23,1,imu01,fusion_20260818T182612Z,1012,32015348,569192148704106
569192171000000,32035,-0.101,-0.003,0.991,1.4,0.25,-0.79,1,imu01,fusion_20260818T182612Z,1013,32035345,569192168700676
569192203000000,32055,-0.098,-0.01,0.98,2.53,-0.12,-0.56,1,imu01,fusion_20260818T182612Z,1014,32055348,569192188703245
569192218000000,32075,-0.105,-0.0,0.983,1.43,-0.43,-0.36,1,imu01,fusion_20260818T182612Z,1015,32075345,569192208699814
569192234000000,32095,-0.099,0.016,0.997,-0.45,-0.01,-1.43,1,imu01,fusion_20260818T182612Z,1016,32095348,569192228702384
569192265000000,32115,-0.1,-0.002,0.989,-0.07,0.59,0.41,1,imu01,fusion_20260818T182612Z,1017,32115345,569192248698953
569192281000000,32135,-0.106,-0.016,0.991,1.04,0.55,1.15,1,imu01,fusion_20260818T182612Z,1018,32135348,569192268701523
569192296000000,32155,-0.115,-0.022,1.0,1.28,-0.04,0.62,1,imu01,fusion_20260818T182612Z,1019,32155345,569192288698092
569192312000000,32175,-0.116,-0.027,1.01,1.33,0.32,0.96,1,imu01,fusion_20260818T182612Z,1020,32175348,569192308700662
569192343000000,32195,-0.112,-0.022,1.001,0.28,1.01,-0.19,1,imu01,fusion_20260818T182612Z,1021,32195345,569192328697231
569192359000000,32215,-0.112,-0.018,1.001,0.31,1.78,1.26,1,imu01,fusion_20260818T182612Z,1022,32215348,569192348699800
569192375000000,32235,-0.117,-0.017,1.001,1.06,2.22,2.44,1,imu01,fusion_20260818T182612Z,1023,32235345,569192368696370
569192406000000,32255,-0.094,-0.007,0.985,0.22,3.07,0.98,1,imu01,fusion_20260818T182612Z,1024,32255348,569192388698939
569192421000000,32275,-0.09,-0.012,0.969,0.25,2.18,0.83,1,imu01,fusion_20260818T182612Z,1025,32275345,569192408695509
569192437000000,32295,-0.099,0.004,0.985,-0.33,-0.16,0.61,1,imu01,fusion_20260818T182612Z,1026,32295348,569192428698078
569192453000000,32315,-0.102,0.007,1.001,0.0,-1.12,2.35,1,imu01,fusion_20260818T182612Z,1027,32315345,569192448694648
569192484000000,32335,-0.1,-0.004,1.004,-0.39,-0.46,2.24,1,imu01,fusion_20260818T182612Z,1028,32335348,569192468697217
569192500000000,32355,-0.093,0.004,0.995,-1.5,-0.3,0.26,1,imu01,fusion_20260818T182612Z,1029,32355345,569192488693786
569192515000000,32375,-0.086,0.007,0.978,-0.21,0.02,-0.52,1,imu01,fusion_20260818T182612Z,1030,32375348,569192508696356
569192531000000,32395,-0.098,-0.009,0.991,1.47,-0.91,0.02,1,imu01,fusion_20260818T182612Z,1031,32395345,569192528692925
569192562000000,32415,-0.112,-0.019,1.001,0.64,-1.1,0.57,1,imu01,fusion_20260818T182612Z,1032,32415348,569192548695494
569192578000000,32435,-0.106,-0.011,0.999,-1.65,0.0,-0.49,1,imu01,fusion_20260818T182612Z,1033,32435345,569192568692064
569192593000000,32455,-0.114,0.003,1.009,-2.08,0.22,-1.33,1,imu01,fusion_20260818T182612Z,1034,32455348,569192588694633
569192625000000,32475,-0.104,0.003,0.997,-0.3,0.25,-0.91,1,imu01,fusion_20260818T182612Z,1035,32475345,569192608691203
569192640000000,32495,-0.105,-0.006,0.992,1.11,-0.23,-0.94,1,imu01,fusion_20260818T182612Z,1036,32495348,569192628693772
569192656000000,32515,-0.115,-0.003,0.998,0.78,-0.4,-0.66,1,imu01,fusion_20260818T182612Z,1037,32515345,569192648690342
569192671000000,32535,-0.107,0.001,1.001,-0.99,0.26,-1.44,1,imu01,fusion_20260818T182612Z,1038,32535348,569192668692911
569192703000000,32555,-0.097,0.003,0.997,-0.83,0.32,-1.45,1,imu01,fusion_20260818T182612Z,1039,32555345,569192688689480
569192718000000,32575,-0.096,0.002,1.002,0.02,-0.72,-1.52,1,imu01,fusion_20260818T182612Z,1040,32575348,569192708692050
569192734000000,32595,-0.107,-0.004,1.005,0.63,-0.65,-0.8,1,imu01,fusion_20260818T182612Z,1041,32595345,569192728688619
569192765000000,32615,-0.107,-0.012,1.004,0.63,-0.41,-0.49,1,imu01,fusion_20260818T182612Z,1042,32615348,569192748691189
569192781000000,32635,-0.106,-0.001,0.993,0.22,0.74,-0.26,1,imu01,fusion_20260818T182612Z,1043,32635345,569192768687758
569192796000000,32655,-0.087,0.0,0.969,-0.81,1.0,-0.26,1,imu01,fusion_20260818T182612Z,1044,32655348,569192788690327
569192812000000,32675,-0.099,0.002,0.985,0.74,-0.39,0.42,1,imu01,fusion_20260818T182612Z,1045,32675345,569192808686897
569192843000000,32695,-0.104,0.005,1.001,0.69,-1.46,-0.26,1,imu01,fusion_20260818T182612Z,1046,32695348,569192828689466
569192859000000,32715,-0.109,-0.008,1.001,-0.47,-0.28,0.0,1,imu01,fusion_20260818T182612Z,1047,32715345,569192848686036
569192875000000,32735,-0.102,-0.015,0.995,-0.14,1.12,0.77,1,imu01,fusion_20260818T182612Z,1048,32735348,569192868688605
569192906000000,32755,-0.093,-0.003,0.986,-2.13,0.87,-0.46,1,imu01,fusion_20260818T182612Z,1049,32755345,569192888685175
569192921000000,32775,-0.092,0.002,0.989,-1.88,0.19,0.25,1,imu01,fusion_20260818T182612Z,1050,32775348,569192908687744
569192937000000,32795,-0.108,-0.013,1.006,0.45,-0.54,2.08,1,imu01,fusion_20260818T182612Z,1051,32795345,569192928684313
569192953000000,32815,-0.113,-0.011,1.009,-0.13,-0.52,1.24,1,imu01,fusion_20260818T182612Z,1052,32815348,569192948686883
569192984000000,32835,-0.101,-0.004,1.009,-0.46,0.45,0.61,1,imu01,fusion_20260818T182612Z,1053,32835345,569192968683452
569193000000000,32855,-0.103,0.003,0.992,0.23,0.8,1.28,1,imu01,fusion_20260818T182612Z,1054,32855348,569192988686022
569193015000000,32875,-0.1,0.001,1.0,-0.31,0.47,-0.04,1,imu01,fusion_20260818T182612Z,1055,32875345,569193008682591
569193046000000,32895,-0.095,0.0,0.989,-0.29,0.38,-1.15,1,imu01,fusion_20260818T182612Z,1056,32895348,569193028685160
569193062000000,32915,-0.097,-0.012,0.993,-0.86,-0.1,-1.16,1,imu01,fusion_20260818T182612Z,1057,32915345,569193048681730
569193078000000,32935,-0.105,-0.008,1.007,-0.57,-0.26,-0.46,1,imu01,fusion_20260818T182612Z,1058,32935348,569193068684299
569193093000000,32955,-0.102,-0.004,1.002,-0.83,-0.24,-1.25,1,imu01,fusion_20260818T182612Z,1059,32955345,569193088680869
569193125000000,32975,-0.09,-0.004,1.002,-0.68,0.88,-0.72,1,imu01,fusion_20260818T182612Z,1060,32975348,569193108683438
569193140000000,32995,-0.106,-0.011,1.002,0.64,0.75,0.08,1,imu01,fusion_20260818T182612Z,1061,32995345,569193128680008
569193156000000,33015,-0.108,-0.015,0.989,2.15,0.45,1.71,1,imu01,fusion_20260818T182612Z,1062,33015348,569193148682577
569193171000000,33035,-0.099,-0.016,0.98,0.78,0.32,1.51,1,imu01,fusion_20260818T182612Z,1063,33035345,569193168679146
569193203000000,33055,-0.108,0.001,1.002,-2.01,0.06,0.41,1,imu01,fusion_20260818T182612Z,1064,33055348,569193188681716
569193218000000,33075,-0.105,0.017,1.015,-1.83,-0.53,-0.03,1,imu01,fusion_20260818T182612Z,1065,33075345,569193208678285
569193234000000,33095,-0.099,0.009,1.007,0.27,-0.17,0.03,1,imu01,fusion_20260818T182612Z,1066,33095348,569193228680854
569193265000000,33115,-0.091,0.004,0.985,1.87,0.21,0.54,1,imu01,fusion_20260818T182612Z,1067,33115345,569193248677424
569193281000000,33135,-0.093,-0.005,0.991,2.37,0.04,2.44,1,imu01,fusion_20260818T182612Z,1068,33135348,569193268679993
569193296000000,33155,-0.106,-0.004,0.993,1.57,-1.36,0.78,1,imu01,fusion_20260818T182612Z,1069,33155345,569193288676563
569193312000000,33175,-0.095,-0.018,0.997,1.7,-1.3,1.03,1,imu01,fusion_20260818T182612Z,1070,33175348,569193308679132
569193343000000,33195,-0.103,-0.023,0.996,1.39,-1.33,0.28,1,imu01,fusion_20260818T182612Z,1071,33195345,569193328675702
569193359000000,33215,-0.1,-0.013,0.995,1.2,-1.63,-0.95,1,imu01,fusion_20260818T182612Z,1072,33215348,569193348678271
569193375000000,33235,-0.091,-0.009,0.98,3.82,-4.96,-2.33,1,imu01,fusion_20260818T182612Z,1073,33235345,569193368674840
569193406000000,33255,-0.101,-0.019,0.972,2.37,-4.85,-2.48,1,imu01,fusion_20260818T182612Z,1074,33255348,569193388677410
569193421000000,33275,-0.104,0.001,0.989,1.57,-4.26,-2.37,1,imu01,fusion_20260818T182612Z,1075,33275345,569193408673979
569193437000000,33295,-0.1,-0.008,0.991,2.53,-3.4,-1.62,1,imu01,fusion_20260818T182612Z,1076,33295348,569193428676549
569193453000000,33315,-0.088,0.0,0.986,1.57,-3.8,-3.22,1,imu01,fusion_20260818T182612Z,1077,33315345,569193448673118
569193484000000,33335,-0.087,0.009,0.992,1.41,-4.59,-2.81,1,imu01,fusion_20260818T182612Z,1078,33335348,569193468675688
569193500000000,33355,-0.083,0.012,1.014,-0.37,-3.78,-3.78,1,imu01,fusion_20260818T182612Z,1079,33355345,569193488672257
569193515000000,33375,-0.088,0.016,1.01,-1.31,-2.39,-3.13,1,imu01,fusion_20260818T182612Z,1080,33375348,569193508674826
569193546000000,33395,-0.09,0.003,1.013,-1.79,-0.32,-1.6,1,imu01,fusion_20260818T182612Z,1081,33395345,569193528671396
569193562000000,33415,-0.082,-0.008,1.007,-1.78,0.61,-1.71,1,imu01,fusion_20260818T182612Z,1082,33415348,569193548673965
569193578000000,33435,-0.095,-0.004,1.005,-0.67,0.55,-0.95,1,imu01,fusion_20260818T182612Z,1083,33435345,569193568670535
569193593000000,33455,-0.078,0.005,0.999,-1.95,0.95,-0.49,1,imu01,fusion_20260818T182612Z,1084,33455348,569193588673104
569193625000000,33475,-0.09,0.004,1.007,-0.31,0.47,0.41,1,imu01,fusion_20260818T182612Z,1085,33475345,569193608669674
569193640000000,33495,-0.091,0.003,1.003,0.79,0.35,0.49,1,imu01,fusion_20260818T182612Z,1086,33495348,569193628672243
569193656000000,33515,-0.07,0.012,0.984,0.96,1.12,-0.04,1,imu01,fusion_20260818T182612Z,1087,33515345,569193648668812
569193671000000,33535,-0.08,0.008,0.981,1.29,0.74,-0.6,1,imu01,fusion_20260818T182612Z,1088,33535348,569193668671382
569193703000000,33555,-0.081,-0.01,0.994,1.14,0.58,0.47,1,imu01,fusion_20260818T182612Z,1089,33555345,569193688667951
569193718000000,33575,-0.076,0.005,0.991,-0.52,-0.1,-0.65,1,imu01,fusion_20260818T182612Z,1090,33575348,569193708670520
569193734000000,33595,-0.109,0.001,1.02,2.54,-0.2,4.86,1,imu01,fusion_20260818T182612Z,1091,33595345,569193728667090
569193765000000,33615,-0.09,0.003,0.999,-0.49,0.48,-0.43,1,imu01,fusion_20260818T182612Z,1092,33615348,569193748669659
569193781000000,33635,-0.089,0.001,0.999,-0.31,0.35,-1.54,1,imu01,fusion_20260818T182612Z,1093,33635345,569193768666229
569193796000000,33655,-0.084,0.009,0.993,1.03,-0.14,-1.86,1,imu01,fusion_20260818T182612Z,1094,33655348,569193788668798
569193812000000,33675,-0.086,0.009,0.983,2.78,-0.6,-0.66,1,imu01,fusion_20260818T182612Z,1095,33675345,569193808665368
569193843000000,33695,-0.081,-0.012,1.0,3.36,-0.81,0.54,1,imu01,fusion_20260818T182612Z,1096,33695348,569193828667937
569193859000000,33715,-0.093,0.003,1.014,2.3,-1.62,-0.85,1,imu01,fusion_20260818T182612Z,1097,33715345,569193848664506
569193875000000,33735,-0.089,0.002,1.009,-0.2,-1.52,-2.39,1,imu01,fusion_20260818T182612Z,1098,33735348,569193868667076
569193906000000,33755,-0.08,-0.001,0.997,-1.71,-1.46,-3.9,1,imu01,fusion_20260818T182612Z,1099,33755345,569193888663645
569193921000000,33775,-0.076,0.001,0.986,-0.98,-2.09,-3.33,1,imu01,fusion_20260818T182612Z,1100,33775348,569193908666215
569193937000000,33795,-0.085,-0.0,0.989,0.15,-1.71,-1.72,1,imu01,fusion_20260818T182612Z,1101,33795345,569193928662784
569193953000000,33815,-0.076,-0.005,0.981,-1.49,-1.85,-2.41,1,imu01,fusion_20260818T182612Z,1102,33815348,569193948665354
569193984000000,33835,-0.082,-0.003,0.992,-1.86,-2.2,-1.92,1,imu01,fusion_20260818T182612Z,1103,33835345,569193968661923
569194000000000,33855,-0.089,-0.008,0.992,-0.04,-2.78,-0.92,1,imu01,fusion_20260818T182612Z,1104,33855348,569193988664492
569194015000000,33875,-0.088,-0.021,0.988,0.64,-2.47,-0.09,1,imu01,fusion_20260818T182612Z,1105,33875345,569194008661062
569194046000000,33895,-0.084,-0.008,0.99,-1.75,-1.62,-1.52,1,imu01,fusion_20260818T182612Z,1106,33895348,569194028663631
569194062000000,33915,-0.083,-0.01,0.984,-4.16,-1.49,-3.68,1,imu01,fusion_20260818T182612Z,1107,33915345,569194048660201
569194078000000,33935,-0.09,-0.007,1.0,-3.75,-2.55,-3.72,1,imu01,fusion_20260818T182612Z,1108,33935348,569194068662770
569194093000000,33955,-0.089,-0.012,0.995,-1.65,-2.06,-2.51,1,imu01,fusion_20260818T182612Z,1109,33955345,569194088659340
569194125000000,33975,-0.09,-0.011,1.001,-1.08,-1.72,-2.51,1,imu01,fusion_20260818T182612Z,1110,33975348,569194108661909
569194140000000,33995,-0.073,0.0,0.995,-3.1,-0.98,-3.57,1,imu01,fusion_20260818T182612Z,1111,33995345,569194128658478
569194156000000,34015,-0.078,-0.0,0.99,-4.64,-1.27,-4.25,1,imu01,fusion_20260818T182612Z,1112,34015348,569194148661048
569194171000000,34035,-0.081,-0.021,0.996,-2.68,-1.91,-2.65,1,imu01,fusion_20260818T182612Z,1113,34035345,569194168657617
569194203000000,34055,-0.093,-0.009,1.005,-2.8,-2.31,-2.58,1,imu01,fusion_20260818T182612Z,1114,34055348,569194188660186
569194218000000,34075,-0.083,-0.005,1.004,-4.74,-1.31,-3.01,1,imu01,fusion_20260818T182612Z,1115,34075345,569194208656756
569194234000000,34095,-0.078,-0.017,0.998,-6.14,-0.95,-4.43,1,imu01,fusion_20260818T182612Z,1116,34095348,569194228659325
569194265000000,34115,-0.066,-0.017,0.994,-5.18,-1.48,-3.74,1,imu01,fusion_20260818T182612Z,1117,34115345,569194248655895
569194281000000,34135,-0.078,-0.026,0.999,-4.22,-2.41,-2.52,1,imu01,fusion_20260818T182612Z,1118,34135348,569194268658464
569194296000000,34155,-0.074,-0.028,1.005,-5.55,-2.07,-2.21,1,imu01,fusion_20260818T182612Z,1119,34155345,569194288655034
569194312000000,34175,-0.057,-0.023,0.992,-8.72,-0.63,-3.56,1,imu01,fusion_20260818T182612Z,1120,34175348,569194308657603
569194343000000,34195,-0.052,-0.025,0.993,-7.08,-1.11,-2.74,1,imu01,fusion_20260818T182612Z,1121,34195345,569194328654172
569194359000000,34215,-0.069,-0.026,1.005,-5.26,-2.32,-2.17,1,imu01,fusion_20260818T182612Z,1122,34215348,569194348656742
569194375000000,34235,-0.063,-0.032,0.999,-8.06,-2.67,-4.59,1,imu01,fusion_20260818T182612Z,1123,34235345,569194368653311
569194406000000,34255,-0.06,-0.023,0.993,-7.81,-1.93,-4.36,1,imu01,fusion_20260818T182612Z,1124,34255348,569194388655881
569194421000000,34275,-0.053,-0.024,0.99,-6.57,-1.62,-2.95,1,imu01,fusion_20260818T182612Z,1125,34275345,569194408652450
569194437000000,34295,-0.063,-0.012,0.99,-7.03,-2.14,-4.04,1,imu01,fusion_20260818T182612Z,1126,34295348,569194428655020
569194453000000,34315,-0.065,-0.032,0.983,-6.88,-1.91,-3.04,1,imu01,fusion_20260818T182612Z,1127,34315345,569194448651589
569194484000000,34335,-0.068,-0.021,0.962,-5.85,-1.74,-3.35,1,imu01,fusion_20260818T182612Z,1128,34335348,569194468654158
569194500000000,34355,-0.061,-0.029,0.967,-5.62,-1.85,-3.61,1,imu01,fusion_20260818T182612Z,1129,34355345,569194488650728
569194515000000,34375,-0.067,-0.023,0.98,-6.17,-2.73,-4.94,1,imu01,fusion_20260818T182612Z,1130,34375348,569194508653297
569194546000000,34395,-0.086,-0.034,1.004,-8.15,-3.07,-6.58,1,imu01,fusion_20260818T182612Z,1131,34395345,569194528649867
569194562000000,34415,-0.085,-0.027,0.999,-9.88,-2.01,-8.43,1,imu01,fusion_20260818T182612Z,1132,34415348,569194548652436
569194578000000,34435,-0.061,-0.04,0.978,-6.51,-0.35,-4.7,1,imu01,fusion_20260818T182612Z,1133,34435345,569194568649005
569194593000000,34455,-0.052,-0.042,0.955,-5.19,-2.3,-3.89,1,imu01,fusion_20260818T182612Z,1134,34455348,569194588651575
569194625000000,34475,-0.055,-0.045,0.957,-3.28,-3.47,-2.15,1,imu01,fusion_20260818T182612Z,1135,34475345,569194608648144
569194640000000,34495,-0.049,-0.049,0.967,-2.65,-3.62,-1.75,1,imu01,fusion_20260818T182612Z,1136,34495348,569194628650714
569194656000000,34515,-0.045,-0.048,0.973,-5.04,-2.3,-0.9,1,imu01,fusion_20260818T182612Z,1137,34515345,569194648647283
569194671000000,34535,-0.042,-0.05,0.957,-7.86,-1.12,-3.97,1,imu01,fusion_20260818T182612Z,1138,34535348,569194668649852
569194703000000,34555,-0.021,-0.069,0.93,-9.78,-0.59,-6.64,1,imu01,fusion_20260818T182612Z,1139,34555345,569194688646422
569194718000000,34575,-0.046,-0.075,0.945,-9.57,-3.59,-5.3,1,imu01,fusion_20260818T182612Z,1140,34575348,569194708648991
569194734000000,34595,-0.066,-0.079,1.006,-8.87,-5.91,-1.98,1,imu01,fusion_20260818T182612Z,1141,34595345,569194728645561
569194765000000,34615,-0.067,-0.063,1.033,-9.0,-3.72,2.64,1,imu01,fusion_20260818T182612Z,1142,34615348,569194748648130
569194781000000,34635,-0.063,-0.067,1.024,-9.78,1.47,2.57,1,imu01,fusion_20260818T182612Z,1143,34635345,569194768644700
569194796000000,34655,-0.059,-0.077,0.994,-8.31,4.55,0.12,1,imu01,fusion_20260818T182612Z,1144,34655348,569194788647269
569194812000000,34675,-0.055,-0.08,0.949,-5.17,5.33,-1.08,1,imu01,fusion_20260818T182612Z,1145,34675345,569194808643838
569194843000000,34695,-0.071,-0.063,0.93,-2.28,5.0,-1.16,1,imu01,fusion_20260818T182612Z,1146,34695348,569194828646408
569194859000000,34715,-0.07,-0.086,0.933,-1.99,5.19,-0.42,1,imu01,fusion_20260818T182612Z,1147,34715345,569194848642977
569194875000000,34735,-0.069,-0.086,0.953,-5.46,3.34,-0.79,1,imu01,fusion_20260818T182612Z,1148,34735348,569194868645547
569194906000000,34755,-0.097,-0.049,0.997,-8.94,3.35,-1.68,1,imu01,fusion_20260818T182612Z,1149,34755345,569194888642116
569194921000000,34775,-0.082,-0.071,0.962,-10.8,7.29,-4.87,1,imu01,fusion_20260818T182612Z,1150,34775348,569194908644685
569194937000000,34795,-0.054,-0.092,0.915,-9.9,8.85,-4.51,1,imu01,fusion_20260818T182612Z,1151,34795345,569194928641255
569194953000000,34815,-0.064,-0.087,0.907,-8.3,4.89,-3.7,1,imu01,fusion_20260818T182612Z,1152,34815348,569194948643824
569194984000000,34835,-0.092,-0.081,0.94,-7.51,1.39,-2.31,1,imu01,fusion_20260818T182612Z,1153,34835345,569194968640394
569195000000000,34855,-0.074,-0.083,0.933,-8.86,1.98,-0.75,1,imu01,fusion_20260818T182612Z,1154,34855348,569194988642963
569195015000000,34875,-0.068,-0.074,0.896,-11.82,2.37,-5.33,1,imu01,fusion_20260818T182612Z,1155,34875345,569195008639532
569195046000000,34895,-0.034,-0.101,0.886,-10.76,1.71,-4.57,1,imu01,fusion_20260818T182612Z,1156,34895348,569195028642102
569195062000000,34915,-0.063,-0.113,0.914,-3.59,-2.01,-1.07,1,imu01,fusion_20260818T182612Z,1157,34915345,569195048638671
569195078000000,34935,-0.085,-0.127,0.933,3.38,-3.44,2.85,1,imu01,fusion_20260818T182612Z,1158,34935348,569195068641241
569195093000000,34955,-0.081,-0.116,0.948,3.12,-5.07,3.48,1,imu01,fusion_20260818T182612Z,1159,34955345,569195088637810
569195125000000,34975,-0.061,-0.153,0.929,4.73,-4.36,8.01,1,imu01,fusion_20260818T182612Z,1160,34975348,569195108640380
569195140000000,34995,-0.07,-0.126,0.947,3.19,-5.74,7.8,1,imu01,fusion_20260818T182612Z,1161,34995345,569195128636949
569195156000000,35015,-0.04,-0.072,0.954,-1.36,-4.91,3.11,1,imu01,fusion_20260818T182612Z,1162,35015348,569195148639518
569195171000000,35035,-0.03,-0.1,0.953,1.19,-3.73,13.05,1,imu01,fusion_20260818T182612Z,1163,35035345,569195168636088
569195203000000,35055,-0.046,-0.108,0.99,3.12,-3.62,21.19,1,imu01,fusion_20260818T182612Z,1164,35055348,569195188638657
569195218000000,35075,-0.045,-0.07,1.016,3.54,-4.5,17.61,1,imu01,fusion_20260818T182612Z,1165,35075345,569195208635227
569195234000000,35095,-0.036,-0.101,0.981,4.46,-2.04,15.35,1,imu01,fusion_20260818T182612Z,1166,35095348,569195228637796
569195265000000,35115,-0.049,-0.127,0.959,4.74,-2.31,10.22,1,imu01,fusion_20260818T182612Z,1167,35115345,569195248634366
569195281000000,35135,-0.032,-0.151,0.96,3.19,-4.22,7.8,1,imu01,fusion_20260818T182612Z,1168,35135348,569195268636935
569195296000000,35155,-0.031,-0.155,0.987,-0.71,-7.17,7.04,1,imu01,fusion_20260818T182612Z,1169,35155345,569195288633504
569195312000000,35175,-0.073,-0.131,1.033,-6.74,-6.49,8.03,1,imu01,fusion_20260818T182612Z,1170,35175348,569195308636074
569195343000000,35195,-0.05,-0.101,0.994,-6.87,-0.8,10.21,1,imu01,fusion_20260818T182612Z,1171,35195345,569195328632643
569195359000000,35215,0.013,-0.105,0.964,-10.96,4.32,9.79,1,imu01,fusion_20260818T182612Z,1172,35215348,569195348635212
569195375000000,35235,0.023,-0.095,0.957,-7.86,0.7,14.3,1,imu01,fusion_20260818T182612Z,1173,35235345,569195368631782
569195406000000,35255,-0.058,-0.123,1.054,4.16,-6.59,22.53,1,imu01,fusion_20260818T182612Z,1174,35255348,569195388634351
569195421000000,35275,-0.077,-0.117,1.081,3.45,-8.67,16.14,1,imu01,fusion_20260818T182612Z,1175,35275345,569195408630921
569195437000000,35295,-0.071,-0.164,1.06,3.12,-5.89,13.85,1,imu01,fusion_20260818T182612Z,1176,35295348,569195428633490
569195453000000,35315,-0.031,-0.156,1.05,-1.22,-4.87,4.7,1,imu01,fusion_20260818T182612Z,1177,35315345,569195448630060
569195484000000,35335,0.003,-0.119,1.028,-11.25,-5.14,-4.97,1,imu01,fusion_20260818T182612Z,1178,35335348,569195468632629
569195500000000,35355,-0.032,-0.116,1.026,-8.97,-5.28,-2.47,1,imu01,fusion_20260818T182612Z,1179,35355345,569195488629198
569195515000000,35375,-0.036,-0.108,1.027,-5.2,-3.03,2.41,1,imu01,fusion_20260818T182612Z,1180,35375348,569195508631768
569195531000000,35395,-0.021,-0.125,1.026,-7.15,-2.26,-0.25,1,imu01,fusion_20260818T182612Z,1181,35395345,569195528628337
569195562000000,35415,-0.038,-0.15,1.044,-5.63,-2.9,-0.52,1,imu01,fusion_20260818T182612Z,1182,35415348,569195548630907
569195578000000,35435,-0.057,-0.148,1.033,-5.93,-4.44,-2.89,1,imu01,fusion_20260818T182612Z,1183,35435345,569195568627476
569195593000000,35455,-0.091,-0.168,1.06,-5.67,-2.92,0.9,1,imu01,fusion_20260818T182612Z,1184,35455348,569195588630046
569195625000000,35475,-0.074,-0.186,1.062,-9.05,2.13,3.9,1,imu01,fusion_20260818T182612Z,1185,35475345,569195608626615
569195640000000,35495,-0.06,-0.177,1.039,-11.06,4.7,5.82,1,imu01,fusion_20260818T182612Z,1186,35495348,569195628629184
569195656000000,35515,-0.04,-0.156,1.025,-8.61,3.29,8.65,1,imu01,fusion_20260818T182612Z,1187,35515345,569195648625754
569195671000000,35535,-0.055,-0.107,1.019,-6.21,0.38,5.37,1,imu01,fusion_20260818T182612Z,1188,35535348,569195668628323
569195703000000,35555,-0.051,-0.107,1.012,-3.54,-0.62,0.71,1,imu01,fusion_20260818T182612Z,1189,35555345,569195688624893
569195718000000,35575,-0.101,-0.148,1.047,2.32,-0.96,1.77,1,imu01,fusion_20260818T182612Z,1190,35575348,569195708627462
569195734000000,35595,-0.016,-0.1,1.033,0.44,1.33,0.54,1,imu01,fusion_20260818T182612Z,1191,35595345,569195728624032
569195765000000,35615,0.014,-0.149,1.038,0.71,1.99,6.9,1,imu01,fusion_20260818T182612Z,1192,35615348,569195748626601
569195781000000,35635,0.027,-0.158,1.041,5.22,-3.42,5.64,1,imu01,fusion_20260818T182612Z,1193,35635345,569195768623170
569195796000000,35655,0.02,-0.165,1.028,2.3,-9.29,-3.43,1,imu01,fusion_20260818T182612Z,1194,35655348,569195788625740
569195812000000,35675,-0.047,-0.183,1.047,8.19,-12.64,-6.2,1,imu01,fusion_20260818T182612Z,1195,35675345,569195808622309
569195843000000,35695,-0.035,-0.143,1.022,11.4,-9.7,-7.01,1,imu01,fusion_20260818T182612Z,1196,35695348,569195828624878
569195859000000,35715,-0.056,-0.201,1.041,10.81,-4.05,-4.9,1,imu01,fusion_20260818T182612Z,1197,35715345,569195848621448
569195875000000,35735,-0.031,-0.168,1.008,-3.6,-2.52,-4.75,1,imu01,fusion_20260818T182612Z,1198,35735348,569195868624017
569195906000000,35755,-0.002,-0.132,1.032,-9.76,-2.67,-3.85,1,imu01,fusion_20260818T182612Z,1199,35755345,569195888620587
569195921000000,35775,-0.07,-0.108,1.112,-13.57,-3.01,-0.18,1,imu01,fusion_20260818T182612Z,1200,35775348,569195908623156
569195937000000,35795,-0.033,-0.068,1.093,-11.17,-0.71,-7.74,1,imu01,fusion_20260818T182612Z,1201,35795345,569195928619726
569195953000000,35815,-0.037,-0.102,1.024,-10.36,0.65,-12.78,1,imu01,fusion_20260818T182612Z,1202,35815348,569195948622295
569195984000000,35835,-0.014,-0.098,0.986,-2.06,-3.4,-11.56,1,imu01,fusion_20260818T182612Z,1203,35835345,569195968618864
569196000000000,35855,-0.014,-0.11,0.94,-2.73,-6.82,-5.93,1,imu01,fusion_20260818T182612Z,1204,35855348,569195988621434
569196015000000,35875,-0.009,-0.155,1.002,-6.74,-9.31,-0.36,1,imu01,fusion_20260818T182612Z,1205,35875345,569196008618003
569196046000000,35895,-0.119,-0.133,1.106,-11.5,-10.31,-0.09,1,imu01,fusion_20260818T182612Z,1206,35895348,569196028620573
569196062000000,35915,-0.164,-0.118,1.151,-9.65,-4.44,-0.88,1,imu01,fusion_20260818T182612Z,1207,35915345,569196048617142
569196078000000,35935,-0.102,-0.172,1.103,-6.49,3.19,-3.59,1,imu01,fusion_20260818T182612Z,1208,35935348,569196068619712
569196093000000,35955,-0.036,-0.127,1.043,-10.21,4.25,-7.92,1,imu01,fusion_20260818T182612Z,1209,35955345,569196088616281
569196125000000,35975,-0.013,-0.123,0.992,-6.65,0.06,-8.8,1,imu01,fusion_20260818T182612Z,1210,35975348,569196108618850
569196140000000,35995,-0.006,-0.127,0.98,-3.23,-6.54,-8.29,1,imu01,fusion_20260818T182612Z,1211,35995345,569196128615420
569196156000000,36015,-0.07,-0.132,1.05,1.64,-10.26,-4.16,1,imu01,fusion_20260818T182612Z,1212,36015348,569196148617989
569196171000000,36035,-0.111,-0.127,1.082,8.99,-7.88,-2.57,1,imu01,fusion_20260818T182612Z,1213,36035345,569196168614559
569196203000000,36055,-0.057,-0.14,1.032,9.7,2.93,-0.39,1,imu01,fusion_20260818T182612Z,1214,36055348,569196188617128
569196218000000,36075,0.035,-0.144,0.95,2.39,8.94,-6.62,1,imu01,fusion_20260818T182612Z,1215,36075345,569196208613698
569196234000000,36095,0.06,-0.123,0.929,0.79,5.58,-9.73,1,imu01,fusion_20260818T182612Z,1216,36095348,569196228616267
569196265000000,36115,0.007,-0.105,0.986,-0.99,-0.17,-9.12,1,imu01,fusion_20260818T182612Z,1217,36115345,569196248612836
569196281000000,36135,-0.021,-0.106,1.019,-3.59,-0.89,-9.65,1,imu01,fusion_20260818T182612Z,1218,36135348,569196268615406
569196296000000,36155,-0.001,-0.102,1.005,-3.47,2.84,-10.85,1,imu01,fusion_20260818T182612Z,1219,36155345,569196288611975
569196312000000,36175,0.029,-0.108,0.977,-1.54,6.38,-9.94,1,imu01,fusion_20260818T182612Z,1220,36175348,569196308614544
569196343000000,36195,0.011,-0.126,0.997,3.34,6.01,-5.82,1,imu01,fusion_20260818T182612Z,1221,36195345,569196328611114
569196359000000,36215,-0.019,-0.115,1.01,13.98,3.78,-1.08,1,imu01,fusion_20260818T182612Z,1222,36215348,569196348613683
569196375000000,36235,0.019,-0.128,0.979,19.19,4.82,2.8,1,imu01,fusion_20260818T182612Z,1223,36235345,569196368610253
569196406000000,36255,0.038,-0.137,0.94,16.47,3.74,-3.1,1,imu01,fusion_20260818T182612Z,1224,36255348,569196388612822
569196421000000,36275,0.012,-0.148,0.982,15.51,-1.23,-2.42,1,imu01,fusion_20260818T182612Z,1225,36275345,569196408609392
569196437000000,36295,-0.019,-0.133,1.004,16.45,-2.94,0.91,1,imu01,fusion_20260818T182612Z,1226,36295348,569196428611961
569196453000000,36315,0.009,-0.111,0.986,11.35,0.29,0.92,1,imu01,fusion_20260818T182612Z,1227,36315345,569196448608530
569196484000000,36335,0.032,-0.114,0.961,4.75,2.22,1.83,1,imu01,fusion_20260818T182612Z,1228,36335348,569196468611100
569196500000000,36355,0.024,-0.091,0.985,1.08,1.34,3.29,1,imu01,fusion_20260818T182612Z,1229,36355345,569196488607669
569196515000000,36375,0.001,-0.091,1.01,-0.78,-0.36,2.87,1,imu01,fusion_20260818T182612Z,1230,36375348,569196508610239
569196531000000,36395,-0.023,-0.084,1.044,1.02,-1.1,-1.27,1,imu01,fusion_20260818T182612Z,1231,36395345,569196528606808
569196562000000,36415,0.011,-0.099,1.016,3.67,1.69,-3.35,1,imu01,fusion_20260818T182612Z,1232,36415348,569196548609377
569196578000000,36435,0.001,-0.122,0.993,2.52,3.09,-5.14,1,imu01,fusion_20260818T182612Z,1233,36435345,569196568605947
569196593000000,36455,-0.009,-0.114,0.975,0.51,2.25,-5.59,1,imu01,fusion_20260818T182612Z,1234,36455348,569196588608516
569196625000000,36475,-0.024,-0.108,0.978,-2.49,1.58,-5.92,1,imu01,fusion_20260818T182612Z,1235,36475345,569196608605086
569196640000000,36495,-0.021,-0.112,0.987,-5.02,1.16,-5.13,1,imu01,fusion_20260818T182612Z,1236,36495348,569196628607655
569196656000000,36515,-0.025,-0.117,1.009,-4.96,0.51,-3.77,1,imu01,fusion_20260818T182612Z,1237,36515345,569196648604225
569196671000000,36535,-0.021,-0.113,1.01,-3.3,0.43,-2.59,1,imu01,fusion_20260818T182612Z,1238,36535348,569196668606794
569196703000000,36555,-0.023,-0.124,1.008,-1.26,0.7,-1.67,1,imu01,fusion_20260818T182612Z,1239,36555345,569196688603363
569196718000000,36575,-0.019,-0.122,0.997,-1.32,1.29,-0.92,1,imu01,fusion_20260818T182612Z,1240,36575348,569196708605933
569196734000000,36595,0.002,-0.104,0.966,-1.96,0.35,-4.07,1,imu01,fusion_20260818T182612Z,1241,36595345,569196728602502
569196765000000,36615,-0.012,-0.122,0.967,-0.13,-2.83,-3.68,1,imu01,fusion_20260818T182612Z,1242,36615348,569196748605072
569196781000000,36635,-0.035,-0.117,0.998,0.93,-5.07,-2.27,1,imu01,fusion_20260818T182612Z,1243,36635345,569196768601641
569196796000000,36655,-0.039,-0.107,1.012,1.77,-4.59,-0.9,1,imu01,fusion_20260818T182612Z,1244,36655348,569196788604210
569196812000000,36675,-0.015,-0.144,1.018,3.48,-1.81,1.83,1,imu01,fusion_20260818T182612Z,1245,36675345,569196808600780
569196843000000,36695,-0.007,-0.125,1.01,1.39,-1.35,-0.27,1,imu01,fusion_20260818T182612Z,1246,36695348,569196828603349
569196859000000,36715,-0.013,-0.096,1.041,1.86,-0.98,0.54,1,imu01,fusion_20260818T182612Z,1247,36715345,569196848599919
569196875000000,36735,-0.04,-0.087,1.052,7.15,0.75,1.08,1,imu01,fusion_20260818T182612Z,1248,36735348,569196868602488
569196890000000,36755,0.01,-0.084,1.002,9.55,4.34,-2.14,1,imu01,fusion_20260818T182612Z,1249,36755345,569196888599058
569196921000000,36775,0.031,-0.135,0.975,8.37,4.61,-4.15,1,imu01,fusion_20260818T182612Z,1250,36775348,569196908601627
569196937000000,36795,-0.0,-0.119,0.979,6.12,0.48,-4.06,1,imu01,fusion_20260818T182612Z,1251,36795345,569196928598196
569196953000000,36815,-0.034,-0.105,0.987,0.93,-1.19,-3.5,1,imu01,fusion_20260818T182612Z,1252,36815348,569196948600766
569196984000000,36835,-0.033,-0.108,0.993,-3.52,0.38,-1.81,1,imu01,fusion_20260818T182612Z,1253,36835345,569196968597335
569197000000000,36855,-0.011,-0.119,1.006,-5.94,1.82,-0.76,1,imu01,fusion_20260818T182612Z,1254,36855348,569196988599904
569197015000000,36875,-0.003,-0.106,1.005,-3.03,1.99,-1.59,1,imu01,fusion_20260818T182612Z,1255,36875345,569197008596474
569197031000000,36895,0.005,-0.111,0.99,0.72,2.52,-1.32,1,imu01,fusion_20260818T182612Z,1256,36895348,569197028599043
569197062000000,36915,0.0,-0.11,0.961,-0.73,1.83,-2.95,1,imu01,fusion_20260818T182612Z,1257,36915345,569197048595613
569197078000000,36935,-0.023,-0.113,0.957,-1.07,0.32,-3.46,1,imu01,fusion_20260818T182612Z,1258,36935348,569197068598182
569197093000000,36955,-0.028,-0.11,0.963,-0.71,0.37,-1.04,1,imu01,fusion_20260818T182612Z,1259,36955345,569197088594752
569197125000000,36975,-0.009,-0.117,0.968,-2.43,0.9,0.12,1,imu01,fusion_20260818T182612Z,1260,36975348,569197108597321
569197140000000,36995,-0.011,-0.117,0.969,-5.41,-0.17,-1.4,1,imu01,fusion_20260818T182612Z,1261,36995345,569197128593890
569197156000000,37015,-0.011,-0.115,0.991,-4.14,-2.46,-0.43,1,imu01,fusion_20260818T182612Z,1262,37015348,569197148596460
569197171000000,37035,-0.038,-0.126,1.021,-2.38,-3.32,0.76,1,imu01,fusion_20260818T182612Z,1263,37035345,569197168593029
569197203000000,37055,-0.023,-0.118,1.021,-4.13,-2.33,-0.1,1,imu01,fusion_20260818T182612Z,1264,37055348,569197188595599
569197218000000,37075,-0.021,-0.113,1.002,-5.4,-0.67,0.52,1,imu01,fusion_20260818T182612Z,1265,37075345,569197208592168
569197234000000,37095,-0.002,-0.126,1.002,-4.03,-0.27,1.49,1,imu01,fusion_20260818T182612Z,1266,37095348,569197228594738
569197265000000,37115,-0.016,-0.106,1.012,-2.67,-1.25,-0.26,1,imu01,fusion_20260818T182612Z,1267,37115345,569197248591307
569197281000000,37135,-0.008,-0.115,1.008,-1.09,-0.64,-0.49,1,imu01,fusion_20260818T182612Z,1268,37135348,569197268593876
569197296000000,37155,-0.023,-0.136,1.008,-1.36,0.83,0.23,1,imu01,fusion_20260818T182612Z,1269,37155345,569197288590446
569197312000000,37175,-0.024,-0.12,0.999,-1.55,1.27,0.19,1,imu01,fusion_20260818T182612Z,1270,37175348,569197308593015
569197343000000,37195,-0.006,-0.123,0.979,-2.83,2.02,-0.01,1,imu01,fusion_20260818T182612Z,1271,37195345,569197328589585
569197359000000,37215,-0.012,-0.12,0.981,-3.17,1.92,0.77,1,imu01,fusion_20260818T182612Z,1272,37215348,569197348592154
569197375000000,37235,-0.008,-0.114,0.998,-4.21,1.45,1.64,1,imu01,fusion_20260818T182612Z,1273,37235345,569197368588724
569197406000000,37255,-0.028,-0.115,1.0,-4.78,2.83,4.01,1,imu01,fusion_20260818T182612Z,1274,37255348,569197388591293
569197421000000,37275,-0.023,-0.071,0.978,-5.54,5.63,3.71,1,imu01,fusion_20260818T182612Z,1275,37275345,569197408587862
569197437000000,37295,0.002,-0.076,0.926,-5.54,6.99,1.65,1,imu01,fusion_20260818T182612Z,1276,37295348,569197428590432
569197453000000,37315,-0.004,-0.082,0.901,-1.42,3.6,1.12,1,imu01,fusion_20260818T182612Z,1277,37315345,569197448587001
569197484000000,37335,-0.016,-0.103,0.928,1.28,-0.68,5.04,1,imu01,fusion_20260818T182612Z,1278,37335348,569197468589570
569197500000000,37355,-0.028,-0.112,0.989,0.8,-3.1,7.5,1,imu01,fusion_20260818T182612Z,1279,37355345,569197488586140
569197515000000,37375,-0.026,-0.113,1.021,-2.46,-2.49,4.67,1,imu01,fusion_20260818T182612Z,1280,37375348,569197508588709
569197531000000,37395,-0.028,-0.125,1.039,-4.88,-0.94,2.54,1,imu01,fusion_20260818T182612Z,1281,37395345,569197528585279
569197562000000,37415,-0.017,-0.103,1.03,-4.54,-0.21,1.6,1,imu01,fusion_20260818T182612Z,1282,37415348,569197548587848
569197578000000,37435,-0.017,-0.134,1.044,-0.85,0.48,2.96,1,imu01,fusion_20260818T182612Z,1283,37435345,569197568584418
569197593000000,37455,-0.014,-0.104,0.995,-1.43,1.54,2.22,1,imu01,fusion_20260818T182612Z,1284,37455348,569197588586987
569197625000000,37475,-0.031,-0.091,0.984,-3.68,3.15,4.05,1,imu01,fusion_20260818T182612Z,1285,37475345,569197608583556
569197640000000,37495,-0.051,-0.067,0.982,-5.19,4.43,5.94,1,imu01,fusion_20260818T182612Z,1286,37495348,569197628586126
569197656000000,37515,-0.038,-0.045,0.929,-5.97,6.33,7.64,1,imu01,fusion_20260818T182612Z,1287,37515345,569197648582695
569197671000000,37535,-0.06,-0.062,0.956,-5.4,6.38,9.85,1,imu01,fusion_20260818T182612Z,1288,37535348,569197668585265
569197703000000,37555,-0.06,-0.078,1.01,-4.14,3.43,10.99,1,imu01,fusion_20260818T182612Z,1289,37555345,569197688581834
569197718000000,37575,-0.069,-0.064,1.027,0.21,0.47,11.4,1,imu01,fusion_20260818T182612Z,1290,37575348,569197708584404
569197734000000,37595,-0.052,-0.09,1.036,2.64,1.1,12.36,1,imu01,fusion_20260818T182612Z,1291,37595345,569197728580973
569197765000000,37615,-0.032,-0.129,1.074,6.83,0.22,15.08,1,imu01,fusion_20260818T182612Z,1292,37615348,569197748583542
569197781000000,37635,-0.033,-0.163,1.097,9.8,-2.64,14.28,1,imu01,fusion_20260818T182612Z,1293,37635345,569197768580112
569197796000000,37655,-0.101,-0.19,1.166,12.83,-4.64,15.59,1,imu01,fusion_20260818T182612Z,1294,37655348,569197788582681
569197812000000,37675,-0.144,-0.169,1.195,11.18,0.21,18.5,1,imu01,fusion_20260818T182612Z,1295,37675345,569197808579251
569197843000000,37695,-0.117,-0.117,1.144,3.6,9.61,15.99,1,imu01,fusion_20260818T182612Z,1296,37695348,569197828581820
569197859000000,37715,-0.052,-0.089,1.06,-1.54,17.78,10.72,1,imu01,fusion_20260818T182612Z,1297,37715345,569197848578390
569197875000000,37735,-0.03,-0.043,1.068,-2.57,17.09,5.29,1,imu01,fusion_20260818T182612Z,1298,37735348,569197868580959
569197906000000,37755,-0.041,-0.06,1.082,3.5,12.36,6.25,1,imu01,fusion_20260818T182612Z,1299,37755345,569197888577528
569197921000000,37775,-0.053,-0.06,1.132,4.18,7.41,4.74,1,imu01,fusion_20260818T182612Z,1300,37775348,569197908580098
569197937000000,37795,-0.02,-0.087,1.14,4.04,3.74,-0.28,1,imu01,fusion_20260818T182612Z,1301,37795345,569197928576667
569197953000000,37815,-0.014,-0.132,1.164,4.38,1.24,-1.38,1,imu01,fusion_20260818T182612Z,1302,37815348,569197948579236
569197984000000,37835,-0.019,-0.187,1.153,-3.45,-0.73,1.62,1,imu01,fusion_20260818T182612Z,1303,37835345,569197968575806
569198000000000,37855,-0.016,-0.165,1.223,2.85,3.34,-2.28,1,imu01,fusion_20260818T182612Z,1304,37855348,569197988578375
569198015000000,37875,-0.058,-0.229,1.079,0.76,5.8,-5.11,1,imu01,fusion_20260818T182612Z,1305,37875345,569198008574945
569198031000000,37895,-0.058,-0.254,0.981,3.23,8.68,-7.33,1,imu01,fusion_20260818T182612Z,1306,37895348,569198028577514
569198062000000,37915,-0.045,-0.23,0.946,-0.23,6.14,-12.83,1,imu01,fusion_20260818T182612Z,1307,37915345,569198048574084
569198078000000,37935,-0.083,-0.223,0.99,2.74,1.57,-3.23,1,imu01,fusion_20260818T182612Z,1308,37935348,569198068576653
569198093000000,37955,-0.066,-0.201,1.021,-1.75,0.72,-2.99,1,imu01,fusion_20260818T182612Z,1309,37955345,569198088573222
569198125000000,37975,0.012,-0.223,1.041,-13.41,1.4,-10.29,1,imu01,fusion_20260818T182612Z,1310,37975348,569198108575792
569198140000000,37995,0.097,-0.238,1.078,-26.65,-8.91,-16.09,1,imu01,fusion_20260818T182612Z,1311,37995345,569198128572361
569198156000000,38015,-0.037,-0.322,1.225,-25.23,-20.48,-13.19,1,imu01,fusion_20260818T182612Z,1312,38015348,569198148574931
569198171000000,38035,-0.13,-0.292,1.301,-25.3,-15.17,-6.73,1,imu01,fusion_20260818T182612Z,1313,38035345,569198168571500
569198203000000,38055,-0.042,-0.268,1.135,-33.98,2.33,-8.3,1,imu01,fusion_20260818T182612Z,1314,38055348,569198188574070
569198218000000,38075,-0.008,-0.268,0.994,-42.01,11.83,-7.43,1,imu01,fusion_20260818T182612Z,1315,38075345,569198208570639
569198234000000,38095,-0.007,-0.216,1.01,-40.4,5.12,-6.53,1,imu01,fusion_20260818T182612Z,1316,38095348,569198228573208
569198265000000,38115,-0.004,-0.194,1.019,-29.27,-7.14,-1.77,1,imu01,fusion_20260818T182612Z,1317,38115345,569198248569778
569198281000000,38135,-0.085,-0.235,1.147,-9.53,-18.12,4.99,1,imu01,fusion_20260818T182612Z,1318,38135348,569198268572347
569198296000000,38155,-0.059,-0.213,1.174,1.33,-17.65,-1.07,1,imu01,fusion_20260818T182612Z,1319,38155345,569198288568917
569198312000000,38175,-0.06,-0.263,1.108,-0.85,-11.23,-3.28,1,imu01,fusion_20260818T182612Z,1320,38175348,569198308571486
569198343000000,38195,-0.005,-0.253,1.059,-5.84,-6.94,-5.12,1,imu01,fusion_20260818T182612Z,1321,38195345,569198328568055
569198359000000,38215,0.029,-0.195,1.01,-12.81,-10.64,-7.23,1,imu01,fusion_20260818T182612Z,1322,38215348,569198348570625
569198375000000,38235,0.021,-0.196,1.032,-10.85,-17.94,-4.27,1,imu01,fusion_20260818T182612Z,1323,38235345,569198368567194
569198406000000,38255,-0.015,-0.188,1.021,-7.72,-21.9,-4.33,1,imu01,fusion_20260818T182612Z,1324,38255348,569198388569764
569198421000000,38275,-0.001,-0.18,0.98,-4.55,-20.76,-4.52,1,imu01,fusion_20260818T182612Z,1325,38275345,569198408566333
569198437000000,38295,0.016,-0.182,0.89,-3.08,-18.78,-7.43,1,imu01,fusion_20260818T182612Z,1326,38295348,569198428568902
569198453000000,38315,0.059,-0.195,0.833,-5.62,-17.61,-9.59,1,imu01,fusion_20260818T182612Z,1327,38315345,569198448565472
569198484000000,38335,0.022,-0.206,0.839,-5.81,-21.67,-7.72,1,imu01,fusion_20260818T182612Z,1328,38335348,569198468568041
569198500000000,38355,-0.024,-0.221,0.918,-3.45,-24.44,-4.06,1,imu01,fusion_20260818T182612Z,1329,38355345,569198488564611
569198515000000,38375,-0.058,-0.182,0.933,-4.57,-18.49,-1.76,1,imu01,fusion_20260818T182612Z,1330,38375348,569198508567180
569198546000000,38395,0.003,-0.182,0.875,-11.88,-9.72,-3.55,1,imu01,fusion_20260818T182612Z,1331,38395345,569198528563750
569198562000000,38415,0.05,-0.168,0.832,-16.46,-6.8,-6.27,1,imu01,fusion_20260818T182612Z,1332,38415348,569198548566319
569198578000000,38435,0.006,-0.169,0.835,-9.2,-8.23,-2.1,1,imu01,fusion_20260818T182612Z,1333,38435345,569198568562888
569198593000000,38455,0.014,-0.17,0.818,-6.98,-6.28,-0.51,1,imu01,fusion_20260818T182612Z,1334,38455348,569198588565458
569198625000000,38475,0.014,-0.161,0.78,-8.97,-2.83,-1.63,1,imu01,fusion_20260818T182612Z,1335,38475345,569198608562027
569198640000000,38495,0.032,-0.188,0.787,-8.37,-1.53,1.4,1,imu01,fusion_20260818T182612Z,1336,38495348,569198628564597
569198656000000,38515,0.012,-0.179,0.778,-5.75,-2.52,1.34,1,imu01,fusion_20260818T182612Z,1337,38515345,569198648561166
569198671000000,38535,0.021,-0.203,0.767,-6.46,0.62,2.97,1,imu01,fusion_20260818T182612Z,1338,38535348,569198668563735
569198703000000,38555,0.052,-0.174,0.751,-9.72,0.84,1.45,1,imu01,fusion_20260818T182612Z,1339,38555345,569198688560305
569198718000000,38575,0.047,-0.184,0.817,-8.88,-1.8,-0.2,1,imu01,fusion_20260818T182612Z,1340,38575348,569198708562874
569198734000000,38595,0.042,-0.182,0.844,-4.82,-2.01,-0.83,1,imu01,fusion_20260818T182612Z,1341,38595345,569198728559444
569198765000000,38615,0.04,-0.202,0.852,-0.2,1.62,-1.92,1,imu01,fusion_20260818T182612Z,1342,38615348,569198748562013
569198781000000,38635,0.035,-0.199,0.842,0.9,3.86,-3.1,1,imu01,fusion_20260818T182612Z,1343,38635345,569198768558582
569198796000000,38655,0.048,-0.206,0.843,3.42,3.37,-1.21,1,imu01,fusion_20260818T182612Z,1344,38655348,569198788561152
569198812000000,38675,0.044,-0.207,0.863,4.85,2.15,-1.31,1,imu01,fusion_20260818T182612Z,1345,38675345,569198808557721
569198843000000,38695,0.047,-0.194,0.87,5.23,2.19,-2.94,1,imu01,fusion_20260818T182612Z,1346,38695348,569198828560291
569198859000000,38715,0.064,-0.214,0.866,5.47,2.93,-3.32,1,imu01,fusion_20260818T182612Z,1347,38715345,569198848556860
569198875000000,38735,0.07,-0.248,0.873,6.06,1.0,-2.5,1,imu01,fusion_20260818T182612Z,1348,38735348,569198868559430
569198906000000,38755,0.053,-0.251,0.911,6.15,-1.84,-1.22,1,imu01,fusion_20260818T182612Z,1349,38755345,569198888555999
569198921000000,38775,0.04,-0.277,0.972,6.62,-3.53,0.77,1,imu01,fusion_20260818T182612Z,1350,38775348,569198908558568
569198937000000,38795,0.028,-0.287,0.982,6.44,-2.11,0.96,1,imu01,fusion_20260818T182612Z,1351,38795345,569198928555138
569198953000000,38815,0.022,-0.283,1.011,5.92,3.22,3.83,1,imu01,fusion_20260818T182612Z,1352,38815348,569198948557707
569198984000000,38835,0.088,-0.279,0.97,2.94,8.44,3.11,1,imu01,fusion_20260818T182612Z,1353,38835345,569198968554277
569199000000000,38855,0.13,-0.279,0.947,-0.78,7.43,1.47,1,imu01,fusion_20260818T182612Z,1354,38855348,569198988556846
569199015000000,38875,0.086,-0.237,0.977,-2.79,3.12,-1.12,1,imu01,fusion_20260818T182612Z,1355,38875345,569199008553416
569199031000000,38895,0.05,-0.225,1.01,-1.04,1.18,-1.86,1,imu01,fusion_20260818T182612Z,1356,38895348,569199028555985
569199062000000,38915,0.067,-0.25,0.977,1.32,1.53,-4.85,1,imu01,fusion_20260818T182612Z,1357,38915345,569199048552554
569199078000000,38935,0.057,-0.256,0.969,3.76,0.34,-7.24,1,imu01,fusion_20260818T182612Z,1358,38935348,569199068555124
569199093000000,38955,0.077,-0.272,0.952,4.26,-2.41,-7.77,1,imu01,fusion_20260818T182612Z,1359,38955345,569199088551693
569199125000000,38975,0.046,-0.3,0.992,4.25,-4.55,-4.05,1,imu01,fusion_20260818T182612Z,1360,38975348,569199108554262
569199140000000,38995,0.028,-0.294,1.033,0.51,-4.62,-3.81,1,imu01,fusion_20260818T182612Z,1361,38995345,569199128550832
569199156000000,39015,0.037,-0.324,1.049,-2.59,-1.2,-1.98,1,imu01,fusion_20260818T182612Z,1362,39015348,569199148553401
569199171000000,39035,0.03,-0.274,1.004,-3.41,0.61,-2.31,1,imu01,fusion_20260818T182612Z,1363,39035345,569199168549971
569199203000000,39055,0.047,-0.235,0.964,-2.05,3.49,0.53,1,imu01,fusion_20260818T182612Z,1364,39055348,569199188552540
569199218000000,39075,0.078,-0.216,0.944,1.45,4.54,0.86,1,imu01,fusion_20260818T182612Z,1365,39075345,569199208549110
569199234000000,39095,0.079,-0.207,0.929,5.9,1.26,-1.79,1,imu01,fusion_20260818T182612Z,1366,39095348,569199228551679
569199265000000,39115,0.038,-0.213,0.984,11.56,-1.91,-1.55,1,imu01,fusion_20260818T182612Z,1367,39115345,569199248548248
569199281000000,39135,0.052,-0.234,0.977,9.74,-0.55,-2.49,1,imu01,fusion_20260818T182612Z,1368,39135348,569199268550818
569199296000000,39155,0.047,-0.236,0.999,3.86,0.67,-3.81,1,imu01,fusion_20260818T182612Z,1369,39155345,569199288547387
569199312000000,39175,0.034,-0.238,1.0,-2.61,1.73,-5.28,1,imu01,fusion_20260818T182612Z,1370,39175348,569199308549957
569199343000000,39195,0.021,-0.235,1.003,-3.57,1.72,-4.46,1,imu01,fusion_20260818T182612Z,1371,39195345,569199328546526
569199359000000,39215,0.03,-0.248,0.989,-2.44,1.56,-3.62,1,imu01,fusion_20260818T182612Z,1372,39215348,569199348549096
569199375000000,39235,0.022,-0.249,0.981,-0.07,1.38,-1.52,1,imu01,fusion_20260818T182612Z,1373,39235345,569199368545665
569199390000000,39255,0.01,-0.233,0.976,1.59,0.64,0.42,1,imu01,fusion_20260818T182612Z,1374,39255348,569199388548234
569199421000000,39275,0.043,-0.22,0.956,2.11,1.59,3.86,1,imu01,fusion_20260818T182612Z,1375,39275345,569199408544804
569199437000000,39295,0.061,-0.221,0.941,-1.01,0.41,3.04,1,imu01,fusion_20260818T182612Z,1376,39295348,569199428547373
569199453000000,39315,0.054,-0.226,0.966,-1.78,-2.01,2.93,1,imu01,fusion_20260818T182612Z,1377,39315345,569199448543943
569199484000000,39335,0.033,-0.238,1.011,-0.49,-2.89,4.67,1,imu01,fusion_20260818T182612Z,1378,39335348,569199468546512
569199500000000,39355,0.028,-0.239,1.012,1.23,-2.25,5.5,1,imu01,fusion_20260818T182612Z,1379,39355345,569199488543082
569199515000000,39375,0.034,-0.246,1.001,-0.2,0.01,5.33,1,imu01,fusion_20260818T182612Z,1380,39375348,569199508545651
569199531000000,39395,0.044,-0.225,0.98,-2.51,0.16,3.65,1,imu01,fusion_20260818T182612Z,1381,39395345,569199528542220
569199562000000,39415,0.033,-0.232,0.978,-1.14,0.19,5.51,1,imu01,fusion_20260818T182612Z,1382,39415348,569199548544790
569199578000000,39435,0.046,-0.237,0.986,0.07,0.93,6.32,1,imu01,fusion_20260818T182612Z,1383,39435345,569199568541359
569199593000000,39455,0.047,-0.25,0.972,-0.16,0.45,5.7,1,imu01,fusion_20260818T182612Z,1384,39455348,569199588543928
569199625000000,39475,0.041,-0.237,0.986,-1.58,-0.62,4.63,1,imu01,fusion_20260818T182612Z,1385,39475345,569199608540498
569199640000000,39495,0.028,-0.227,0.992,0.37,-1.45,6.19,1,imu01,fusion_20260818T182612Z,1386,39495348,569199628543067
569199656000000,39515,0.036,-0.261,0.983,0.61,-0.04,7.35,1,imu01,fusion_20260818T182612Z,1387,39515345,569199648539637
569199671000000,39535,0.061,-0.238,0.964,-2.47,-0.4,5.79,1,imu01,fusion_20260818T182612Z,1388,39535348,569199668542206
569199703000000,39555,0.05,-0.233,0.969,-3.67,-2.6,6.28,1,imu01,fusion_20260818T182612Z,1389,39555345,569199688538776
569199718000000,39575,0.044,-0.203,0.982,-4.15,-3.91,7.07,1,imu01,fusion_20260818T182612Z,1390,39575348,569199708541345
569199734000000,39595,0.043,-0.208,0.978,-1.17,-3.52,10.21,1,imu01,fusion_20260818T182612Z,1391,39595345,569199728537914
569199765000000,39615,0.053,-0.21,0.97,2.57,-3.17,12.31,1,imu01,fusion_20260818T182612Z,1392,39615348,569199748540484
569199781000000,39635,0.063,-0.204,0.94,3.03,-4.64,13.48,1,imu01,fusion_20260818T182612Z,1393,39635345,569199768537053
569199796000000,39655,0.035,-0.219,0.956,2.68,-8.1,13.15,1,imu01,fusion_20260818T182612Z,1394,39655348,569199788539623
569199812000000,39675,0.035,-0.225,0.955,-0.13,-9.39,12.98,1,imu01,fusion_20260818T182612Z,1395,39675345,569199808536192
569199843000000,39695,0.037,-0.226,0.981,-1.69,-8.4,17.03,1,imu01,fusion_20260818T182612Z,1396,39695348,569199828538762
569199859000000,39715,0.039,-0.21,1.0,-1.82,-8.03,18.95,1,imu01,fusion_20260818T182612Z,1397,39715345,569199848535331
569199875000000,39735,0.051,-0.215,0.984,-1.69,-7.63,19.21,1,imu01,fusion_20260818T182612Z,1398,39735348,569199868537900
569199906000000,39755,0.067,-0.203,0.982,-0.17,-7.34,20.76,1,imu01,fusion_20260818T182612Z,1399,39755345,569199888534470
569199921000000,39775,0.072,-0.223,0.982,1.3,-8.05,23.92,1,imu01,fusion_20260818T182612Z,1400,39775348,569199908537039
569199937000000,39795,0.059,-0.222,1.006,2.85,-10.68,23.25,1,imu01,fusion_20260818T182612Z,1401,39795345,569199928533609
569199953000000,39815,0.063,-0.203,0.992,4.15,-10.39,23.53,1,imu01,fusion_20260818T182612Z,1402,39815348,569199948536178
569199984000000,39835,0.067,-0.23,0.978,5.46,-8.94,26.13,1,imu01,fusion_20260818T182612Z,1403,39835345,569199968532748
569200000000000,39855,0.083,-0.223,0.963,5.5,-8.68,26.57,1,imu01,fusion_20260818T182612Z,1404,39855348,569199988535317
569200015000000,39875,0.074,-0.23,0.96,4.9,-9.6,26.17,1,imu01,fusion_20260818T182612Z,1405,39875345,569200008531886
569200031000000,39895,0.089,-0.224,0.967,3.89,-9.36,25.23,1,imu01,fusion_20260818T182612Z,1406,39895348,569200028534456
569200062000000,39915,0.088,-0.233,0.968,4.65,-9.57,26.99,1,imu01,fusion_20260818T182612Z,1407,39915345,569200048531025
569200078000000,39935,0.081,-0.239,0.975,7.45,-9.77,28.12,1,imu01,fusion_20260818T182612Z,1408,39935348,569200068533594
569200093000000,39955,0.098,-0.24,0.968,5.85,-8.16,25.24,1,imu01,fusion_20260818T182612Z,1409,39955345,569200088530164
569200125000000,39975,0.099,-0.24,0.957,3.41,-6.69,20.78,1,imu01,fusion_20260818T182612Z,1410,39975348,569200108532733
569200140000000,39995,0.089,-0.224,0.967,2.57,-5.57,17.85,1,imu01,fusion_20260818T182612Z,1411,39995345,569200128529303
569200156000000,40015,0.076,-0.216,0.952,2.54,-4.55,14.5,1,imu01,fusion_20260818T182612Z,1412,40015348,569200148531872
569200171000000,40035,0.099,-0.21,0.933,3.3,-1.89,12.78,1,imu01,fusion_20260818T182612Z,1413,40035345,569200168528442
569200203000000,40055,0.105,-0.211,0.94,3.34,-1.55,10.12,1,imu01,fusion_20260818T182612Z,1414,40055348,569200188531011
569200218000000,40075,0.107,-0.223,0.968,4.58,-3.71,7.06,1,imu01,fusion_20260818T182612Z,1415,40075345,569200208527580
569200234000000,40095,0.07,-0.24,1.013,4.97,-4.55,5.48,1,imu01,fusion_20260818T182612Z,1416,40095348,569200228530150
569200265000000,40115,0.092,-0.25,1.038,4.41,-0.48,4.55,1,imu01,fusion_20260818T182612Z,1417,40115345,569200248526719
569200281000000,40135,0.096,-0.248,1.021,1.24,3.99,-0.62,1,imu01,fusion_20260818T182612Z,1418,40135348,569200268529289
569200296000000,40155,0.085,-0.202,0.966,-0.23,4.74,-10.21,1,imu01,fusion_20260818T182612Z,1419,40155345,569200288525858
569200312000000,40175,0.08,-0.185,0.96,1.43,4.99,-12.98,1,imu01,fusion_20260818T182612Z,1420,40175348,569200308528427
569200343000000,40195,0.088,-0.222,0.955,3.02,4.85,-15.4,1,imu01,fusion_20260818T182612Z,1421,40195345,569200328524997
569200359000000,40215,0.089,-0.213,0.966,2.2,3.89,-19.3,1,imu01,fusion_20260818T182612Z,1422,40215348,569200348527566
569200375000000,40235,0.064,-0.214,1.013,0.7,4.57,-22.44,1,imu01,fusion_20260818T182612Z,1423,40235345,569200368524136
569200406000000,40255,0.07,-0.214,1.025,-0.27,6.51,-27.18,1,imu01,fusion_20260818T182612Z,1424,40255348,569200388526705
569200421000000,40275,0.052,-0.222,1.033,-0.33,7.87,-33.35,1,imu01,fusion_20260818T182612Z,1425,40275345,569200408523275
569200437000000,40295,0.046,-0.227,1.034,-0.59,8.93,-38.16,1,imu01,fusion_20260818T182612Z,1426,40295348,569200428525844
569200453000000,40315,0.047,-0.241,1.022,-0.67,11.06,-38.72,1,imu01,fusion_20260818T182612Z,1427,40315345,569200448522413
569200484000000,40335,0.049,-0.217,0.995,-1.07,11.96,-41.68,1,imu01,fusion_20260818T182612Z,1428,40335348,569200468524983
569200500000000,40355,0.052,-0.212,0.953,-0.54,12.96,-45.49,1,imu01,fusion_20260818T182612Z,1429,40355345,569200488521552
569200515000000,40375,0.048,-0.214,0.919,1.9,13.4,-47.21,1,imu01,fusion_20260818T182612Z,1430,40375348,569200508524122
569200531000000,40395,0.05,-0.221,0.918,1.86,12.32,-50.6,1,imu01,fusion_20260818T182612Z,1431,40395345,569200528520691
569200562000000,40415,0.051,-0.226,0.917,3.8,10.26,-54.11,1,imu01,fusion_20260818T182612Z,1432,40415348,569200548523260
569200578000000,40435,0.059,-0.214,0.907,3.85,11.13,-55.74,1,imu01,fusion_20260818T182612Z,1433,40435345,569200568519830
569200593000000,40455,0.066,-0.238,0.921,-0.49,11.84,-59.35,1,imu01,fusion_20260818T182612Z,1434,40455348,569200588522399
569200625000000,40475,0.076,-0.237,0.929,-2.3,13.94,-60.04,1,imu01,fusion_20260818T182612Z,1435,40475345,569200608518969
569200640000000,40495,0.087,-0.233,0.918,-7.57,15.51,-64.17,1,imu01,fusion_20260818T182612Z,1436,40495348,569200628521538
569200656000000,40515,0.06,-0.221,0.926,-13.49,15.53,-72.0,1,imu01,fusion_20260818T182612Z,1437,40515345,569200648518108
569200671000000,40535,0.053,-0.206,0.93,-16.17,15.43,-79.2,1,imu01,fusion_20260818T182612Z,1438,40535348,569200668520677
569200703000000,40555,0.125,-0.223,0.909,-14.03,14.01,-84.4,1,imu01,fusion_20260818T182612Z,1439,40555345,569200688517246
569200718000000,40575,0.104,-0.307,0.959,-11.05,5.69,-88.36,1,imu01,fusion_20260818T182612Z,1440,40575348,569200708519816
569200734000000,40595,-0.022,-0.311,1.034,-1.61,-5.37,-92.53,1,imu01,fusion_20260818T182612Z,1441,40595345,569200728516385
569200765000000,40615,-0.047,-0.298,1.052,1.09,-2.4,-97.15,1,imu01,fusion_20260818T182612Z,1442,40615348,569200748518955
569200781000000,40635,-0.008,-0.339,0.974,1.37,7.14,-96.32,1,imu01,fusion_20260818T182612Z,1443,40635345,569200768515524
569200796000000,40655,0.047,-0.325,0.937,-8.65,12.92,-96.88,1,imu01,fusion_20260818T182612Z,1444,40655348,569200788518093
569200812000000,40675,0.023,-0.268,0.915,-14.37,11.14,-97.0,1,imu01,fusion_20260818T182612Z,1445,40675345,569200808514663
569200843000000,40695,0.014,-0.216,0.926,-13.69,10.46,-96.4,1,imu01,fusion_20260818T182612Z,1446,40695348,569200828517232
569200859000000,40715,0.074,-0.264,0.929,-12.61,9.38,-98.33,1,imu01,fusion_20260818T182612Z,1447,40715345,569200848513802
569200875000000,40735,0.135,-0.38,1.021,-17.25,7.01,-97.04,1,imu01,fusion_20260818T182612Z,1448,40735348,569200868516371
569200906000000,40755,0.077,-0.395,1.132,-23.17,6.52,-93.49,1,imu01,fusion_20260818T182612Z,1449,40755345,569200888512940
569200921000000,40775,0.029,-0.322,1.134,-29.75,15.42,-94.68,1,imu01,fusion_20260818T182612Z,1450,40775348,569200908515510
569200937000000,40795,0.073,-0.227,1.043,-32.38,29.4,-100.79,1,imu01,fusion_20260818T182612Z,1451,40795345,569200928512079
569200953000000,40815,0.214,-0.224,0.905,-32.51,38.11,-103.39,1,imu01,fusion_20260818T182612Z,1452,40815348,569200948514649
569200984000000,40835,0.223,-0.243,0.882,-21.13,30.72,-96.17,1,imu01,fusion_20260818T182612Z,1453,40835345,569200968511218
569201000000000,40855,0.117,-0.258,0.97,-9.9,17.93,-86.97,1,imu01,fusion_20260818T182612Z,1454,40855348,569200988513788
569201015000000,40875,0.107,-0.253,0.989,-11.37,15.52,-81.85,1,imu01,fusion_20260818T182612Z,1455,40875345,569201008510357
569201046000000,40895,0.144,-0.221,0.991,-13.97,21.84,-78.24,1,imu01,fusion_20260818T182612Z,1456,40895348,569201028512926
569201062000000,40915,0.198,-0.196,0.977,-20.41,26.58,-79.3,1,imu01,fusion_20260818T182612Z,1457,40915345,569201048509496
569201078000000,40935,0.192,-0.17,0.967,-16.74,25.22,-77.94,1,imu01,fusion_20260818T182612Z,1458,40935348,569201068512065
569201093000000,40955,0.178,-0.181,0.982,-14.26,22.47,-79.47,1,imu01,fusion_20260818T182612Z,1459,40955345,569201088508635
569201125000000,40975,0.138,-0.2,0.992,-10.13,20.56,-78.62,1,imu01,fusion_20260818T182612Z,1460,40975348,569201108511204
569201140000000,40995,0.127,-0.214,1.003,-6.99,21.08,-77.09,1,imu01,fusion_20260818T182612Z,1461,40995345,569201128507774
569201156000000,41015,0.122,-0.215,0.959,-7.47,23.92,-76.65,1,imu01,fusion_20260818T182612Z,1462,41015348,569201148510343
569201171000000,41035,0.121,-0.199,0.93,-7.2,27.13,-77.93,1,imu01,fusion_20260818T182612Z,1463,41035345,569201168506912
569201203000000,41055,0.113,-0.206,0.907,-4.53,26.9,-74.65,1,imu01,fusion_20260818T182612Z,1464,41055348,569201188509482
569201218000000,41075,0.106,-0.217,0.918,-0.33,23.12,-70.93,1,imu01,fusion_20260818T182612Z,1465,41075345,569201208506051
569201234000000,41095,0.086,-0.239,0.959,1.23,19.2,-65.49,1,imu01,fusion_20260818T182612Z,1466,41095348,569201228508620
569201265000000,41115,0.065,-0.247,1.021,2.28,16.24,-62.04,1,imu01,fusion_20260818T182612Z,1467,41115345,569201248505190
569201281000000,41135,0.048,-0.243,1.055,6.73,15.74,-57.49,1,imu01,fusion_20260818T182612Z,1468,41135348,569201268507759
569201296000000,41155,0.067,-0.263,1.046,8.47,19.21,-56.68,1,imu01,fusion_20260818T182612Z,1469,41155345,569201288504329
569201312000000,41175,0.066,-0.268,1.018,2.66,24.68,-58.07,1,imu01,fusion_20260818T182612Z,1470,41175348,569201308506898
569201343000000,41195,0.097,-0.254,0.954,-1.37,26.51,-55.63,1,imu01,fusion_20260818T182612Z,1471,41195345,569201328503468
569201359000000,41215,0.075,-0.232,0.953,-1.02,23.68,-50.89,1,imu01,fusion_20260818T182612Z,1472,41215348,569201348506037
569201375000000,41235,0.066,-0.213,0.948,2.3,21.81,-46.26,1,imu01,fusion_20260818T182612Z,1473,41235345,569201368502606
569201406000000,41255,0.094,-0.226,0.937,7.22,22.54,-39.61,1,imu01,fusion_20260818T182612Z,1474,41255348,569201388505176
569201421000000,41275,0.096,-0.248,0.933,8.53,19.89,-39.56,1,imu01,fusion_20260818T182612Z,1475,41275345,569201408501745
569201437000000,41295,0.061,-0.242,0.934,9.95,15.54,-40.2,1,imu01,fusion_20260818T182612Z,1476,41295348,569201428504315
569201453000000,41315,0.041,-0.257,0.928,13.27,12.8,-35.2,1,imu01,fusion_20260818T182612Z,1477,41315345,569201448500884
569201484000000,41335,0.038,-0.273,0.946,11.67,12.18,-32.01,1,imu01,fusion_20260818T182612Z,1478,41335348,569201468503454
569201500000000,41355,0.028,-0.278,0.968,6.7,12.35,-30.91,1,imu01,fusion_20260818T182612Z,1479,41355345,569201488500023
569201515000000,41375,-0.02,-0.264,0.994,4.51,13.8,-27.81,1,imu01,fusion_20260818T182612Z,1480,41375348,569201508502592
569201531000000,41395,0.022,-0.213,0.945,-1.55,17.59,-29.97,1,imu01,fusion_20260818T182612Z,1481,41395345,569201528499162
569201562000000,41415,0.069,-0.213,0.896,-5.75,17.02,-31.04,1,imu01,fusion_20260818T182612Z,1482,41415348,569201548501731
569201578000000,41435,0.058,-0.216,0.916,-4.66,6.62,-31.61,1,imu01,fusion_20260818T182612Z,1483,41435345,569201568498301
569201593000000,41455,-0.01,-0.225,1.007,-1.07,-2.68,-26.96,1,imu01,fusion_20260818T182612Z,1484,41455348,569201588500870
569201625000000,41475,-0.024,-0.234,1.061,-2.97,-3.13,-24.6,1,imu01,fusion_20260818T182612Z,1485,41475345,569201608497440
569201640000000,41495,0.016,-0.221,1.042,-6.81,-0.17,-25.2,1,imu01,fusion_20260818T182612Z,1486,41495348,569201628500009
569201656000000,41515,0.031,-0.199,1.041,-4.66,-1.72,-24.27,1,imu01,fusion_20260818T182612Z,1487,41515345,569201648496578
569201671000000,41535,0.021,-0.194,1.031,-0.52,-3.97,-24.33,1,imu01,fusion_20260818T182612Z,1488,41535348,569201668499148
569201703000000,41555,-0.02,-0.176,1.044,4.9,-5.06,-25.44,1,imu01,fusion_20260818T182612Z,1489,41555345,569201688495717
569201718000000,41575,-0.007,-0.185,0.997,4.73,-1.73,-28.05,1,imu01,fusion_20260818T182612Z,1490,41575348,569201708498286
569201734000000,41595,-0.031,-0.162,0.969,0.12,2.19,-31.21,1,imu01,fusion_20260818T182612Z,1491,41595345,569201728494856
569201765000000,41615,0.011,-0.116,0.932,-3.46,5.41,-32.15,1,imu01,fusion_20260818T182612Z,1492,41615348,569201748497425
569201781000000,41635,0.003,-0.096,0.9,-3.19,6.6,-33.89,1,imu01,fusion_20260818T182612Z,1493,41635345,569201768493995
569201796000000,41655,0.06,-0.173,0.909,2.28,0.96,-33.01,1,imu01,fusion_20260818T182612Z,1494,41655348,569201788496564
569201812000000,41675,0.055,-0.299,1.035,4.92,-9.65,-28.9,1,imu01,fusion_20260818T182612Z,1495,41675345,569201808493134
569201843000000,41695,-0.054,-0.32,1.183,-0.68,-13.23,-26.59,1,imu01,fusion_20260818T182612Z,1496,41695348,569201828495703
569201859000000,41715,-0.09,-0.263,1.156,-7.01,0.82,-29.03,1,imu01,fusion_20260818T182612Z,1497,41715345,569201848492272
569201875000000,41735,0.053,-0.212,0.928,-15.35,19.86,-31.83,1,imu01,fusion_20260818T182612Z,1498,41735348,569201868494842
569201906000000,41755,0.118,-0.17,0.776,-15.42,21.98,-27.52,1,imu01,fusion_20260818T182612Z,1499,41755345,569201888491411
569201921000000,41775,0.11,-0.139,0.795,-10.37,8.82,-18.27,1,imu01,fusion_20260818T182612Z,1500,41775348,569201908493981
569201937000000,41795,0.032,-0.136,0.885,-1.48,-5.59,-11.43,1,imu01,fusion_20260818T182612Z,1501,41795345,569201928490550
569201953000000,41815,0.032,-0.167,0.941,1.39,-7.94,-8.44,1,imu01,fusion_20260818T182612Z,1502,41815348,569201948493120
569201984000000,41835,0.056,-0.21,0.989,-0.49,-6.18,-6.74,1,imu01,fusion_20260818T182612Z,1503,41835345,569201968489689
569202000000000,41855,0.081,-0.216,1.062,-4.16,-6.71,-7.68,1,imu01,fusion_20260818T182612Z,1504,41855348,569201988492258
569202015000000,41875,0.065,-0.227,1.084,-3.39,-6.38,-6.01,1,imu01,fusion_20260818T182612Z,1505,41875345,569202008488828
569202031000000,41895,0.062,-0.225,1.083,-2.59,-3.81,-6.9,1,imu01,fusion_20260818T182612Z,1506,41895348,569202028491397
569202062000000,41915,0.066,-0.235,1.043,-2.37,-2.4,-9.17,1,imu01,fusion_20260818T182612Z,1507,41915345,569202048487967
569202078000000,41935,0.074,-0.228,0.992,-1.62,-0.05,-7.43,1,imu01,fusion_20260818T182612Z,1508,41935348,569202068490536
569202093000000,41955,0.082,-0.204,0.972,0.6,-0.49,-3.1,1,imu01,fusion_20260818T182612Z,1509,41955345,569202088487105
569202125000000,41975,0.089,-0.19,0.957,-1.23,-0.92,-4.06,1,imu01,fusion_20260818T182612Z,1510,41975348,569202108489675
569202140000000,41995,0.101,-0.17,0.975,-1.02,-1.17,-5.21,1,imu01,fusion_20260818T182612Z,1511,41995345,569202128486244
569202156000000,42015,0.111,-0.184,0.972,-0.08,-1.95,-6.85,1,imu01,fusion_20260818T182612Z,1512,42015348,569202148488814
569202171000000,42035,0.103,-0.193,0.99,2.5,-2.55,-6.72,1,imu01,fusion_20260818T182612Z,1513,42035345,569202168485383
569202203000000,42055,0.103,-0.192,1.006,2.02,-0.75,-5.31,1,imu01,fusion_20260818T182612Z,1514,42055348,569202188487952
569202218000000,42075,0.074,-0.183,1.03,2.47,1.99,-5.3,1,imu01,fusion_20260818T182612Z,1515,42075345,569202208484522
569202234000000,42095,0.1,-0.187,1.018,6.61,6.88,-4.91,1,imu01,fusion_20260818T182612Z,1516,42095348,569202228487091
569202265000000,42115,0.136,-0.191,0.977,7.9,8.1,-6.62,1,imu01,fusion_20260818T182612Z,1517,42115345,569202248483661
569202281000000,42135,0.134,-0.216,0.984,9.6,4.31,-5.75,1,imu01,fusion_20260818T182612Z,1518,42135348,569202268486230
569202296000000,42155,0.119,-0.208,0.986,7.35,0.2,-5.43,1,imu01,fusion_20260818T182612Z,1519,42155345,569202288482800
569202312000000,42175,0.115,-0.192,0.979,2.61,-2.0,-5.33,1,imu01,fusion_20260818T182612Z,1520,42175348,569202308485369
569202343000000,42195,0.11,-0.176,0.963,-3.13,-1.3,-9.44,1,imu01,fusion_20260818T182612Z,1521,42195345,569202328481938
569202359000000,42215,0.116,-0.188,0.954,-2.54,-1.17,-8.65,1,imu01,fusion_20260818T182612Z,1522,42215348,569202348484508
569202375000000,42235,0.117,-0.184,0.946,-1.19,-1.28,-10.21,1,imu01,fusion_20260818T182612Z,1523,42235345,569202368481077
569202406000000,42255,0.101,-0.19,0.961,-0.08,-1.96,-9.97,1,imu01,fusion_20260818T182612Z,1524,42255348,569202388483647
569202421000000,42275,0.098,-0.205,0.946,1.06,-0.65,-6.07,1,imu01,fusion_20260818T182612Z,1525,42275345,569202408480216
569202437000000,42295,0.096,-0.214,0.951,-1.46,0.79,-5.01,1,imu01,fusion_20260818T182612Z,1526,42295348,569202428482785
569202453000000,42315,0.11,-0.199,0.972,-5.07,1.38,-5.17,1,imu01,fusion_20260818T182612Z,1527,42315345,569202448479355
569202484000000,42335,0.113,-0.184,0.98,-5.15,1.15,-2.5,1,imu01,fusion_20260818T182612Z,1528,42335348,569202468481924
569202500000000,42355,0.123,-0.174,0.988,-2.64,1.49,2.43,1,imu01,fusion_20260818T182612Z,1529,42355345,569202488478494
569202515000000,42375,0.113,-0.171,0.991,-4.54,2.04,1.38,1,imu01,fusion_20260818T182612Z,1530,42375348,569202508481063
569202531000000,42395,0.09,-0.146,0.981,-2.8,1.74,1.54,1,imu01,fusion_20260818T182612Z,1531,42395345,569202528477632
569202562000000,42415,0.112,-0.146,0.941,-3.52,3.06,3.18,1,imu01,fusion_20260818T182612Z,1532,42415348,569202548480202
569202578000000,42435,0.1,-0.156,0.948,-5.38,2.43,5.11,1,imu01,fusion_20260818T182612Z,1533,42435345,569202568476771
569202593000000,42455,0.076,-0.148,0.992,-3.29,1.86,9.03,1,imu01,fusion_20260818T182612Z,1534,42455348,569202588479341
569202625000000,42475,0.078,-0.153,0.982,-3.28,3.7,10.11,1,imu01,fusion_20260818T182612Z,1535,42475345,569202608475910
569202640000000,42495,0.116,-0.179,0.948,-2.48,5.36,12.22,1,imu01,fusion_20260818T182612Z,1536,42495348,569202628478480
569202656000000,42515,0.092,-0.17,0.963,-3.09,3.9,14.82,1,imu01,fusion_20260818T182612Z,1537,42515345,569202648475049
569202671000000,42535,0.093,-0.151,0.98,-1.41,2.94,19.06,1,imu01,fusion_20260818T182612Z,1538,42535348,569202668477618
569202703000000,42555,0.092,-0.158,0.979,-1.33,3.38,21.31,1,imu01,fusion_20260818T182612Z,1539,42555345,569202688474188
569202718000000,42575,0.086,-0.167,0.986,0.19,2.95,22.99,1,imu01,fusion_20260818T182612Z,1540,42575348,569202708476757
569202734000000,42595,0.087,-0.176,1.006,2.01,2.52,27.03,1,imu01,fusion_20260818T182612Z,1541,42595345,569202728473327
569202765000000,42615,0.057,-0.183,1.027,0.93,2.08,26.12,1,imu01,fusion_20260818T182612Z,1542,42615348,569202748475896
569202781000000,42635,0.043,-0.186,1.018,3.29,1.25,28.22,1,imu01,fusion_20260818T182612Z,1543,42635345,569202768472466
569202796000000,42655,0.066,-0.214,1.025,6.98,3.25,35.06,1,imu01,fusion_20260818T182612Z,1544,42655348,569202788475035
569202812000000,42675,0.089,-0.238,1.006,5.82,0.83,35.44,1,imu01,fusion_20260818T182612Z,1545,42675345,569202808471604
569202843000000,42695,0.067,-0.253,1.037,7.9,-4.62,35.27,1,imu01,fusion_20260818T182612Z,1546,42695348,569202828474174
569202859000000,42715,0.045,-0.274,1.054,10.69,-6.53,37.38,1,imu01,fusion_20260818T182612Z,1547,42715345,569202848470743
569202875000000,42735,0.049,-0.295,1.016,10.28,-1.39,39.86,1,imu01,fusion_20260818T182612Z,1548,42735348,569202868473312
569202890000000,42755,0.068,-0.31,0.987,5.43,-0.71,39.73,1,imu01,fusion_20260818T182612Z,1549,42755345,569202888469882
569202921000000,42775,0.087,-0.265,0.977,-2.9,-2.84,36.53,1,imu01,fusion_20260818T182612Z,1550,42775348,569202908472451
569202937000000,42795,0.106,-0.251,0.987,-11.11,-2.46,34.82,1,imu01,fusion_20260818T182612Z,1551,42795345,569202928469021
569202953000000,42815,0.04,-0.217,0.985,-6.49,-2.43,34.65,1,imu01,fusion_20260818T182612Z,1552,42815348,569202948471590
569202984000000,42835,0.045,-0.208,0.912,-0.73,0.72,31.8,1,imu01,fusion_20260818T182612Z,1553,42835345,569202968468160
569203000000000,42855,0.049,-0.227,0.866,2.35,2.66,30.45,1,imu01,fusion_20260818T182612Z,1554,42855348,569202988470729
569203015000000,42875,0.051,-0.211,0.833,3.31,1.63,30.99,1,imu01,fusion_20260818T182612Z,1555,42875345,569203008467298
569203031000000,42895,0.025,-0.219,0.884,5.77,-2.29,33.1,1,imu01,fusion_20260818T182612Z,1556,42895348,569203028469868
569203062000000,42915,0.026,-0.24,0.936,2.86,-6.28,29.62,1,imu01,fusion_20260818T182612Z,1557,42915345,569203048466437
569203078000000,42935,0.036,-0.246,0.991,1.09,-11.05,27.15,1,imu01,fusion_20260818T182612Z,1558,42935348,569203068469007
569203093000000,42955,0.055,-0.257,1.061,-0.85,-14.36,21.95,1,imu01,fusion_20260818T182612Z,1559,42955345,569203088465576
569203125000000,42975,0.028,-0.246,1.133,-0.23,-16.37,17.2,1,imu01,fusion_20260818T182612Z,1560,42975348,569203108468146
569203140000000,42995,-0.011,-0.276,1.133,2.83,-12.44,13.94,1,imu01,fusion_20260818T182612Z,1561,42995345,569203128464715
569203156000000,43015,0.004,-0.278,1.056,1.38,-4.65,8.8,1,imu01,fusion_20260818T182612Z,1562,43015348,569203148467284
569203171000000,43035,0.041,-0.238,0.952,-7.29,2.35,2.19,1,imu01,fusion_20260818T182612Z,1563,43035345,569203168463854
569203203000000,43055,0.053,-0.195,0.852,-14.85,4.05,-1.82,1,imu01,fusion_20260818T182612Z,1564,43055348,569203188466423
569203218000000,43075,0.044,-0.155,0.819,-15.56,-0.2,-1.72,1,imu01,fusion_20260818T182612Z,1565,43075345,569203208462993
569203234000000,43095,0.044,-0.159,0.833,-14.47,-6.39,-1.68,1,imu01,fusion_20260818T182612Z,1566,43095348,569203228465562
569203265000000,43115,0.05,-0.203,0.863,-11.04,-12.44,2.39,1,imu01,fusion_20260818T182612Z,1567,43115345,569203248462132
569203281000000,43135,0.034,-0.206,0.94,-6.71,-18.08,5.32,1,imu01,fusion_20260818T182612Z,1568,43135348,569203268464701
569203296000000,43155,0.03,-0.204,0.952,-3.95,-20.92,6.35,1,imu01,fusion_20260818T182612Z,1569,43155345,569203288461270
569203312000000,43175,0.076,-0.218,0.943,-5.76,-22.98,3.75,1,imu01,fusion_20260818T182612Z,1570,43175348,569203308463840
569203343000000,43195,0.058,-0.217,1.033,-2.93,-26.03,4.66,1,imu01,fusion_20260818T182612Z,1571,43195345,569203328460409
569203359000000,43215,0.048,-0.19,1.043,3.37,-25.65,5.35,1,imu01,fusion_20260818T182612Z,1572,43215348,569203348462978
569203375000000,43235,0.089,-0.184,0.996,8.96,-23.62,3.9,1,imu01,fusion_20260818T182612Z,1573,43235345,569203368459548
569203390000000,43255,0.135,-0.237,0.983,10.64,-25.46,1.49,1,imu01,fusion_20260818T182612Z,1574,43255348,569203388462117
569203421000000,43275,0.103,-0.262,0.994,11.09,-29.43,0.81,1,imu01,fusion_20260818T182612Z,1575,43275345,569203408458687
569203437000000,43295,0.092,-0.239,0.998,9.92,-28.22,-0.01,1,imu01,fusion_20260818T182612Z,1576,43295348,569203428461256
569203453000000,43315,0.114,-0.245,0.99,2.75,-23.13,-4.94,1,imu01,fusion_20260818T182612Z,1577,43315345,569203448457826
569203484000000,43335,0.139,-0.295,1.01,-8.15,-19.59,-9.56,1,imu01,fusion_20260818T182612Z,1578,43335348,569203468460395
569203500000000,43355,0.113,-0.316,1.057,-13.99,-17.88,-10.69,1,imu01,fusion_20260818T182612Z,1579,43355345,569203488456964
569203515000000,43375,0.104,-0.296,1.066,-15.73,-13.14,-8.78,1,imu01,fusion_20260818T182612Z,1580,43375348,569203508459534
569203531000000,43395,0.128,-0.239,1.002,-16.58,-6.05,-10.15,1,imu01,fusion_20260818T182612Z,1581,43395345,569203528456103
569203562000000,43415,0.171,-0.238,0.924,-15.22,-0.26,-9.96,1,imu01,fusion_20260818T182612Z,1582,43415348,569203548458673
569203578000000,43435,0.191,-0.224,0.878,-9.66,-1.89,-6.21,1,imu01,fusion_20260818T182612Z,1583,43435345,569203568455242
569203593000000,43455,0.196,-0.239,0.891,-5.72,-8.79,-0.85,1,imu01,fusion_20260818T182612Z,1584,43455348,569203588457812
569203625000000,43475,0.17,-0.261,0.967,-1.35,-15.22,4.98,1,imu01,fusion_20260818T182612Z,1585,43475345,569203608454381
569203640000000,43495,0.166,-0.279,1.031,-1.34,-16.75,7.57,1,imu01,fusion_20260818T182612Z,1586,43495348,569203628456950
569203656000000,43515,0.174,-0.281,1.029,-3.78,-12.9,7.27,1,imu01,fusion_20260818T182612Z,1587,43515345,569203648453520
569203671000000,43535,0.193,-0.3,1.008,-1.63,-8.8,8.56,1,imu01,fusion_20260818T182612Z,1588,43535348,569203668456089
569203703000000,43555,0.199,-0.304,0.969,-1.56,-6.92,7.54,1,imu01,fusion_20260818T182612Z,1589,43555345,569203688452659
569203718000000,43575,0.189,-0.306,0.951,-0.43,-6.55,10.03,1,imu01,fusion_20260818T182612Z,1590,43575348,569203708455228
569203734000000,43595,0.178,-0.308,0.948,1.38,-4.52,13.32,1,imu01,fusion_20260818T182612Z,1591,43595345,569203728451798
569203765000000,43615,0.186,-0.313,0.904,0.43,-2.26,14.09,1,imu01,fusion_20260818T182612Z,1592,43615348,569203748454367
569203781000000,43635,0.2,-0.301,0.892,-1.33,0.0,15.55,1,imu01,fusion_20260818T182612Z,1593,43635345,569203768450936
569203796000000,43655,0.217,-0.302,0.897,-0.82,-1.74,18.52,1,imu01,fusion_20260818T182612Z,1594,43655348,569203788453506
569203812000000,43675,0.201,-0.286,0.919,2.46,-3.81,23.44,1,imu01,fusion_20260818T182612Z,1595,43675345,569203808450075
569203843000000,43695,0.225,-0.313,0.91,3.36,-2.37,27.36,1,imu01,fusion_20260818T182612Z,1596,43695348,569203828452644
569203859000000,43715,0.252,-0.266,0.927,2.87,-1.83,24.33,1,imu01,fusion_20260818T182612Z,1597,43715345,569203848449214
569203875000000,43735,0.262,-0.269,0.93,6.91,-1.92,27.99,1,imu01,fusion_20260818T182612Z,1598,43735348,569203868451783
569203906000000,43755,0.255,-0.254,0.921,12.54,-3.19,29.57,1,imu01,fusion_20260818T182612Z,1599,43755345,569203888448353
569203921000000,43775,0.242,-0.29,0.944,14.74,-3.33,30.76,1,imu01,fusion_20260818T182612Z,1600,43775348,569203908450922
569203937000000,43795,0.234,-0.277,0.973,12.62,-0.96,29.93,1,imu01,fusion_20260818T182612Z,1601,43795345,569203928447492
569203953000000,43815,0.253,-0.282,0.949,10.96,3.26,29.93,1,imu01,fusion_20260818T182612Z,1602,43815348,569203948450061
569203984000000,43835,0.229,-0.262,0.946,11.86,4.99,28.59,1,imu01,fusion_20260818T182612Z,1603,43835345,569203968446630
569204000000000,43855,0.203,-0.266,0.941,13.64,5.61,28.03,1,imu01,fusion_20260818T182612Z,1604,43855348,569203988449200
569204015000000,43875,0.203,-0.267,0.936,14.74,6.88,26.35,1,imu01,fusion_20260818T182612Z,1605,43875345,569204008445769
569204031000000,43895,0.216,-0.282,0.912,12.84,7.93,24.05,1,imu01,fusion_20260818T182612Z,1606,43895348,569204028448339
569204062000000,43915,0.202,-0.287,0.91,12.11,5.16,24.71,1,imu01,fusion_20260818T182612Z,1607,43915345,569204048444908
569204078000000,43935,0.188,-0.304,0.962,10.63,1.6,26.48,1,imu01,fusion_20260818T182612Z,1608,43935348,569204068447477
569204093000000,43955,0.157,-0.252,0.999,8.22,1.22,21.92,1,imu01,fusion_20260818T182612Z,1609,43955345,569204088444047
569204125000000,43975,0.19,-0.255,0.988,8.06,3.36,17.91,1,imu01,fusion_20260818T182612Z,1610,43975348,569204108446616
569204140000000,43995,0.169,-0.305,0.996,10.4,0.62,15.79,1,imu01,fusion_20260818T182612Z,1611,43995345,569204128443186
569204156000000,44015,0.128,-0.308,1.023,9.55,-3.21,15.56,1,imu01,fusion_20260818T182612Z,1612,44015348,569204148445755
569204171000000,44035,0.095,-0.309,1.036,6.53,-1.2,16.95,1,imu01,fusion_20260818T182612Z,1613,44035345,569204168442325
569204203000000,44055,0.098,-0.272,1.022,2.76,3.35,14.96,1,imu01,fusion_20260818T182612Z,1614,44055348,569204188444894
569204218000000,44075,0.145,-0.229,0.934,-0.5,7.21,5.95,1,imu01,fusion_20260818T182612Z,1615,44075345,569204208441463
569204234000000,44095,0.167,-0.239,0.877,1.77,6.71,2.19,1,imu01,fusion_20260818T182612Z,1616,44095348,569204228444033
569204265000000,44115,0.125,-0.271,0.881,6.03,2.36,5.37,1,imu01,fusion_20260818T182612Z,1617,44115345,569204248440602
569204281000000,44135,0.094,-0.282,0.947,2.68,-0.31,7.38,1,imu01,fusion_20260818T182612Z,1618,44135348,569204268443172
569204296000000,44155,0.058,-0.292,0.991,-0.47,1.61,9.69,1,imu01,fusion_20260818T182612Z,1619,44155345,569204288439741
569204312000000,44175,0.102,-0.258,0.974,-3.81,6.13,8.66,1,imu01,fusion_20260818T182612Z,1620,44175348,569204308442310
569204343000000,44195,0.105,-0.263,0.961,-1.82,6.99,8.16,1,imu01,fusion_20260818T182612Z,1621,44195345,569204328438880
569204359000000,44215,0.095,-0.265,0.957,1.27,4.32,10.41,1,imu01,fusion_20260818T182612Z,1622,44215348,569204348441449
569204375000000,44235,0.085,-0.291,0.971,2.31,3.67,13.32,1,imu01,fusion_20260818T182612Z,1623,44235345,569204368438019
569204406000000,44255,0.089,-0.29,0.979,1.08,4.87,16.58,1,imu01,fusion_20260818T182612Z,1624,44255348,569204388440588
569204421000000,44275,0.097,-0.283,0.977,-2.64,6.11,19.73,1,imu01,fusion_20260818T182612Z,1625,44275345,569204408437158
569204437000000,44295,0.098,-0.259,0.998,-2.63,5.69,22.04,1,imu01,fusion_20260818T182612Z,1626,44295348,569204428439727
569204453000000,44315,0.098,-0.258,0.987,1.55,5.37,23.57,1,imu01,fusion_20260818T182612Z,1627,44315345,569204448436296
569204484000000,44335,0.084,-0.267,0.986,7.55,5.0,27.17,1,imu01,fusion_20260818T182612Z,1628,44335348,569204468438866
569204500000000,44355,0.101,-0.296,0.991,10.12,4.27,29.64,1,imu01,fusion_20260818T182612Z,1629,44355345,569204488435435
569204515000000,44375,0.085,-0.267,0.991,7.81,4.56,31.24,1,imu01,fusion_20260818T182612Z,1630,44375348,569204508438005
569204531000000,44395,0.086,-0.251,0.984,8.06,5.09,36.64,1,imu01,fusion_20260818T182612Z,1631,44395345,569204528434574
569204562000000,44415,0.095,-0.244,0.998,8.97,5.83,40.75,1,imu01,fusion_20260818T182612Z,1632,44415348,569204548437143
569204578000000,44435,0.081,-0.237,0.979,10.05,5.53,42.74,1,imu01,fusion_20260818T182612Z,1633,44435345,569204568433713
569204593000000,44455,0.088,-0.255,0.964,8.64,5.35,43.77,1,imu01,fusion_20260818T182612Z,1634,44455348,569204588436282
569204625000000,44475,0.069,-0.252,0.953,6.18,3.41,44.84,1,imu01,fusion_20260818T182612Z,1635,44475345,569204608432852
569204640000000,44495,0.052,-0.247,0.975,1.91,2.3,45.89,1,imu01,fusion_20260818T182612Z,1636,44495348,569204628435421
569204656000000,44515,0.04,-0.246,0.982,2.74,1.71,50.06,1,imu01,fusion_20260818T182612Z,1637,44515345,569204648431990
569204671000000,44535,0.016,-0.248,0.979,2.19,2.72,53.19,1,imu01,fusion_20260818T182612Z,1638,44535348,569204668434560
569204703000000,44555,0.033,-0.225,0.954,1.32,3.49,55.28,1,imu01,fusion_20260818T182612Z,1639,44555345,569204688431129
569204718000000,44575,0.045,-0.235,0.919,2.25,1.74,59.08,1,imu01,fusion_20260818T182612Z,1640,44575348,569204708433699
569204734000000,44595,0.031,-0.234,0.955,4.04,-3.99,62.51,1,imu01,fusion_20260818T182612Z,1641,44595345,569204728430268
569204765000000,44615,0.043,-0.296,1.017,7.03,-8.37,68.02,1,imu01,fusion_20260818T182612Z,1642,44615348,569204748432838
569204781000000,44635,-0.011,-0.286,1.034,9.45,-12.23,71.45,1,imu01,fusion_20260818T182612Z,1643,44635345,569204768429407
569204796000000,44655,-0.007,-0.244,0.994,6.51,-9.31,73.19,1,imu01,fusion_20260818T182612Z,1644,44655348,569204788431976
569204812000000,44675,0.005,-0.218,0.958,6.11,-5.51,73.84,1,imu01,fusion_20260818T182612Z,1645,44675345,569204808428546
569204843000000,44695,0.029,-0.175,0.888,11.88,-5.52,74.6,1,imu01,fusion_20260818T182612Z,1646,44695348,569204828431115
569204859000000,44715,0.02,-0.206,0.865,18.99,-9.68,77.47,1,imu01,fusion_20260818T182612Z,1647,44715345,569204848427685
569204875000000,44735,-0.017,-0.193,0.898,22.79,-15.78,76.32,1,imu01,fusion_20260818T182612Z,1648,44735348,569204868430254
569204906000000,44755,-0.02,-0.191,0.911,21.27,-18.69,74.77,1,imu01,fusion_20260818T182612Z,1649,44755345,569204888426824
569204921000000,44775,-0.049,-0.203,0.978,18.96,-17.7,77.17,1,imu01,fusion_20260818T182612Z,1650,44775348,569204908429393
569204937000000,44795,-0.042,-0.211,1.021,13.62,-15.99,72.64,1,imu01,fusion_20260818T182612Z,1651,44795345,569204928425962
569204953000000,44815,-0.041,-0.21,1.069,9.99,-12.81,69.98,1,imu01,fusion_20260818T182612Z,1652,44815348,569204948428532
569204984000000,44835,-0.004,-0.195,1.05,7.51,-8.73,66.32,1,imu01,fusion_20260818T182612Z,1653,44835345,569204968425101
569205000000000,44855,0.009,-0.202,1.027,5.28,-7.92,61.18,1,imu01,fusion_20260818T182612Z,1654,44855348,569204988427670
569205015000000,44875,0.016,-0.18,1.002,3.86,-9.29,57.03,1,imu01,fusion_20260818T182612Z,1655,44875345,569205008424240
569205031000000,44895,0.006,-0.163,1.013,6.1,-11.13,53.45,1,imu01,fusion_20260818T182612Z,1656,44895348,569205028426809
569205062000000,44915,0.002,-0.172,0.993,9.18,-10.04,51.12,1,imu01,fusion_20260818T182612Z,1657,44915345,569205048423379
569205078000000,44935,0.036,-0.19,0.983,10.26,-6.34,47.96,1,imu01,fusion_20260818T182612Z,1658,44935348,569205068425948
569205093000000,44955,0.025,-0.194,0.998,10.73,-3.59,46.99,1,imu01,fusion_20260818T182612Z,1659,44955345,569205088422518
569205125000000,44975,0.038,-0.197,0.987,12.43,-3.01,45.93,1,imu01,fusion_20260818T182612Z,1660,44975348,569205108425087
569205140000000,44995,0.032,-0.178,0.98,8.07,-1.15,40.31,1,imu01,fusion_20260818T182612Z,1661,44995345,569205128421656
569205156000000,45015,0.049,-0.174,0.975,4.57,-0.19,38.73,1,imu01,fusion_20260818T182612Z,1662,45015348,569205148424226
569205171000000,45035,0.043,-0.19,0.998,5.34,-2.4,38.31,1,imu01,fusion_20260818T182612Z,1663,45035345,569205168420795
569205203000000,45055,0.052,-0.178,0.984,3.06,-4.87,33.5,1,imu01,fusion_20260818T182612Z,1664,45055348,569205188423365
569205218000000,45075,0.047,-0.165,0.987,2.01,-6.52,32.5,1,imu01,fusion_20260818T182612Z,1665,45075345,569205208419934
569205234000000,45095,0.041,-0.161,0.981,0.01,-6.92,32.65,1,imu01,fusion_20260818T182612Z,1666,45095348,569205228422504
569205265000000,45115,0.046,-0.166,0.977,-1.03,-6.76,32.46,1,imu01,fusion_20260818T182612Z,1667,45115345,569205248419073
569205281000000,45135,0.064,-0.176,0.984,-5.6,-5.96,29.57,1,imu01,fusion_20260818T182612Z,1668,45135348,569205268421642
569205296000000,45155,0.074,-0.19,0.988,-7.23,-6.77,30.85,1,imu01,fusion_20260818T182612Z,1669,45155345,569205288418212
569205312000000,45175,0.075,-0.168,1.028,-5.37,-8.01,34.55,1,imu01,fusion_20260818T182612Z,1670,45175348,569205308420781
569205343000000,45195,0.057,-0.152,1.048,0.47,-7.4,37.19,1,imu01,fusion_20260818T182612Z,1671,45195345,569205328417351
569205359000000,45215,0.069,-0.141,1.021,3.38,-3.44,33.92,1,imu01,fusion_20260818T182612Z,1672,45215348,569205348419920
569205375000000,45235,0.107,-0.145,0.95,6.48,-1.86,32.81,1,imu01,fusion_20260818T182612Z,1673,45235345,569205368416490
569205406000000,45255,0.117,-0.143,0.928,10.05,-3.53,37.63,1,imu01,fusion_20260818T182612Z,1674,45255348,569205388419059
569205421000000,45275,0.083,-0.11,0.962,10.27,-7.2,37.9,1,imu01,fusion_20260818T182612Z,1675,45275345,569205408415628
569205437000000,45295,0.087,-0.112,0.972,4.03,-6.81,33.28,1,imu01,fusion_20260818T182612Z,1676,45295348,569205428418198
569205453000000,45315,0.099,-0.165,0.977,-5.49,-5.14,31.75,1,imu01,fusion_20260818T182612Z,1677,45315345,569205448414767
569205484000000,45335,0.086,-0.173,0.964,-6.88,-6.16,30.22,1,imu01,fusion_20260818T182612Z,1678,45335348,569205468417336
569205500000000,45355,0.059,-0.163,0.975,-11.11,-6.67,31.93,1,imu01,fusion_20260818T182612Z,1679,45355345,569205488413906
569205515000000,45375,-0.021,-0.166,1.017,-7.33,-5.3,34.23,1,imu01,fusion_20260818T182612Z,1680,45375348,569205508416475
569205531000000,45395,0.062,-0.124,1.0,-6.85,-2.17,29.3,1,imu01,fusion_20260818T182612Z,1681,45395345,569205528413045
569205562000000,45415,0.09,-0.121,0.999,-2.2,-2.86,31.41,1,imu01,fusion_20260818T182612Z,1682,45415348,569205548415614
569205578000000,45435,0.092,-0.158,0.988,-3.3,-5.36,28.99,1,imu01,fusion_20260818T182612Z,1683,45435345,569205568412184
569205593000000,45455,0.084,-0.171,1.021,2.79,-9.46,32.18,1,imu01,fusion_20260818T182612Z,1684,45455348,569205588414753
569205625000000,45475,0.034,-0.158,1.063,6.58,-10.82,36.02,1,imu01,fusion_20260818T182612Z,1685,45475345,569205608411322
569205640000000,45495,0.012,-0.14,1.066,6.67,-7.27,32.69,1,imu01,fusion_20260818T182612Z,1686,45495348,569205628413892
569205656000000,45515,0.039,-0.144,1.01,4.11,-0.74,27.96,1,imu01,fusion_20260818T182612Z,1687,45515345,569205648410461
569205671000000,45535,0.102,-0.189,0.941,0.6,2.35,26.49,1,imu01,fusion_20260818T182612Z,1688,45535348,569205668413031
569205703000000,45555,0.09,-0.174,0.941,-0.74,0.9,28.73,1,imu01,fusion_20260818T182612Z,1689,45555345,569205688409600
569205718000000,45575,0.059,-0.128,0.941,-1.21,-1.78,30.01,1,imu01,fusion_20260818T182612Z,1690,45575348,569205708412170
569205734000000,45595,0.078,-0.116,0.913,-1.6,-0.6,30.06,1,imu01,fusion_20260818T182612Z,1691,45595345,569205728408739
569205765000000,45615,0.09,-0.132,0.899,-1.85,-0.55,32.24,1,imu01,fusion_20260818T182612Z,1692,45615348,569205748411308
569205781000000,45635,0.068,-0.129,0.928,-0.79,-3.3,33.22,1,imu01,fusion_20260818T182612Z,1693,45635345,569205768407878
569205796000000,45655,0.041,-0.126,0.984,2.79,-4.27,33.85,1,imu01,fusion_20260818T182612Z,1694,45655348,569205788410447
569205812000000,45675,0.099,-0.141,0.982,3.45,-3.2,31.36,1,imu01,fusion_20260818T182612Z,1695,45675345,569205808407017
569205843000000,45695,0.138,-0.22,1.026,2.7,-2.15,31.98,1,imu01,fusion_20260818T182612Z,1696,45695348,569205828409586
569205859000000,45715,0.045,-0.181,1.066,4.72,-6.15,33.37,1,imu01,fusion_20260818T182612Z,1697,45715345,569205848406155
569205875000000,45735,0.028,-0.148,1.09,2.25,-2.59,26.95,1,imu01,fusion_20260818T182612Z,1698,45735348,569205868408725
569205890000000,45755,0.061,-0.148,1.005,-0.55,2.44,18.8,1,imu01,fusion_20260818T182612Z,1699,45755345,569205888405294
569205921000000,45775,0.059,-0.162,0.972,-1.32,3.68,17.38,1,imu01,fusion_20260818T182612Z,1700,45775348,569205908407864
569205937000000,45795,0.035,-0.153,0.976,1.0,-0.03,19.32,1,imu01,fusion_20260818T182612Z,1701,45795345,569205928404433
569205953000000,45815,0.022,-0.145,0.969,1.09,-1.9,18.38,1,imu01,fusion_20260818T182612Z,1702,45815348,569205948407002
569205984000000,45835,0.022,-0.156,0.965,0.55,-1.33,18.05,1,imu01,fusion_20260818T182612Z,1703,45835345,569205968403572
569206000000000,45855,0.041,-0.168,0.952,-0.01,-2.21,18.83,1,imu01,fusion_20260818T182612Z,1704,45855348,569205988406141
569206015000000,45875,0.009,-0.177,1.0,2.85,-4.39,21.73,1,imu01,fusion_20260818T182612Z,1705,45875345,569206008402711
569206031000000,45895,0.017,-0.198,1.005,1.47,-5.29,20.23,1,imu01,fusion_20260818T182612Z,1706,45895348,569206028405280
569206062000000,45915,0.023,-0.182,1.029,-0.25,-3.97,19.57,1,imu01,fusion_20260818T182612Z,1707,45915345,569206048401850
569206078000000,45935,0.024,-0.165,1.037,0.47,-3.46,18.42,1,imu01,fusion_20260818T182612Z,1708,45935348,569206068404419
569206093000000,45955,0.05,-0.174,1.01,2.55,-1.76,15.95,1,imu01,fusion_20260818T182612Z,1709,45955345,569206088400988
569206125000000,45975,0.039,-0.2,0.999,5.38,-1.97,14.05,1,imu01,fusion_20260818T182612Z,1710,45975348,569206108403558
569206140000000,45995,0.036,-0.184,0.992,4.65,-1.15,12.21,1,imu01,fusion_20260818T182612Z,1711,45995345,569206128400127
569206156000000,46015,0.055,-0.162,0.976,1.96,0.74,10.64,1,imu01,fusion_20260818T182612Z,1712,46015348,569206148402697
569206171000000,46035,0.057,-0.141,0.947,-0.25,1.41,7.25,1,imu01,fusion_20260818T182612Z,1713,46035345,569206168399266
569206203000000,46055,0.027,-0.135,0.952,2.83,0.1,6.84,1,imu01,fusion_20260818T182612Z,1714,46055348,569206188401835
569206218000000,46075,0.01,-0.167,0.947,3.77,0.48,6.11,1,imu01,fusion_20260818T182612Z,1715,46075345,569206208398405
569206234000000,46095,-0.009,-0.172,0.96,0.35,1.32,4.87,1,imu01,fusion_20260818T182612Z,1716,46095348,569206228400974
569206265000000,46115,-0.018,-0.162,0.985,-2.87,2.92,5.87,1,imu01,fusion_20260818T182612Z,1717,46115345,569206248397544
569206281000000,46135,-0.022,-0.174,1.004,-4.27,2.49,7.01,1,imu01,fusion_20260818T182612Z,1718,46135348,569206268400113
569206296000000,46155,-0.03,-0.191,1.021,-3.66,2.91,8.7,1,imu01,fusion_20260818T182612Z,1719,46155345,569206288396682
569206312000000,46175,-0.053,-0.193,1.025,-2.73,1.97,9.63,1,imu01,fusion_20260818T182612Z,1720,46175348,569206308399252
569206343000000,46195,-0.053,-0.172,1.015,-3.05,1.73,10.9,1,imu01,fusion_20260818T182612Z,1721,46195345,569206328395821
569206359000000,46215,-0.035,-0.167,0.991,-1.88,3.66,18.56,1,imu01,fusion_20260818T182612Z,1722,46215348,569206348398391
569206375000000,46235,-0.037,-0.158,0.981,-1.18,3.34,23.52,1,imu01,fusion_20260818T182612Z,1723,46235345,569206368394960
569206390000000,46255,-0.025,-0.142,0.962,-1.86,0.09,23.25,1,imu01,fusion_20260818T182612Z,1724,46255348,569206388397530
569206421000000,46275,-0.039,-0.128,0.972,0.59,-3.23,25.15,1,imu01,fusion_20260818T182612Z,1725,46275345,569206408394099
569206437000000,46295,-0.036,-0.118,0.987,2.09,-5.65,27.84,1,imu01,fusion_20260818T182612Z,1726,46295348,569206428396668
569206453000000,46315,-0.061,-0.147,1.025,4.28,-7.97,31.48,1,imu01,fusion_20260818T182612Z,1727,46315345,569206448393238
569206484000000,46335,-0.045,-0.133,1.008,2.05,-6.0,31.34,1,imu01,fusion_20260818T182612Z,1728,46335348,569206468395807
569206500000000,46355,-0.041,-0.134,0.995,-0.43,-4.86,29.68,1,imu01,fusion_20260818T182612Z,1729,46355345,569206488392377
569206515000000,46375,-0.059,-0.135,0.998,1.09,-5.71,28.38,1,imu01,fusion_20260818T182612Z,1730,46375348,569206508394946
569206531000000,46395,-0.068,-0.158,0.946,4.01,-7.89,26.83,1,imu01,fusion_20260818T182612Z,1731,46395345,569206528391516
569206562000000,46415,-0.059,-0.182,0.966,2.93,-7.36,27.92,1,imu01,fusion_20260818T182612Z,1732,46415348,569206548394085
569206578000000,46435,-0.033,-0.219,0.955,0.38,-6.92,27.61,1,imu01,fusion_20260818T182612Z,1733,46435345,569206568390654
569206593000000,46455,-0.034,-0.27,0.941,-0.76,-8.38,32.06,1,imu01,fusion_20260818T182612Z,1734,46455348,569206588393224
569206625000000,46475,-0.005,-0.288,0.898,-8.04,-11.54,29.99,1,imu01,fusion_20260818T182612Z,1735,46475345,569206608389793
569206640000000,46495,-0.028,-0.315,0.949,-23.07,-13.9,25.65,1,imu01,fusion_20260818T182612Z,1736,46495348,569206628392362
569206656000000,46515,-0.083,-0.185,1.008,-35.14,-9.15,27.16,1,imu01,fusion_20260818T182612Z,1737,46515345,569206648388932
569206671000000,46535,-0.031,-0.224,0.954,-29.69,-3.43,38.15,1,imu01,fusion_20260818T182612Z,1738,46535348,569206668391501
569206703000000,46555,-0.024,-0.185,0.96,-19.51,0.45,40.72,1,imu01,fusion_20260818T182612Z,1739,46555345,569206688388071
569206718000000,46575,-0.006,-0.186,0.972,-7.72,5.45,43.47,1,imu01,fusion_20260818T182612Z,1740,46575348,569206708390640
569206734000000,46595,0.016,-0.215,0.951,6.24,7.63,43.15,1,imu01,fusion_20260818T182612Z,1741,46595345,569206728387210
569206765000000,46615,-0.061,-0.251,1.004,19.34,8.65,38.1,1,imu01,fusion_20260818T182612Z,1742,46615348,569206748389779
569206781000000,46635,-0.135,-0.203,1.069,15.93,14.28,20.28,1,imu01,fusion_20260818T182612Z,1743,46635345,569206768386348
569206796000000,46655,-0.091,-0.259,1.058,-1.86,25.81,-9.39,1,imu01,fusion_20260818T182612Z,1744,46655348,569206788388918
569206812000000,46675,-0.07,-0.2,1.027,-29.17,28.04,-85.46,1,imu01,fusion_20260818T182612Z,1745,46675345,569206808385487
569206843000000,46695,0.023,-0.247,0.931,-9.65,24.23,-79.23,1,imu01,fusion_20260818T182612Z,1746,46695348,569206828388057
569206859000000,46715,-0.068,-0.362,0.936,2.93,17.1,-67.33,1,imu01,fusion_20260818T182612Z,1747,46715345,569206848384626
569206875000000,46735,-0.134,-0.319,1.011,-2.26,8.58,-49.1,1,imu01,fusion_20260818T182612Z,1748,46735348,569206868387196
569206890000000,46755,-0.049,-0.248,0.933,-12.06,15.9,-44.58,1,imu01,fusion_20260818T182612Z,1749,46755345,569206888383765
569206921000000,46775,-0.104,-0.269,0.934,-15.65,23.57,-48.63,1,imu01,fusion_20260818T182612Z,1750,46775348,569206908386334
569206937000000,46795,-0.044,-0.261,0.927,-30.85,30.14,-62.57,1,imu01,fusion_20260818T182612Z,1751,46795345,569206928382904
569206953000000,46815,0.013,-0.344,0.805,-31.32,29.05,-55.81,1,imu01,fusion_20260818T182612Z,1752,46815348,569206948385473
569206984000000,46835,-0.096,-0.42,0.991,-0.24,23.84,-1.53,1,imu01,fusion_20260818T182612Z,1753,46835345,569206968382043
569207000000000,46855,-0.196,-0.398,1.093,3.57,16.51,19.35,1,imu01,fusion_20260818T182612Z,1754,46855348,569206988384612
569207015000000,46875,-0.144,-0.211,1.063,-21.97,17.28,-28.62,1,imu01,fusion_20260818T182612Z,1755,46875345,569207008381182
569207031000000,46895,-0.034,-0.18,0.937,-45.61,10.74,-63.97,1,imu01,fusion_20260818T182612Z,1756,46895348,569207028383751
569207062000000,46915,-0.016,-0.151,0.911,-48.28,0.92,-63.85,1,imu01,fusion_20260818T182612Z,1757,46915345,569207048380320
569207078000000,46935,0.028,-0.152,0.922,-78.02,-4.78,-49.59,1,imu01,fusion_20260818T182612Z,1758,46935348,569207068382890
569207093000000,46955,-0.024,-0.221,0.994,-59.98,7.64,-11.55,1,imu01,fusion_20260818T182612Z,1759,46955345,569207088379459
569207125000000,46975,0.039,-0.271,0.93,-41.08,15.54,7.1,1,imu01,fusion_20260818T182612Z,1760,46975348,569207108382028
569207140000000,46995,0.046,-0.33,0.917,-37.74,11.75,-19.69,1,imu01,fusion_20260818T182612Z,1761,46995345,569207128378598
569207156000000,47015,0.04,-0.262,0.901,-22.13,2.4,-18.15,1,imu01,fusion_20260818T182612Z,1762,47015348,569207148381167
569207171000000,47035,0.053,-0.217,0.952,2.09,2.9,2.45,1,imu01,fusion_20260818T182612Z,1763,47035345,569207168377737
569207203000000,47055,0.019,-0.167,1.037,35.28,4.24,23.92,1,imu01,fusion_20260818T182612Z,1764,47055348,569207188380306
569207218000000,47075,0.031,-0.205,1.068,62.12,10.83,25.1,1,imu01,fusion_20260818T182612Z,1765,47075345,569207208376876
569207234000000,47095,0.004,-0.255,1.11,75.25,19.0,23.81,1,imu01,fusion_20260818T182612Z,1766,47095348,569207228379445
569207265000000,47115,-0.055,-0.123,1.094,61.51,15.14,25.45,1,imu01,fusion_20260818T182612Z,1767,47115345,569207248376014
569207281000000,47135,-0.025,-0.243,1.059,76.69,18.76,35.79,1,imu01,fusion_20260818T182612Z,1768,47135348,569207268378584
569207296000000,47155,-0.019,-0.275,1.055,108.03,10.79,34.45,1,imu01,fusion_20260818T182612Z,1769,47155345,569207288375153
569207312000000,47175,-0.059,-0.066,1.09,149.78,-10.2,-7.49,1,imu01,fusion_20260818T182612Z,1770,47175348,569207308377723
569207343000000,47195,0.066,0.009,1.14,185.76,-42.71,-56.35,1,imu01,fusion_20260818T182612Z,1771,47195345,569207328374292
569207359000000,47215,0.012,-0.636,0.638,250.69,-86.62,-65.25,1,imu01,fusion_20260818T182612Z,1772,47215348,569207348376862
569207375000000,47235,-0.368,1.558,0.868,250.69,-125.85,-34.5,1,imu01,fusion_20260818T182612Z,1773,47235345,569207368373431
569207406000000,47255,-1.024,-0.33,0.018,250.69,-203.96,236.76,1,imu01,fusion_20260818T182612Z,1774,47255348,569207388376000
569207421000000,47275,0.089,0.635,0.826,92.55,-123.28,-47.52,1,imu01,fusion_20260818T182612Z,1775,47275345,569207408372570
569207437000000,47295,0.161,0.624,0.755,-84.12,5.66,-36.01,1,imu01,fusion_20260818T182612Z,1776,47295348,569207428375139
569207453000000,47315,0.055,0.654,0.768,-121.95,17.19,-53.99,1,imu01,fusion_20260818T182612Z,1777,47315345,569207448371709
569207484000000,47335,-0.051,0.614,0.89,-50.46,-17.09,-110.81,1,imu01,fusion_20260818T182612Z,1778,47335348,569207468374278
569207500000000,47355,-0.014,0.538,0.843,-53.37,-60.35,-162.08,1,imu01,fusion_20260818T182612Z,1779,47355345,569207488370848
569207515000000,47375,0.024,0.564,0.969,-96.97,-27.09,-170.33,1,imu01,fusion_20260818T182612Z,1780,47375348,569207508373417
569207531000000,47395,0.063,0.618,0.896,-153.69,-34.31,-163.68,1,imu01,fusion_20260818T182612Z,1781,47395345,569207528369986
569207562000000,47415,0.049,0.537,0.807,-97.16,-102.85,-145.81,1,imu01,fusion_20260818T182612Z,1782,47415348,569207548372556
569207578000000,47435,-0.175,0.59,0.65,-92.78,-139.52,-135.84,1,imu01,fusion_20260818T182612Z,1783,47435345,569207568369125
569207593000000,47455,-0.041,0.408,0.894,-146.75,-81.43,-102.3,1,imu01,fusion_20260818T182612Z,1784,47455348,569207588371694
569207625000000,47475,0.013,0.325,1.177,-219.39,21.9,-63.0,1,imu01,fusion_20260818T182612Z,1785,47475345,569207608368264
569207640000000,47495,0.055,0.268,1.186,-182.2,20.19,-43.3,1,imu01,fusion_20260818T182612Z,1786,47495348,569207628370833
569207656000000,47515,0.114,0.458,1.077,-65.94,-38.42,-66.59,1,imu01,fusion_20260818T182612Z,1787,47515345,569207648367403
569207671000000,47535,0.355,0.008,1.183,62.51,-45.04,-59.13,1,imu01,fusion_20260818T182612Z,1788,47535348,569207668369972
569207703000000,47555,-0.111,0.402,0.833,51.33,-58.72,-59.14,1,imu01,fusion_20260818T182612Z,1789,47555345,569207688366542
569207718000000,47575,0.076,0.366,1.046,84.02,-7.58,-31.65,1,imu01,fusion_20260818T182612Z,1790,47575348,569207708369111
569207734000000,47595,0.061,0.226,1.251,89.46,-24.58,2.83,1,imu01,fusion_20260818T182612Z,1791,47595345,569207728365680
569207765000000,47615,0.205,0.426,0.954,10.19,-81.33,-6.37,1,imu01,fusion_20260818T182612Z,1792,47615348,569207748368250
569207781000000,47635,0.116,0.408,0.773,-27.68,-59.41,27.11,1,imu01,fusion_20260818T182612Z,1793,47635345,569207768364819
569207796000000,47655,0.28,0.308,1.056,-24.01,-17.89,40.39,1,imu01,fusion_20260818T182612Z,1794,47655348,569207788367389
569207812000000,47675,0.186,0.285,0.964,-14.96,-29.89,60.73,1,imu01,fusion_20260818T182612Z,1795,47675345,569207808363958
569207843000000,47695,0.341,0.257,1.121,7.41,-33.16,30.01,1,imu01,fusion_20260818T182612Z,1796,47695348,569207828366528
569207859000000,47715,-0.169,0.715,0.89,49.4,-41.48,10.61,1,imu01,fusion_20260818T182612Z,1797,47715345,569207848363097
569207875000000,47735,0.829,0.168,1.053,73.31,-54.91,-40.48,1,imu01,fusion_20260818T182612Z,1798,47735348,569207868365666
569207906000000,47755,-0.146,0.221,0.676,24.35,-78.18,4.2,1,imu01,fusion_20260818T182612Z,1799,47755345,569207888362236
569207921000000,47775,0.343,0.228,0.993,-68.95,-31.16,18.06,1,imu01,fusion_20260818T182612Z,1800,47775348,569207908364805
569207937000000,47795,0.431,0.031,1.017,-128.31,8.37,28.0,1,imu01,fusion_20260818T182612Z,1801,47795345,569207928361375
569207953000000,47815,0.256,0.249,0.718,-136.21,25.21,18.26,1,imu01,fusion_20260818T182612Z,1802,47815348,569207948363944
569207984000000,47835,0.137,0.226,0.897,-156.65,40.56,31.46,1,imu01,fusion_20260818T182612Z,1803,47835345,569207968360513
569208000000000,47855,0.112,0.12,1.054,-210.25,52.65,48.77,1,imu01,fusion_20260818T182612Z,1804,47855348,569207988363083
569208015000000,47875,0.22,0.026,1.071,-168.32,27.28,52.56,1,imu01,fusion_20260818T182612Z,1805,47875345,569208008359652
569208031000000,47895,0.303,0.007,1.058,-67.67,-47.73,34.93,1,imu01,fusion_20260818T182612Z,1806,47895348,569208028362222
569208062000000,47915,0.286,0.093,1.031,-46.04,-63.57,18.38,1,imu01,fusion_20260818T182612Z,1807,47915345,569208048358791
569208078000000,47935,1.165,-1.246,0.487,-70.66,-11.35,-23.96,1,imu01,fusion_20260818T182612Z,1808,47935348,569208068361360
569208093000000,47955,0.506,0.1,1.365,-63.96,60.64,-84.52,1,imu01,fusion_20260818T182612Z,1809,47955345,569208088357930
569208125000000,47975,0.074,-0.123,1.381,-54.06,22.43,-93.5,1,imu01,fusion_20260818T182612Z,1810,47975348,569208108360499
569208140000000,47995,0.12,-0.02,0.806,75.81,-110.08,-56.23,1,imu01,fusion_20260818T182612Z,1811,47995345,569208128357069
569208156000000,48015,0.319,-0.02,0.581,-0.1,-79.93,-57.37,1,imu01,fusion_20260818T182612Z,1812,48015348,569208148359638
569208171000000,48035,0.278,-0.058,0.866,-62.6,-13.68,-50.36,1,imu01,fusion_20260818T182612Z,1813,48035345,569208168356208
569208203000000,48055,0.225,-0.044,1.053,-37.28,8.86,-40.34,1,imu01,fusion_20260818T182612Z,1814,48055348,569208188358777
569208218000000,48075,0.26,-0.068,0.967,2.24,2.28,-35.28,1,imu01,fusion_20260818T182612Z,1815,48075345,569208208355346
569208234000000,48095,0.321,-0.082,1.049,26.27,12.01,-26.39,1,imu01,fusion_20260818T182612Z,1816,48095348,569208228357916
569208265000000,48115,0.458,-0.128,1.059,54.64,20.8,-18.21,1,imu01,fusion_20260818T182612Z,1817,48115345,569208248354485
569208281000000,48135,0.234,0.033,1.258,78.74,31.28,-43.77,1,imu01,fusion_20260818T182612Z,1818,48135348,569208268357055
569208296000000,48155,0.146,0.149,0.932,83.11,-8.86,-48.75,1,imu01,fusion_20260818T182612Z,1819,48155345,569208288353624
569208312000000,48175,0.179,0.002,0.812,61.38,-45.5,-35.97,1,imu01,fusion_20260818T182612Z,1820,48175348,569208308356193
569208343000000,48195,0.238,0.134,0.84,23.91,-22.59,-44.2,1,imu01,fusion_20260818T182612Z,1821,48195345,569208328352763
569208359000000,48215,0.24,0.085,0.895,10.09,-4.68,-41.74,1,imu01,fusion_20260818T182612Z,1822,48215348,569208348355332
569208375000000,48235,0.222,0.101,0.939,28.32,-4.97,-47.66,1,imu01,fusion_20260818T182612Z,1823,48235345,569208368351902
569208406000000,48255,0.201,0.082,0.934,63.15,-18.91,-60.03,1,imu01,fusion_20260818T182612Z,1824,48255348,569208388354471
569208421000000,48275,0.222,0.258,0.989,41.93,-1.14,-82.2,1,imu01,fusion_20260818T182612Z,1825,48275345,569208408351040
569208437000000,48295,0.155,0.349,1.224,-8.01,17.74,-55.35,1,imu01,fusion_20260818T182612Z,1826,48295348,569208428353610
569208453000000,48315,0.258,0.138,1.114,3.08,-4.4,-18.49,1,imu01,fusion_20260818T182612Z,1827,48315345,569208448350179
569208484000000,48335,0.323,0.224,1.071,39.28,-50.46,-23.17,1,imu01,fusion_20260818T182612Z,1828,48335348,569208468352749
569208500000000,48355,0.397,0.163,0.816,39.77,-72.27,-39.55,1,imu01,fusion_20260818T182612Z,1829,48355345,569208488349318
569208515000000,48375,0.256,0.25,0.959,-40.16,-24.29,-64.61,1,imu01,fusion_20260818T182612Z,1830,48375348,569208508351888
569208531000000,48395,0.211,0.157,0.93,-87.39,-20.04,-58.64,1,imu01,fusion_20260818T182612Z,1831,48395345,569208528348457
569208562000000,48415,0.288,0.162,0.886,-55.73,-25.1,-51.4,1,imu01,fusion_20260818T182612Z,1832,48415348,569208548351026
569208578000000,48435,0.223,0.178,0.913,-31.17,-9.58,-59.1,1,imu01,fusion_20260818T182612Z,1833,48435345,569208568347596
569208593000000,48455,0.275,0.159,0.929,-36.01,-11.98,-45.95,1,imu01,fusion_20260818T182612Z,1834,48455348,569208588350165
569208625000000,48475,0.341,0.15,0.895,-44.27,-10.81,-41.33,1,imu01,fusion_20260818T182612Z,1835,48475345,569208608346735
569208640000000,48495,0.289,0.163,0.977,-55.3,6.93,-50.06,1,imu01,fusion_20260818T182612Z,1836,48495348,569208628349304
569208656000000,48515,0.386,0.128,0.963,-53.81,-3.0,-43.2,1,imu01,fusion_20260818T182612Z,1837,48515345,569208648345874
569208671000000,48535,0.305,0.069,0.955,-53.62,-1.83,-44.58,1,imu01,fusion_20260818T182612Z,1838,48535348,569208668348443
569208703000000,48555,0.265,0.116,0.945,-56.7,-1.21,-38.75,1,imu01,fusion_20260818T182612Z,1839,48555345,569208688345012
569208718000000,48575,0.286,0.136,0.904,-55.87,-1.52,-26.08,1,imu01,fusion_20260818T182612Z,1840,48575348,569208708347582
569208734000000,48595,0.288,0.1,0.855,-46.77,6.31,-26.65,1,imu01,fusion_20260818T182612Z,1841,48595345,569208728344151
569208765000000,48615,0.238,0.095,0.975,-47.36,16.79,-33.4,1,imu01,fusion_20260818T182612Z,1842,48615348,569208748346720
569208781000000,48635,0.246,0.059,0.913,-23.17,13.26,-39.95,1,imu01,fusion_20260818T182612Z,1843,48635345,569208768343290
569208796000000,48655,0.203,0.084,0.925,-66.34,6.9,-44.76,1,imu01,fusion_20260818T182612Z,1844,48655348,569208788345859
569208812000000,48675,0.222,0.026,0.925,-85.53,11.86,-28.07,1,imu01,fusion_20260818T182612Z,1845,48675345,569208808342429
569208843000000,48695,0.22,-0.144,0.969,-79.94,31.3,-26.3,1,imu01,fusion_20260818T182612Z,1846,48695348,569208828344998
569208859000000,48715,0.146,0.003,1.049,-69.55,44.19,-35.82,1,imu01,fusion_20260818T182612Z,1847,48715345,569208848341568
569208875000000,48735,0.232,-0.081,0.932,-51.01,10.39,-16.53,1,imu01,fusion_20260818T182612Z,1848,48735348,569208868344137
569208890000000,48755,0.163,-0.077,0.935,-8.0,10.1,-24.94,1,imu01,fusion_20260818T182612Z,1849,48755345,569208888340706
569208921000000,48775,0.16,0.101,0.979,22.86,2.36,-48.22,1,imu01,fusion_20260818T182612Z,1850,48775348,569208908343276
569208937000000,48795,0.155,-0.013,0.993,36.3,-12.04,-14.7,1,imu01,fusion_20260818T182612Z,1851,48795345,569208928339845
569208953000000,48815,0.246,0.0,1.004,42.21,-20.44,2.64,1,imu01,fusion_20260818T182612Z,1852,48815348,569208948342415
569208984000000,48835,0.274,0.057,1.036,9.98,-15.86,-4.75,1,imu01,fusion_20260818T182612Z,1853,48835345,569208968338984
569209000000000,48855,0.284,-0.007,1.067,-14.12,-17.14,-7.65,1,imu01,fusion_20260818T182612Z,1854,48855348,569208988341554
569209015000000,48875,0.312,-0.006,1.021,-17.43,-11.97,-2.68,1,imu01,fusion_20260818T182612Z,1855,48875345,569209008338123
569209031000000,48895,0.276,-0.007,0.959,-16.16,-12.29,-2.33,1,imu01,fusion_20260818T182612Z,1856,48895348,569209028340692
569209062000000,48915,0.279,0.021,0.925,-8.32,-12.75,-4.85,1,imu01,fusion_20260818T182612Z,1857,48915345,569209048337262
569209078000000,48935,0.308,0.039,0.896,2.21,-5.46,-4.61,1,imu01,fusion_20260818T182612Z,1858,48935348,569209068339831
569209093000000,48955,0.319,0.014,0.978,10.62,5.03,-5.97,1,imu01,fusion_20260818T182612Z,1859,48955345,569209088336401
569209125000000,48975,0.314,0.018,0.983,18.64,2.21,-7.36,1,imu01,fusion_20260818T182612Z,1860,48975348,569209108338970
569209140000000,48995,0.325,0.014,0.973,13.83,-0.85,-4.21,1,imu01,fusion_20260818T182612Z,1861,48995345,569209128335540
569209156000000,49015,0.311,-0.011,0.986,0.7,-1.1,-3.28,1,imu01,fusion_20260818T182612Z,1862,49015348,569209148338109
569209171000000,49035,0.311,-0.017,0.955,3.65,-11.67,-6.11,1,imu01,fusion_20260818T182612Z,1863,49035345,569209168334678
569209203000000,49055,0.295,-0.028,0.948,8.28,-9.14,-10.04,1,imu01,fusion_20260818T182612Z,1864,49055348,569209188337248
569209218000000,49075,0.29,-0.019,0.961,10.28,-2.2,-17.61,1,imu01,fusion_20260818T182612Z,1865,49075345,569209208333817
569209234000000,49095,0.289,-0.023,1.003,12.62,2.38,-23.92,1,imu01,fusion_20260818T182612Z,1866,49095348,569209228336386
569209265000000,49115,0.324,0.003,1.023,7.9,3.37,-27.36,1,imu01,fusion_20260818T182612Z,1867,49115345,569209248332956
569209281000000,49135,0.334,0.013,1.012,-4.53,3.99,-28.83,1,imu01,fusion_20260818T182612Z,1868,49135348,569209268335525
569209296000000,49155,0.319,0.002,0.961,-7.74,1.33,-27.93,1,imu01,fusion_20260818T182612Z,1869,49155345,569209288332095
569209312000000,49175,0.31,-0.002,0.916,-8.02,-2.2,-26.04,1,imu01,fusion_20260818T182612Z,1870,49175348,569209308334664
569209343000000,49195,0.315,-0.0,0.851,-2.81,-8.24,-26.31,1,imu01,fusion_20260818T182612Z,1871,49195345,569209328331234
569209359000000,49215,0.29,0.009,0.851,-1.32,-7.39,-29.18,1,imu01,fusion_20260818T182612Z,1872,49215348,569209348333803
569209375000000,49235,0.312,0.018,0.868,4.55,-6.17,-31.52,1,imu01,fusion_20260818T182612Z,1873,49235345,569209368330372
569209406000000,49255,0.309,0.026,0.903,-5.78,-0.56,-34.43,1,imu01,fusion_20260818T182612Z,1874,49255348,569209388332942
569209421000000,49275,0.297,0.04,0.917,-14.36,2.7,-34.7,1,imu01,fusion_20260818T182612Z,1875,49275345,569209408329511
569209437000000,49295,0.298,0.041,0.899,-13.03,1.16,-35.46,1,imu01,fusion_20260818T182612Z,1876,49295348,569209428332081
569209453000000,49315,0.261,0.026,0.899,-17.58,9.06,-39.2,1,imu01,fusion_20260818T182612Z,1877,49315345,569209448328650
569209484000000,49335,0.23,0.026,0.938,-20.98,16.48,-43.99,1,imu01,fusion_20260818T182612Z,1878,49335348,569209468331220
569209500000000,49355,0.256,0.039,1.021,-21.55,17.12,-52.79,1,imu01,fusion_20260818T182612Z,1879,49355345,569209488327789
569209515000000,49375,0.306,0.059,1.118,-18.08,17.25,-61.49,1,imu01,fusion_20260818T182612Z,1880,49375348,569209508330358
569209531000000,49395,0.296,0.041,1.181,-15.73,9.9,-60.78,1,imu01,fusion_20260818T182612Z,1881,49395345,569209528326928
569209562000000,49415,0.332,0.024,1.143,-9.62,-0.06,-59.27,1,imu01,fusion_20260818T182612Z,1882,49415348,569209548329497
569209578000000,49435,0.361,0.078,1.014,-10.59,-4.01,-56.46,1,imu01,fusion_20260818T182612Z,1883,49435345,569209568326067
569209593000000,49455,0.343,0.109,0.95,-14.81,-3.4,-54.29,1,imu01,fusion_20260818T182612Z,1884,49455348,569209588328636
569209625000000,49475,0.341,0.102,0.906,-12.68,-2.24,-48.66,1,imu01,fusion_20260818T182612Z,1885,49475345,569209608325205
569209640000000,49495,0.329,0.071,0.896,-13.15,-4.23,-40.1,1,imu01,fusion_20260818T182612Z,1886,49495348,569209628327775
569209656000000,49515,0.326,0.107,0.888,-12.27,0.25,-38.04,1,imu01,fusion_20260818T182612Z,1887,49515345,569209648324344
569209671000000,49535,0.273,0.074,0.853,-11.41,-0.48,-29.77,1,imu01,fusion_20260818T182612Z,1888,49535348,569209668326914
569209703000000,49555,0.207,0.041,0.863,-16.07,2.71,-24.89,1,imu01,fusion_20260818T182612Z,1889,49555345,569209688323483
569209718000000,49575,0.179,0.049,0.824,-10.77,-4.49,-27.81,1,imu01,fusion_20260818T182612Z,1890,49575348,569209708326052
569209734000000,49595,0.211,0.062,0.858,0.45,-7.29,-32.98,1,imu01,fusion_20260818T182612Z,1891,49595345,569209728322622
569209765000000,49615,0.272,0.114,0.94,7.82,-4.85,-38.58,1,imu01,fusion_20260818T182612Z,1892,49615348,569209748325191
569209781000000,49635,0.321,0.146,1.03,2.1,0.99,-36.67,1,imu01,fusion_20260818T182612Z,1893,49635345,569209768321761
569209796000000,49655,0.314,0.091,1.079,-2.6,5.67,-24.66,1,imu01,fusion_20260818T182612Z,1894,49655348,569209788324330
569209812000000,49675,0.278,0.085,0.978,7.26,-0.24,-15.98,1,imu01,fusion_20260818T182612Z,1895,49675345,569209808320900
569209843000000,49695,0.23,0.073,1.017,2.36,2.45,-13.67,1,imu01,fusion_20260818T182612Z,1896,49695348,569209828323469
569209859000000,49715,0.216,0.044,1.043,9.21,-4.99,-17.73,1,imu01,fusion_20260818T182612Z,1897,49715345,569209848320038
569209875000000,49735,0.243,0.062,1.036,10.66,-7.78,-24.87,1,imu01,fusion_20260818T182612Z,1898,49735348,569209868322608
569209906000000,49755,0.251,0.057,1.024,9.85,-6.94,-25.39,1,imu01,fusion_20260818T182612Z,1899,49755345,569209888319177
569209921000000,49775,0.228,0.058,0.976,7.51,-8.12,-23.78,1,imu01,fusion_20260818T182612Z,1900,49775348,569209908321747
569209937000000,49795,0.247,0.06,0.905,2.74,-13.52,-24.49,1,imu01,fusion_20260818T182612Z,1901,49795345,569209928318316
569209953000000,49815,0.246,0.053,0.92,-1.48,-10.37,-28.92,1,imu01,fusion_20260818T182612Z,1902,49815348,569209948320885
569209984000000,49835,0.263,0.081,0.955,-7.22,-2.07,-35.98,1,imu01,fusion_20260818T182612Z,1903,49835345,569209968317455
569210000000000,49855,0.299,0.097,0.96,-14.64,-4.98,-39.04,1,imu01,fusion_20260818T182612Z,1904,49855348,569209988320024
569210015000000,49875,0.311,0.096,1.005,-9.14,-14.02,-38.17,1,imu01,fusion_20260818T182612Z,1905,49875345,569210008316594
569210031000000,49895,0.32,0.114,0.94,-1.19,-25.26,-37.43,1,imu01,fusion_20260818T182612Z,1906,49895348,569210028319163
569210062000000,49915,0.347,0.097,0.921,1.75,-25.5,-35.12,1,imu01,fusion_20260818T182612Z,1907,49915345,569210048315732
569210078000000,49935,0.31,0.091,0.894,4.36,-18.26,-31.14,1,imu01,fusion_20260818T182612Z,1908,49935348,569210068318302
569210093000000,49955,0.324,0.097,0.855,-0.43,-13.54,-19.85,1,imu01,fusion_20260818T182612Z,1909,49955345,569210088314871
569210125000000,49975,0.297,0.06,0.91,-21.51,1.96,-9.86,1,imu01,fusion_20260818T182612Z,1910,49975348,569210108317441
569210140000000,49995,0.271,0.062,0.926,-20.17,11.28,-13.36,1,imu01,fusion_20260818T182612Z,1911,49995345,569210128314010
569210156000000,50015,0.276,0.087,1.01,-11.32,17.77,-20.54,1,imu01,fusion_20260818T182612Z,1912,50015348,569210148316580
569210171000000,50035,0.27,0.089,1.035,-17.68,29.34,-24.82,1,imu01,fusion_20260818T182612Z,1913,50035345,569210168313149
569210203000000,50055,0.29,0.102,1.071,-16.35,17.32,-27.81,1,imu01,fusion_20260818T182612Z,1914,50055348,569210188315718
569210218000000,50075,0.284,0.105,1.032,-11.41,3.22,-29.87,1,imu01,fusion_20260818T182612Z,1915,50075345,569210208312288
569210234000000,50095,0.305,0.117,0.99,-10.69,-1.49,-26.72,1,imu01,fusion_20260818T182612Z,1916,50095348,569210228314857
569210265000000,50115,0.286,0.113,0.974,-11.85,-3.27,-18.62,1,imu01,fusion_20260818T182612Z,1917,50115345,569210248311427
569210281000000,50135,0.264,0.102,0.954,-12.21,-1.31,-15.15,1,imu01,fusion_20260818T182612Z,1918,50135348,569210268313996
569210296000000,50155,0.232,0.088,0.928,-10.3,-1.89,-9.72,1,imu01,fusion_20260818T182612Z,1919,50155345,569210288310566
569210312000000,50175,0.234,0.086,0.942,-10.7,3.66,-3.45,1,imu01,fusion_20260818T182612Z,1920,50175348,569210308313135
569210343000000,50195,0.241,0.103,0.946,-9.88,3.4,-6.24,1,imu01,fusion_20260818T182612Z,1921,50195345,569210328309704
569210359000000,50215,0.259,0.077,0.956,-8.14,0.39,-10.48,1,imu01,fusion_20260818T182612Z,1922,50215348,569210348312274
569210375000000,50235,0.296,0.102,0.921,-0.35,-3.53,-4.88,1,imu01,fusion_20260818T182612Z,1923,50235345,569210368308843
569210406000000,50255,0.315,0.114,0.896,-5.43,-7.56,3.76,1,imu01,fusion_20260818T182612Z,1924,50255348,569210388311412
569210421000000,50275,0.33,0.078,0.943,-6.35,-2.33,11.8,1,imu01,fusion_20260818T182612Z,1925,50275345,569210408307982
569210437000000,50295,0.322,0.052,0.93,-2.51,2.12,16.09,1,imu01,fusion_20260818T182612Z,1926,50295348,569210428310551
569210453000000,50315,0.305,0.018,0.986,-7.03,9.32,17.91,1,imu01,fusion_20260818T182612Z,1927,50315345,569210448307121
569210484000000,50335,0.266,0.031,1.035,-8.63,13.83,19.7,1,imu01,fusion_20260818T182612Z,1928,50335348,569210468309690
569210500000000,50355,0.276,0.066,1.023,-16.66,0.94,17.99,1,imu01,fusion_20260818T182612Z,1929,50355345,569210488306260
569210515000000,50375,0.247,0.064,1.095,-20.52,-5.45,22.51,1,imu01,fusion_20260818T182612Z,1930,50375348,569210508308829
569210531000000,50395,0.264,0.046,1.025,-27.36,-30.78,35.53,1,imu01,fusion_20260818T182612Z,1931,50395345,569210528305398
569210562000000,50415,0.256,0.037,1.036,-30.43,-30.72,32.06,1,imu01,fusion_20260818T182612Z,1932,50415348,569210548307968
569210578000000,50435,0.287,0.023,1.012,-26.15,-38.94,25.41,1,imu01,fusion_20260818T182612Z,1933,50435345,569210568304537
569210593000000,50455,0.302,0.027,0.917,-22.81,-53.93,22.18,1,imu01,fusion_20260818T182612Z,1934,50455348,569210588307107
569210625000000,50475,0.337,-0.017,0.913,-23.88,-63.14,24.94,1,imu01,fusion_20260818T182612Z,1935,50475345,569210608303676
569210640000000,50495,0.372,-0.014,0.856,-26.77,-68.09,23.87,1,imu01,fusion_20260818T182612Z,1936,50495348,569210628306246
569210656000000,50515,0.394,-0.05,0.851,-14.32,-48.03,20.02,1,imu01,fusion_20260818T182612Z,1937,50515345,569210648302815
569210671000000,50535,0.415,-0.035,0.849,-2.68,-21.75,7.99,1,imu01,fusion_20260818T182612Z,1938,50535348,569210668305384
569210703000000,50555,0.408,-0.046,0.878,-8.4,-1.62,10.67,1,imu01,fusion_20260818T182612Z,1939,50555345,569210688301954
569210718000000,50575,0.385,-0.072,0.911,-13.52,13.06,11.01,1,imu01,fusion_20260818T182612Z,1940,50575348,569210708304523
569210734000000,50595,0.397,-0.061,0.916,-13.59,3.38,12.16,1,imu01,fusion_20260818T182612Z,1941,50595345,569210728301093
569210765000000,50615,0.424,-0.017,0.902,-6.35,-8.04,14.54,1,imu01,fusion_20260818T182612Z,1942,50615348,569210748303662
569210781000000,50635,0.42,-0.025,0.932,-2.79,-14.99,27.51,1,imu01,fusion_20260818T182612Z,1943,50635345,569210768300232
569210796000000,50655,0.389,-0.081,0.985,-1.04,-22.2,32.66,1,imu01,fusion_20260818T182612Z,1944,50655348,569210788302801
569210812000000,50675,0.404,-0.085,0.958,-4.94,-37.75,34.19,1,imu01,fusion_20260818T182612Z,1945,50675345,569210808299370
569210843000000,50695,0.418,-0.136,1.005,-6.73,-46.67,40.13,1,imu01,fusion_20260818T182612Z,1946,50695348,569210828301940
569210859000000,50715,0.493,-0.151,0.943,-0.73,-47.95,35.28,1,imu01,fusion_20260818T182612Z,1947,50715345,569210848298509
569210875000000,50735,0.512,-0.143,0.998,-2.14,-37.36,24.5,1,imu01,fusion_20260818T182612Z,1948,50735348,569210868301078
569210906000000,50755,0.46,-0.136,0.944,2.88,-31.63,22.28,1,imu01,fusion_20260818T182612Z,1949,50755345,569210888297648
569210921000000,50775,0.428,-0.121,0.895,1.65,-26.73,19.7,1,imu01,fusion_20260818T182612Z,1950,50775348,569210908300217
569210937000000,50795,0.395,-0.123,0.862,-8.5,-45.57,25.84,1,imu01,fusion_20260818T182612Z,1951,50795345,569210928296787
569210953000000,50815,0.443,-0.156,0.816,-12.3,-65.56,30.41,1,imu01,fusion_20260818T182612Z,1952,50815348,569210948299356
569210984000000,50835,0.474,-0.163,0.827,-18.32,-64.87,34.16,1,imu01,fusion_20260818T182612Z,1953,50835345,569210968295926
569211000000000,50855,0.457,-0.167,0.779,-26.52,-86.63,42.57,1,imu01,fusion_20260818T182612Z,1954,50855348,569210988298495
569211015000000,50875,0.577,-0.248,0.827,-26.29,-52.46,51.0,1,imu01,fusion_20260818T182612Z,1955,50875345,569211008295064
569211031000000,50895,0.555,-0.215,0.734,-3.87,-30.58,28.14,1,imu01,fusion_20260818T182612Z,1956,50895348,569211028297634
569211062000000,50915,0.546,-0.219,0.753,-0.78,-25.33,18.3,1,imu01,fusion_20260818T182612Z,1957,50915345,569211048294203
569211078000000,50935,0.597,-0.251,0.725,-2.01,-19.07,25.9,1,imu01,fusion_20260818T182612Z,1958,50935348,569211068296773
569211093000000,50955,0.609,-0.285,0.798,2.35,-3.18,32.27,1,imu01,fusion_20260818T182612Z,1959,50955345,569211088293342
569211125000000,50975,0.585,-0.293,0.81,7.02,3.9,28.45,1,imu01,fusion_20260818T182612Z,1960,50975348,569211108295912
569211140000000,50995,0.548,-0.292,0.818,5.53,4.56,23.13,1,imu01,fusion_20260818T182612Z,1961,50995345,569211128292481
569211156000000,51015,0.511,-0.305,0.81,3.73,0.45,17.39,1,imu01,fusion_20260818T182612Z,1962,51015348,569211148295050
569211171000000,51035,0.528,-0.284,0.786,-1.44,-9.32,8.14,1,imu01,fusion_20260818T182612Z,1963,51035345,569211168291620
569211203000000,51055,0.544,-0.266,0.733,-1.44,-12.1,3.85,1,imu01,fusion_20260818T182612Z,1964,51055348,569211188294189
569211218000000,51075,0.528,-0.278,0.761,-2.02,-2.27,5.99,1,imu01,fusion_20260818T182612Z,1965,51075345,569211208290759
569211234000000,51095,0.518,-0.254,0.722,0.38,6.63,5.58,1,imu01,fusion_20260818T182612Z,1966,51095348,569211228293328
569211265000000,51115,0.511,-0.248,0.716,4.5,15.36,3.16,1,imu01,fusion_20260818T182612Z,1967,51115345,569211248289898
569211281000000,51135,0.51,-0.236,0.721,6.44,25.98,-1.7,1,imu01,fusion_20260818T182612Z,1968,51135348,569211268292467
569211296000000,51155,0.472,-0.211,0.734,6.3,29.98,-8.92,1,imu01,fusion_20260818T182612Z,1969,51155345,569211288289036
569211312000000,51175,0.484,-0.22,0.781,3.53,34.35,-11.72,1,imu01,fusion_20260818T182612Z,1970,51175348,569211308291606
569211343000000,51195,0.444,-0.22,0.821,4.84,38.87,-13.75,1,imu01,fusion_20260818T182612Z,1971,51195345,569211328288175
569211359000000,51215,0.486,-0.214,0.894,2.36,34.41,-19.39,1,imu01,fusion_20260818T182612Z,1972,51215348,569211348290744
569211375000000,51235,0.587,-0.214,1.027,-5.2,29.55,-28.39,1,imu01,fusion_20260818T182612Z,1973,51235345,569211368287314
569211406000000,51255,0.671,-0.241,1.147,-11.8,15.52,-37.01,1,imu01,fusion_20260818T182612Z,1974,51255348,569211388289883
569211421000000,51275,0.729,-0.291,1.019,-12.8,-18.4,-35.94,1,imu01,fusion_20260818T182612Z,1975,51275345,569211408286453
569211437000000,51295,0.713,-0.221,0.834,-20.65,-31.87,-20.54,1,imu01,fusion_20260818T182612Z,1976,51295348,569211428289022
569211453000000,51315,0.583,-0.19,0.749,-29.26,-27.92,0.58,1,imu01,fusion_20260818T182612Z,1977,51315345,569211448285592
569211484000000,51335,0.53,-0.154,0.638,-20.73,-14.88,11.56,1,imu01,fusion_20260818T182612Z,1978,51335348,569211468288161
569211500000000,51355,0.494,-0.149,0.696,-9.96,9.62,11.8,1,imu01,fusion_20260818T182612Z,1979,51355345,569211488284730
569211515000000,51375,0.485,-0.167,0.821,-0.43,30.64,8.77,1,imu01,fusion_20260818T182612Z,1980,51375348,569211508287300
569211531000000,51395,0.466,-0.18,0.934,2.05,40.28,3.19,1,imu01,fusion_20260818T182612Z,1981,51395345,569211528283869
569211562000000,51415,0.481,-0.197,0.989,-0.91,29.38,-0.85,1,imu01,fusion_20260818T182612Z,1982,51415348,569211548286439
569211578000000,51435,0.457,-0.193,0.919,-5.16,5.82,-3.85,1,imu01,fusion_20260818T182612Z,1983,51435345,569211568283008
569211593000000,51455,0.468,-0.196,0.854,-5.05,-9.78,-6.78,1,imu01,fusion_20260818T182612Z,1984,51455348,569211588285578
569211625000000,51475,0.508,-0.199,0.836,-5.85,-13.64,-9.04,1,imu01,fusion_20260818T182612Z,1985,51475345,569211608282147
569211640000000,51495,0.513,-0.216,0.834,-4.57,-18.52,-3.46,1,imu01,fusion_20260818T182612Z,1986,51495348,569211628284716
569211656000000,51515,0.513,-0.221,0.826,-5.75,-20.86,2.36,1,imu01,fusion_20260818T182612Z,1987,51515345,569211648281286
569211671000000,51535,0.524,-0.225,0.796,-8.56,-25.7,3.73,1,imu01,fusion_20260818T182612Z,1988,51535348,569211668283855
569211703000000,51555,0.54,-0.236,0.784,-10.61,-29.99,3.27,1,imu01,fusion_20260818T182612Z,1989,51555345,569211688280425
569211718000000,51575,0.591,-0.241,0.796,-9.76,-27.02,2.66,1,imu01,fusion_20260818T182612Z,1990,51575348,569211708282994
569211734000000,51595,0.613,-0.236,0.783,-8.02,-25.46,3.91,1,imu01,fusion_20260818T182612Z,1991,51595345,569211728279563
569211765000000,51615,0.622,-0.223,0.762,-6.52,-27.14,7.81,1,imu01,fusion_20260818T182612Z,1992,51615348,569211748282133
569211781000000,51635,0.62,-0.217,0.759,-5.14,-24.55,14.12,1,imu01,fusion_20260818T182612Z,1993,51635345,569211768278702
569211796000000,51655,0.609,-0.207,0.744,1.12,-12.88,19.1,1,imu01,fusion_20260818T182612Z,1994,51655348,569211788281272
569211812000000,51675,0.589,-0.188,0.752,5.65,-3.24,22.71,1,imu01,fusion_20260818T182612Z,1995,51675345,569211808277841
569211843000000,51695,0.58,-0.193,0.76,7.31,3.29,24.12,1,imu01,fusion_20260818T182612Z,1996,51695348,569211828280410
569211859000000,51715,0.53,-0.18,0.773,8.05,7.75,24.23,1,imu01,fusion_20260818T182612Z,1997,51715345,569211848276980
569211875000000,51735,0.564,-0.178,0.725,5.77,7.18,22.08,1,imu01,fusion_20260818T182612Z,1998,51735348,569211868279549
569211890000000,51755,0.53,-0.213,0.792,5.46,17.02,26.36,1,imu01,fusion_20260818T182612Z,1999,51755345,569211888276119
569211921000000,51775,0.533,-0.207,0.8,4.15,21.71,28.36,1,imu01,fusion_20260818T182612Z,2000,51775348,569211908278688
569211937000000,51795,0.524,-0.261,0.825,7.45,27.81,29.19,1,imu01,fusion_20260818T182612Z,2001,51795345,569211928275258
569211953000000,51815,0.544,-0.278,0.856,13.79,27.86,26.57,1,imu01,fusion_20260818T182612Z,2002,51815348,569211948277827
569211984000000,51835,0.564,-0.291,0.896,16.64,23.26,23.72,1,imu01,fusion_20260818T182612Z,2003,51835345,569211968274396
569212000000000,51855,0.541,-0.303,0.916,14.31,11.6,22.74,1,imu01,fusion_20260818T182612Z,2004,51855348,569211988276966
569212015000000,51875,0.534,-0.3,0.886,13.71,0.68,22.56,1,imu01,fusion_20260818T182612Z,2005,51875345,569212008273535
569212031000000,51895,0.504,-0.309,0.816,11.98,-8.63,21.83,1,imu01,fusion_20260818T182612Z,2006,51895348,569212028276105
569212062000000,51915,0.486,-0.296,0.77,9.43,-12.17,22.25,1,imu01,fusion_20260818T182612Z,2007,51915345,569212048272674
569212078000000,51935,0.458,-0.3,0.775,8.69,-14.68,23.88,1,imu01,fusion_20260818T182612Z,2008,51935348,569212068275243
569212093000000,51955,0.438,-0.322,0.783,6.97,-18.2,23.37,1,imu01,fusion_20260818T182612Z,2009,51955345,569212088271813
569212125000000,51975,0.452,-0.348,0.797,7.24,-17.33,15.58,1,imu01,fusion_20260818T182612Z,2010,51975348,569212108274382
569212140000000,51995,0.505,-0.373,0.841,4.85,-16.52,7.55,1,imu01,fusion_20260818T182612Z,2011,51995345,569212128270952
569212156000000,52015,0.529,-0.383,0.878,0.45,-20.04,4.02,1,imu01,fusion_20260818T182612Z,2012,52015348,569212148273521
569212171000000,52035,0.583,-0.389,0.911,-5.3,-24.17,4.29,1,imu01,fusion_20260818T182612Z,2013,52035345,569212168270090
569212203000000,52055,0.614,-0.394,0.881,-7.2,-34.2,4.5,1,imu01,fusion_20260818T182612Z,2014,52055348,569212188272660
569212218000000,52075,0.626,-0.392,0.771,-3.1,-31.64,8.74,1,imu01,fusion_20260818T182612Z,2015,52075345,569212208269229
569212234000000,52095,0.51,-0.35,0.796,-1.11,-22.74,14.13,1,imu01,fusion_20260818T182612Z,2016,52095348,569212228271799
569212265000000,52115,0.458,-0.325,0.682,2.83,-19.98,15.28,1,imu01,fusion_20260818T182612Z,2017,52115345,569212248268368
569212281000000,52135,0.454,-0.315,0.619,7.86,-10.59,15.03,1,imu01,fusion_20260818T182612Z,2018,52135348,569212268270938
569212296000000,52155,0.429,-0.314,0.639,12.73,2.67,14.29,1,imu01,fusion_20260818T182612Z,2019,52155345,569212288267507
569212312000000,52175,0.417,-0.322,0.65,15.23,10.58,10.82,1,imu01,fusion_20260818T182612Z,2020,52175348,569212308270076
569212343000000,52195,0.439,-0.326,0.676,15.55,16.39,6.2,1,imu01,fusion_20260818T182612Z,2021,52195345,569212328266646
569212359000000,52215,0.462,-0.333,0.747,10.79,21.54,0.24,1,imu01,fusion_20260818T182612Z,2022,52215348,569212348269215
569212375000000,52235,0.521,-0.358,0.851,2.18,19.53,-5.81,1,imu01,fusion_20260818T182612Z,2023,52235345,569212368265785
569212390000000,52255,0.575,-0.353,0.927,-5.68,13.9,-12.04,1,imu01,fusion_20260818T182612Z,2024,52255348,569212388268354
569212421000000,52275,0.665,-0.383,1.053,-14.05,10.74,-17.06,1,imu01,fusion_20260818T182612Z,2025,52275345,569212408264924
569212437000000,52295,0.716,-0.35,0.913,-20.01,6.64,-16.88,1,imu01,fusion_20260818T182612Z,2026,52295348,569212428267493
569212453000000,52315,0.658,-0.359,0.903,-23.52,12.32,-3.98,1,imu01,fusion_20260818T182612Z,2027,52315345,569212448264062
569212484000000,52335,0.569,-0.317,0.842,-22.22,7.03,7.29,1,imu01,fusion_20260818T182612Z,2028,52335348,569212468266632
569212500000000,52355,0.485,-0.258,0.739,-22.26,4.03,14.32,1,imu01,fusion_20260818T182612Z,2029,52355345,569212488263201
569212515000000,52375,0.427,-0.27,0.701,-20.1,6.79,17.67,1,imu01,fusion_20260818T182612Z,2030,52375348,569212508265770
569212531000000,52395,0.411,-0.267,0.696,-16.39,9.28,14.95,1,imu01,fusion_20260818T182612Z,2031,52395345,569212528262340
569212562000000,52415,0.421,-0.274,0.704,-9.09,14.45,9.29,1,imu01,fusion_20260818T182612Z,2032,52415348,569212548264909
569212578000000,52435,0.443,-0.286,0.787,-1.88,26.07,3.18,1,imu01,fusion_20260818T182612Z,2033,52435345,569212568261479
569212593000000,52455,0.499,-0.319,0.84,2.04,19.87,-2.75,1,imu01,fusion_20260818T182612Z,2034,52455348,569212588264048
569212625000000,52475,0.509,-0.329,0.873,5.93,9.3,-6.89,1,imu01,fusion_20260818T182612Z,2035,52475345,569212608260618
569212640000000,52495,0.549,-0.326,0.862,3.88,4.67,-8.07,1,imu01,fusion_20260818T182612Z,2036,52495348,569212628263187
569212656000000,52515,0.578,-0.34,0.85,2.87,0.02,-6.32,1,imu01,fusion_20260818T182612Z,2037,52515345,569212648259756
569212671000000,52535,0.542,-0.329,0.859,5.66,4.0,-2.98,1,imu01,fusion_20260818T182612Z,2038,52535348,569212668262326
569212703000000,52555,0.493,-0.298,0.845,4.79,5.08,2.06,1,imu01,fusion_20260818T182612Z,2039,52555345,569212688258895
569212718000000,52575,0.465,-0.304,0.812,6.33,3.45,4.57,1,imu01,fusion_20260818T182612Z,2040,52575348,569212708261465
569212734000000,52595,0.432,-0.289,0.773,3.35,-3.51,0.96,1,imu01,fusion_20260818T182612Z,2041,52595345,569212728258034
569212765000000,52615,0.433,-0.294,0.812,1.91,-6.17,-2.72,1,imu01,fusion_20260818T182612Z,2042,52615348,569212748260604
569212781000000,52635,0.494,-0.334,0.86,3.24,-6.08,-5.37,1,imu01,fusion_20260818T182612Z,2043,52635345,569212768257173
569212796000000,52655,0.482,-0.322,0.822,9.21,3.45,-7.47,1,imu01,fusion_20260818T182612Z,2044,52655348,569212788259742
569212812000000,52675,0.503,-0.31,0.862,10.12,10.73,-5.49,1,imu01,fusion_20260818T182612Z,2045,52675345,569212808256312
569212843000000,52695,0.501,-0.307,0.852,10.32,11.89,-3.46,1,imu01,fusion_20260818T182612Z,2046,52695348,569212828258881
569212859000000,52715,0.499,-0.3,0.878,10.56,10.03,-2.08,1,imu01,fusion_20260818T182612Z,2047,52715345,569212848255451
569212875000000,52735,0.488,-0.293,0.867,11.36,5.55,-2.13,1,imu01,fusion_20260818T182612Z,2048,52735348,569212868258020
569212890000000,52755,0.488,-0.297,0.839,14.02,4.42,-3.18,1,imu01,fusion_20260818T182612Z,2049,52755345,569212888254590
569212921000000,52775,0.49,-0.277,0.807,13.54,7.79,-4.88,1,imu01,fusion_20260818T182612Z,2050,52775348,569212908257159
569212937000000,52795,0.473,-0.27,0.809,9.06,9.05,-3.67,1,imu01,fusion_20260818T182612Z,2051,52795345,569212928253728
569212953000000,52815,0.48,-0.269,0.819,5.83,10.14,-3.42,1,imu01,fusion_20260818T182612Z,2052,52815348,569212948256298
569212984000000,52835,0.482,-0.285,0.822,4.08,9.48,-3.9,1,imu01,fusion_20260818T182612Z,2053,52835345,569212968252867
569213000000000,52855,0.488,-0.285,0.82,2.13,10.59,-2.89,1,imu01,fusion_20260818T182612Z,2054,52855348,569212988255436
569213015000000,52875,0.479,-0.287,0.843,0.7,11.48,-2.57,1,imu01,fusion_20260818T182612Z,2055,52875345,569213008252006
569213031000000,52895,0.465,-0.286,0.843,-1.46,8.35,-1.52,1,imu01,fusion_20260818T182612Z,2056,52895348,569213028254575
569213062000000,52915,0.451,-0.284,0.836,-1.75,8.06,-0.33,1,imu01,fusion_20260818T182612Z,2057,52915345,569213048251145
569213078000000,52935,0.444,-0.271,0.842,-1.79,6.51,-0.54,1,imu01,fusion_20260818T182612Z,2058,52935348,569213068253714
569213093000000,52955,0.445,-0.277,0.855,-1.57,4.2,-1.16,1,imu01,fusion_20260818T182612Z,2059,52955345,569213088250284
569213125000000,52975,0.449,-0.266,0.874,0.07,5.44,-2.52,1,imu01,fusion_20260818T182612Z,2060,52975348,569213108252853
569213140000000,52995,0.456,-0.27,0.884,-1.47,3.12,-1.82,1,imu01,fusion_20260818T182612Z,2061,52995345,569213128249422
569213156000000,53015,0.442,-0.276,0.875,-1.81,0.71,-1.96,1,imu01,fusion_20260818T182612Z,2062,53015348,569213148251992
569213171000000,53035,0.46,-0.27,0.848,-2.06,1.1,-2.63,1,imu01,fusion_20260818T182612Z,2063,53035345,569213168248561
569213203000000,53055,0.453,-0.281,0.857,-0.21,4.93,-2.32,1,imu01,fusion_20260818T182612Z,2064,53055348,569213188251131
569213218000000,53075,0.463,-0.272,0.855,0.09,6.29,-2.23,1,imu01,fusion_20260818T182612Z,2065,53075345,569213208247700
569213234000000,53095,0.454,-0.27,0.862,-1.52,6.25,-1.85,1,imu01,fusion_20260818T182612Z,2066,53095348,569213228250270
569213265000000,53115,0.456,-0.273,0.848,-1.55,3.95,-2.09,1,imu01,fusion_20260818T182612Z,2067,53115345,569213248246839
569213281000000,53135,0.467,-0.283,0.842,-1.74,2.12,-2.23,1,imu01,fusion_20260818T182612Z,2068,53135348,569213268249408
569213296000000,53155,0.458,-0.271,0.858,0.45,4.87,-1.52,1,imu01,fusion_20260818T182612Z,2069,53155345,569213288245978
569213312000000,53175,0.452,-0.27,0.847,-1.25,5.33,-0.75,1,imu01,fusion_20260818T182612Z,2070,53175348,569213308248547
569213343000000,53195,0.453,-0.265,0.832,-3.62,1.87,-0.97,1,imu01,fusion_20260818T182612Z,2071,53195345,569213328245117
569213359000000,53215,0.463,-0.277,0.831,-4.45,3.19,-0.16,1,imu01,fusion_20260818T182612Z,2072,53215348,569213348247686
569213375000000,53235,0.453,-0.284,0.839,-4.17,5.68,0.66,1,imu01,fusion_20260818T182612Z,2073,53235345,569213368244255
569213390000000,53255,0.448,-0.261,0.839,-4.18,11.07,0.94,1,imu01,fusion_20260818T182612Z,2074,53255348,569213388246825
569213421000000,53275,0.429,-0.269,0.868,-4.64,8.35,1.73,1,imu01,fusion_20260818T182612Z,2075,53275345,569213408243394
569213437000000,53295,0.445,-0.256,0.845,-4.49,2.18,1.63,1,imu01,fusion_20260818T182612Z,2076,53295348,569213428245964
569213453000000,53315,0.446,-0.272,0.864,-6.33,1.33,2.68,1,imu01,fusion_20260818T182612Z,2077,53315345,569213448242533
569213484000000,53335,0.451,-0.282,0.876,-3.8,3.31,2.48,1,imu01,fusion_20260818T182612Z,2078,53335348,569213468245102
569213500000000,53355,0.439,-0.261,0.867,-1.72,6.3,1.82,1,imu01,fusion_20260818T182612Z,2079,53355345,569213488241672
569213515000000,53375,0.446,-0.274,0.852,-2.61,7.92,2.32,1,imu01,fusion_20260818T182612Z,2080,53375348,569213508244241
569213531000000,53395,0.414,-0.275,0.85,-3.31,5.96,0.34,1,imu01,fusion_20260818T182612Z,2081,53395345,569213528240811
569213562000000,53415,0.421,-0.272,0.847,-3.43,2.53,-0.19,1,imu01,fusion_20260818T182612Z,2082,53415348,569213548243380
569213578000000,53435,0.433,-0.285,0.873,-2.6,1.75,1.12,1,imu01,fusion_20260818T182612Z,2083,53435345,569213568239950
569213593000000,53455,0.424,-0.287,0.873,-0.72,2.38,0.68,1,imu01,fusion_20260818T182612Z,2084,53455348,569213588242519
569213625000000,53475,0.424,-0.284,0.901,0.9,1.28,-0.14,1,imu01,fusion_20260818T182612Z,2085,53475345,569213608239088
569213640000000,53495,0.425,-0.283,0.834,1.57,-0.14,-0.78,1,imu01,fusion_20260818T182612Z,2086,53495348,569213628241658
569213656000000,53515,0.423,-0.293,0.888,1.64,0.72,-0.3,1,imu01,fusion_20260818T182612Z,2087,53515345,569213648238227
569213671000000,53535,0.422,-0.285,0.878,2.59,0.68,0.2,1,imu01,fusion_20260818T182612Z,2088,53535348,569213668240797
569213703000000,53555,0.428,-0.283,0.874,2.27,1.3,0.28,1,imu01,fusion_20260818T182612Z,2089,53555345,569213688237366
569213718000000,53575,0.433,-0.272,0.878,0.44,2.67,1.67,1,imu01,fusion_20260818T182612Z,2090,53575348,569213708239935
569213734000000,53595,0.427,-0.275,0.857,0.38,3.06,2.2,1,imu01,fusion_20260818T182612Z,2091,53595345,569213728236505
569213765000000,53615,0.434,-0.245,0.845,0.77,2.9,3.05,1,imu01,fusion_20260818T182612Z,2092,53615348,569213748239074
569213781000000,53635,0.418,-0.265,0.882,1.62,1.21,3.71,1,imu01,fusion_20260818T182612Z,2093,53635345,569213768235644
569213796000000,53655,0.441,-0.269,0.885,3.78,-4.15,3.17,1,imu01,fusion_20260818T182612Z,2094,53655348,569213788238213
569213812000000,53675,0.435,-0.267,0.837,6.68,-2.07,3.94,1,imu01,fusion_20260818T182612Z,2095,53675345,569213808234782
569213843000000,53695,0.384,-0.275,0.782,6.21,6.67,7.52,1,imu01,fusion_20260818T182612Z,2096,53695348,569213828237352
569213859000000,53715,0.355,-0.232,0.75,9.48,9.2,8.78,1,imu01,fusion_20260818T182612Z,2097,53715345,569213848233921
569213875000000,53735,0.349,-0.249,0.74,10.09,8.35,8.17,1,imu01,fusion_20260818T182612Z,2098,53735348,569213868236491
569213890000000,53755,0.368,-0.273,0.781,9.26,5.69,7.86,1,imu01,fusion_20260818T182612Z,2099,53755345,569213888233060
569213921000000,53775,0.386,-0.267,0.796,9.87,4.38,8.12,1,imu01,fusion_20260818T182612Z,2100,53775348,569213908235630
569213937000000,53795,0.37,-0.282,0.789,10.81,8.09,9.5,1,imu01,fusion_20260818T182612Z,2101,53795345,569213928232199
569213953000000,53815,0.354,-0.277,0.779,8.67,3.58,11.41,1,imu01,fusion_20260818T182612Z,2102,53815348,569213948234768
569213984000000,53835,0.351,-0.273,0.829,6.42,0.65,11.6,1,imu01,fusion_20260818T182612Z,2103,53835345,569213968231338
569214000000000,53855,0.39,-0.281,0.867,5.88,-0.57,9.7,1,imu01,fusion_20260818T182612Z,2104,53855348,569213988233907
569214015000000,53875,0.406,-0.305,0.936,4.25,-4.76,8.03,1,imu01,fusion_20260818T182612Z,2105,53875345,569214008230477
569214031000000,53895,0.424,-0.292,0.946,2.23,-11.62,7.2,1,imu01,fusion_20260818T182612Z,2106,53895348,569214028233046
569214062000000,53915,0.416,-0.255,0.92,-2.19,-15.97,8.24,1,imu01,fusion_20260818T182612Z,2107,53915345,569214048229616
569214078000000,53935,0.431,-0.268,0.856,-4.39,-16.52,8.65,1,imu01,fusion_20260818T182612Z,2108,53935348,569214068232185
569214093000000,53955,0.436,-0.256,0.828,-2.69,-12.39,9.47,1,imu01,fusion_20260818T182612Z,2109,53955345,569214088228754
569214125000000,53975,0.415,-0.268,0.77,-3.36,-3.1,11.8,1,imu01,fusion_20260818T182612Z,2110,53975348,569214108231324
569214140000000,53995,0.416,-0.265,0.728,1.01,0.05,10.79,1,imu01,fusion_20260818T182612Z,2111,53995345,569214128227893
569214156000000,54015,0.399,-0.249,0.709,3.48,1.6,10.07,1,imu01,fusion_20260818T182612Z,2112,54015348,569214148230462
569214171000000,54035,0.389,-0.278,0.767,2.85,5.85,10.18,1,imu01,fusion_20260818T182612Z,2113,54035345,569214168227032
569214203000000,54055,0.397,-0.259,0.786,1.98,8.01,8.68,1,imu01,fusion_20260818T182612Z,2114,54055348,569214188229601
569214218000000,54075,0.404,-0.273,0.813,0.29,12.9,6.92,1,imu01,fusion_20260818T182612Z,2115,54075345,569214208226171
569214234000000,54095,0.409,-0.282,0.83,-2.31,17.59,6.86,1,imu01,fusion_20260818T182612Z,2116,54095348,569214228228740
569214265000000,54115,0.392,-0.261,0.791,-4.07,20.22,8.28,1,imu01,fusion_20260818T182612Z,2117,54115345,569214248225310
569214281000000,54135,0.377,-0.285,0.826,-4.58,22.22,10.45,1,imu01,fusion_20260818T182612Z,2118,54135348,569214268227879
569214296000000,54155,0.363,-0.282,0.863,-5.17,18.99,9.56,1,imu01,fusion_20260818T182612Z,2119,54155345,569214288224448
569214312000000,54175,0.361,-0.294,0.876,-9.11,14.64,6.93,1,imu01,fusion_20260818T182612Z,2120,54175348,569214308227018
569214343000000,54195,0.382,-0.306,0.91,-12.07,12.9,5.15,1,imu01,fusion_20260818T182612Z,2121,54195345,569214328223587
569214359000000,54215,0.399,-0.284,0.839,-9.03,11.22,5.03,1,imu01,fusion_20260818T182612Z,2122,54215348,569214348226157
569214375000000,54235,0.34,-0.309,0.857,-6.27,15.77,8.89,1,imu01,fusion_20260818T182612Z,2123,54235345,569214368222726
569214390000000,54255,0.347,-0.274,0.828,-4.98,13.5,7.07,1,imu01,fusion_20260818T182612Z,2124,54255348,569214388225296
569214421000000,54275,0.326,-0.295,0.877,-0.02,11.04,3.99,1,imu01,fusion_20260818T182612Z,2125,54275345,569214408221865
569214437000000,54295,0.378,-0.303,0.904,3.27,11.06,2.41,1,imu01,fusion_20260818T182612Z,2126,54295348,569214428224434
569214453000000,54315,0.379,-0.322,0.93,5.57,8.27,4.15,1,imu01,fusion_20260818T182612Z,2127,54315345,569214448221004
569214484000000,54335,0.348,-0.284,0.916,3.92,9.25,7.96,1,imu01,fusion_20260818T182612Z,2128,54335348,569214468223573
569214500000000,54355,0.319,-0.282,0.921,-0.52,9.23,8.32,1,imu01,fusion_20260818T182612Z,2129,54355345,569214488220143
569214515000000,54375,0.325,-0.299,0.854,-4.3,7.37,5.33,1,imu01,fusion_20260818T182612Z,2130,54375348,569214508222712
569214531000000,54395,0.325,-0.306,0.884,-4.1,10.63,3.57,1,imu01,fusion_20260818T182612Z,2131,54395345,569214528219282
569214562000000,54415,0.328,-0.304,0.86,-0.26,14.08,3.48,1,imu01,fusion_20260818T182612Z,2132,54415348,569214548221851
569214578000000,54435,0.347,-0.311,0.896,3.14,17.7,5.61,1,imu01,fusion_20260818T182612Z,2133,54435345,569214568218420
569214593000000,54455,0.318,-0.317,0.963,3.48,19.64,6.86,1,imu01,fusion_20260818T182612Z,2134,54455348,569214588220990
569214625000000,54475,0.351,-0.31,1.003,-0.33,17.85,6.19,1,imu01,fusion_20260818T182612Z,2135,54475345,569214608217559
569214640000000,54495,0.337,-0.336,0.988,-2.43,17.64,3.86,1,imu01,fusion_20260818T182612Z,2136,54495348,569214628220128
569214656000000,54515,0.329,-0.344,0.956,0.22,15.88,3.03,1,imu01,fusion_20260818T182612Z,2137,54515345,569214648216698
569214671000000,54535,0.31,-0.303,0.91,3.08,16.96,4.27,1,imu01,fusion_20260818T182612Z,2138,54535348,569214668219267
569214703000000,54555,0.3,-0.316,0.937,5.4,13.6,3.86,1,imu01,fusion_20260818T182612Z,2139,54555345,569214688215837
569214718000000,54575,0.292,-0.323,0.937,9.99,4.54,-0.17,1,imu01,fusion_20260818T182612Z,2140,54575348,569214708218406
569214734000000,54595,0.287,-0.351,0.981,5.51,7.93,-2.72,1,imu01,fusion_20260818T182612Z,2141,54595345,569214728214976
569214765000000,54615,0.283,-0.364,0.955,0.32,3.41,-4.7,1,imu01,fusion_20260818T182612Z,2142,54615348,569214748217545
569214781000000,54635,0.333,-0.348,0.939,1.04,-5.83,-5.42,1,imu01,fusion_20260818T182612Z,2143,54635345,569214768214114
569214796000000,54655,0.344,-0.378,0.991,6.26,-1.97,0.66,1,imu01,fusion_20260818T182612Z,2144,54655348,569214788216684
569214812000000,54675,0.335,-0.327,0.949,8.06,2.82,7.9,1,imu01,fusion_20260818T182612Z,2145,54675345,569214808213253
569214843000000,54695,0.337,-0.294,0.927,12.44,3.69,11.46,1,imu01,fusion_20260818T182612Z,2146,54695348,569214828215823
569214859000000,54715,0.298,-0.284,0.929,15.68,-1.62,11.06,1,imu01,fusion_20260818T182612Z,2147,54715345,569214848212392
569214875000000,54735,0.295,-0.296,0.914,11.93,-4.38,10.77,1,imu01,fusion_20260818T182612Z,2148,54735348,569214868214962
569214890000000,54755,0.283,-0.281,0.922,8.96,4.29,11.41,1,imu01,fusion_20260818T182612Z,2149,54755345,569214888211531
569214921000000,54775,0.32,-0.307,0.972,5.1,15.33,12.58,1,imu01,fusion_20260818T182612Z,2150,54775348,569214908214100
569214937000000,54795,0.316,-0.32,0.956,0.11,18.87,13.61,1,imu01,fusion_20260818T182612Z,2151,54795345,569214928210670
569214953000000,54815,0.307,-0.324,1.002,-3.79,18.57,14.52,1,imu01,fusion_20260818T182612Z,2152,54815348,569214948213239
569214984000000,54835,0.283,-0.366,0.966,-7.32,15.18,14.81,1,imu01,fusion_20260818T182612Z,2153,54835345,569214968209809
569215000000000,54855,0.285,-0.349,0.959,-9.49,15.93,15.07,1,imu01,fusion_20260818T182612Z,2154,54855348,569214988212378
569215015000000,54875,0.261,-0.343,0.997,-7.43,20.25,14.43,1,imu01,fusion_20260818T182612Z,2155,54875345,569215008208948
569215031000000,54895,0.244,-0.358,1.017,-2.07,25.34,11.64,1,imu01,fusion_20260818T182612Z,2156,54895348,569215028211517
569215062000000,54915,0.226,-0.355,1.031,3.02,26.33,6.18,1,imu01,fusion_20260818T182612Z,2157,54915345,569215048208086
569215078000000,54935,0.239,-0.352,1.021,5.64,20.25,0.5,1,imu01,fusion_20260818T182612Z,2158,54935348,569215068210656
569215093000000,54955,0.262,-0.341,1.041,5.44,18.4,-2.62,1,imu01,fusion_20260818T182612Z,2159,54955345,569215088207225
569215125000000,54975,0.284,-0.337,1.064,6.2,14.76,-5.34,1,imu01,fusion_20260818T182612Z,2160,54975348,569215108209794
569215140000000,54995,0.322,-0.353,1.056,10.94,7.78,-8.49,1,imu01,fusion_20260818T182612Z,2161,54995345,569215128206364
569215156000000,55015,0.314,-0.325,1.083,13.22,8.96,-9.29,1,imu01,fusion_20260818T182612Z,2162,55015348,569215148208933
569215171000000,55035,0.298,-0.291,1.038,13.21,8.43,-8.36,1,imu01,fusion_20260818T182612Z,2163,55035345,569215168205503
569215203000000,55055,0.228,-0.257,1.022,9.06,7.87,-7.07,1,imu01,fusion_20260818T182612Z,2164,55055348,569215188208072
569215218000000,55075,0.224,-0.263,0.956,3.54,3.19,-8.21,1,imu01,fusion_20260818T182612Z,2165,55075345,569215208204642
569215234000000,55095,0.259,-0.256,0.893,1.65,-0.71,-9.88,1,imu01,fusion_20260818T182612Z,2166,55095348,569215228207211
569215265000000,55115,0.257,-0.281,0.92,5.89,6.87,-9.93,1,imu01,fusion_20260818T182612Z,2167,55115345,569215248203780
569215281000000,55135,0.247,-0.258,0.893,11.45,19.41,-10.54,1,imu01,fusion_20260818T182612Z,2168,55135348,569215268206350
569215296000000,55155,0.228,-0.254,0.914,12.96,28.47,-8.75,1,imu01,fusion_20260818T182612Z,2169,55155345,569215288202919
569215312000000,55175,0.212,-0.271,0.925,11.02,31.43,-6.97,1,imu01,fusion_20260818T182612Z,2170,55175348,569215308205489
569215343000000,55195,0.173,-0.285,0.926,8.31,20.7,-7.94,1,imu01,fusion_20260818T182612Z,2171,55195345,569215328202058
569215359000000,55215,0.154,-0.298,0.94,5.56,12.22,-7.56,1,imu01,fusion_20260818T182612Z,2172,55215348,569215348204628
569215375000000,55235,0.118,-0.289,0.947,2.8,6.86,-8.81,1,imu01,fusion_20260818T182612Z,2173,55235345,569215368201197
569215390000000,55255,0.117,-0.276,0.982,1.67,-1.89,-14.36,1,imu01,fusion_20260818T182612Z,2174,55255348,569215388203766
569215421000000,55275,0.138,-0.282,0.982,0.5,-7.14,-19.66,1,imu01,fusion_20260818T182612Z,2175,55275345,569215408200336
569215437000000,55295,0.156,-0.274,0.987,3.93,-8.68,-24.69,1,imu01,fusion_20260818T182612Z,2176,55295348,569215428202905
569215453000000,55315,0.152,-0.251,0.941,3.92,-8.2,-23.72,1,imu01,fusion_20260818T182612Z,2177,55315345,569215448199475
569215484000000,55335,0.165,-0.229,0.94,2.89,-7.39,-22.94,1,imu01,fusion_20260818T182612Z,2178,55335348,569215468202044
569215500000000,55355,0.188,-0.243,0.93,4.32,-9.63,-25.07,1,imu01,fusion_20260818T182612Z,2179,55355345,569215488198613
569215515000000,55375,0.248,-0.278,1.023,-0.15,-12.14,-23.94,1,imu01,fusion_20260818T182612Z,2180,55375348,569215508201183
569215531000000,55395,0.279,-0.296,0.984,-4.9,-18.44,-19.97,1,imu01,fusion_20260818T182612Z,2181,55395345,569215528197752
569215562000000,55415,0.223,-0.309,0.928,-12.53,-17.62,-10.36,1,imu01,fusion_20260818T182612Z,2182,55415348,569215548200322
569215578000000,55435,0.166,-0.275,0.923,-20.39,-9.77,0.61,1,imu01,fusion_20260818T182612Z,2183,55435345,569215568196891
569215593000000,55455,0.189,-0.268,0.95,-22.71,-0.78,6.7,1,imu01,fusion_20260818T182612Z,2184,55455348,569215588199460
569215625000000,55475,0.115,-0.27,0.986,-21.49,9.36,12.1,1,imu01,fusion_20260818T182612Z,2185,55475345,569215608196030
569215640000000,55495,0.103,-0.237,0.992,-20.93,13.11,13.25,1,imu01,fusion_20260818T182612Z,2186,55495348,569215628198599
569215656000000,55515,0.093,-0.27,1.042,-22.12,10.12,10.8,1,imu01,fusion_20260818T182612Z,2187,55515345,569215648195169
569215671000000,55535,0.101,-0.279,1.033,-18.01,1.51,6.1,1,imu01,fusion_20260818T182612Z,2188,55535348,569215668197738
569215703000000,55555,0.114,-0.269,1.02,-12.42,-4.12,1.38,1,imu01,fusion_20260818T182612Z,2189,55555345,569215688194308
569215718000000,55575,0.158,-0.282,1.015,-8.82,-6.97,-1.81,1,imu01,fusion_20260818T182612Z,2190,55575348,569215708196877
569215734000000,55595,0.149,-0.275,1.029,-6.04,-5.16,-2.85,1,imu01,fusion_20260818T182612Z,2191,55595345,569215728193446
569215765000000,55615,0.144,-0.255,0.974,-3.49,-4.51,-3.63,1,imu01,fusion_20260818T182612Z,2192,55615348,569215748196016
569215781000000,55635,0.166,-0.258,0.931,-1.25,-5.27,-5.79,1,imu01,fusion_20260818T182612Z,2193,55635345,569215768192585
569215796000000,55655,0.168,-0.254,0.904,1.44,-6.52,-7.36,1,imu01,fusion_20260818T182612Z,2194,55655348,569215788195155
569215812000000,55675,0.196,-0.273,0.922,0.77,-1.17,-6.02,1,imu01,fusion_20260818T182612Z,2195,55675345,569215808191724
569215843000000,55695,0.168,-0.283,0.934,-0.39,2.12,-4.18,1,imu01,fusion_20260818T182612Z,2196,55695348,569215828194293
569215859000000,55715,0.172,-0.282,0.924,-3.96,1.86,-2.32,1,imu01,fusion_20260818T182612Z,2197,55715345,569215848190863
569215875000000,55735,0.146,-0.287,0.934,-5.73,-0.82,-2.08,1,imu01,fusion_20260818T182612Z,2198,55735348,569215868193432
569215906000000,55755,0.161,-0.282,0.896,-5.14,-5.33,-3.36,1,imu01,fusion_20260818T182612Z,2199,55755345,569215888190002
569215921000000,55775,0.152,-0.298,0.879,-2.81,-7.87,-3.81,1,imu01,fusion_20260818T182612Z,2200,55775348,569215908192571
569215937000000,55795,0.161,-0.308,0.909,0.34,-8.18,-5.25,1,imu01,fusion_20260818T182612Z,2201,55795345,569215928189140
569215953000000,55815,0.186,-0.325,0.96,2.78,-8.66,-7.46,1,imu01,fusion_20260818T182612Z,2202,55815348,569215948191710
569215984000000,55835,0.238,-0.312,0.972,3.85,-11.79,-9.37,1,imu01,fusion_20260818T182612Z,2203,55835345,569215968188279
569216000000000,55855,0.239,-0.32,0.965,4.32,-15.19,-9.08,1,imu01,fusion_20260818T182612Z,2204,55855348,569215988190849
569216015000000,55875,0.244,-0.29,0.96,2.81,-13.36,-6.84,1,imu01,fusion_20260818T182612Z,2205,55875345,569216008187418
569216031000000,55895,0.237,-0.278,0.895,1.58,-14.12,-5.39,1,imu01,fusion_20260818T182612Z,2206,55895348,569216028189988
569216062000000,55915,0.221,-0.273,0.935,3.71,-8.16,-3.17,1,imu01,fusion_20260818T182612Z,2207,55915345,569216048186557
569216078000000,55935,0.195,-0.272,0.931,6.15,-3.43,-2.92,1,imu01,fusion_20260818T182612Z,2208,55935348,569216068189126
569216093000000,55955,0.235,-0.269,0.925,6.48,0.68,-4.26,1,imu01,fusion_20260818T182612Z,2209,55955345,569216088185696
569216125000000,55975,0.248,-0.256,0.937,6.77,7.99,-3.44,1,imu01,fusion_20260818T182612Z,2210,55975348,569216108188265
569216140000000,55995,0.273,-0.27,0.966,4.2,11.32,-1.44,1,imu01,fusion_20260818T182612Z,2211,55995345,569216128184835
569216156000000,56015,0.247,-0.264,0.952,-1.0,12.02,2.04,1,imu01,fusion_20260818T182612Z,2212,56015348,569216148187404
569216171000000,56035,0.203,-0.243,0.925,-5.2,14.06,4.67,1,imu01,fusion_20260818T182612Z,2213,56035345,569216168183974
569216203000000,56055,0.191,-0.242,0.895,-8.07,14.8,4.35,1,imu01,fusion_20260818T182612Z,2214,56055348,569216188186543
569216218000000,56075,0.223,-0.278,0.924,-5.11,16.48,2.0,1,imu01,fusion_20260818T182612Z,2215,56075345,569216208183112
569216234000000,56095,0.223,-0.283,0.93,-1.65,14.12,0.38,1,imu01,fusion_20260818T182612Z,2216,56095348,569216228185682
569216265000000,56115,0.235,-0.291,0.948,-1.5,11.48,1.31,1,imu01,fusion_20260818T182612Z,2217,56115345,569216248182251
569216281000000,56135,0.215,-0.299,0.949,0.28,3.02,1.32,1,imu01,fusion_20260818T182612Z,2218,56135348,569216268184820
569216296000000,56155,0.192,-0.286,0.935,-1.88,-2.94,1.44,1,imu01,fusion_20260818T182612Z,2219,56155345,569216288181390
569216312000000,56175,0.205,-0.297,0.931,-2.72,-7.3,-0.33,1,imu01,fusion_20260818T182612Z,2220,56175348,569216308183959
569216343000000,56195,0.219,-0.298,0.959,-0.74,-6.72,-2.32,1,imu01,fusion_20260818T182612Z,2221,56195345,569216328180529
569216359000000,56215,0.227,-0.293,0.944,-0.02,-4.89,-2.15,1,imu01,fusion_20260818T182612Z,2222,56215348,569216348183098
569216375000000,56235,0.23,-0.3,0.955,0.45,-2.7,-1.59,1,imu01,fusion_20260818T182612Z,2223,56235345,569216368179668
569216406000000,56255,0.214,-0.294,0.98,1.42,-1.65,-1.27,1,imu01,fusion_20260818T182612Z,2224,56255348,569216388182237
569216421000000,56275,0.21,-0.271,0.961,-0.06,-4.62,-0.96,1,imu01,fusion_20260818T182612Z,2225,56275345,569216408178806
569216437000000,56295,0.197,-0.281,0.962,0.18,-8.46,-2.12,1,imu01,fusion_20260818T182612Z,2226,56295348,569216428181376
569216453000000,56315,0.2,-0.268,0.907,1.1,-10.0,-4.81,1,imu01,fusion_20260818T182612Z,2227,56315345,569216448177945
569216484000000,56335,0.207,-0.269,0.914,0.74,-4.46,-5.28,1,imu01,fusion_20260818T182612Z,2228,56335348,569216468180515
569216500000000,56355,0.218,-0.278,0.931,1.48,0.12,-5.77,1,imu01,fusion_20260818T182612Z,2229,56355345,569216488177084
569216515000000,56375,0.226,-0.277,0.928,3.61,1.56,-6.45,1,imu01,fusion_20260818T182612Z,2230,56375348,569216508179654
569216531000000,56395,0.237,-0.286,0.921,6.06,2.03,-6.38,1,imu01,fusion_20260818T182612Z,2231,56395345,569216528176223
569216562000000,56415,0.233,-0.288,0.916,6.54,1.07,-6.06,1,imu01,fusion_20260818T182612Z,2232,56415348,569216548178792
569216578000000,56435,0.248,-0.295,0.905,7.19,1.65,-5.94,1,imu01,fusion_20260818T182612Z,2233,56435345,569216568175362
569216593000000,56455,0.249,-0.29,0.916,9.43,5.85,-4.83,1,imu01,fusion_20260818T182612Z,2234,56455348,569216588177931
569216625000000,56475,0.253,-0.288,0.906,12.61,10.33,-4.1,1,imu01,fusion_20260818T182612Z,2235,56475345,569216608174501
569216640000000,56495,0.24,-0.283,0.919,14.7,14.22,-2.98,1,imu01,fusion_20260818T182612Z,2236,56495348,569216628177070
569216656000000,56515,0.23,-0.267,0.929,13.8,9.64,-2.92,1,imu01,fusion_20260818T182612Z,2237,56515345,569216648173640
569216671000000,56535,0.234,-0.259,0.962,10.85,8.81,-1.34,1,imu01,fusion_20260818T182612Z,2238,56535348,569216668176209
569216703000000,56555,0.228,-0.259,0.923,10.37,9.27,-1.3,1,imu01,fusion_20260818T182612Z,2239,56555345,569216688172778
569216718000000,56575,0.224,-0.26,0.953,8.6,10.83,-0.92,1,imu01,fusion_20260818T182612Z,2240,56575348,569216708175348
569216734000000,56595,0.235,-0.262,0.952,6.77,10.87,-0.1,1,imu01,fusion_20260818T182612Z,2241,56595345,569216728171917
569216765000000,56615,0.208,-0.271,0.979,4.51,12.15,1.63,1,imu01,fusion_20260818T182612Z,2242,56615348,569216748174486
569216781000000,56635,0.209,-0.236,0.974,0.93,9.83,2.25,1,imu01,fusion_20260818T182612Z,2243,56635345,569216768171056
569216796000000,56655,0.205,-0.241,0.973,-1.23,8.28,3.05,1,imu01,fusion_20260818T182612Z,2244,56655348,569216788173625
569216812000000,56675,0.206,-0.249,0.96,-0.55,8.21,3.39,1,imu01,fusion_20260818T182612Z,2245,56675345,569216808170195
569216843000000,56695,0.18,-0.232,0.959,1.31,8.86,3.48,1,imu01,fusion_20260818T182612Z,2246,56695348,569216828172764
569216859000000,56715,0.163,-0.233,0.948,2.42,8.57,3.31,1,imu01,fusion_20260818T182612Z,2247,56715345,569216848169334
569216875000000,56735,0.167,-0.229,0.939,3.74,9.58,2.09,1,imu01,fusion_20260818T182612Z,2248,56735348,569216868171903
569216906000000,56755,0.163,-0.231,0.968,3.99,12.51,1.88,1,imu01,fusion_20260818T182612Z,2249,56755345,569216888168472
569216921000000,56775,0.171,-0.22,0.975,5.03,12.89,1.09,1,imu01,fusion_20260818T182612Z,2250,56775348,569216908171042
569216937000000,56795,0.168,-0.227,0.969,4.83,11.01,1.03,1,imu01,fusion_20260818T182612Z,2251,56795345,569216928167611
569216953000000,56815,0.156,-0.211,0.961,3.88,11.07,1.7,1,imu01,fusion_20260818T182612Z,2252,56815348,569216948170181
569216984000000,56835,0.16,-0.214,0.96,5.16,7.45,1.99,1,imu01,fusion_20260818T182612Z,2253,56835345,569216968166750
569217000000000,56855,0.144,-0.223,0.951,3.12,7.01,1.99,1,imu01,fusion_20260818T182612Z,2254,56855348,569216988169320
569217015000000,56875,0.143,-0.217,0.964,3.61,7.5,0.79,1,imu01,fusion_20260818T182612Z,2255,56875345,569217008165889
569217031000000,56895,0.149,-0.221,0.97,3.41,6.8,-0.71,1,imu01,fusion_20260818T182612Z,2256,56895348,569217028168458
569217062000000,56915,0.167,-0.234,0.966,4.41,3.74,-2.29,1,imu01,fusion_20260818T182612Z,2257,56915345,569217048165028
569217078000000,56935,0.181,-0.228,0.98,5.15,3.09,-2.06,1,imu01,fusion_20260818T182612Z,2258,56935348,569217068167597
569217093000000,56955,0.167,-0.231,0.992,5.36,3.95,-0.38,1,imu01,fusion_20260818T182612Z,2259,56955345,569217088164167
569217125000000,56975,0.153,-0.242,1.012,3.67,3.73,0.85,1,imu01,fusion_20260818T182612Z,2260,56975348,569217108166736
569217140000000,56995,0.159,-0.24,0.992,2.64,2.19,0.16,1,imu01,fusion_20260818T182612Z,2261,56995345,569217128163305
569217156000000,57015,0.145,-0.225,0.97,3.07,-0.41,0.08,1,imu01,fusion_20260818T182612Z,2262,57015348,569217148165875
569217171000000,57035,0.135,-0.213,0.958,3.89,-0.77,0.59,1,imu01,fusion_20260818T182612Z,2263,57035345,569217168162444
569217203000000,57055,0.133,-0.217,0.956,3.5,1.63,0.34,1,imu01,fusion_20260818T182612Z,2264,57055348,569217188165014
569217218000000,57075,0.147,-0.221,0.936,3.93,1.84,-0.77,1,imu01,fusion_20260818T182612Z,2265,57075345,569217208161583
569217234000000,57095,0.138,-0.213,0.951,3.37,4.22,-0.78,1,imu01,fusion_20260818T182612Z,2266,57095348,569217228164152
569217250000000,57115,0.145,-0.216,0.957,2.75,3.28,-1.1,1,imu01,fusion_20260818T182612Z,2267,57115345,569217248160722
569217281000000,57135,0.164,-0.218,0.952,1.14,2.05,-0.96,1,imu01,fusion_20260818T182612Z,2268,57135348,569217268163291
569217296000000,57155,0.162,-0.213,0.954,-0.07,1.35,0.18,1,imu01,fusion_20260818T182612Z,2269,57155345,569217288159861
569217312000000,57175,0.163,-0.214,0.953,-0.34,1.95,1.09,1,imu01,fusion_20260818T182612Z,2270,57175348,569217308162430
569217343000000,57195,0.164,-0.21,0.955,1.83,3.24,1.49,1,imu01,fusion_20260818T182612Z,2271,57195345,569217328159000
569217359000000,57215,0.135,-0.193,0.956,3.17,4.12,2.86,1,imu01,fusion_20260818T182612Z,2272,57215348,569217348161569
569217375000000,57235,0.123,-0.187,0.967,-0.32,3.55,3.48,1,imu01,fusion_20260818T182612Z,2273,57235345,569217368158138
569217390000000,57255,0.128,-0.195,0.931,-1.97,-1.43,2.49,1,imu01,fusion_20260818T182612Z,2274,57255348,569217388160708
569217421000000,57275,0.125,-0.195,0.963,-1.49,-1.25,2.26,1,imu01,fusion_20260818T182612Z,2275,57275345,569217408157277
569217437000000,57295,0.143,-0.151,0.972,0.93,0.98,2.7,1,imu01,fusion_20260818T182612Z,2276,57295348,569217428159847
569217453000000,57315,0.132,-0.204,0.967,1.23,3.89,2.94,1,imu01,fusion_20260818T182612Z,2277,57315345,569217448156416
569217484000000,57335,0.129,-0.21,0.953,2.23,2.19,1.89,1,imu01,fusion_20260818T182612Z,2278,57335348,569217468158985
569217500000000,57355,0.125,-0.227,0.977,1.55,3.86,2.34,1,imu01,fusion_20260818T182612Z,2279,57355345,569217488155555
569217515000000,57375,0.125,-0.196,0.945,0.16,2.12,2.33,1,imu01,fusion_20260818T182612Z,2280,57375348,569217508158124
569217531000000,57395,0.122,-0.203,0.963,-3.0,1.32,3.83,1,imu01,fusion_20260818T182612Z,2281,57395345,569217528154694
569217562000000,57415,0.137,-0.203,0.937,-1.75,-1.75,3.06,1,imu01,fusion_20260818T182612Z,2282,57415348,569217548157263
569217578000000,57435,0.13,-0.214,0.946,1.68,-0.46,2.81,1,imu01,fusion_20260818T182612Z,2283,57435345,569217568153832
569217593000000,57455,0.137,-0.199,0.965,0.88,3.74,4.83,1,imu01,fusion_20260818T182612Z,2284,57455348,569217588156402
569217625000000,57475,0.125,-0.2,0.99,-1.2,4.67,4.91,1,imu01,fusion_20260818T182612Z,2285,57475345,569217608152971
569217640000000,57495,0.149,-0.219,0.973,-2.17,-0.43,3.76,1,imu01,fusion_20260818T182612Z,2286,57495348,569217628155541
569217656000000,57515,0.133,-0.205,0.939,-3.04,-0.37,5.03,1,imu01,fusion_20260818T182612Z,2287,57515345,569217648152110
569217671000000,57535,0.114,-0.201,0.945,-3.41,4.11,8.57,1,imu01,fusion_20260818T182612Z,2288,57535348,569217668154680
569217703000000,57555,0.106,-0.226,0.972,-3.49,6.45,10.27,1,imu01,fusion_20260818T182612Z,2289,57555345,569217688151249
569217718000000,57575,0.117,-0.203,0.955,-2.36,7.28,9.95,1,imu01,fusion_20260818T182612Z,2290,57575348,569217708153818
569217734000000,57595,0.09,-0.217,0.961,-1.78,7.53,9.78,1,imu01,fusion_20260818T182612Z,2291,57595345,569217728150388
569217765000000,57615,0.082,-0.237,0.946,-2.78,4.44,10.45,1,imu01,fusion_20260818T182612Z,2292,57615348,569217748152957
569217781000000,57635,0.084,-0.226,0.941,-5.38,6.57,11.32,1,imu01,fusion_20260818T182612Z,2293,57635345,569217768149527
569217796000000,57655,0.077,-0.221,0.935,-6.89,4.19,13.08,1,imu01,fusion_20260818T182612Z,2294,57655348,569217788152096
569217812000000,57675,0.082,-0.23,0.951,-8.66,1.55,14.55,1,imu01,fusion_20260818T182612Z,2295,57675345,569217808148666
569217843000000,57695,0.065,-0.216,0.896,-10.24,-1.98,15.51,1,imu01,fusion_20260818T182612Z,2296,57695348,569217828151235
569217859000000,57715,0.039,-0.212,0.893,-11.24,-4.75,19.71,1,imu01,fusion_20260818T182612Z,2297,57715345,569217848147804
569217875000000,57735,0.075,-0.236,0.91,-11.83,-6.37,20.26,1,imu01,fusion_20260818T182612Z,2298,57735348,569217868150374
569217906000000,57755,0.06,-0.235,0.953,-8.36,-9.17,15.32,1,imu01,fusion_20260818T182612Z,2299,57755345,569217888146943
569217921000000,57775,0.057,-0.267,0.999,-4.08,-12.62,12.65,1,imu01,fusion_20260818T182612Z,2300,57775348,569217908149512
569217937000000,57795,0.082,-0.255,0.997,-1.92,-11.55,12.15,1,imu01,fusion_20260818T182612Z,2301,57795345,569217928146082
569217953000000,57815,0.083,-0.258,1.012,-1.42,-8.22,11.12,1,imu01,fusion_20260818T182612Z,2302,57815348,569217948148651
569217984000000,57835,0.064,-0.232,0.927,-0.09,-4.69,10.15,1,imu01,fusion_20260818T182612Z,2303,57835345,569217968145221
569218000000000,57855,0.089,-0.227,0.937,0.92,4.67,15.63,1,imu01,fusion_20260818T182612Z,2304,57855348,569217988147790
569218015000000,57875,0.069,-0.257,0.986,1.63,11.7,20.09,1,imu01,fusion_20260818T182612Z,2305,57875345,569218008144360
569218031000000,57895,0.089,-0.255,1.011,5.57,11.17,21.21,1,imu01,fusion_20260818T182612Z,2306,57895348,569218028146929
569218062000000,57915,0.075,-0.287,1.124,2.15,14.95,23.03,1,imu01,fusion_20260818T182612Z,2307,57915345,569218048143498
569218078000000,57935,0.072,-0.292,1.099,0.45,8.01,22.06,1,imu01,fusion_20260818T182612Z,2308,57935348,569218068146068
569218093000000,57955,0.094,-0.277,1.079,-1.78,6.93,22.92,1,imu01,fusion_20260818T182612Z,2309,57955345,569218088142637
569218125000000,57975,0.062,-0.323,1.122,-1.23,6.42,24.03,1,imu01,fusion_20260818T182612Z,2310,57975348,569218108145207
569218140000000,57995,0.074,-0.287,1.157,-6.14,3.5,24.41,1,imu01,fusion_20260818T182612Z,2311,57995345,569218128141776
569218156000000,58015,0.086,-0.295,1.115,-9.0,-2.76,20.44,1,imu01,fusion_20260818T182612Z,2312,58015348,569218148144346
569218171000000,58035,0.113,-0.283,1.079,-6.61,-2.88,15.45,1,imu01,fusion_20260818T182612Z,2313,58035345,569218168140915
569218203000000,58055,0.122,-0.278,1.127,-3.94,-4.29,14.67,1,imu01,fusion_20260818T182612Z,2314,58055348,569218188143484
569218218000000,58075,0.115,-0.275,1.121,-0.59,-10.59,15.96,1,imu01,fusion_20260818T182612Z,2315,58075345,569218208140054
569218234000000,58095,0.109,-0.288,1.13,5.56,-13.03,15.35,1,imu01,fusion_20260818T182612Z,2316,58095348,569218228142623
569218265000000,58115,0.122,-0.292,1.204,6.99,-21.4,11.12,1,imu01,fusion_20260818T182612Z,2317,58115345,569218248139193
569218281000000,58135,0.158,-0.331,1.256,8.46,-28.46,8.38,1,imu01,fusion_20260818T182612Z,2318,58135348,569218268141762
569218296000000,58155,0.178,-0.343,1.288,15.62,-27.49,5.07,1,imu01,fusion_20260818T182612Z,2319,58155345,569218288138332
569218312000000,58175,0.203,-0.307,1.235,17.75,-30.97,1.08,1,imu01,fusion_20260818T182612Z,2320,58175348,569218308140901
569218343000000,58195,0.249,-0.301,1.215,20.74,-30.11,-1.19,1,imu01,fusion_20260818T182612Z,2321,58195345,569218328137470
569218359000000,58215,0.246,-0.293,1.185,20.61,-31.85,-1.87,1,imu01,fusion_20260818T182612Z,2322,58215348,569218348140040
569218375000000,58235,0.249,-0.28,1.147,20.87,-37.09,-4.34,1,imu01,fusion_20260818T182612Z,2323,58235345,569218368136609
569218390000000,58255,0.261,-0.278,1.129,18.57,-39.88,-8.33,1,imu01,fusion_20260818T182612Z,2324,58255348,569218388139178
569218421000000,58275,0.299,-0.28,1.125,14.81,-37.34,-9.36,1,imu01,fusion_20260818T182612Z,2325,58275345,569218408135748
569218437000000,58295,0.292,-0.282,1.131,11.61,-33.83,-9.41,1,imu01,fusion_20260818T182612Z,2326,58295348,569218428138317
569218453000000,58315,0.28,-0.272,1.105,10.44,-34.67,-9.88,1,imu01,fusion_20260818T182612Z,2327,58315345,569218448134887
569218484000000,58335,0.279,-0.257,1.086,7.75,-37.55,-9.9,1,imu01,fusion_20260818T182612Z,2328,58335348,569218468137456
569218500000000,58355,0.268,-0.226,1.031,9.03,-44.16,-10.27,1,imu01,fusion_20260818T182612Z,2329,58355345,569218488134026
569218515000000,58375,0.277,-0.219,0.989,8.25,-46.08,-9.2,1,imu01,fusion_20260818T182612Z,2330,58375348,569218508136595
569218531000000,58395,0.269,-0.194,0.968,10.85,-44.44,-8.29,1,imu01,fusion_20260818T182612Z,2331,58395345,569218528133164
569218562000000,58415,0.264,-0.196,0.949,15.9,-39.5,-7.85,1,imu01,fusion_20260818T182612Z,2332,58415348,569218548135734
569218578000000,58435,0.28,-0.198,0.971,18.31,-33.76,-8.85,1,imu01,fusion_20260818T182612Z,2333,58435345,569218568132303
569218593000000,58455,0.296,-0.19,0.979,20.55,-35.92,-12.46,1,imu01,fusion_20260818T182612Z,2334,58455348,569218588134873
569218625000000,58475,0.345,-0.172,1.026,21.47,-36.34,-12.66,1,imu01,fusion_20260818T182612Z,2335,58475345,569218608131442
569218640000000,58495,0.348,-0.204,1.025,19.36,-31.28,-9.9,1,imu01,fusion_20260818T182612Z,2336,58495348,569218628134012
569218656000000,58515,0.313,-0.179,0.899,17.45,-36.72,-6.38,1,imu01,fusion_20260818T182612Z,2337,58515345,569218648130581
569218671000000,58535,0.316,-0.168,0.864,8.25,-34.73,-3.56,1,imu01,fusion_20260818T182612Z,2338,58535348,569218668133150
569218703000000,58555,0.332,-0.161,0.793,7.15,-38.42,-5.1,1,imu01,fusion_20260818T182612Z,2339,58555345,569218688129720
569218718000000,58575,0.321,-0.145,0.799,6.8,-34.55,-2.93,1,imu01,fusion_20260818T182612Z,2340,58575348,569218708132289
569218734000000,58595,0.324,-0.125,0.771,7.15,-29.07,-0.82,1,imu01,fusion_20260818T182612Z,2341,58595345,569218728128859
569218765000000,58615,0.314,-0.12,0.784,6.25,-22.58,0.47,1,imu01,fusion_20260818T182612Z,2342,58615348,569218748131428
569218781000000,58635,0.352,-0.114,0.827,-0.69,-11.01,1.68,1,imu01,fusion_20260818T182612Z,2343,58635345,569218768127998
569218796000000,58655,0.338,-0.137,0.845,-6.14,-5.85,1.98,1,imu01,fusion_20260818T182612Z,2344,58655348,569218788130567
569218812000000,58675,0.332,-0.113,0.846,-8.95,-5.59,1.12,1,imu01,fusion_20260818T182612Z,2345,58675345,569218808127136
569218843000000,58695,0.316,-0.123,0.842,-12.46,-6.07,0.82,1,imu01,fusion_20260818T182612Z,2346,58695348,569218828129706
569218859000000,58715,0.3,-0.106,0.815,-18.93,-1.3,0.49,1,imu01,fusion_20260818T182612Z,2347,58715345,569218848126275
569218875000000,58735,0.321,-0.106,0.775,-22.95,-3.31,0.19,1,imu01,fusion_20260818T182612Z,2348,58735348,569218868128844
569218906000000,58755,0.332,-0.112,0.712,-21.58,-2.94,1.89,1,imu01,fusion_20260818T182612Z,2349,58755345,569218888125414
569218921000000,58775,0.302,-0.123,0.709,-19.85,4.11,5.38,1,imu01,fusion_20260818T182612Z,2350,58775348,569218908127983
569218937000000,58795,0.314,-0.133,0.726,-16.12,10.86,6.32,1,imu01,fusion_20260818T182612Z,2351,58795345,569218928124553
569218953000000,58815,0.326,-0.142,0.753,-8.31,13.72,5.23,1,imu01,fusion_20260818T182612Z,2352,58815348,569218948127122
569218984000000,58835,0.323,-0.161,0.802,-2.1,17.77,4.32,1,imu01,fusion_20260818T182612Z,2353,58835345,569218968123692
569219000000000,58855,0.337,-0.139,0.789,-0.3,19.12,3.24,1,imu01,fusion_20260818T182612Z,2354,58855348,569218988126261
569219015000000,58875,0.323,-0.148,0.773,-0.12,16.52,3.41,1,imu01,fusion_20260818T182612Z,2355,58875345,569219008122830
569219031000000,58895,0.327,-0.163,0.768,-2.78,12.9,5.0,1,imu01,fusion_20260818T182612Z,2356,58895348,569219028125400
569219062000000,58915,0.308,-0.16,0.779,-1.98,7.74,5.49,1,imu01,fusion_20260818T182612Z,2357,58915345,569219048121969
569219078000000,58935,0.322,-0.183,0.823,-2.04,2.54,4.41,1,imu01,fusion_20260818T182612Z,2358,58935348,569219068124539
569219093000000,58955,0.345,-0.205,0.895,-4.81,4.65,1.02,1,imu01,fusion_20260818T182612Z,2359,58955345,569219088121108
569219125000000,58975,0.38,-0.212,0.904,0.51,-2.71,-4.21,1,imu01,fusion_20260818T182612Z,2360,58975348,569219108123678
569219140000000,58995,0.391,-0.245,0.887,2.02,-0.65,-4.73,1,imu01,fusion_20260818T182612Z,2361,58995345,569219128120247
569219156000000,59015,0.392,-0.222,0.859,-0.3,2.52,-1.95,1,imu01,fusion_20260818T182612Z,2362,59015348,569219148122816
569219171000000,59035,0.396,-0.205,0.848,0.06,-0.25,-0.73,1,imu01,fusion_20260818T182612Z,2363,59035345,569219168119386
569219203000000,59055,0.39,-0.196,0.793,-3.55,-3.24,-1.27,1,imu01,fusion_20260818T182612Z,2364,59055348,569219188121955
569219218000000,59075,0.401,-0.191,0.8,-6.07,-0.61,-1.49,1,imu01,fusion_20260818T182612Z,2365,59075345,569219208118525
569219234000000,59095,0.405,-0.2,0.808,-4.54,1.06,-0.3,1,imu01,fusion_20260818T182612Z,2366,59095348,569219228121094
569219265000000,59115,0.388,-0.196,0.803,-5.72,2.35,2.68,1,imu01,fusion_20260818T182612Z,2367,59115345,569219248117663
569219281000000,59135,0.372,-0.192,0.826,-6.48,7.99,4.09,1,imu01,fusion_20260818T182612Z,2368,59135348,569219268120233
569219296000000,59155,0.372,-0.193,0.808,-8.54,7.45,3.92,1,imu01,fusion_20260818T182612Z,2369,59155345,569219288116802
569219312000000,59175,0.38,-0.194,0.839,-12.61,8.93,3.38,1,imu01,fusion_20260818T182612Z,2370,59175348,569219308119372
569219343000000,59195,0.362,-0.199,0.869,-7.04,9.17,1.77,1,imu01,fusion_20260818T182612Z,2371,59195345,569219328115941
569219359000000,59215,0.379,-0.211,0.934,-6.5,14.81,1.33,1,imu01,fusion_20260818T182612Z,2372,59215348,569219348118510
569219375000000,59235,0.384,-0.217,0.933,-6.24,15.41,0.09,1,imu01,fusion_20260818T182612Z,2373,59235345,569219368115080
569219390000000,59255,0.387,-0.214,0.98,-8.56,17.09,0.72,1,imu01,fusion_20260818T182612Z,2374,59255348,569219388117649
569219421000000,59275,0.383,-0.216,0.965,-10.0,10.61,2.11,1,imu01,fusion_20260818T182612Z,2375,59275345,569219408114219
569219437000000,59295,0.356,-0.213,0.918,-9.18,3.96,2.83,1,imu01,fusion_20260818T182612Z,2376,59295348,569219428116788
569219453000000,59315,0.342,-0.214,0.916,-7.7,5.67,3.8,1,imu01,fusion_20260818T182612Z,2377,59315345,569219448113358
569219484000000,59335,0.336,-0.215,0.906,-4.75,6.8,3.66,1,imu01,fusion_20260818T182612Z,2378,59335348,569219468115927
569219500000000,59355,0.333,-0.212,0.9,-2.61,9.48,2.49,1,imu01,fusion_20260818T182612Z,2379,59355345,569219488112496
569219515000000,59375,0.32,-0.214,0.936,0.44,11.6,2.11,1,imu01,fusion_20260818T182612Z,2380,59375348,569219508115066
569219531000000,59395,0.314,-0.207,0.954,-0.52,9.8,2.07,1,imu01,fusion_20260818T182612Z,2381,59395345,569219528111635
569219562000000,59415,0.301,-0.21,0.936,-1.44,2.36,0.67,1,imu01,fusion_20260818T182612Z,2382,59415348,569219548114205
569219578000000,59435,0.312,-0.218,0.903,-2.58,-0.92,-0.62,1,imu01,fusion_20260818T182612Z,2383,59435345,569219568110774
569219593000000,59455,0.318,-0.231,0.911,-1.51,1.08,-1.04,1,imu01,fusion_20260818T182612Z,2384,59455348,569219588113343
569219625000000,59475,0.329,-0.228,0.922,2.84,1.67,-1.72,1,imu01,fusion_20260818T182612Z,2385,59475345,569219608109913
569219640000000,59495,0.327,-0.227,0.951,4.97,4.99,-1.71,1,imu01,fusion_20260818T182612Z,2386,59495348,569219628112482
569219656000000,59515,0.342,-0.227,0.946,4.51,4.08,-1.39,1,imu01,fusion_20260818T182612Z,2387,59515345,569219648109052
569219671000000,59535,0.328,-0.217,0.923,2.78,2.61,-0.78,1,imu01,fusion_20260818T182612Z,2388,59535348,569219668111621
569219703000000,59555,0.317,-0.223,0.929,-0.41,1.19,-0.06,1,imu01,fusion_20260818T182612Z,2389,59555345,569219688108190
569219718000000,59575,0.338,-0.215,0.901,-2.4,0.04,-0.82,1,imu01,fusion_20260818T182612Z,2390,59575348,569219708110760
569219734000000,59595,0.32,-0.217,0.896,-0.34,2.29,-0.59,1,imu01,fusion_20260818T182612Z,2391,59595345,569219728107329
569219750000000,59615,0.323,-0.212,0.901,-1.25,5.81,0.52,1,imu01,fusion_20260818T182612Z,2392,59615348,569219748109899
569219781000000,59635,0.31,-0.211,0.924,-2.12,6.21,0.9,1,imu01,fusion_20260818T182612Z,2393,59635345,569219768106468
569219796000000,59655,0.31,-0.214,0.917,-2.58,5.69,0.44,1,imu01,fusion_20260818T182612Z,2394,59655348,569219788109038
569219812000000,59675,0.322,-0.207,0.898,-2.65,3.9,-0.53,1,imu01,fusion_20260818T182612Z,2395,59675345,569219808105607
569219843000000,59695,0.295,-0.216,0.912,-4.27,5.26,-0.33,1,imu01,fusion_20260818T182612Z,2396,59695348,569219828108176
569219859000000,59715,0.31,-0.215,0.932,-5.45,5.4,-1.23,1,imu01,fusion_20260818T182612Z,2397,59715345,569219848104746
569219875000000,59735,0.31,-0.229,0.927,-3.37,3.89,-3.55,1,imu01,fusion_20260818T182612Z,2398,59735348,569219868107315
569219890000000,59755,0.327,-0.234,0.931,-3.4,3.49,-3.56,1,imu01,fusion_20260818T182612Z,2399,59755345,569219888103885
569219921000000,59775,0.307,-0.227,0.919,-1.5,2.57,-3.17,1,imu01,fusion_20260818T182612Z,2400,59775348,569219908106454
569219937000000,59795,0.311,-0.227,0.94,-3.72,1.49,-2.12,1,imu01,fusion_20260818T182612Z,2401,59795345,569219928103024
569219953000000,59815,0.302,-0.23,0.926,-3.68,0.28,-1.59,1,imu01,fusion_20260818T182612Z,2402,59815348,569219948105593
569219984000000,59835,0.313,-0.237,0.933,-2.68,1.72,-1.25,1,imu01,fusion_20260818T182612Z,2403,59835345,569219968102162
569220000000000,59855,0.3,-0.235,0.92,0.83,2.54,-1.41,1,imu01,fusion_20260818T182612Z,2404,59855348,569219988104732
569220015000000,59875,0.308,-0.236,0.953,1.45,4.06,-1.98,1,imu01,fusion_20260818T182612Z,2405,59875345,569220008101301
569220031000000,59895,0.314,-0.235,0.954,3.59,1.99,-3.14,1,imu01,fusion_20260818T182612Z,2406,59895348,569220028103870
569220062000000,59915,0.324,-0.233,0.943,3.32,1.81,-3.15,1,imu01,fusion_20260818T182612Z,2407,59915345,569220048100440
569220078000000,59935,0.323,-0.235,0.938,2.72,-1.19,-2.59,1,imu01,fusion_20260818T182612Z,2408,59935348,569220068103009
569220093000000,59955,0.324,-0.232,0.921,1.91,-3.29,-2.11,1,imu01,fusion_20260818T182612Z,2409,59955345,569220088099579
569220125000000,59975,0.312,-0.226,0.922,2.1,-2.01,-1.91,1,imu01,fusion_20260818T182612Z,2410,59975348,569220108102148
569220140000000,59995,0.315,-0.24,0.927,1.43,-1.59,-1.81,1,imu01,fusion_20260818T182612Z,2411,59995345,569220128098718
569220156000000,60015,0.327,-0.234,0.909,2.07,-0.75,-2.45,1,imu01,fusion_20260818T182612Z,2412,60015348,569220148101287
569220171000000,60035,0.321,-0.24,0.921,0.32,0.93,-0.9,1,imu01,fusion_20260818T182612Z,2413,60035345,569220168097856
569220203000000,60055,0.306,-0.227,0.92,-0.75,0.88,0.78,1,imu01,fusion_20260818T182612Z,2414,60055348,569220188100426
569220218000000,60075,0.3,-0.229,0.915,-1.38,0.45,1.61,1,imu01,fusion_20260818T182612Z,2415,60075345,569220208096995
569220234000000,60095,0.29,-0.226,0.919,-2.03,0.07,1.67,1,imu01,fusion_20260818T182612Z,2416,60095348,569220228099565
569220265000000,60115,0.306,-0.232,0.936,-1.52,0.11,1.36,1,imu01,fusion_20260818T182612Z,2417,60115345,569220248096134
569220281000000,60135,0.314,-0.236,0.929,-0.72,-0.26,1.32,1,imu01,fusion_20260818T182612Z,2418,60135348,569220268098704
569220296000000,60155,0.322,-0.235,0.944,0.33,0.46,0.91,1,imu01,fusion_20260818T182612Z,2419,60155345,569220288095273
569220312000000,60175,0.313,-0.23,0.947,0.01,-0.41,1.41,1,imu01,fusion_20260818T182612Z,2420,60175348,569220308097842
569220343000000,60195,0.313,-0.231,0.938,-0.59,-1.3,2.03,1,imu01,fusion_20260818T182612Z,2421,60195345,569220328094412
569220359000000,60215,0.301,-0.225,0.92,-0.28,-0.29,2.44,1,imu01,fusion_20260818T182612Z,2422,60215348,569220348096981
569220375000000,60235,0.305,-0.222,0.92,-0.26,-0.36,2.6,1,imu01,fusion_20260818T182612Z,2423,60235345,569220368093551
569220406000000,60255,0.305,-0.22,0.922,0.75,-1.06,2.39,1,imu01,fusion_20260818T182612Z,2424,60255348,569220388096120
569220421000000,60275,0.306,-0.224,0.932,1.7,0.12,1.52,1,imu01,fusion_20260818T182612Z,2425,60275345,569220408092690
569220437000000,60295,0.316,-0.228,0.941,2.43,-0.55,0.96,1,imu01,fusion_20260818T182612Z,2426,60295348,569220428095259
569220453000000,60315,0.313,-0.226,0.938,2.3,-0.76,1.27,1,imu01,fusion_20260818T182612Z,2427,60315345,569220448091828
569220484000000,60335,0.306,-0.223,0.932,1.16,-0.1,2.13,1,imu01,fusion_20260818T182612Z,2428,60335348,569220468094398
569220500000000,60355,0.302,-0.216,0.938,-1.04,0.49,2.99,1,imu01,fusion_20260818T182612Z,2429,60355345,569220488090967
569220515000000,60375,0.293,-0.219,0.933,-1.68,0.45,2.36,1,imu01,fusion_20260818T182612Z,2430,60375348,569220508093536
569220531000000,60395,0.296,-0.219,0.906,-1.62,-0.18,1.03,1,imu01,fusion_20260818T182612Z,2431,60395345,569220528090106
569220562000000,60415,0.3,-0.22,0.933,-0.35,-0.06,0.24,1,imu01,fusion_20260818T182612Z,2432,60415348,569220548092675
569220578000000,60435,0.313,-0.23,0.955,0.15,-0.31,-0.43,1,imu01,fusion_20260818T182612Z,2433,60435345,569220568089245
569220593000000,60455,0.316,-0.231,0.94,1.03,-0.37,-0.58,1,imu01,fusion_20260818T182612Z,2434,60455348,569220588091814
569220609000000,60475,0.315,-0.232,0.937,-0.52,1.61,0.35,1,imu01,fusion_20260818T182612Z,2435,60475345,569220608088384
569220640000000,60495,0.295,-0.225,0.92,-2.33,-1.12,1.56,1,imu01,fusion_20260818T182612Z,2436,60495348,569220628090953
569220656000000,60515,0.289,-0.219,0.907,-3.36,-2.02,1.7,1,imu01,fusion_20260818T182612Z,2437,60515345,569220648087522
569220671000000,60535,0.293,-0.218,0.907,-0.72,-1.69,0.43,1,imu01,fusion_20260818T182612Z,2438,60535348,569220668090092
569220703000000,60555,0.305,-0.218,0.923,-0.25,0.11,0.3,1,imu01,fusion_20260818T182612Z,2439,60555345,569220688086661
569220718000000,60575,0.309,-0.23,0.946,-0.75,1.93,0.17,1,imu01,fusion_20260818T182612Z,2440,60575348,569220708089231
569220734000000,60595,0.323,-0.234,0.958,-0.61,0.74,-0.77,1,imu01,fusion_20260818T182612Z,2441,60595345,569220728085800
569220765000000,60615,0.323,-0.236,0.955,-1.2,-1.03,-0.66,1,imu01,fusion_20260818T182612Z,2442,60615348,569220748088370
569220781000000,60635,0.32,-0.239,0.933,-0.98,-2.46,-0.01,1,imu01,fusion_20260818T182612Z,2443,60635345,569220768084939
569220796000000,60655,0.308,-0.235,0.926,-0.89,-2.12,0.61,1,imu01,fusion_20260818T182612Z,2444,60655348,569220788087508
569220812000000,60675,0.317,-0.239,0.923,0.77,-2.93,0.85,1,imu01,fusion_20260818T182612Z,2445,60675345,569220808084078
569220843000000,60695,0.324,-0.233,0.93,1.83,-1.81,1.1,1,imu01,fusion_20260818T182612Z,2446,60695348,569220828086647
569220859000000,60715,0.322,-0.235,0.929,2.95,0.4,1.81,1,imu01,fusion_20260818T182612Z,2447,60715345,569220848083217
569220875000000,60735,0.314,-0.232,0.947,2.34,2.73,2.99,1,imu01,fusion_20260818T182612Z,2448,60735348,569220868085786
569220890000000,60755,0.301,-0.226,0.934,1.36,0.63,2.94,1,imu01,fusion_20260818T182612Z,2449,60755345,569220888082355
569220921000000,60775,0.304,-0.231,0.92,0.39,-0.94,2.4,1,imu01,fusion_20260818T182612Z,2450,60775348,569220908084925
569220937000000,60795,0.3,-0.224,0.929,0.19,0.86,1.84,1,imu01,fusion_20260818T182612Z,2451,60795345,569220928081494
569220953000000,60815,0.309,-0.223,0.914,0.89,1.09,1.48,1,imu01,fusion_20260818T182612Z,2452,60815348,569220948084064
569220984000000,60835,0.299,-0.214,0.901,1.56,0.86,1.29,1,imu01,fusion_20260818T182612Z,2453,60835345,569220968080633
569221000000000,60855,0.311,-0.227,0.92,4.26,-4.72,-0.3,1,imu01,fusion_20260818T182612Z,2454,60855348,569220988083202
569221015000000,60875,0.319,-0.237,0.943,0.9,-1.71,-0.18,1,imu01,fusion_20260818T182612Z,2455,60875345,569221008079772
569221031000000,60895,0.316,-0.237,0.937,-0.47,-0.31,0.57,1,imu01,fusion_20260818T182612Z,2456,60895348,569221028082341
569221062000000,60915,0.318,-0.229,0.912,-0.07,-1.39,0.38,1,imu01,fusion_20260818T182612Z,2457,60915345,569221048078911
569221078000000,60935,0.312,-0.23,0.922,-1.37,0.76,0.73,1,imu01,fusion_20260818T182612Z,2458,60935348,569221068081480
569221093000000,60955,0.317,-0.238,0.924,-1.46,0.99,0.91,1,imu01,fusion_20260818T182612Z,2459,60955345,569221088078050
569221125000000,60975,0.321,-0.231,0.929,-1.15,0.87,0.93,1,imu01,fusion_20260818T182612Z,2460,60975348,569221108080619
569221140000000,60995,0.322,-0.238,0.95,-0.22,0.91,0.44,1,imu01,fusion_20260818T182612Z,2461,60995345,569221128077188
569221156000000,61015,0.339,-0.233,0.934,-0.4,-0.64,0.46,1,imu01,fusion_20260818T182612Z,2462,61015348,569221148079758
569221171000000,61035,0.325,-0.23,0.939,-0.13,-0.11,1.93,1,imu01,fusion_20260818T182612Z,2463,61035345,569221168076327
569221203000000,61055,0.317,-0.214,0.928,0.12,-1.89,2.35,1,imu01,fusion_20260818T182612Z,2464,61055348,569221188078897
569221218000000,61075,0.305,-0.209,0.914,1.03,-2.78,1.73,1,imu01,fusion_20260818T182612Z,2465,61075345,569221208075466
569221234000000,61095,0.296,-0.206,0.921,3.06,-3.85,0.61,1,imu01,fusion_20260818T182612Z,2466,61095348,569221228078035
569221265000000,61115,0.291,-0.206,0.894,2.74,-3.53,-0.41,1,imu01,fusion_20260818T182612Z,2467,61115345,569221248074605
569221281000000,61135,0.307,-0.218,0.903,2.49,-3.14,-1.4,1,imu01,fusion_20260818T182612Z,2468,61135348,569221268077174
569221296000000,61155,0.327,-0.23,0.925,1.9,-1.72,-3.03,1,imu01,fusion_20260818T182612Z,2469,61155345,569221288073744
569221312000000,61175,0.346,-0.232,0.928,3.06,-1.48,-3.37,1,imu01,fusion_20260818T182612Z,2470,61175348,569221308076313
569221343000000,61195,0.347,-0.24,0.941,2.08,0.03,-2.23,1,imu01,fusion_20260818T182612Z,2471,61195345,569221328072882
569221359000000,61215,0.343,-0.244,0.938,-0.62,0.54,-0.58,1,imu01,fusion_20260818T182612Z,2472,61215348,569221348075452
569221375000000,61235,0.338,-0.236,0.912,-1.28,-0.85,0.18,1,imu01,fusion_20260818T182612Z,2473,61235345,569221368072021
569221390000000,61255,0.338,-0.241,0.918,-2.06,0.05,1.1,1,imu01,fusion_20260818T182612Z,2474,61255348,569221388074591
569221421000000,61275,0.333,-0.237,0.905,-3.2,2.55,2.18,1,imu01,fusion_20260818T182612Z,2475,61275345,569221408071160
569221437000000,61295,0.331,-0.234,0.916,-3.74,3.59,2.03,1,imu01,fusion_20260818T182612Z,2476,61295348,569221428073730
569221453000000,61315,0.325,-0.241,0.921,-4.36,2.83,1.35,1,imu01,fusion_20260818T182612Z,2477,61315345,569221448070299
569221484000000,61335,0.328,-0.226,0.892,-5.66,2.1,0.85,1,imu01,fusion_20260818T182612Z,2478,61335348,569221468072868
569221500000000,61355,0.323,-0.227,0.892,-8.25,3.89,1.62,1,imu01,fusion_20260818T182612Z,2479,61355345,569221488069438
569221515000000,61375,0.316,-0.221,0.899,-9.3,5.12,2.0,1,imu01,fusion_20260818T182612Z,2480,61375348,569221508072007
569221531000000,61395,0.306,-0.224,0.915,-8.58,6.21,0.92,1,imu01,fusion_20260818T182612Z,2481,61395345,569221528068577
569221562000000,61415,0.309,-0.228,0.927,-6.65,4.99,-0.78,1,imu01,fusion_20260818T182612Z,2482,61415348,569221548071146
569221578000000,61435,0.308,-0.237,0.915,-5.3,2.99,-1.75,1,imu01,fusion_20260818T182612Z,2483,61435345,569221568067716
569221593000000,61455,0.319,-0.25,0.928,-5.78,2.35,-1.8,1,imu01,fusion_20260818T182612Z,2484,61455348,569221588070285
569221625000000,61475,0.313,-0.248,0.925,-5.35,2.1,-2.33,1,imu01,fusion_20260818T182612Z,2485,61475345,569221608066854
569221640000000,61495,0.315,-0.248,0.945,-5.72,-0.03,-2.3,1,imu01,fusion_20260818T182612Z,2486,61495348,569221628069424
569221656000000,61515,0.32,-0.256,0.914,-4.66,-2.57,-2.88,1,imu01,fusion_20260818T182612Z,2487,61515345,569221648065993
569221671000000,61535,0.315,-0.255,0.91,-4.89,-2.38,-2.49,1,imu01,fusion_20260818T182612Z,2488,61535348,569221668068562
569221703000000,61555,0.315,-0.26,0.914,-5.54,-2.1,-2.66,1,imu01,fusion_20260818T182612Z,2489,61555345,569221688065132
569221718000000,61575,0.327,-0.263,0.909,-3.89,-4.08,-3.52,1,imu01,fusion_20260818T182612Z,2490,61575348,569221708067701
569221734000000,61595,0.321,-0.257,0.904,-3.77,-3.88,-3.12,1,imu01,fusion_20260818T182612Z,2491,61595345,569221728064271
569221765000000,61615,0.31,-0.268,0.922,-4.85,-4.76,-2.07,1,imu01,fusion_20260818T182612Z,2492,61615348,569221748066840
569221781000000,61635,0.298,-0.25,0.897,-5.45,-6.34,-1.7,1,imu01,fusion_20260818T182612Z,2493,61635345,569221768063410
569221796000000,61655,0.305,-0.255,0.881,-5.77,-8.42,-2.43,1,imu01,fusion_20260818T182612Z,2494,61655348,569221788065979
569221812000000,61675,0.311,-0.264,0.872,-6.81,-8.17,-2.56,1,imu01,fusion_20260818T182612Z,2495,61675345,569221808062548
569221843000000,61695,0.324,-0.266,0.893,-3.34,-4.33,-3.85,1,imu01,fusion_20260818T182612Z,2496,61695348,569221828065118
569221859000000,61715,0.331,-0.226,0.875,2.35,-4.47,-3.29,1,imu01,fusion_20260818T182612Z,2497,61715345,569221848061687
569221875000000,61735,0.319,-0.259,0.93,1.51,-0.14,-1.3,1,imu01,fusion_20260818T182612Z,2498,61735348,569221868064257
569221890000000,61755,0.316,-0.269,0.94,-1.25,-3.1,0.36,1,imu01,fusion_20260818T182612Z,2499,61755345,569221888060826
569221921000000,61775,0.31,-0.263,0.902,-3.61,-5.91,-0.46,1,imu01,fusion_20260818T182612Z,2500,61775348,569221908063396
569221937000000,61795,0.319,-0.261,0.9,-3.05,-9.02,-0.82,1,imu01,fusion_20260818T182612Z,2501,61795345,569221928059965
569221953000000,61815,0.338,-0.263,0.9,-2.33,-8.88,-1.45,1,imu01,fusion_20260818T182612Z,2502,61815348,569221948062534
569221984000000,61835,0.342,-0.272,0.92,-1.89,-5.32,-0.45,1,imu01,fusion_20260818T182612Z,2503,61835345,569221968059104
569222000000000,61855,0.342,-0.271,0.9,-1.26,-4.51,0.3,1,imu01,fusion_20260818T182612Z,2504,61855348,569221988061673
569222015000000,61875,0.336,-0.26,0.892,-2.03,-3.47,1.84,1,imu01,fusion_20260818T182612Z,2505,61875345,569222008058243
569222031000000,61895,0.321,-0.254,0.892,-2.26,-2.3,2.93,1,imu01,fusion_20260818T182612Z,2506,61895348,569222028060812
569222062000000,61915,0.308,-0.239,0.854,-3.1,-2.81,3.94,1,imu01,fusion_20260818T182612Z,2507,61915345,569222048057382
569222078000000,61935,0.298,-0.248,0.853,-6.03,-1.69,4.79,1,imu01,fusion_20260818T182612Z,2508,61935348,569222068059951
569222093000000,61955,0.299,-0.238,0.851,-6.35,-3.27,2.35,1,imu01,fusion_20260818T182612Z,2509,61955345,569222088056520
569222125000000,61975,0.312,-0.25,0.862,-4.6,-5.55,0.56,1,imu01,fusion_20260818T182612Z,2510,61975348,569222108059090
569222140000000,61995,0.316,-0.257,0.861,-2.75,-5.91,-0.52,1,imu01,fusion_20260818T182612Z,2511,61995345,569222128055659
569222156000000,62015,0.32,-0.254,0.867,-4.17,-5.01,-0.3,1,imu01,fusion_20260818T182612Z,2512,62015348,569222148058228
569222171000000,62035,0.313,-0.252,0.846,-5.65,-6.04,-0.3,1,imu01,fusion_20260818T182612Z,2513,62035345,569222168054798
569222203000000,62055,0.333,-0.256,0.854,-11.71,-5.31,0.21,1,imu01,fusion_20260818T182612Z,2514,62055348,569222188057367
569222218000000,62075,0.294,-0.258,0.781,-14.6,-6.26,-0.07,1,imu01,fusion_20260818T182612Z,2515,62075345,569222208053937
569222234000000,62095,0.31,-0.266,0.764,-18.29,-4.23,1.12,1,imu01,fusion_20260818T182612Z,2516,62095348,569222228056506
569222265000000,62115,0.319,-0.278,0.781,-16.24,-5.96,1.12,1,imu01,fusion_20260818T182612Z,2517,62115345,569222248053076
569222281000000,62135,0.334,-0.273,0.827,-12.62,-3.14,1.66,1,imu01,fusion_20260818T182612Z,2518,62135348,569222268055645
569222296000000,62155,0.35,-0.289,0.878,-10.66,0.49,2.95,1,imu01,fusion_20260818T182612Z,2519,62155345,569222288052214
569222312000000,62175,0.361,-0.275,0.86,-11.31,3.64,3.93,1,imu01,fusion_20260818T182612Z,2520,62175348,569222308054784
569222343000000,62195,0.346,-0.277,0.82,-11.3,3.53,5.04,1,imu01,fusion_20260818T182612Z,2521,62195345,569222328051353
569222359000000,62215,0.319,-0.268,0.798,-10.22,3.13,6.02,1,imu01,fusion_20260818T182612Z,2522,62215348,569222348053923
569222375000000,62235,0.328,-0.265,0.799,-9.18,3.45,6.12,1,imu01,fusion_20260818T182612Z,2523,62235345,569222368050492
569222390000000,62255,0.34,-0.275,0.818,-3.52,4.66,4.69,1,imu01,fusion_20260818T182612Z,2524,62255348,569222388053062
569222421000000,62275,0.321,-0.283,0.822,1.18,7.61,4.22,1,imu01,fusion_20260818T182612Z,2525,62275345,569222408049631
569222437000000,62295,0.336,-0.295,0.853,-1.65,11.03,5.28,1,imu01,fusion_20260818T182612Z,2526,62295348,569222428052200
569222453000000,62315,0.359,-0.316,0.925,-3.56,4.46,4.64,1,imu01,fusion_20260818T182612Z,2527,62315345,569222448048770
569222484000000,62335,0.427,-0.353,0.908,-5.36,-2.66,1.94,1,imu01,fusion_20260818T182612Z,2528,62335348,569222468051339
569222500000000,62355,0.421,-0.363,0.902,1.97,6.64,5.16,1,imu01,fusion_20260818T182612Z,2529,62355345,569222488047909
569222515000000,62375,0.368,-0.321,0.868,7.71,20.35,13.54,1,imu01,fusion_20260818T182612Z,2530,62375348,569222508050478
569222531000000,62395,0.304,-0.273,0.784,8.67,23.01,19.35,1,imu01,fusion_20260818T182612Z,2531,62395345,569222528047048
569222562000000,62415,0.265,-0.266,0.735,8.92,18.25,17.79,1,imu01,fusion_20260818T182612Z,2532,62415348,569222548049617
569222578000000,62435,0.255,-0.277,0.711,12.51,15.39,12.97,1,imu01,fusion_20260818T182612Z,2533,62435345,569222568046186
569222593000000,62455,0.258,-0.271,0.716,15.23,19.94,10.73,1,imu01,fusion_20260818T182612Z,2534,62455348,569222588048756
569222625000000,62475,0.275,-0.277,0.717,15.39,28.17,10.62,1,imu01,fusion_20260818T182612Z,2535,62475345,569222608045325
569222640000000,62495,0.273,-0.288,0.763,16.13,36.52,10.15,1,imu01,fusion_20260818T182612Z,2536,62495348,569222628047894
569222656000000,62515,0.263,-0.313,0.789,16.06,38.98,9.6,1,imu01,fusion_20260818T182612Z,2537,62515345,569222648044464
569222671000000,62535,0.225,-0.339,0.892,12.51,39.32,10.23,1,imu01,fusion_20260818T182612Z,2538,62535348,569222668047033
569222703000000,62555,0.194,-0.349,0.959,4.65,29.65,7.66,1,imu01,fusion_20260818T182612Z,2539,62555345,569222688043603
569222718000000,62575,0.242,-0.374,1.01,-1.57,19.4,1.99,1,imu01,fusion_20260818T182612Z,2540,62575348,569222708046172
569222734000000,62595,0.272,-0.371,1.025,-4.04,18.07,-0.75,1,imu01,fusion_20260818T182612Z,2541,62595345,569222728042742
569222750000000,62615,0.292,-0.339,1.086,-2.26,18.19,2.32,1,imu01,fusion_20260818T182612Z,2542,62615348,569222748045311
569222781000000,62635,0.265,-0.34,1.023,-0.21,15.28,4.25,1,imu01,fusion_20260818T182612Z,2543,62635345,569222768041880
569222796000000,62655,0.236,-0.353,1.029,1.16,10.6,3.21,1,imu01,fusion_20260818T182612Z,2544,62655348,569222788044450
569222812000000,62675,0.256,-0.335,1.031,5.63,5.41,-0.65,1,imu01,fusion_20260818T182612Z,2545,62675345,569222808041019
569222843000000,62695,0.282,-0.31,1.054,10.94,7.0,-4.72,1,imu01,fusion_20260818T182612Z,2546,62695348,569222828043589
569222859000000,62715,0.308,-0.289,1.054,19.86,10.19,-8.48,1,imu01,fusion_20260818T182612Z,2547,62715345,569222848040158
569222875000000,62735,0.316,-0.278,1.071,25.86,15.83,-9.59,1,imu01,fusion_20260818T182612Z,2548,62735348,569222868042728
569222890000000,62755,0.287,-0.277,1.073,28.23,13.0,-11.81,1,imu01,fusion_20260818T182612Z,2549,62755345,569222888039297
569222921000000,62775,0.258,-0.293,1.082,26.1,5.82,-15.47,1,imu01,fusion_20260818T182612Z,2550,62775348,569222908041866
569222937000000,62795,0.269,-0.305,1.116,21.75,6.25,-19.78,1,imu01,fusion_20260818T182612Z,2551,62795345,569222928038436
569222953000000,62815,0.295,-0.314,1.098,13.8,1.19,-22.89,1,imu01,fusion_20260818T182612Z,2552,62815348,569222948041005
569222984000000,62835,0.278,-0.318,1.075,6.55,-2.58,-25.75,1,imu01,fusion_20260818T182612Z,2553,62835345,569222968037575
569223000000000,62855,0.28,-0.303,1.041,3.72,-8.06,-26.88,1,imu01,fusion_20260818T182612Z,2554,62855348,569222988040144
569223015000000,62875,0.302,-0.267,0.994,0.96,-8.51,-22.44,1,imu01,fusion_20260818T182612Z,2555,62875345,569223008036713
569223031000000,62895,0.324,-0.249,0.965,-1.64,3.86,-10.96,1,imu01,fusion_20260818T182612Z,2556,62895348,569223028039283
569223062000000,62915,0.233,-0.219,0.947,1.88,18.35,0.2,1,imu01,fusion_20260818T182612Z,2557,62915345,569223048035852
569223078000000,62935,0.128,-0.152,0.917,4.22,24.15,7.02,1,imu01,fusion_20260818T182612Z,2558,62935348,569223068038422
569223093000000,62955,0.051,-0.124,0.917,1.06,23.24,3.67,1,imu01,fusion_20260818T182612Z,2559,62955345,569223088034991
569223125000000,62975,0.063,-0.182,1.04,3.69,15.86,-8.85,1,imu01,fusion_20260818T182612Z,2560,62975348,569223108037560
569223140000000,62995,0.064,-0.259,1.174,7.65,8.09,-23.74,1,imu01,fusion_20260818T182612Z,2561,62995345,569223128034130
569223156000000,63015,0.142,-0.251,1.186,1.25,5.45,-32.92,1,imu01,fusion_20260818T182612Z,2562,63015348,569223148036699
569223171000000,63035,0.185,-0.193,1.14,-9.84,-0.75,-35.97,1,imu01,fusion_20260818T182612Z,2563,63035345,569223168033269
569223203000000,63055,0.178,-0.149,1.049,-15.26,-14.65,-31.23,1,imu01,fusion_20260818T182612Z,2564,63055348,569223188035838
569223218000000,63075,0.206,-0.162,1.0,-11.57,-21.27,-25.52,1,imu01,fusion_20260818T182612Z,2565,63075345,569223208032408
569223234000000,63095,0.279,-0.211,0.904,5.64,-23.72,-22.01,1,imu01,fusion_20260818T182612Z,2566,63095348,569223228034977
569223265000000,63115,0.236,-0.233,0.917,25.8,-4.29,-9.64,1,imu01,fusion_20260818T182612Z,2567,63115345,569223248031546
569223281000000,63135,0.204,-0.216,1.043,33.16,19.68,7.16,1,imu01,fusion_20260818T182612Z,2568,63135348,569223268034116
569223296000000,63155,0.084,-0.197,1.042,34.86,27.56,18.99,1,imu01,fusion_20260818T182612Z,2569,63155345,569223288030685
569223312000000,63175,0.049,-0.198,0.977,19.2,29.88,21.97,1,imu01,fusion_20260818T182612Z,2570,63175348,569223308033255
569223343000000,63195,0.005,-0.176,0.993,0.61,32.13,22.61,1,imu01,fusion_20260818T182612Z,2571,63195345,569223328029824
569223359000000,63215,-0.022,-0.178,0.999,-16.14,28.07,18.35,1,imu01,fusion_20260818T182612Z,2572,63215348,569223348032393
569223375000000,63235,-0.014,-0.203,1.009,-18.97,19.99,7.03,1,imu01,fusion_20260818T182612Z,2573,63235345,569223368028963
569223406000000,63255,0.041,-0.215,1.038,-14.98,19.09,-5.1,1,imu01,fusion_20260818T182612Z,2574,63255348,569223388031532
569223421000000,63275,0.097,-0.192,1.027,-7.44,20.52,-15.07,1,imu01,fusion_20260818T182612Z,2575,63275345,569223408028102
569223437000000,63295,0.155,-0.228,1.096,-1.95,18.77,-20.95,1,imu01,fusion_20260818T182612Z,2576,63295348,569223428030671
569223453000000,63315,0.182,-0.22,1.047,-3.92,11.02,-23.67,1,imu01,fusion_20260818T182612Z,2577,63315345,569223448027240
569223484000000,63335,0.189,-0.218,0.955,-12.9,1.33,-20.78,1,imu01,fusion_20260818T182612Z,2578,63335348,569223468029810
569223500000000,63355,0.158,-0.211,0.933,-20.87,-3.96,-15.56,1,imu01,fusion_20260818T182612Z,2579,63355345,569223488026379
569223515000000,63375,0.134,-0.212,0.862,-22.82,-5.88,-12.35,1,imu01,fusion_20260818T182612Z,2580,63375348,569223508028949
569223531000000,63395,0.146,-0.19,0.759,-21.23,-2.58,-7.94,1,imu01,fusion_20260818T182612Z,2581,63395345,569223528025518
569223562000000,63415,0.177,-0.185,0.748,-8.27,9.68,-1.49,1,imu01,fusion_20260818T182612Z,2582,63415348,569223548028088
569223578000000,63435,0.199,-0.21,0.907,5.63,28.46,4.41,1,imu01,fusion_20260818T182612Z,2583,63435345,569223568024657
569223593000000,63455,0.086,-0.227,1.071,15.63,30.55,10.48,1,imu01,fusion_20260818T182612Z,2584,63455348,569223588027226
569223625000000,63475,0.012,-0.217,1.173,8.9,29.99,14.57,1,imu01,fusion_20260818T182612Z,2585,63475345,569223608023796
569223640000000,63495,-0.01,-0.233,1.158,-2.86,17.45,12.56,1,imu01,fusion_20260818T182612Z,2586,63495348,569223628026365
569223656000000,63515,0.043,-0.244,1.036,-9.55,-0.5,4.98,1,imu01,fusion_20260818T182612Z,2587,63515345,569223648022935
569223671000000,63535,0.065,-0.258,0.973,-6.75,-10.51,0.13,1,imu01,fusion_20260818T182612Z,2588,63535348,569223668025504
569223703000000,63555,0.086,-0.263,0.943,-1.0,-13.15,-2.57,1,imu01,fusion_20260818T182612Z,2589,63555345,569223688022074
569223718000000,63575,0.129,-0.258,0.96,6.21,-14.81,-5.49,1,imu01,fusion_20260818T182612Z,2590,63575348,569223708024643
569223734000000,63595,0.2,-0.247,0.946,8.48,-11.48,-7.62,1,imu01,fusion_20260818T182612Z,2591,63595345,569223728021212
569223750000000,63615,0.218,-0.265,0.966,6.06,-1.76,-6.12,1,imu01,fusion_20260818T182612Z,2592,63615348,569223748023782
569223781000000,63635,0.227,-0.27,0.963,3.74,-1.93,-1.0,1,imu01,fusion_20260818T182612Z,2593,63635345,569223768020351
569223796000000,63655,0.155,-0.25,1.012,-3.27,3.53,7.28,1,imu01,fusion_20260818T182612Z,2594,63655348,569223788022920
569223812000000,63675,0.099,-0.243,1.001,-9.95,0.91,10.48,1,imu01,fusion_20260818T182612Z,2595,63675345,569223808019490
569223843000000,63695,0.093,-0.233,0.942,-10.4,-4.57,7.37,1,imu01,fusion_20260818T182612Z,2596,63695348,569223828022059
569223859000000,63715,0.117,-0.241,0.961,-7.1,-4.1,3.74,1,imu01,fusion_20260818T182612Z,2597,63715345,569223848018629
569223875000000,63735,0.126,-0.246,0.965,-1.75,-4.56,1.95,1,imu01,fusion_20260818T182612Z,2598,63735348,569223868021198
569223890000000,63755,0.159,-0.241,0.977,2.41,-1.83,3.29,1,imu01,fusion_20260818T182612Z,2599,63755345,569223888017768
569223921000000,63775,0.157,-0.262,1.057,-1.68,2.24,7.64,1,imu01,fusion_20260818T182612Z,2600,63775348,569223908020337
569223937000000,63795,0.124,-0.232,0.979,-12.55,-7.14,9.22,1,imu01,fusion_20260818T182612Z,2601,63795345,569223928016906
569223953000000,63815,0.151,-0.228,0.934,-20.24,-12.43,9.64,1,imu01,fusion_20260818T182612Z,2602,63815348,569223948019476
569223984000000,63835,0.085,-0.225,0.906,-17.9,-11.26,10.32,1,imu01,fusion_20260818T182612Z,2603,63835345,569223968016045
569224000000000,63855,0.055,-0.224,0.918,-11.7,-5.81,9.15,1,imu01,fusion_20260818T182612Z,2604,63855348,569223988018615
569224015000000,63875,0.07,-0.222,0.908,-2.75,-0.07,4.54,1,imu01,fusion_20260818T182612Z,2605,63875345,569224008015184
569224031000000,63895,0.108,-0.238,0.974,5.32,3.19,-1.2,1,imu01,fusion_20260818T182612Z,2606,63895348,569224028017754
569224062000000,63915,0.14,-0.239,1.003,11.32,-0.12,-5.72,1,imu01,fusion_20260818T182612Z,2607,63915345,569224048014323
569224078000000,63935,0.15,-0.24,0.985,10.21,-3.13,-6.6,1,imu01,fusion_20260818T182612Z,2608,63935348,569224068016892
569224093000000,63955,0.149,-0.247,0.961,7.19,-4.91,-5.13,1,imu01,fusion_20260818T182612Z,2609,63955345,569224088013462
569224125000000,63975,0.133,-0.233,0.914,4.81,-8.68,-3.43,1,imu01,fusion_20260818T182612Z,2610,63975348,569224108016031
569224140000000,63995,0.133,-0.227,0.898,4.8,-8.25,-2.54,1,imu01,fusion_20260818T182612Z,2611,63995345,569224128012601
569224156000000,64015,0.136,-0.244,0.957,5.09,-3.31,-1.05,1,imu01,fusion_20260818T182612Z,2612,64015348,569224148015170
569224171000000,64035,0.155,-0.247,0.967,5.16,-1.01,-1.18,1,imu01,fusion_20260818T182612Z,2613,64035345,569224168011740
569224203000000,64055,0.165,-0.255,0.998,3.79,-1.85,-0.78,1,imu01,fusion_20260818T182612Z,2614,64055348,569224188014309
569224218000000,64075,0.159,-0.259,1.0,2.0,-1.92,-0.09,1,imu01,fusion_20260818T182612Z,2615,64075345,569224208010878
569224234000000,64095,0.149,-0.249,0.952,0.38,-3.84,0.32,1,imu01,fusion_20260818T182612Z,2616,64095348,569224228013448
569224250000000,64115,0.155,-0.262,0.952,-0.91,-5.25,0.61,1,imu01,fusion_20260818T182612Z,2617,64115345,569224248010017
569224281000000,64135,0.158,-0.257,0.946,0.22,-3.92,0.24,1,imu01,fusion_20260818T182612Z,2618,64135348,569224268012586
569224296000000,64155,0.153,-0.255,0.953,0.7,-1.42,0.12,1,imu01,fusion_20260818T182612Z,2619,64155345,569224288009156
569224312000000,64175,0.16,-0.25,0.967,0.59,2.32,0.93,1,imu01,fusion_20260818T182612Z,2620,64175348,569224308011725
569224343000000,64195,0.161,-0.274,0.986,1.67,-1.77,0.75,1,imu01,fusion_20260818T182612Z,2621,64195345,569224328008295
569224359000000,64215,0.177,-0.253,0.98,0.24,-2.97,1.52,1,imu01,fusion_20260818T182612Z,2622,64215348,569224348010864
569224375000000,64235,0.161,-0.247,0.936,0.58,-1.28,3.24,1,imu01,fusion_20260818T182612Z,2623,64235345,569224368007434
569224390000000,64255,0.168,-0.247,0.962,0.16,1.63,4.04,1,imu01,fusion_20260818T182612Z,2624,64255348,569224388010003
569224421000000,64275,0.161,-0.241,0.943,2.01,1.09,4.22,1,imu01,fusion_20260818T182612Z,2625,64275345,569224408006572
569224437000000,64295,0.157,-0.238,0.945,2.52,3.74,5.33,1,imu01,fusion_20260818T182612Z,2626,64295348,569224428009142
569224453000000,64315,0.14,-0.241,0.989,1.02,5.43,5.26,1,imu01,fusion_20260818T182612Z,2627,64315345,569224448005711
569224484000000,64335,0.139,-0.244,0.977,0.85,1.27,2.59,1,imu01,fusion_20260818T182612Z,2628,64335348,569224468008281
569224500000000,64355,0.161,-0.245,0.975,-1.39,1.31,2.24,1,imu01,fusion_20260818T182612Z,2629,64355345,569224488004850
569224515000000,64375,0.166,-0.244,0.976,-3.09,2.45,3.68,1,imu01,fusion_20260818T182612Z,2630,64375348,569224508007420
569224531000000,64395,0.14,-0.245,0.971,-2.84,1.61,4.89,1,imu01,fusion_20260818T182612Z,2631,64395345,569224528003989
569224562000000,64415,0.149,-0.25,0.976,-3.07,1.19,4.75,1,imu01,fusion_20260818T182612Z,2632,64415348,569224548006558
569224578000000,64435,0.138,-0.247,0.973,-2.53,3.7,4.66,1,imu01,fusion_20260818T182612Z,2633,64435345,569224568003128
569224593000000,64455,0.147,-0.248,0.975,-0.85,3.46,3.7,1,imu01,fusion_20260818T182612Z,2634,64455348,569224588005697
569224609000000,64475,0.13,-0.241,0.968,-1.3,3.44,3.64,1,imu01,fusion_20260818T182612Z,2635,64475345,569224608002267
569224640000000,64495,0.127,-0.237,0.978,-1.94,2.69,3.67,1,imu01,fusion_20260818T182612Z,2636,64495348,569224628004836
569224656000000,64515,0.126,-0.233,0.976,-0.45,-0.3,1.54,1,imu01,fusion_20260818T182612Z,2637,64515345,569224648001405
569224671000000,64535,0.154,-0.232,0.97,1.8,-1.2,-0.02,1,imu01,fusion_20260818T182612Z,2638,64535348,569224668003975
569224703000000,64555,0.138,-0.241,0.985,2.65,-0.17,0.57,1,imu01,fusion_20260818T182612Z,2639,64555345,569224688000544
569224718000000,64575,0.14,-0.238,0.966,2.66,-1.37,0.34,1,imu01,fusion_20260818T182612Z,2640,64575348,569224708003114
569224734000000,64595,0.124,-0.236,0.968,1.39,-2.46,0.12,1,imu01,fusion_20260818T182612Z,2641,64595345,569224727999683
569224750000000,64615,0.135,-0.233,0.942,0.69,-3.52,-0.59,1,imu01,fusion_20260818T182612Z,2642,64615348,569224748002252
569224781000000,64635,0.133,-0.24,0.935,1.12,-2.91,-0.06,1,imu01,fusion_20260818T182612Z,2643,64635345,569224767998822
569224796000000,64655,0.135,-0.236,0.933,1.54,-0.81,1.11,1,imu01,fusion_20260818T182612Z,2644,64655348,569224788001391
569224812000000,64675,0.123,-0.235,0.959,0.38,1.48,2.02,1,imu01,fusion_20260818T182612Z,2645,64675345,569224807997961
569224843000000,64695,0.134,-0.244,0.963,-0.46,2.02,1.23,1,imu01,fusion_20260818T182612Z,2646,64695348,569224828000530
569224859000000,64715,0.142,-0.246,0.963,-0.67,1.18,-0.1,1,imu01,fusion_20260818T182612Z,2647,64715345,569224847997100
569224875000000,64735,0.161,-0.26,0.978,-0.61,1.56,-0.04,1,imu01,fusion_20260818T182612Z,2648,64735348,569224867999669
569224890000000,64755,0.169,-0.254,0.984,0.15,1.74,0.54,1,imu01,fusion_20260818T182612Z,2649,64755345,569224887996238
569224921000000,64775,0.144,-0.256,0.984,-0.13,2.32,1.78,1,imu01,fusion_20260818T182612Z,2650,64775348,569224907998808
569224937000000,64795,0.141,-0.254,0.971,-0.13,0.46,1.99,1,imu01,fusion_20260818T182612Z,2651,64795345,569224927995377
569224953000000,64815,0.134,-0.247,0.973,0.01,-0.31,1.73,1,imu01,fusion_20260818T182612Z,2652,64815348,569224947997947
569224984000000,64835,0.138,-0.246,0.959,0.94,-0.9,1.29,1,imu01,fusion_20260818T182612Z,2653,64835345,569224967994516
569225000000000,64855,0.129,-0.245,0.979,1.59,-0.5,0.94,1,imu01,fusion_20260818T182612Z,2654,64855348,569224987997085
569225015000000,64875,0.14,-0.248,0.987,1.22,-0.77,0.54,1,imu01,fusion_20260818T182612Z,2655,64875345,569225007993655
569225031000000,64895,0.142,-0.236,0.965,1.35,-2.87,-0.35,1,imu01,fusion_20260818T182612Z,2656,64895348,569225027996224
569225062000000,64915,0.155,-0.242,0.952,0.66,-2.31,0.16,1,imu01,fusion_20260818T182612Z,2657,64915345,569225047992794
569225078000000,64935,0.158,-0.24,0.946,0.97,-0.17,1.05,1,imu01,fusion_20260818T182612Z,2658,64935348,569225067995363
569225093000000,64955,0.145,-0.239,0.95,1.18,0.98,2.17,1,imu01,fusion_20260818T182612Z,2659,64955345,569225087991932
569225109000000,64975,0.135,-0.241,0.972,-0.09,2.5,3.32,1,imu01,fusion_20260818T182612Z,2660,64975348,569225107994502
569225140000000,64995,0.117,-0.239,0.963,-0.76,1.54,2.89,1,imu01,fusion_20260818T182612Z,2661,64995345,569225127991071
569225156000000,65015,0.117,-0.238,0.966,-2.8,1.06,2.09,1,imu01,fusion_20260818T182612Z,2662,65015348,569225147993641
569225171000000,65035,0.12,-0.246,0.964,-1.36,0.16,0.6,1,imu01,fusion_20260818T182612Z,2663,65035345,569225167990210
569225203000000,65055,0.142,-0.241,0.979,-1.12,1.29,0.09,1,imu01,fusion_20260818T182612Z,2664,65055348,569225187992780
569225218000000,65075,0.138,-0.242,0.987,1.04,1.12,-0.17,1,imu01,fusion_20260818T182612Z,2665,65075345,569225207989349
569225234000000,65095,0.152,-0.248,1.002,0.36,1.09,0.19,1,imu01,fusion_20260818T182612Z,2666,65095348,569225227991918
569225265000000,65115,0.151,-0.248,0.991,0.43,0.35,0.62,1,imu01,fusion_20260818T182612Z,2667,65115345,569225247988488
569225281000000,65135,0.137,-0.234,0.988,0.22,1.48,1.44,1,imu01,fusion_20260818T182612Z,2668,65135348,569225267991057
569225296000000,65155,0.121,-0.229,0.957,-1.14,0.79,1.51,1,imu01,fusion_20260818T182612Z,2669,65155345,569225287987627
569225312000000,65175,0.121,-0.232,0.963,-0.81,-1.43,-0.15,1,imu01,fusion_20260818T182612Z,2670,65175348,569225307990196
569225343000000,65195,0.146,-0.239,0.947,0.29,-2.26,-2.49,1,imu01,fusion_20260818T182612Z,2671,65195345,569225327986766
569225359000000,65215,0.154,-0.248,0.954,0.61,-0.11,-2.2,1,imu01,fusion_20260818T182612Z,2672,65215348,569225347989335
569225375000000,65235,0.142,-0.245,0.967,0.34,-0.05,-0.21,1,imu01,fusion_20260818T182612Z,2673,65235345,569225367985904
569225390000000,65255,0.128,-0.248,0.974,-0.78,-0.92,0.9,1,imu01,fusion_20260818T182612Z,2674,65255348,569225387988474
569225421000000,65275,0.141,-0.254,0.985,-2.01,-0.39,0.83,1,imu01,fusion_20260818T182612Z,2675,65275345,569225407985043
569225437000000,65295,0.15,-0.246,0.968,0.04,-2.62,-0.2,1,imu01,fusion_20260818T182612Z,2676,65295348,569225427987612
569225453000000,65315,0.159,-0.25,0.982,1.29,-2.07,0.93,1,imu01,fusion_20260818T182612Z,2677,65315345,569225447984182
569225484000000,65335,0.147,-0.241,0.984,3.24,-1.2,1.13,1,imu01,fusion_20260818T182612Z,2678,65335348,569225467986751
569225500000000,65355,0.138,-0.227,0.959,3.46,-1.88,0.64,1,imu01,fusion_20260818T182612Z,2679,65355345,569225487983321
569225515000000,65375,0.132,-0.232,0.952,1.09,-1.67,1.14,1,imu01,fusion_20260818T182612Z,2680,65375348,569225507985890
569225531000000,65395,0.138,-0.232,0.957,0.06,-1.29,0.17,1,imu01,fusion_20260818T182612Z,2681,65395345,569225527982460
569225562000000,65415,0.151,-0.233,0.938,1.16,-1.63,-0.74,1,imu01,fusion_20260818T182612Z,2682,65415348,569225547985029
569225578000000,65435,0.149,-0.245,0.961,0.51,1.64,-0.23,1,imu01,fusion_20260818T182612Z,2683,65435345,569225567981598
569225593000000,65455,0.151,-0.241,0.971,0.75,0.17,-0.05,1,imu01,fusion_20260818T182612Z,2684,65455348,569225587984168
569225609000000,65475,0.146,-0.242,0.98,0.52,0.45,0.83,1,imu01,fusion_20260818T182612Z,2685,65475345,569225607980737
569225640000000,65495,0.136,-0.244,0.982,1.16,-0.07,1.07,1,imu01,fusion_20260818T182612Z,2686,65495348,569225627983307
569225656000000,65515,0.126,-0.235,0.966,1.17,-0.94,0.61,1,imu01,fusion_20260818T182612Z,2687,65515345,569225647979876
569225671000000,65535,0.14,-0.234,0.957,1.54,-2.52,-0.04,1,imu01,fusion_20260818T182612Z,2688,65535348,569225667982446
569225703000000,65555,0.142,-0.23,0.948,3.52,-3.1,-1.06,1,imu01,fusion_20260818T182612Z,2689,65555345,569225687979015
569225718000000,65575,0.141,-0.223,0.952,4.81,-4.2,-2.23,1,imu01,fusion_20260818T182612Z,2690,65575348,569225707981584
569225734000000,65595,0.15,-0.236,0.95,3.89,-5.09,-2.32,1,imu01,fusion_20260818T182612Z,2691,65595345,569225727978154
569225750000000,65615,0.157,-0.242,0.97,1.43,-4.67,-2.05,1,imu01,fusion_20260818T182612Z,2692,65615348,569225747980723
569225781000000,65635,0.156,-0.233,0.956,1.18,-4.14,-1.77,1,imu01,fusion_20260818T182612Z,2693,65635345,569225767977293
569225796000000,65655,0.156,-0.235,0.966,1.39,-2.46,-0.91,1,imu01,fusion_20260818T182612Z,2694,65655348,569225787979862
569225812000000,65675,0.155,-0.23,0.973,0.32,0.54,0.64,1,imu01,fusion_20260818T182612Z,2695,65675345,569225807976432
569225843000000,65695,0.149,-0.23,0.991,-0.71,2.36,1.97,1,imu01,fusion_20260818T182612Z,2696,65695348,569225827979001
569225859000000,65715,0.145,-0.23,0.997,-2.31,2.51,2.25,1,imu01,fusion_20260818T182612Z,2697,65715345,569225847975570
569225875000000,65735,0.14,-0.224,0.969,-2.62,0.54,1.58,1,imu01,fusion_20260818T182612Z,2698,65735348,569225867978140
569225890000000,65755,0.147,-0.22,0.947,-1.56,-1.26,0.88,1,imu01,fusion_20260818T182612Z,2699,65755345,569225887974709
569225921000000,65775,0.14,-0.231,0.944,0.77,-0.17,0.54,1,imu01,fusion_20260818T182612Z,2700,65775348,569225907977278
569225937000000,65795,0.147,-0.227,0.954,2.12,0.39,0.01,1,imu01,fusion_20260818T182612Z,2701,65795345,569225927973848
569225953000000,65815,0.149,-0.236,0.965,2.49,0.76,-0.75,1,imu01,fusion_20260818T182612Z,2702,65815348,569225947976417
569225984000000,65835,0.153,-0.238,0.96,1.67,-1.54,-1.28,1,imu01,fusion_20260818T182612Z,2703,65835345,569225967972987
569226000000000,65855,0.157,-0.24,0.943,-0.85,-1.79,-1.16,1,imu01,fusion_20260818T182612Z,2704,65855348,569225987975556
569226015000000,65875,0.156,-0.238,0.972,-1.02,-0.39,-0.47,1,imu01,fusion_20260818T182612Z,2705,65875345,569226007972126
569226031000000,65895,0.156,-0.242,0.979,-1.01,-0.04,0.52,1,imu01,fusion_20260818T182612Z,2706,65895348,569226027974695
569226062000000,65915,0.164,-0.228,0.973,0.29,-0.34,-0.14,1,imu01,fusion_20260818T182612Z,2707,65915345,569226047971264
569226078000000,65935,0.158,-0.234,0.973,1.25,-0.01,0.1,1,imu01,fusion_20260818T182612Z,2708,65935348,569226067973834
569226093000000,65955,0.149,-0.231,0.971,-0.01,0.45,1.15,1,imu01,fusion_20260818T182612Z,2709,65955345,569226087970403
569226125000000,65975,0.138,-0.222,0.962,-1.04,-1.55,0.63,1,imu01,fusion_20260818T182612Z,2710,65975348,569226107972973
569226140000000,65995,0.135,-0.221,0.951,-0.77,-3.5,-1.89,1,imu01,fusion_20260818T182612Z,2711,65995345,569226127969542
569226156000000,66015,0.159,-0.229,0.95,-0.2,-4.37,-3.16,1,imu01,fusion_20260818T182612Z,2712,66015348,569226147972112
569226171000000,66035,0.175,-0.236,0.955,1.68,-1.6,-2.42,1,imu01,fusion_20260818T182612Z,2713,66035345,569226167968681
569226203000000,66055,0.172,-0.246,0.984,2.6,0.28,-0.87,1,imu01,fusion_20260818T182612Z,2714,66055348,569226187971250
569226218000000,66075,0.156,-0.22,0.998,1.63,1.46,0.7,1,imu01,fusion_20260818T182612Z,2715,66075345,569226207967820
569226234000000,66095,0.173,-0.235,0.974,-1.88,0.53,1.88,1,imu01,fusion_20260818T182612Z,2716,66095348,569226227970389
569226250000000,66115,0.134,-0.216,0.967,-2.12,-1.21,1.9,1,imu01,fusion_20260818T182612Z,2717,66115345,569226247966959
569226281000000,66135,0.153,-0.228,0.97,-3.32,0.09,1.63,1,imu01,fusion_20260818T182612Z,2718,66135348,569226267969528
569226296000000,66155,0.139,-0.231,0.978,-1.21,-0.25,0.8,1,imu01,fusion_20260818T182612Z,2719,66155345,569226287966098
569226312000000,66175,0.153,-0.231,0.967,0.31,-0.6,-0.87,1,imu01,fusion_20260818T182612Z,2720,66175348,569226307968667
569226343000000,66195,0.148,-0.24,0.979,-0.4,-1.85,-0.71,1,imu01,fusion_20260818T182612Z,2721,66195345,569226327965236
569226359000000,66215,0.158,-0.233,0.956,-1.78,-3.56,-0.98,1,imu01,fusion_20260818T182612Z,2722,66215348,569226347967806
569226375000000,66235,0.157,-0.237,0.955,-2.17,-2.56,-0.85,1,imu01,fusion_20260818T182612Z,2723,66235345,569226367964375
569226390000000,66255,0.169,-0.243,0.957,-0.59,-0.2,-0.39,1,imu01,fusion_20260818T182612Z,2724,66255348,569226387966944
569226421000000,66275,0.167,-0.241,0.957,-0.14,2.96,1.19,1,imu01,fusion_20260818T182612Z,2725,66275345,569226407963514
569226437000000,66295,0.156,-0.242,0.972,-1.84,4.35,2.51,1,imu01,fusion_20260818T182612Z,2726,66295348,569226427966083
569226453000000,66315,0.145,-0.234,0.963,-3.42,3.16,2.03,1,imu01,fusion_20260818T182612Z,2727,66315345,569226447962653
569226484000000,66335,0.167,-0.238,0.986,-5.01,1.32,1.03,1,imu01,fusion_20260818T182612Z,2728,66335348,569226467965222
569226500000000,66355,0.157,-0.233,0.967,-3.39,0.8,0.42,1,imu01,fusion_20260818T182612Z,2729,66355345,569226487961792
569226515000000,66375,0.154,-0.238,0.969,-0.98,1.95,0.06,1,imu01,fusion_20260818T182612Z,2730,66375348,569226507964361
569226531000000,66395,0.152,-0.226,0.962,-0.59,2.85,0.61,1,imu01,fusion_20260818T182612Z,2731,66395345,569226527960930
569226562000000,66415,0.157,-0.248,0.983,-0.74,0.79,0.51,1,imu01,fusion_20260818T182612Z,2732,66415348,569226547963500
569226578000000,66435,0.153,-0.237,0.983,-1.18,-1.05,-0.41,1,imu01,fusion_20260818T182612Z,2733,66435345,569226567960069
569226593000000,66455,0.136,-0.24,0.984,-1.12,-4.23,-1.26,1,imu01,fusion_20260818T182612Z,2734,66455348,569226587962639
569226625000000,66475,0.152,-0.232,0.941,-3.43,-5.27,-1.52,1,imu01,fusion_20260818T182612Z,2735,66475345,569226607959208
569226640000000,66495,0.156,-0.242,0.945,-1.63,-6.46,-1.88,1,imu01,fusion_20260818T182612Z,2736,66495348,569226627961778
569226656000000,66515,0.168,-0.234,0.916,0.93,-4.22,-1.24,1,imu01,fusion_20260818T182612Z,2737,66515345,569226647958347
569226671000000,66535,0.169,-0.244,0.958,2.94,1.69,0.56,1,imu01,fusion_20260818T182612Z,2738,66535348,569226667960916
569226703000000,66555,0.164,-0.243,0.987,4.96,0.74,0.25,1,imu01,fusion_20260818T182612Z,2739,66555345,569226687957486
569226718000000,66575,0.167,-0.238,1.005,2.3,-2.16,-0.42,1,imu01,fusion_20260818T182612Z,2740,66575348,569226707960055
569226734000000,66595,0.174,-0.234,0.963,-0.67,-4.22,0.28,1,imu01,fusion_20260818T182612Z,2741,66595345,569226727956625
569226750000000,66615,0.161,-0.227,0.961,-0.52,-2.33,0.74,1,imu01,fusion_20260818T182612Z,2742,66615348,569226747959194
569226781000000,66635,0.144,-0.223,0.949,0.94,-1.32,0.87,1,imu01,fusion_20260818T182612Z,2743,66635345,569226767955763
569226796000000,66655,0.155,-0.228,0.957,2.86,-1.31,-0.23,1,imu01,fusion_20260818T182612Z,2744,66655348,569226787958333
569226812000000,66675,0.17,-0.231,0.97,2.24,-1.55,-0.62,1,imu01,fusion_20260818T182612Z,2745,66675345,569226807954902
569226843000000,66695,0.168,-0.233,0.967,1.4,-3.91,-1.04,1,imu01,fusion_20260818T182612Z,2746,66695348,569226827957472
569226859000000,66715,0.173,-0.234,0.976,0.54,-4.39,-1.32,1,imu01,fusion_20260818T182612Z,2747,66715345,569226847954041
569226875000000,66735,0.173,-0.232,0.964,0.1,-3.99,-0.95,1,imu01,fusion_20260818T182612Z,2748,66735348,569226867956610
569226890000000,66755,0.176,-0.239,0.949,0.85,-3.22,-0.48,1,imu01,fusion_20260818T182612Z,2749,66755345,569226887953180
569226921000000,66775,0.166,-0.234,0.972,1.51,-0.26,0.35,1,imu01,fusion_20260818T182612Z,2750,66775348,569226907955749
569226937000000,66795,0.16,-0.23,0.964,0.82,0.67,0.88,1,imu01,fusion_20260818T182612Z,2751,66795345,569226927952319
569226953000000,66815,0.155,-0.236,0.965,0.7,-0.05,0.06,1,imu01,fusion_20260818T182612Z,2752,66815348,569226947954888
569226984000000,66835,0.168,-0.227,0.957,-0.26,-2.78,-1.01,1,imu01,fusion_20260818T182612Z,2753,66835345,569226967951458
569227000000000,66855,0.181,-0.237,0.957,-0.94,-1.7,-0.79,1,imu01,fusion_20260818T182612Z,2754,66855348,569226987954027
569227015000000,66875,0.176,-0.235,0.955,-0.96,-0.21,-0.36,1,imu01,fusion_20260818T182612Z,2755,66875345,569227007950596
569227031000000,66895,0.181,-0.233,0.958,-0.52,-0.38,0.36,1,imu01,fusion_20260818T182612Z,2756,66895348,569227027953166
569227062000000,66915,0.173,-0.243,0.97,-0.87,0.29,1.15,1,imu01,fusion_20260818T182612Z,2757,66915345,569227047949735
569227078000000,66935,0.167,-0.235,0.975,-1.12,-0.97,0.93,1,imu01,fusion_20260818T182612Z,2758,66935348,569227067952305
569227093000000,66955,0.177,-0.236,0.957,-0.69,-2.21,0.17,1,imu01,fusion_20260818T182612Z,2759,66955345,569227087948874
569227125000000,66975,0.175,-0.235,0.938,0.04,-0.88,0.06,1,imu01,fusion_20260818T182612Z,2760,66975348,569227107951443
569227140000000,66995,0.168,-0.242,0.97,-0.03,1.43,1.06,1,imu01,fusion_20260818T182612Z,2761,66995345,569227127948013
569227156000000,67015,0.178,-0.236,0.971,-0.02,0.43,0.82,1,imu01,fusion_20260818T182612Z,2762,67015348,569227147950582
569227171000000,67035,0.17,-0.233,0.954,0.73,-0.04,-0.45,1,imu01,fusion_20260818T182612Z,2763,67035345,569227167947152
569227203000000,67055,0.181,-0.238,0.967,-0.45,-0.39,-0.33,1,imu01,fusion_20260818T182612Z,2764,67055348,569227187949721
569227218000000,67075,0.181,-0.234,0.958,-1.74,0.15,0.82,1,imu01,fusion_20260818T182612Z,2765,67075345,569227207946290
569227234000000,67095,0.159,-0.231,0.963,-1.1,1.32,1.32,1,imu01,fusion_20260818T182612Z,2766,67095348,569227227948860
569227250000000,67115,0.144,-0.227,0.964,-1.22,2.26,0.99,1,imu01,fusion_20260818T182612Z,2767,67115345,569227247945429
569227281000000,67135,0.171,-0.239,0.964,-1.49,-0.09,-0.4,1,imu01,fusion_20260818T182612Z,2768,67135348,569227267947999
569227296000000,67155,0.182,-0.235,0.954,0.11,-0.73,-1.63,1,imu01,fusion_20260818T182612Z,2769,67155345,569227287944568
569227312000000,67175,0.187,-0.243,0.959,-0.1,0.03,-0.76,1,imu01,fusion_20260818T182612Z,2770,67175348,569227307947138
569227343000000,67195,0.183,-0.247,0.97,-1.04,1.9,0.45,1,imu01,fusion_20260818T182612Z,2771,67195345,569227327943707
569227359000000,67215,0.186,-0.242,0.962,-0.54,0.88,0.23,1,imu01,fusion_20260818T182612Z,2772,67215348,569227347946276
569227375000000,67235,0.17,-0.242,0.979,0.42,0.78,0.45,1,imu01,fusion_20260818T182612Z,2773,67235345,569227367942846
569227390000000,67255,0.172,-0.236,0.971,-0.04,0.24,1.34,1,imu01,fusion_20260818T182612Z,2774,67255348,569227387945415
569227421000000,67275,0.162,-0.232,0.963,-0.27,-0.3,1.18,1,imu01,fusion_20260818T182612Z,2775,67275345,569227407941985
569227437000000,67295,0.167,-0.237,0.965,-2.12,0.21,1.44,1,imu01,fusion_20260818T182612Z,2776,67295348,569227427944554
569227453000000,67315,0.161,-0.23,0.944,-0.78,-0.76,0.51,1,imu01,fusion_20260818T182612Z,2777,67315345,569227447941124
569227484000000,67335,0.17,-0.237,0.954,-0.3,0.75,-0.02,1,imu01,fusion_20260818T182612Z,2778,67335348,569227467943693
569227500000000,67355,0.17,-0.242,0.964,0.25,2.1,0.34,1,imu01,fusion_20260818T182612Z,2779,67355345,569227487940262
569227515000000,67375,0.179,-0.244,0.971,0.8,0.95,-0.03,1,imu01,fusion_20260818T182612Z,2780,67375348,569227507942832
569227531000000,67395,0.179,-0.238,0.982,0.47,0.85,0.14,1,imu01,fusion_20260818T182612Z,2781,67395345,569227527939401
569227562000000,67415,0.173,-0.233,0.958,0.25,-0.2,0.48,1,imu01,fusion_20260818T182612Z,2782,67415348,569227547941970
569227578000000,67435,0.168,-0.231,0.963,-0.26,0.46,0.7,1,imu01,fusion_20260818T182612Z,2783,67435345,569227567938540
569227593000000,67455,0.166,-0.233,0.957,0.31,-0.26,0.24,1,imu01,fusion_20260818T182612Z,2784,67455348,569227587941109
569227609000000,67475,0.16,-0.234,0.964,0.51,0.47,0.25,1,imu01,fusion_20260818T182612Z,2785,67475345,569227607937679
569227640000000,67495,0.172,-0.238,0.96,0.93,-0.07,-0.24,1,imu01,fusion_20260818T182612Z,2786,67495348,569227627940248
569227656000000,67515,0.172,-0.24,0.957,0.48,0.69,-0.44,1,imu01,fusion_20260818T182612Z,2787,67515345,569227647936818
569227671000000,67535,0.186,-0.239,0.955,0.26,-0.15,0.1,1,imu01,fusion_20260818T182612Z,2788,67535348,569227667939387
569227703000000,67555,0.171,-0.246,0.976,-0.04,0.35,0.81,1,imu01,fusion_20260818T182612Z,2789,67555345,569227687935956
569227718000000,67575,0.175,-0.233,0.963,-0.2,0.44,0.73,1,imu01,fusion_20260818T182612Z,2790,67575348,569227707938526
569227734000000,67595,0.159,-0.232,0.969,-0.2,-0.07,0.49,1,imu01,fusion_20260818T182612Z,2791,67595345,569227727935095
569227750000000,67615,0.163,-0.236,0.946,0.44,-0.75,-0.28,1,imu01,fusion_20260818T182612Z,2792,67615348,569227747937665
569227781000000,67635,0.168,-0.234,0.964,0.74,0.19,-0.03,1,imu01,fusion_20260818T182612Z,2793,67635345,569227767934234
569227796000000,67655,0.169,-0.238,0.969,1.01,0.9,-0.14,1,imu01,fusion_20260818T182612Z,2794,67655348,569227787936804
569227812000000,67675,0.175,-0.237,0.985,1.25,-0.2,-0.34,1,imu01,fusion_20260818T182612Z,2795,67675345,569227807933373
569227843000000,67695,0.173,-0.233,0.954,0.93,-0.77,-0.02,1,imu01,fusion_20260818T182612Z,2796,67695348,569227827935942
569227859000000,67715,0.179,-0.241,0.963,-0.4,-0.57,0.58,1,imu01,fusion_20260818T182612Z,2797,67715345,569227847932512
569227875000000,67735,0.17,-0.235,0.955,0.61,0.25,0.32,1,imu01,fusion_20260818T182612Z,2798,67735348,569227867935081
569227890000000,67755,0.16,-0.237,0.963,0.82,0.15,0.47,1,imu01,fusion_20260818T182612Z,2799,67755345,569227887931651
569227921000000,67775,0.163,-0.231,0.947,0.19,0.0,-0.02,1,imu01,fusion_20260818T182612Z,2800,67775348,569227907934220
569227937000000,67795,0.176,-0.238,0.957,0.28,-0.09,-0.3,1,imu01,fusion_20260818T182612Z,2801,67795345,569227927930790
569227953000000,67815,0.169,-0.233,0.95,0.01,-0.46,0.06,1,imu01,fusion_20260818T182612Z,2802,67815348,569227947933359
569227984000000,67835,0.166,-0.236,0.97,-0.26,0.19,0.44,1,imu01,fusion_20260818T182612Z,2803,67835345,569227967929928
569228000000000,67855,0.179,-0.235,0.963,-0.16,1.25,0.26,1,imu01,fusion_20260818T182612Z,2804,67855348,569227987932498
569228015000000,67875,0.176,-0.232,0.975,0.0,2.71,0.82,1,imu01,fusion_20260818T182612Z,2805,67875345,569228007929067
569228031000000,67895,0.175,-0.236,0.98,-0.07,2.48,1.63,1,imu01,fusion_20260818T182612Z,2806,67895348,569228027931636
569228062000000,67915,0.163,-0.226,0.962,-0.09,3.01,1.29,1,imu01,fusion_20260818T182612Z,2807,67915345,569228047928206
569228078000000,67935,0.169,-0.227,0.952,-1.5,1.95,0.91,1,imu01,fusion_20260818T182612Z,2808,67935348,569228067930775
569228093000000,67955,0.149,-0.226,0.944,-0.1,0.81,0.2,1,imu01,fusion_20260818T182612Z,2809,67955345,569228087927345
569228109000000,67975,0.169,-0.233,0.942,-0.3,0.7,0.41,1,imu01,fusion_20260818T182612Z,2810,67975348,569228107929914
569228140000000,67995,0.15,-0.231,0.974,0.97,1.35,-0.04,1,imu01,fusion_20260818T182612Z,2811,67995345,569228127926484
569228156000000,68015,0.172,-0.235,0.968,0.07,-0.83,-0.84,1,imu01,fusion_20260818T182612Z,2812,68015348,569228147929053
569228171000000,68035,0.174,-0.239,0.975,-0.17,-1.8,-0.93,1,imu01,fusion_20260818T182612Z,2813,68035345,569228167925622
569228203000000,68055,0.176,-0.24,0.964,0.53,-1.32,0.02,1,imu01,fusion_20260818T182612Z,2814,68055348,569228187928192
569228218000000,68075,0.168,-0.234,0.97,0.57,0.28,1.02,1,imu01,fusion_20260818T182612Z,2815,68075345,569228207924761
569228234000000,68095,0.163,-0.234,0.96,0.63,0.78,0.77,1,imu01,fusion_20260818T182612Z,2816,68095348,569228227927331
569228250000000,68115,0.158,-0.233,0.967,0.22,0.64,0.44,1,imu01,fusion_20260818T182612Z,2817,68115345,569228247923900
569228281000000,68135,0.159,-0.228,0.96,0.45,0.47,-0.07,1,imu01,fusion_20260818T182612Z,2818,68135348,569228267926470
569228296000000,68155,0.171,-0.234,0.958,0.35,-0.72,-0.5,1,imu01,fusion_20260818T182612Z,2819,68155345,569228287923039
569228312000000,68175,0.169,-0.234,0.953,-0.17,-0.84,-0.38,1,imu01,fusion_20260818T182612Z,2820,68175348,569228307925608
569228343000000,68195,0.163,-0.235,0.958,-0.06,-0.32,-0.51,1,imu01,fusion_20260818T182612Z,2821,68195345,569228327922178
569228359000000,68215,0.175,-0.234,0.954,0.1,-1.14,-0.68,1,imu01,fusion_20260818T182612Z,2822,68215348,569228347924747
569228375000000,68235,0.166,-0.239,0.958,0.47,0.51,-0.11,1,imu01,fusion_20260818T182612Z,2823,68235345,569228367921317
569228390000000,68255,0.164,-0.234,0.982,0.17,0.54,0.54,1,imu01,fusion_20260818T182612Z,2824,68255348,569228387923886
569228421000000,68275,0.156,-0.229,0.965,-0.94,-1.42,0.06,1,imu01,fusion_20260818T182612Z,2825,68275345,569228407920455
569228437000000,68295,0.169,-0.23,0.958,-2.55,-2.51,-0.64,1,imu01,fusion_20260818T182612Z,2826,68295348,569228427923025
569228453000000,68315,0.173,-0.234,0.948,-1.59,-2.82,-0.84,1,imu01,fusion_20260818T182612Z,2827,68315345,569228447919594
569228484000000,68335,0.174,-0.232,0.958,-0.42,-0.55,-0.36,1,imu01,fusion_20260818T182612Z,2828,68335348,569228467922164
569228500000000,68355,0.172,-0.23,0.989,-0.08,2.08,0.16,1,imu01,fusion_20260818T182612Z,2829,68355345,569228487918733
569228515000000,68375,0.175,-0.241,0.977,-0.14,1.03,-0.3,1,imu01,fusion_20260818T182612Z,2830,68375348,569228507921302
569228531000000,68395,0.179,-0.241,0.975,-0.2,0.58,-0.15,1,imu01,fusion_20260818T182612Z,2831,68395345,569228527917872
569228562000000,68415,0.157,-0.238,0.968,-0.65,1.71,1.23,1,imu01,fusion_20260818T182612Z,2832,68415348,569228547920441
569228578000000,68435,0.141,-0.232,0.964,-1.0,1.8,1.25,1,imu01,fusion_20260818T182612Z,2833,68435345,569228567917011
569228593000000,68455,0.162,-0.235,0.945,-0.43,-0.78,-0.47,1,imu01,fusion_20260818T182612Z,2834,68455348,569228587919580
569228609000000,68475,0.181,-0.239,0.945,0.64,-1.46,-1.05,1,imu01,fusion_20260818T182612Z,2835,68475345,569228607916150
569228640000000,68495,0.181,-0.236,0.968,0.54,-0.7,-0.52,1,imu01,fusion_20260818T182612Z,2836,68495348,569228627918719
569228656000000,68515,0.174,-0.238,0.973,0.58,-1.22,0.05,1,imu01,fusion_20260818T182612Z,2837,68515345,569228647915288
569228671000000,68535,0.18,-0.238,0.969,-0.02,-1.26,0.0,1,imu01,fusion_20260818T182612Z,2838,68535348,569228667917858
569228703000000,68555,0.179,-0.24,0.964,0.38,-1.68,0.26,1,imu01,fusion_20260818T182612Z,2839,68555345,569228687914427
569228718000000,68575,0.175,-0.234,0.972,0.85,-1.72,0.96,1,imu01,fusion_20260818T182612Z,2840,68575348,569228707916997
569228734000000,68595,0.169,-0.226,0.966,0.48,-1.15,0.67,1,imu01,fusion_20260818T182612Z,2841,68595345,569228727913566
569228750000000,68615,0.164,-0.229,0.973,1.09,-2.33,-0.49,1,imu01,fusion_20260818T182612Z,2842,68615348,569228747916135
569228781000000,68635,0.168,-0.216,0.95,1.84,-2.87,-1.14,1,imu01,fusion_20260818T182612Z,2843,68635345,569228767912705
569228796000000,68655,0.176,-0.231,0.951,0.22,1.03,0.72,1,imu01,fusion_20260818T182612Z,2844,68655348,569228787915274
569228812000000,68675,0.171,-0.227,0.96,0.03,2.84,1.88,1,imu01,fusion_20260818T182612Z,2845,68675345,569228807911844
569228843000000,68695,0.173,-0.232,0.959,0.06,2.67,1.31,1,imu01,fusion_20260818T182612Z,2846,68695348,569228827914413
569228859000000,68715,0.174,-0.239,0.984,0.36,3.45,0.95,1,imu01,fusion_20260818T182612Z,2847,68715345,569228847910982
569228875000000,68735,0.178,-0.236,0.979,0.57,1.21,0.48,1,imu01,fusion_20260818T182612Z,2848,68735348,569228867913552
569228890000000,68755,0.171,-0.236,0.972,1.12,-0.78,0.16,1,imu01,fusion_20260818T182612Z,2849,68755345,569228887910121
569228921000000,68775,0.166,-0.229,0.958,0.85,-1.24,0.05,1,imu01,fusion_20260818T182612Z,2850,68775348,569228907912691
569228937000000,68795,0.167,-0.228,0.954,-0.2,-0.53,0.4,1,imu01,fusion_20260818T182612Z,2851,68795345,569228927909260
569228953000000,68815,0.163,-0.226,0.952,0.18,-0.59,-0.2,1,imu01,fusion_20260818T182612Z,2852,68815348,569228947911830
569228984000000,68835,0.165,-0.225,0.955,1.35,-1.33,-1.1,1,imu01,fusion_20260818T182612Z,2853,68835345,569228967908399
569229000000000,68855,0.18,-0.238,0.985,1.44,-0.32,-0.27,1,imu01,fusion_20260818T182612Z,2854,68855348,569228987910968
569229015000000,68875,0.169,-0.232,0.966,0.82,0.51,0.13,1,imu01,fusion_20260818T182612Z,2855,68875345,569229007907538
569229031000000,68895,0.169,-0.235,0.97,-0.49,-0.79,0.24,1,imu01,fusion_20260818T182612Z,2856,68895348,569229027910107
569229062000000,68915,0.186,-0.234,0.964,-0.5,-1.46,-0.43,1,imu01,fusion_20260818T182612Z,2857,68915345,569229047906677
569229078000000,68935,0.182,-0.231,0.961,0.76,-0.9,0.42,1,imu01,fusion_20260818T182612Z,2858,68935348,569229067909246
569229093000000,68955,0.18,-0.229,0.974,1.06,0.58,1.66,1,imu01,fusion_20260818T182612Z,2859,68955345,569229087905816
569229125000000,68975,0.17,-0.224,0.974,0.64,0.28,1.35,1,imu01,fusion_20260818T182612Z,2860,68975348,569229107908385
569229140000000,68995,0.183,-0.227,0.953,-0.66,0.15,0.92,1,imu01,fusion_20260818T182612Z,2861,68995345,569229127904954
569229156000000,69015,0.169,-0.225,0.962,-0.17,0.69,1.54,1,imu01,fusion_20260818T182612Z,2862,69015348,569229147907524
569229171000000,69035,0.162,-0.222,0.971,-0.59,1.69,1.65,1,imu01,fusion_20260818T182612Z,2863,69035345,569229167904093
569229203000000,69055,0.155,-0.217,0.971,-0.07,1.35,0.14,1,imu01,fusion_20260818T182612Z,2864,69055348,569229187906662
569229218000000,69075,0.182,-0.219,0.961,0.28,0.06,-1.36,1,imu01,fusion_20260818T182612Z,2865,69075345,569229207903232
569229234000000,69095,0.164,-0.226,0.964,0.71,0.27,-0.86,1,imu01,fusion_20260818T182612Z,2866,69095348,569229227905801
569229250000000,69115,0.159,-0.233,0.957,0.06,0.92,-0.01,1,imu01,fusion_20260818T182612Z,2867,69115345,569229247902371
569229281000000,69135,0.169,-0.238,0.968,-0.4,-0.26,-0.65,1,imu01,fusion_20260818T182612Z,2868,69135348,569229267904940
569229296000000,69155,0.175,-0.236,0.964,0.29,-0.75,-1.35,1,imu01,fusion_20260818T182612Z,2869,69155345,569229287901510
569229312000000,69175,0.185,-0.237,0.958,1.04,-1.82,-1.38,1,imu01,fusion_20260818T182612Z,2870,69175348,569229307904079
569229343000000,69195,0.19,-0.242,0.972,0.98,-1.23,-0.2,1,imu01,fusion_20260818T182612Z,2871,69195345,569229327900648
569229359000000,69215,0.182,-0.246,0.97,0.43,-1.25,0.29,1,imu01,fusion_20260818T182612Z,2872,69215348,569229347903218
569229375000000,69235,0.182,-0.229,0.959,-0.13,-2.3,0.37,1,imu01,fusion_20260818T182612Z,2873,69235345,569229367899787
569229390000000,69255,0.183,-0.235,0.957,0.03,-1.45,0.95,1,imu01,fusion_20260818T182612Z,2874,69255348,569229387902357
569229421000000,69275,0.166,-0.222,0.948,-0.1,-0.33,1.42,1,imu01,fusion_20260818T182612Z,2875,69275345,569229407898926
569229437000000,69295,0.173,-0.214,0.963,0.57,0.7,1.18,1,imu01,fusion_20260818T182612Z,2876,69295348,569229427901496
569229453000000,69315,0.169,-0.215,0.965,0.58,-0.64,1.06,1,imu01,fusion_20260818T182612Z,2877,69315345,569229447898065
569229484000000,69335,0.166,-0.22,0.975,0.44,-0.23,0.35,1,imu01,fusion_20260818T182612Z,2878,69335348,569229467900634
569229500000000,69355,0.176,-0.226,0.957,1.27,-1.78,-0.38,1,imu01,fusion_20260818T182612Z,2879,69355345,569229487897204
569229515000000,69375,0.174,-0.223,0.957,0.54,-0.62,0.19,1,imu01,fusion_20260818T182612Z,2880,69375348,569229507899773
569229531000000,69395,0.18,-0.224,0.958,1.84,-0.6,-0.61,1,imu01,fusion_20260818T182612Z,2881,69395345,569229527896343
569229562000000,69415,0.171,-0.227,0.977,0.38,1.46,0.41,1,imu01,fusion_20260818T182612Z,2882,69415348,569229547898912
569229578000000,69435,0.179,-0.23,0.961,-0.29,0.61,0.5,1,imu01,fusion_20260818T182612Z,2883,69435345,569229567895482
569229593000000,69455,0.158,-0.233,0.962,0.89,-0.57,-0.77,1,imu01,fusion_20260818T182612Z,2884,69455348,569229587898051
569229625000000,69475,0.182,-0.233,0.973,0.94,-0.17,-0.67,1,imu01,fusion_20260818T182612Z,2885,69475345,569229607894620
569229640000000,69495,0.184,-0.234,0.957,0.38,-0.74,-0.36,1,imu01,fusion_20260818T182612Z,2886,69495348,569229627897190
569229656000000,69515,0.18,-0.232,0.95,0.51,-1.3,0.05,1,imu01,fusion_20260818T182612Z,2887,69515345,569229647893759
569229671000000,69535,0.178,-0.233,0.958,0.09,-0.24,0.15,1,imu01,fusion_20260818T182612Z,2888,69535348,569229667896328
569229703000000,69555,0.182,-0.23,0.951,-0.33,0.15,0.67,1,imu01,fusion_20260818T182612Z,2889,69555345,569229687892898
569229718000000,69575,0.17,-0.225,0.98,-0.22,0.58,0.7,1,imu01,fusion_20260818T182612Z,2890,69575348,569229707895467
569229734000000,69595,0.175,-0.232,0.962,0.78,-1.01,-0.32,1,imu01,fusion_20260818T182612Z,2891,69595345,569229727892037
569229750000000,69615,0.175,-0.23,0.965,0.99,-1.09,-0.27,1,imu01,fusion_20260818T182612Z,2892,69615348,569229747894606
569229781000000,69635,0.175,-0.226,0.953,0.51,-0.54,0.07,1,imu01,fusion_20260818T182612Z,2893,69635345,569229767891176
569229796000000,69655,0.177,-0.232,0.959,0.87,-2.07,-0.37,1,imu01,fusion_20260818T182612Z,2894,69655348,569229787893745
569229812000000,69675,0.175,-0.227,0.956,0.8,-2.07,-0.32,1,imu01,fusion_20260818T182612Z,2895,69675345,569229807890314
569229843000000,69695,0.174,-0.234,0.977,0.99,-1.41,-0.49,1,imu01,fusion_20260818T182612Z,2896,69695348,569229827892884
569229859000000,69715,0.184,-0.228,0.966,1.17,-0.65,-0.62,1,imu01,fusion_20260818T182612Z,2897,69715345,569229847889453
569229875000000,69735,0.188,-0.225,0.966,0.44,0.04,0.07,1,imu01,fusion_20260818T182612Z,2898,69735348,569229867892023
569229890000000,69755,0.196,-0.218,0.954,0.28,-0.12,0.37,1,imu01,fusion_20260818T182612Z,2899,69755345,569229887888592
569229921000000,69775,0.185,-0.236,0.947,-1.88,2.08,1.86,1,imu01,fusion_20260818T182612Z,2900,69775348,569229907891162
569229937000000,69795,0.159,-0.226,0.974,-3.2,3.78,2.5,1,imu01,fusion_20260818T182612Z,2901,69795345,569229927887731
569229953000000,69815,0.149,-0.22,0.956,-3.18,2.43,0.93,1,imu01,fusion_20260818T182612Z,2902,69815348,569229947890300
569229984000000,69835,0.18,-0.236,0.973,-3.36,1.34,-0.15,1,imu01,fusion_20260818T182612Z,2903,69835345,569229967886870
569230000000000,69855,0.191,-0.226,0.954,-2.52,0.83,-0.76,1,imu01,fusion_20260818T182612Z,2904,69855348,569229987889439
569230015000000,69875,0.181,-0.229,0.955,-2.3,-0.07,-0.01,1,imu01,fusion_20260818T182612Z,2905,69875345,569230007886009
569230031000000,69895,0.18,-0.223,0.964,-2.74,0.97,1.19,1,imu01,fusion_20260818T182612Z,2906,69895348,569230027888578
569230062000000,69915,0.172,-0.227,0.963,-1.69,0.39,0.65,1,imu01,fusion_20260818T182612Z,2907,69915345,569230047885148
569230078000000,69935,0.185,-0.232,0.963,0.69,0.13,-0.02,1,imu01,fusion_20260818T182612Z,2908,69935348,569230067887717
569230093000000,69955,0.179,-0.238,0.957,1.51,1.66,0.7,1,imu01,fusion_20260818T182612Z,2909,69955345,569230087884286
569230125000000,69975,0.187,-0.231,0.945,1.36,1.03,1.34,1,imu01,fusion_20260818T182612Z,2910,69975348,569230107886856
569230140000000,69995,0.169,-0.216,0.942,0.79,1.06,1.43,1,imu01,fusion_20260818T182612Z,2911,69995345,569230127883425
569230156000000,70015,0.16,-0.215,0.947,-0.53,1.75,1.62,1,imu01,fusion_20260818T182612Z,2912,70015348,569230147885994
569230171000000,70035,0.152,-0.214,0.965,-0.97,2.75,0.85,1,imu01,fusion_20260818T182612Z,2913,70035345,569230167882564
569230203000000,70055,0.165,-0.227,0.976,0.23,1.55,-0.78,1,imu01,fusion_20260818T182612Z,2914,70055348,569230187885133
569230218000000,70075,0.186,-0.232,0.984,0.45,1.41,-1.15,1,imu01,fusion_20260818T182612Z,2915,70075345,569230207881703
569230234000000,70095,0.18,-0.229,0.992,0.45,1.83,-1.17,1,imu01,fusion_20260818T182612Z,2916,70095348,569230227884272
569230265000000,70115,0.171,-0.235,0.98,0.81,-0.72,-1.22,1,imu01,fusion_20260818T182612Z,2917,70115345,569230247880842
569230281000000,70135,0.166,-0.22,0.948,-0.09,-1.84,-1.25,1,imu01,fusion_20260818T182612Z,2918,70135348,569230267883411
569230296000000,70155,0.166,-0.235,0.943,0.06,-3.25,-1.24,1,imu01,fusion_20260818T182612Z,2919,70155345,569230287879980
569230312000000,70175,0.188,-0.235,0.948,1.18,-2.37,-1.32,1,imu01,fusion_20260818T182612Z,2920,70175348,569230307882550
569230343000000,70195,0.184,-0.237,0.978,1.76,0.39,-0.99,1,imu01,fusion_20260818T182612Z,2921,70195345,569230327879119
569230359000000,70215,0.185,-0.247,0.967,1.22,0.7,-0.23,1,imu01,fusion_20260818T182612Z,2922,70215348,569230347881689
569230375000000,70235,0.176,-0.225,0.979,1.3,1.15,0.16,1,imu01,fusion_20260818T182612Z,2923,70235345,569230367878258
569230390000000,70255,0.17,-0.232,0.978,0.37,-0.09,0.61,1,imu01,fusion_20260818T182612Z,2924,70255348,569230387880828
569230421000000,70275,0.176,-0.235,0.971,-0.17,-0.83,-0.39,1,imu01,fusion_20260818T182612Z,2925,70275345,569230407877397
569230437000000,70295,0.179,-0.221,0.969,-0.67,-0.56,0.03,1,imu01,fusion_20260818T182612Z,2926,70295348,569230427879966
569230453000000,70315,0.17,-0.207,0.962,0.48,-0.8,0.01,1,imu01,fusion_20260818T182612Z,2927,70315345,569230447876536
569230484000000,70335,0.166,-0.221,0.967,0.02,-0.17,0.14,1,imu01,fusion_20260818T182612Z,2928,70335348,569230467879105
569230500000000,70355,0.16,-0.224,0.97,-0.08,-0.63,-0.1,1,imu01,fusion_20260818T182612Z,2929,70355345,569230487875675
569230515000000,70375,0.18,-0.218,0.973,0.69,-1.86,-1.2,1,imu01,fusion_20260818T182612Z,2930,70375348,569230507878244
569230531000000,70395,0.181,-0.215,0.969,2.02,-2.43,-1.74,1,imu01,fusion_20260818T182612Z,2931,70395345,569230527874813
569230562000000,70415,0.187,-0.222,0.956,1.26,-1.91,-0.48,1,imu01,fusion_20260818T182612Z,2932,70415348,569230547877383
569230578000000,70435,0.186,-0.22,0.954,1.89,-1.58,0.37,1,imu01,fusion_20260818T182612Z,2933,70435345,569230567873952
569230593000000,70455,0.168,-0.224,0.964,2.32,-0.07,1.0,1,imu01,fusion_20260818T182612Z,2934,70455348,569230587876522
569230625000000,70475,0.174,-0.233,0.961,1.05,1.17,0.67,1,imu01,fusion_20260818T182612Z,2935,70475345,569230607873091
569230640000000,70495,0.178,-0.249,0.965,0.65,1.08,-0.61,1,imu01,fusion_20260818T182612Z,2936,70495348,569230627875660
569230656000000,70515,0.193,-0.236,0.953,0.47,0.2,-0.56,1,imu01,fusion_20260818T182612Z,2937,70515345,569230647872230
569230671000000,70535,0.186,-0.23,0.977,0.48,1.53,0.9,1,imu01,fusion_20260818T182612Z,2938,70535348,569230667874799
569230703000000,70555,0.168,-0.227,0.979,-0.23,2.3,1.59,1,imu01,fusion_20260818T182612Z,2939,70555345,569230687871369
569230718000000,70575,0.176,-0.216,0.991,-1.52,1.45,1.18,1,imu01,fusion_20260818T182612Z,2940,70575348,569230707873938
569230734000000,70595,0.176,-0.226,0.969,-0.66,0.93,1.42,1,imu01,fusion_20260818T182612Z,2941,70595345,569230727870508
569230750000000,70615,0.184,-0.216,0.963,0.94,1.53,1.77,1,imu01,fusion_20260818T182612Z,2942,70615348,569230747873077
569230781000000,70635,0.161,-0.204,0.968,1.9,1.27,1.4,1,imu01,fusion_20260818T182612Z,2943,70635345,569230767869646
569230796000000,70655,0.169,-0.209,0.968,0.66,0.57,1.18,1,imu01,fusion_20260818T182612Z,2944,70655348,569230787872216
569230812000000,70675,0.153,-0.218,0.955,0.41,0.47,0.7,1,imu01,fusion_20260818T182612Z,2945,70675345,569230807868785
569230843000000,70695,0.167,-0.208,0.96,2.27,-0.46,-0.78,1,imu01,fusion_20260818T182612Z,2946,70695348,569230827871355
569230859000000,70715,0.164,-0.215,0.966,3.34,0.37,-1.59,1,imu01,fusion_20260818T182612Z,2947,70715345,569230847867924
569230875000000,70735,0.183,-0.223,0.979,2.48,1.48,-0.75,1,imu01,fusion_20260818T182612Z,2948,70735348,569230867870493
569230890000000,70755,0.179,-0.239,0.99,0.97,1.38,0.49,1,imu01,fusion_20260818T182612Z,2949,70755345,569230887867063
569230921000000,70775,0.173,-0.233,1.005,1.0,0.53,0.84,1,imu01,fusion_20260818T182612Z,2950,70775348,569230907869632
569230937000000,70795,0.174,-0.221,0.973,0.83,0.51,0.47,1,imu01,fusion_20260818T182612Z,2951,70795345,569230927866202
569230953000000,70815,0.175,-0.212,0.951,1.01,-0.4,0.52,1,imu01,fusion_20260818T182612Z,2952,70815348,569230947868771
569230984000000,70835,0.159,-0.226,0.949,0.8,1.21,0.61,1,imu01,fusion_20260818T182612Z,2953,70835345,569230967865340
569231000000000,70855,0.176,-0.196,0.977,1.22,0.21,0.32,1,imu01,fusion_20260818T182612Z,2954,70855348,569230987867910
569231015000000,70875,0.152,-0.222,0.958,1.91,-0.78,0.23,1,imu01,fusion_20260818T182612Z,2955,70875345,569231007864479
569231031000000,70895,0.177,-0.235,0.952,0.8,1.55,0.96,1,imu01,fusion_20260818T182612Z,2956,70895348,569231027867049
569231062000000,70915,0.169,-0.205,0.979,0.61,1.15,1.44,1,imu01,fusion_20260818T182612Z,2957,70915345,569231047863618
569231078000000,70935,0.178,-0.193,0.971,1.1,0.49,1.44,1,imu01,fusion_20260818T182612Z,2958,70935348,569231067866188
569231093000000,70955,0.171,-0.215,0.969,0.5,0.1,1.24,1,imu01,fusion_20260818T182612Z,2959,70955345,569231087862757
569231125000000,70975,0.16,-0.218,0.962,0.4,0.38,0.93,1,imu01,fusion_20260818T182612Z,2960,70975348,569231107865326
569231140000000,70995,0.181,-0.22,0.957,-1.75,0.41,1.14,1,imu01,fusion_20260818T182612Z,2961,70995345,569231127861896
569231156000000,71015,0.169,-0.194,0.955,-1.2,-0.35,0.64,1,imu01,fusion_20260818T182612Z,2962,71015348,569231147864465
569231171000000,71035,0.167,-0.215,0.982,-0.24,0.61,0.15,1,imu01,fusion_20260818T182612Z,2963,71035345,569231167861035
569231203000000,71055,0.177,-0.211,0.973,-0.29,1.27,0.1,1,imu01,fusion_20260818T182612Z,2964,71055348,569231187863604
569231218000000,71075,0.17,-0.207,0.973,0.46,2.81,0.41,1,imu01,fusion_20260818T182612Z,2965,71075345,569231207860174
569231234000000,71095,0.181,-0.231,0.963,0.23,2.36,0.86,1,imu01,fusion_20260818T182612Z,2966,71095348,569231227862743
569231250000000,71115,0.179,-0.231,0.99,-0.29,1.42,1.45,1,imu01,fusion_20260818T182612Z,2967,71115345,569231247859312
569231281000000,71135,0.147,-0.222,0.963,-0.81,1.64,0.88,1,imu01,fusion_20260818T182612Z,2968,71135348,569231267861882
569231296000000,71155,0.186,-0.23,0.975,0.28,-0.08,-0.26,1,imu01,fusion_20260818T182612Z,2969,71155345,569231287858451
569231312000000,71175,0.174,-0.223,0.963,1.16,-1.25,-0.5,1,imu01,fusion_20260818T182612Z,2970,71175348,569231307861020
569231343000000,71195,0.186,-0.223,0.97,1.41,-2.28,-0.06,1,imu01,fusion_20260818T182612Z,2971,71195345,569231327857590
569231359000000,71215,0.17,-0.212,0.971,0.22,0.71,1.57,1,imu01,fusion_20260818T182612Z,2972,71215348,569231347860159
569231375000000,71235,0.155,-0.206,0.987,-1.11,1.86,2.31,1,imu01,fusion_20260818T182612Z,2973,71235345,569231367856729
569231390000000,71255,0.168,-0.23,0.981,-1.64,1.74,1.86,1,imu01,fusion_20260818T182612Z,2974,71255348,569231387859298
569231421000000,71275,0.159,-0.208,0.973,-4.13,3.32,2.73,1,imu01,fusion_20260818T182612Z,2975,71275345,569231407855868
569231437000000,71295,0.15,-0.204,0.964,-4.86,3.26,2.18,1,imu01,fusion_20260818T182612Z,2976,71295348,569231427858437
569231453000000,71315,0.155,-0.196,0.974,-5.33,3.95,0.99,1,imu01,fusion_20260818T182612Z,2977,71315345,569231447855006
569231484000000,71335,0.147,-0.197,0.938,-3.7,5.13,0.09,1,imu01,fusion_20260818T182612Z,2978,71335348,569231467857576
569231500000000,71355,0.149,-0.235,1.001,-4.2,6.44,0.22,1,imu01,fusion_20260818T182612Z,2979,71355345,569231487854145
569231515000000,71375,0.161,-0.236,0.964,-4.63,3.3,-0.9,1,imu01,fusion_20260818T182612Z,2980,71375348,569231507856715
569231531000000,71395,0.148,-0.228,0.961,-3.48,-0.06,-2.2,1,imu01,fusion_20260818T182612Z,2981,71395345,569231527853284
569231562000000,71415,0.173,-0.253,0.945,-3.63,0.85,-1.02,1,imu01,fusion_20260818T182612Z,2982,71415348,569231547855854
569231578000000,71435,0.18,-0.263,0.976,-2.43,0.01,0.32,1,imu01,fusion_20260818T182612Z,2983,71435345,569231567852423
569231593000000,71455,0.183,-0.244,0.958,-1.88,-0.81,1.07,1,imu01,fusion_20260818T182612Z,2984,71455348,569231587854992
569231609000000,71475,0.17,-0.258,0.97,-1.88,-0.71,1.15,1,imu01,fusion_20260818T182612Z,2985,71475345,569231607851562
569231640000000,71495,0.16,-0.247,0.973,-3.3,-1.39,2.06,1,imu01,fusion_20260818T182612Z,2986,71495348,569231627854131
569231656000000,71515,0.176,-0.245,0.976,-3.94,-0.78,2.51,1,imu01,fusion_20260818T182612Z,2987,71515345,569231647850701
569231671000000,71535,0.169,-0.232,0.988,-1.33,-2.25,1.37,1,imu01,fusion_20260818T182612Z,2988,71535348,569231667853270
569231703000000,71555,0.158,-0.21,0.994,-2.14,-0.2,2.23,1,imu01,fusion_20260818T182612Z,2989,71555345,569231687849840
569231718000000,71575,0.143,-0.216,0.962,-2.17,-1.12,1.73,1,imu01,fusion_20260818T182612Z,2990,71575348,569231707852409
569231734000000,71595,0.168,-0.199,0.985,-2.67,-1.15,0.84,1,imu01,fusion_20260818T182612Z,2991,71595345,569231727848978
569231765000000,71615,0.145,-0.2,0.947,-1.47,-1.49,-0.04,1,imu01,fusion_20260818T182612Z,2992,71615348,569231747851548
569231781000000,71635,0.145,-0.211,0.977,-0.65,-1.66,-0.56,1,imu01,fusion_20260818T182612Z,2993,71635345,569231767848117
569231796000000,71655,0.147,-0.213,0.96,0.07,-2.07,-1.09,1,imu01,fusion_20260818T182612Z,2994,71655348,569231787850686
569231812000000,71675,0.155,-0.226,0.996,0.61,-2.31,-1.52,1,imu01,fusion_20260818T182612Z,2995,71675345,569231807847256
569231843000000,71695,0.156,-0.231,0.976,1.91,-3.65,-2.45,1,imu01,fusion_20260818T182612Z,2996,71695348,569231827849825
569231859000000,71715,0.17,-0.23,0.981,3.54,-5.43,-3.15,1,imu01,fusion_20260818T182612Z,2997,71715345,569231847846395
569231875000000,71735,0.184,-0.23,0.971,4.33,-4.64,-2.39,1,imu01,fusion_20260818T182612Z,2998,71735348,569231867848964
569231890000000,71755,0.177,-0.222,0.976,4.34,-4.18,-1.62,1,imu01,fusion_20260818T182612Z,2999,71755345,569231887845534
569231921000000,71775,0.186,-0.224,0.931,4.48,-4.65,-1.98,1,imu01,fusion_20260818T182612Z,3000,71775348,569231907848103
569231937000000,71795,0.177,-0.231,0.933,4.92,-4.76,-1.62,1,imu01,fusion_20260818T182612Z,3001,71795345,569231927844672
569231953000000,71815,0.177,-0.23,0.943,2.93,-2.23,-0.77,1,imu01,fusion_20260818T182612Z,3002,71815348,569231947847242
569231984000000,71835,0.172,-0.239,0.95,1.96,-2.04,-1.43,1,imu01,fusion_20260818T182612Z,3003,71835345,569231967843811
569232000000000,71855,0.189,-0.243,0.978,1.56,-1.56,-1.46,1,imu01,fusion_20260818T182612Z,3004,71855348,569231987846381
569232015000000,71875,0.187,-0.255,0.972,1.43,-0.94,-0.8,1,imu01,fusion_20260818T182612Z,3005,71875345,569232007842950
569232031000000,71895,0.175,-0.226,0.976,0.51,0.03,0.22,1,imu01,fusion_20260818T182612Z,3006,71895348,569232027845520
569232062000000,71915,0.176,-0.23,0.976,-0.25,-0.97,0.78,1,imu01,fusion_20260818T182612Z,3007,71915345,569232047842089
569232078000000,71935,0.176,-0.221,0.973,-0.13,-0.75,1.28,1,imu01,fusion_20260818T182612Z,3008,71935348,569232067844658
569232093000000,71955,0.173,-0.217,0.959,1.23,-0.58,1.27,1,imu01,fusion_20260818T182612Z,3009,71955345,569232087841228
569232125000000,71975,0.176,-0.204,0.967,1.98,-0.28,0.83,1,imu01,fusion_20260818T182612Z,3010,71975348,569232107843797
569232140000000,71995,0.173,-0.208,0.954,1.91,-0.52,0.68,1,imu01,fusion_20260818T182612Z,3011,71995345,569232127840367
569232156000000,72015,0.181,-0.22,0.964,1.06,-0.55,0.44,1,imu01,fusion_20260818T182612Z,3012,72015348,569232147842936
569232171000000,72035,0.176,-0.213,0.959,0.96,0.37,-0.37,1,imu01,fusion_20260818T182612Z,3013,72035345,569232167839505
569232203000000,72055,0.19,-0.215,0.956,1.2,0.05,-1.29,1,imu01,fusion_20260818T182612Z,3014,72055348,569232187842075
569232218000000,72075,0.188,-0.232,0.975,2.01,0.76,-1.1,1,imu01,fusion_20260818T182612Z,3015,72075345,569232207838644
569232234000000,72095,0.182,-0.226,0.99,1.52,0.96,-0.43,1,imu01,fusion_20260818T182612Z,3016,72095348,569232227841214
569232250000000,72115,0.19,-0.227,0.962,0.76,0.17,-0.27,1,imu01,fusion_20260818T182612Z,3017,72115345,569232247837783
569232281000000,72135,0.198,-0.239,0.969,-0.13,-0.84,0.4,1,imu01,fusion_20260818T182612Z,3018,72135348,569232267840352
569232296000000,72155,0.174,-0.223,0.966,0.09,-0.17,1.32,1,imu01,fusion_20260818T182612Z,3019,72155345,569232287836922
569232312000000,72175,0.18,-0.216,0.969,0.16,1.15,1.52,1,imu01,fusion_20260818T182612Z,3020,72175348,569232307839491
569232343000000,72195,0.185,-0.219,0.942,0.67,0.56,0.87,1,imu01,fusion_20260818T182612Z,3021,72195345,569232327836061
569232359000000,72215,0.179,-0.214,0.966,1.37,-0.5,0.47,1,imu01,fusion_20260818T182612Z,3022,72215348,569232347838630
569232375000000,72235,0.17,-0.213,0.968,1.06,-0.57,0.45,1,imu01,fusion_20260818T182612Z,3023,72235345,569232367835200
569232390000000,72255,0.182,-0.208,0.968,1.39,-2.19,-0.07,1,imu01,fusion_20260818T182612Z,3024,72255348,569232387837769
569232421000000,72275,0.171,-0.209,0.966,1.9,-2.4,-0.43,1,imu01,fusion_20260818T182612Z,3025,72275345,569232407834338
569232437000000,72295,0.171,-0.209,0.975,2.18,-1.82,0.15,1,imu01,fusion_20260818T182612Z,3026,72295348,569232427836908
569232453000000,72315,0.169,-0.208,0.971,1.9,-1.93,0.21,1,imu01,fusion_20260818T182612Z,3027,72315345,569232447833477
569232484000000,72335,0.17,-0.221,0.982,1.78,-2.16,-0.72,1,imu01,fusion_20260818T182612Z,3028,72335348,569232467836047
569232500000000,72355,0.181,-0.214,0.967,1.03,-2.95,-1.46,1,imu01,fusion_20260818T182612Z,3029,72355345,569232487832616
569232515000000,72375,0.186,-0.209,0.973,0.75,-2.59,-1.35,1,imu01,fusion_20260818T182612Z,3030,72375348,569232507835185
569232531000000,72395,0.189,-0.21,0.957,0.45,-2.44,-1.0,1,imu01,fusion_20260818T182612Z,3031,72395345,569232527831755
569232562000000,72415,0.188,-0.22,0.97,0.95,-1.55,-0.9,1,imu01,fusion_20260818T182612Z,3032,72415348,569232547834324
569232578000000,72435,0.19,-0.215,0.95,1.57,-1.25,-1.0,1,imu01,fusion_20260818T182612Z,3033,72435345,569232567830894
569232593000000,72455,0.2,-0.214,0.968,0.99,0.14,-0.46,1,imu01,fusion_20260818T182612Z,3034,72455348,569232587833463
569232609000000,72475,0.177,-0.215,0.961,0.58,-0.04,0.19,1,imu01,fusion_20260818T182612Z,3035,72475345,569232607830032
569232640000000,72495,0.174,-0.208,0.969,-0.05,-0.29,0.09,1,imu01,fusion_20260818T182612Z,3036,72495348,569232627832602
569232656000000,72515,0.186,-0.21,0.961,-0.65,-1.65,-0.51,1,imu01,fusion_20260818T182612Z,3037,72515345,569232647829171
569232671000000,72535,0.184,-0.216,0.97,0.24,-2.1,-1.1,1,imu01,fusion_20260818T182612Z,3038,72535348,569232667831741
569232703000000,72555,0.205,-0.217,0.975,0.39,-1.47,-1.13,1,imu01,fusion_20260818T182612Z,3039,72555345,569232687828310
569232718000000,72575,0.19,-0.214,0.983,0.57,0.43,-0.79,1,imu01,fusion_20260818T182612Z,3040,72575348,569232707830880
569232734000000,72595,0.195,-0.21,0.97,-0.88,1.08,0.36,1,imu01,fusion_20260818T182612Z,3041,72595345,569232727827449
569232750000000,72615,0.184,-0.206,0.973,-0.8,1.69,1.05,1,imu01,fusion_20260818T182612Z,3042,72615348,569232747830018
569232781000000,72635,0.183,-0.214,0.96,-0.58,1.76,1.4,1,imu01,fusion_20260818T182612Z,3043,72635345,569232767826588
569232796000000,72655,0.187,-0.211,0.962,0.87,1.22,0.65,1,imu01,fusion_20260818T182612Z,3044,72655348,569232787829157
569232812000000,72675,0.189,-0.214,0.955,0.86,1.41,0.58,1,imu01,fusion_20260818T182612Z,3045,72675345,569232807825727
569232843000000,72695,0.178,-0.216,0.974,-0.79,2.04,0.98,1,imu01,fusion_20260818T182612Z,3046,72695348,569232827828296
569232859000000,72715,0.188,-0.22,0.955,-0.82,-0.49,0.45,1,imu01,fusion_20260818T182612Z,3047,72715345,569232847824866
569232875000000,72735,0.195,-0.216,0.958,-0.53,-0.86,0.25,1,imu01,fusion_20260818T182612Z,3048,72735348,569232867827435
569232890000000,72755,0.197,-0.224,0.975,0.05,-0.21,0.42,1,imu01,fusion_20260818T182612Z,3049,72755345,569232887824004
569232921000000,72775,0.198,-0.219,0.968,-0.36,-0.07,1.09,1,imu01,fusion_20260818T182612Z,3050,72775348,569232907826574
569232937000000,72795,0.186,-0.215,0.971,-0.07,0.29,1.41,1,imu01,fusion_20260818T182612Z,3051,72795345,569232927823143
569232953000000,72815,0.189,-0.214,0.965,0.17,-1.24,1.61,1,imu01,fusion_20260818T182612Z,3052,72815348,569232947825712
569232984000000,72835,0.171,-0.203,0.972,-0.71,-0.06,1.57,1,imu01,fusion_20260818T182612Z,3053,72835345,569232967822282
569233000000000,72855,0.174,-0.197,0.955,-0.53,-0.12,0.87,1,imu01,fusion_20260818T182612Z,3054,72855348,569232987824851
569233015000000,72875,0.169,-0.198,0.957,0.32,0.51,0.11,1,imu01,fusion_20260818T182612Z,3055,72875345,569233007821421
569233031000000,72895,0.185,-0.21,0.975,1.26,-1.31,-0.94,1,imu01,fusion_20260818T182612Z,3056,72895348,569233027823990
569233062000000,72915,0.188,-0.21,0.96,0.9,-1.23,-1.08,1,imu01,fusion_20260818T182612Z,3057,72915345,569233047820560
569233078000000,72935,0.188,-0.214,0.961,0.35,-1.27,-0.61,1,imu01,fusion_20260818T182612Z,3058,72935348,569233067823129
569233093000000,72955,0.189,-0.212,0.959,0.43,-0.48,-0.31,1,imu01,fusion_20260818T182612Z,3059,72955345,569233087819698
569233109000000,72975,0.195,-0.214,0.971,1.35,0.15,0.04,1,imu01,fusion_20260818T182612Z,3060,72975348,569233107822268
569233140000000,72995,0.196,-0.214,0.974,2.35,1.49,0.48,1,imu01,fusion_20260818T182612Z,3061,72995345,569233127818837
569233156000000,73015,0.187,-0.215,0.971,1.09,2.9,1.22,1,imu01,fusion_20260818T182612Z,3062,73015348,569233147821407
569233171000000,73035,0.184,-0.211,0.963,-0.48,1.98,1.26,1,imu01,fusion_20260818T182612Z,3063,73035345,569233167817976
569233203000000,73055,0.181,-0.215,0.955,-1.55,1.44,0.96,1,imu01,fusion_20260818T182612Z,3064,73055348,569233187820546
569233218000000,73075,0.182,-0.205,0.956,-1.07,1.25,0.48,1,imu01,fusion_20260818T182612Z,3065,73075345,569233207817115
569233234000000,73095,0.195,-0.211,0.953,0.45,2.38,0.53,1,imu01,fusion_20260818T182612Z,3066,73095348,569233227819684
569233250000000,73115,0.166,-0.209,0.971,0.96,3.01,1.25,1,imu01,fusion_20260818T182612Z,3067,73115345,569233247816254
569233281000000,73135,0.168,-0.208,0.965,-0.68,1.77,1.03,1,imu01,fusion_20260818T182612Z,3068,73135348,569233267818823
569233296000000,73155,0.179,-0.217,0.965,-1.39,-0.85,-0.4,1,imu01,fusion_20260818T182612Z,3069,73155345,569233287815393
569233312000000,73175,0.195,-0.228,0.943,-0.35,-3.59,-1.58,1,imu01,fusion_20260818T182612Z,3070,73175348,569233307817962
569233343000000,73195,0.197,-0.223,0.96,1.16,-2.92,-1.07,1,imu01,fusion_20260818T182612Z,3071,73195345,569233327814532
569233359000000,73215,0.2,-0.22,0.987,1.57,0.52,0.93,1,imu01,fusion_20260818T182612Z,3072,73215348,569233347817101
569233375000000,73235,0.196,-0.216,0.984,0.62,0.59,1.62,1,imu01,fusion_20260818T182612Z,3073,73235345,569233367813670
569233390000000,73255,0.199,-0.209,0.974,-0.19,1.88,2.2,1,imu01,fusion_20260818T182612Z,3074,73255348,569233387816240
569233421000000,73275,0.19,-0.205,0.983,-0.42,2.99,2.86,1,imu01,fusion_20260818T182612Z,3075,73275345,569233407812809
569233437000000,73295,0.18,-0.19,0.979,-0.04,2.25,2.67,1,imu01,fusion_20260818T182612Z,3076,73295348,569233427815378
569233453000000,73315,0.176,-0.19,0.968,-0.36,1.19,1.85,1,imu01,fusion_20260818T182612Z,3077,73315345,569233447811948
569233484000000,73335,0.169,-0.188,0.949,-0.41,0.64,0.95,1,imu01,fusion_20260818T182612Z,3078,73335348,569233467814517
569233500000000,73355,0.167,-0.187,0.945,-0.6,0.94,0.29,1,imu01,fusion_20260818T182612Z,3079,73355345,569233487811087
569233515000000,73375,0.165,-0.201,0.961,-0.09,1.86,-0.23,1,imu01,fusion_20260818T182612Z,3080,73375348,569233507813656
569233531000000,73395,0.173,-0.211,0.987,1.0,2.26,-1.42,1,imu01,fusion_20260818T182612Z,3081,73395345,569233527810226
569233562000000,73415,0.193,-0.216,0.972,2.38,1.11,-2.12,1,imu01,fusion_20260818T182612Z,3082,73415348,569233547812795
569233578000000,73435,0.19,-0.219,0.987,1.96,1.08,-1.1,1,imu01,fusion_20260818T182612Z,3083,73435345,569233567809364
569233593000000,73455,0.189,-0.219,0.971,1.32,-0.98,-0.79,1,imu01,fusion_20260818T182612Z,3084,73455348,569233587811934
569233625000000,73475,0.176,-0.216,0.964,1.32,-0.84,-0.3,1,imu01,fusion_20260818T182612Z,3085,73475345,569233607808503
569233640000000,73495,0.173,-0.215,0.953,0.81,-0.55,0.18,1,imu01,fusion_20260818T182612Z,3086,73495348,569233627811073
569233656000000,73515,0.175,-0.21,0.945,0.83,-0.72,-0.26,1,imu01,fusion_20260818T182612Z,3087,73515345,569233647807642
569233671000000,73535,0.19,-0.212,0.955,0.47,-0.71,-0.58,1,imu01,fusion_20260818T182612Z,3088,73535348,569233667810212
569233703000000,73555,0.187,-0.212,0.956,-0.08,-0.59,0.25,1,imu01,fusion_20260818T182612Z,3089,73555345,569233687806781
569233718000000,73575,0.182,-0.215,0.979,-0.78,0.61,0.97,1,imu01,fusion_20260818T182612Z,3090,73575348,569233707809350
569233734000000,73595,0.18,-0.208,0.979,-0.9,-0.02,1.16,1,imu01,fusion_20260818T182612Z,3091,73595345,569233727805920
569233750000000,73615,0.181,-0.209,0.974,-0.81,1.28,1.09,1,imu01,fusion_20260818T182612Z,3092,73615348,569233747808489
569233781000000,73635,0.175,-0.2,0.964,-0.74,0.26,0.88,1,imu01,fusion_20260818T182612Z,3093,73635345,569233767805059
569233796000000,73655,0.17,-0.198,0.958,-0.54,-1.17,0.14,1,imu01,fusion_20260818T182612Z,3094,73655348,569233787807628
569233812000000,73675,0.175,-0.207,0.967,-2.8,1.98,1.6,1,imu01,fusion_20260818T182612Z,3095,73675345,569233807804198
569233843000000,73695,0.171,-0.195,0.967,-1.06,1.2,0.41,1,imu01,fusion_20260818T182612Z,3096,73695348,569233827806767
569233859000000,73715,0.169,-0.193,0.946,-0.09,-0.2,-0.56,1,imu01,fusion_20260818T182612Z,3097,73715345,569233847803336
569233875000000,73735,0.191,-0.208,0.977,-0.99,1.3,0.22,1,imu01,fusion_20260818T182612Z,3098,73735348,569233867805906
569233890000000,73755,0.196,-0.218,0.962,-0.35,0.23,0.12,1,imu01,fusion_20260818T182612Z,3099,73755345,569233887802475
569233921000000,73775,0.173,-0.212,0.974,-1.1,2.67,1.06,1,imu01,fusion_20260818T182612Z,3100,73775348,569233907805044
569233937000000,73795,0.167,-0.212,0.976,-1.81,2.09,1.19,1,imu01,fusion_20260818T182612Z,3101,73795345,569233927801614
569233953000000,73815,0.173,-0.207,0.948,-1.01,-0.88,-0.41,1,imu01,fusion_20260818T182612Z,3102,73815348,569233947804183
569233984000000,73835,0.184,-0.215,0.97,-1.09,-0.28,-0.56,1,imu01,fusion_20260818T182612Z,3103,73835345,569233967800753
569234000000000,73855,0.189,-0.207,0.978,-0.25,-0.23,-0.56,1,imu01,fusion_20260818T182612Z,3104,73855348,569233987803322
569234015000000,73875,0.184,-0.215,0.977,0.61,-0.49,-0.14,1,imu01,fusion_20260818T182612Z,3105,73875345,569234007799892
569234031000000,73895,0.182,-0.221,0.974,0.61,-0.82,0.02,1,imu01,fusion_20260818T182612Z,3106,73895348,569234027802461
569234062000000,73915,0.182,-0.21,0.968,0.26,-1.36,-0.8,1,imu01,fusion_20260818T182612Z,3107,73915345,569234047799030
569234078000000,73935,0.186,-0.213,0.963,1.35,-1.81,-0.2,1,imu01,fusion_20260818T182612Z,3108,73935348,569234067801600
569234093000000,73955,0.182,-0.209,0.971,1.42,-1.26,0.71,1,imu01,fusion_20260818T182612Z,3109,73955345,569234087798169
569234125000000,73975,0.176,-0.203,0.968,2.86,-2.39,-0.33,1,imu01,fusion_20260818T182612Z,3110,73975348,569234107800739
569234140000000,73995,0.173,-0.203,0.969,2.26,-2.01,-0.96,1,imu01,fusion_20260818T182612Z,3111,73995345,569234127797308
569234156000000,74015,0.18,-0.205,0.96,1.23,-2.51,-1.06,1,imu01,fusion_20260818T182612Z,3112,74015348,569234147799878
569234171000000,74035,0.187,-0.214,0.971,1.59,-1.2,-0.68,1,imu01,fusion_20260818T182612Z,3113,74035345,569234167796447
569234203000000,74055,0.187,-0.214,0.969,1.54,-0.6,-0.07,1,imu01,fusion_20260818T182612Z,3114,74055348,569234187799016
569234218000000,74075,0.187,-0.209,0.975,0.55,0.92,0.58,1,imu01,fusion_20260818T182612Z,3115,74075345,569234207795586
569234234000000,74095,0.186,-0.208,0.965,-0.65,0.77,0.62,1,imu01,fusion_20260818T182612Z,3116,74095348,569234227798155
569234250000000,74115,0.183,-0.203,0.972,-1.14,0.66,0.76,1,imu01,fusion_20260818T182612Z,3117,74115345,569234247794725
569234281000000,74135,0.178,-0.199,0.965,-0.68,0.04,0.61,1,imu01,fusion_20260818T182612Z,3118,74135348,569234267797294
569234296000000,74155,0.178,-0.202,0.978,-1.47,0.95,0.63,1,imu01,fusion_20260818T182612Z,3119,74155345,569234287793863
569234312000000,74175,0.178,-0.204,0.958,-0.92,0.24,-0.02,1,imu01,fusion_20260818T182612Z,3120,74175348,569234307796433
569234343000000,74195,0.186,-0.21,0.959,-0.33,0.13,-0.49,1,imu01,fusion_20260818T182612Z,3121,74195345,569234327793002
