host_monotonic_ns,t_ms,ax_g,ay_g,az_g,gx_dps,gy_dps,gz_dps,schema_version,device_id,session_id,sequence,device_timestamp_us,host_capture_monotonic_ns
570168609000000,32871,-0.248,0.025,0.965,0.03,-0.13,0.15,1,imu01,fusion_20260818T184228Z,153,32871679,570168595819153
570168625000000,32891,-0.245,0.028,0.964,-0.06,0.02,0.11,1,imu01,fusion_20260818T184228Z,154,32891677,570168615816495
570168640000000,32911,-0.249,0.022,0.963,-0.06,-0.4,-0.05,1,imu01,fusion_20260818T184228Z,155,32911681,570168635819836
570168671000000,32931,-0.248,0.024,0.97,0.07,-0.01,0.02,1,imu01,fusion_20260818T184228Z,156,32931677,570168655815178
570168687000000,32951,-0.243,0.021,0.965,-0.05,-0.0,0.05,1,imu01,fusion_20260818T184228Z,157,32951681,570168675818519
570168703000000,32971,-0.246,0.025,0.966,0.04,-0.14,0.24,1,imu01,fusion_20260818T184228Z,158,32971677,570168695813860
570168718000000,32991,-0.245,0.025,0.971,-0.13,-0.25,-0.03,1,imu01,fusion_20260818T184228Z,159,32991681,570168715817202
570168750000000,33011,-0.247,0.025,0.968,0.14,-0.04,0.03,1,imu01,fusion_20260818T184228Z,160,33011677,570168735812543
570168765000000,33031,-0.249,0.025,0.969,-0.04,0.08,-0.08,1,imu01,fusion_20260818T184228Z,161,33031681,570168755815884
570168781000000,33051,-0.249,0.026,0.967,-0.01,0.01,-0.05,1,imu01,fusion_20260818T184228Z,162,33051677,570168775811226
570168812000000,33071,-0.246,0.028,0.967,-0.0,-0.23,0.17,1,imu01,fusion_20260818T184228Z,163,33071681,570168795814567
570168828000000,33091,-0.246,0.025,0.964,0.05,-0.13,0.28,1,imu01,fusion_20260818T184228Z,164,33091677,570168815809908
570168843000000,33111,-0.248,0.026,0.965,-0.11,0.14,0.02,1,imu01,fusion_20260818T184228Z,165,33111681,570168835813250
570168859000000,33131,-0.245,0.024,0.967,-0.12,0.26,-0.14,1,imu01,fusion_20260818T184228Z,166,33131677,570168855808591
570168890000000,33151,-0.247,0.024,0.968,-0.04,-0.22,0.21,1,imu01,fusion_20260818T184228Z,167,33151681,570168875811932
570168906000000,33171,-0.25,0.025,0.971,0.13,0.25,0.23,1,imu01,fusion_20260818T184228Z,168,33171677,570168895807274
570168921000000,33191,-0.246,0.025,0.968,-0.03,0.04,0.08,1,imu01,fusion_20260818T184228Z,169,33191681,570168915810615
570168953000000,33211,-0.246,0.026,0.97,-0.11,0.11,-0.24,1,imu01,fusion_20260818T184228Z,170,33211677,570168935805957
570168968000000,33231,-0.247,0.026,0.961,0.2,0.03,-0.14,1,imu01,fusion_20260818T184228Z,171,33231681,570168955809298
570168984000000,33251,-0.243,0.025,0.965,-0.01,-0.09,0.11,1,imu01,fusion_20260818T184228Z,172,33251677,570168975804640
570169000000000,33271,-0.242,0.025,0.967,-0.09,0.01,0.03,1,imu01,fusion_20260818T184228Z,173,33271681,570168995807981
570169031000000,33291,-0.248,0.024,0.965,-0.09,-0.14,-0.11,1,imu01,fusion_20260818T184228Z,174,33291677,570169015803322
570169046000000,33311,-0.25,0.024,0.968,0.18,-0.07,0.0,1,imu01,fusion_20260818T184228Z,175,33311681,570169035806664
570169062000000,33331,-0.249,0.026,0.969,-0.06,0.03,-0.05,1,imu01,fusion_20260818T184228Z,176,33331677,570169055802005
570169078000000,33351,-0.248,0.025,0.96,-0.12,-0.39,0.11,1,imu01,fusion_20260818T184228Z,177,33351681,570169075805346
570169109000000,33371,-0.248,0.026,0.971,-0.11,0.01,-0.12,1,imu01,fusion_20260818T184228Z,178,33371677,570169095800688
570169125000000,33391,-0.249,0.027,0.966,0.06,0.1,0.14,1,imu01,fusion_20260818T184228Z,179,33391679,570169115802029
570169140000000,33411,-0.243,0.025,0.97,-0.11,0.43,-0.09,1,imu01,fusion_20260818T184228Z,180,33411677,570169135799371
570169171000000,33431,-0.245,0.025,0.969,0.03,-0.2,-0.01,1,imu01,fusion_20260818T184228Z,181,33431681,570169155802712
570169187000000,33451,-0.245,0.025,0.971,-0.08,0.26,-0.1,1,imu01,fusion_20260818T184228Z,182,33451677,570169175798053
570169203000000,33471,-0.247,0.024,0.96,0.04,0.01,0.09,1,imu01,fusion_20260818T184228Z,183,33471681,570169195801395
570169218000000,33491,-0.247,0.022,0.97,-0.02,0.38,-0.14,1,imu01,fusion_20260818T184228Z,184,33491677,570169215796736
570169250000000,33511,-0.249,0.028,0.965,-0.03,0.04,-0.01,1,imu01,fusion_20260818T184228Z,185,33511681,570169235800077
570169265000000,33531,-0.247,0.021,0.963,0.04,-0.12,-0.08,1,imu01,fusion_20260818T184228Z,186,33531677,570169255795419
570169281000000,33551,-0.247,0.027,0.964,0.01,0.12,0.21,1,imu01,fusion_20260818T184228Z,187,33551681,570169275798760
570169312000000,33571,-0.249,0.027,0.966,-0.04,0.02,0.14,1,imu01,fusion_20260818T184228Z,188,33571677,570169295794102
570169328000000,33591,-0.248,0.025,0.967,-0.05,-0.32,-0.11,1,imu01,fusion_20260818T184228Z,189,33591681,570169315797443
570169343000000,33611,-0.244,0.024,0.962,0.14,-0.24,-0.11,1,imu01,fusion_20260818T184228Z,190,33611677,570169335792784
570169359000000,33631,-0.247,0.022,0.972,-0.06,0.14,0.0,1,imu01,fusion_20260818T184228Z,191,33631681,570169355796126
570169390000000,33651,-0.248,0.023,0.968,0.02,-0.0,-0.03,1,imu01,fusion_20260818T184228Z,192,33651677,570169375791467
570169406000000,33671,-0.247,0.025,0.969,-0.04,-0.41,-0.02,1,imu01,fusion_20260818T184228Z,193,33671681,570169395794808
570169421000000,33691,-0.246,0.025,0.965,0.05,-0.11,-0.17,1,imu01,fusion_20260818T184228Z,194,33691677,570169415790150
570169453000000,33711,-0.249,0.022,0.966,-0.01,-0.02,0.0,1,imu01,fusion_20260818T184228Z,195,33711681,570169435793491
570169468000000,33731,-0.247,0.028,0.966,0.02,0.06,-0.08,1,imu01,fusion_20260818T184228Z,196,33731677,570169455788833
570169484000000,33751,-0.248,0.025,0.964,0.02,-0.26,0.07,1,imu01,fusion_20260818T184228Z,197,33751681,570169475792174
570169500000000,33771,-0.247,0.023,0.96,0.1,0.02,0.2,1,imu01,fusion_20260818T184228Z,198,33771677,570169495787515
570169531000000,33791,-0.246,0.024,0.968,-0.06,-0.06,0.23,1,imu01,fusion_20260818T184228Z,199,33791681,570169515790857
570169546000000,33811,-0.246,0.028,0.975,-0.01,-0.33,0.24,1,imu01,fusion_20260818T184228Z,200,33811677,570169535786198
570169562000000,33831,-0.242,0.025,0.97,-0.04,-0.14,0.01,1,imu01,fusion_20260818T184228Z,201,33831681,570169555789539
570169578000000,33851,-0.249,0.027,0.966,0.01,0.14,0.06,1,imu01,fusion_20260818T184228Z,202,33851677,570169575784881
570169609000000,33871,-0.248,0.024,0.971,-0.06,0.1,0.11,1,imu01,fusion_20260818T184228Z,203,33871681,570169595788222
570169625000000,33891,-0.245,0.022,0.97,-0.08,-0.18,-0.11,1,imu01,fusion_20260818T184228Z,204,33891677,570169615783564
570169640000000,33911,-0.245,0.023,0.968,0.07,-0.09,-0.24,1,imu01,fusion_20260818T184228Z,205,33911681,570169635786905
570169671000000,33931,-0.243,0.026,0.97,-0.05,0.0,0.02,1,imu01,fusion_20260818T184228Z,206,33931677,570169655782246
570169687000000,33951,-0.247,0.025,0.962,-0.02,-0.06,0.05,1,imu01,fusion_20260818T184228Z,207,33951681,570169675785588
570169703000000,33971,-0.248,0.021,0.967,-0.06,-0.12,-0.13,1,imu01,fusion_20260818T184228Z,208,33971677,570169695780929
570169718000000,33991,-0.241,0.026,0.966,0.1,-0.12,-0.03,1,imu01,fusion_20260818T184228Z,209,33991681,570169715784270
570169750000000,34011,-0.248,0.024,0.97,-0.07,0.2,0.08,1,imu01,fusion_20260818T184228Z,210,34011677,570169735779612
570169765000000,34031,-0.247,0.025,0.966,0.01,-0.07,0.08,1,imu01,fusion_20260818T184228Z,211,34031681,570169755782953
570169781000000,34051,-0.244,0.03,0.97,-0.07,0.01,0.0,1,imu01,fusion_20260818T184228Z,212,34051677,570169775778295
570169812000000,34071,-0.243,0.024,0.963,0.06,-0.32,0.22,1,imu01,fusion_20260818T184228Z,213,34071681,570169795781636
570169828000000,34091,-0.245,0.028,0.961,0.04,0.43,-0.03,1,imu01,fusion_20260818T184228Z,214,34091677,570169815776977
570169843000000,34111,-0.245,0.03,0.971,0.09,-0.26,0.08,1,imu01,fusion_20260818T184228Z,215,34111681,570169835780319
570169859000000,34131,-0.244,0.029,0.968,-0.06,-0.22,-0.14,1,imu01,fusion_20260818T184228Z,216,34131677,570169855775660
570169890000000,34151,-0.246,0.021,0.967,0.03,0.36,-0.14,1,imu01,fusion_20260818T184228Z,217,34151679,570169875777002
570169906000000,34171,-0.244,0.025,0.964,-0.04,-0.05,0.08,1,imu01,fusion_20260818T184228Z,218,34171677,570169895774343
570169921000000,34191,-0.247,0.027,0.969,-0.07,-0.03,-0.09,1,imu01,fusion_20260818T184228Z,219,34191681,570169915777684
570169953000000,34211,-0.25,0.026,0.965,0.07,-0.21,-0.13,1,imu01,fusion_20260818T184228Z,220,34211677,570169935773026
570169968000000,34231,-0.246,0.025,0.97,0.06,0.23,0.1,1,imu01,fusion_20260818T184228Z,221,34231681,570169955776367
570169984000000,34251,-0.248,0.026,0.968,0.03,-0.13,0.04,1,imu01,fusion_20260818T184228Z,222,34251677,570169975771708
570170000000000,34271,-0.242,0.025,0.964,-0.06,-0.2,-0.16,1,imu01,fusion_20260818T184228Z,223,34271681,570169995775050
570170031000000,34291,-0.247,0.023,0.965,0.1,-0.16,-0.11,1,imu01,fusion_20260818T184228Z,224,34291677,570170015770391
570170046000000,34311,-0.247,0.027,0.965,0.02,0.35,-0.05,1,imu01,fusion_20260818T184228Z,225,34311681,570170035773732
570170062000000,34331,-0.251,0.023,0.966,-0.04,-0.03,0.07,1,imu01,fusion_20260818T184228Z,226,34331677,570170055769074
570170093000000,34351,-0.248,0.024,0.963,-0.05,-0.21,-0.01,1,imu01,fusion_20260818T184228Z,227,34351681,570170075772415
570170109000000,34371,-0.244,0.028,0.97,0.16,-0.1,-0.08,1,imu01,fusion_20260818T184228Z,228,34371677,570170095767757
570170125000000,34391,-0.247,0.026,0.96,-0.11,0.19,0.11,1,imu01,fusion_20260818T184228Z,229,34391681,570170115771098
570170140000000,34411,-0.249,0.025,0.975,-0.04,-0.03,0.1,1,imu01,fusion_20260818T184228Z,230,34411677,570170135766439
570170171000000,34431,-0.244,0.027,0.961,-0.1,-0.06,-0.03,1,imu01,fusion_20260818T184228Z,231,34431681,570170155769781
570170187000000,34451,-0.247,0.03,0.971,0.04,-0.07,0.02,1,imu01,fusion_20260818T184228Z,232,34451677,570170175765122
570170203000000,34471,-0.246,0.024,0.96,-0.06,0.34,-0.04,1,imu01,fusion_20260818T184228Z,233,34471681,570170195768463
570170218000000,34491,-0.251,0.025,0.963,0.01,-0.05,-0.08,1,imu01,fusion_20260818T184228Z,234,34491677,570170215763805
570170250000000,34511,-0.249,0.027,0.967,-0.03,-0.1,0.04,1,imu01,fusion_20260818T184228Z,235,34511681,570170235767146
570170265000000,34531,-0.244,0.027,0.97,0.14,0.1,0.07,1,imu01,fusion_20260818T184228Z,236,34531677,570170255762488
570170281000000,34551,-0.242,0.024,0.966,-0.1,0.1,0.06,1,imu01,fusion_20260818T184228Z,237,34551681,570170275765829
570170312000000,34571,-0.249,0.028,0.968,-0.0,-0.19,-0.1,1,imu01,fusion_20260818T184228Z,238,34571677,570170295761170
570170328000000,34591,-0.25,0.025,0.972,0.15,-0.08,-0.12,1,imu01,fusion_20260818T184228Z,239,34591681,570170315764512
570170343000000,34611,-0.248,0.029,0.957,0.07,0.15,0.06,1,imu01,fusion_20260818T184228Z,240,34611677,570170335759853
570170359000000,34631,-0.246,0.025,0.974,-0.03,-0.05,0.12,1,imu01,fusion_20260818T184228Z,241,34631681,570170355763194
570170390000000,34651,-0.245,0.023,0.966,-0.13,0.03,-0.02,1,imu01,fusion_20260818T184228Z,242,34651677,570170375758536
570170406000000,34671,-0.25,0.02,0.968,0.07,-0.09,-0.07,1,imu01,fusion_20260818T184228Z,243,34671681,570170395761877
570170421000000,34691,-0.243,0.025,0.967,-0.02,0.18,-0.01,1,imu01,fusion_20260818T184228Z,244,34691677,570170415757219
570170453000000,34711,-0.242,0.026,0.964,-0.08,-0.09,0.08,1,imu01,fusion_20260818T184228Z,245,34711681,570170435760560
570170468000000,34731,-0.245,0.027,0.971,-0.12,-0.13,-0.04,1,imu01,fusion_20260818T184228Z,246,34731677,570170455755902
570170484000000,34751,-0.248,0.026,0.966,0.07,-0.2,0.03,1,imu01,fusion_20260818T184228Z,247,34751681,570170475759243
570170500000000,34771,-0.246,0.025,0.966,-0.03,0.2,-0.07,1,imu01,fusion_20260818T184228Z,248,34771677,570170495754584
570170531000000,34791,-0.245,0.025,0.963,-0.03,-0.22,0.01,1,imu01,fusion_20260818T184228Z,249,34791681,570170515757926
570170546000000,34811,-0.245,0.024,0.96,-0.06,-0.09,0.11,1,imu01,fusion_20260818T184228Z,250,34811677,570170535753267
570170562000000,34831,-0.245,0.026,0.978,0.07,-0.09,0.0,1,imu01,fusion_20260818T184228Z,251,34831681,570170555756608
570170593000000,34851,-0.248,0.025,0.966,-0.07,0.14,-0.01,1,imu01,fusion_20260818T184228Z,252,34851677,570170575751950
570170609000000,34871,-0.243,0.025,0.97,0.04,-0.05,-0.15,1,imu01,fusion_20260818T184228Z,253,34871681,570170595755291
570170625000000,34891,-0.245,0.027,0.963,0.07,-0.08,-0.04,1,imu01,fusion_20260818T184228Z,254,34891677,570170615750632
570170640000000,34911,-0.246,0.025,0.967,-0.02,0.11,0.12,1,imu01,fusion_20260818T184228Z,255,34911681,570170635753974
570170671000000,34931,-0.247,0.028,0.965,-0.07,0.1,0.01,1,imu01,fusion_20260818T184228Z,256,34931677,570170655749315
570170687000000,34951,-0.245,0.025,0.971,-0.1,-0.2,-0.15,1,imu01,fusion_20260818T184228Z,257,34951681,570170675752656
570170703000000,34971,-0.243,0.023,0.972,0.11,-0.16,-0.06,1,imu01,fusion_20260818T184228Z,258,34971677,570170695747998
570170718000000,34991,-0.247,0.025,0.967,0.01,0.12,0.02,1,imu01,fusion_20260818T184228Z,259,34991681,570170715751339
570170750000000,35011,-0.245,0.026,0.967,-0.12,0.1,0.18,1,imu01,fusion_20260818T184228Z,260,35011677,570170735746681
570170765000000,35031,-0.246,0.026,0.973,-0.15,-0.03,-0.08,1,imu01,fusion_20260818T184228Z,261,35031681,570170755750022
570170781000000,35051,-0.247,0.022,0.971,0.09,-0.1,-0.1,1,imu01,fusion_20260818T184228Z,262,35051677,570170775745364
570170812000000,35071,-0.246,0.024,0.97,-0.13,0.24,-0.14,1,imu01,fusion_20260818T184228Z,263,35071681,570170795748705
570170828000000,35091,-0.245,0.027,0.967,0.01,-0.08,0.08,1,imu01,fusion_20260818T184228Z,264,35091677,570170815744046
570170843000000,35111,-0.244,0.026,0.963,-0.09,-0.17,0.06,1,imu01,fusion_20260818T184228Z,265,35111681,570170835747388
570170859000000,35131,-0.248,0.027,0.965,0.1,-0.02,-0.02,1,imu01,fusion_20260818T184228Z,266,35131677,570170855742729
570170890000000,35151,-0.245,0.024,0.967,-0.11,0.26,-0.15,1,imu01,fusion_20260818T184228Z,267,35151681,570170875746070
570170906000000,35171,-0.244,0.021,0.969,-0.09,-0.05,-0.08,1,imu01,fusion_20260818T184228Z,268,35171677,570170895741412
570170921000000,35191,-0.247,0.026,0.965,0.02,-0.04,-0.07,1,imu01,fusion_20260818T184228Z,269,35191681,570170915744753
570170953000000,35211,-0.249,0.028,0.962,0.01,0.23,0.02,1,imu01,fusion_20260818T184228Z,270,35211677,570170935740094
570170968000000,35231,-0.246,0.025,0.969,-0.06,0.07,0.09,1,imu01,fusion_20260818T184228Z,271,35231681,570170955743436
570170984000000,35251,-0.245,0.021,0.959,-0.0,0.06,-0.04,1,imu01,fusion_20260818T184228Z,272,35251677,570170975738777
570171000000000,35271,-0.249,0.025,0.965,0.01,-0.16,-0.02,1,imu01,fusion_20260818T184228Z,273,35271681,570170995742118
570171031000000,35291,-0.245,0.028,0.966,0.06,0.32,0.09,1,imu01,fusion_20260818T184228Z,274,35291677,570171015737460
570171046000000,35311,-0.247,0.025,0.966,-0.03,0.14,0.15,1,imu01,fusion_20260818T184228Z,275,35311681,570171035740801
570171062000000,35331,-0.248,0.023,0.964,-0.1,0.03,-0.17,1,imu01,fusion_20260818T184228Z,276,35331677,570171055736143
570171093000000,35351,-0.243,0.026,0.969,0.06,-0.13,-0.15,1,imu01,fusion_20260818T184228Z,277,35351681,570171075739484
570171109000000,35371,-0.246,0.029,0.969,-0.08,0.16,-0.02,1,imu01,fusion_20260818T184228Z,278,35371677,570171095734826
570171125000000,35391,-0.243,0.024,0.963,0.04,-0.13,0.14,1,imu01,fusion_20260818T184228Z,279,35391681,570171115738167
570171140000000,35411,-0.247,0.025,0.97,-0.09,0.13,0.0,1,imu01,fusion_20260818T184228Z,280,35411677,570171135733508
570171171000000,35431,-0.244,0.025,0.966,0.05,-0.04,-0.04,1,imu01,fusion_20260818T184228Z,281,35431681,570171155736850
570171187000000,35451,-0.247,0.023,0.972,-0.03,0.15,-0.11,1,imu01,fusion_20260818T184228Z,282,35451677,570171175732191
570171203000000,35471,-0.24,0.024,0.969,-0.09,-0.05,-0.01,1,imu01,fusion_20260818T184228Z,283,35471681,570171195735532
570171218000000,35491,-0.247,0.027,0.967,-0.08,-0.09,0.01,1,imu01,fusion_20260818T184228Z,284,35491677,570171215730874
570171250000000,35511,-0.247,0.028,0.967,0.04,0.02,0.06,1,imu01,fusion_20260818T184228Z,285,35511681,570171235734215
570171265000000,35531,-0.245,0.026,0.967,-0.01,0.06,-0.01,1,imu01,fusion_20260818T184228Z,286,35531677,570171255729556
570171281000000,35551,-0.25,0.025,0.97,-0.09,0.01,-0.14,1,imu01,fusion_20260818T184228Z,287,35551681,570171275732898
570171312000000,35571,-0.25,0.025,0.966,0.02,-0.32,-0.09,1,imu01,fusion_20260818T184228Z,288,35571677,570171295728239
570171328000000,35591,-0.249,0.026,0.965,0.03,0.16,0.08,1,imu01,fusion_20260818T184228Z,289,35591681,570171315731580
570171343000000,35611,-0.244,0.026,0.968,-0.03,-0.03,0.06,1,imu01,fusion_20260818T184228Z,290,35611677,570171335726922
570171359000000,35631,-0.246,0.024,0.971,-0.09,-0.02,-0.05,1,imu01,fusion_20260818T184228Z,291,35631681,570171355730263
570171390000000,35651,-0.245,0.022,0.969,0.11,-0.06,-0.05,1,imu01,fusion_20260818T184228Z,292,35651677,570171375725605
570171406000000,35671,-0.246,0.025,0.964,-0.09,0.09,0.0,1,imu01,fusion_20260818T184228Z,293,35671681,570171395728946
570171421000000,35691,-0.243,0.025,0.962,-0.02,0.17,0.22,1,imu01,fusion_20260818T184228Z,294,35691677,570171415724288
570171453000000,35711,-0.245,0.025,0.969,-0.09,-0.13,0.0,1,imu01,fusion_20260818T184228Z,295,35711681,570171435727629
570171468000000,35731,-0.248,0.022,0.967,0.14,0.06,-0.07,1,imu01,fusion_20260818T184228Z,296,35731677,570171455722970
570171484000000,35751,-0.248,0.028,0.972,-0.02,0.3,0.01,1,imu01,fusion_20260818T184228Z,297,35751681,570171475726312
570171500000000,35771,-0.249,0.029,0.971,0.08,-0.13,0.06,1,imu01,fusion_20260818T184228Z,298,35771677,570171495721653
570171531000000,35791,-0.246,0.024,0.967,-0.08,-0.17,0.02,1,imu01,fusion_20260818T184228Z,299,35791681,570171515724994
570171546000000,35811,-0.246,0.026,0.97,0.06,-0.06,0.12,1,imu01,fusion_20260818T184228Z,300,35811677,570171535720336
570171562000000,35831,-0.249,0.025,0.962,-0.03,0.13,-0.05,1,imu01,fusion_20260818T184228Z,301,35831681,570171555723677
570171578000000,35851,-0.249,0.025,0.968,-0.07,-0.12,-0.01,1,imu01,fusion_20260818T184228Z,302,35851677,570171575719019
570171609000000,35871,-0.247,0.027,0.968,-0.04,-0.07,0.02,1,imu01,fusion_20260818T184228Z,303,35871681,570171595722360
570171625000000,35891,-0.243,0.025,0.962,0.07,-0.01,0.06,1,imu01,fusion_20260818T184228Z,304,35891677,570171615717701
570171640000000,35911,-0.247,0.023,0.972,-0.09,0.03,-0.01,1,imu01,fusion_20260818T184228Z,305,35911681,570171635721043
570171671000000,35931,-0.249,0.025,0.964,-0.09,-0.04,-0.14,1,imu01,fusion_20260818T184228Z,306,35931677,570171655716384
570171687000000,35951,-0.247,0.025,0.972,0.04,-0.22,0.03,1,imu01,fusion_20260818T184228Z,307,35951681,570171675719725
570171703000000,35971,-0.245,0.029,0.962,0.05,0.29,0.08,1,imu01,fusion_20260818T184228Z,308,35971677,570171695715067
570171718000000,35991,-0.249,0.023,0.969,-0.06,0.2,0.05,1,imu01,fusion_20260818T184228Z,309,35991681,570171715718408
570171750000000,36011,-0.245,0.022,0.96,-0.09,-0.22,-0.07,1,imu01,fusion_20260818T184228Z,310,36011677,570171735713750
570171765000000,36031,-0.245,0.021,0.964,0.07,-0.06,-0.01,1,imu01,fusion_20260818T184228Z,311,36031681,570171755717091
570171781000000,36051,-0.243,0.028,0.969,-0.06,0.02,-0.02,1,imu01,fusion_20260818T184228Z,312,36051677,570171775712432
570171812000000,36071,-0.247,0.026,0.967,-0.07,-0.2,0.17,1,imu01,fusion_20260818T184228Z,313,36071681,570171795715774
570171828000000,36091,-0.243,0.028,0.966,-0.0,0.0,-0.03,1,imu01,fusion_20260818T184228Z,314,36091677,570171815711115
570171843000000,36111,-0.245,0.022,0.977,0.04,-0.0,-0.11,1,imu01,fusion_20260818T184228Z,315,36111681,570171835714456
570171859000000,36131,-0.248,0.027,0.965,-0.06,0.49,0.01,1,imu01,fusion_20260818T184228Z,316,36131677,570171855709798
570171890000000,36151,-0.246,0.026,0.971,0.01,-0.55,0.41,1,imu01,fusion_20260818T184228Z,317,36151679,570171875711139
570171906000000,36171,-0.244,0.027,0.968,-0.11,0.07,-0.04,1,imu01,fusion_20260818T184228Z,318,36171677,570171895708481
570171921000000,36191,-0.247,0.027,0.967,-0.02,-0.36,0.11,1,imu01,fusion_20260818T184228Z,319,36191681,570171915711822
570171953000000,36211,-0.25,0.024,0.967,0.01,-0.18,0.14,1,imu01,fusion_20260818T184228Z,320,36211677,570171935707163
570171968000000,36231,-0.249,0.025,0.969,-0.0,-0.84,0.08,1,imu01,fusion_20260818T184228Z,321,36231681,570171955710505
570171984000000,36251,-0.247,0.023,0.962,0.05,0.5,-0.37,1,imu01,fusion_20260818T184228Z,322,36251677,570171975705846
570172000000000,36271,-0.247,0.026,0.966,0.01,-0.32,0.19,1,imu01,fusion_20260818T184228Z,323,36271681,570171995709187
570172031000000,36291,-0.24,0.024,0.97,-0.06,0.21,-0.05,1,imu01,fusion_20260818T184228Z,324,36291677,570172015704529
570172046000000,36311,-0.247,0.026,0.972,-0.08,-0.22,0.01,1,imu01,fusion_20260818T184228Z,325,36311681,570172035707870
570172062000000,36331,-0.247,0.028,0.966,0.1,0.39,-0.18,1,imu01,fusion_20260818T184228Z,326,36331677,570172055703212
570172093000000,36351,-0.245,0.026,0.971,-0.02,-0.01,-0.11,1,imu01,fusion_20260818T184228Z,327,36351681,570172075706553
570172109000000,36371,-0.244,0.022,0.966,0.01,0.0,0.14,1,imu01,fusion_20260818T184228Z,328,36371677,570172095701894
570172125000000,36391,-0.244,0.027,0.97,-0.06,-0.0,-0.05,1,imu01,fusion_20260818T184228Z,329,36391681,570172115705236
570172140000000,36411,-0.244,0.023,0.971,0.1,-0.09,-0.07,1,imu01,fusion_20260818T184228Z,330,36411677,570172135700577
570172171000000,36431,-0.245,0.023,0.968,-0.1,0.29,-0.06,1,imu01,fusion_20260818T184228Z,331,36431681,570172155703918
570172187000000,36451,-0.247,0.026,0.973,-0.03,-0.19,0.1,1,imu01,fusion_20260818T184228Z,332,36451677,570172175699260
570172203000000,36471,-0.246,0.023,0.965,-0.0,0.18,-0.05,1,imu01,fusion_20260818T184228Z,333,36471681,570172195702601
570172218000000,36491,-0.243,0.025,0.965,0.01,-0.14,0.05,1,imu01,fusion_20260818T184228Z,334,36491677,570172215697943
570172250000000,36511,-0.245,0.026,0.963,0.04,0.06,-0.02,1,imu01,fusion_20260818T184228Z,335,36511681,570172235701284
570172265000000,36531,-0.243,0.024,0.966,-0.0,-0.02,-0.04,1,imu01,fusion_20260818T184228Z,336,36531677,570172255696625
570172281000000,36551,-0.251,0.029,0.964,-0.09,-0.09,-0.01,1,imu01,fusion_20260818T184228Z,337,36551681,570172275699967
570172312000000,36571,-0.247,0.028,0.967,0.08,0.04,0.11,1,imu01,fusion_20260818T184228Z,338,36571677,570172295695308
570172328000000,36591,-0.243,0.022,0.962,-0.05,0.1,-0.02,1,imu01,fusion_20260818T184228Z,339,36591681,570172315698649
570172343000000,36611,-0.25,0.022,0.977,-0.02,-0.01,-0.08,1,imu01,fusion_20260818T184228Z,340,36611677,570172335693991
570172359000000,36631,-0.249,0.027,0.969,0.06,-0.25,-0.03,1,imu01,fusion_20260818T184228Z,341,36631681,570172355697332
570172390000000,36651,-0.248,0.025,0.964,0.08,0.26,0.03,1,imu01,fusion_20260818T184228Z,342,36651677,570172375692674
570172406000000,36671,-0.247,0.023,0.966,-0.08,0.23,0.11,1,imu01,fusion_20260818T184228Z,343,36671681,570172395696015
570172421000000,36691,-0.248,0.027,0.978,-0.12,-0.16,-0.11,1,imu01,fusion_20260818T184228Z,344,36691677,570172415691356
570172453000000,36711,-0.243,0.025,0.961,-0.08,-0.12,-0.13,1,imu01,fusion_20260818T184228Z,345,36711681,570172435694698
570172468000000,36731,-0.249,0.026,0.961,-0.09,0.1,-0.01,1,imu01,fusion_20260818T184228Z,346,36731677,570172455690039
570172484000000,36751,-0.246,0.03,0.967,-0.12,0.1,0.05,1,imu01,fusion_20260818T184228Z,347,36751681,570172475693380
570172500000000,36771,-0.246,0.025,0.968,-0.08,0.03,0.0,1,imu01,fusion_20260818T184228Z,348,36771677,570172495688722
570172531000000,36791,-0.248,0.026,0.972,0.12,-0.33,0.04,1,imu01,fusion_20260818T184228Z,349,36791681,570172515692063
570172546000000,36811,-0.246,0.026,0.967,-0.03,0.36,-0.06,1,imu01,fusion_20260818T184228Z,350,36811677,570172535687405
570172562000000,36831,-0.248,0.025,0.967,-0.08,0.16,-0.02,1,imu01,fusion_20260818T184228Z,351,36831681,570172555690746
570172593000000,36851,-0.242,0.024,0.977,-0.1,-0.09,-0.27,1,imu01,fusion_20260818T184228Z,352,36851677,570172575686087
570172609000000,36871,-0.242,0.029,1.001,-1.03,13.11,-9.97,1,imu01,fusion_20260818T184228Z,353,36871681,570172595689429
570172625000000,36891,-0.244,-0.023,0.933,-36.92,13.91,-9.52,1,imu01,fusion_20260818T184228Z,354,36891677,570172615684770
570172640000000,36911,-0.207,0.01,0.935,-22.64,4.53,-1.76,1,imu01,fusion_20260818T184228Z,355,36911681,570172635688111
570172671000000,36931,-0.266,0.004,0.939,10.47,-3.68,3.03,1,imu01,fusion_20260818T184228Z,356,36931677,570172655683453
570172687000000,36951,-0.255,0.023,0.977,24.11,-8.58,7.76,1,imu01,fusion_20260818T184228Z,357,36951681,570172675686794
570172703000000,36971,-0.256,0.033,0.982,18.61,-4.93,3.77,1,imu01,fusion_20260818T184228Z,358,36971677,570172695682136
570172718000000,36991,-0.253,0.02,0.963,-6.7,2.84,-1.16,1,imu01,fusion_20260818T184228Z,359,36991681,570172715685477
570172750000000,37011,-0.252,0.012,0.948,-6.26,0.2,0.02,1,imu01,fusion_20260818T184228Z,360,37011677,570172735680818
570172765000000,37031,-0.248,0.02,0.973,5.31,-1.16,0.63,1,imu01,fusion_20260818T184228Z,361,37031681,570172755684160
570172781000000,37051,-0.254,0.029,0.973,1.17,-0.92,0.63,1,imu01,fusion_20260818T184228Z,362,37051677,570172775679501
570172812000000,37071,-0.248,0.023,0.956,-2.0,2.71,-2.63,1,imu01,fusion_20260818T184228Z,363,37071681,570172795682842
570172828000000,37091,-0.252,0.012,0.959,-3.25,1.85,-1.64,1,imu01,fusion_20260818T184228Z,364,37091677,570172815678184
570172843000000,37111,-0.254,0.02,0.971,1.55,0.16,-0.5,1,imu01,fusion_20260818T184228Z,365,37111681,570172835681525
570172859000000,37131,-0.236,0.008,0.973,0.85,1.54,-1.21,1,imu01,fusion_20260818T184228Z,366,37131677,570172855676867
570172890000000,37151,-0.241,-0.013,0.866,-24.83,-20.51,10.89,1,imu01,fusion_20260818T184228Z,367,37151681,570172875680208
570172906000000,37171,-0.221,0.033,1.08,14.78,-52.13,19.41,1,imu01,fusion_20260818T184228Z,368,37171677,570172895675550
570172921000000,37191,-0.226,0.036,0.985,4.16,-41.96,23.01,1,imu01,fusion_20260818T184228Z,369,37191681,570172915678891
570172953000000,37211,-0.216,0.025,0.972,-5.31,-28.7,14.11,1,imu01,fusion_20260818T184228Z,370,37211677,570172935674232
570172968000000,37231,-0.208,0.041,1.049,-1.64,-15.97,4.31,1,imu01,fusion_20260818T184228Z,371,37231681,570172955677574
570172984000000,37251,-0.19,0.002,0.939,-14.0,2.26,-5.82,1,imu01,fusion_20260818T184228Z,372,37251677,570172975672915
570173000000000,37271,-0.249,0.066,1.381,18.69,8.05,11.47,1,imu01,fusion_20260818T184228Z,373,37271681,570172995676256
570173031000000,37291,-0.205,0.025,0.987,-1.32,9.22,7.05,1,imu01,fusion_20260818T184228Z,374,37291677,570173015671598
570173046000000,37311,-0.375,-0.196,0.703,5.43,20.0,-15.56,1,imu01,fusion_20260818T184228Z,375,37311681,570173035674939
570173062000000,37331,-0.225,0.129,0.951,10.57,14.39,-48.1,1,imu01,fusion_20260818T184228Z,376,37331677,570173055670280
570173078000000,37351,-0.17,0.436,1.026,9.49,3.55,-13.47,1,imu01,fusion_20260818T184228Z,377,37351681,570173075673622
570173109000000,37371,-0.255,-0.045,0.975,-22.48,24.51,-10.66,1,imu01,fusion_20260818T184228Z,378,37371677,570173095668963
570173125000000,37391,-0.212,-0.012,0.97,2.8,24.37,-9.87,1,imu01,fusion_20260818T184228Z,379,37391681,570173115672304
570173140000000,37411,-0.268,0.066,1.043,18.32,7.97,0.11,1,imu01,fusion_20260818T184228Z,380,37411677,570173135667646
570173171000000,37431,-0.242,-0.013,0.983,30.1,-3.77,17.93,1,imu01,fusion_20260818T184228Z,381,37431681,570173155670987
570173187000000,37451,-0.241,0.013,0.949,28.46,-8.93,33.99,1,imu01,fusion_20260818T184228Z,382,37451677,570173175666329
570173203000000,37471,-0.231,0.086,0.957,9.0,-4.82,34.43,1,imu01,fusion_20260818T184228Z,383,37471681,570173195669670
570173218000000,37491,-0.289,0.058,0.924,-14.96,-0.04,55.97,1,imu01,fusion_20260818T184228Z,384,37491677,570173215665012
570173250000000,37511,-0.285,0.112,0.93,-13.41,11.65,25.34,1,imu01,fusion_20260818T184228Z,385,37511681,570173235668353
570173265000000,37531,-0.256,0.096,1.042,-6.12,26.35,9.5,1,imu01,fusion_20260818T184228Z,386,37531677,570173255663694
570173281000000,37551,-0.183,-0.012,1.148,-33.0,20.78,19.76,1,imu01,fusion_20260818T184228Z,387,37551681,570173275667036
570173312000000,37571,-0.254,0.04,1.09,-33.33,-4.94,37.48,1,imu01,fusion_20260818T184228Z,388,37571677,570173295662377
570173328000000,37591,-0.301,0.056,1.032,-22.96,-23.29,41.44,1,imu01,fusion_20260818T184228Z,389,37591681,570173315665718
570173343000000,37611,-0.269,0.15,1.026,3.55,-21.27,17.17,1,imu01,fusion_20260818T184228Z,390,37611677,570173335661060
570173359000000,37631,-0.23,-0.02,1.062,5.94,-22.39,34.5,1,imu01,fusion_20260818T184228Z,391,37631681,570173355664401
570173390000000,37651,-0.236,0.003,1.052,26.85,-32.36,22.89,1,imu01,fusion_20260818T184228Z,392,37651677,570173375659742
570173406000000,37671,-0.227,0.033,1.035,21.24,-35.71,26.35,1,imu01,fusion_20260818T184228Z,393,37671681,570173395663084
570173421000000,37691,-0.225,0.108,1.017,5.39,-45.06,47.58,1,imu01,fusion_20260818T184228Z,394,37691677,570173415658425
570173453000000,37711,-0.184,0.115,1.02,12.55,-45.68,33.55,1,imu01,fusion_20260818T184228Z,395,37711681,570173435661766
570173468000000,37731,-0.23,0.075,1.002,45.48,-37.51,9.95,1,imu01,fusion_20260818T184228Z,396,37731677,570173455657108
570173484000000,37751,-0.167,-0.037,1.01,55.33,-20.41,5.44,1,imu01,fusion_20260818T184228Z,397,37751681,570173475660449
570173500000000,37771,-0.046,0.2,1.052,41.87,-18.7,4.12,1,imu01,fusion_20260818T184228Z,398,37771677,570173495655791
570173531000000,37791,-0.121,0.079,1.075,20.07,-29.1,28.74,1,imu01,fusion_20260818T184228Z,399,37791681,570173515659132
570173546000000,37811,-0.188,0.143,0.977,9.1,-36.93,34.14,1,imu01,fusion_20260818T184228Z,400,37811677,570173535654474
570173562000000,37831,-0.134,0.207,0.962,2.33,-44.99,42.01,1,imu01,fusion_20260818T184228Z,401,37831681,570173555657815
570173593000000,37851,-0.08,0.154,0.98,44.33,-47.97,3.22,1,imu01,fusion_20260818T184228Z,402,37851677,570173575653156
570173609000000,37871,-0.107,0.111,1.022,44.07,-36.09,-3.66,1,imu01,fusion_20260818T184228Z,403,37871681,570173595656498
570173625000000,37891,-0.044,0.255,0.981,16.65,-37.55,20.48,1,imu01,fusion_20260818T184228Z,404,37891677,570173615651839
570173640000000,37911,-0.112,0.199,0.954,-14.34,-47.01,65.7,1,imu01,fusion_20260818T184228Z,405,37911681,570173635655180
570173671000000,37931,-0.088,0.231,0.878,1.35,-35.26,60.6,1,imu01,fusion_20260818T184228Z,406,37931677,570173655650522
570173687000000,37951,-0.141,0.211,0.862,16.17,-20.2,51.03,1,imu01,fusion_20260818T184228Z,407,37951681,570173675653863
570173703000000,37971,0.024,0.17,1.048,40.6,-14.93,-3.42,1,imu01,fusion_20260818T184228Z,408,37971677,570173695649204
570173718000000,37991,-0.022,0.159,1.033,32.4,-18.93,8.56,1,imu01,fusion_20260818T184228Z,409,37991681,570173715652546
570173750000000,38011,0.01,0.182,1.021,28.22,-20.62,6.81,1,imu01,fusion_20260818T184228Z,410,38011677,570173735647887
570173765000000,38031,0.017,0.229,1.027,10.85,-21.8,28.7,1,imu01,fusion_20260818T184228Z,411,38031681,570173755651228
570173781000000,38051,0.015,0.181,1.065,-4.14,-24.19,33.1,1,imu01,fusion_20260818T184228Z,412,38051677,570173775646570
570173812000000,38071,-0.024,0.193,1.08,-1.92,-25.24,27.42,1,imu01,fusion_20260818T184228Z,413,38071681,570173795649911
570173828000000,38091,0.095,0.22,1.113,17.62,-36.09,8.98,1,imu01,fusion_20260818T184228Z,414,38091677,570173815645253
570173843000000,38111,0.035,0.236,1.023,25.71,-46.18,5.07,1,imu01,fusion_20260818T184228Z,415,38111681,570173835648594
570173859000000,38131,0.029,0.182,1.004,13.89,-39.53,18.92,1,imu01,fusion_20260818T184228Z,416,38131677,570173855643936
570173890000000,38151,0.1,0.235,1.046,10.56,-41.47,21.41,1,imu01,fusion_20260818T184228Z,417,38151679,570173875645277
570173906000000,38171,0.068,0.202,1.021,18.32,-41.06,14.29,1,imu01,fusion_20260818T184228Z,418,38171677,570173895642618
570173921000000,38191,0.116,0.207,1.059,16.85,-37.01,14.27,1,imu01,fusion_20260818T184228Z,419,38191681,570173915645960
570173953000000,38211,0.121,0.244,1.078,14.66,-38.03,11.58,1,imu01,fusion_20260818T184228Z,420,38211677,570173935641301
570173968000000,38231,0.103,0.246,1.038,18.72,-39.77,10.76,1,imu01,fusion_20260818T184228Z,421,38231681,570173955644642
570173984000000,38251,0.158,0.312,1.093,16.56,-37.57,7.0,1,imu01,fusion_20260818T184228Z,422,38251677,570173975639984
570174000000000,38271,0.147,0.271,1.067,19.59,-41.55,4.49,1,imu01,fusion_20260818T184228Z,423,38271681,570173995643325
570174031000000,38291,0.129,0.304,0.979,18.15,-44.99,7.08,1,imu01,fusion_20260818T184228Z,424,38291677,570174015638666
570174046000000,38311,0.122,0.287,0.901,16.5,-41.87,12.66,1,imu01,fusion_20260818T184228Z,425,38311681,570174035642008
570174062000000,38331,0.148,0.256,0.903,19.42,-34.51,18.77,1,imu01,fusion_20260818T184228Z,426,38331677,570174055637349
570174078000000,38351,0.137,0.225,0.863,21.46,-30.77,17.22,1,imu01,fusion_20260818T184228Z,427,38351681,570174075640690
570174109000000,38371,0.181,0.274,0.88,22.97,-24.27,11.7,1,imu01,fusion_20260818T184228Z,428,38371677,570174095636032
570174125000000,38391,0.176,0.28,0.866,27.22,-20.37,12.21,1,imu01,fusion_20260818T184228Z,429,38391681,570174115639373
570174140000000,38411,0.199,0.338,0.901,29.39,-17.1,15.27,1,imu01,fusion_20260818T184228Z,430,38411677,570174135634715
570174171000000,38431,0.234,0.292,0.953,30.98,-15.09,16.53,1,imu01,fusion_20260818T184228Z,431,38431681,570174155638056
570174187000000,38451,0.246,0.273,0.868,39.51,-19.16,5.78,1,imu01,fusion_20260818T184228Z,432,38451677,570174175633398
570174203000000,38471,0.243,0.275,0.847,32.04,-17.91,7.5,1,imu01,fusion_20260818T184228Z,433,38471681,570174195636739
570174218000000,38491,0.269,0.306,0.891,19.2,-15.13,16.62,1,imu01,fusion_20260818T184228Z,434,38491677,570174215632080
570174250000000,38511,0.265,0.373,0.9,10.87,-16.22,17.11,1,imu01,fusion_20260818T184228Z,435,38511681,570174235635422
570174265000000,38531,0.246,0.331,0.872,13.43,-18.8,15.61,1,imu01,fusion_20260818T184228Z,436,38531677,570174255630763
570174281000000,38551,0.22,0.374,0.829,18.59,-17.16,12.43,1,imu01,fusion_20260818T184228Z,437,38551681,570174275634104
570174312000000,38571,0.244,0.366,0.876,22.08,-10.51,11.73,1,imu01,fusion_20260818T184228Z,438,38571677,570174295629446
570174328000000,38591,0.262,0.358,0.918,23.03,-5.9,8.4,1,imu01,fusion_20260818T184228Z,439,38591681,570174315632787
570174343000000,38611,0.26,0.377,0.904,22.1,-7.61,6.75,1,imu01,fusion_20260818T184228Z,440,38611677,570174335628129
570174359000000,38631,0.261,0.342,0.915,16.0,-7.8,13.75,1,imu01,fusion_20260818T184228Z,441,38631681,570174355631470
570174390000000,38651,0.314,0.344,0.965,9.01,-5.19,17.04,1,imu01,fusion_20260818T184228Z,442,38651677,570174375626811
570174406000000,38671,0.292,0.303,0.913,9.99,-9.12,13.99,1,imu01,fusion_20260818T184228Z,443,38671681,570174395630153
570174421000000,38691,0.289,0.312,0.856,8.61,-10.64,11.15,1,imu01,fusion_20260818T184228Z,444,38691677,570174415625494
570174453000000,38711,0.316,0.312,0.88,4.88,-11.62,11.94,1,imu01,fusion_20260818T184228Z,445,38711681,570174435628835
570174468000000,38731,0.361,0.301,0.852,4.43,-14.59,7.83,1,imu01,fusion_20260818T184228Z,446,38731677,570174455624177
570174484000000,38751,0.322,0.27,0.744,7.29,-19.85,4.63,1,imu01,fusion_20260818T184228Z,447,38751681,570174475627518
570174500000000,38771,0.353,0.277,0.715,6.87,-18.8,4.15,1,imu01,fusion_20260818T184228Z,448,38771677,570174495622860
570174531000000,38791,0.366,0.322,0.642,12.23,-17.51,-3.89,1,imu01,fusion_20260818T184228Z,449,38791681,570174515626201
570174546000000,38811,0.344,0.365,0.657,20.3,-16.42,-5.91,1,imu01,fusion_20260818T184228Z,450,38811677,570174535621542
570174562000000,38831,0.393,0.337,0.752,23.25,-11.3,-5.08,1,imu01,fusion_20260818T184228Z,451,38831681,570174555624884
570174578000000,38851,0.466,0.468,0.822,14.46,-6.67,-9.17,1,imu01,fusion_20260818T184228Z,452,38851677,570174575620225
570174609000000,38871,0.411,0.439,0.792,23.31,-20.64,-11.63,1,imu01,fusion_20260818T184228Z,453,38871681,570174595623566
570174625000000,38891,0.472,0.53,0.859,23.23,-17.75,-13.06,1,imu01,fusion_20260818T184228Z,454,38891677,570174615618908
570174640000000,38911,0.498,0.536,0.855,22.82,-17.05,-10.45,1,imu01,fusion_20260818T184228Z,455,38911681,570174635622249
570174671000000,38931,0.488,0.531,0.792,31.76,-20.09,-18.32,1,imu01,fusion_20260818T184228Z,456,38931677,570174655617591
570174687000000,38951,0.454,0.503,0.671,42.47,-26.07,-21.35,1,imu01,fusion_20260818T184228Z,457,38951681,570174675620932
570174703000000,38971,0.397,0.528,0.616,55.53,-28.16,-16.05,1,imu01,fusion_20260818T184228Z,458,38971677,570174695616273
570174718000000,38991,0.413,0.575,0.707,49.33,-16.7,-2.69,1,imu01,fusion_20260818T184228Z,459,38991681,570174715619615
570174750000000,39011,0.513,0.572,0.817,36.58,-7.99,9.71,1,imu01,fusion_20260818T184228Z,460,39011677,570174735614956
570174765000000,39031,0.505,0.604,0.839,36.34,-10.57,9.35,1,imu01,fusion_20260818T184228Z,461,39031681,570174755618297
570174781000000,39051,0.487,0.564,0.798,43.51,-14.51,5.1,1,imu01,fusion_20260818T184228Z,462,39051677,570174775613639
570174812000000,39071,0.497,0.638,0.834,31.47,-10.35,7.95,1,imu01,fusion_20260818T184228Z,463,39071681,570174795616980
570174828000000,39091,0.535,0.628,0.916,19.22,-8.0,19.37,1,imu01,fusion_20260818T184228Z,464,39091677,570174815612322
570174843000000,39111,0.553,0.609,0.941,16.82,-14.24,21.55,1,imu01,fusion_20260818T184228Z,465,39111681,570174835615663
570174859000000,39131,0.491,0.552,0.795,25.03,-26.38,18.54,1,imu01,fusion_20260818T184228Z,466,39131677,570174855611004
570174890000000,39151,0.457,0.555,0.714,24.82,-28.68,21.73,1,imu01,fusion_20260818T184228Z,467,39151681,570174875614346
570174906000000,39171,0.431,0.494,0.664,20.19,-24.43,29.46,1,imu01,fusion_20260818T184228Z,468,39171677,570174895609687
570174921000000,39191,0.474,0.506,0.675,15.32,-17.06,32.74,1,imu01,fusion_20260818T184228Z,469,39191681,570174915613028
570174953000000,39211,0.473,0.456,0.68,15.46,-15.16,33.95,1,imu01,fusion_20260818T184228Z,470,39211677,570174935608370
570174968000000,39231,0.461,0.448,0.643,16.33,-15.16,32.77,1,imu01,fusion_20260818T184228Z,471,39231681,570174955611711
570174984000000,39251,0.429,0.455,0.601,16.42,-12.93,32.61,1,imu01,fusion_20260818T184228Z,472,39251677,570174975607053
570175000000000,39271,0.448,0.447,0.628,12.86,-5.19,32.42,1,imu01,fusion_20260818T184228Z,473,39271681,570174995610394
570175031000000,39291,0.456,0.464,0.658,8.9,1.51,31.05,1,imu01,fusion_20260818T184228Z,474,39291677,570175015605735
570175046000000,39311,0.472,0.429,0.709,4.84,4.1,33.42,1,imu01,fusion_20260818T184228Z,475,39311681,570175035609077
570175062000000,39331,0.484,0.396,0.711,0.58,4.04,32.27,1,imu01,fusion_20260818T184228Z,476,39331677,570175055604418
570175078000000,39351,0.511,0.38,0.676,-6.89,3.18,29.95,1,imu01,fusion_20260818T184228Z,477,39351681,570175075607759
570175109000000,39371,0.486,0.393,0.638,-7.18,0.85,27.91,1,imu01,fusion_20260818T184228Z,478,39371677,570175095603101
570175125000000,39391,0.501,0.403,0.642,-3.8,1.27,21.57,1,imu01,fusion_20260818T184228Z,479,39391681,570175115606442
570175140000000,39411,0.498,0.347,0.644,1.48,-1.8,16.73,1,imu01,fusion_20260818T184228Z,480,39411677,570175135601784
570175171000000,39431,0.506,0.38,0.593,0.3,-5.18,9.25,1,imu01,fusion_20260818T184228Z,481,39431681,570175155605125
570175187000000,39451,0.47,0.403,0.559,-2.92,-6.41,10.32,1,imu01,fusion_20260818T184228Z,482,39451677,570175175600466
570175203000000,39471,0.467,0.473,0.602,-9.06,-1.97,12.08,1,imu01,fusion_20260818T184228Z,483,39471681,570175195603808
570175218000000,39491,0.493,0.507,0.688,-3.32,3.3,7.02,1,imu01,fusion_20260818T184228Z,484,39491677,570175215599149
570175250000000,39511,0.506,0.496,0.745,4.97,3.98,-2.8,1,imu01,fusion_20260818T184228Z,485,39511681,570175235602490
570175265000000,39531,0.477,0.499,0.727,9.94,0.87,-4.97,1,imu01,fusion_20260818T184228Z,486,39531677,570175255597832
570175281000000,39551,0.482,0.509,0.764,3.26,0.15,-0.35,1,imu01,fusion_20260818T184228Z,487,39551681,570175275601173
570175312000000,39571,0.457,0.486,0.731,-3.21,-2.42,5.2,1,imu01,fusion_20260818T184228Z,488,39571677,570175295596515
570175328000000,39591,0.445,0.477,0.682,-6.98,-1.95,8.26,1,imu01,fusion_20260818T184228Z,489,39591681,570175315599856
570175343000000,39611,0.427,0.449,0.659,-8.07,2.68,10.01,1,imu01,fusion_20260818T184228Z,490,39611677,570175335595198
570175359000000,39631,0.428,0.391,0.629,-9.97,10.05,7.73,1,imu01,fusion_20260818T184228Z,491,39631681,570175355598539
570175390000000,39651,0.464,0.386,0.618,-12.06,16.39,3.1,1,imu01,fusion_20260818T184228Z,492,39651677,570175375593880
570175406000000,39671,0.469,0.37,0.607,-12.48,19.36,3.41,1,imu01,fusion_20260818T184228Z,493,39671681,570175395597222
570175421000000,39691,0.455,0.394,0.608,-12.16,22.31,2.37,1,imu01,fusion_20260818T184228Z,494,39691677,570175415592563
570175453000000,39711,0.471,0.431,0.649,-13.0,29.67,-0.17,1,imu01,fusion_20260818T184228Z,495,39711681,570175435595904
570175468000000,39731,0.473,0.389,0.698,-15.11,35.25,-2.08,1,imu01,fusion_20260818T184228Z,496,39731677,570175455591246
570175484000000,39751,0.46,0.393,0.725,-19.23,37.33,0.05,1,imu01,fusion_20260818T184228Z,497,39751681,570175475594587
570175500000000,39771,0.454,0.359,0.731,-24.12,38.57,-1.73,1,imu01,fusion_20260818T184228Z,498,39771677,570175495589928
570175531000000,39791,0.439,0.338,0.727,-34.18,38.14,-0.9,1,imu01,fusion_20260818T184228Z,499,39791681,570175515593270
570175546000000,39811,0.415,0.318,0.705,-39.54,39.87,-3.66,1,imu01,fusion_20260818T184228Z,500,39811677,570175535588611
570175562000000,39831,0.427,0.288,0.69,-45.77,44.74,-6.27,1,imu01,fusion_20260818T184228Z,501,39831681,570175555591952
570175578000000,39851,0.474,0.327,0.772,-46.92,49.61,-15.19,1,imu01,fusion_20260818T184228Z,502,39851677,570175575587294
570175609000000,39871,0.427,0.285,0.717,-43.19,44.95,-21.43,1,imu01,fusion_20260818T184228Z,503,39871681,570175595590635
570175625000000,39891,0.42,0.264,0.718,-43.88,45.26,-22.86,1,imu01,fusion_20260818T184228Z,504,39891677,570175615585977
570175640000000,39911,0.396,0.379,0.763,-45.73,47.64,-29.05,1,imu01,fusion_20260818T184228Z,505,39911681,570175635589318
570175671000000,39931,0.382,0.379,0.815,-44.28,47.08,-28.81,1,imu01,fusion_20260818T184228Z,506,39931677,570175655584660
570175687000000,39951,0.33,0.387,0.791,-34.01,42.95,-30.14,1,imu01,fusion_20260818T184228Z,507,39951681,570175675588001
570175703000000,39971,0.335,0.369,0.854,-32.09,47.01,-32.4,1,imu01,fusion_20260818T184228Z,508,39971677,570175695583342
570175718000000,39991,0.367,0.381,0.973,-33.29,48.46,-31.53,1,imu01,fusion_20260818T184228Z,509,39991681,570175715586684
570175750000000,40011,0.324,0.439,0.971,-27.19,42.7,-37.58,1,imu01,fusion_20260818T184228Z,510,40011677,570175735582025
570175765000000,40031,0.293,0.49,0.993,-21.55,39.35,-38.6,1,imu01,fusion_20260818T184228Z,511,40031681,570175755585366
570175781000000,40051,0.288,0.485,1.024,-12.09,37.49,-35.97,1,imu01,fusion_20260818T184228Z,512,40051677,570175775580708
570175812000000,40071,0.323,0.515,1.063,2.54,35.0,-41.67,1,imu01,fusion_20260818T184228Z,513,40071681,570175795584049
570175828000000,40091,0.297,0.462,1.04,9.59,28.58,-41.45,1,imu01,fusion_20260818T184228Z,514,40091677,570175815579390
570175843000000,40111,0.271,0.456,0.98,9.59,21.52,-40.28,1,imu01,fusion_20260818T184228Z,515,40111681,570175835582732
570175859000000,40131,0.253,0.443,0.939,-0.2,19.88,-37.05,1,imu01,fusion_20260818T184228Z,516,40131677,570175855578073
570175890000000,40151,0.259,0.461,0.919,-9.7,18.88,-30.54,1,imu01,fusion_20260818T184228Z,517,40151679,570175875579414
570175906000000,40171,0.243,0.424,0.914,-15.5,15.96,-20.85,1,imu01,fusion_20260818T184228Z,518,40171677,570175895576756
570175921000000,40191,0.235,0.442,0.897,-14.18,12.19,-17.47,1,imu01,fusion_20260818T184228Z,519,40191681,570175915580097
570175953000000,40211,0.223,0.417,0.887,-13.77,13.86,-15.52,1,imu01,fusion_20260818T184228Z,520,40211677,570175935575439
570175968000000,40231,0.229,0.378,0.932,-16.53,16.48,-9.98,1,imu01,fusion_20260818T184228Z,521,40231681,570175955578780
570175984000000,40251,0.242,0.331,0.956,-18.12,15.56,-9.38,1,imu01,fusion_20260818T184228Z,522,40251677,570175975574122
570176000000000,40271,0.233,0.319,0.943,-19.47,10.97,-10.27,1,imu01,fusion_20260818T184228Z,523,40271681,570175995577463
570176031000000,40291,0.237,0.305,0.957,-21.69,5.1,-7.84,1,imu01,fusion_20260818T184228Z,524,40291677,570176015572804
570176046000000,40311,0.204,0.287,0.898,-19.6,1.23,-10.69,1,imu01,fusion_20260818T184228Z,525,40311681,570176035576146
570176062000000,40331,0.218,0.299,0.885,-16.74,3.05,-16.29,1,imu01,fusion_20260818T184228Z,526,40331677,570176055571487
570176093000000,40351,0.217,0.286,0.895,-12.02,6.73,-18.47,1,imu01,fusion_20260818T184228Z,527,40351681,570176075574828
570176109000000,40371,0.223,0.344,0.928,-3.57,10.02,-22.34,1,imu01,fusion_20260818T184228Z,528,40371677,570176095570170
570176125000000,40391,0.216,0.344,0.961,2.65,12.04,-23.7,1,imu01,fusion_20260818T184228Z,529,40391681,570176115573511
570176140000000,40411,0.195,0.34,0.991,10.22,11.57,-26.23,1,imu01,fusion_20260818T184228Z,530,40411677,570176135568852
570176171000000,40431,0.185,0.345,0.992,15.55,8.94,-26.34,1,imu01,fusion_20260818T184228Z,531,40431681,570176155572194
570176187000000,40451,0.187,0.332,1.011,11.11,5.56,-24.63,1,imu01,fusion_20260818T184228Z,532,40451677,570176175567535
570176203000000,40471,0.202,0.342,0.971,-3.2,0.97,-21.56,1,imu01,fusion_20260818T184228Z,533,40471681,570176195570876
570176218000000,40491,0.176,0.335,0.947,-25.09,-2.55,-17.07,1,imu01,fusion_20260818T184228Z,534,40491677,570176215566218
570176250000000,40511,0.148,0.348,0.905,-34.13,-6.09,-8.97,1,imu01,fusion_20260818T184228Z,535,40511681,570176235569559
570176265000000,40531,0.151,0.308,0.884,-23.9,-7.61,-7.85,1,imu01,fusion_20260818T184228Z,536,40531677,570176255564901
570176281000000,40551,0.118,0.246,0.849,-15.9,-5.26,-9.14,1,imu01,fusion_20260818T184228Z,537,40551681,570176275568242
570176312000000,40571,0.132,0.232,0.874,-23.55,-1.52,-4.84,1,imu01,fusion_20260818T184228Z,538,40571677,570176295563584
570176328000000,40591,0.107,0.22,0.865,-25.99,1.5,-3.85,1,imu01,fusion_20260818T184228Z,539,40591681,570176315566925
570176343000000,40611,0.144,0.217,0.911,-23.41,6.08,-9.2,1,imu01,fusion_20260818T184228Z,540,40611677,570176335562266
570176359000000,40631,0.14,0.248,0.958,-25.91,7.57,-7.2,1,imu01,fusion_20260818T184228Z,541,40631681,570176355565608
570176390000000,40651,0.116,0.223,0.985,-21.75,5.74,-8.45,1,imu01,fusion_20260818T184228Z,542,40651677,570176375560949
570176406000000,40671,0.099,0.207,0.957,-12.9,5.18,-14.11,1,imu01,fusion_20260818T184228Z,543,40671681,570176395564290
570176421000000,40691,0.105,0.22,0.984,-9.25,5.23,-19.27,1,imu01,fusion_20260818T184228Z,544,40691677,570176415559632
570176453000000,40711,0.116,0.232,0.988,-8.92,4.18,-20.43,1,imu01,fusion_20260818T184228Z,545,40711681,570176435562973
570176468000000,40731,0.077,0.259,1.019,-12.38,6.65,-21.72,1,imu01,fusion_20260818T184228Z,546,40731677,570176455558314
570176484000000,40751,0.119,0.31,1.061,-9.51,6.91,-22.28,1,imu01,fusion_20260818T184228Z,547,40751681,570176475561656
570176500000000,40771,0.11,0.301,1.003,-3.09,4.38,-21.29,1,imu01,fusion_20260818T184228Z,548,40771677,570176495556997
570176531000000,40791,0.109,0.259,0.964,1.61,5.91,-20.25,1,imu01,fusion_20260818T184228Z,549,40791681,570176515560338
570176546000000,40811,0.149,0.245,0.97,7.65,6.76,-18.17,1,imu01,fusion_20260818T184228Z,550,40811677,570176535555680
570176562000000,40831,0.127,0.216,0.921,4.38,6.43,-15.58,1,imu01,fusion_20260818T184228Z,551,40831681,570176555559021
570176593000000,40851,0.14,0.226,0.891,-2.05,6.82,-13.92,1,imu01,fusion_20260818T184228Z,552,40851677,570176575554363
570176609000000,40871,0.11,0.229,0.881,-7.8,4.33,-5.14,1,imu01,fusion_20260818T184228Z,553,40871681,570176595557704
570176625000000,40891,0.121,0.276,0.928,-11.35,4.03,3.08,1,imu01,fusion_20260818T184228Z,554,40891677,570176615553046
570176640000000,40911,0.102,0.259,1.0,-14.19,2.98,10.89,1,imu01,fusion_20260818T184228Z,555,40911681,570176635556387
570176671000000,40931,0.122,0.276,1.054,-4.03,2.06,7.99,1,imu01,fusion_20260818T184228Z,556,40931677,570176655551728
570176687000000,40951,0.049,0.259,0.998,8.63,0.12,3.24,1,imu01,fusion_20260818T184228Z,557,40951681,570176675555070
570176703000000,40971,0.047,0.246,1.001,12.34,3.49,1.05,1,imu01,fusion_20260818T184228Z,558,40971677,570176695550411
570176718000000,40991,0.065,0.252,1.002,11.77,5.84,3.51,1,imu01,fusion_20260818T184228Z,559,40991681,570176715553752
570176750000000,41011,0.016,0.253,0.939,12.17,8.58,4.73,1,imu01,fusion_20260818T184228Z,560,41011677,570176735549094
570176765000000,41031,0.059,0.225,0.961,9.43,12.13,9.7,1,imu01,fusion_20260818T184228Z,561,41031681,570176755552435
570176781000000,41051,0.038,0.203,0.91,5.04,10.61,13.09,1,imu01,fusion_20260818T184228Z,562,41051677,570176775547777
570176812000000,41071,0.057,0.264,0.941,1.23,9.42,14.64,1,imu01,fusion_20260818T184228Z,563,41071681,570176795551118
570176828000000,41091,0.069,0.238,0.943,1.99,8.72,14.28,1,imu01,fusion_20260818T184228Z,564,41091677,570176815546459
570176843000000,41111,0.085,0.244,0.961,0.72,6.59,12.94,1,imu01,fusion_20260818T184228Z,565,41111681,570176835549801
570176859000000,41131,0.067,0.233,0.921,3.13,2.06,10.99,1,imu01,fusion_20260818T184228Z,566,41131677,570176855545142
570176890000000,41151,0.043,0.245,0.943,1.97,-0.33,15.01,1,imu01,fusion_20260818T184228Z,567,41151681,570176875548483
570176906000000,41171,0.074,0.278,1.035,-2.52,3.92,15.37,1,imu01,fusion_20260818T184228Z,568,41171677,570176895543825
570176921000000,41191,0.079,0.28,1.046,9.9,2.78,5.6,1,imu01,fusion_20260818T184228Z,569,41191681,570176915547166
570176953000000,41211,0.098,0.279,0.988,27.16,-3.37,-6.19,1,imu01,fusion_20260818T184228Z,570,41211677,570176935542508
570176968000000,41231,0.067,0.325,0.933,26.36,-7.41,-7.35,1,imu01,fusion_20260818T184228Z,571,41231681,570176955545849
570176984000000,41251,0.05,0.336,0.888,17.18,-7.67,-4.21,1,imu01,fusion_20260818T184228Z,572,41251677,570176975541190
570177000000000,41271,0.047,0.35,0.876,15.49,-3.18,-5.27,1,imu01,fusion_20260818T184228Z,573,41271681,570176995544532
570177031000000,41291,0.049,0.379,0.881,11.6,1.2,-3.73,1,imu01,fusion_20260818T184228Z,574,41291677,570177015539873
570177046000000,41311,0.036,0.405,0.909,9.23,4.91,-1.54,1,imu01,fusion_20260818T184228Z,575,41311681,570177035543214
570177062000000,41331,0.048,0.41,0.967,8.62,7.61,0.42,1,imu01,fusion_20260818T184228Z,576,41331677,570177055538556
570177078000000,41351,0.06,0.416,0.966,9.01,9.49,0.43,1,imu01,fusion_20260818T184228Z,577,41351681,570177075541897
570177109000000,41371,0.018,0.38,0.951,4.53,11.03,4.04,1,imu01,fusion_20260818T184228Z,578,41371677,570177095537239
570177125000000,41391,0.044,0.326,0.955,-1.1,12.72,7.34,1,imu01,fusion_20260818T184228Z,579,41391681,570177115540580
570177140000000,41411,-0.005,0.325,0.954,-6.38,11.09,8.53,1,imu01,fusion_20260818T184228Z,580,41411677,570177135535921
570177171000000,41431,0.02,0.298,0.951,-11.58,11.02,10.84,1,imu01,fusion_20260818T184228Z,581,41431681,570177155539263
570177187000000,41451,0.011,0.218,0.917,-15.66,9.32,8.1,1,imu01,fusion_20260818T184228Z,582,41451677,570177175534604
570177203000000,41471,-0.019,0.244,0.927,-8.86,7.93,1.18,1,imu01,fusion_20260818T184228Z,583,41471681,570177195537945
570177218000000,41491,0.035,0.231,0.991,-18.15,8.45,2.95,1,imu01,fusion_20260818T184228Z,584,41491677,570177215533287
570177250000000,41511,0.015,0.228,0.972,-25.46,7.62,-3.84,1,imu01,fusion_20260818T184228Z,585,41511681,570177235536628
570177265000000,41531,-0.011,0.269,0.981,-25.92,6.79,-7.66,1,imu01,fusion_20260818T184228Z,586,41531677,570177255531970
570177281000000,41551,0.035,0.327,1.027,-21.77,9.49,-9.51,1,imu01,fusion_20260818T184228Z,587,41551681,570177275535311
570177312000000,41571,0.08,0.3,1.08,-17.15,11.66,-10.24,1,imu01,fusion_20260818T184228Z,588,41571677,570177295530652
570177328000000,41591,0.07,0.277,1.062,-16.14,7.13,-12.42,1,imu01,fusion_20260818T184228Z,589,41591681,570177315533994
570177343000000,41611,0.08,0.278,1.031,-16.48,1.39,-12.21,1,imu01,fusion_20260818T184228Z,590,41611677,570177335529335
570177359000000,41631,0.077,0.25,1.034,-19.05,-2.42,-12.97,1,imu01,fusion_20260818T184228Z,591,41631681,570177355532676
570177390000000,41651,0.058,0.259,0.994,-20.68,-4.35,-14.49,1,imu01,fusion_20260818T184228Z,592,41651677,570177375528018
570177406000000,41671,0.017,0.255,1.044,-25.56,-0.8,-12.13,1,imu01,fusion_20260818T184228Z,593,41671681,570177395531359
570177421000000,41691,0.068,0.279,1.186,-27.67,5.29,-10.18,1,imu01,fusion_20260818T184228Z,594,41691677,570177415526701
570177453000000,41711,0.102,0.287,1.19,-11.66,2.75,-22.73,1,imu01,fusion_20260818T184228Z,595,41711681,570177435530042
570177468000000,41731,0.066,0.246,1.053,9.97,-3.01,-33.7,1,imu01,fusion_20260818T184228Z,596,41731677,570177455525383
570177484000000,41751,0.05,0.18,0.938,23.23,-5.72,-39.77,1,imu01,fusion_20260818T184228Z,597,41751681,570177475528725
570177500000000,41771,0.059,0.211,0.929,12.26,-5.03,-32.77,1,imu01,fusion_20260818T184228Z,598,41771677,570177495524066
570177531000000,41791,0.033,0.226,0.942,-3.62,-7.23,-21.66,1,imu01,fusion_20260818T184228Z,599,41791681,570177515527407
570177546000000,41811,0.068,0.222,0.95,-17.97,-8.69,-10.34,1,imu01,fusion_20260818T184228Z,600,41811677,570177535522749
570177562000000,41831,0.054,0.192,0.963,-24.45,-10.2,-4.86,1,imu01,fusion_20260818T184228Z,601,41831681,570177555526090
570177578000000,41851,0.051,0.177,0.965,-27.25,-12.45,-2.1,1,imu01,fusion_20260818T184228Z,602,41851677,570177575521432
570177609000000,41871,0.027,0.179,0.907,-23.53,-11.54,-4.06,1,imu01,fusion_20260818T184228Z,603,41871681,570177595524773
570177625000000,41891,0.019,0.212,0.931,-13.15,-6.05,-7.79,1,imu01,fusion_20260818T184228Z,604,41891677,570177615520114
570177640000000,41911,0.045,0.201,0.95,-5.67,1.52,-7.91,1,imu01,fusion_20260818T184228Z,605,41911681,570177635523456
570177671000000,41931,0.058,0.18,0.992,-2.64,6.75,-9.38,1,imu01,fusion_20260818T184228Z,606,41931677,570177655518797
570177687000000,41951,0.057,0.188,0.993,2.17,4.43,-11.63,1,imu01,fusion_20260818T184228Z,607,41951681,570177675522138
570177703000000,41971,0.031,0.168,0.94,5.69,1.69,-13.34,1,imu01,fusion_20260818T184228Z,608,41971677,570177695517480
570177718000000,41991,0.021,0.229,0.902,4.94,2.72,-10.74,1,imu01,fusion_20260818T184228Z,609,41991681,570177715520821
570177750000000,42011,0.023,0.202,0.878,5.98,4.96,-4.47,1,imu01,fusion_20260818T184228Z,610,42011677,570177735516163
570177765000000,42031,0.059,0.165,0.953,5.87,9.6,-1.58,1,imu01,fusion_20260818T184228Z,611,42031681,570177755519504
570177781000000,42051,0.031,0.164,0.914,10.2,6.6,-1.08,1,imu01,fusion_20260818T184228Z,612,42051677,570177775514846
570177812000000,42071,-0.001,0.17,0.9,12.55,6.91,-0.08,1,imu01,fusion_20260818T184228Z,613,42071681,570177795518187
570177828000000,42091,0.009,0.213,0.967,11.28,11.3,2.87,1,imu01,fusion_20260818T184228Z,614,42091677,570177815513528
570177843000000,42111,0.027,0.209,1.028,7.07,14.13,8.67,1,imu01,fusion_20260818T184228Z,615,42111681,570177835516869
570177859000000,42131,0.033,0.19,1.065,5.71,12.27,12.24,1,imu01,fusion_20260818T184228Z,616,42131677,570177855512211
570177890000000,42151,0.021,0.213,1.051,3.85,8.25,12.86,1,imu01,fusion_20260818T184228Z,617,42151679,570177875513552
570177906000000,42171,0.008,0.234,1.014,3.07,6.49,13.3,1,imu01,fusion_20260818T184228Z,618,42171677,570177895510894
570177921000000,42191,-0.006,0.179,0.979,2.98,7.97,12.05,1,imu01,fusion_20260818T184228Z,619,42191681,570177915514235
570177953000000,42211,0.038,0.192,1.008,7.85,8.77,9.52,1,imu01,fusion_20260818T184228Z,620,42211677,570177935509576
570177968000000,42231,0.01,0.185,0.948,13.05,5.59,7.43,1,imu01,fusion_20260818T184228Z,621,42231681,570177955512918
570177984000000,42251,0.008,0.194,0.97,14.89,4.68,7.34,1,imu01,fusion_20260818T184228Z,622,42251677,570177975508259
570178000000000,42271,0.005,0.185,0.987,9.28,3.58,11.92,1,imu01,fusion_20260818T184228Z,623,42271681,570177995511600
570178031000000,42291,-0.003,0.2,1.002,6.15,-0.0,11.22,1,imu01,fusion_20260818T184228Z,624,42291677,570178015506942
570178046000000,42311,-0.001,0.186,0.956,8.79,-5.22,6.17,1,imu01,fusion_20260818T184228Z,625,42311681,570178035510283
570178062000000,42331,0.0,0.225,0.939,13.39,-9.31,2.24,1,imu01,fusion_20260818T184228Z,626,42331677,570178055505625
570178078000000,42351,0.015,0.211,0.954,12.81,-9.52,4.62,1,imu01,fusion_20260818T184228Z,627,42351681,570178075508966
570178109000000,42371,0.022,0.265,1.016,9.57,-7.72,6.18,1,imu01,fusion_20260818T184228Z,628,42371677,570178095504308
570178125000000,42391,0.045,0.291,1.043,4.91,-7.1,8.37,1,imu01,fusion_20260818T184228Z,629,42391681,570178115507649
570178140000000,42411,0.069,0.251,1.072,2.49,-7.91,10.0,1,imu01,fusion_20260818T184228Z,630,42411677,570178135502990
570178171000000,42431,0.061,0.271,1.074,0.67,-11.36,8.82,1,imu01,fusion_20260818T184228Z,631,42431681,570178155506332
570178187000000,42451,0.054,0.252,1.06,-4.08,-16.19,10.32,1,imu01,fusion_20260818T184228Z,632,42451677,570178175501673
570178203000000,42471,0.054,0.233,1.011,-12.22,-19.2,11.33,1,imu01,fusion_20260818T184228Z,633,42471681,570178195505014
570178218000000,42491,0.043,0.242,0.962,-11.43,-17.99,8.73,1,imu01,fusion_20260818T184228Z,634,42491677,570178215500356
570178250000000,42511,0.048,0.209,0.905,-5.5,-13.96,4.22,1,imu01,fusion_20260818T184228Z,635,42511681,570178235503697
570178265000000,42531,0.038,0.253,0.864,0.96,-7.44,-0.67,1,imu01,fusion_20260818T184228Z,636,42531677,570178255499038
570178281000000,42551,0.049,0.265,0.896,9.07,-1.64,-6.46,1,imu01,fusion_20260818T184228Z,637,42551681,570178275502380
570178312000000,42571,0.062,0.291,0.925,6.68,1.44,-5.24,1,imu01,fusion_20260818T184228Z,638,42571677,570178295497721
570178328000000,42591,0.048,0.299,0.928,3.09,2.27,-1.76,1,imu01,fusion_20260818T184228Z,639,42591681,570178315501062
570178343000000,42611,0.046,0.291,0.931,-1.75,3.74,2.47,1,imu01,fusion_20260818T184228Z,640,42611677,570178335496404
570178359000000,42631,0.048,0.312,0.952,-4.93,4.81,5.05,1,imu01,fusion_20260818T184228Z,641,42631681,570178355499745
570178390000000,42651,0.051,0.266,0.982,-7.67,5.63,8.61,1,imu01,fusion_20260818T184228Z,642,42651677,570178375495087
570178406000000,42671,0.048,0.251,1.0,-11.49,4.99,10.83,1,imu01,fusion_20260818T184228Z,643,42671681,570178395498428
570178421000000,42691,0.057,0.247,1.013,-13.73,3.22,11.06,1,imu01,fusion_20260818T184228Z,644,42691677,570178415493770
570178453000000,42711,0.062,0.242,1.011,-15.65,3.11,10.0,1,imu01,fusion_20260818T184228Z,645,42711681,570178435497111
570178468000000,42731,0.074,0.228,1.035,-14.46,2.46,7.79,1,imu01,fusion_20260818T184228Z,646,42731677,570178455492452
570178484000000,42751,0.048,0.228,0.984,-12.45,-0.19,4.31,1,imu01,fusion_20260818T184228Z,647,42751681,570178475495794
570178500000000,42771,0.045,0.254,0.963,-11.02,0.56,-0.13,1,imu01,fusion_20260818T184228Z,648,42771677,570178495491135
570178531000000,42791,0.036,0.233,0.952,-7.74,2.18,-1.85,1,imu01,fusion_20260818T184228Z,649,42791681,570178515494476
570178546000000,42811,0.054,0.253,0.967,-5.13,2.81,-3.7,1,imu01,fusion_20260818T184228Z,650,42811677,570178535489818
570178562000000,42831,0.036,0.202,0.915,-3.31,1.38,-5.78,1,imu01,fusion_20260818T184228Z,651,42831681,570178555493159
570178593000000,42851,0.014,0.271,0.914,-7.14,0.78,-5.52,1,imu01,fusion_20260818T184228Z,652,42851677,570178575488500
570178609000000,42871,0.042,0.257,0.985,-12.54,3.41,-1.91,1,imu01,fusion_20260818T184228Z,653,42871681,570178595491842
570178625000000,42891,0.033,0.213,0.987,-11.47,1.66,-3.37,1,imu01,fusion_20260818T184228Z,654,42891677,570178615487183
570178640000000,42911,0.028,0.267,0.952,-11.61,0.14,-9.32,1,imu01,fusion_20260818T184228Z,655,42911681,570178635490524
570178671000000,42931,0.032,0.239,0.953,-9.73,0.26,-10.85,1,imu01,fusion_20260818T184228Z,656,42931677,570178655485866
570178687000000,42951,0.04,0.226,0.986,-10.86,2.06,-11.2,1,imu01,fusion_20260818T184228Z,657,42951681,570178675489207
570178703000000,42971,0.054,0.224,1.015,-13.67,1.69,-10.44,1,imu01,fusion_20260818T184228Z,658,42971677,570178695484549
570178718000000,42991,0.038,0.232,1.007,-11.33,0.74,-11.62,1,imu01,fusion_20260818T184228Z,659,42991681,570178715487890
570178750000000,43011,0.06,0.211,1.054,-7.73,2.69,-11.62,1,imu01,fusion_20260818T184228Z,660,43011677,570178735483232
570178765000000,43031,0.072,0.207,1.073,-4.72,2.2,-10.4,1,imu01,fusion_20260818T184228Z,661,43031681,570178755486573
570178781000000,43051,0.046,0.141,1.066,-3.51,-0.32,-9.96,1,imu01,fusion_20260818T184228Z,662,43051677,570178775481914
570178812000000,43071,0.038,0.169,0.998,-5.57,-4.35,-16.63,1,imu01,fusion_20260818T184228Z,663,43071681,570178795485256
570178828000000,43091,0.022,0.178,0.932,-1.79,-5.01,-17.71,1,imu01,fusion_20260818T184228Z,664,43091677,570178815480597
570178843000000,43111,0.025,0.177,0.908,-0.5,-2.77,-15.77,1,imu01,fusion_20260818T184228Z,665,43111681,570178835483938
570178859000000,43131,0.036,0.171,0.928,-0.9,-0.79,-12.02,1,imu01,fusion_20260818T184228Z,666,43131677,570178855479280
570178890000000,43151,0.026,0.144,0.935,0.53,0.49,-10.91,1,imu01,fusion_20260818T184228Z,667,43151681,570178875482621
570178906000000,43171,0.054,0.117,0.982,-3.48,1.22,-9.21,1,imu01,fusion_20260818T184228Z,668,43171677,570178895477962
570178921000000,43191,0.041,0.147,0.962,-2.43,-2.03,-7.89,1,imu01,fusion_20260818T184228Z,669,43191681,570178915481304
570178953000000,43211,0.041,0.145,0.969,-2.26,-2.06,-5.22,1,imu01,fusion_20260818T184228Z,670,43211677,570178935476645
570178968000000,43231,0.051,0.15,0.986,0.64,-3.13,-3.53,1,imu01,fusion_20260818T184228Z,671,43231681,570178955479986
570178984000000,43251,0.06,0.161,1.002,2.06,-2.66,-2.4,1,imu01,fusion_20260818T184228Z,672,43251677,570178975475328
570179000000000,43271,0.059,0.162,1.008,7.07,-3.51,-2.9,1,imu01,fusion_20260818T184228Z,673,43271681,570178995478669
570179031000000,43291,0.05,0.146,0.986,8.58,-4.13,-3.45,1,imu01,fusion_20260818T184228Z,674,43291677,570179015474011
570179046000000,43311,0.082,0.194,1.03,5.23,-3.24,-3.18,1,imu01,fusion_20260818T184228Z,675,43311681,570179035477352
570179062000000,43331,0.076,0.181,1.013,5.07,-5.56,-0.85,1,imu01,fusion_20260818T184228Z,676,43331677,570179055472694
570179078000000,43351,0.066,0.18,0.997,4.13,-6.95,2.27,1,imu01,fusion_20260818T184228Z,677,43351681,570179075476035
570179109000000,43371,0.067,0.191,1.005,0.05,-7.72,7.89,1,imu01,fusion_20260818T184228Z,678,43371677,570179095471376
570179125000000,43391,0.059,0.149,0.964,2.03,-7.47,9.26,1,imu01,fusion_20260818T184228Z,679,43391681,570179115474718
570179140000000,43411,0.066,0.154,0.954,2.32,-4.9,7.79,1,imu01,fusion_20260818T184228Z,680,43411677,570179135470059
570179171000000,43431,0.061,0.151,0.939,3.78,-3.56,7.39,1,imu01,fusion_20260818T184228Z,681,43431681,570179155473400
570179187000000,43451,0.077,0.127,0.949,4.25,-0.71,8.21,1,imu01,fusion_20260818T184228Z,682,43451677,570179175468742
570179203000000,43471,0.055,0.105,0.955,0.99,0.84,8.65,1,imu01,fusion_20260818T184228Z,683,43471681,570179195472083
570179218000000,43491,0.038,0.149,0.95,-2.93,0.16,8.11,1,imu01,fusion_20260818T184228Z,684,43491677,570179215467425
570179250000000,43511,0.034,0.17,0.999,-6.9,1.37,11.06,1,imu01,fusion_20260818T184228Z,685,43511681,570179235470766
570179265000000,43531,0.05,0.174,1.053,-3.19,3.81,9.79,1,imu01,fusion_20260818T184228Z,686,43531677,570179255466107
570179281000000,43551,0.069,0.16,1.064,1.7,3.45,6.7,1,imu01,fusion_20260818T184228Z,687,43551681,570179275469449
570179312000000,43571,0.07,0.143,1.034,3.37,-2.04,3.83,1,imu01,fusion_20260818T184228Z,688,43571677,570179295464790
570179328000000,43591,0.072,0.174,0.981,1.41,-7.47,2.46,1,imu01,fusion_20260818T184228Z,689,43591681,570179315468131
570179343000000,43611,0.051,0.188,0.938,-2.12,-10.88,5.3,1,imu01,fusion_20260818T184228Z,690,43611677,570179335463473
570179359000000,43631,0.061,0.165,0.959,-3.22,-9.01,7.21,1,imu01,fusion_20260818T184228Z,691,43631681,570179355466814
570179390000000,43651,0.068,0.173,0.974,-0.95,-5.09,1.57,1,imu01,fusion_20260818T184228Z,692,43651677,570179375462156
570179406000000,43671,0.058,0.189,0.949,4.88,-5.14,-4.65,1,imu01,fusion_20260818T184228Z,693,43671681,570179395465497
570179421000000,43691,0.074,0.211,0.962,6.36,-2.99,-6.77,1,imu01,fusion_20260818T184228Z,694,43691677,570179415460838
570179437000000,43711,0.086,0.217,0.979,4.27,-2.61,-3.98,1,imu01,fusion_20260818T184228Z,695,43711681,570179435464180
570179468000000,43731,0.08,0.214,0.955,0.61,-3.82,-0.72,1,imu01,fusion_20260818T184228Z,696,43731677,570179455459521
570179484000000,43751,0.081,0.21,0.958,-1.93,-2.22,1.79,1,imu01,fusion_20260818T184228Z,697,43751681,570179475462862
570179500000000,43771,0.076,0.226,0.955,-1.88,-1.84,3.03,1,imu01,fusion_20260818T184228Z,698,43771677,570179495458204
570179531000000,43791,0.059,0.22,0.957,0.36,0.16,4.56,1,imu01,fusion_20260818T184228Z,699,43791681,570179515461545
570179546000000,43811,0.066,0.218,0.981,5.17,1.58,5.55,1,imu01,fusion_20260818T184228Z,700,43811677,570179535456887
570179562000000,43831,0.057,0.201,0.998,6.34,2.01,8.15,1,imu01,fusion_20260818T184228Z,701,43831681,570179555460228
570179578000000,43851,0.069,0.185,1.042,2.25,3.42,9.11,1,imu01,fusion_20260818T184228Z,702,43851677,570179575455569
570179609000000,43871,0.08,0.202,1.037,0.67,1.46,4.37,1,imu01,fusion_20260818T184228Z,703,43871681,570179595458911
570179625000000,43891,0.015,0.174,0.989,-4.15,-1.87,4.7,1,imu01,fusion_20260818T184228Z,704,43891677,570179615454252
570179640000000,43911,0.071,0.177,0.98,-2.77,-2.96,5.89,1,imu01,fusion_20260818T184228Z,705,43911681,570179635457593
570179671000000,43931,0.068,0.175,0.962,-0.86,-4.48,4.6,1,imu01,fusion_20260818T184228Z,706,43931677,570179655452935
570179687000000,43951,0.051,0.182,0.927,-1.05,-4.84,3.57,1,imu01,fusion_20260818T184228Z,707,43951681,570179675456276
570179703000000,43971,0.077,0.165,0.954,0.38,-2.47,2.53,1,imu01,fusion_20260818T184228Z,708,43971677,570179695451618
570179718000000,43991,0.068,0.182,0.934,1.65,-1.06,-1.41,1,imu01,fusion_20260818T184228Z,709,43991681,570179715454959
570179750000000,44011,0.067,0.193,0.938,-0.08,-0.78,-0.11,1,imu01,fusion_20260818T184228Z,710,44011677,570179735450300
570179765000000,44031,0.08,0.21,0.977,0.02,2.18,0.77,1,imu01,fusion_20260818T184228Z,711,44031681,570179755453642
570179781000000,44051,0.09,0.204,0.989,6.49,3.73,-2.8,1,imu01,fusion_20260818T184228Z,712,44051677,570179775448983
570179812000000,44071,0.081,0.213,0.978,7.72,2.97,-2.95,1,imu01,fusion_20260818T184228Z,713,44071681,570179795452324
570179828000000,44091,0.08,0.224,0.991,3.53,2.08,0.3,1,imu01,fusion_20260818T184228Z,714,44091677,570179815447666
570179843000000,44111,0.087,0.203,0.998,-0.54,0.81,4.05,1,imu01,fusion_20260818T184228Z,715,44111681,570179835451007
570179859000000,44131,0.073,0.209,0.994,-1.9,0.07,5.5,1,imu01,fusion_20260818T184228Z,716,44131677,570179855446349
570179890000000,44151,0.081,0.214,1.009,2.13,0.62,3.02,1,imu01,fusion_20260818T184228Z,717,44151679,570179875447690
570179906000000,44171,0.071,0.188,1.001,3.4,-0.14,2.77,1,imu01,fusion_20260818T184228Z,718,44171677,570179895445031
570179921000000,44191,0.072,0.192,0.989,1.1,-0.19,1.67,1,imu01,fusion_20260818T184228Z,719,44191681,570179915448373
570179937000000,44211,0.066,0.19,0.961,0.68,-0.6,1.38,1,imu01,fusion_20260818T184228Z,720,44211677,570179935443714
570179968000000,44231,0.067,0.194,0.963,0.75,0.65,1.17,1,imu01,fusion_20260818T184228Z,721,44231681,570179955447055
570179984000000,44251,0.092,0.2,0.997,-0.3,0.76,1.89,1,imu01,fusion_20260818T184228Z,722,44251677,570179975442397
570180000000000,44271,0.06,0.203,0.958,1.19,-1.98,0.53,1,imu01,fusion_20260818T184228Z,723,44271681,570179995445738
570180031000000,44291,0.073,0.216,0.953,2.23,-1.25,-0.95,1,imu01,fusion_20260818T184228Z,724,44291677,570180015441080
570180046000000,44311,0.081,0.225,0.974,3.15,0.7,-0.15,1,imu01,fusion_20260818T184228Z,725,44311681,570180035444421
570180062000000,44331,0.082,0.149,0.98,4.3,1.11,0.79,1,imu01,fusion_20260818T184228Z,726,44331677,570180055439762
570180078000000,44351,0.087,0.203,0.992,-0.99,0.36,0.39,1,imu01,fusion_20260818T184228Z,727,44351681,570180075443104
570180109000000,44371,0.086,0.186,0.985,-2.77,-1.02,1.0,1,imu01,fusion_20260818T184228Z,728,44371677,570180095438445
570180125000000,44391,0.084,0.203,0.993,-2.9,-1.23,1.89,1,imu01,fusion_20260818T184228Z,729,44391681,570180115441786
570180140000000,44411,0.08,0.19,0.977,-1.36,-1.05,0.57,1,imu01,fusion_20260818T184228Z,730,44411677,570180135437128
570180171000000,44431,0.076,0.207,0.973,1.35,-0.94,-1.41,1,imu01,fusion_20260818T184228Z,731,44431681,570180155440469
570180187000000,44451,0.091,0.195,0.99,2.43,-0.56,-1.54,1,imu01,fusion_20260818T184228Z,732,44451677,570180175435811
570180203000000,44471,0.095,0.17,0.984,4.79,-1.41,-2.99,1,imu01,fusion_20260818T184228Z,733,44471681,570180195439152
570180218000000,44491,0.078,0.213,0.967,1.66,-1.46,-4.59,1,imu01,fusion_20260818T184228Z,734,44491677,570180215434493
570180250000000,44511,0.079,0.227,0.949,4.0,-2.52,-5.18,1,imu01,fusion_20260818T184228Z,735,44511681,570180235437835
570180265000000,44531,0.067,0.197,0.943,7.2,0.62,-6.16,1,imu01,fusion_20260818T184228Z,736,44531677,570180255433176
570180281000000,44551,0.094,0.199,0.997,7.33,4.0,-7.39,1,imu01,fusion_20260818T184228Z,737,44551681,570180275436517
570180312000000,44571,0.069,0.205,0.965,9.64,2.39,-8.69,1,imu01,fusion_20260818T184228Z,738,44571677,570180295431859
570180328000000,44591,0.073,0.252,0.982,4.52,2.14,-4.46,1,imu01,fusion_20260818T184228Z,739,44591681,570180315435200
570180343000000,44611,0.044,0.277,0.96,2.11,1.97,-0.12,1,imu01,fusion_20260818T184228Z,740,44611677,570180335430542
570180359000000,44631,0.034,0.274,0.962,0.01,5.45,0.95,1,imu01,fusion_20260818T184228Z,741,44631681,570180355433883
570180390000000,44651,0.038,0.252,0.968,2.0,8.46,6.73,1,imu01,fusion_20260818T184228Z,742,44651677,570180375429224
570180406000000,44671,0.059,0.198,0.981,5.59,9.39,11.85,1,imu01,fusion_20260818T184228Z,743,44671681,570180395432566
570180421000000,44691,0.044,0.17,0.924,8.39,10.74,10.6,1,imu01,fusion_20260818T184228Z,744,44691677,570180415427907
570180437000000,44711,0.092,0.156,0.976,4.17,14.07,16.92,1,imu01,fusion_20260818T184228Z,745,44711681,570180435431248
570180468000000,44731,0.093,0.197,0.991,-8.62,9.56,31.7,1,imu01,fusion_20260818T184228Z,746,44731677,570180455426590
570180484000000,44751,0.109,0.106,1.041,-18.67,5.59,44.42,1,imu01,fusion_20260818T184228Z,747,44751681,570180475429931
570180500000000,44771,0.101,0.076,1.005,-23.21,2.47,39.24,1,imu01,fusion_20260818T184228Z,748,44771677,570180495425273
570180531000000,44791,0.072,0.166,0.988,-21.51,0.88,27.29,1,imu01,fusion_20260818T184228Z,749,44791681,570180515428614
570180546000000,44811,0.083,0.193,0.979,-10.63,2.36,15.46,1,imu01,fusion_20260818T184228Z,750,44811677,570180535423956
570180562000000,44831,0.095,0.203,1.003,6.01,5.0,2.24,1,imu01,fusion_20260818T184228Z,751,44831681,570180555427297
570180593000000,44851,0.048,0.218,0.976,25.1,4.68,-12.46,1,imu01,fusion_20260818T184228Z,752,44851677,570180575422638
570180609000000,44871,-0.033,0.278,0.848,45.05,7.89,-29.01,1,imu01,fusion_20260818T184228Z,753,44871681,570180595425980
570180625000000,44891,-0.019,0.353,0.863,61.89,19.83,-42.37,1,imu01,fusion_20260818T184228Z,754,44891677,570180615421321
570180640000000,44911,0.031,0.374,0.971,57.67,25.72,-33.21,1,imu01,fusion_20260818T184228Z,755,44911681,570180635424662
570180671000000,44931,-0.048,0.409,0.852,48.67,19.07,-20.08,1,imu01,fusion_20260818T184228Z,756,44931677,570180655420004
570180687000000,44951,-0.09,0.387,0.829,32.23,17.71,-1.21,1,imu01,fusion_20260818T184228Z,757,44951681,570180675423345
570180703000000,44971,0.004,0.306,0.996,3.62,25.3,22.24,1,imu01,fusion_20260818T184228Z,758,44971677,570180695418686
570180718000000,44991,0.074,0.235,1.107,-21.24,21.21,42.33,1,imu01,fusion_20260818T184228Z,759,44991681,570180715422028
570180750000000,45011,0.106,0.198,1.12,-23.59,12.28,42.28,1,imu01,fusion_20260818T184228Z,760,45011677,570180735417369
570180765000000,45031,0.037,0.196,1.014,-6.45,5.06,25.65,1,imu01,fusion_20260818T184228Z,761,45031681,570180755420710
570180781000000,45051,0.047,0.255,1.006,6.38,5.59,11.07,1,imu01,fusion_20260818T184228Z,762,45051677,570180775416052
570180796000000,45071,0.01,0.262,0.914,15.69,7.39,2.95,1,imu01,fusion_20260818T184228Z,763,45071681,570180795419393
570180828000000,45091,0.051,0.258,1.002,3.01,13.14,9.28,1,imu01,fusion_20260818T184228Z,764,45091677,570180815414735
570180843000000,45111,0.079,0.167,1.018,-4.53,12.78,8.42,1,imu01,fusion_20260818T184228Z,765,45111681,570180835418076
570180859000000,45131,0.028,0.248,0.887,-1.56,1.32,2.6,1,imu01,fusion_20260818T184228Z,766,45131677,570180855413418
570180890000000,45151,0.038,0.254,0.888,-3.92,0.56,4.44,1,imu01,fusion_20260818T184228Z,767,45151681,570180875416759
570180906000000,45171,0.027,0.211,0.872,-6.57,0.49,8.55,1,imu01,fusion_20260818T184228Z,768,45171677,570180895412100
570180921000000,45191,0.055,0.197,0.904,-9.76,2.33,7.94,1,imu01,fusion_20260818T184228Z,769,45191681,570180915415442
570180953000000,45211,0.086,0.202,0.983,-11.15,1.61,4.39,1,imu01,fusion_20260818T184228Z,770,45211677,570180935410783
570180968000000,45231,0.085,0.22,0.98,-1.99,-2.17,-12.15,1,imu01,fusion_20260818T184228Z,771,45231681,570180955414124
570180984000000,45251,0.052,0.226,0.992,2.3,-7.58,-23.71,1,imu01,fusion_20260818T184228Z,772,45251677,570180975409466
570181000000000,45271,0.004,0.242,0.982,7.36,-12.45,-34.4,1,imu01,fusion_20260818T184228Z,773,45271681,570180995412807
570181031000000,45291,0.004,0.284,1.075,11.1,-14.09,-45.01,1,imu01,fusion_20260818T184228Z,774,45291677,570181015408148
570181046000000,45311,0.013,0.307,1.094,10.02,-19.7,-53.18,1,imu01,fusion_20260818T184228Z,775,45311681,570181035411490
570181062000000,45331,-0.029,0.381,1.003,14.79,-30.39,-61.14,1,imu01,fusion_20260818T184228Z,776,45331677,570181055406831
570181093000000,45351,-0.048,0.435,0.927,20.33,-32.64,-62.85,1,imu01,fusion_20260818T184228Z,777,45351681,570181075410172
570181109000000,45371,-0.072,0.6,0.788,16.19,-34.06,-43.01,1,imu01,fusion_20260818T184228Z,778,45371677,570181095405514
570181125000000,45391,-0.108,0.452,0.774,21.03,-33.6,-7.27,1,imu01,fusion_20260818T184228Z,779,45391681,570181115408855
570181140000000,45411,0.043,0.002,1.076,-9.09,-8.84,1.6,1,imu01,fusion_20260818T184228Z,780,45411677,570181135404197
570181171000000,45431,0.04,0.193,0.998,-17.37,-10.62,-23.25,1,imu01,fusion_20260818T184228Z,781,45431681,570181155407538
570181187000000,45451,-0.04,0.452,0.823,-11.07,-20.23,-34.23,1,imu01,fusion_20260818T184228Z,782,45451677,570181175402880
570181203000000,45471,-0.026,0.482,0.875,-4.65,-5.94,-22.52,1,imu01,fusion_20260818T184228Z,783,45471681,570181195406221
570181218000000,45491,0.135,0.228,1.176,-2.33,9.81,-9.01,1,imu01,fusion_20260818T184228Z,784,45491677,570181215401562
570181250000000,45511,0.067,0.192,1.05,1.77,-4.49,-19.82,1,imu01,fusion_20260818T184228Z,785,45511681,570181235404904
570181265000000,45531,0.022,0.382,0.945,-13.81,-21.17,-15.49,1,imu01,fusion_20260818T184228Z,786,45531677,570181255400245
570181281000000,45551,0.002,0.396,0.876,-21.31,-19.07,-3.1,1,imu01,fusion_20260818T184228Z,787,45551681,570181275403586
570181312000000,45571,0.084,0.28,1.005,-26.37,-6.45,13.22,1,imu01,fusion_20260818T184228Z,788,45571677,570181295398928
570181328000000,45591,0.131,0.173,1.085,-29.68,-4.97,20.21,1,imu01,fusion_20260818T184228Z,789,45591681,570181315402269
570181343000000,45611,0.071,0.212,0.952,-19.94,-16.28,12.6,1,imu01,fusion_20260818T184228Z,790,45611677,570181335397610
570181359000000,45631,0.057,0.259,0.911,-12.45,-15.7,8.53,1,imu01,fusion_20260818T184228Z,791,45631681,570181355400952
570181390000000,45651,0.076,0.22,0.962,-8.46,-5.9,9.8,1,imu01,fusion_20260818T184228Z,792,45651677,570181375396293
570181406000000,45671,0.075,0.195,0.972,-5.99,0.0,8.26,1,imu01,fusion_20260818T184228Z,793,45671681,570181395399634
570181421000000,45691,0.078,0.201,0.968,-4.3,0.55,7.9,1,imu01,fusion_20260818T184228Z,794,45691677,570181415394976
570181437000000,45711,0.078,0.181,0.985,-5.24,-0.78,10.1,1,imu01,fusion_20260818T184228Z,795,45711681,570181435398317
570181468000000,45731,0.066,0.185,0.977,-5.64,-2.45,8.71,1,imu01,fusion_20260818T184228Z,796,45731677,570181455393659
570181484000000,45751,0.047,0.191,0.946,-3.72,-2.71,5.87,1,imu01,fusion_20260818T184228Z,797,45751681,570181475397000
570181500000000,45771,0.05,0.177,0.964,-0.45,0.46,2.73,1,imu01,fusion_20260818T184228Z,798,45771677,570181495392342
570181531000000,45791,0.048,0.208,0.968,1.31,1.22,-1.06,1,imu01,fusion_20260818T184228Z,799,45791681,570181515395683
570181546000000,45811,0.072,0.224,0.991,1.05,0.92,-2.76,1,imu01,fusion_20260818T184228Z,800,45811677,570181535391024
570181562000000,45831,0.024,0.218,0.945,-0.2,-1.78,-1.93,1,imu01,fusion_20260818T184228Z,801,45831681,570181555394366
570181578000000,45851,0.05,0.253,0.942,1.01,-0.57,-4.71,1,imu01,fusion_20260818T184228Z,802,45851677,570181575389707
570181609000000,45871,0.055,0.254,0.981,1.13,0.03,-1.85,1,imu01,fusion_20260818T184228Z,803,45871681,570181595393048
570181625000000,45891,0.06,0.253,0.963,3.49,-0.37,-4.21,1,imu01,fusion_20260818T184228Z,804,45891677,570181615388390
570181640000000,45911,0.04,0.244,0.92,3.26,-2.01,-5.11,1,imu01,fusion_20260818T184228Z,805,45911681,570181635391731
570181671000000,45931,0.055,0.255,0.929,3.16,0.71,-6.43,1,imu01,fusion_20260818T184228Z,806,45931677,570181655387073
570181687000000,45951,0.064,0.265,0.947,2.84,3.27,-6.79,1,imu01,fusion_20260818T184228Z,807,45951681,570181675390414
570181703000000,45971,0.07,0.267,0.981,2.39,3.79,-4.34,1,imu01,fusion_20260818T184228Z,808,45971677,570181695385755
570181718000000,45991,0.055,0.261,0.962,6.91,2.41,-5.59,1,imu01,fusion_20260818T184228Z,809,45991681,570181715389097
570181750000000,46011,0.049,0.258,0.953,14.2,3.04,-9.34,1,imu01,fusion_20260818T184228Z,810,46011677,570181735384438
570181765000000,46031,0.052,0.28,0.966,14.31,6.22,-10.98,1,imu01,fusion_20260818T184228Z,811,46031681,570181755387779
570181781000000,46051,0.074,0.301,0.983,12.07,6.61,-10.01,1,imu01,fusion_20260818T184228Z,812,46051677,570181775383121
570181812000000,46071,0.072,0.317,0.978,2.31,2.8,-1.13,1,imu01,fusion_20260818T184228Z,813,46071681,570181795386462
570181828000000,46091,0.077,0.285,0.984,-3.3,-0.51,5.58,1,imu01,fusion_20260818T184228Z,814,46091677,570181815381804
570181843000000,46111,0.047,0.259,0.936,-3.27,-2.29,6.24,1,imu01,fusion_20260818T184228Z,815,46111681,570181835385145
570181859000000,46131,0.057,0.273,0.926,-2.03,0.34,4.47,1,imu01,fusion_20260818T184228Z,816,46131677,570181855380486
570181890000000,46151,0.065,0.252,0.945,1.41,2.84,3.2,1,imu01,fusion_20260818T184228Z,817,46151679,570181875381828
570181906000000,46171,0.068,0.229,0.963,4.23,4.37,0.51,1,imu01,fusion_20260818T184228Z,818,46171677,570181895379169
570181921000000,46191,0.093,0.251,0.999,0.3,3.63,1.57,1,imu01,fusion_20260818T184228Z,819,46191681,570181915382510
570181937000000,46211,0.063,0.241,0.957,-3.48,-0.26,5.11,1,imu01,fusion_20260818T184228Z,820,46211677,570181935377852
570181968000000,46231,0.061,0.26,0.945,-5.09,0.16,6.08,1,imu01,fusion_20260818T184228Z,821,46231681,570181955381193
570181984000000,46251,0.09,0.233,0.99,-2.33,3.64,4.12,1,imu01,fusion_20260818T184228Z,822,46251677,570181975376535
570182000000000,46271,0.069,0.232,0.972,0.95,2.37,1.65,1,imu01,fusion_20260818T184228Z,823,46271681,570181995379876
570182031000000,46291,0.074,0.274,0.977,-1.39,1.72,2.53,1,imu01,fusion_20260818T184228Z,824,46291677,570182015375217
570182046000000,46311,0.073,0.268,0.997,-0.85,-0.64,3.91,1,imu01,fusion_20260818T184228Z,825,46311681,570182035378559
570182062000000,46331,0.068,0.245,0.971,-2.72,-1.32,4.74,1,imu01,fusion_20260818T184228Z,826,46331677,570182055373900
570182078000000,46351,0.031,0.237,0.939,-3.48,-1.46,4.94,1,imu01,fusion_20260818T184228Z,827,46351681,570182075377241
570182109000000,46371,0.068,0.243,0.971,-3.95,1.05,4.27,1,imu01,fusion_20260818T184228Z,828,46371677,570182095372583
570182125000000,46391,0.068,0.242,0.97,-1.28,1.4,2.6,1,imu01,fusion_20260818T184228Z,829,46391681,570182115375924
570182140000000,46411,0.062,0.25,0.966,0.7,1.68,1.24,1,imu01,fusion_20260818T184228Z,830,46411677,570182135371266
570182171000000,46431,0.075,0.243,0.995,0.23,1.58,0.65,1,imu01,fusion_20260818T184228Z,831,46431681,570182155374607
570182187000000,46451,0.059,0.234,0.969,-0.61,-0.7,-0.51,1,imu01,fusion_20260818T184228Z,832,46451677,570182175369948
570182203000000,46471,0.05,0.249,0.952,-3.47,-1.4,0.83,1,imu01,fusion_20260818T184228Z,833,46471681,570182195373290
570182218000000,46491,0.05,0.254,0.958,-2.97,0.0,1.08,1,imu01,fusion_20260818T184228Z,834,46491677,570182215368631
570182250000000,46511,0.063,0.253,0.986,1.23,1.65,-2.67,1,imu01,fusion_20260818T184228Z,835,46511681,570182235371972
570182265000000,46531,0.057,0.248,0.967,3.51,-0.42,-4.3,1,imu01,fusion_20260818T184228Z,836,46531677,570182255367314
570182281000000,46551,0.05,0.277,0.956,0.46,-1.73,-3.05,1,imu01,fusion_20260818T184228Z,837,46551681,570182275370655
570182312000000,46571,0.052,0.263,0.951,-1.08,-1.45,-0.62,1,imu01,fusion_20260818T184228Z,838,46571677,570182295365997
570182328000000,46591,0.041,0.251,0.948,-1.06,-0.48,1.07,1,imu01,fusion_20260818T184228Z,839,46591681,570182315369338
570182343000000,46611,0.063,0.248,0.97,-0.41,2.08,-0.23,1,imu01,fusion_20260818T184228Z,840,46611677,570182335364679
570182359000000,46631,0.059,0.247,0.966,-0.28,1.65,-1.27,1,imu01,fusion_20260818T184228Z,841,46631681,570182355368021
570182390000000,46651,0.052,0.258,0.957,-0.41,0.48,-1.75,1,imu01,fusion_20260818T184228Z,842,46651677,570182375363362
570182406000000,46671,0.05,0.257,0.958,-4.41,1.35,0.81,1,imu01,fusion_20260818T184228Z,843,46671681,570182395366703
570182421000000,46691,0.066,0.254,0.979,-2.62,2.4,0.16,1,imu01,fusion_20260818T184228Z,844,46691677,570182415362045
570182437000000,46711,0.059,0.238,0.972,2.39,1.81,-2.75,1,imu01,fusion_20260818T184228Z,845,46711681,570182435365386
570182468000000,46731,0.061,0.26,0.974,3.79,0.67,-3.79,1,imu01,fusion_20260818T184228Z,846,46731677,570182455360728
570182484000000,46751,0.062,0.25,0.991,0.82,0.29,-2.13,1,imu01,fusion_20260818T184228Z,847,46751681,570182475364069
570182500000000,46771,0.047,0.262,0.969,0.2,-1.26,-2.35,1,imu01,fusion_20260818T184228Z,848,46771677,570182495359410
570182531000000,46791,0.051,0.251,0.953,-0.06,1.07,-1.98,1,imu01,fusion_20260818T184228Z,849,46791681,570182515362752
570182546000000,46811,0.061,0.262,0.973,1.94,1.58,-1.56,1,imu01,fusion_20260818T184228Z,850,46811677,570182535358093
570182562000000,46831,0.053,0.246,0.964,1.59,1.25,-1.38,1,imu01,fusion_20260818T184228Z,851,46831681,570182555361434
570182578000000,46851,0.052,0.261,0.96,-0.49,1.0,-1.11,1,imu01,fusion_20260818T184228Z,852,46851677,570182575356776
570182609000000,46871,0.055,0.245,0.963,-0.48,0.54,-0.6,1,imu01,fusion_20260818T184228Z,853,46871681,570182595360117
570182625000000,46891,0.043,0.259,0.944,0.46,0.08,-0.68,1,imu01,fusion_20260818T184228Z,854,46891677,570182615355459
570182640000000,46911,0.052,0.251,0.964,-0.69,1.46,0.51,1,imu01,fusion_20260818T184228Z,855,46911681,570182635358800
570182671000000,46931,0.064,0.25,0.979,-0.21,1.83,0.47,1,imu01,fusion_20260818T184228Z,856,46931677,570182655354141
570182687000000,46951,0.056,0.251,0.973,0.76,0.86,-0.59,1,imu01,fusion_20260818T184228Z,857,46951681,570182675357483
570182703000000,46971,0.053,0.259,0.966,1.16,0.71,-1.1,1,imu01,fusion_20260818T184228Z,858,46971677,570182695352824
570182718000000,46991,0.054,0.259,0.973,-1.3,0.42,1.53,1,imu01,fusion_20260818T184228Z,859,46991681,570182715356165
570182750000000,47011,0.058,0.249,0.973,-2.15,0.94,2.27,1,imu01,fusion_20260818T184228Z,860,47011677,570182735351507
570182765000000,47031,0.061,0.263,0.962,-1.48,-0.22,1.82,1,imu01,fusion_20260818T184228Z,861,47031681,570182755354848
570182781000000,47051,0.045,0.258,0.947,-0.91,-0.39,1.89,1,imu01,fusion_20260818T184228Z,862,47051677,570182775350190
570182812000000,47071,0.056,0.246,0.954,-1.59,1.09,1.71,1,imu01,fusion_20260818T184228Z,863,47071681,570182795353531
570182828000000,47091,0.057,0.242,0.962,-1.62,1.69,2.13,1,imu01,fusion_20260818T184228Z,864,47091677,570182815348872
570182843000000,47111,0.063,0.24,0.982,-2.21,1.58,2.6,1,imu01,fusion_20260818T184228Z,865,47111681,570182835352214
570182859000000,47131,0.059,0.248,0.969,-0.24,0.94,0.65,1,imu01,fusion_20260818T184228Z,866,47131677,570182855347555
570182890000000,47151,0.062,0.24,0.968,0.77,0.23,0.04,1,imu01,fusion_20260818T184228Z,867,47151681,570182875350896
570182906000000,47171,0.07,0.232,0.998,-0.28,0.04,0.53,1,imu01,fusion_20260818T184228Z,868,47171677,570182895346238
570182921000000,47191,0.056,0.237,0.967,-0.92,-1.37,0.04,1,imu01,fusion_20260818T184228Z,869,47191681,570182915349579
570182937000000,47211,0.057,0.246,0.976,-2.41,-0.71,0.03,1,imu01,fusion_20260818T184228Z,870,47211677,570182935344921
570182968000000,47231,0.059,0.244,0.981,-1.34,-0.28,-0.61,1,imu01,fusion_20260818T184228Z,871,47231681,570182955348262
570182984000000,47251,0.068,0.257,0.977,-1.46,-1.16,-1.13,1,imu01,fusion_20260818T184228Z,872,47251677,570182975343604
570183000000000,47271,0.054,0.254,0.956,-1.72,-3.4,0.24,1,imu01,fusion_20260818T184228Z,873,47271681,570182995346945
570183031000000,47291,0.047,0.247,0.944,-1.11,-2.79,0.34,1,imu01,fusion_20260818T184228Z,874,47291677,570183015342286
570183046000000,47311,0.046,0.243,0.948,-0.82,0.12,-0.36,1,imu01,fusion_20260818T184228Z,875,47311681,570183035345628
570183062000000,47331,0.054,0.253,0.963,-0.02,1.36,-0.43,1,imu01,fusion_20260818T184228Z,876,47331677,570183055340969
570183078000000,47351,0.064,0.238,0.98,0.09,1.18,-0.2,1,imu01,fusion_20260818T184228Z,877,47351681,570183075344310
570183109000000,47371,0.058,0.244,0.968,-1.95,-0.68,0.42,1,imu01,fusion_20260818T184228Z,878,47371677,570183095339652
570183125000000,47391,0.058,0.243,0.964,-3.7,-1.87,1.18,1,imu01,fusion_20260818T184228Z,879,47391681,570183115342993
570183140000000,47411,0.04,0.248,0.949,-2.44,-1.49,0.37,1,imu01,fusion_20260818T184228Z,880,47411677,570183135338334
570183171000000,47431,0.052,0.247,0.958,-1.11,1.05,-0.56,1,imu01,fusion_20260818T184228Z,881,47431681,570183155341676
570183187000000,47451,0.055,0.248,0.983,0.67,1.78,-1.37,1,imu01,fusion_20260818T184228Z,882,47451677,570183175337017
570183203000000,47471,0.052,0.256,0.971,0.46,0.51,-0.68,1,imu01,fusion_20260818T184228Z,883,47471681,570183195340358
570183218000000,47491,0.048,0.249,0.983,-1.21,-0.03,0.66,1,imu01,fusion_20260818T184228Z,884,47491677,570183215335700
570183250000000,47511,0.055,0.255,0.969,-1.53,-0.19,0.08,1,imu01,fusion_20260818T184228Z,885,47511681,570183235339041
570183265000000,47531,0.051,0.241,0.97,-0.57,-1.19,1.12,1,imu01,fusion_20260818T184228Z,886,47531677,570183255334383
570183281000000,47551,0.06,0.224,0.972,-2.08,-0.77,1.42,1,imu01,fusion_20260818T184228Z,887,47551681,570183275337724
570183312000000,47571,0.055,0.24,0.951,-3.56,-1.22,0.79,1,imu01,fusion_20260818T184228Z,888,47571677,570183295333066
570183328000000,47591,0.056,0.219,0.96,-2.74,-1.3,0.92,1,imu01,fusion_20260818T184228Z,889,47591681,570183315336407
570183343000000,47611,0.054,0.243,0.96,-2.63,-1.29,1.03,1,imu01,fusion_20260818T184228Z,890,47611677,570183335331748
570183359000000,47631,0.062,0.242,0.972,0.23,-1.39,-0.24,1,imu01,fusion_20260818T184228Z,891,47631681,570183355335090
570183390000000,47651,0.06,0.232,0.973,2.11,-0.68,-1.39,1,imu01,fusion_20260818T184228Z,892,47651677,570183375330431
570183406000000,47671,0.054,0.235,0.945,2.36,-2.01,-2.14,1,imu01,fusion_20260818T184228Z,893,47671681,570183395333772
570183421000000,47691,0.054,0.245,0.959,-0.96,-1.24,0.23,1,imu01,fusion_20260818T184228Z,894,47691677,570183415329114
570183437000000,47711,0.065,0.24,0.98,-1.02,-0.64,0.6,1,imu01,fusion_20260818T184228Z,895,47711681,570183435332455
570183468000000,47731,0.069,0.241,0.973,0.82,-0.35,-1.64,1,imu01,fusion_20260818T184228Z,896,47731677,570183455327796
570183484000000,47751,0.058,0.25,0.962,0.86,-2.19,-1.58,1,imu01,fusion_20260818T184228Z,897,47751681,570183475331138
570183500000000,47771,0.07,0.259,0.969,-0.28,-1.64,-0.63,1,imu01,fusion_20260818T184228Z,898,47771677,570183495326479
570183531000000,47791,0.061,0.245,0.97,-0.57,-1.52,1.46,1,imu01,fusion_20260818T184228Z,899,47791681,570183515329820
570183546000000,47811,0.057,0.227,0.965,-0.64,-1.32,1.55,1,imu01,fusion_20260818T184228Z,900,47811677,570183535325162
570183562000000,47831,0.05,0.232,0.96,1.09,-1.52,-0.95,1,imu01,fusion_20260818T184228Z,901,47831681,570183555328503
570183578000000,47851,0.052,0.241,0.956,-1.57,-1.13,-0.44,1,imu01,fusion_20260818T184228Z,902,47851677,570183575323845
570183609000000,47871,0.062,0.253,0.95,-1.5,0.09,-0.56,1,imu01,fusion_20260818T184228Z,903,47871681,570183595327186
570183625000000,47891,0.054,0.239,0.955,0.66,1.28,-0.98,1,imu01,fusion_20260818T184228Z,904,47891677,570183615322528
570183640000000,47911,0.055,0.226,0.96,-0.17,1.5,-0.53,1,imu01,fusion_20260818T184228Z,905,47911681,570183635325869
570183671000000,47931,0.077,0.245,0.996,-1.93,1.84,-0.5,1,imu01,fusion_20260818T184228Z,906,47931677,570183655321210
570183687000000,47951,0.045,0.243,0.95,-0.93,-0.06,-1.21,1,imu01,fusion_20260818T184228Z,907,47951681,570183675324552
570183703000000,47971,0.066,0.253,0.975,-2.57,1.05,-0.07,1,imu01,fusion_20260818T184228Z,908,47971677,570183695319893
570183718000000,47991,0.059,0.241,0.96,-1.93,0.68,1.28,1,imu01,fusion_20260818T184228Z,909,47991681,570183715323234
570183750000000,48011,0.07,0.246,0.99,-1.83,0.79,0.95,1,imu01,fusion_20260818T184228Z,910,48011677,570183735318576
570183765000000,48031,0.059,0.264,0.957,-2.65,0.23,1.37,1,imu01,fusion_20260818T184228Z,911,48031681,570183755321917
570183781000000,48051,0.061,0.231,0.97,-4.06,0.23,3.89,1,imu01,fusion_20260818T184228Z,912,48051677,570183775317258
570183812000000,48071,0.066,0.242,0.977,-5.45,0.14,3.92,1,imu01,fusion_20260818T184228Z,913,48071681,570183795320600
570183828000000,48091,0.056,0.236,0.962,-3.34,-0.48,3.4,1,imu01,fusion_20260818T184228Z,914,48091677,570183815315941
570183843000000,48111,0.077,0.236,1.001,-2.58,1.49,1.07,1,imu01,fusion_20260818T184228Z,915,48111681,570183835319282
570183859000000,48131,0.065,0.23,0.97,-3.38,-0.71,1.64,1,imu01,fusion_20260818T184228Z,916,48131677,570183855314624
570183890000000,48151,0.067,0.244,0.962,-4.8,-1.61,3.37,1,imu01,fusion_20260818T184228Z,917,48151679,570183875315965
570183906000000,48171,0.057,0.23,0.974,-5.6,-1.15,4.67,1,imu01,fusion_20260818T184228Z,918,48171677,570183895313307
570183921000000,48191,0.064,0.233,0.966,-2.71,-0.13,2.0,1,imu01,fusion_20260818T184228Z,919,48191681,570183915316648
570183937000000,48211,0.06,0.223,0.969,-1.58,-0.02,2.73,1,imu01,fusion_20260818T184228Z,920,48211677,570183935311990
570183968000000,48231,0.078,0.21,0.993,-3.76,0.56,3.83,1,imu01,fusion_20260818T184228Z,921,48231681,570183955315331
570183984000000,48251,0.068,0.239,0.99,-7.51,-1.07,3.76,1,imu01,fusion_20260818T184228Z,922,48251677,570183975310672
570184000000000,48271,0.058,0.241,0.968,-7.35,-2.15,4.61,1,imu01,fusion_20260818T184228Z,923,48271681,570183995314014
570184031000000,48291,0.062,0.212,0.972,-6.71,0.07,4.28,1,imu01,fusion_20260818T184228Z,924,48291677,570184015309355
570184046000000,48311,0.063,0.215,0.982,-7.17,0.09,4.38,1,imu01,fusion_20260818T184228Z,925,48311681,570184035312696
570184062000000,48331,0.048,0.239,0.951,-2.32,-1.1,1.23,1,imu01,fusion_20260818T184228Z,926,48331677,570184055308038
570184078000000,48351,0.061,0.215,0.96,-0.9,1.66,-0.43,1,imu01,fusion_20260818T184228Z,927,48351681,570184075311379
570184109000000,48371,0.062,0.244,0.967,-4.49,2.69,1.4,1,imu01,fusion_20260818T184228Z,928,48371677,570184095306721
570184125000000,48391,0.079,0.201,0.982,-4.46,2.56,1.6,1,imu01,fusion_20260818T184228Z,929,48391681,570184115310062
570184140000000,48411,0.081,0.231,0.985,-5.38,1.52,2.74,1,imu01,fusion_20260818T184228Z,930,48411677,570184135305403
570184171000000,48431,0.055,0.162,0.954,-3.63,-1.29,4.47,1,imu01,fusion_20260818T184228Z,931,48431681,570184155308745
570184187000000,48451,0.077,0.183,0.989,-5.14,0.22,1.08,1,imu01,fusion_20260818T184228Z,932,48451677,570184175304086
570184203000000,48471,0.069,0.218,0.987,-6.35,-1.1,1.16,1,imu01,fusion_20260818T184228Z,933,48471681,570184195307427
570184218000000,48491,0.068,0.2,0.977,-1.29,-1.11,-0.2,1,imu01,fusion_20260818T184228Z,934,48491677,570184215302769
570184250000000,48511,0.059,0.195,0.966,0.21,-0.46,0.94,1,imu01,fusion_20260818T184228Z,935,48511681,570184235306110
570184265000000,48531,0.061,0.171,0.98,-0.28,0.49,1.03,1,imu01,fusion_20260818T184228Z,936,48531677,570184255301452
570184281000000,48551,0.076,0.19,0.987,-0.51,1.3,-3.72,1,imu01,fusion_20260818T184228Z,937,48551681,570184275304793
570184312000000,48571,0.066,0.217,0.978,-0.8,-0.97,-2.39,1,imu01,fusion_20260818T184228Z,938,48571677,570184295300134
570184328000000,48591,0.057,0.205,0.961,-0.27,-0.86,-1.26,1,imu01,fusion_20260818T184228Z,939,48591681,570184315303476
570184343000000,48611,0.075,0.207,0.994,-1.28,0.82,-0.33,1,imu01,fusion_20260818T184228Z,940,48611677,570184335298817
570184359000000,48631,0.073,0.204,0.988,0.49,0.17,0.31,1,imu01,fusion_20260818T184228Z,941,48631681,570184355302158
570184390000000,48651,0.065,0.187,0.984,1.86,-0.5,0.47,1,imu01,fusion_20260818T184228Z,942,48651677,570184375297500
570184406000000,48671,0.066,0.187,0.998,-0.67,-0.77,0.82,1,imu01,fusion_20260818T184228Z,943,48671681,570184395300841
570184421000000,48691,0.076,0.201,1.011,-2.54,-0.2,-0.08,1,imu01,fusion_20260818T184228Z,944,48691677,570184415296183
570184437000000,48711,0.063,0.201,0.988,-3.89,-1.71,1.13,1,imu01,fusion_20260818T184228Z,945,48711681,570184435299524
570184468000000,48731,0.075,0.187,0.997,-4.32,-0.93,0.22,1,imu01,fusion_20260818T184228Z,946,48731677,570184455294865
570184484000000,48751,0.067,0.205,0.976,-4.07,-1.39,-1.14,1,imu01,fusion_20260818T184228Z,947,48751681,570184475298207
570184500000000,48771,0.075,0.204,0.99,-3.06,-0.6,-1.44,1,imu01,fusion_20260818T184228Z,948,48771677,570184495293548
570184531000000,48791,0.062,0.184,0.968,-0.37,-1.93,0.23,1,imu01,fusion_20260818T184228Z,949,48791681,570184515296889
570184546000000,48811,0.069,0.187,0.98,0.23,-2.18,0.23,1,imu01,fusion_20260818T184228Z,950,48811677,570184535292231
570184562000000,48831,0.037,0.187,0.975,-0.25,-1.98,-0.77,1,imu01,fusion_20260818T184228Z,951,48831681,570184555295572
570184578000000,48851,0.09,0.189,1.013,-2.34,-0.45,-1.4,1,imu01,fusion_20260818T184228Z,952,48851677,570184575290914
570184609000000,48871,0.061,0.195,0.974,-1.77,-2.46,-2.77,1,imu01,fusion_20260818T184228Z,953,48871681,570184595294255
570184625000000,48891,0.058,0.21,0.958,-1.62,-3.0,-2.18,1,imu01,fusion_20260818T184228Z,954,48891677,570184615289596
570184640000000,48911,0.078,0.199,1.001,-3.05,0.02,-1.03,1,imu01,fusion_20260818T184228Z,955,48911681,570184635292938
570184671000000,48931,0.066,0.191,0.98,-0.07,-0.74,-1.24,1,imu01,fusion_20260818T184228Z,956,48931677,570184655288279
570184687000000,48951,0.071,0.197,0.985,0.14,-1.13,-2.89,1,imu01,fusion_20260818T184228Z,957,48951681,570184675291620
570184703000000,48971,0.071,0.185,0.991,-3.35,-1.93,0.88,1,imu01,fusion_20260818T184228Z,958,48971677,570184695286962
570184718000000,48991,0.052,0.213,0.989,1.47,-1.76,-3.66,1,imu01,fusion_20260818T184228Z,959,48991681,570184715290303
570184750000000,49011,0.09,0.234,1.038,0.09,0.84,-3.24,1,imu01,fusion_20260818T184228Z,960,49011677,570184735285645
570184765000000,49031,0.094,0.224,1.033,1.67,-0.7,-2.22,1,imu01,fusion_20260818T184228Z,961,49031681,570184755288986
570184781000000,49051,0.08,0.209,0.999,3.11,-3.93,-1.75,1,imu01,fusion_20260818T184228Z,962,49051677,570184775284327
570184812000000,49071,0.077,0.199,1.008,0.45,-4.46,0.96,1,imu01,fusion_20260818T184228Z,963,49071681,570184795287669
570184828000000,49091,0.08,0.198,1.02,1.3,-2.45,-1.63,1,imu01,fusion_20260818T184228Z,964,49091677,570184815283010
570184843000000,49111,0.094,0.219,1.021,2.37,-3.05,-3.28,1,imu01,fusion_20260818T184228Z,965,49111681,570184835286351
570184859000000,49131,0.084,0.228,0.994,4.46,-4.93,-2.43,1,imu01,fusion_20260818T184228Z,966,49131677,570184855281693
570184890000000,49151,0.064,0.201,0.965,7.46,-8.19,0.89,1,imu01,fusion_20260818T184228Z,967,49151681,570184875285034
570184906000000,49171,0.072,0.161,0.959,9.52,-7.61,2.76,1,imu01,fusion_20260818T184228Z,968,49171677,570184895280376
570184921000000,49191,0.094,0.206,0.97,3.58,-4.99,0.63,1,imu01,fusion_20260818T184228Z,969,49191681,570184915283717
570184937000000,49211,0.095,0.2,0.95,3.03,-5.97,1.92,1,imu01,fusion_20260818T184228Z,970,49211677,570184935279058
570184968000000,49231,0.099,0.221,0.935,2.45,-8.21,3.75,1,imu01,fusion_20260818T184228Z,971,49231681,570184955282400
570184984000000,49251,0.082,0.189,0.899,1.89,-7.8,4.72,1,imu01,fusion_20260818T184228Z,972,49251677,570184975277741
570185000000000,49271,0.106,0.216,0.956,1.53,-4.13,2.59,1,imu01,fusion_20260818T184228Z,973,49271681,570184995281082
570185031000000,49291,0.096,0.189,0.941,4.12,-3.65,1.62,1,imu01,fusion_20260818T184228Z,974,49291677,570185015276424
570185046000000,49311,0.096,0.214,0.937,0.28,-1.84,1.97,1,imu01,fusion_20260818T184228Z,975,49311681,570185035279765
570185062000000,49331,0.095,0.215,0.956,-1.72,-0.96,3.34,1,imu01,fusion_20260818T184228Z,976,49331677,570185055275107
570185078000000,49351,0.101,0.223,0.983,0.88,-1.03,3.48,1,imu01,fusion_20260818T184228Z,977,49351681,570185075278448
570185109000000,49371,0.101,0.218,1.007,4.14,-0.15,1.9,1,imu01,fusion_20260818T184228Z,978,49371677,570185095273789
570185125000000,49391,0.106,0.199,1.004,3.48,-0.31,1.02,1,imu01,fusion_20260818T184228Z,979,49391681,570185115277131
570185140000000,49411,0.104,0.208,0.986,-0.07,-2.14,1.21,1,imu01,fusion_20260818T184228Z,980,49411677,570185135272472
570185171000000,49431,0.097,0.217,0.963,-1.45,-4.01,2.05,1,imu01,fusion_20260818T184228Z,981,49431681,570185155275813
570185187000000,49451,0.099,0.202,0.952,-2.27,-4.52,4.8,1,imu01,fusion_20260818T184228Z,982,49451677,570185175271155
570185203000000,49471,0.106,0.202,0.96,-2.22,-4.19,5.55,1,imu01,fusion_20260818T184228Z,983,49471681,570185195274496
570185218000000,49491,0.091,0.18,0.924,1.08,-4.79,3.77,1,imu01,fusion_20260818T184228Z,984,49491677,570185215269838
570185250000000,49511,0.112,0.201,0.953,-1.58,-2.69,3.76,1,imu01,fusion_20260818T184228Z,985,49511681,570185235273179
570185265000000,49531,0.106,0.195,0.941,-2.09,-2.86,5.13,1,imu01,fusion_20260818T184228Z,986,49531677,570185255268520
570185281000000,49551,0.107,0.202,0.943,-2.26,-2.32,4.43,1,imu01,fusion_20260818T184228Z,987,49551681,570185275271862
570185296000000,49571,0.086,0.194,0.935,-1.9,-2.63,3.95,1,imu01,fusion_20260818T184228Z,988,49571677,570185295267203
570185328000000,49591,0.095,0.195,0.971,-2.71,-0.8,3.51,1,imu01,fusion_20260818T184228Z,989,49591681,570185315270544
570185343000000,49611,0.111,0.184,0.975,-2.93,-1.24,2.6,1,imu01,fusion_20260818T184228Z,990,49611677,570185335265886
570185359000000,49631,0.105,0.193,0.949,-2.42,-2.46,1.2,1,imu01,fusion_20260818T184228Z,991,49631681,570185355269227
570185390000000,49651,0.094,0.188,0.957,-2.9,-1.7,1.21,1,imu01,fusion_20260818T184228Z,992,49651677,570185375264569
570185406000000,49671,0.121,0.197,0.998,-3.1,-0.22,0.95,1,imu01,fusion_20260818T184228Z,993,49671681,570185395267910
570185421000000,49691,0.112,0.215,0.978,0.11,-0.76,-1.28,1,imu01,fusion_20260818T184228Z,994,49691677,570185415263252
570185437000000,49711,0.103,0.204,0.969,1.68,-0.51,-1.42,1,imu01,fusion_20260818T184228Z,995,49711681,570185435266593
570185468000000,49731,0.118,0.204,0.986,-0.38,-0.68,0.79,1,imu01,fusion_20260818T184228Z,996,49731677,570185455261934
570185484000000,49751,0.11,0.198,0.965,-0.49,-1.13,0.58,1,imu01,fusion_20260818T184228Z,997,49751681,570185475265276
570185500000000,49771,0.117,0.202,0.97,-1.88,-0.89,0.8,1,imu01,fusion_20260818T184228Z,998,49771677,570185495260617
570185531000000,49791,0.112,0.211,0.969,0.36,-1.66,-0.4,1,imu01,fusion_20260818T184228Z,999,49791681,570185515263958
570185546000000,49811,0.114,0.205,0.974,0.35,-1.35,-0.5,1,imu01,fusion_20260818T184228Z,1000,49811677,570185535259300
570185562000000,49831,0.11,0.197,0.953,1.76,-0.74,-1.61,1,imu01,fusion_20260818T184228Z,1001,49831681,570185555262641
570185578000000,49851,0.12,0.206,0.971,2.07,0.28,-1.47,1,imu01,fusion_20260818T184228Z,1002,49851677,570185575257982
570185609000000,49871,0.114,0.177,0.963,1.56,-0.48,-0.77,1,imu01,fusion_20260818T184228Z,1003,49871681,570185595261324
570185625000000,49891,0.118,0.208,0.96,-0.69,-1.32,-0.6,1,imu01,fusion_20260818T184228Z,1004,49891677,570185615256665
570185640000000,49911,0.114,0.212,0.957,-0.2,-1.64,-0.76,1,imu01,fusion_20260818T184228Z,1005,49911681,570185635260006
570185671000000,49931,0.112,0.198,0.954,-1.46,-0.71,-0.42,1,imu01,fusion_20260818T184228Z,1006,49931677,570185655255348
570185687000000,49951,0.116,0.212,0.97,-1.51,-0.62,-0.47,1,imu01,fusion_20260818T184228Z,1007,49951681,570185675258689
570185703000000,49971,0.124,0.18,0.951,1.55,-0.72,-1.77,1,imu01,fusion_20260818T184228Z,1008,49971677,570185695254031
570185718000000,49991,0.11,0.184,0.941,-1.38,-0.62,-3.06,1,imu01,fusion_20260818T184228Z,1009,49991681,570185715257372
570185750000000,50011,0.124,0.203,0.964,-10.92,-1.48,0.79,1,imu01,fusion_20260818T184228Z,1010,50011677,570185735252714
570185765000000,50031,0.108,0.202,0.953,-12.25,-2.58,2.83,1,imu01,fusion_20260818T184228Z,1011,50031681,570185755256055
570185781000000,50051,0.11,0.205,0.983,-8.48,-0.45,1.53,1,imu01,fusion_20260818T184228Z,1012,50051677,570185775251396
570185796000000,50071,0.108,0.191,0.974,-2.61,0.39,-0.28,1,imu01,fusion_20260818T184228Z,1013,50071681,570185795254738
570185828000000,50091,0.11,0.185,0.982,3.27,2.68,-4.11,1,imu01,fusion_20260818T184228Z,1014,50091677,570185815250079
570185843000000,50111,0.114,0.195,1.006,4.62,2.65,-5.66,1,imu01,fusion_20260818T184228Z,1015,50111681,570185835253420
570185859000000,50131,0.101,0.205,0.983,4.63,1.7,-5.6,1,imu01,fusion_20260818T184228Z,1016,50131677,570185855248762
570185890000000,50151,0.106,0.199,1.001,1.63,1.65,-3.09,1,imu01,fusion_20260818T184228Z,1017,50151679,570185875250103
570185906000000,50171,0.111,0.213,0.98,-0.09,1.07,-3.71,1,imu01,fusion_20260818T184228Z,1018,50171677,570185895247444
570185921000000,50191,0.115,0.202,0.987,-1.37,-0.26,-2.73,1,imu01,fusion_20260818T184228Z,1019,50191681,570185915250786
570185937000000,50211,0.102,0.19,0.97,-1.99,-2.52,-1.35,1,imu01,fusion_20260818T184228Z,1020,50211677,570185935246127
570185968000000,50231,0.104,0.196,0.952,-3.83,-2.2,-1.69,1,imu01,fusion_20260818T184228Z,1021,50231681,570185955249468
570185984000000,50251,0.107,0.197,0.948,-6.33,-1.35,-0.08,1,imu01,fusion_20260818T184228Z,1022,50251677,570185975244810
570186000000000,50271,0.109,0.188,0.939,-4.94,-0.93,-0.21,1,imu01,fusion_20260818T184228Z,1023,50271681,570185995248151
570186031000000,50291,0.11,0.156,0.966,-4.63,0.46,-0.6,1,imu01,fusion_20260818T184228Z,1024,50291677,570186015243493
570186046000000,50311,0.113,0.19,0.962,-3.07,0.69,-3.91,1,imu01,fusion_20260818T184228Z,1025,50311681,570186035246834
570186062000000,50331,0.101,0.185,0.908,-1.15,0.18,-5.95,1,imu01,fusion_20260818T184228Z,1026,50331677,570186055242176
570186078000000,50351,0.111,0.174,0.904,0.19,3.17,-7.55,1,imu01,fusion_20260818T184228Z,1027,50351681,570186075245517
570186109000000,50371,0.107,0.187,0.907,-2.13,4.36,-5.74,1,imu01,fusion_20260818T184228Z,1028,50371677,570186095240858
570186125000000,50391,0.12,0.192,0.923,-0.92,6.79,-6.19,1,imu01,fusion_20260818T184228Z,1029,50391681,570186115244200
570186140000000,50411,0.12,0.174,0.93,1.46,7.51,-6.78,1,imu01,fusion_20260818T184228Z,1030,50411677,570186135239541
570186171000000,50431,0.126,0.19,0.924,4.72,6.94,-8.21,1,imu01,fusion_20260818T184228Z,1031,50431681,570186155242882
570186187000000,50451,0.11,0.207,0.914,8.25,5.97,-7.81,1,imu01,fusion_20260818T184228Z,1032,50451677,570186175238224
570186203000000,50471,0.111,0.194,0.913,8.23,6.26,-6.0,1,imu01,fusion_20260818T184228Z,1033,50471681,570186195241565
570186218000000,50491,0.115,0.212,0.942,7.16,6.03,-3.26,1,imu01,fusion_20260818T184228Z,1034,50491677,570186215236906
570186250000000,50511,0.086,0.221,0.935,9.49,5.51,-3.82,1,imu01,fusion_20260818T184228Z,1035,50511681,570186235240248
570186265000000,50531,0.076,0.259,0.96,9.21,4.97,-1.63,1,imu01,fusion_20260818T184228Z,1036,50531677,570186255235589
570186281000000,50551,0.069,0.227,0.992,6.49,6.38,3.54,1,imu01,fusion_20260818T184228Z,1037,50551681,570186275238930
570186312000000,50571,0.097,0.228,1.064,5.09,8.52,5.33,1,imu01,fusion_20260818T184228Z,1038,50571677,570186295234272
570186328000000,50591,0.106,0.183,1.041,5.53,7.16,4.58,1,imu01,fusion_20260818T184228Z,1039,50591681,570186315237613
570186343000000,50611,-0.066,0.162,0.968,4.43,1.62,4.39,1,imu01,fusion_20260818T184228Z,1040,50611677,570186335232955
570186359000000,50631,0.048,0.203,0.888,-4.8,-1.78,5.31,1,imu01,fusion_20260818T184228Z,1041,50631681,570186355236296
570186390000000,50651,0.046,0.191,0.823,-6.34,-4.93,6.95,1,imu01,fusion_20260818T184228Z,1042,50651677,570186375231638
570186406000000,50671,0.065,0.191,0.859,-17.58,-2.91,14.18,1,imu01,fusion_20260818T184228Z,1043,50671681,570186395234979
570186421000000,50691,0.059,0.185,0.864,-25.86,-7.12,19.3,1,imu01,fusion_20260818T184228Z,1044,50691677,570186415230320
570186453000000,50711,0.064,0.144,0.866,-18.69,-5.41,14.92,1,imu01,fusion_20260818T184228Z,1045,50711681,570186435233662
570186468000000,50731,0.062,0.194,0.886,-12.25,-0.77,7.91,1,imu01,fusion_20260818T184228Z,1046,50731677,570186455229003
570186484000000,50751,0.053,0.188,0.869,-2.57,1.96,4.26,1,imu01,fusion_20260818T184228Z,1047,50751681,570186475232344
570186500000000,50771,0.077,0.177,0.909,4.96,6.82,1.47,1,imu01,fusion_20260818T184228Z,1048,50771677,570186495227686
570186531000000,50791,0.062,0.192,0.884,6.81,7.4,1.93,1,imu01,fusion_20260818T184228Z,1049,50791681,570186515231027
570186546000000,50811,0.083,0.223,0.951,2.04,10.21,5.08,1,imu01,fusion_20260818T184228Z,1050,50811677,570186535226369
570186562000000,50831,0.101,0.187,1.008,0.86,12.52,5.76,1,imu01,fusion_20260818T184228Z,1051,50831681,570186555229710
570186578000000,50851,0.101,0.19,1.023,1.58,10.38,2.23,1,imu01,fusion_20260818T184228Z,1052,50851677,570186575225051
570186609000000,50871,0.088,0.218,0.972,2.07,4.45,1.96,1,imu01,fusion_20260818T184228Z,1053,50871681,570186595228393
570186625000000,50891,0.086,0.199,0.937,1.28,4.64,4.02,1,imu01,fusion_20260818T184228Z,1054,50891677,570186615223734
570186640000000,50911,0.064,0.198,0.917,-4.68,7.49,8.75,1,imu01,fusion_20260818T184228Z,1055,50911681,570186635227075
570186671000000,50931,0.073,0.204,0.961,-9.15,13.49,13.77,1,imu01,fusion_20260818T184228Z,1056,50931677,570186655222417
570186687000000,50951,0.139,0.148,1.131,-11.74,14.3,18.03,1,imu01,fusion_20260818T184228Z,1057,50951681,570186675225758
570186703000000,50971,0.065,0.144,1.053,-6.03,5.45,12.5,1,imu01,fusion_20260818T184228Z,1058,50971677,570186695221100
570186718000000,50991,0.052,0.159,0.986,-2.44,7.68,8.44,1,imu01,fusion_20260818T184228Z,1059,50991681,570186715224441
570186750000000,51011,0.078,0.118,0.996,-4.22,8.94,12.09,1,imu01,fusion_20260818T184228Z,1060,51011677,570186735219782
570186765000000,51031,0.058,0.125,0.924,1.55,3.0,8.41,1,imu01,fusion_20260818T184228Z,1061,51031681,570186755223124
570186781000000,51051,0.015,0.16,0.846,1.82,4.97,6.81,1,imu01,fusion_20260818T184228Z,1062,51051677,570186775218465
570186812000000,51071,0.064,0.157,0.984,-9.01,18.77,9.08,1,imu01,fusion_20260818T184228Z,1063,51071681,570186795221806
570186828000000,51091,0.121,0.093,1.067,-8.55,21.5,3.28,1,imu01,fusion_20260818T184228Z,1064,51091677,570186815217148
570186843000000,51111,0.094,0.179,1.04,-3.35,12.47,-5.89,1,imu01,fusion_20260818T184228Z,1065,51111681,570186835220489
570186859000000,51131,0.054,0.189,0.949,-5.15,3.64,-4.82,1,imu01,fusion_20260818T184228Z,1066,51131677,570186855215831
570186890000000,51151,0.015,0.203,0.897,-11.92,3.23,1.05,1,imu01,fusion_20260818T184228Z,1067,51151681,570186875219172
570186906000000,51171,-0.014,0.246,0.848,-15.26,8.42,5.6,1,imu01,fusion_20260818T184228Z,1068,51171677,570186895214513
570186921000000,51191,0.049,0.264,1.063,-12.68,20.21,8.6,1,imu01,fusion_20260818T184228Z,1069,51191681,570186915217855
570186937000000,51211,0.089,0.152,1.247,-7.74,20.29,6.09,1,imu01,fusion_20260818T184228Z,1070,51211677,570186935213196
570186968000000,51231,-0.002,0.195,1.035,16.29,3.35,-8.18,1,imu01,fusion_20260818T184228Z,1071,51231681,570186955216537
570186984000000,51251,-0.046,0.201,0.942,24.71,-3.88,-9.13,1,imu01,fusion_20260818T184228Z,1072,51251677,570186975211879
570187000000000,51271,-0.039,0.211,0.947,10.76,0.55,-0.38,1,imu01,fusion_20260818T184228Z,1073,51271681,570186995215220
570187031000000,51291,0.046,0.175,1.109,3.8,2.2,4.63,1,imu01,fusion_20260818T184228Z,1074,51291677,570187015210562
570187046000000,51311,0.035,0.196,1.109,-0.19,-9.15,4.79,1,imu01,fusion_20260818T184228Z,1075,51311681,570187035213903
570187062000000,51331,0.003,0.167,0.967,10.1,-20.02,-5.27,1,imu01,fusion_20260818T184228Z,1076,51331677,570187055209244
570187078000000,51351,0.008,0.201,0.934,2.27,-19.74,-1.71,1,imu01,fusion_20260818T184228Z,1077,51351681,570187075212586
570187109000000,51371,0.03,0.173,0.91,-4.19,-13.62,1.57,1,imu01,fusion_20260818T184228Z,1078,51371677,570187095207927
570187125000000,51391,-0.015,0.163,0.849,-2.52,-9.04,2.07,1,imu01,fusion_20260818T184228Z,1079,51391681,570187115211268
570187140000000,51411,0.051,0.103,1.007,-4.69,-0.47,3.21,1,imu01,fusion_20260818T184228Z,1080,51411677,570187135206610
570187171000000,51431,0.053,0.121,0.975,-7.38,-0.63,0.51,1,imu01,fusion_20260818T184228Z,1081,51431681,570187155209951
570187187000000,51451,0.083,0.176,0.841,-1.33,-2.45,-2.26,1,imu01,fusion_20260818T184228Z,1082,51451677,570187175205293
570187203000000,51471,0.022,0.167,0.882,-8.83,10.05,0.12,1,imu01,fusion_20260818T184228Z,1083,51471681,570187195208634
570187218000000,51491,0.009,0.239,0.947,-14.15,22.39,5.57,1,imu01,fusion_20260818T184228Z,1084,51491677,570187215203975
570187250000000,51511,0.077,0.259,1.098,-10.41,29.84,16.1,1,imu01,fusion_20260818T184228Z,1085,51511681,570187235207317
570187265000000,51531,0.189,0.217,1.506,-15.41,32.09,22.23,1,imu01,fusion_20260818T184228Z,1086,51531677,570187255202658
570187281000000,51551,0.112,0.158,1.385,9.72,5.66,7.99,1,imu01,fusion_20260818T184228Z,1087,51551681,570187275205999
570187312000000,51571,-0.069,0.082,1.008,19.67,-31.42,0.17,1,imu01,fusion_20260818T184228Z,1088,51571677,570187295201341
570187328000000,51591,-0.054,0.051,0.942,-4.15,-34.48,1.94,1,imu01,fusion_20260818T184228Z,1089,51591681,570187315204682
570187343000000,51611,0.02,0.152,1.007,-30.68,-24.34,0.98,1,imu01,fusion_20260818T184228Z,1090,51611677,570187335200024
570187359000000,51631,0.136,0.085,1.075,-43.49,-16.1,-4.45,1,imu01,fusion_20260818T184228Z,1091,51631681,570187355203365
570187390000000,51651,0.058,0.204,0.951,-44.39,-16.16,-13.89,1,imu01,fusion_20260818T184228Z,1092,51651677,570187375198706
570187406000000,51671,-0.003,0.194,0.872,-35.68,-12.64,-10.73,1,imu01,fusion_20260818T184228Z,1093,51671681,570187395202048
570187421000000,51691,-0.077,0.232,0.998,-25.95,3.92,-0.24,1,imu01,fusion_20260818T184228Z,1094,51691677,570187415197389
570187437000000,51711,0.035,0.183,1.299,-9.51,20.94,8.05,1,imu01,fusion_20260818T184228Z,1095,51711681,570187435200730
570187468000000,51731,0.057,0.103,1.216,20.2,16.16,2.99,1,imu01,fusion_20260818T184228Z,1096,51731677,570187455196072
570187484000000,51751,0.021,-0.009,0.98,38.3,9.22,-5.52,1,imu01,fusion_20260818T184228Z,1097,51751681,570187475199413
570187500000000,51771,0.022,0.022,0.907,31.16,11.39,-5.97,1,imu01,fusion_20260818T184228Z,1098,51771677,570187495194755
570187531000000,51791,0.124,0.104,1.075,6.2,19.2,2.95,1,imu01,fusion_20260818T184228Z,1099,51791681,570187515198096
570187546000000,51811,0.232,0.092,1.184,-4.07,12.75,5.69,1,imu01,fusion_20260818T184228Z,1100,51811677,570187535193437
570187562000000,51831,0.178,0.031,0.97,-4.79,-8.28,4.5,1,imu01,fusion_20260818T184228Z,1101,51831681,570187555196779
570187578000000,51851,0.144,0.009,0.855,-9.13,-18.45,2.86,1,imu01,fusion_20260818T184228Z,1102,51851677,570187575192120
570187609000000,51871,0.185,0.015,0.955,-26.62,-14.13,7.92,1,imu01,fusion_20260818T184228Z,1103,51871681,570187595195461
570187625000000,51891,0.187,0.1,1.018,-26.59,-12.48,6.02,1,imu01,fusion_20260818T184228Z,1104,51891677,570187615190803
570187640000000,51911,0.057,0.077,1.068,-17.0,-10.78,0.41,1,imu01,fusion_20260818T184228Z,1105,51911681,570187635194144
570187671000000,51931,0.066,0.095,1.088,-14.56,-5.58,-3.55,1,imu01,fusion_20260818T184228Z,1106,51931677,570187655189486
570187687000000,51951,0.067,0.083,1.104,5.26,-5.0,-5.91,1,imu01,fusion_20260818T184228Z,1107,51951681,570187675192827
570187703000000,51971,0.113,0.113,1.151,8.33,-1.4,-8.99,1,imu01,fusion_20260818T184228Z,1108,51971677,570187695188168
570187718000000,51991,0.127,0.075,1.113,8.1,-5.78,-8.65,1,imu01,fusion_20260818T184228Z,1109,51991681,570187715191510
570187750000000,52011,0.109,0.082,1.013,7.09,-14.79,-8.69,1,imu01,fusion_20260818T184228Z,1110,52011677,570187735186851
570187765000000,52031,0.101,0.075,0.917,3.36,-18.15,-8.56,1,imu01,fusion_20260818T184228Z,1111,52031681,570187755190192
570187781000000,52051,0.089,0.104,0.871,3.66,-17.31,-8.81,1,imu01,fusion_20260818T184228Z,1112,52051677,570187775185534
570187812000000,52071,0.083,0.1,0.868,3.12,-13.85,-5.98,1,imu01,fusion_20260818T184228Z,1113,52071681,570187795188875
570187828000000,52091,0.095,0.078,0.887,5.16,-9.47,-3.94,1,imu01,fusion_20260818T184228Z,1114,52091677,570187815184217
570187843000000,52111,0.095,0.039,0.918,6.34,-6.84,-2.67,1,imu01,fusion_20260818T184228Z,1115,52111681,570187835187558
570187859000000,52131,0.058,0.097,0.953,4.76,-6.56,-3.4,1,imu01,fusion_20260818T184228Z,1116,52131677,570187855182900
570187890000000,52151,0.086,0.097,0.977,-0.25,-4.29,-4.21,1,imu01,fusion_20260818T184228Z,1117,52151679,570187875184241
570187906000000,52171,0.088,0.119,1.004,-0.23,-3.18,-3.63,1,imu01,fusion_20260818T184228Z,1118,52171677,570187895181582
570187921000000,52191,0.057,0.137,1.002,1.35,-3.36,-2.59,1,imu01,fusion_20260818T184228Z,1119,52191681,570187915184924
570187937000000,52211,0.088,0.163,1.038,4.38,2.06,-5.76,1,imu01,fusion_20260818T184228Z,1120,52211677,570187935180265
570187968000000,52231,0.088,0.148,1.037,7.63,1.84,-4.72,1,imu01,fusion_20260818T184228Z,1121,52231681,570187955183606
570187984000000,52251,0.108,0.151,1.026,8.23,-0.58,-4.25,1,imu01,fusion_20260818T184228Z,1122,52251677,570187975178948
570188000000000,52271,0.096,0.141,0.968,7.28,-4.54,-2.56,1,imu01,fusion_20260818T184228Z,1123,52271681,570187995182289
570188031000000,52291,0.095,0.133,0.953,6.37,-5.17,-2.81,1,imu01,fusion_20260818T184228Z,1124,52291677,570188015177630
570188046000000,52311,0.101,0.175,0.952,3.07,-4.08,-2.04,1,imu01,fusion_20260818T184228Z,1125,52311681,570188035180972
570188062000000,52331,0.112,0.149,0.985,0.94,-3.45,2.28,1,imu01,fusion_20260818T184228Z,1126,52331677,570188055176313
570188078000000,52351,0.112,0.15,0.983,4.59,-2.75,1.38,1,imu01,fusion_20260818T184228Z,1127,52351681,570188075179654
570188109000000,52371,0.101,0.128,0.975,4.6,-1.91,0.44,1,imu01,fusion_20260818T184228Z,1128,52371677,570188095174996
570188125000000,52391,0.111,0.14,1.011,-0.49,-2.09,1.89,1,imu01,fusion_20260818T184228Z,1129,52391681,570188115178337
570188140000000,52411,0.102,0.153,1.009,0.47,-3.84,1.57,1,imu01,fusion_20260818T184228Z,1130,52411677,570188135173679
570188171000000,52431,0.111,0.136,1.009,1.04,-5.13,1.77,1,imu01,fusion_20260818T184228Z,1131,52431681,570188155177020
570188187000000,52451,0.103,0.135,1.002,1.86,-7.17,1.97,1,imu01,fusion_20260818T184228Z,1132,52451677,570188175172362
570188203000000,52471,0.101,0.13,0.984,0.46,-7.51,1.7,1,imu01,fusion_20260818T184228Z,1133,52471681,570188195175703
570188218000000,52491,0.096,0.143,0.95,-0.21,-7.09,1.73,1,imu01,fusion_20260818T184228Z,1134,52491677,570188215171044
570188250000000,52511,0.086,0.135,0.941,-0.69,-4.16,2.5,1,imu01,fusion_20260818T184228Z,1135,52511681,570188235174386
570188265000000,52531,0.115,0.15,0.973,-0.52,-0.59,2.51,1,imu01,fusion_20260818T184228Z,1136,52531677,570188255169727
570188281000000,52551,0.114,0.115,0.976,0.62,-0.55,2.5,1,imu01,fusion_20260818T184228Z,1137,52551681,570188275173068
570188312000000,52571,0.114,0.146,0.97,-0.46,-0.74,1.94,1,imu01,fusion_20260818T184228Z,1138,52571677,570188295168410
570188328000000,52591,0.114,0.152,0.981,-0.41,0.32,2.44,1,imu01,fusion_20260818T184228Z,1139,52591681,570188315171751
570188343000000,52611,0.12,0.117,0.996,0.04,0.79,4.27,1,imu01,fusion_20260818T184228Z,1140,52611677,570188335167092
570188359000000,52631,0.126,0.14,0.987,3.33,0.92,0.75,1,imu01,fusion_20260818T184228Z,1141,52631681,570188355170434
570188390000000,52651,0.128,0.127,0.992,2.72,0.79,0.99,1,imu01,fusion_20260818T184228Z,1142,52651677,570188375165775
570188406000000,52671,0.14,0.121,1.016,2.75,1.38,0.51,1,imu01,fusion_20260818T184228Z,1143,52671681,570188395169116
570188421000000,52691,0.144,0.142,1.02,1.95,-0.06,0.29,1,imu01,fusion_20260818T184228Z,1144,52691677,570188415164458
570188437000000,52711,0.136,0.106,1.011,0.58,-2.15,0.92,1,imu01,fusion_20260818T184228Z,1145,52711681,570188435167799
570188468000000,52731,0.12,0.131,0.983,-0.67,-3.91,-0.14,1,imu01,fusion_20260818T184228Z,1146,52731677,570188455163141
570188484000000,52751,0.119,0.137,0.979,-2.48,-2.71,-0.2,1,imu01,fusion_20260818T184228Z,1147,52751681,570188475166482
570188500000000,52771,0.121,0.133,0.975,0.12,-1.71,-0.5,1,imu01,fusion_20260818T184228Z,1148,52771677,570188495161824
570188531000000,52791,0.126,0.123,0.982,1.51,-0.35,-0.55,1,imu01,fusion_20260818T184228Z,1149,52791681,570188515165165
570188546000000,52811,0.131,0.111,0.988,-0.99,-0.51,0.32,1,imu01,fusion_20260818T184228Z,1150,52811677,570188535160506
570188562000000,52831,0.123,0.138,0.971,-3.54,-2.0,0.7,1,imu01,fusion_20260818T184228Z,1151,52831681,570188555163848
570188578000000,52851,0.105,0.128,0.945,-1.51,-2.97,0.32,1,imu01,fusion_20260818T184228Z,1152,52851677,570188575159189
570188609000000,52871,0.118,0.132,0.966,0.74,-0.27,-1.44,1,imu01,fusion_20260818T184228Z,1153,52871681,570188595162530
570188625000000,52891,0.137,0.131,0.988,2.59,1.23,-2.34,1,imu01,fusion_20260818T184228Z,1154,52891677,570188615157872
570188640000000,52911,0.123,0.126,0.973,1.91,-0.1,-2.11,1,imu01,fusion_20260818T184228Z,1155,52911681,570188635161213
570188671000000,52931,0.127,0.131,0.957,-1.83,-0.28,-1.03,1,imu01,fusion_20260818T184228Z,1156,52931677,570188655156554
570188687000000,52951,0.12,0.135,0.962,-3.17,0.11,-0.16,1,imu01,fusion_20260818T184228Z,1157,52951681,570188675159896
570188703000000,52971,0.109,0.15,0.974,-1.23,2.29,-1.14,1,imu01,fusion_20260818T184228Z,1158,52971677,570188695155237
570188718000000,52991,0.132,0.167,1.013,1.0,3.45,-1.26,1,imu01,fusion_20260818T184228Z,1159,52991681,570188715158578
570188750000000,53011,0.128,0.145,1.005,0.58,2.0,0.5,1,imu01,fusion_20260818T184228Z,1160,53011677,570188735153920
570188765000000,53031,0.118,0.147,0.994,2.31,-0.27,-0.3,1,imu01,fusion_20260818T184228Z,1161,53031681,570188755157261
570188781000000,53051,0.126,0.142,0.993,0.88,0.32,0.35,1,imu01,fusion_20260818T184228Z,1162,53051677,570188775152603
570188812000000,53071,0.13,0.145,1.003,-1.33,2.02,0.49,1,imu01,fusion_20260818T184228Z,1163,53071681,570188795155944
570188828000000,53091,0.114,0.142,0.97,1.3,2.09,-0.52,1,imu01,fusion_20260818T184228Z,1164,53091677,570188815151286
570188843000000,53111,0.122,0.114,0.983,-0.04,2.26,1.38,1,imu01,fusion_20260818T184228Z,1165,53111681,570188835154627
570188859000000,53131,0.117,0.132,0.988,-0.25,1.85,0.6,1,imu01,fusion_20260818T184228Z,1166,53131677,570188855149968
570188890000000,53151,0.123,0.132,0.98,-0.57,1.01,-0.93,1,imu01,fusion_20260818T184228Z,1167,53151681,570188875153310
570188906000000,53171,0.12,0.154,0.971,-4.48,-0.23,-0.05,1,imu01,fusion_20260818T184228Z,1168,53171677,570188895148651
570188921000000,53191,0.104,0.143,0.94,-4.41,-0.51,1.29,1,imu01,fusion_20260818T184228Z,1169,53191681,570188915151992
570188937000000,53211,0.107,0.15,0.946,-1.28,2.6,1.17,1,imu01,fusion_20260818T184228Z,1170,53211677,570188935147334
570188968000000,53231,0.128,0.131,0.996,0.24,5.27,1.4,1,imu01,fusion_20260818T184228Z,1171,53231681,570188955150675
570188984000000,53251,0.115,0.117,0.983,2.29,3.49,1.41,1,imu01,fusion_20260818T184228Z,1172,53251677,570188975146017
570189000000000,53271,0.116,0.125,1.007,0.9,3.31,1.14,1,imu01,fusion_20260818T184228Z,1173,53271681,570188995149358
570189031000000,53291,0.113,0.128,1.013,1.71,2.16,0.18,1,imu01,fusion_20260818T184228Z,1174,53291677,570189015144699
570189046000000,53311,0.118,0.13,1.0,3.74,1.53,-1.31,1,imu01,fusion_20260818T184228Z,1175,53311681,570189035148040
570189062000000,53331,0.119,0.123,1.0,1.98,1.28,-0.78,1,imu01,fusion_20260818T184228Z,1176,53331677,570189055143382
570189078000000,53351,0.12,0.135,1.012,0.97,0.23,-1.42,1,imu01,fusion_20260818T184228Z,1177,53351681,570189075146723
570189109000000,53371,0.107,0.138,0.981,2.07,-1.78,-0.77,1,imu01,fusion_20260818T184228Z,1178,53371677,570189095142065
570189125000000,53391,0.102,0.135,0.977,2.68,-1.97,0.53,1,imu01,fusion_20260818T184228Z,1179,53391681,570189115145406
570189140000000,53411,0.107,0.137,0.988,1.12,-2.07,2.18,1,imu01,fusion_20260818T184228Z,1180,53411677,570189135140748
570189171000000,53431,0.111,0.119,0.991,-1.57,-1.24,1.22,1,imu01,fusion_20260818T184228Z,1181,53431681,570189155144089
570189187000000,53451,0.114,0.135,1.002,-8.46,-1.47,0.91,1,imu01,fusion_20260818T184228Z,1182,53451677,570189175139430
570189203000000,53471,0.111,0.149,0.98,-7.86,-1.6,-0.86,1,imu01,fusion_20260818T184228Z,1183,53471681,570189195142772
570189218000000,53491,0.116,0.151,0.975,-3.47,-0.35,-0.66,1,imu01,fusion_20260818T184228Z,1184,53491677,570189215138113
570189250000000,53511,0.107,0.134,0.957,1.5,1.84,-0.72,1,imu01,fusion_20260818T184228Z,1185,53511681,570189235141454
570189265000000,53531,0.12,0.123,0.996,0.54,3.1,1.31,1,imu01,fusion_20260818T184228Z,1186,53531677,570189255136796
570189281000000,53551,0.116,0.118,0.995,-0.76,1.63,1.76,1,imu01,fusion_20260818T184228Z,1187,53551681,570189275140137
570189312000000,53571,0.107,0.124,0.987,-0.62,0.27,0.34,1,imu01,fusion_20260818T184228Z,1188,53571677,570189295135479
570189328000000,53591,0.114,0.129,0.986,0.21,0.2,-0.96,1,imu01,fusion_20260818T184228Z,1189,53591681,570189315138820
570189343000000,53611,0.099,0.124,0.959,0.87,1.0,-0.9,1,imu01,fusion_20260818T184228Z,1190,53611677,570189335134161
570189359000000,53631,0.115,0.14,0.999,0.19,1.71,0.56,1,imu01,fusion_20260818T184228Z,1191,53631681,570189355137503
570189390000000,53651,0.116,0.123,0.997,0.22,1.04,0.91,1,imu01,fusion_20260818T184228Z,1192,53651677,570189375132844
570189406000000,53671,0.12,0.126,0.999,1.4,0.26,-0.99,1,imu01,fusion_20260818T184228Z,1193,53671681,570189395136185
570189421000000,53691,0.107,0.127,0.986,1.64,-1.4,-0.32,1,imu01,fusion_20260818T184228Z,1194,53691677,570189415131527
570189437000000,53711,0.11,0.158,1.007,2.2,-0.24,-1.01,1,imu01,fusion_20260818T184228Z,1195,53711681,570189435134868
570189468000000,53731,0.12,0.143,1.012,2.41,-0.14,-0.08,1,imu01,fusion_20260818T184228Z,1196,53731677,570189455130210
570189484000000,53751,0.112,0.119,0.994,-0.86,-1.39,1.45,1,imu01,fusion_20260818T184228Z,1197,53751681,570189475133551
570189500000000,53771,0.102,0.135,0.967,-2.7,-2.04,0.37,1,imu01,fusion_20260818T184228Z,1198,53771677,570189495128892
570189531000000,53791,0.058,0.185,0.965,-0.12,-1.46,-1.22,1,imu01,fusion_20260818T184228Z,1199,53791681,570189515132234
570189546000000,53811,0.114,0.14,0.977,1.19,0.78,-1.9,1,imu01,fusion_20260818T184228Z,1200,53811677,570189535127575
570189562000000,53831,0.118,0.138,0.978,-1.42,1.46,0.17,1,imu01,fusion_20260818T184228Z,1201,53831681,570189555130916
570189578000000,53851,0.12,0.145,0.982,-0.83,0.55,0.29,1,imu01,fusion_20260818T184228Z,1202,53851677,570189575126258
570189609000000,53871,0.11,0.148,0.974,0.54,-0.01,0.47,1,imu01,fusion_20260818T184228Z,1203,53871681,570189595129599
570189625000000,53891,0.109,0.116,0.983,-0.64,1.85,1.51,1,imu01,fusion_20260818T184228Z,1204,53891677,570189615124941
570189640000000,53911,0.131,0.127,1.004,-1.71,2.52,0.82,1,imu01,fusion_20260818T184228Z,1205,53911681,570189635128282
570189671000000,53931,0.123,0.121,1.001,-1.15,0.93,0.21,1,imu01,fusion_20260818T184228Z,1206,53931677,570189655123623
570189687000000,53951,0.11,0.121,0.981,-0.12,-0.84,0.19,1,imu01,fusion_20260818T184228Z,1207,53951681,570189675126965
570189703000000,53971,0.11,0.134,0.998,-1.22,-0.23,-0.08,1,imu01,fusion_20260818T184228Z,1208,53971677,570189695122306
570189718000000,53991,0.109,0.136,0.99,1.11,-0.69,-0.72,1,imu01,fusion_20260818T184228Z,1209,53991681,570189715125647
570189750000000,54011,0.107,0.144,0.976,2.2,-0.76,-0.76,1,imu01,fusion_20260818T184228Z,1210,54011677,570189735120989
570189765000000,54031,0.107,0.133,0.972,-0.14,-0.09,0.71,1,imu01,fusion_20260818T184228Z,1211,54031681,570189755124330
570189781000000,54051,0.109,0.126,0.986,-0.91,0.94,1.02,1,imu01,fusion_20260818T184228Z,1212,54051677,570189775119672
570189812000000,54071,0.113,0.14,0.989,-0.77,1.09,0.17,1,imu01,fusion_20260818T184228Z,1213,54071681,570189795123013
570189828000000,54091,0.114,0.12,0.992,-0.86,0.09,0.47,1,imu01,fusion_20260818T184228Z,1214,54091677,570189815118354
570189843000000,54111,0.099,0.124,0.961,-0.41,-0.64,-0.62,1,imu01,fusion_20260818T184228Z,1215,54111681,570189835121696
570189859000000,54131,0.104,0.143,0.972,-1.73,-0.04,-0.75,1,imu01,fusion_20260818T184228Z,1216,54131677,570189855117037
570189890000000,54151,0.099,0.137,0.957,-0.48,-0.15,0.15,1,imu01,fusion_20260818T184228Z,1217,54151679,570189875118378
570189906000000,54171,0.097,0.144,0.961,0.1,1.76,-0.76,1,imu01,fusion_20260818T184228Z,1218,54171677,570189895115720
570189921000000,54191,0.117,0.134,0.98,2.1,2.85,-1.17,1,imu01,fusion_20260818T184228Z,1219,54191681,570189915119061
570189937000000,54211,0.105,0.122,0.988,1.79,1.77,-0.16,1,imu01,fusion_20260818T184228Z,1220,54211677,570189935114403
570189968000000,54231,0.1,0.136,0.986,-0.59,1.17,0.24,1,imu01,fusion_20260818T184228Z,1221,54231681,570189955117744
570189984000000,54251,0.116,0.154,0.993,2.4,2.5,-1.5,1,imu01,fusion_20260818T184228Z,1222,54251677,570189975113085
570190000000000,54271,0.11,0.125,0.987,3.26,2.62,-0.54,1,imu01,fusion_20260818T184228Z,1223,54271681,570189995116427
570190031000000,54291,0.131,0.138,1.002,2.57,2.68,-2.47,1,imu01,fusion_20260818T184228Z,1224,54291677,570190015111768
570190046000000,54311,0.107,0.144,0.979,1.43,0.02,-1.39,1,imu01,fusion_20260818T184228Z,1225,54311681,570190035115109
570190062000000,54331,0.106,0.153,0.987,-0.14,1.16,0.76,1,imu01,fusion_20260818T184228Z,1226,54331677,570190055110451
570190078000000,54351,0.126,0.154,1.014,1.04,3.37,0.76,1,imu01,fusion_20260818T184228Z,1227,54351681,570190075113792
570190109000000,54371,0.12,0.123,1.005,3.0,1.91,-0.24,1,imu01,fusion_20260818T184228Z,1228,54371677,570190095109134
570190125000000,54391,0.11,0.136,0.988,2.4,0.16,-1.52,1,imu01,fusion_20260818T184228Z,1229,54391681,570190115112475
570190140000000,54411,0.105,0.141,0.994,-0.45,1.52,-1.37,1,imu01,fusion_20260818T184228Z,1230,54411677,570190135107816
570190171000000,54431,0.108,0.154,0.991,-1.6,1.44,0.75,1,imu01,fusion_20260818T184228Z,1231,54431681,570190155111158
570190187000000,54451,0.105,0.135,0.991,-1.45,1.32,1.23,1,imu01,fusion_20260818T184228Z,1232,54451677,570190175106499
570190203000000,54471,0.101,0.127,0.998,-3.08,1.08,1.93,1,imu01,fusion_20260818T184228Z,1233,54471681,570190195109840
570190218000000,54491,0.103,0.139,0.998,-4.26,-0.59,2.15,1,imu01,fusion_20260818T184228Z,1234,54491677,570190215105182
570190250000000,54511,0.102,0.141,0.989,-2.35,-1.98,1.12,1,imu01,fusion_20260818T184228Z,1235,54511681,570190235108523
570190265000000,54531,0.077,0.127,0.944,-0.41,-2.38,1.05,1,imu01,fusion_20260818T184228Z,1236,54531677,570190255103865
570190281000000,54551,0.095,0.128,0.96,-0.82,0.3,0.58,1,imu01,fusion_20260818T184228Z,1237,54551681,570190275107206
570190296000000,54571,0.101,0.137,0.979,-1.57,0.97,1.34,1,imu01,fusion_20260818T184228Z,1238,54571677,570190295102548
570190328000000,54591,0.1,0.147,0.966,1.78,0.75,-0.93,1,imu01,fusion_20260818T184228Z,1239,54591681,570190315105889
570190343000000,54611,0.1,0.124,0.967,2.92,1.44,-0.11,1,imu01,fusion_20260818T184228Z,1240,54611677,570190335101230
570190359000000,54631,0.109,0.128,0.979,0.09,1.63,1.86,1,imu01,fusion_20260818T184228Z,1241,54631681,570190355104572
570190390000000,54651,0.11,0.147,0.995,-1.25,1.55,1.03,1,imu01,fusion_20260818T184228Z,1242,54651677,570190375099913
570190406000000,54671,0.101,0.133,0.998,0.74,1.39,-0.34,1,imu01,fusion_20260818T184228Z,1243,54671681,570190395103254
570190421000000,54691,0.115,0.134,1.001,3.31,1.49,-1.73,1,imu01,fusion_20260818T184228Z,1244,54691677,570190415098596
570190437000000,54711,0.109,0.144,0.988,2.84,0.84,-1.36,1,imu01,fusion_20260818T184228Z,1245,54711681,570190435101937
570190468000000,54731,0.104,0.146,0.993,1.25,0.17,0.22,1,imu01,fusion_20260818T184228Z,1246,54731677,570190455097278
570190484000000,54751,0.103,0.142,0.992,0.21,0.45,0.95,1,imu01,fusion_20260818T184228Z,1247,54751681,570190475100620
570190500000000,54771,0.108,0.134,1.005,1.02,1.11,-0.12,1,imu01,fusion_20260818T184228Z,1248,54771677,570190495095961
570190531000000,54791,0.097,0.126,0.986,0.3,1.28,-0.42,1,imu01,fusion_20260818T184228Z,1249,54791681,570190515099302
570190546000000,54811,0.113,0.134,1.001,-1.76,1.18,0.06,1,imu01,fusion_20260818T184228Z,1250,54811677,570190535094644
570190562000000,54831,0.107,0.138,0.993,-0.84,-0.21,-0.19,1,imu01,fusion_20260818T184228Z,1251,54831681,570190555097985
570190578000000,54851,0.098,0.138,0.983,0.27,-0.8,-0.06,1,imu01,fusion_20260818T184228Z,1252,54851677,570190575093327
570190609000000,54871,0.101,0.146,0.984,1.99,-0.09,-0.91,1,imu01,fusion_20260818T184228Z,1253,54871681,570190595096668
570190625000000,54891,0.096,0.123,0.982,1.24,0.54,-0.36,1,imu01,fusion_20260818T184228Z,1254,54891677,570190615092010
570190640000000,54911,0.106,0.139,0.992,-0.99,0.66,-0.13,1,imu01,fusion_20260818T184228Z,1255,54911681,570190635095351
570190671000000,54931,0.09,0.152,0.969,-0.98,0.23,-0.25,1,imu01,fusion_20260818T184228Z,1256,54931677,570190655090692
570190687000000,54951,0.098,0.15,0.995,-1.51,1.73,0.89,1,imu01,fusion_20260818T184228Z,1257,54951681,570190675094034
570190703000000,54971,0.097,0.137,0.99,0.59,1.44,0.23,1,imu01,fusion_20260818T184228Z,1258,54971677,570190695089375
570190718000000,54991,0.099,0.118,0.989,1.39,0.49,-0.37,1,imu01,fusion_20260818T184228Z,1259,54991681,570190715092716
570190750000000,55011,0.1,0.138,0.985,-0.51,-0.28,-0.3,1,imu01,fusion_20260818T184228Z,1260,55011677,570190735088058
570190765000000,55031,0.093,0.14,0.962,-0.05,-1.11,0.18,1,imu01,fusion_20260818T184228Z,1261,55031681,570190755091399
570190781000000,55051,0.107,0.153,0.973,1.17,0.96,-0.56,1,imu01,fusion_20260818T184228Z,1262,55051677,570190775086740
570190812000000,55071,0.116,0.126,0.999,1.95,1.17,0.42,1,imu01,fusion_20260818T184228Z,1263,55071681,570190795090082
570190828000000,55091,0.105,0.134,0.968,3.54,-0.45,-1.19,1,imu01,fusion_20260818T184228Z,1264,55091677,570190815085423
570190843000000,55111,0.097,0.156,0.962,2.36,-1.1,-1.17,1,imu01,fusion_20260818T184228Z,1265,55111681,570190835088764
570190859000000,55131,0.085,0.158,0.972,-0.71,0.09,0.86,1,imu01,fusion_20260818T184228Z,1266,55131677,570190855084106
570190890000000,55151,0.097,0.16,0.99,-1.12,2.34,0.81,1,imu01,fusion_20260818T184228Z,1267,55151681,570190875087447
570190906000000,55171,0.085,0.133,0.972,-1.26,1.87,2.45,1,imu01,fusion_20260818T184228Z,1268,55171677,570190895082789
570190921000000,55191,0.101,0.142,0.974,0.44,2.0,0.76,1,imu01,fusion_20260818T184228Z,1269,55191681,570190915086130
570190937000000,55211,0.101,0.122,0.971,-1.09,1.77,2.02,1,imu01,fusion_20260818T184228Z,1270,55211677,570190935081472
570190968000000,55231,0.108,0.15,0.972,2.48,1.38,-0.1,1,imu01,fusion_20260818T184228Z,1271,55231681,570190955084813
570190984000000,55251,0.099,0.143,0.945,4.1,0.97,-0.37,1,imu01,fusion_20260818T184228Z,1272,55251677,570190975080154
570191000000000,55271,0.102,0.14,0.955,3.2,1.91,0.21,1,imu01,fusion_20260818T184228Z,1273,55271681,570190995083496
570191031000000,55291,0.101,0.164,0.96,1.36,2.89,1.2,1,imu01,fusion_20260818T184228Z,1274,55291677,570191015078837
570191046000000,55311,0.087,0.141,0.953,2.9,4.23,0.85,1,imu01,fusion_20260818T184228Z,1275,55311681,570191035082178
570191062000000,55331,0.091,0.146,0.952,5.11,5.85,-1.05,1,imu01,fusion_20260818T184228Z,1276,55331677,570191055077520
570191078000000,55351,0.109,0.148,0.98,3.14,7.17,-0.53,1,imu01,fusion_20260818T184228Z,1277,55351681,570191075080861
570191109000000,55371,0.103,0.14,0.975,0.57,6.3,0.3,1,imu01,fusion_20260818T184228Z,1278,55371677,570191095076202
570191125000000,55391,0.094,0.163,0.958,0.44,5.76,-0.34,1,imu01,fusion_20260818T184228Z,1279,55391681,570191115079544
570191140000000,55411,0.095,0.169,0.974,3.15,6.81,-0.26,1,imu01,fusion_20260818T184228Z,1280,55411677,570191135074885
570191171000000,55431,0.079,0.162,0.965,5.85,7.1,0.29,1,imu01,fusion_20260818T184228Z,1281,55431681,570191155078226
570191187000000,55451,0.078,0.141,0.983,6.96,7.85,0.31,1,imu01,fusion_20260818T184228Z,1282,55451677,570191175073568
570191203000000,55471,0.072,0.173,0.997,8.39,8.89,-0.11,1,imu01,fusion_20260818T184228Z,1283,55471681,570191195076909
570191218000000,55491,0.106,0.153,1.01,11.41,9.3,-0.6,1,imu01,fusion_20260818T184228Z,1284,55491677,570191215072251
570191250000000,55511,0.086,0.145,0.953,12.85,6.6,-1.05,1,imu01,fusion_20260818T184228Z,1285,55511681,570191235075592
570191265000000,55531,0.091,0.159,0.963,12.23,7.83,-0.34,1,imu01,fusion_20260818T184228Z,1286,55531677,570191255070934
570191281000000,55551,0.106,0.171,0.975,12.67,9.39,2.0,1,imu01,fusion_20260818T184228Z,1287,55551681,570191275074275
570191312000000,55571,0.098,0.151,0.972,16.59,10.01,2.04,1,imu01,fusion_20260818T184228Z,1288,55571677,570191295069616
570191328000000,55591,0.1,0.134,0.974,19.91,11.44,0.53,1,imu01,fusion_20260818T184228Z,1289,55591681,570191315072958
570191343000000,55611,0.086,0.125,0.932,20.91,12.02,-1.66,1,imu01,fusion_20260818T184228Z,1290,55611677,570191335068299
570191359000000,55631,0.085,0.169,0.97,17.97,13.9,-2.24,1,imu01,fusion_20260818T184228Z,1291,55631681,570191355071640
570191390000000,55651,0.099,0.131,0.991,17.73,15.36,-2.54,1,imu01,fusion_20260818T184228Z,1292,55651677,570191375066982
570191406000000,55671,0.082,0.175,0.984,18.99,15.31,-6.36,1,imu01,fusion_20260818T184228Z,1293,55671681,570191395070323
570191421000000,55691,0.063,0.207,0.993,15.7,15.33,-5.65,1,imu01,fusion_20260818T184228Z,1294,55691677,570191415065664
570191437000000,55711,0.077,0.218,1.09,10.94,16.74,-2.95,1,imu01,fusion_20260818T184228Z,1295,55711681,570191435069006
570191468000000,55731,0.072,0.204,1.076,13.35,14.72,-5.92,1,imu01,fusion_20260818T184228Z,1296,55731677,570191455064347
570191484000000,55751,0.027,0.231,1.028,13.78,14.38,-10.05,1,imu01,fusion_20260818T184228Z,1297,55751681,570191475067688
570191500000000,55771,0.048,0.275,1.144,2.8,20.0,-7.49,1,imu01,fusion_20260818T184228Z,1298,55771677,570191495063030
570191531000000,55791,0.032,0.358,1.261,-1.99,20.14,-3.07,1,imu01,fusion_20260818T184228Z,1299,55791681,570191515066371
570191546000000,55811,0.013,0.343,1.331,-4.29,16.17,2.44,1,imu01,fusion_20260818T184228Z,1300,55811677,570191535061713
570191562000000,55831,0.014,0.365,1.362,0.65,10.5,4.28,1,imu01,fusion_20260818T184228Z,1301,55831681,570191555065054
570191578000000,55851,-0.048,0.248,1.252,3.22,4.07,9.09,1,imu01,fusion_20260818T184228Z,1302,55851677,570191575060396
570191609000000,55871,-0.004,0.212,1.205,0.4,2.85,10.93,1,imu01,fusion_20260818T184228Z,1303,55871681,570191595063737
570191625000000,55891,0.013,0.196,1.176,-2.03,-0.15,11.53,1,imu01,fusion_20260818T184228Z,1304,55891677,570191615059078
570191640000000,55911,0.015,0.21,1.108,-1.4,-2.53,8.73,1,imu01,fusion_20260818T184228Z,1305,55911681,570191635062420
570191671000000,55931,-0.019,0.251,1.069,-3.49,-0.73,8.89,1,imu01,fusion_20260818T184228Z,1306,55931677,570191655057761
570191687000000,55951,-0.024,0.296,1.152,-2.61,2.87,10.03,1,imu01,fusion_20260818T184228Z,1307,55951681,570191675061102
570191703000000,55971,0.01,0.303,1.217,-1.86,3.19,9.59,1,imu01,fusion_20260818T184228Z,1308,55971677,570191695056444
570191718000000,55991,-0.027,0.324,1.168,0.23,-2.42,5.91,1,imu01,fusion_20260818T184228Z,1309,55991681,570191715059785
570191750000000,56011,-0.077,0.337,1.093,-4.77,-7.31,6.02,1,imu01,fusion_20260818T184228Z,1310,56011677,570191735055127
570191765000000,56031,-0.099,0.341,1.023,-9.85,-8.35,8.17,1,imu01,fusion_20260818T184228Z,1311,56031681,570191755058468
570191781000000,56051,-0.111,0.346,0.996,-13.16,-4.45,10.57,1,imu01,fusion_20260818T184228Z,1312,56051677,570191775053809
570191812000000,56071,-0.094,0.333,1.002,-10.55,2.02,11.21,1,imu01,fusion_20260818T184228Z,1313,56071681,570191795057151
570191828000000,56091,-0.08,0.302,1.053,-6.05,8.29,12.24,1,imu01,fusion_20260818T184228Z,1314,56091677,570191815052492
570191843000000,56111,-0.04,0.28,1.088,1.26,14.32,9.79,1,imu01,fusion_20260818T184228Z,1315,56111681,570191835055833
570191859000000,56131,-0.016,0.255,1.121,3.64,15.55,9.23,1,imu01,fusion_20260818T184228Z,1316,56131677,570191855051175
570191890000000,56151,-0.001,0.231,1.121,1.97,15.14,9.22,1,imu01,fusion_20260818T184228Z,1317,56151679,570191875052516
570191906000000,56171,0.013,0.204,1.126,-0.28,14.26,8.7,1,imu01,fusion_20260818T184228Z,1318,56171677,570191895049858
570191921000000,56191,0.025,0.201,1.14,-1.91,10.23,8.05,1,imu01,fusion_20260818T184228Z,1319,56191681,570191915053199
570191937000000,56211,0.037,0.171,1.104,-3.03,2.16,7.57,1,imu01,fusion_20260818T184228Z,1320,56211677,570191935048540
570191968000000,56231,-0.042,0.144,0.95,-3.67,-6.61,4.6,1,imu01,fusion_20260818T184228Z,1321,56231681,570191955051882
570191984000000,56251,-0.001,0.189,0.961,-8.43,-5.07,1.87,1,imu01,fusion_20260818T184228Z,1322,56251677,570191975047223
570192000000000,56271,0.002,0.182,0.923,-15.26,-4.93,5.39,1,imu01,fusion_20260818T184228Z,1323,56271681,570191995050564
570192031000000,56291,-0.014,0.202,0.897,-13.32,-4.23,4.08,1,imu01,fusion_20260818T184228Z,1324,56291677,570192015045906
570192046000000,56311,-0.007,0.187,0.916,-13.26,-2.65,6.04,1,imu01,fusion_20260818T184228Z,1325,56311681,570192035049247
570192062000000,56331,-0.002,0.184,0.922,-9.61,-4.07,4.28,1,imu01,fusion_20260818T184228Z,1326,56331677,570192055044589
570192078000000,56351,0.002,0.193,0.867,-11.95,-6.92,3.95,1,imu01,fusion_20260818T184228Z,1327,56351681,570192075047930
570192109000000,56371,0.001,0.178,0.828,-12.7,-8.9,3.4,1,imu01,fusion_20260818T184228Z,1328,56371677,570192095043271
570192125000000,56391,-0.003,0.188,0.786,-12.26,-9.49,3.33,1,imu01,fusion_20260818T184228Z,1329,56391681,570192115046613
570192140000000,56411,0.001,0.192,0.814,-13.09,-6.35,4.34,1,imu01,fusion_20260818T184228Z,1330,56411677,570192135041954
570192171000000,56431,0.031,0.179,0.887,-9.87,-5.24,6.09,1,imu01,fusion_20260818T184228Z,1331,56431681,570192155045295
570192187000000,56451,0.066,0.138,0.902,-3.99,-8.81,4.07,1,imu01,fusion_20260818T184228Z,1332,56451677,570192175040637
570192203000000,56471,0.018,0.114,0.781,2.43,-15.38,-0.92,1,imu01,fusion_20260818T184228Z,1333,56471681,570192195043978
570192218000000,56491,0.022,0.118,0.781,-1.06,-14.97,0.15,1,imu01,fusion_20260818T184228Z,1334,56491677,570192215039320
570192250000000,56511,0.046,0.14,0.855,-11.36,-13.63,5.01,1,imu01,fusion_20260818T184228Z,1335,56511681,570192235042661
570192265000000,56531,0.053,0.174,0.888,-14.09,-15.9,6.79,1,imu01,fusion_20260818T184228Z,1336,56531677,570192255038002
570192281000000,56551,0.078,0.146,0.903,-10.67,-18.29,4.86,1,imu01,fusion_20260818T184228Z,1337,56551681,570192275041344
570192312000000,56571,0.044,0.133,0.867,-7.54,-21.88,4.04,1,imu01,fusion_20260818T184228Z,1338,56571677,570192295036685
570192328000000,56591,0.073,0.131,0.899,-5.65,-20.9,3.34,1,imu01,fusion_20260818T184228Z,1339,56591681,570192315040026
570192343000000,56611,0.08,0.14,0.915,-9.9,-19.71,6.0,1,imu01,fusion_20260818T184228Z,1340,56611677,570192335035368
570192359000000,56631,0.106,0.145,0.917,-8.28,-21.51,5.6,1,imu01,fusion_20260818T184228Z,1341,56631681,570192355038709
570192390000000,56651,0.088,0.122,0.822,-4.76,-23.86,2.9,1,imu01,fusion_20260818T184228Z,1342,56651677,570192375034051
570192406000000,56671,0.062,0.105,0.798,-6.25,-25.13,5.69,1,imu01,fusion_20260818T184228Z,1343,56671681,570192395037392
570192421000000,56691,0.09,0.129,0.843,-8.64,-22.42,8.57,1,imu01,fusion_20260818T184228Z,1344,56691677,570192415032733
570192437000000,56711,0.103,0.112,0.864,-8.11,-21.33,8.98,1,imu01,fusion_20260818T184228Z,1345,56711681,570192435036075
570192468000000,56731,0.092,0.086,0.844,-7.35,-20.76,5.61,1,imu01,fusion_20260818T184228Z,1346,56731677,570192455031416
570192484000000,56751,0.07,0.114,0.818,-7.69,-21.07,2.87,1,imu01,fusion_20260818T184228Z,1347,56751681,570192475034757
570192500000000,56771,0.076,0.134,0.876,-14.43,-17.61,4.86,1,imu01,fusion_20260818T184228Z,1348,56771677,570192495030099
570192531000000,56791,0.086,0.17,0.92,-15.61,-15.48,6.84,1,imu01,fusion_20260818T184228Z,1349,56791681,570192515033440
570192546000000,56811,0.068,0.16,0.918,-6.9,-11.93,4.13,1,imu01,fusion_20260818T184228Z,1350,56811677,570192535028782
570192562000000,56831,0.074,0.154,0.939,0.29,-6.7,1.76,1,imu01,fusion_20260818T184228Z,1351,56831681,570192555032123
570192578000000,56851,0.073,0.174,0.93,0.91,-4.77,3.07,1,imu01,fusion_20260818T184228Z,1352,56851677,570192575027464
570192609000000,56871,0.064,0.162,0.881,-1.64,-2.37,4.5,1,imu01,fusion_20260818T184228Z,1353,56871681,570192595030806
570192625000000,56891,0.058,0.155,0.903,-1.39,2.79,5.55,1,imu01,fusion_20260818T184228Z,1354,56891677,570192615026147
570192640000000,56911,0.106,0.113,0.981,-0.85,5.36,8.96,1,imu01,fusion_20260818T184228Z,1355,56911681,570192635029488
570192671000000,56931,0.09,0.088,0.961,2.15,1.37,7.06,1,imu01,fusion_20260818T184228Z,1356,56931677,570192655024830
570192687000000,56951,0.081,0.075,0.918,-1.32,-0.68,5.54,1,imu01,fusion_20260818T184228Z,1357,56951681,570192675028171
570192703000000,56971,0.078,0.105,0.927,-5.32,-0.66,6.74,1,imu01,fusion_20260818T184228Z,1358,56971677,570192695023513
570192718000000,56991,0.098,0.113,0.954,-1.03,2.26,5.09,1,imu01,fusion_20260818T184228Z,1359,56991681,570192715026854
570192750000000,57011,0.146,0.084,0.975,2.26,2.67,4.93,1,imu01,fusion_20260818T184228Z,1360,57011677,570192735022196
570192765000000,57031,0.113,0.092,0.965,3.06,0.54,3.79,1,imu01,fusion_20260818T184228Z,1361,57031681,570192755025537
570192781000000,57051,0.108,0.109,0.953,0.04,0.93,4.94,1,imu01,fusion_20260818T184228Z,1362,57051677,570192775020878
570192796000000,57071,0.123,0.111,0.981,-1.71,2.51,5.5,1,imu01,fusion_20260818T184228Z,1363,57071681,570192795024220
570192828000000,57091,0.128,0.105,0.997,-1.57,3.13,5.31,1,imu01,fusion_20260818T184228Z,1364,57091677,570192815019561
570192843000000,57111,0.147,0.104,1.01,0.26,2.45,3.41,1,imu01,fusion_20260818T184228Z,1365,57111681,570192835022902
570192859000000,57131,0.116,0.108,0.965,1.53,0.92,3.21,1,imu01,fusion_20260818T184228Z,1366,57131677,570192855018244
570192890000000,57151,0.138,0.097,0.988,1.34,3.16,1.56,1,imu01,fusion_20260818T184228Z,1367,57151681,570192875021585
570192906000000,57171,0.138,0.125,1.037,0.23,3.88,1.2,1,imu01,fusion_20260818T184228Z,1368,57171677,570192895016926
570192921000000,57191,0.123,0.109,1.014,2.22,1.79,0.23,1,imu01,fusion_20260818T184228Z,1369,57191681,570192915020268
570192937000000,57211,0.14,0.108,1.004,2.87,0.86,-1.01,1,imu01,fusion_20260818T184228Z,1370,57211677,570192935015609
570192968000000,57231,0.11,0.131,0.986,3.56,-0.58,-2.45,1,imu01,fusion_20260818T184228Z,1371,57231681,570192955018950
570192984000000,57251,0.118,0.131,0.981,-0.0,0.84,-2.5,1,imu01,fusion_20260818T184228Z,1372,57251677,570192975014292
570193000000000,57271,0.13,0.128,1.006,-2.22,1.6,-0.37,1,imu01,fusion_20260818T184228Z,1373,57271681,570192995017633
570193031000000,57291,0.124,0.119,0.999,0.2,0.41,-0.93,1,imu01,fusion_20260818T184228Z,1374,57291677,570193015012975
570193046000000,57311,0.115,0.1,0.976,1.46,-0.91,-1.18,1,imu01,fusion_20260818T184228Z,1375,57311681,570193035016316
570193062000000,57331,0.123,0.1,0.952,2.17,-1.45,-1.44,1,imu01,fusion_20260818T184228Z,1376,57331677,570193055011658
570193078000000,57351,0.132,0.121,0.962,0.87,-0.26,-0.85,1,imu01,fusion_20260818T184228Z,1377,57351681,570193075014999
570193109000000,57371,0.131,0.13,0.988,-0.28,1.13,0.04,1,imu01,fusion_20260818T184228Z,1378,57371677,570193095010340
570193125000000,57391,0.137,0.122,0.995,0.86,2.18,-0.5,1,imu01,fusion_20260818T184228Z,1379,57391681,570193115013682
570193140000000,57411,0.114,0.136,0.991,-0.42,2.58,0.38,1,imu01,fusion_20260818T184228Z,1380,57411677,570193135009023
570193171000000,57431,0.138,0.148,1.031,-1.15,3.7,0.19,1,imu01,fusion_20260818T184228Z,1381,57431681,570193155012364
570193187000000,57451,0.138,0.124,1.02,1.4,1.0,-0.15,1,imu01,fusion_20260818T184228Z,1382,57451677,570193175007706
570193203000000,57471,0.123,0.128,0.967,1.4,-1.41,-0.88,1,imu01,fusion_20260818T184228Z,1383,57471681,570193195011047
570193218000000,57491,0.137,0.138,1.013,-1.12,-1.05,1.64,1,imu01,fusion_20260818T184228Z,1384,57491677,570193215006388
570193250000000,57511,0.137,0.144,1.0,1.33,-1.64,1.37,1,imu01,fusion_20260818T184228Z,1385,57511681,570193235009730
570193265000000,57531,0.136,0.134,0.99,1.37,-0.64,0.12,1,imu01,fusion_20260818T184228Z,1386,57531677,570193255005071
570193281000000,57551,0.132,0.123,0.994,-0.85,-1.18,2.45,1,imu01,fusion_20260818T184228Z,1387,57551681,570193275008412
570193312000000,57571,0.121,0.144,0.994,1.01,-1.72,1.07,1,imu01,fusion_20260818T184228Z,1388,57571677,570193295003754
570193328000000,57591,0.125,0.145,0.955,0.42,-1.45,1.79,1,imu01,fusion_20260818T184228Z,1389,57591681,570193315007095
570193343000000,57611,0.136,0.126,0.988,-1.42,1.2,2.31,1,imu01,fusion_20260818T184228Z,1390,57611677,570193335002437
570193359000000,57631,0.123,0.097,0.988,-1.93,1.65,3.34,1,imu01,fusion_20260818T184228Z,1391,57631681,570193355005778
570193390000000,57651,0.131,0.107,0.981,-2.54,2.23,3.12,1,imu01,fusion_20260818T184228Z,1392,57651677,570193375001120
570193406000000,57671,0.121,0.113,0.979,-2.14,1.36,3.15,1,imu01,fusion_20260818T184228Z,1393,57671681,570193395004461
570193421000000,57691,0.115,0.111,0.966,-0.51,1.16,2.42,1,imu01,fusion_20260818T184228Z,1394,57691677,570193414999802
570193437000000,57711,0.139,0.127,0.983,-0.61,2.58,0.27,1,imu01,fusion_20260818T184228Z,1395,57711681,570193435003144
570193468000000,57731,0.108,0.115,0.978,-0.87,1.32,0.3,1,imu01,fusion_20260818T184228Z,1396,57731677,570193454998485
570193484000000,57751,0.122,0.142,0.998,-2.09,2.32,0.26,1,imu01,fusion_20260818T184228Z,1397,57751681,570193475001826
570193500000000,57771,0.121,0.112,0.993,-1.32,2.26,0.78,1,imu01,fusion_20260818T184228Z,1398,57771677,570193494997168
570193531000000,57791,0.123,0.138,1.001,0.01,2.22,-0.23,1,imu01,fusion_20260818T184228Z,1399,57791681,570193515000509
570193546000000,57811,0.138,0.086,1.001,0.35,1.45,0.37,1,imu01,fusion_20260818T184228Z,1400,57811677,570193534995850
570193562000000,57831,0.121,0.122,1.011,-1.75,1.21,0.82,1,imu01,fusion_20260818T184228Z,1401,57831681,570193554999192
570193578000000,57851,0.13,0.151,1.009,-3.52,0.76,1.95,1,imu01,fusion_20260818T184228Z,1402,57851677,570193574994533
570193609000000,57871,0.105,0.128,0.998,-3.57,-0.65,2.44,1,imu01,fusion_20260818T184228Z,1403,57871681,570193594997874
570193625000000,57891,0.127,0.126,1.032,-7.18,0.97,3.31,1,imu01,fusion_20260818T184228Z,1404,57891677,570193614993216
570193640000000,57911,0.117,0.119,1.02,-3.54,-1.84,2.55,1,imu01,fusion_20260818T184228Z,1405,57911681,570193634996557
570193671000000,57931,0.119,0.119,0.962,2.43,-4.04,-0.32,1,imu01,fusion_20260818T184228Z,1406,57931677,570193654991899
570193687000000,57951,0.112,0.109,0.915,4.14,-3.11,0.61,1,imu01,fusion_20260818T184228Z,1407,57951681,570193674995240
570193703000000,57971,0.131,0.122,0.968,2.43,1.08,1.67,1,imu01,fusion_20260818T184228Z,1408,57971677,570193694990582
570193718000000,57991,0.128,0.105,0.985,0.1,2.4,2.42,1,imu01,fusion_20260818T184228Z,1409,57991681,570193714993923
570193750000000,58011,0.141,0.089,0.988,-2.83,1.13,3.86,1,imu01,fusion_20260818T184228Z,1410,58011677,570193734989264
570193765000000,58031,0.104,0.109,1.007,-1.96,0.26,1.11,1,imu01,fusion_20260818T184228Z,1411,58031681,570193754992606
570193781000000,58051,0.111,0.125,0.998,0.88,-0.93,0.28,1,imu01,fusion_20260818T184228Z,1412,58051677,570193774987947
570193812000000,58071,0.131,0.105,0.99,-0.35,0.33,0.15,1,imu01,fusion_20260818T184228Z,1413,58071681,570193794991288
570193828000000,58091,0.131,0.129,1.0,-0.46,-0.19,-0.76,1,imu01,fusion_20260818T184228Z,1414,58091677,570193814986630
570193843000000,58111,0.131,0.123,0.986,-1.32,-1.74,1.11,1,imu01,fusion_20260818T184228Z,1415,58111681,570193834989971
570193859000000,58131,0.129,0.141,1.003,0.15,-1.06,0.21,1,imu01,fusion_20260818T184228Z,1416,58131677,570193854985312
570193890000000,58151,0.114,0.109,0.962,-0.29,-0.84,0.43,1,imu01,fusion_20260818T184228Z,1417,58151679,570193874986654
570193906000000,58171,0.143,0.133,0.998,-0.4,1.03,0.5,1,imu01,fusion_20260818T184228Z,1418,58171677,570193894983995
570193921000000,58191,0.122,0.122,0.998,0.65,0.65,1.84,1,imu01,fusion_20260818T184228Z,1419,58191681,570193914987336
570193953000000,58211,0.122,0.108,0.997,0.68,0.91,2.5,1,imu01,fusion_20260818T184228Z,1420,58211677,570193934982678
570193968000000,58231,0.138,0.115,0.993,0.47,0.7,2.14,1,imu01,fusion_20260818T184228Z,1421,58231681,570193954986019
570193984000000,58251,0.107,0.104,0.986,-0.36,-0.5,3.1,1,imu01,fusion_20260818T184228Z,1422,58251677,570193974981361
570194000000000,58271,0.146,0.121,0.994,-0.45,0.97,2.84,1,imu01,fusion_20260818T184228Z,1423,58271681,570193994984702
570194031000000,58291,0.124,0.088,1.006,0.72,0.84,2.66,1,imu01,fusion_20260818T184228Z,1424,58291677,570194014980044
570194046000000,58311,0.114,0.104,1.001,0.88,0.12,0.53,1,imu01,fusion_20260818T184228Z,1425,58311681,570194034983385
570194062000000,58331,0.123,0.116,0.984,-1.62,-0.97,0.14,1,imu01,fusion_20260818T184228Z,1426,58331677,570194054978726
570194078000000,58351,0.141,0.124,0.994,-2.8,-0.22,0.52,1,imu01,fusion_20260818T184228Z,1427,58351681,570194074982068
570194109000000,58371,0.113,0.134,0.981,-0.23,-0.4,1.17,1,imu01,fusion_20260818T184228Z,1428,58371677,570194094977409
570194125000000,58391,0.132,0.122,1.01,0.72,0.37,0.31,1,imu01,fusion_20260818T184228Z,1429,58391681,570194114980750
570194140000000,58411,0.134,0.122,0.986,0.75,-1.38,0.77,1,imu01,fusion_20260818T184228Z,1430,58411677,570194134976092
570194171000000,58431,0.105,0.137,0.958,1.77,-3.29,0.76,1,imu01,fusion_20260818T184228Z,1431,58431681,570194154979433
570194187000000,58451,0.114,0.118,0.944,1.33,0.52,0.0,1,imu01,fusion_20260818T184228Z,1432,58451677,570194174974775
570194203000000,58471,0.12,0.126,0.987,0.61,2.0,1.41,1,imu01,fusion_20260818T184228Z,1433,58471681,570194194978116
570194218000000,58491,0.114,0.132,0.993,2.52,2.81,0.37,1,imu01,fusion_20260818T184228Z,1434,58491677,570194214973457
570194250000000,58511,0.128,0.111,1.021,1.84,2.9,1.21,1,imu01,fusion_20260818T184228Z,1435,58511681,570194234976799
570194265000000,58531,0.123,0.12,1.02,-0.3,3.3,0.95,1,imu01,fusion_20260818T184228Z,1436,58531677,570194254972140
570194281000000,58551,0.129,0.131,1.001,-1.51,1.26,1.42,1,imu01,fusion_20260818T184228Z,1437,58551681,570194274975481
570194312000000,58571,0.136,0.1,0.996,-2.73,1.97,1.48,1,imu01,fusion_20260818T184228Z,1438,58571677,570194294970823
570194328000000,58591,0.141,0.101,1.007,-2.47,0.61,0.81,1,imu01,fusion_20260818T184228Z,1439,58591681,570194314974164
570194343000000,58611,0.125,0.095,0.976,-1.43,-2.58,1.93,1,imu01,fusion_20260818T184228Z,1440,58611677,570194334969506
570194359000000,58631,0.118,0.12,0.965,1.09,-2.03,0.02,1,imu01,fusion_20260818T184228Z,1441,58631681,570194354972847
570194390000000,58651,0.134,0.119,1.005,1.33,-0.29,-0.06,1,imu01,fusion_20260818T184228Z,1442,58651677,570194374968188
570194406000000,58671,0.116,0.114,0.998,2.52,-0.64,0.12,1,imu01,fusion_20260818T184228Z,1443,58671681,570194394971530
570194421000000,58691,0.123,0.13,0.987,-0.54,-0.76,0.96,1,imu01,fusion_20260818T184228Z,1444,58691677,570194414966871
570194453000000,58711,0.107,0.126,0.982,-1.09,-0.64,1.2,1,imu01,fusion_20260818T184228Z,1445,58711681,570194434970212
570194468000000,58731,0.114,0.119,0.985,0.03,0.79,0.85,1,imu01,fusion_20260818T184228Z,1446,58731677,570194454965554
570194484000000,58751,0.129,0.092,0.98,0.47,2.0,1.3,1,imu01,fusion_20260818T184228Z,1447,58751681,570194474968895
570194500000000,58771,0.129,0.116,1.0,0.94,1.28,1.4,1,imu01,fusion_20260818T184228Z,1448,58771677,570194494964237
570194531000000,58791,0.117,0.119,0.965,2.13,0.09,0.15,1,imu01,fusion_20260818T184228Z,1449,58791681,570194514967578
570194546000000,58811,0.121,0.126,0.985,0.18,0.77,0.62,1,imu01,fusion_20260818T184228Z,1450,58811677,570194534962919
570194562000000,58831,0.12,0.11,0.988,-0.7,1.47,1.66,1,imu01,fusion_20260818T184228Z,1451,58831681,570194554966261
570194578000000,58851,0.129,0.099,0.984,1.52,1.77,-0.14,1,imu01,fusion_20260818T184228Z,1452,58851677,570194574961602
570194609000000,58871,0.125,0.088,0.987,1.67,1.38,-0.44,1,imu01,fusion_20260818T184228Z,1453,58871681,570194594964943
570194625000000,58891,0.112,0.11,0.98,1.98,0.32,-2.11,1,imu01,fusion_20260818T184228Z,1454,58891677,570194614960285
570194640000000,58911,0.109,0.132,0.974,3.38,0.93,-3.48,1,imu01,fusion_20260818T184228Z,1455,58911681,570194634963626
570194671000000,58931,0.113,0.119,0.991,2.47,1.17,-2.74,1,imu01,fusion_20260818T184228Z,1456,58931677,570194654958968
570194687000000,58951,0.114,0.133,0.975,3.33,-0.15,-3.37,1,imu01,fusion_20260818T184228Z,1457,58951681,570194674962309
570194703000000,58971,0.115,0.13,0.979,1.68,-0.34,-1.19,1,imu01,fusion_20260818T184228Z,1458,58971677,570194694957650
570194718000000,58991,0.128,0.13,0.979,1.31,0.93,-2.12,1,imu01,fusion_20260818T184228Z,1459,58991681,570194714960992
570194750000000,59011,0.123,0.123,0.972,2.51,0.65,-3.01,1,imu01,fusion_20260818T184228Z,1460,59011677,570194734956333
570194765000000,59031,0.125,0.143,0.988,0.26,1.39,-1.85,1,imu01,fusion_20260818T184228Z,1461,59031681,570194754959674
570194781000000,59051,0.131,0.143,1.006,-0.28,1.66,-0.09,1,imu01,fusion_20260818T184228Z,1462,59051677,570194774955016
570194812000000,59071,0.118,0.131,0.988,0.68,1.68,-0.19,1,imu01,fusion_20260818T184228Z,1463,59071681,570194794958357
570194828000000,59091,0.133,0.122,1.004,-0.19,1.52,-0.2,1,imu01,fusion_20260818T184228Z,1464,59091677,570194814953699
570194843000000,59111,0.119,0.126,0.984,1.97,0.64,-1.83,1,imu01,fusion_20260818T184228Z,1465,59111681,570194834957040
570194859000000,59131,0.12,0.125,0.984,0.55,1.47,-0.71,1,imu01,fusion_20260818T184228Z,1466,59131677,570194854952381
570194890000000,59151,0.127,0.135,0.999,0.46,1.1,0.76,1,imu01,fusion_20260818T184228Z,1467,59151681,570194874955723
570194906000000,59171,0.12,0.111,0.963,0.68,0.92,-0.34,1,imu01,fusion_20260818T184228Z,1468,59171677,570194894951064
570194921000000,59191,0.12,0.146,0.964,-0.22,1.73,-1.05,1,imu01,fusion_20260818T184228Z,1469,59191681,570194914954405
570194937000000,59211,0.112,0.145,0.967,1.04,2.74,-0.57,1,imu01,fusion_20260818T184228Z,1470,59211677,570194934949747
570194968000000,59231,0.114,0.142,0.995,3.81,2.94,0.35,1,imu01,fusion_20260818T184228Z,1471,59231681,570194954953088
570194984000000,59251,0.109,0.138,0.991,6.59,3.05,-0.34,1,imu01,fusion_20260818T184228Z,1472,59251677,570194974948430
570195000000000,59271,0.105,0.109,0.988,6.43,2.3,-0.48,1,imu01,fusion_20260818T184228Z,1473,59271681,570194994951771
570195031000000,59291,0.115,0.135,1.002,0.94,2.69,-1.39,1,imu01,fusion_20260818T184228Z,1474,59291677,570195014947112
570195046000000,59311,0.106,0.147,1.0,-3.56,0.44,1.24,1,imu01,fusion_20260818T184228Z,1475,59311681,570195034950454
570195062000000,59331,0.105,0.145,1.019,-1.97,0.69,1.02,1,imu01,fusion_20260818T184228Z,1476,59331677,570195054945795
570195078000000,59351,0.106,0.115,0.982,1.09,0.74,-0.55,1,imu01,fusion_20260818T184228Z,1477,59351681,570195074949136
570195109000000,59371,0.111,0.139,0.978,-0.19,-0.27,-0.82,1,imu01,fusion_20260818T184228Z,1478,59371677,570195094944478
570195125000000,59391,0.105,0.126,0.971,0.56,-0.18,-0.7,1,imu01,fusion_20260818T184228Z,1479,59391681,570195114947819
570195140000000,59411,0.102,0.126,0.961,0.84,1.0,-1.43,1,imu01,fusion_20260818T184228Z,1480,59411677,570195134943161
570195171000000,59431,0.115,0.132,0.969,-0.31,1.72,-1.5,1,imu01,fusion_20260818T184228Z,1481,59431681,570195154946502
570195187000000,59451,0.11,0.149,0.97,-1.99,0.93,-0.82,1,imu01,fusion_20260818T184228Z,1482,59451677,570195174941843
570195203000000,59471,0.091,0.136,0.96,-0.31,1.16,-0.24,1,imu01,fusion_20260818T184228Z,1483,59471681,570195194945185
570195218000000,59491,0.108,0.132,0.971,1.96,3.0,-0.4,1,imu01,fusion_20260818T184228Z,1484,59491677,570195214940526
570195250000000,59511,0.105,0.113,0.987,0.58,4.15,-0.29,1,imu01,fusion_20260818T184228Z,1485,59511681,570195234943867
570195265000000,59531,0.098,0.154,0.998,-0.5,3.64,-1.11,1,imu01,fusion_20260818T184228Z,1486,59531677,570195254939209
570195281000000,59551,0.094,0.159,0.999,0.59,3.1,-1.2,1,imu01,fusion_20260818T184228Z,1487,59551681,570195274942550
570195312000000,59571,0.094,0.127,0.997,0.31,3.21,0.11,1,imu01,fusion_20260818T184228Z,1488,59571677,570195294937892
570195328000000,59591,0.105,0.152,1.025,1.02,2.35,-1.12,1,imu01,fusion_20260818T184228Z,1489,59591681,570195314941233
570195343000000,59611,0.086,0.144,0.984,0.15,0.24,-0.27,1,imu01,fusion_20260818T184228Z,1490,59611677,570195334936574
570195359000000,59631,0.058,0.134,0.936,-2.42,2.43,-0.11,1,imu01,fusion_20260818T184228Z,1491,59631681,570195354939916
570195390000000,59651,0.109,0.149,0.984,-14.61,8.83,4.21,1,imu01,fusion_20260818T184228Z,1492,59651677,570195374935257
570195406000000,59671,0.101,0.135,0.996,-12.12,7.13,5.8,1,imu01,fusion_20260818T184228Z,1493,59671681,570195394938598
570195421000000,59691,0.092,0.123,0.985,-2.74,3.75,2.28,1,imu01,fusion_20260818T184228Z,1494,59691677,570195414933940
570195437000000,59711,0.078,0.114,0.96,2.75,2.67,-0.74,1,imu01,fusion_20260818T184228Z,1495,59711681,570195434937281
570195468000000,59731,0.082,0.137,0.982,2.23,2.72,0.09,1,imu01,fusion_20260818T184228Z,1496,59731677,570195454932623
570195484000000,59751,0.077,0.134,0.983,5.15,2.65,-0.99,1,imu01,fusion_20260818T184228Z,1497,59751681,570195474935964
570195500000000,59771,0.072,0.118,0.975,5.71,3.76,-1.63,1,imu01,fusion_20260818T184228Z,1498,59771677,570195494931306
570195531000000,59791,0.094,0.131,1.002,4.39,4.78,-2.45,1,imu01,fusion_20260818T184228Z,1499,59791681,570195514934647
570195546000000,59811,0.066,0.132,0.952,2.96,3.37,-2.22,1,imu01,fusion_20260818T184228Z,1500,59811677,570195534929988
570195562000000,59831,0.069,0.146,0.973,0.06,4.93,-0.56,1,imu01,fusion_20260818T184228Z,1501,59831681,570195554933330
570195578000000,59851,0.071,0.139,0.993,0.85,6.45,0.24,1,imu01,fusion_20260818T184228Z,1502,59851677,570195574928671
570195609000000,59871,0.057,0.14,0.985,3.01,6.46,-0.2,1,imu01,fusion_20260818T184228Z,1503,59871681,570195594932012
570195625000000,59891,0.075,0.133,1.026,3.33,7.14,-0.59,1,imu01,fusion_20260818T184228Z,1504,59891677,570195614927354
570195640000000,59911,0.071,0.14,1.004,2.88,5.05,-0.27,1,imu01,fusion_20260818T184228Z,1505,59911681,570195634930695
570195671000000,59931,0.064,0.117,0.965,5.42,3.42,-0.74,1,imu01,fusion_20260818T184228Z,1506,59931677,570195654926036
570195687000000,59951,0.069,0.123,0.94,5.1,4.71,-0.85,1,imu01,fusion_20260818T184228Z,1507,59951681,570195674929378
570195703000000,59971,0.072,0.131,0.94,2.67,6.12,0.47,1,imu01,fusion_20260818T184228Z,1508,59971677,570195694924719
570195718000000,59991,0.08,0.131,0.975,1.62,7.88,1.02,1,imu01,fusion_20260818T184228Z,1509,59991681,570195714928060
570195750000000,60011,0.074,0.129,0.979,4.46,6.44,-0.4,1,imu01,fusion_20260818T184228Z,1510,60011677,570195734923402
570195765000000,60031,0.065,0.119,0.96,5.47,6.14,-1.98,1,imu01,fusion_20260818T184228Z,1511,60031681,570195754926743
570195781000000,60051,0.07,0.132,0.959,3.52,5.89,-1.92,1,imu01,fusion_20260818T184228Z,1512,60051677,570195774922085
570195812000000,60071,0.074,0.121,0.946,3.35,6.57,-3.0,1,imu01,fusion_20260818T184228Z,1513,60071681,570195794925426
570195828000000,60091,0.063,0.112,0.894,5.62,6.91,-4.66,1,imu01,fusion_20260818T184228Z,1514,60091677,570195814920768
570195843000000,60111,0.057,0.138,0.895,4.09,9.11,-4.72,1,imu01,fusion_20260818T184228Z,1515,60111681,570195834924109
570195859000000,60131,0.045,0.168,0.933,4.91,9.94,-3.91,1,imu01,fusion_20260818T184228Z,1516,60131677,570195854919450
570195890000000,60151,0.051,0.163,0.934,9.04,10.65,-3.93,1,imu01,fusion_20260818T184228Z,1517,60151679,570195874920792
570195906000000,60171,0.051,0.166,0.907,11.96,11.84,-6.62,1,imu01,fusion_20260818T184228Z,1518,60171677,570195894918133
570195921000000,60191,0.018,0.158,0.887,7.74,12.78,-3.63,1,imu01,fusion_20260818T184228Z,1519,60191681,570195914921474
570195937000000,60211,0.052,0.181,0.948,1.3,16.65,-1.55,1,imu01,fusion_20260818T184228Z,1520,60211677,570195934916816
570195968000000,60231,0.063,0.185,0.987,4.43,17.21,-1.67,1,imu01,fusion_20260818T184228Z,1521,60231681,570195954920157
570195984000000,60251,0.045,0.174,0.962,10.81,13.42,-0.49,1,imu01,fusion_20260818T184228Z,1522,60251677,570195974915498
570196000000000,60271,0.015,0.131,0.89,14.8,9.6,0.73,1,imu01,fusion_20260818T184228Z,1523,60271681,570195994918840
570196031000000,60291,0.013,0.122,0.872,15.28,11.25,-0.23,1,imu01,fusion_20260818T184228Z,1524,60291677,570196014914181
570196046000000,60311,0.031,0.124,0.872,12.34,12.39,-0.27,1,imu01,fusion_20260818T184228Z,1525,60311681,570196034917522
570196062000000,60331,0.042,0.142,0.832,10.4,13.48,-3.65,1,imu01,fusion_20260818T184228Z,1526,60331677,570196054912864
570196078000000,60351,-0.003,0.15,0.834,5.91,14.06,-1.95,1,imu01,fusion_20260818T184228Z,1527,60351681,570196074916205
570196109000000,60371,0.022,0.194,0.962,3.38,18.43,-0.48,1,imu01,fusion_20260818T184228Z,1528,60371677,570196094911547
570196125000000,60391,-0.001,0.177,0.999,8.19,16.4,-0.68,1,imu01,fusion_20260818T184228Z,1529,60391681,570196114914888
570196140000000,60411,-0.02,0.185,0.966,14.12,13.71,-5.3,1,imu01,fusion_20260818T184228Z,1530,60411677,570196134910230
570196171000000,60431,-0.005,0.178,0.971,12.1,11.78,-4.9,1,imu01,fusion_20260818T184228Z,1531,60431681,570196154913571
570196187000000,60451,-0.022,0.19,0.926,8.81,8.87,-4.21,1,imu01,fusion_20260818T184228Z,1532,60451677,570196174908912
570196203000000,60471,-0.026,0.181,0.912,6.74,8.2,-4.97,1,imu01,fusion_20260818T184228Z,1533,60471681,570196194912254
570196218000000,60491,-0.021,0.198,0.922,5.66,8.74,-5.24,1,imu01,fusion_20260818T184228Z,1534,60491677,570196214907595
570196250000000,60511,-0.02,0.205,0.909,7.9,7.39,-4.98,1,imu01,fusion_20260818T184228Z,1535,60511681,570196234910936
570196265000000,60531,-0.039,0.179,0.897,10.85,7.39,-4.72,1,imu01,fusion_20260818T184228Z,1536,60531677,570196254906278
570196281000000,60551,-0.022,0.197,0.927,8.39,7.76,-4.21,1,imu01,fusion_20260818T184228Z,1537,60551681,570196274909619
570196312000000,60571,-0.057,0.207,0.89,8.45,5.23,-4.67,1,imu01,fusion_20260818T184228Z,1538,60571677,570196294904960
570196328000000,60591,-0.02,0.237,0.921,5.54,6.42,-4.74,1,imu01,fusion_20260818T184228Z,1539,60591681,570196314908302
570196343000000,60611,-0.025,0.248,0.91,5.67,5.39,-3.05,1,imu01,fusion_20260818T184228Z,1540,60611677,570196334903643
570196359000000,60631,0.005,0.233,0.896,7.14,6.56,-3.03,1,imu01,fusion_20260818T184228Z,1541,60631681,570196354906984
570196390000000,60651,0.049,0.199,0.909,8.52,5.92,-2.52,1,imu01,fusion_20260818T184228Z,1542,60651677,570196374902326
570196406000000,60671,0.062,0.193,0.916,8.97,6.23,-4.05,1,imu01,fusion_20260818T184228Z,1543,60671681,570196394905667
570196421000000,60691,0.051,0.24,0.943,10.55,8.97,-6.8,1,imu01,fusion_20260818T184228Z,1544,60691677,570196414901009
570196453000000,60711,-0.003,0.217,0.983,13.17,6.58,-6.21,1,imu01,fusion_20260818T184228Z,1545,60711681,570196434904350
570196468000000,60731,-0.032,0.255,1.065,10.4,6.35,-8.67,1,imu01,fusion_20260818T184228Z,1546,60731677,570196454899692
570196484000000,60751,-0.053,0.315,1.113,6.94,2.56,-11.58,1,imu01,fusion_20260818T184228Z,1547,60751681,570196474903033
570196500000000,60771,-0.098,0.3,1.092,8.2,-1.95,-14.12,1,imu01,fusion_20260818T184228Z,1548,60771677,570196494898374
570196531000000,60791,-0.118,0.293,1.046,8.39,-5.93,-15.33,1,imu01,fusion_20260818T184228Z,1549,60791681,570196514901716
570196546000000,60811,-0.113,0.289,0.989,8.21,-7.54,-14.63,1,imu01,fusion_20260818T184228Z,1550,60811677,570196534897057
570196562000000,60831,-0.097,0.263,0.976,9.4,-5.9,-13.05,1,imu01,fusion_20260818T184228Z,1551,60831681,570196554900398
570196578000000,60851,-0.083,0.23,0.96,10.68,-3.16,-11.37,1,imu01,fusion_20260818T184228Z,1552,60851677,570196574895740
570196609000000,60871,-0.068,0.261,0.919,7.87,-2.14,-10.58,1,imu01,fusion_20260818T184228Z,1553,60871681,570196594899081
570196625000000,60891,-0.079,0.275,0.927,2.86,0.19,-7.56,1,imu01,fusion_20260818T184228Z,1554,60891677,570196614894423
570196640000000,60911,-0.096,0.313,0.963,1.23,3.23,-4.12,1,imu01,fusion_20260818T184228Z,1555,60911681,570196634897764
570196671000000,60931,-0.124,0.359,1.01,2.01,5.72,0.05,1,imu01,fusion_20260818T184228Z,1556,60931677,570196654893105
570196687000000,60951,-0.132,0.359,1.06,0.36,7.32,5.78,1,imu01,fusion_20260818T184228Z,1557,60951681,570196674896447
570196703000000,60971,-0.125,0.34,1.111,-2.48,8.84,10.31,1,imu01,fusion_20260818T184228Z,1558,60971677,570196694891788
570196718000000,60991,0.007,0.35,1.098,-8.51,4.31,15.53,1,imu01,fusion_20260818T184228Z,1559,60991681,570196714895129
570196750000000,61011,-0.102,0.258,1.016,-20.02,3.68,9.27,1,imu01,fusion_20260818T184228Z,1560,61011677,570196734890471
570196765000000,61031,-0.142,0.261,0.87,1.53,-2.12,2.0,1,imu01,fusion_20260818T184228Z,1561,61031681,570196754893812
570196781000000,61051,-0.131,0.275,0.89,0.3,3.01,3.83,1,imu01,fusion_20260818T184228Z,1562,61051677,570196774889154
570196812000000,61071,-0.108,0.261,0.953,-1.11,8.56,8.8,1,imu01,fusion_20260818T184228Z,1563,61071681,570196794892495
570196828000000,61091,-0.033,0.244,1.075,-6.04,10.71,8.62,1,imu01,fusion_20260818T184228Z,1564,61091677,570196814887836
570196843000000,61111,-0.115,0.223,0.983,-1.07,2.07,-1.42,1,imu01,fusion_20260818T184228Z,1565,61111681,570196834891178
570196859000000,61131,-0.128,0.224,0.929,1.22,-1.74,-10.43,1,imu01,fusion_20260818T184228Z,1566,61131677,570196854886519
570196890000000,61151,-0.148,0.241,0.953,-7.9,0.22,-7.8,1,imu01,fusion_20260818T184228Z,1567,61151681,570196874889860
570196906000000,61171,-0.151,0.294,0.998,-11.67,3.45,-3.59,1,imu01,fusion_20260818T184228Z,1568,61171677,570196894885202
570196921000000,61191,-0.124,0.253,1.122,-15.56,9.71,-3.59,1,imu01,fusion_20260818T184228Z,1569,61191681,570196914888543
570196953000000,61211,-0.135,0.287,1.089,-5.06,1.98,-3.01,1,imu01,fusion_20260818T184228Z,1570,61211677,570196934883885
570196968000000,61231,-0.142,0.257,1.06,-4.47,-7.77,-0.65,1,imu01,fusion_20260818T184228Z,1571,61231681,570196954887226
570196984000000,61251,-0.13,0.268,1.025,-9.54,-14.16,1.71,1,imu01,fusion_20260818T184228Z,1572,61251677,570196974882567
570197000000000,61271,-0.117,0.225,1.003,-13.86,-17.19,3.22,1,imu01,fusion_20260818T184228Z,1573,61271681,570196994885909
570197031000000,61291,-0.114,0.238,0.945,-11.58,-17.58,0.76,1,imu01,fusion_20260818T184228Z,1574,61291677,570197014881250
570197046000000,61311,-0.166,0.222,0.911,-11.71,-11.48,1.36,1,imu01,fusion_20260818T184228Z,1575,61311681,570197034884591
570197062000000,61331,-0.135,0.215,1.053,-9.57,1.45,1.69,1,imu01,fusion_20260818T184228Z,1576,61331677,570197054879933
570197078000000,61351,-0.066,0.229,1.229,-6.5,4.97,2.59,1,imu01,fusion_20260818T184228Z,1577,61351681,570197074883274
570197109000000,61371,-0.056,0.215,1.209,-1.1,-6.49,0.29,1,imu01,fusion_20260818T184228Z,1578,61371677,570197094878616
570197125000000,61391,-0.076,0.23,1.097,3.23,-22.73,-4.04,1,imu01,fusion_20260818T184228Z,1579,61391681,570197114881957
570197140000000,61411,-0.091,0.219,0.981,-1.77,-31.85,-4.72,1,imu01,fusion_20260818T184228Z,1580,61411677,570197134877298
570197171000000,61431,-0.029,0.211,0.977,-16.35,-31.64,-2.66,1,imu01,fusion_20260818T184228Z,1581,61431681,570197154880640
570197187000000,61451,0.032,0.194,1.009,-25.27,-30.26,-1.63,1,imu01,fusion_20260818T184228Z,1582,61451677,570197174875981
570197203000000,61471,0.005,0.103,0.919,-29.03,-31.65,-3.09,1,imu01,fusion_20260818T184228Z,1583,61471681,570197194879322
570197218000000,61491,0.016,0.14,0.914,-31.79,-20.16,-13.18,1,imu01,fusion_20260818T184228Z,1584,61491677,570197214874664
570197250000000,61511,0.069,0.18,0.969,-33.67,-5.01,-18.88,1,imu01,fusion_20260818T184228Z,1585,61511681,570197234878005
570197265000000,61531,0.077,0.21,0.984,-26.38,2.75,-20.83,1,imu01,fusion_20260818T184228Z,1586,61531677,570197254873347
570197281000000,61551,-0.019,0.276,0.921,-6.86,5.94,-19.65,1,imu01,fusion_20260818T184228Z,1587,61551681,570197274876688
570197312000000,61571,-0.082,0.251,0.907,15.88,14.03,-16.28,1,imu01,fusion_20260818T184228Z,1588,61571677,570197294872029
570197328000000,61591,-0.093,0.286,0.995,34.07,20.89,-9.5,1,imu01,fusion_20260818T184228Z,1589,61591681,570197314875371
570197343000000,61611,0.012,0.248,1.138,37.8,27.52,-5.15,1,imu01,fusion_20260818T184228Z,1590,61611677,570197334870712
570197359000000,61631,0.068,0.177,1.181,33.96,18.41,-2.06,1,imu01,fusion_20260818T184228Z,1591,61631681,570197354874053
570197390000000,61651,0.092,0.104,1.116,20.03,3.46,1.45,1,imu01,fusion_20260818T184228Z,1592,61651677,570197374869395
570197406000000,61671,0.107,0.097,1.053,1.52,-6.21,-0.35,1,imu01,fusion_20260818T184228Z,1593,61671681,570197394872736
570197421000000,61691,0.13,0.096,1.005,-8.64,-13.0,-5.04,1,imu01,fusion_20260818T184228Z,1594,61691677,570197414868078
570197437000000,61711,0.115,0.147,1.008,-19.98,-16.5,-5.02,1,imu01,fusion_20260818T184228Z,1595,61711681,570197434871419
570197468000000,61731,0.122,0.193,1.041,-25.41,-17.94,-5.63,1,imu01,fusion_20260818T184228Z,1596,61731677,570197454866760
570197484000000,61751,0.081,0.227,1.015,-21.09,-20.21,-7.2,1,imu01,fusion_20260818T184228Z,1597,61751681,570197474870102
570197500000000,61771,0.035,0.251,0.959,-12.28,-17.1,-7.05,1,imu01,fusion_20260818T184228Z,1598,61771677,570197494865443
570197531000000,61791,0.029,0.258,0.998,-4.44,-10.19,-4.95,1,imu01,fusion_20260818T184228Z,1599,61791681,570197514868784
570197546000000,61811,0.006,0.244,0.992,1.41,-6.57,-1.42,1,imu01,fusion_20260818T184228Z,1600,61811677,570197534864126
570197562000000,61831,0.004,0.274,1.007,1.62,-3.42,2.84,1,imu01,fusion_20260818T184228Z,1601,61831681,570197554867467
570197578000000,61851,0.036,0.242,1.043,-1.03,-2.73,9.11,1,imu01,fusion_20260818T184228Z,1602,61851677,570197574862809
570197609000000,61871,0.007,0.163,0.969,0.18,-6.32,11.78,1,imu01,fusion_20260818T184228Z,1603,61871681,570197594866150
570197625000000,61891,0.032,0.133,0.944,-4.89,-6.06,12.35,1,imu01,fusion_20260818T184228Z,1604,61891677,570197614861491
570197640000000,61911,0.039,0.11,0.953,-9.27,-5.53,14.7,1,imu01,fusion_20260818T184228Z,1605,61911681,570197634864833
570197671000000,61931,0.037,0.107,0.969,-11.99,-5.03,14.57,1,imu01,fusion_20260818T184228Z,1606,61931677,570197654860174
570197687000000,61951,0.042,0.09,0.977,-10.57,-5.8,11.9,1,imu01,fusion_20260818T184228Z,1607,61951681,570197674863515
570197703000000,61971,0.018,0.112,0.987,-7.96,-6.03,7.9,1,imu01,fusion_20260818T184228Z,1608,61971677,570197694858857
570197718000000,61991,0.022,0.099,0.996,-6.52,-5.34,5.03,1,imu01,fusion_20260818T184228Z,1609,61991681,570197714862198
570197750000000,62011,0.002,0.156,0.996,-2.5,-5.57,0.29,1,imu01,fusion_20260818T184228Z,1610,62011677,570197734857540
570197765000000,62031,0.002,0.154,0.982,0.2,-5.55,-1.21,1,imu01,fusion_20260818T184228Z,1611,62031681,570197754860881
570197781000000,62051,0.005,0.179,0.978,-1.78,-3.75,-1.05,1,imu01,fusion_20260818T184228Z,1612,62051677,570197774856222
570197796000000,62071,0.021,0.187,0.977,1.46,-2.51,-1.27,1,imu01,fusion_20260818T184228Z,1613,62071681,570197794859564
570197828000000,62091,0.021,0.17,0.944,5.01,-2.0,-0.53,1,imu01,fusion_20260818T184228Z,1614,62091677,570197814854905
570197843000000,62111,0.048,0.146,0.96,2.2,-0.19,1.13,1,imu01,fusion_20260818T184228Z,1615,62111681,570197834858246
570197859000000,62131,0.045,0.14,0.949,-1.04,-1.68,1.5,1,imu01,fusion_20260818T184228Z,1616,62131677,570197854853588
570197890000000,62151,0.018,0.16,0.942,-2.54,-2.75,1.82,1,imu01,fusion_20260818T184228Z,1617,62151679,570197874854929
570197906000000,62171,0.027,0.157,0.981,-3.07,0.91,2.21,1,imu01,fusion_20260818T184228Z,1618,62171677,570197894852271
570197921000000,62191,0.027,0.145,1.004,0.24,2.58,1.82,1,imu01,fusion_20260818T184228Z,1619,62191681,570197914855612
570197937000000,62211,0.042,0.141,1.025,3.33,2.2,0.41,1,imu01,fusion_20260818T184228Z,1620,62211677,570197934850954
570197968000000,62231,0.02,0.141,1.011,2.5,0.45,-0.75,1,imu01,fusion_20260818T184228Z,1621,62231681,570197954854295
570197984000000,62251,0.014,0.174,1.009,0.69,-0.9,-1.89,1,imu01,fusion_20260818T184228Z,1622,62251677,570197974849636
570198000000000,62271,0.026,0.182,0.995,1.56,-0.56,-2.5,1,imu01,fusion_20260818T184228Z,1623,62271681,570197994852978
570198031000000,62291,0.039,0.182,1.001,2.26,-0.55,-2.55,1,imu01,fusion_20260818T184228Z,1624,62291677,570198014848319
570198046000000,62311,0.027,0.167,0.966,5.69,-2.89,-2.67,1,imu01,fusion_20260818T184228Z,1625,62311681,570198034851660
570198062000000,62331,0.022,0.167,0.948,3.64,-2.91,-2.87,1,imu01,fusion_20260818T184228Z,1626,62331677,570198054847002
570198078000000,62351,0.026,0.203,0.953,-1.81,0.15,-1.01,1,imu01,fusion_20260818T184228Z,1627,62351681,570198074850343
570198109000000,62371,0.039,0.191,0.986,-0.46,2.87,0.18,1,imu01,fusion_20260818T184228Z,1628,62371677,570198094845684
570198125000000,62391,0.029,0.164,0.987,2.81,3.3,-0.82,1,imu01,fusion_20260818T184228Z,1629,62391681,570198114849026
570198140000000,62411,0.008,0.158,0.973,1.23,2.33,0.79,1,imu01,fusion_20260818T184228Z,1630,62411677,570198134844367
570198171000000,62431,0.023,0.17,1.002,0.89,3.43,0.3,1,imu01,fusion_20260818T184228Z,1631,62431681,570198154847708
570198187000000,62451,0.035,0.164,1.006,1.79,3.58,-0.33,1,imu01,fusion_20260818T184228Z,1632,62451677,570198174843050
570198203000000,62471,0.017,0.153,0.981,2.2,2.49,-0.31,1,imu01,fusion_20260818T184228Z,1633,62471681,570198194846391
570198218000000,62491,0.021,0.143,0.978,-0.15,2.63,-0.14,1,imu01,fusion_20260818T184228Z,1634,62491677,570198214841733
570198250000000,62511,0.025,0.156,1.001,-1.98,2.97,-0.1,1,imu01,fusion_20260818T184228Z,1635,62511681,570198234845074
570198265000000,62531,0.021,0.16,0.999,-2.23,3.15,-0.67,1,imu01,fusion_20260818T184228Z,1636,62531677,570198254840416
570198281000000,62551,0.026,0.17,0.995,-0.45,1.9,-1.17,1,imu01,fusion_20260818T184228Z,1637,62551681,570198274843757
570198312000000,62571,0.025,0.169,1.012,-1.14,0.96,-0.71,1,imu01,fusion_20260818T184228Z,1638,62571677,570198294839098
570198328000000,62591,0.018,0.161,1.003,0.72,-1.03,-1.68,1,imu01,fusion_20260818T184228Z,1639,62591681,570198314842440
570198343000000,62611,0.01,0.176,0.986,0.55,-1.67,-2.21,1,imu01,fusion_20260818T184228Z,1640,62611677,570198334837781
570198359000000,62631,0.021,0.188,0.984,-0.51,-1.42,-1.58,1,imu01,fusion_20260818T184228Z,1641,62631681,570198354841122
570198390000000,62651,0.023,0.184,0.988,-2.03,-0.86,-0.05,1,imu01,fusion_20260818T184228Z,1642,62651677,570198374836464
570198406000000,62671,0.018,0.192,0.974,-1.6,-0.42,-0.22,1,imu01,fusion_20260818T184228Z,1643,62671681,570198394839805
570198421000000,62691,0.018,0.178,0.965,0.35,-0.05,-0.11,1,imu01,fusion_20260818T184228Z,1644,62691677,570198414835146
570198437000000,62711,0.022,0.184,0.979,-0.53,0.89,1.28,1,imu01,fusion_20260818T184228Z,1645,62711681,570198434838488
570198468000000,62731,0.015,0.175,0.986,-0.67,0.84,2.34,1,imu01,fusion_20260818T184228Z,1646,62731677,570198454833829
570198484000000,62751,0.015,0.168,0.974,0.33,0.87,1.69,1,imu01,fusion_20260818T184228Z,1647,62751681,570198474837170
570198500000000,62771,0.028,0.155,0.983,-0.17,1.48,0.78,1,imu01,fusion_20260818T184228Z,1648,62771677,570198494832512
570198531000000,62791,0.005,0.174,0.975,-2.51,0.51,1.76,1,imu01,fusion_20260818T184228Z,1649,62791681,570198514835853
570198546000000,62811,0.021,0.154,0.982,-0.29,1.71,0.58,1,imu01,fusion_20260818T184228Z,1650,62811677,570198534831195
570198562000000,62831,0.008,0.164,0.982,0.82,2.13,-0.25,1,imu01,fusion_20260818T184228Z,1651,62831681,570198554834536
570198578000000,62851,0.028,0.157,0.994,0.49,2.49,-0.54,1,imu01,fusion_20260818T184228Z,1652,62851677,570198574829878
570198609000000,62871,0.013,0.163,0.991,-1.43,1.81,-0.27,1,imu01,fusion_20260818T184228Z,1653,62871681,570198594833219
570198625000000,62891,0.019,0.169,1.001,-0.68,2.36,-1.4,1,imu01,fusion_20260818T184228Z,1654,62891677,570198614828560
570198640000000,62911,0.021,0.165,1.002,-2.09,2.04,-1.14,1,imu01,fusion_20260818T184228Z,1655,62911681,570198634831902
570198671000000,62931,0.021,0.165,0.985,-2.23,0.27,-0.83,1,imu01,fusion_20260818T184228Z,1656,62931677,570198654827243
570198687000000,62951,0.012,0.176,0.97,-1.29,-0.44,-0.57,1,imu01,fusion_20260818T184228Z,1657,62951681,570198674830584
570198703000000,62971,0.02,0.176,0.971,-1.12,0.49,0.66,1,imu01,fusion_20260818T184228Z,1658,62971677,570198694825926
570198718000000,62991,0.014,0.156,0.957,0.13,1.94,0.24,1,imu01,fusion_20260818T184228Z,1659,62991681,570198714829267
570198750000000,63011,0.018,0.17,0.977,0.12,3.16,-0.34,1,imu01,fusion_20260818T184228Z,1660,63011677,570198734824608
570198765000000,63031,0.011,0.165,0.988,-0.27,3.0,0.07,1,imu01,fusion_20260818T184228Z,1661,63031681,570198754827950
570198781000000,63051,0.016,0.166,1.001,-1.37,3.49,-0.1,1,imu01,fusion_20260818T184228Z,1662,63051677,570198774823291
570198812000000,63071,0.013,0.163,1.004,-1.86,2.65,0.47,1,imu01,fusion_20260818T184228Z,1663,63071681,570198794826632
570198828000000,63091,0.007,0.162,0.987,-0.12,1.5,-0.13,1,imu01,fusion_20260818T184228Z,1664,63091677,570198814821974
570198843000000,63111,0.009,0.179,0.986,-2.07,2.06,-0.24,1,imu01,fusion_20260818T184228Z,1665,63111681,570198834825315
570198859000000,63131,0.01,0.156,0.984,-1.07,2.0,0.63,1,imu01,fusion_20260818T184228Z,1666,63131677,570198854820657
570198890000000,63151,0.012,0.158,0.988,-1.98,1.55,1.1,1,imu01,fusion_20260818T184228Z,1667,63151681,570198874823998
570198906000000,63171,0.01,0.166,0.983,-1.82,0.76,0.79,1,imu01,fusion_20260818T184228Z,1668,63171677,570198894819340
570198921000000,63191,0.005,0.171,0.971,-0.25,0.92,0.25,1,imu01,fusion_20260818T184228Z,1669,63191681,570198914822681
570198937000000,63211,0.005,0.135,0.991,0.65,1.45,0.6,1,imu01,fusion_20260818T184228Z,1670,63211677,570198934818022
570198968000000,63231,0.009,0.159,0.98,0.6,0.39,0.17,1,imu01,fusion_20260818T184228Z,1671,63231681,570198954821364
570198984000000,63251,0.013,0.161,0.979,1.18,0.18,-0.07,1,imu01,fusion_20260818T184228Z,1672,63251677,570198974816705
570199000000000,63271,0.011,0.15,0.968,0.96,-0.42,1.81,1,imu01,fusion_20260818T184228Z,1673,63271681,570198994820046
570199031000000,63291,0.008,0.155,0.979,0.87,1.53,0.86,1,imu01,fusion_20260818T184228Z,1674,63291677,570199014815388
570199046000000,63311,0.015,0.15,0.994,-0.37,2.03,0.63,1,imu01,fusion_20260818T184228Z,1675,63311681,570199034818729
570199062000000,63331,0.011,0.16,0.999,-0.95,1.95,-0.51,1,imu01,fusion_20260818T184228Z,1676,63331677,570199054814071
570199078000000,63351,0.006,0.167,0.99,-0.83,1.55,-0.12,1,imu01,fusion_20260818T184228Z,1677,63351681,570199074817412
570199109000000,63371,-0.001,0.158,0.981,0.17,1.71,-0.16,1,imu01,fusion_20260818T184228Z,1678,63371677,570199094812753
570199125000000,63391,0.012,0.16,0.978,-1.14,1.78,-0.5,1,imu01,fusion_20260818T184228Z,1679,63391681,570199114816095
570199140000000,63411,0.008,0.162,0.972,-1.51,1.09,-0.31,1,imu01,fusion_20260818T184228Z,1680,63411677,570199134811436
570199171000000,63431,-0.007,0.167,0.961,-2.32,1.03,0.05,1,imu01,fusion_20260818T184228Z,1681,63431681,570199154814777
570199187000000,63451,0.013,0.187,0.984,-3.8,2.66,1.14,1,imu01,fusion_20260818T184228Z,1682,63451677,570199174810119
570199203000000,63471,0.001,0.169,0.97,0.55,1.6,1.06,1,imu01,fusion_20260818T184228Z,1683,63471681,570199194813460
570199218000000,63491,0.0,0.161,0.961,4.02,1.97,0.77,1,imu01,fusion_20260818T184228Z,1684,63491677,570199214808802
570199250000000,63511,0.016,0.149,0.978,2.6,3.66,1.18,1,imu01,fusion_20260818T184228Z,1685,63511681,570199234812143
570199265000000,63531,0.017,0.16,0.976,0.86,3.57,0.9,1,imu01,fusion_20260818T184228Z,1686,63531677,570199254807484
570199281000000,63551,0.008,0.168,0.95,1.16,3.15,0.34,1,imu01,fusion_20260818T184228Z,1687,63551681,570199274810826
570199312000000,63571,0.013,0.159,0.943,2.04,4.11,1.47,1,imu01,fusion_20260818T184228Z,1688,63571677,570199294806167
570199328000000,63591,0.011,0.182,0.948,4.71,4.74,1.44,1,imu01,fusion_20260818T184228Z,1689,63591681,570199314809508
570199343000000,63611,0.001,0.164,0.961,6.58,4.76,2.55,1,imu01,fusion_20260818T184228Z,1690,63611677,570199334804850
570199359000000,63631,-0.001,0.18,0.969,6.3,5.54,2.24,1,imu01,fusion_20260818T184228Z,1691,63631681,570199354808191
570199390000000,63651,-0.006,0.169,0.954,7.27,5.88,1.73,1,imu01,fusion_20260818T184228Z,1692,63651677,570199374803533
570199406000000,63671,0.005,0.171,0.949,6.82,7.7,1.88,1,imu01,fusion_20260818T184228Z,1693,63671681,570199394806874
570199421000000,63691,-0.002,0.178,0.959,6.2,8.3,2.62,1,imu01,fusion_20260818T184228Z,1694,63691677,570199414802215
570199437000000,63711,0.002,0.181,0.955,6.74,7.92,2.95,1,imu01,fusion_20260818T184228Z,1695,63711681,570199434805557
570199468000000,63731,-0.009,0.177,0.943,8.7,7.62,3.8,1,imu01,fusion_20260818T184228Z,1696,63731677,570199454800898
570199484000000,63751,0.008,0.168,0.962,8.69,9.42,4.75,1,imu01,fusion_20260818T184228Z,1697,63751681,570199474804239
570199500000000,63771,0.01,0.16,0.967,10.03,9.29,4.28,1,imu01,fusion_20260818T184228Z,1698,63771677,570199494799581
570199531000000,63791,-0.013,0.166,0.952,11.46,8.78,4.17,1,imu01,fusion_20260818T184228Z,1699,63791681,570199514802922
570199546000000,63811,0.001,0.181,0.997,8.58,10.06,6.11,1,imu01,fusion_20260818T184228Z,1700,63811677,570199534798264
570199562000000,63831,0.002,0.192,1.019,8.22,10.13,6.44,1,imu01,fusion_20260818T184228Z,1701,63831681,570199554801605
570199578000000,63851,-0.005,0.191,1.022,10.46,8.32,5.96,1,imu01,fusion_20260818T184228Z,1702,63851677,570199574796946
570199609000000,63871,0.009,0.213,1.029,11.46,8.1,5.55,1,imu01,fusion_20260818T184228Z,1703,63871681,570199594800288
570199625000000,63891,0.027,0.183,1.018,10.18,7.29,7.74,1,imu01,fusion_20260818T184228Z,1704,63891677,570199614795629
570199640000000,63911,0.055,0.138,1.063,18.3,6.57,5.37,1,imu01,fusion_20260818T184228Z,1705,63911681,570199634798970
570199671000000,63931,-0.009,0.149,0.943,26.84,0.91,-1.47,1,imu01,fusion_20260818T184228Z,1706,63931677,570199654794312
570199687000000,63951,-0.033,0.201,0.9,16.61,0.22,-1.85,1,imu01,fusion_20260818T184228Z,1707,63951681,570199674797653
570199703000000,63971,-0.052,0.242,0.909,9.3,4.18,0.01,1,imu01,fusion_20260818T184228Z,1708,63971677,570199694792995
570199718000000,63991,-0.067,0.187,0.933,12.93,7.56,0.69,1,imu01,fusion_20260818T184228Z,1709,63991681,570199714796336
570199750000000,64011,-0.087,0.144,0.906,22.39,9.2,-3.57,1,imu01,fusion_20260818T184228Z,1710,64011677,570199734791677
570199765000000,64031,-0.092,0.185,0.982,22.71,13.26,-9.8,1,imu01,fusion_20260818T184228Z,1711,64031681,570199754795019
570199781000000,64051,0.017,0.216,1.062,17.64,15.15,-10.69,1,imu01,fusion_20260818T184228Z,1712,64051677,570199774790360
570199812000000,64071,-0.059,0.247,1.168,11.92,12.71,-12.63,1,imu01,fusion_20260818T184228Z,1713,64071681,570199794793701
570199828000000,64091,-0.097,0.244,1.096,7.85,7.86,-13.72,1,imu01,fusion_20260818T184228Z,1714,64091677,570199814789043
570199843000000,64111,-0.078,0.394,1.172,3.88,11.37,-19.27,1,imu01,fusion_20260818T184228Z,1715,64111681,570199834792384
570199859000000,64131,-0.168,0.331,1.202,-8.56,10.91,-9.98,1,imu01,fusion_20260818T184228Z,1716,64131677,570199854787726
570199890000000,64151,-0.115,0.337,1.063,-3.13,11.73,-16.65,1,imu01,fusion_20260818T184228Z,1717,64151679,570199874789067
570199906000000,64171,-0.025,0.498,1.2,-9.24,26.48,-21.94,1,imu01,fusion_20260818T184228Z,1718,64171677,570199894786408
570199921000000,64191,-0.06,0.403,1.32,-29.23,25.32,-2.08,1,imu01,fusion_20260818T184228Z,1719,64191681,570199914789750
570199937000000,64211,-0.149,0.318,1.264,-32.67,15.1,9.83,1,imu01,fusion_20260818T184228Z,1720,64211677,570199934785091
570199968000000,64231,-0.169,0.327,1.224,-21.47,15.23,4.95,1,imu01,fusion_20260818T184228Z,1721,64231681,570199954788432
570199984000000,64251,-0.2,0.306,1.233,-18.35,13.64,11.25,1,imu01,fusion_20260818T184228Z,1722,64251677,570199974783774
570200000000000,64271,-0.215,0.261,1.282,-16.67,13.6,16.24,1,imu01,fusion_20260818T184228Z,1723,64271681,570199994787115
570200031000000,64291,-0.175,0.234,1.317,-9.99,14.36,10.57,1,imu01,fusion_20260818T184228Z,1724,64291677,570200014782457
570200046000000,64311,-0.189,0.192,1.248,-11.88,9.39,8.28,1,imu01,fusion_20260818T184228Z,1725,64311681,570200034785798
570200062000000,64331,-0.196,0.207,1.176,-15.99,3.98,5.52,1,imu01,fusion_20260818T184228Z,1726,64331677,570200054781139
570200078000000,64351,-0.21,0.212,1.116,-19.74,2.49,2.46,1,imu01,fusion_20260818T184228Z,1727,64351681,570200074784481
570200109000000,64371,-0.178,0.225,1.156,-24.25,4.96,1.06,1,imu01,fusion_20260818T184228Z,1728,64371677,570200094779822
570200125000000,64391,-0.165,0.231,1.184,-26.49,2.81,0.58,1,imu01,fusion_20260818T184228Z,1729,64391681,570200114783163
570200140000000,64411,-0.188,0.243,1.096,-20.55,-3.65,-1.56,1,imu01,fusion_20260818T184228Z,1730,64411677,570200134778505
570200171000000,64431,-0.179,0.252,1.062,-18.12,-1.7,-2.62,1,imu01,fusion_20260818T184228Z,1731,64431681,570200154781846
570200187000000,64451,-0.161,0.261,1.08,-15.43,1.23,-1.36,1,imu01,fusion_20260818T184228Z,1732,64451677,570200174777188
570200203000000,64471,-0.136,0.25,1.121,-12.95,2.65,0.17,1,imu01,fusion_20260818T184228Z,1733,64471681,570200194780529
570200218000000,64491,-0.129,0.224,1.088,-10.44,0.29,1.13,1,imu01,fusion_20260818T184228Z,1734,64491677,570200214775870
570200250000000,64511,-0.131,0.191,1.031,-11.63,-3.13,2.44,1,imu01,fusion_20260818T184228Z,1735,64511681,570200234779212
570200265000000,64531,-0.146,0.175,0.977,-13.68,-5.39,4.07,1,imu01,fusion_20260818T184228Z,1736,64531677,570200254774553
570200281000000,64551,-0.15,0.177,0.969,-16.82,-3.26,4.44,1,imu01,fusion_20260818T184228Z,1737,64551681,570200274777894
570200312000000,64571,-0.143,0.179,0.983,-18.45,-3.41,6.68,1,imu01,fusion_20260818T184228Z,1738,64571677,570200294773236
570200328000000,64591,-0.14,0.172,0.96,-17.9,-5.62,7.96,1,imu01,fusion_20260818T184228Z,1739,64591681,570200314776577
570200343000000,64611,-0.128,0.163,0.95,-17.74,-8.26,8.51,1,imu01,fusion_20260818T184228Z,1740,64611677,570200334771919
570200359000000,64631,-0.11,0.158,0.917,-16.42,-11.64,9.07,1,imu01,fusion_20260818T184228Z,1741,64631681,570200354775260
570200390000000,64651,-0.086,0.161,0.845,-10.74,-14.55,7.24,1,imu01,fusion_20260818T184228Z,1742,64651677,570200374770602
570200406000000,64671,-0.084,0.148,0.765,-3.8,-17.61,6.79,1,imu01,fusion_20260818T184228Z,1743,64671681,570200394773943
570200421000000,64691,-0.097,0.114,0.701,-1.07,-17.76,9.32,1,imu01,fusion_20260818T184228Z,1744,64691677,570200414769284
570200437000000,64711,-0.076,0.094,0.713,-3.37,-14.7,11.35,1,imu01,fusion_20260818T184228Z,1745,64711681,570200434772626
570200468000000,64731,-0.048,0.076,0.752,-6.12,-14.02,10.02,1,imu01,fusion_20260818T184228Z,1746,64731677,570200454767967
570200484000000,64751,-0.052,0.075,0.729,-9.06,-17.4,8.1,1,imu01,fusion_20260818T184228Z,1747,64751681,570200474771308
570200500000000,64771,-0.058,0.085,0.716,-10.83,-18.53,5.04,1,imu01,fusion_20260818T184228Z,1748,64771677,570200494766650
570200531000000,64791,-0.067,0.109,0.736,-13.41,-17.58,4.99,1,imu01,fusion_20260818T184228Z,1749,64791681,570200514769991
570200546000000,64811,-0.025,0.135,0.84,-13.5,-12.67,5.6,1,imu01,fusion_20260818T184228Z,1750,64811677,570200534765332
570200562000000,64831,-0.012,0.107,0.888,-8.12,-12.52,7.08,1,imu01,fusion_20260818T184228Z,1751,64831681,570200554768674
570200578000000,64851,-0.042,0.108,0.854,0.43,-15.83,7.24,1,imu01,fusion_20260818T184228Z,1752,64851677,570200574764015
570200609000000,64871,-0.039,0.104,0.852,5.73,-17.62,8.74,1,imu01,fusion_20260818T184228Z,1753,64871681,570200594767356
570200625000000,64891,-0.019,0.057,0.809,7.42,-19.06,10.54,1,imu01,fusion_20260818T184228Z,1754,64891677,570200614762698
570200640000000,64911,-0.023,-0.002,0.71,8.42,-21.82,10.37,1,imu01,fusion_20260818T184228Z,1755,64911681,570200634766039
570200671000000,64931,-0.021,-0.036,0.681,4.94,-22.72,8.58,1,imu01,fusion_20260818T184228Z,1756,64931677,570200654761381
570200687000000,64951,-0.032,-0.037,0.702,-8.77,-23.12,7.41,1,imu01,fusion_20260818T184228Z,1757,64951681,570200674764722
570200703000000,64971,-0.029,0.039,0.772,-25.74,-23.76,6.99,1,imu01,fusion_20260818T184228Z,1758,64971677,570200694760064
570200718000000,64991,-0.048,0.058,0.772,-23.49,-24.5,2.67,1,imu01,fusion_20260818T184228Z,1759,64991681,570200714763405
570200750000000,65011,-0.037,0.081,0.792,-14.46,-20.85,-2.57,1,imu01,fusion_20260818T184228Z,1760,65011677,570200734758746
570200765000000,65031,-0.07,0.094,0.808,-8.76,-14.46,-3.76,1,imu01,fusion_20260818T184228Z,1761,65031681,570200754762088
570200781000000,65051,-0.041,0.136,0.917,-7.24,-5.58,-3.05,1,imu01,fusion_20260818T184228Z,1762,65051677,570200774757429
570200796000000,65071,-0.03,0.12,0.972,-1.33,-2.12,-3.53,1,imu01,fusion_20260818T184228Z,1763,65071681,570200794760770
570200828000000,65091,-0.005,0.126,0.992,3.46,0.5,-5.36,1,imu01,fusion_20260818T184228Z,1764,65091677,570200814756112
570200843000000,65111,0.013,0.09,0.961,3.46,2.18,-4.14,1,imu01,fusion_20260818T184228Z,1765,65111681,570200834759453
570200859000000,65131,0.012,0.075,0.901,5.94,1.97,-4.92,1,imu01,fusion_20260818T184228Z,1766,65131677,570200854754794
570200890000000,65151,0.012,0.081,0.886,2.91,6.21,-5.86,1,imu01,fusion_20260818T184228Z,1767,65151681,570200874758136
570200906000000,65171,0.009,0.098,0.936,-3.18,10.97,-2.45,1,imu01,fusion_20260818T184228Z,1768,65171677,570200894753477
570200921000000,65191,-0.0,0.14,0.991,-2.03,14.13,-0.66,1,imu01,fusion_20260818T184228Z,1769,65191681,570200914756818
570200937000000,65211,0.007,0.143,1.033,1.88,16.25,2.48,1,imu01,fusion_20260818T184228Z,1770,65211677,570200934752160
570200968000000,65231,-0.001,0.124,1.035,7.24,15.86,4.85,1,imu01,fusion_20260818T184228Z,1771,65231681,570200954755501
570200984000000,65251,-0.022,0.131,1.009,11.22,14.63,6.64,1,imu01,fusion_20260818T184228Z,1772,65251677,570200974750843
570201000000000,65271,-0.037,0.107,1.02,12.2,15.46,9.1,1,imu01,fusion_20260818T184228Z,1773,65271681,570200994754184
570201031000000,65291,-0.005,0.099,1.064,9.43,15.87,10.63,1,imu01,fusion_20260818T184228Z,1774,65291677,570201014749526
570201046000000,65311,-0.031,0.1,1.047,5.57,13.64,10.76,1,imu01,fusion_20260818T184228Z,1775,65311681,570201034752867
570201062000000,65331,-0.033,0.096,1.048,5.11,10.5,10.77,1,imu01,fusion_20260818T184228Z,1776,65331677,570201054748208
570201078000000,65351,-0.05,0.098,1.015,7.36,8.46,8.8,1,imu01,fusion_20260818T184228Z,1777,65351681,570201074751550
570201109000000,65371,-0.064,0.094,0.997,7.07,8.1,8.24,1,imu01,fusion_20260818T184228Z,1778,65371677,570201094746891
570201125000000,65391,-0.083,0.07,0.974,6.99,10.06,6.32,1,imu01,fusion_20260818T184228Z,1779,65391681,570201114750232
570201140000000,65411,-0.047,0.122,1.028,4.59,13.73,3.27,1,imu01,fusion_20260818T184228Z,1780,65411677,570201134745574
570201171000000,65431,-0.055,0.122,1.012,6.19,11.12,3.34,1,imu01,fusion_20260818T184228Z,1781,65431681,570201154748915
570201187000000,65451,-0.064,0.095,0.979,10.87,7.36,2.31,1,imu01,fusion_20260818T184228Z,1782,65451677,570201174744256
570201203000000,65471,-0.052,0.125,0.976,9.97,6.44,1.98,1,imu01,fusion_20260818T184228Z,1783,65471681,570201194747598
570201218000000,65491,-0.048,0.121,0.979,5.16,6.36,4.4,1,imu01,fusion_20260818T184228Z,1784,65491677,570201214742939
570201250000000,65511,-0.042,0.125,0.994,4.38,5.65,3.44,1,imu01,fusion_20260818T184228Z,1785,65511681,570201234746280
570201265000000,65531,-0.045,0.105,0.99,4.01,4.31,2.92,1,imu01,fusion_20260818T184228Z,1786,65531677,570201254741622
570201281000000,65551,-0.051,0.108,0.99,3.15,4.14,2.38,1,imu01,fusion_20260818T184228Z,1787,65551681,570201274744963
570201296000000,65571,-0.037,0.129,1.006,1.83,4.54,2.1,1,imu01,fusion_20260818T184228Z,1788,65571677,570201294740305
570201328000000,65591,-0.026,0.117,0.991,0.01,3.45,2.37,1,imu01,fusion_20260818T184228Z,1789,65591681,570201314743646
570201343000000,65611,-0.045,0.12,0.922,-0.61,2.34,0.99,1,imu01,fusion_20260818T184228Z,1790,65611677,570201334738988
570201359000000,65631,-0.036,0.134,0.892,-1.7,4.42,0.59,1,imu01,fusion_20260818T184228Z,1791,65631681,570201354742329
570201390000000,65651,-0.032,0.12,0.913,-4.92,6.39,3.5,1,imu01,fusion_20260818T184228Z,1792,65651677,570201374737670
570201406000000,65671,-0.063,0.115,0.886,-2.77,6.9,5.46,1,imu01,fusion_20260818T184228Z,1793,65671681,570201394741012
570201421000000,65691,-0.078,0.073,0.902,-3.45,10.78,7.07,1,imu01,fusion_20260818T184228Z,1794,65691677,570201414736353
570201437000000,65711,-0.089,0.078,0.947,-2.94,15.7,4.98,1,imu01,fusion_20260818T184228Z,1795,65711681,570201434739694
570201468000000,65731,-0.062,0.115,0.988,-0.61,17.92,0.43,1,imu01,fusion_20260818T184228Z,1796,65731677,570201454735036
570201484000000,65751,-0.1,0.1,0.942,-0.41,15.6,-0.18,1,imu01,fusion_20260818T184228Z,1797,65751681,570201474738377
570201500000000,65771,-0.123,0.1,0.932,3.84,15.41,-1.09,1,imu01,fusion_20260818T184228Z,1798,65771677,570201494733719
570201531000000,65791,-0.134,0.101,0.953,2.72,19.36,0.59,1,imu01,fusion_20260818T184228Z,1799,65791681,570201514737060
570201546000000,65811,-0.122,0.108,1.007,3.17,22.91,-0.21,1,imu01,fusion_20260818T184228Z,1800,65811677,570201534732401
570201562000000,65831,-0.114,0.127,1.036,3.63,21.23,-1.08,1,imu01,fusion_20260818T184228Z,1801,65831681,570201554735743
570201578000000,65851,-0.128,0.143,1.043,6.14,15.61,-0.84,1,imu01,fusion_20260818T184228Z,1802,65851677,570201574731084
570201609000000,65871,-0.131,0.133,1.024,9.62,11.33,-1.96,1,imu01,fusion_20260818T184228Z,1803,65871681,570201594734425
570201625000000,65891,-0.145,0.109,0.989,14.57,9.07,-3.76,1,imu01,fusion_20260818T184228Z,1804,65891677,570201614729767
570201640000000,65911,-0.146,0.091,0.996,8.46,10.32,-2.93,1,imu01,fusion_20260818T184228Z,1805,65911681,570201634733108
570201671000000,65931,-0.118,0.124,1.038,0.46,12.16,-4.63,1,imu01,fusion_20260818T184228Z,1806,65931677,570201654728450
570201687000000,65951,-0.122,0.116,1.028,-4.69,8.42,-4.71,1,imu01,fusion_20260818T184228Z,1807,65951681,570201674731791
570201703000000,65971,-0.129,0.091,0.974,-5.96,3.55,-5.32,1,imu01,fusion_20260818T184228Z,1808,65971677,570201694727132
570201718000000,65991,-0.13,0.091,0.945,-4.84,1.97,-7.66,1,imu01,fusion_20260818T184228Z,1809,65991681,570201714730474
570201750000000,66011,-0.154,0.091,0.924,-7.69,2.56,-7.87,1,imu01,fusion_20260818T184228Z,1810,66011677,570201734725815
570201765000000,66031,-0.169,0.108,0.952,-10.77,5.05,-7.01,1,imu01,fusion_20260818T184228Z,1811,66031681,570201754729156
570201781000000,66051,-0.168,0.074,0.958,-7.98,6.67,-8.95,1,imu01,fusion_20260818T184228Z,1812,66051677,570201774724498
570201812000000,66071,-0.169,0.09,0.971,-6.45,8.03,-12.6,1,imu01,fusion_20260818T184228Z,1813,66071681,570201794727839
570201828000000,66091,-0.208,0.056,0.951,-4.37,9.42,-16.48,1,imu01,fusion_20260818T184228Z,1814,66091677,570201814723181
570201843000000,66111,-0.215,0.082,0.981,-6.65,12.34,-18.97,1,imu01,fusion_20260818T184228Z,1815,66111681,570201834726522
570201859000000,66131,-0.213,0.067,1.011,-7.96,13.81,-18.94,1,imu01,fusion_20260818T184228Z,1816,66131677,570201854721863
570201890000000,66151,-0.201,0.068,1.027,-5.88,15.62,-22.45,1,imu01,fusion_20260818T184228Z,1817,66151679,570201874723205
570201906000000,66171,-0.201,0.049,1.004,-2.27,15.17,-27.5,1,imu01,fusion_20260818T184228Z,1818,66171677,570201894720546
570201921000000,66191,-0.222,0.079,0.985,-3.44,10.32,-27.32,1,imu01,fusion_20260818T184228Z,1819,66191681,570201914723887
570201953000000,66211,-0.237,0.101,0.992,-6.03,8.85,-26.95,1,imu01,fusion_20260818T184228Z,1820,66211677,570201934719229
570201968000000,66231,-0.228,0.055,1.007,-3.03,6.82,-24.94,1,imu01,fusion_20260818T184228Z,1821,66231681,570201954722570
570201984000000,66251,-0.233,0.058,1.032,-0.41,5.0,-27.98,1,imu01,fusion_20260818T184228Z,1822,66251677,570201974717912
570202000000000,66271,-0.233,0.091,1.044,0.91,2.74,-32.27,1,imu01,fusion_20260818T184228Z,1823,66271681,570201994721253
570202031000000,66291,-0.24,0.08,1.034,3.09,-0.81,-32.91,1,imu01,fusion_20260818T184228Z,1824,66291677,570202014716594
570202046000000,66311,-0.235,0.052,1.027,5.21,-1.86,-33.66,1,imu01,fusion_20260818T184228Z,1825,66311681,570202034719936
570202062000000,66331,-0.219,0.042,1.043,5.51,-1.82,-37.05,1,imu01,fusion_20260818T184228Z,1826,66331677,570202054715277
570202078000000,66351,-0.22,0.06,1.033,9.48,-6.95,-40.52,1,imu01,fusion_20260818T184228Z,1827,66351681,570202074718618
570202109000000,66371,-0.229,0.043,1.032,9.07,-10.96,-41.08,1,imu01,fusion_20260818T184228Z,1828,66371677,570202094713960
570202125000000,66391,-0.25,0.069,0.996,6.68,-13.95,-40.34,1,imu01,fusion_20260818T184228Z,1829,66391681,570202114717301
570202140000000,66411,-0.237,0.053,0.992,10.16,-11.85,-41.05,1,imu01,fusion_20260818T184228Z,1830,66411677,570202134712643
570202171000000,66431,-0.191,-0.004,0.994,16.66,-10.18,-42.16,1,imu01,fusion_20260818T184228Z,1831,66431681,570202154715984
570202187000000,66451,-0.187,0.004,0.934,22.56,-12.2,-47.27,1,imu01,fusion_20260818T184228Z,1832,66451677,570202174711325
570202203000000,66471,-0.203,0.049,0.904,20.3,-13.77,-49.16,1,imu01,fusion_20260818T184228Z,1833,66471681,570202194714667
570202218000000,66491,-0.194,0.107,0.953,17.41,-12.92,-49.71,1,imu01,fusion_20260818T184228Z,1834,66491677,570202214710008
570202250000000,66511,-0.2,0.156,1.003,18.67,-12.34,-52.14,1,imu01,fusion_20260818T184228Z,1835,66511681,570202234713349
570202265000000,66531,-0.163,0.109,1.024,22.48,-15.25,-52.38,1,imu01,fusion_20260818T184228Z,1836,66531677,570202254708691
570202281000000,66551,-0.135,0.1,0.935,22.88,-21.22,-56.56,1,imu01,fusion_20260818T184228Z,1837,66551681,570202274712032
570202312000000,66571,-0.158,0.085,0.787,9.97,-24.85,-57.47,1,imu01,fusion_20260818T184228Z,1838,66571677,570202294707374
570202328000000,66591,-0.22,0.104,0.76,-8.81,-22.65,-53.77,1,imu01,fusion_20260818T184228Z,1839,66591681,570202314710715
570202343000000,66611,-0.138,0.081,0.993,-22.32,-12.64,-53.29,1,imu01,fusion_20260818T184228Z,1840,66611677,570202334706056
570202359000000,66631,-0.224,0.135,1.05,-17.56,-9.29,-59.94,1,imu01,fusion_20260818T184228Z,1841,66631681,570202354709398
570202390000000,66651,-0.24,0.21,1.135,1.39,-5.42,-68.42,1,imu01,fusion_20260818T184228Z,1842,66651677,570202374704739
570202406000000,66671,-0.207,0.177,1.18,23.84,-2.75,-76.18,1,imu01,fusion_20260818T184228Z,1843,66671681,570202394708080
570202421000000,66691,-0.198,0.148,1.116,38.49,-3.9,-83.35,1,imu01,fusion_20260818T184228Z,1844,66691677,570202414703422
570202437000000,66711,-0.176,0.145,1.038,32.34,-5.53,-86.37,1,imu01,fusion_20260818T184228Z,1845,66711681,570202434706763
570202468000000,66731,-0.119,0.17,1.021,22.3,-8.92,-86.15,1,imu01,fusion_20260818T184228Z,1846,66731677,570202454702105
570202484000000,66751,-0.158,0.161,0.899,20.26,-16.12,-84.16,1,imu01,fusion_20260818T184228Z,1847,66751681,570202474705446
570202500000000,66771,-0.144,0.153,0.904,17.94,-14.79,-81.35,1,imu01,fusion_20260818T184228Z,1848,66771677,570202494700787
570202531000000,66791,-0.112,0.118,1.002,10.45,-11.6,-79.8,1,imu01,fusion_20260818T184228Z,1849,66791681,570202514704129
570202546000000,66811,-0.137,0.104,0.986,7.43,-16.43,-84.43,1,imu01,fusion_20260818T184228Z,1850,66811677,570202534699470
570202562000000,66831,-0.169,0.181,0.96,4.17,-21.13,-89.83,1,imu01,fusion_20260818T184228Z,1851,66831681,570202554702811
570202578000000,66851,-0.17,0.212,0.979,2.69,-21.49,-90.84,1,imu01,fusion_20260818T184228Z,1852,66851677,570202574698153
570202609000000,66871,-0.184,0.203,0.94,5.76,-19.63,-90.5,1,imu01,fusion_20260818T184228Z,1853,66871681,570202594701494
570202625000000,66891,-0.19,0.221,0.946,7.98,-16.37,-90.58,1,imu01,fusion_20260818T184228Z,1854,66891677,570202614696836
570202640000000,66911,-0.187,0.224,0.995,8.01,-13.8,-89.78,1,imu01,fusion_20260818T184228Z,1855,66911681,570202634700177
570202671000000,66931,-0.201,0.222,1.017,7.86,-13.13,-91.19,1,imu01,fusion_20260818T184228Z,1856,66931677,570202654695518
570202687000000,66951,-0.225,0.186,1.007,7.06,-14.72,-93.77,1,imu01,fusion_20260818T184228Z,1857,66951681,570202674698860
570202703000000,66971,-0.238,0.234,0.975,4.76,-15.13,-97.55,1,imu01,fusion_20260818T184228Z,1858,66971677,570202694694201
570202718000000,66991,-0.231,0.231,0.985,1.93,-12.23,-96.09,1,imu01,fusion_20260818T184228Z,1859,66991681,570202714697542
570202750000000,67011,-0.234,0.15,0.936,4.3,-8.91,-94.32,1,imu01,fusion_20260818T184228Z,1860,67011677,570202734692884
570202765000000,67031,-0.211,0.154,0.98,5.69,-5.28,-95.59,1,imu01,fusion_20260818T184228Z,1861,67031681,570202754696225
570202781000000,67051,-0.226,0.146,0.996,9.13,-3.15,-96.99,1,imu01,fusion_20260818T184228Z,1862,67051677,570202774691567
570202812000000,67071,-0.232,0.132,0.987,19.51,-2.44,-98.12,1,imu01,fusion_20260818T184228Z,1863,67071681,570202794694908
570202828000000,67091,-0.155,0.144,1.014,25.47,-0.1,-103.35,1,imu01,fusion_20260818T184228Z,1864,67091677,570202814690250
570202843000000,67111,-0.163,0.122,0.912,32.1,-5.68,-106.04,1,imu01,fusion_20260818T184228Z,1865,67111681,570202834693591
570202859000000,67131,-0.142,0.095,0.865,31.99,-11.45,-102.81,1,imu01,fusion_20260818T184228Z,1866,67131677,570202854688932
570202890000000,67151,-0.126,0.098,0.911,11.32,-14.15,-95.96,1,imu01,fusion_20260818T184228Z,1867,67151681,570202874692274
570202906000000,67171,-0.138,0.119,0.932,-1.28,-12.54,-89.62,1,imu01,fusion_20260818T184228Z,1868,67171677,570202894687615
570202921000000,67191,-0.155,0.128,0.941,2.03,-12.25,-86.23,1,imu01,fusion_20260818T184228Z,1869,67191681,570202914690956
570202937000000,67211,-0.147,0.121,0.98,8.85,-6.6,-84.59,1,imu01,fusion_20260818T184228Z,1870,67211677,570202934686298
570202968000000,67231,-0.168,0.106,1.022,13.59,-4.32,-80.04,1,imu01,fusion_20260818T184228Z,1871,67231681,570202954689639
570202984000000,67251,-0.163,0.098,1.082,12.83,-1.89,-75.36,1,imu01,fusion_20260818T184228Z,1872,67251677,570202974684980
570203000000000,67271,-0.159,0.058,1.129,12.01,-2.42,-72.02,1,imu01,fusion_20260818T184228Z,1873,67271681,570202994688322
570203031000000,67291,-0.18,0.062,1.065,11.23,-5.6,-72.89,1,imu01,fusion_20260818T184228Z,1874,67291677,570203014683663
570203046000000,67311,-0.175,0.067,1.02,9.96,-5.77,-72.11,1,imu01,fusion_20260818T184228Z,1875,67311681,570203034687004
570203062000000,67331,-0.178,0.101,0.965,11.75,-4.88,-69.42,1,imu01,fusion_20260818T184228Z,1876,67331677,570203054682346
570203078000000,67351,-0.139,0.103,0.952,11.52,-1.55,-64.59,1,imu01,fusion_20260818T184228Z,1877,67351681,570203074685687
570203109000000,67371,-0.105,0.1,0.974,11.94,0.32,-59.66,1,imu01,fusion_20260818T184228Z,1878,67371677,570203094681029
570203125000000,67391,-0.121,0.063,0.923,10.47,-3.41,-54.3,1,imu01,fusion_20260818T184228Z,1879,67391681,570203114684370
570203140000000,67411,-0.126,0.079,0.875,7.95,-4.51,-51.12,1,imu01,fusion_20260818T184228Z,1880,67411677,570203134679712
570203171000000,67431,-0.101,0.087,0.912,5.96,-0.75,-46.16,1,imu01,fusion_20260818T184228Z,1881,67431681,570203154683053
570203187000000,67451,-0.085,0.062,0.952,7.14,2.72,-44.03,1,imu01,fusion_20260818T184228Z,1882,67451677,570203174678394
570203203000000,67471,-0.071,0.071,0.985,8.67,4.72,-45.39,1,imu01,fusion_20260818T184228Z,1883,67471681,570203194681736
570203218000000,67491,-0.099,0.086,0.991,6.02,2.07,-42.37,1,imu01,fusion_20260818T184228Z,1884,67491677,570203214677077
570203250000000,67511,-0.095,0.122,1.044,5.36,1.65,-39.79,1,imu01,fusion_20260818T184228Z,1885,67511681,570203234680418
570203265000000,67531,-0.114,0.098,1.04,8.75,0.16,-37.44,1,imu01,fusion_20260818T184228Z,1886,67531677,570203254675760
570203281000000,67551,-0.108,0.115,1.043,11.1,-1.47,-38.88,1,imu01,fusion_20260818T184228Z,1887,67551681,570203274679101
570203312000000,67571,-0.158,0.115,0.958,13.89,-5.87,-38.37,1,imu01,fusion_20260818T184228Z,1888,67571677,570203294674442
570203328000000,67591,-0.139,0.147,0.988,15.01,-4.03,-38.21,1,imu01,fusion_20260818T184228Z,1889,67591681,570203314677784
570203343000000,67611,-0.173,0.131,0.971,15.45,-4.85,-34.21,1,imu01,fusion_20260818T184228Z,1890,67611677,570203334673125
570203359000000,67631,-0.145,0.117,1.001,15.17,-3.61,-32.95,1,imu01,fusion_20260818T184228Z,1891,67631681,570203354676466
570203390000000,67651,-0.113,0.141,1.019,15.07,-4.32,-33.38,1,imu01,fusion_20260818T184228Z,1892,67651677,570203374671808
570203406000000,67671,-0.122,0.151,0.955,12.38,-7.28,-30.83,1,imu01,fusion_20260818T184228Z,1893,67671681,570203394675149
570203421000000,67691,-0.123,0.14,0.933,12.9,-9.35,-26.66,1,imu01,fusion_20260818T184228Z,1894,67691677,570203414670491
570203437000000,67711,-0.123,0.131,0.942,12.06,-9.82,-23.07,1,imu01,fusion_20260818T184228Z,1895,67711681,570203434673832
570203468000000,67731,-0.137,0.144,0.933,11.17,-9.71,-22.14,1,imu01,fusion_20260818T184228Z,1896,67731677,570203454669174
570203484000000,67751,-0.124,0.19,0.981,9.49,-6.37,-23.3,1,imu01,fusion_20260818T184228Z,1897,67751681,570203474672515
570203500000000,67771,-0.139,0.179,0.975,12.46,-7.28,-23.78,1,imu01,fusion_20260818T184228Z,1898,67771677,570203494667856
570203531000000,67791,-0.156,0.2,0.981,9.41,-5.23,-22.69,1,imu01,fusion_20260818T184228Z,1899,67791681,570203514671198
570203546000000,67811,-0.137,0.134,1.031,7.36,-0.35,-21.76,1,imu01,fusion_20260818T184228Z,1900,67811677,570203534666539
570203562000000,67831,-0.129,0.057,1.003,7.93,-0.15,-26.92,1,imu01,fusion_20260818T184228Z,1901,67831681,570203554669880
570203578000000,67851,-0.112,0.203,0.981,-3.98,0.41,-31.89,1,imu01,fusion_20260818T184228Z,1902,67851677,570203574665222
570203609000000,67871,-0.116,0.246,0.9,-0.7,-0.6,-30.89,1,imu01,fusion_20260818T184228Z,1903,67871681,570203594668563
570203625000000,67891,-0.105,0.171,0.953,-5.0,1.41,-16.55,1,imu01,fusion_20260818T184228Z,1904,67891677,570203614663904
570203640000000,67911,-0.093,0.154,0.991,-13.24,4.01,-11.07,1,imu01,fusion_20260818T184228Z,1905,67911681,570203634667246
570203671000000,67931,-0.139,0.118,0.98,-18.39,-0.42,-8.24,1,imu01,fusion_20260818T184228Z,1906,67931677,570203654662587
570203687000000,67951,-0.135,0.165,1.045,-18.53,1.11,-12.24,1,imu01,fusion_20260818T184228Z,1907,67951681,570203674665928
570203703000000,67971,-0.151,0.157,1.025,-9.68,0.03,-14.34,1,imu01,fusion_20260818T184228Z,1908,67971677,570203694661270
570203718000000,67991,-0.138,0.165,1.037,0.47,-0.58,-14.62,1,imu01,fusion_20260818T184228Z,1909,67991681,570203714664611
570203750000000,68011,-0.112,0.09,1.041,-2.25,-2.17,-10.59,1,imu01,fusion_20260818T184228Z,1910,68011677,570203734659953
570203765000000,68031,-0.13,0.124,0.991,-9.51,-5.3,-11.05,1,imu01,fusion_20260818T184228Z,1911,68031681,570203754663294
570203781000000,68051,-0.137,0.145,0.95,-8.84,-7.77,-10.3,1,imu01,fusion_20260818T184228Z,1912,68051677,570203774658636
570203796000000,68071,-0.153,0.092,0.92,-5.29,-6.71,-8.16,1,imu01,fusion_20260818T184228Z,1913,68071681,570203794661977
570203828000000,68091,-0.146,0.119,0.96,-5.51,-2.27,-7.71,1,imu01,fusion_20260818T184228Z,1914,68091677,570203814657318
570203843000000,68111,-0.135,0.085,0.98,2.46,-0.19,-10.41,1,imu01,fusion_20260818T184228Z,1915,68111681,570203834660660
570203859000000,68131,-0.124,0.066,1.0,4.52,-1.22,-9.79,1,imu01,fusion_20260818T184228Z,1916,68131677,570203854656001
570203890000000,68151,-0.113,-0.006,1.015,-5.46,-0.64,-11.05,1,imu01,fusion_20260818T184228Z,1917,68151679,570203874657342
570203906000000,68171,-0.12,0.041,1.003,-14.45,-1.32,-19.59,1,imu01,fusion_20260818T184228Z,1918,68171677,570203894654684
570203921000000,68191,-0.131,0.103,0.978,-16.89,-3.51,-24.8,1,imu01,fusion_20260818T184228Z,1919,68191681,570203914658025
570203937000000,68211,-0.145,0.108,0.962,-14.21,-6.24,-21.67,1,imu01,fusion_20260818T184228Z,1920,68211677,570203934653367
570203968000000,68231,-0.153,0.134,1.0,-7.31,-4.3,-18.31,1,imu01,fusion_20260818T184228Z,1921,68231681,570203954656708
570203984000000,68251,-0.14,0.06,0.995,2.2,-2.83,-16.13,1,imu01,fusion_20260818T184228Z,1922,68251677,570203974652049
570204000000000,68271,-0.119,0.052,1.02,-2.45,-3.87,-13.26,1,imu01,fusion_20260818T184228Z,1923,68271681,570203994655391
570204031000000,68291,-0.142,0.026,0.983,-7.44,-7.29,-12.84,1,imu01,fusion_20260818T184228Z,1924,68291677,570204014650732
570204046000000,68311,-0.124,0.058,1.02,-13.8,-6.06,-14.44,1,imu01,fusion_20260818T184228Z,1925,68311681,570204034654073
570204062000000,68331,-0.129,0.052,0.979,-12.29,-8.91,-17.87,1,imu01,fusion_20260818T184228Z,1926,68331677,570204054649415
570204078000000,68351,-0.12,0.016,0.981,-9.3,-8.65,-18.19,1,imu01,fusion_20260818T184228Z,1927,68351681,570204074652756
570204109000000,68371,-0.085,-0.007,1.079,-12.19,-8.5,-19.95,1,imu01,fusion_20260818T184228Z,1928,68371677,570204094648098
570204125000000,68391,-0.052,-0.047,1.191,-17.84,-23.09,-23.61,1,imu01,fusion_20260818T184228Z,1929,68391681,570204114651439
570204140000000,68411,-0.098,0.074,1.065,-43.09,-41.45,-35.29,1,imu01,fusion_20260818T184228Z,1930,68411677,570204134646780
570204171000000,68431,-0.118,0.05,0.883,-27.72,-34.27,-52.24,1,imu01,fusion_20260818T184228Z,1931,68431681,570204154650122
570204187000000,68451,-0.079,0.087,0.952,-17.97,-21.81,-43.08,1,imu01,fusion_20260818T184228Z,1932,68451677,570204174645463
570204203000000,68471,-0.097,0.107,0.896,2.43,-18.8,-29.55,1,imu01,fusion_20260818T184228Z,1933,68471681,570204194648804
570204218000000,68491,-0.079,0.04,0.938,3.01,-6.7,-11.4,1,imu01,fusion_20260818T184228Z,1934,68491677,570204214644146
570204250000000,68511,-0.07,0.043,0.967,-4.37,-1.87,-4.63,1,imu01,fusion_20260818T184228Z,1935,68511681,570204234647487
570204265000000,68531,-0.094,-0.012,0.974,-17.47,5.23,-0.24,1,imu01,fusion_20260818T184228Z,1936,68531677,570204254642829
570204281000000,68551,-0.087,0.001,0.985,-4.94,7.81,-5.37,1,imu01,fusion_20260818T184228Z,1937,68551681,570204274646170
570204312000000,68571,-0.096,-0.024,0.987,1.63,8.58,-8.67,1,imu01,fusion_20260818T184228Z,1938,68571677,570204294641511
570204328000000,68591,-0.09,0.046,0.99,2.85,8.19,-12.17,1,imu01,fusion_20260818T184228Z,1939,68591681,570204314644853
570204343000000,68611,-0.105,0.019,0.952,5.77,6.13,-7.73,1,imu01,fusion_20260818T184228Z,1940,68611677,570204334640194
570204359000000,68631,-0.093,0.027,0.994,0.54,5.84,-1.09,1,imu01,fusion_20260818T184228Z,1941,68631681,570204354643535
570204390000000,68651,-0.109,-0.002,0.962,-0.48,7.53,-0.5,1,imu01,fusion_20260818T184228Z,1942,68651677,570204374638877
570204406000000,68671,-0.1,-0.037,1.009,-3.19,9.95,1.43,1,imu01,fusion_20260818T184228Z,1943,68671681,570204394642218
570204421000000,68691,-0.073,-0.034,1.045,5.21,8.36,-4.22,1,imu01,fusion_20260818T184228Z,1944,68691677,570204414637560
570204437000000,68711,-0.088,-0.001,1.019,6.45,2.11,-5.4,1,imu01,fusion_20260818T184228Z,1945,68711681,570204434640901
570204468000000,68731,-0.12,0.007,0.987,3.88,0.18,-4.15,1,imu01,fusion_20260818T184228Z,1946,68731677,570204454636242
570204484000000,68751,-0.108,0.025,0.985,5.84,3.36,-2.59,1,imu01,fusion_20260818T184228Z,1947,68751681,570204474639584
570204500000000,68771,-0.099,0.003,0.999,9.65,4.35,-0.62,1,imu01,fusion_20260818T184228Z,1948,68771677,570204494634925
570204531000000,68791,-0.075,-0.001,1.049,0.33,5.52,1.26,1,imu01,fusion_20260818T184228Z,1949,68791681,570204514638266
570204546000000,68811,-0.121,0.002,0.96,-4.93,-0.11,1.73,1,imu01,fusion_20260818T184228Z,1950,68811677,570204534633608
570204562000000,68831,-0.107,0.024,0.986,-1.25,-1.29,-1.69,1,imu01,fusion_20260818T184228Z,1951,68831681,570204554636949
570204578000000,68851,-0.111,0.02,0.99,5.78,-0.46,-2.33,1,imu01,fusion_20260818T184228Z,1952,68851677,570204574632291
570204609000000,68871,-0.103,0.008,0.995,4.51,1.27,-0.89,1,imu01,fusion_20260818T184228Z,1953,68871681,570204594635632
570204625000000,68891,-0.111,0.029,0.985,0.54,1.83,0.08,1,imu01,fusion_20260818T184228Z,1954,68891677,570204614630973
570204640000000,68911,-0.116,0.003,0.988,1.45,2.4,0.93,1,imu01,fusion_20260818T184228Z,1955,68911681,570204634634315
570204671000000,68931,-0.114,-0.003,0.981,5.39,3.54,-0.09,1,imu01,fusion_20260818T184228Z,1956,68931677,570204654629656
570204687000000,68951,-0.107,-0.001,1.012,6.19,4.77,-0.13,1,imu01,fusion_20260818T184228Z,1957,68951681,570204674632997
570204703000000,68971,-0.091,-0.014,1.032,3.72,4.43,0.89,1,imu01,fusion_20260818T184228Z,1958,68971677,570204694628339
570204718000000,68991,-0.103,-0.003,0.994,-0.2,0.94,0.57,1,imu01,fusion_20260818T184228Z,1959,68991681,570204714631680
570204750000000,69011,-0.11,0.016,0.993,-7.47,1.45,2.57,1,imu01,fusion_20260818T184228Z,1960,69011677,570204734627022
570204765000000,69031,-0.101,0.036,0.986,-1.96,0.2,2.21,1,imu01,fusion_20260818T184228Z,1961,69031681,570204754630363
570204781000000,69051,-0.114,-0.011,0.976,4.85,-1.14,3.07,1,imu01,fusion_20260818T184228Z,1962,69051677,570204774625704
570204796000000,69071,-0.104,0.035,1.012,4.75,-0.97,2.67,1,imu01,fusion_20260818T184228Z,1963,69071681,570204794629046
570204828000000,69091,-0.125,0.027,0.991,2.44,-2.48,2.98,1,imu01,fusion_20260818T184228Z,1964,69091677,570204814624387
570204843000000,69111,-0.118,0.032,0.991,1.53,-1.09,2.29,1,imu01,fusion_20260818T184228Z,1965,69111681,570204834627728
570204859000000,69131,-0.106,0.026,1.002,-2.15,1.19,3.47,1,imu01,fusion_20260818T184228Z,1966,69131677,570204854623070
570204890000000,69151,-0.109,0.022,0.996,-1.83,0.34,3.86,1,imu01,fusion_20260818T184228Z,1967,69151681,570204874626411
570204906000000,69171,-0.114,0.022,0.991,1.04,-0.42,2.63,1,imu01,fusion_20260818T184228Z,1968,69171677,570204894621753
570204921000000,69191,-0.116,0.027,0.98,1.59,0.84,2.18,1,imu01,fusion_20260818T184228Z,1969,69191681,570204914625094
570204937000000,69211,-0.093,0.011,1.04,1.21,3.23,1.93,1,imu01,fusion_20260818T184228Z,1970,69211677,570204934620435
570204968000000,69231,-0.095,0.02,1.047,2.49,-0.73,-0.49,1,imu01,fusion_20260818T184228Z,1971,69231681,570204954623777
570204984000000,69251,-0.11,0.022,1.012,0.17,-4.84,-1.54,1,imu01,fusion_20260818T184228Z,1972,69251677,570204974619118
570205000000000,69271,-0.127,-0.008,0.963,-3.59,-6.0,1.71,1,imu01,fusion_20260818T184228Z,1973,69271681,570204994622459
570205031000000,69291,-0.12,0.03,0.976,-5.65,-1.59,3.05,1,imu01,fusion_20260818T184228Z,1974,69291677,570205014617801
570205046000000,69311,-0.092,-0.009,0.989,-2.13,1.85,3.9,1,imu01,fusion_20260818T184228Z,1975,69311681,570205034621142
570205062000000,69331,-0.094,-0.006,1.004,0.25,2.18,3.26,1,imu01,fusion_20260818T184228Z,1976,69331677,570205054616484
570205078000000,69351,-0.109,-0.012,0.982,-0.25,0.58,0.82,1,imu01,fusion_20260818T184228Z,1977,69351681,570205074619825
570205109000000,69371,-0.119,0.027,0.957,-4.59,-0.68,0.86,1,imu01,fusion_20260818T184228Z,1978,69371677,570205094615166
570205125000000,69391,-0.128,0.015,0.975,-4.75,2.07,2.11,1,imu01,fusion_20260818T184228Z,1979,69391681,570205114618508
570205140000000,69411,-0.103,0.033,1.006,0.17,5.01,0.28,1,imu01,fusion_20260818T184228Z,1980,69411677,570205134613849
570205171000000,69431,-0.104,0.004,1.012,1.74,2.93,0.82,1,imu01,fusion_20260818T184228Z,1981,69431681,570205154617190
570205187000000,69451,-0.109,0.013,0.989,-1.19,-0.43,1.82,1,imu01,fusion_20260818T184228Z,1982,69451677,570205174612532
570205203000000,69471,-0.117,0.026,0.977,-3.16,-1.66,3.07,1,imu01,fusion_20260818T184228Z,1983,69471681,570205194615873
570205218000000,69491,-0.127,0.01,0.971,-0.65,0.14,3.67,1,imu01,fusion_20260818T184228Z,1984,69491677,570205214611215
570205250000000,69511,-0.122,0.016,0.992,4.33,2.95,1.82,1,imu01,fusion_20260818T184228Z,1985,69511681,570205234614556
570205265000000,69531,-0.094,0.004,1.017,9.9,1.5,0.85,1,imu01,fusion_20260818T184228Z,1986,69531677,570205254609898
570205281000000,69551,-0.106,0.025,0.984,11.14,-1.9,0.75,1,imu01,fusion_20260818T184228Z,1987,69551681,570205274613239
570205312000000,69571,-0.116,0.047,0.983,5.56,-2.19,1.49,1,imu01,fusion_20260818T184228Z,1988,69571677,570205294608580
570205328000000,69591,-0.12,0.024,0.972,-5.51,0.07,5.31,1,imu01,fusion_20260818T184228Z,1989,69591681,570205314611922
570205343000000,69611,-0.096,0.024,1.017,-3.44,2.03,4.38,1,imu01,fusion_20260818T184228Z,1990,69611677,570205334607263
570205359000000,69631,-0.084,0.019,1.033,3.44,-1.16,2.52,1,imu01,fusion_20260818T184228Z,1991,69631681,570205354610604
570205390000000,69651,-0.097,0.042,1.013,3.71,-5.8,3.02,1,imu01,fusion_20260818T184228Z,1992,69651677,570205374605946
570205406000000,69671,-0.109,0.042,0.964,-0.53,-4.87,4.24,1,imu01,fusion_20260818T184228Z,1993,69671681,570205394609287
570205421000000,69691,-0.119,0.036,0.947,-2.51,-0.64,4.13,1,imu01,fusion_20260818T184228Z,1994,69691677,570205414604628
570205437000000,69711,-0.095,0.014,1.008,-0.71,1.9,3.18,1,imu01,fusion_20260818T184228Z,1995,69711681,570205434607970
570205468000000,69731,-0.097,0.001,1.005,1.41,2.29,1.76,1,imu01,fusion_20260818T184228Z,1996,69731677,570205454603311
570205484000000,69751,-0.107,0.031,1.001,-1.0,1.39,1.53,1,imu01,fusion_20260818T184228Z,1997,69751681,570205474606652
570205500000000,69771,-0.11,0.056,0.992,-0.96,-0.47,2.69,1,imu01,fusion_20260818T184228Z,1998,69771677,570205494601994
570205531000000,69791,-0.103,0.064,0.985,-1.45,-0.46,5.62,1,imu01,fusion_20260818T184228Z,1999,69791681,570205514605335
570205546000000,69811,-0.112,0.022,0.98,-2.05,1.16,8.69,1,imu01,fusion_20260818T184228Z,2000,69811677,570205534600677
570205562000000,69831,-0.097,0.054,1.022,-2.09,1.61,9.28,1,imu01,fusion_20260818T184228Z,2001,69831681,570205554604018
570205578000000,69851,-0.095,0.042,0.996,-0.58,0.69,10.27,1,imu01,fusion_20260818T184228Z,2002,69851677,570205574599360
570205609000000,69871,-0.099,0.069,0.989,-0.38,0.97,11.87,1,imu01,fusion_20260818T184228Z,2003,69871681,570205594602701
570205625000000,69891,-0.086,0.013,1.003,-0.22,2.3,14.83,1,imu01,fusion_20260818T184228Z,2004,69891677,570205614598042
570205640000000,69911,-0.081,0.032,1.008,0.39,0.46,14.26,1,imu01,fusion_20260818T184228Z,2005,69911681,570205634601384
570205671000000,69931,-0.075,0.064,1.022,-3.07,-0.62,12.04,1,imu01,fusion_20260818T184228Z,2006,69931677,570205654596725
570205687000000,69951,-0.073,0.085,1.019,-5.3,-2.92,13.44,1,imu01,fusion_20260818T184228Z,2007,69951681,570205674600066
570205703000000,69971,-0.069,0.074,1.022,-7.02,-4.84,16.11,1,imu01,fusion_20260818T184228Z,2008,69971677,570205694595408
570205718000000,69991,-0.09,0.091,0.997,-6.75,-5.34,16.44,1,imu01,fusion_20260818T184228Z,2009,69991681,570205714598749
570205750000000,70011,-0.079,0.074,1.018,-6.99,-3.65,18.89,1,imu01,fusion_20260818T184228Z,2010,70011677,570205734594090
570205765000000,70031,-0.038,0.043,1.062,-5.94,-2.6,19.11,1,imu01,fusion_20260818T184228Z,2011,70031681,570205754597432
570205781000000,70051,-0.056,0.042,1.009,-5.1,-5.5,18.21,1,imu01,fusion_20260818T184228Z,2012,70051677,570205774592773
570205812000000,70071,-0.057,0.052,0.991,-9.21,-6.55,19.55,1,imu01,fusion_20260818T184228Z,2013,70071681,570205794596114
570205828000000,70091,-0.065,0.059,0.977,-9.84,-5.56,20.15,1,imu01,fusion_20260818T184228Z,2014,70091677,570205814591456
570205843000000,70111,-0.066,0.059,0.976,-9.11,-2.22,21.53,1,imu01,fusion_20260818T184228Z,2015,70111681,570205834594797
570205859000000,70131,-0.054,0.055,0.992,-6.81,-0.07,21.86,1,imu01,fusion_20260818T184228Z,2016,70131677,570205854590139
570205890000000,70151,-0.081,0.086,0.969,-3.92,0.17,21.37,1,imu01,fusion_20260818T184228Z,2017,70151679,570205874591480
570205906000000,70171,-0.086,0.1,0.982,-0.44,1.16,24.11,1,imu01,fusion_20260818T184228Z,2018,70171677,570205894588822
570205921000000,70191,-0.081,0.091,0.984,-0.98,2.67,29.02,1,imu01,fusion_20260818T184228Z,2019,70191681,570205914592163
570205937000000,70211,-0.071,0.098,0.996,-5.71,2.53,34.15,1,imu01,fusion_20260818T184228Z,2020,70211677,570205934587504
570205968000000,70231,-0.068,0.107,1.005,-7.84,0.05,37.76,1,imu01,fusion_20260818T184228Z,2021,70231681,570205954590846
570205984000000,70251,-0.083,0.089,0.995,-6.05,-2.68,40.51,1,imu01,fusion_20260818T184228Z,2022,70251677,570205974586187
570206000000000,70271,-0.061,0.1,1.027,-8.61,-2.19,43.5,1,imu01,fusion_20260818T184228Z,2023,70271681,570205994589528
570206031000000,70291,-0.079,0.085,1.007,-9.67,-3.74,47.76,1,imu01,fusion_20260818T184228Z,2024,70291677,570206014584870
570206046000000,70311,-0.075,0.086,0.996,-9.02,-3.7,50.72,1,imu01,fusion_20260818T184228Z,2025,70311681,570206034588211
570206062000000,70331,-0.087,0.075,0.998,-8.78,-3.38,54.01,1,imu01,fusion_20260818T184228Z,2026,70331677,570206054583552
570206078000000,70351,-0.083,0.07,1.011,-8.0,-2.27,56.56,1,imu01,fusion_20260818T184228Z,2027,70351681,570206074586894
570206109000000,70371,-0.088,0.051,1.01,-4.43,-3.23,58.29,1,imu01,fusion_20260818T184228Z,2028,70371677,570206094582235
570206125000000,70391,-0.094,0.068,0.994,-0.82,-4.08,59.14,1,imu01,fusion_20260818T184228Z,2029,70391681,570206114585576
570206140000000,70411,-0.098,0.039,0.979,-1.86,-3.11,63.32,1,imu01,fusion_20260818T184228Z,2030,70411677,570206134580918
570206171000000,70431,-0.075,0.047,1.012,-0.95,-3.69,66.96,1,imu01,fusion_20260818T184228Z,2031,70431681,570206154584259
570206187000000,70451,-0.084,0.038,0.967,3.02,-5.39,68.31,1,imu01,fusion_20260818T184228Z,2032,70451677,570206174579601
570206203000000,70471,-0.095,0.031,0.97,4.18,-5.73,70.41,1,imu01,fusion_20260818T184228Z,2033,70471681,570206194582942
570206218000000,70491,-0.096,0.052,0.958,-0.09,-3.68,74.24,1,imu01,fusion_20260818T184228Z,2034,70491677,570206214578284
570206250000000,70511,-0.108,0.019,0.954,1.98,-1.03,76.9,1,imu01,fusion_20260818T184228Z,2035,70511681,570206234581625
570206265000000,70531,-0.091,0.005,1.035,3.21,1.29,79.96,1,imu01,fusion_20260818T184228Z,2036,70531677,570206254576966
570206281000000,70551,-0.098,0.02,1.025,4.75,-1.58,79.47,1,imu01,fusion_20260818T184228Z,2037,70551681,570206274580308
570206312000000,70571,-0.121,0.044,0.976,3.79,-4.45,80.6,1,imu01,fusion_20260818T184228Z,2038,70571677,570206294575649
570206328000000,70591,-0.106,0.027,0.996,1.55,-3.0,85.63,1,imu01,fusion_20260818T184228Z,2039,70591681,570206314578990
570206343000000,70611,-0.124,0.05,0.957,2.26,-1.15,87.62,1,imu01,fusion_20260818T184228Z,2040,70611677,570206334574332
570206359000000,70631,-0.106,0.056,0.952,3.69,2.7,89.34,1,imu01,fusion_20260818T184228Z,2041,70631681,570206354577673
570206390000000,70651,-0.072,0.027,1.004,3.11,4.78,94.15,1,imu01,fusion_20260818T184228Z,2042,70651677,570206374573014
570206406000000,70671,-0.081,0.059,1.01,5.86,2.88,94.58,1,imu01,fusion_20260818T184228Z,2043,70671681,570206394576356
570206421000000,70691,-0.105,0.074,0.962,7.43,1.18,96.12,1,imu01,fusion_20260818T184228Z,2044,70691677,570206414571697
570206437000000,70711,-0.127,0.096,0.961,3.45,2.94,100.69,1,imu01,fusion_20260818T184228Z,2045,70711681,570206434575038
570206468000000,70731,-0.139,0.11,1.006,0.76,4.96,104.34,1,imu01,fusion_20260818T184228Z,2046,70731677,570206454570380
570206484000000,70751,-0.162,0.085,0.982,-1.38,5.9,104.52,1,imu01,fusion_20260818T184228Z,2047,70751681,570206474573721
570206500000000,70771,-0.197,0.123,0.98,2.32,5.11,101.45,1,imu01,fusion_20260818T184228Z,2048,70771677,570206494569063
570206531000000,70791,-0.205,0.122,1.012,-0.58,8.13,104.51,1,imu01,fusion_20260818T184228Z,2049,70791681,570206514572404
570206546000000,70811,-0.22,0.133,1.012,0.62,10.02,105.67,1,imu01,fusion_20260818T184228Z,2050,70811677,570206534567746
570206562000000,70831,-0.204,0.115,1.049,-0.03,10.7,107.28,1,imu01,fusion_20260818T184228Z,2051,70831681,570206554571087
570206578000000,70851,-0.207,0.083,1.034,-3.5,7.72,108.7,1,imu01,fusion_20260818T184228Z,2052,70851677,570206574566428
570206609000000,70871,-0.208,0.117,0.999,-6.04,5.87,108.25,1,imu01,fusion_20260818T184228Z,2053,70871681,570206594569770
570206625000000,70891,-0.2,0.105,0.974,-6.22,5.5,109.83,1,imu01,fusion_20260818T184228Z,2054,70891677,570206614565111
570206640000000,70911,-0.179,0.065,0.95,-6.52,3.02,110.89,1,imu01,fusion_20260818T184228Z,2055,70911681,570206634568452
570206671000000,70931,-0.196,0.083,0.903,-12.13,1.68,110.12,1,imu01,fusion_20260818T184228Z,2056,70931677,570206654563794
570206687000000,70951,-0.192,0.092,0.93,-16.08,5.94,109.16,1,imu01,fusion_20260818T184228Z,2057,70951681,570206674567135
570206703000000,70971,-0.169,0.085,0.99,-12.01,8.49,105.31,1,imu01,fusion_20260818T184228Z,2058,70971677,570206694562477
570206718000000,70991,-0.176,0.054,0.982,-6.67,7.65,99.53,1,imu01,fusion_20260818T184228Z,2059,70991681,570206714565818
570206750000000,71011,-0.167,0.11,0.97,-5.28,7.8,92.95,1,imu01,fusion_20260818T184228Z,2060,71011677,570206734561159
570206765000000,71031,-0.143,0.098,0.946,-4.9,8.49,89.12,1,imu01,fusion_20260818T184228Z,2061,71031681,570206754564501
570206781000000,71051,-0.15,0.078,0.909,-6.66,8.42,87.81,1,imu01,fusion_20260818T184228Z,2062,71051677,570206774559842
570206812000000,71071,-0.141,0.103,0.916,-8.85,8.92,85.22,1,imu01,fusion_20260818T184228Z,2063,71071681,570206794563183
570206828000000,71091,-0.131,0.112,0.953,-10.16,10.42,82.42,1,imu01,fusion_20260818T184228Z,2064,71091677,570206814558525
570206843000000,71111,-0.146,0.104,0.975,-7.91,12.03,78.28,1,imu01,fusion_20260818T184228Z,2065,71111681,570206834561866
570206859000000,71131,-0.129,0.113,1.019,-0.6,12.35,72.97,1,imu01,fusion_20260818T184228Z,2066,71131677,570206854557208
570206890000000,71151,-0.133,0.058,1.004,5.12,10.59,68.42,1,imu01,fusion_20260818T184228Z,2067,71151681,570206874560549
570206906000000,71171,-0.124,0.077,1.024,-1.39,10.37,64.84,1,imu01,fusion_20260818T184228Z,2068,71171677,570206894555890
570206921000000,71191,-0.126,0.093,1.004,-6.8,7.32,61.79,1,imu01,fusion_20260818T184228Z,2069,71191681,570206914559232
570206937000000,71211,-0.123,0.097,1.009,-8.74,5.33,58.77,1,imu01,fusion_20260818T184228Z,2070,71211677,570206934554573
570206968000000,71231,-0.124,0.103,0.992,-6.59,3.43,55.99,1,imu01,fusion_20260818T184228Z,2071,71231681,570206954557914
570206984000000,71251,-0.118,0.122,0.992,-5.62,4.43,53.92,1,imu01,fusion_20260818T184228Z,2072,71251677,570206974553256
570207000000000,71271,-0.102,0.088,0.985,-6.96,4.98,54.85,1,imu01,fusion_20260818T184228Z,2073,71271681,570206994556597
570207031000000,71291,-0.109,0.057,0.949,-6.6,4.81,51.7,1,imu01,fusion_20260818T184228Z,2074,71291677,570207014551939
570207046000000,71311,-0.112,0.068,0.934,-6.94,4.71,49.28,1,imu01,fusion_20260818T184228Z,2075,71311681,570207034555280
570207062000000,71331,-0.124,0.041,0.955,-10.25,5.66,49.09,1,imu01,fusion_20260818T184228Z,2076,71331677,570207054550621
570207078000000,71351,-0.126,0.047,1.017,-10.5,7.51,46.68,1,imu01,fusion_20260818T184228Z,2077,71351681,570207074553963
570207109000000,71371,-0.141,0.023,1.004,-5.13,7.7,41.04,1,imu01,fusion_20260818T184228Z,2078,71371677,570207094549304
570207125000000,71391,-0.148,0.044,0.999,-3.25,9.11,35.17,1,imu01,fusion_20260818T184228Z,2079,71391681,570207114552645
570207140000000,71411,-0.147,0.015,0.982,-1.97,8.75,30.92,1,imu01,fusion_20260818T184228Z,2080,71411677,570207134547987
570207156000000,71431,-0.162,0.008,0.975,-6.22,6.91,27.47,1,imu01,fusion_20260818T184228Z,2081,71431681,570207154551328
570207187000000,71451,-0.165,0.014,0.982,-12.54,7.28,25.0,1,imu01,fusion_20260818T184228Z,2082,71451677,570207174546670
570207203000000,71471,-0.162,0.012,0.997,-11.87,7.38,23.25,1,imu01,fusion_20260818T184228Z,2083,71471681,570207194550011
570207218000000,71491,-0.156,-0.031,0.969,-5.43,8.75,18.66,1,imu01,fusion_20260818T184228Z,2084,71491677,570207214545352
570207250000000,71511,-0.138,-0.036,0.999,-1.45,10.29,12.92,1,imu01,fusion_20260818T184228Z,2085,71511681,570207234548694
570207265000000,71531,-0.139,-0.033,0.969,1.17,9.32,7.28,1,imu01,fusion_20260818T184228Z,2086,71531677,570207254544035
570207281000000,71551,-0.107,-0.037,1.004,1.54,9.74,5.12,1,imu01,fusion_20260818T184228Z,2087,71551681,570207274547376
570207312000000,71571,-0.111,-0.032,1.003,2.5,9.39,3.76,1,imu01,fusion_20260818T184228Z,2088,71571677,570207294542718
570207328000000,71591,-0.083,-0.034,1.056,3.89,9.16,2.98,1,imu01,fusion_20260818T184228Z,2089,71591681,570207314546059
570207343000000,71611,-0.08,-0.041,1.071,2.93,5.17,4.25,1,imu01,fusion_20260818T184228Z,2090,71611677,570207334541401
570207359000000,71631,-0.071,-0.04,1.072,-2.23,0.47,4.72,1,imu01,fusion_20260818T184228Z,2091,71631681,570207354544742
570207390000000,71651,-0.091,-0.043,1.035,-4.34,-4.04,4.26,1,imu01,fusion_20260818T184228Z,2092,71651677,570207374540083
570207406000000,71671,-0.092,-0.033,1.024,-1.56,-5.21,1.28,1,imu01,fusion_20260818T184228Z,2093,71671681,570207394543425
570207421000000,71691,-0.085,-0.031,1.02,2.36,-5.68,-1.0,1,imu01,fusion_20260818T184228Z,2094,71691677,570207414538766
570207437000000,71711,-0.083,0.004,1.007,4.43,-5.91,-1.95,1,imu01,fusion_20260818T184228Z,2095,71711681,570207434542107
570207468000000,71731,-0.067,-0.0,1.004,6.06,-5.77,-1.45,1,imu01,fusion_20260818T184228Z,2096,71731677,570207454537449
570207484000000,71751,-0.085,-0.006,0.97,6.04,-6.92,-0.18,1,imu01,fusion_20260818T184228Z,2097,71751681,570207474540790
570207500000000,71771,-0.085,0.032,0.956,2.02,-6.09,1.01,1,imu01,fusion_20260818T184228Z,2098,71771677,570207494536132
570207531000000,71791,-0.103,0.019,0.936,0.46,-4.61,3.39,1,imu01,fusion_20260818T184228Z,2099,71791681,570207514539473
570207546000000,71811,-0.129,0.039,0.968,-3.87,-1.52,6.34,1,imu01,fusion_20260818T184228Z,2100,71811677,570207534534814
570207562000000,71831,-0.134,0.008,1.062,-9.73,2.16,9.99,1,imu01,fusion_20260818T184228Z,2101,71831681,570207554538156
570207578000000,71851,-0.111,0.023,1.128,-8.86,3.78,8.1,1,imu01,fusion_20260818T184228Z,2102,71851677,570207574533497
570207609000000,71871,-0.127,-0.011,1.056,-2.25,0.81,3.89,1,imu01,fusion_20260818T184228Z,2103,71871681,570207594536838
570207625000000,71891,-0.103,0.021,1.007,-1.61,-0.55,-0.24,1,imu01,fusion_20260818T184228Z,2104,71891677,570207614532180
570207640000000,71911,-0.101,0.055,0.932,-3.72,-3.4,-1.23,1,imu01,fusion_20260818T184228Z,2105,71911681,570207634535521
570207671000000,71931,-0.107,0.084,0.884,-7.32,-4.32,1.15,1,imu01,fusion_20260818T184228Z,2106,71931677,570207654530863
570207687000000,71951,-0.106,0.092,0.884,-7.25,-2.36,3.39,1,imu01,fusion_20260818T184228Z,2107,71951681,570207674534204
570207703000000,71971,-0.11,0.07,0.929,-2.95,0.88,3.38,1,imu01,fusion_20260818T184228Z,2108,71971677,570207694529546
570207718000000,71991,-0.109,0.087,1.003,-0.28,3.96,1.66,1,imu01,fusion_20260818T184228Z,2109,71991681,570207714532887
570207750000000,72011,-0.112,0.093,1.016,3.65,4.03,-0.01,1,imu01,fusion_20260818T184228Z,2110,72011677,570207734528228
570207765000000,72031,-0.116,0.116,1.023,4.05,3.49,-0.38,1,imu01,fusion_20260818T184228Z,2111,72031681,570207754531570
570207781000000,72051,-0.083,0.104,1.033,5.6,1.11,-0.76,1,imu01,fusion_20260818T184228Z,2112,72051677,570207774526911
570207812000000,72071,-0.082,0.119,1.013,1.4,1.29,2.9,1,imu01,fusion_20260818T184228Z,2113,72071681,570207794530252
570207828000000,72091,-0.071,0.08,0.994,2.46,0.52,3.93,1,imu01,fusion_20260818T184228Z,2114,72091677,570207814525594
570207843000000,72111,-0.065,0.077,0.995,-1.27,-0.39,4.83,1,imu01,fusion_20260818T184228Z,2115,72111681,570207834528935
570207859000000,72131,-0.082,0.065,0.951,-2.4,-2.81,5.21,1,imu01,fusion_20260818T184228Z,2116,72131677,570207854524276
570207890000000,72151,-0.079,0.073,0.994,-1.89,-1.06,4.84,1,imu01,fusion_20260818T184228Z,2117,72151679,570207874525618
570207906000000,72171,-0.074,0.053,1.002,1.24,-0.5,5.31,1,imu01,fusion_20260818T184228Z,2118,72171677,570207894522959
570207921000000,72191,-0.082,0.051,1.002,4.65,-0.77,5.22,1,imu01,fusion_20260818T184228Z,2119,72191681,570207914526300
570207937000000,72211,-0.075,0.07,1.018,2.28,0.26,6.04,1,imu01,fusion_20260818T184228Z,2120,72211677,570207934521642
570207968000000,72231,-0.085,0.041,1.022,4.16,-1.29,5.99,1,imu01,fusion_20260818T184228Z,2121,72231681,570207954524983
570207984000000,72251,-0.083,0.047,1.011,6.23,-2.39,0.82,1,imu01,fusion_20260818T184228Z,2122,72251677,570207974520325
570208000000000,72271,-0.08,0.103,0.998,4.1,-2.89,-3.13,1,imu01,fusion_20260818T184228Z,2123,72271681,570207994523666
570208031000000,72291,-0.098,0.083,0.955,5.67,-4.8,-3.53,1,imu01,fusion_20260818T184228Z,2124,72291677,570208014519008
570208046000000,72311,-0.098,0.096,0.972,2.23,-1.99,-2.52,1,imu01,fusion_20260818T184228Z,2125,72311681,570208034522349
570208062000000,72331,-0.092,0.101,0.971,2.99,-0.93,-2.63,1,imu01,fusion_20260818T184228Z,2126,72331677,570208054517690
570208078000000,72351,-0.086,0.095,0.974,2.65,-1.4,-0.58,1,imu01,fusion_20260818T184228Z,2127,72351681,570208074521032
570208109000000,72371,-0.1,0.092,0.974,1.96,-1.51,0.9,1,imu01,fusion_20260818T184228Z,2128,72371677,570208094516373
570208125000000,72391,-0.089,0.09,1.008,-1.12,-0.55,2.1,1,imu01,fusion_20260818T184228Z,2129,72391681,570208114519714
570208140000000,72411,-0.099,0.064,0.997,-0.58,-2.42,1.89,1,imu01,fusion_20260818T184228Z,2130,72411677,570208134515056
570208171000000,72431,-0.094,0.076,0.993,-0.51,-2.97,0.1,1,imu01,fusion_20260818T184228Z,2131,72431681,570208154518397
570208187000000,72451,-0.089,0.07,0.98,0.23,-3.29,0.66,1,imu01,fusion_20260818T184228Z,2132,72451677,570208174513738
570208203000000,72471,-0.085,0.083,1.007,0.56,-1.41,0.44,1,imu01,fusion_20260818T184228Z,2133,72471681,570208194517080
570208218000000,72491,-0.087,0.066,0.976,2.52,-1.82,-0.31,1,imu01,fusion_20260818T184228Z,2134,72491677,570208214512421
570208250000000,72511,-0.09,0.096,0.971,1.34,-1.09,-1.06,1,imu01,fusion_20260818T184228Z,2135,72511681,570208234515762
570208265000000,72531,-0.087,0.068,0.968,2.98,-0.77,-1.21,1,imu01,fusion_20260818T184228Z,2136,72531677,570208254511104
570208281000000,72551,-0.084,0.11,0.98,2.58,0.29,-1.3,1,imu01,fusion_20260818T184228Z,2137,72551681,570208274514445
570208296000000,72571,-0.086,0.094,0.992,0.97,1.03,2.23,1,imu01,fusion_20260818T184228Z,2138,72571677,570208294509787
570208328000000,72591,-0.083,0.107,1.018,0.83,1.81,3.19,1,imu01,fusion_20260818T184228Z,2139,72591681,570208314513128
570208343000000,72611,-0.087,0.056,1.011,1.14,0.09,4.5,1,imu01,fusion_20260818T184228Z,2140,72611677,570208334508470
570208359000000,72631,-0.07,0.081,1.008,-3.68,-0.63,3.45,1,imu01,fusion_20260818T184228Z,2141,72631681,570208354511811
570208390000000,72651,-0.085,0.057,0.966,-3.62,-2.65,3.73,1,imu01,fusion_20260818T184228Z,2142,72651677,570208374507152
570208406000000,72671,-0.071,0.066,0.968,-1.71,-0.97,1.97,1,imu01,fusion_20260818T184228Z,2143,72671681,570208394510494
570208421000000,72691,-0.072,0.062,1.003,-1.03,0.61,0.94,1,imu01,fusion_20260818T184228Z,2144,72691677,570208414505835
570208437000000,72711,-0.075,0.058,1.02,0.69,-0.32,0.41,1,imu01,fusion_20260818T184228Z,2145,72711681,570208434509176
570208468000000,72731,-0.081,0.052,0.999,0.07,-1.58,-0.34,1,imu01,fusion_20260818T184228Z,2146,72731677,570208454504518
570208484000000,72751,-0.071,0.064,1.018,-1.07,-2.59,-0.6,1,imu01,fusion_20260818T184228Z,2147,72751681,570208474507859
570208500000000,72771,-0.085,0.053,0.981,0.65,-3.23,-2.22,1,imu01,fusion_20260818T184228Z,2148,72771677,570208494503200
570208531000000,72791,-0.083,0.089,0.972,1.26,-3.08,-3.34,1,imu01,fusion_20260818T184228Z,2149,72791681,570208514506542
570208546000000,72811,-0.089,0.066,0.971,2.29,-2.13,-2.98,1,imu01,fusion_20260818T184228Z,2150,72811677,570208534501883
570208562000000,72831,-0.081,0.089,0.979,1.01,-0.45,-2.63,1,imu01,fusion_20260818T184228Z,2151,72831681,570208554505224
570208578000000,72851,-0.083,0.077,0.987,0.02,0.24,-1.67,1,imu01,fusion_20260818T184228Z,2152,72851677,570208574500566
570208609000000,72871,-0.091,0.087,0.99,-1.12,0.55,-1.05,1,imu01,fusion_20260818T184228Z,2153,72871681,570208594503907
570208625000000,72891,-0.094,0.088,1.015,-0.83,0.29,-0.76,1,imu01,fusion_20260818T184228Z,2154,72891677,570208614499249
570208640000000,72911,-0.082,0.091,0.999,-0.93,-0.08,-0.57,1,imu01,fusion_20260818T184228Z,2155,72911681,570208634502590
570208671000000,72931,-0.08,0.096,1.002,0.12,-0.32,0.0,1,imu01,fusion_20260818T184228Z,2156,72931677,570208654497932
570208687000000,72951,-0.08,0.079,0.988,-0.95,-0.2,0.83,1,imu01,fusion_20260818T184228Z,2157,72951681,570208674501273
570208703000000,72971,-0.088,0.075,0.978,-0.38,0.23,0.31,1,imu01,fusion_20260818T184228Z,2158,72971677,570208694496614
570208718000000,72991,-0.07,0.095,1.01,-0.58,1.41,-0.64,1,imu01,fusion_20260818T184228Z,2159,72991681,570208714499956
570208750000000,73011,-0.089,0.074,0.972,1.03,0.11,-1.03,1,imu01,fusion_20260818T184228Z,2160,73011677,570208734495297
570208765000000,73031,-0.07,0.093,0.983,-0.12,0.45,0.25,1,imu01,fusion_20260818T184228Z,2161,73031681,570208754498638
570208781000000,73051,-0.085,0.092,0.979,-0.71,0.92,0.72,1,imu01,fusion_20260818T184228Z,2162,73051677,570208774493980
570208796000000,73071,-0.059,0.104,1.032,-1.43,2.47,1.41,1,imu01,fusion_20260818T184228Z,2163,73071681,570208794497321
570208828000000,73091,-0.078,0.098,1.017,0.61,1.1,1.1,1,imu01,fusion_20260818T184228Z,2164,73091677,570208814492662
570208843000000,73111,-0.073,0.087,1.01,0.32,-0.36,0.76,1,imu01,fusion_20260818T184228Z,2165,73111681,570208834496004
570208859000000,73131,-0.078,0.098,0.977,-2.39,-0.7,2.11,1,imu01,fusion_20260818T184228Z,2166,73131677,570208854491345
570208890000000,73151,-0.084,0.092,0.984,-0.99,-0.83,2.29,1,imu01,fusion_20260818T184228Z,2167,73151681,570208874494686
570208906000000,73171,-0.093,0.083,0.965,0.48,0.15,2.23,1,imu01,fusion_20260818T184228Z,2168,73171677,570208894490028
570208921000000,73191,-0.069,0.083,1.001,0.63,0.62,3.46,1,imu01,fusion_20260818T184228Z,2169,73191681,570208914493369
570208937000000,73211,-0.075,0.069,1.025,0.26,1.37,3.17,1,imu01,fusion_20260818T184228Z,2170,73211677,570208934488711
570208968000000,73231,-0.094,0.084,0.997,0.36,-0.18,1.09,1,imu01,fusion_20260818T184228Z,2171,73231681,570208954492052
570208984000000,73251,-0.079,0.076,0.99,0.09,-1.6,1.45,1,imu01,fusion_20260818T184228Z,2172,73251677,570208974487394
570209000000000,73271,-0.094,0.055,0.958,-2.13,-1.55,3.22,1,imu01,fusion_20260818T184228Z,2173,73271681,570208994490735
570209031000000,73291,-0.084,0.066,0.978,0.04,0.3,1.34,1,imu01,fusion_20260818T184228Z,2174,73291677,570209014486076
570209046000000,73311,-0.089,0.061,0.992,0.4,1.26,1.5,1,imu01,fusion_20260818T184228Z,2175,73311681,570209034489418
570209062000000,73331,-0.083,0.067,1.018,-0.1,0.37,0.63,1,imu01,fusion_20260818T184228Z,2176,73331677,570209054484759
570209078000000,73351,-0.085,0.088,1.003,-1.95,-0.99,0.28,1,imu01,fusion_20260818T184228Z,2177,73351681,570209074488100
570209109000000,73371,-0.087,0.078,0.976,0.72,-1.4,0.05,1,imu01,fusion_20260818T184228Z,2178,73371677,570209094483442
570209125000000,73391,-0.062,0.058,0.993,-0.71,0.76,1.6,1,imu01,fusion_20260818T184228Z,2179,73391681,570209114486783
570209140000000,73411,-0.109,0.026,0.999,0.43,0.1,0.89,1,imu01,fusion_20260818T184228Z,2180,73411677,570209134482125
570209171000000,73431,-0.086,0.065,1.027,-0.32,0.81,-1.02,1,imu01,fusion_20260818T184228Z,2181,73431681,570209154485466
570209187000000,73451,-0.099,0.057,0.996,0.97,-0.65,-1.97,1,imu01,fusion_20260818T184228Z,2182,73451677,570209174480807
570209203000000,73471,-0.096,0.056,0.978,-1.11,-0.16,-1.86,1,imu01,fusion_20260818T184228Z,2183,73471681,570209194484149
570209218000000,73491,-0.092,0.063,0.982,-1.26,-1.2,-2.72,1,imu01,fusion_20260818T184228Z,2184,73491677,570209214479490
570209250000000,73511,-0.099,0.064,0.961,-4.54,0.18,-2.41,1,imu01,fusion_20260818T184228Z,2185,73511681,570209234482831
570209265000000,73531,-0.072,0.085,0.987,-3.03,1.81,-3.19,1,imu01,fusion_20260818T184228Z,2186,73531677,570209254478173
570209281000000,73551,-0.073,0.083,0.988,0.21,1.07,-3.26,1,imu01,fusion_20260818T184228Z,2187,73551681,570209274481514
570209296000000,73571,-0.077,0.086,1.011,3.14,0.97,-4.57,1,imu01,fusion_20260818T184228Z,2188,73571677,570209294476856
570209328000000,73591,-0.087,0.084,0.998,0.36,1.22,-3.53,1,imu01,fusion_20260818T184228Z,2189,73591681,570209314480197
570209343000000,73611,-0.084,0.069,0.971,-2.15,1.39,-3.33,1,imu01,fusion_20260818T184228Z,2190,73611677,570209334475538
570209359000000,73631,-0.1,0.082,0.997,-3.76,2.13,-2.07,1,imu01,fusion_20260818T184228Z,2191,73631681,570209354478880
570209390000000,73651,-0.073,0.097,1.02,-1.3,2.45,-2.43,1,imu01,fusion_20260818T184228Z,2192,73651677,570209374474221
570209406000000,73671,-0.091,0.086,1.018,0.94,1.86,-2.69,1,imu01,fusion_20260818T184228Z,2193,73671681,570209394477562
570209421000000,73691,-0.083,0.058,1.026,-0.66,1.47,-1.1,1,imu01,fusion_20260818T184228Z,2194,73691677,570209414472904
570209437000000,73711,-0.082,0.056,1.012,-1.11,0.39,-0.56,1,imu01,fusion_20260818T184228Z,2195,73711681,570209434476245
570209468000000,73731,-0.094,0.054,1.012,-0.47,0.42,-1.64,1,imu01,fusion_20260818T184228Z,2196,73731677,570209454471587
570209484000000,73751,-0.067,0.078,1.018,0.04,0.21,-1.55,1,imu01,fusion_20260818T184228Z,2197,73751681,570209474474928
570209500000000,73771,-0.095,0.071,1.002,0.23,-0.76,-1.7,1,imu01,fusion_20260818T184228Z,2198,73771677,570209494470269
570209531000000,73791,-0.095,0.089,1.009,-0.32,-0.99,-1.86,1,imu01,fusion_20260818T184228Z,2199,73791681,570209514473611
570209546000000,73811,-0.084,0.083,1.013,1.03,-1.74,-3.04,1,imu01,fusion_20260818T184228Z,2200,73811677,570209534468952
570209562000000,73831,-0.089,0.084,0.99,1.03,-2.48,-3.3,1,imu01,fusion_20260818T184228Z,2201,73831681,570209554472293
570209578000000,73851,-0.104,0.077,1.012,-1.57,-0.84,-1.95,1,imu01,fusion_20260818T184228Z,2202,73851677,570209574467635
570209609000000,73871,-0.102,0.086,0.995,-0.41,-0.84,-1.89,1,imu01,fusion_20260818T184228Z,2203,73871681,570209594470976
570209625000000,73891,-0.092,0.093,0.995,0.41,0.07,-2.51,1,imu01,fusion_20260818T184228Z,2204,73891677,570209614466318
570209640000000,73911,-0.092,0.076,1.009,-0.28,-0.79,-1.44,1,imu01,fusion_20260818T184228Z,2205,73911681,570209634469659
570209671000000,73931,-0.099,0.093,0.981,-0.22,-0.55,-1.97,1,imu01,fusion_20260818T184228Z,2206,73931677,570209654465000
570209687000000,73951,-0.098,0.095,0.992,0.59,-0.39,-0.93,1,imu01,fusion_20260818T184228Z,2207,73951681,570209674468342
570209703000000,73971,-0.091,0.095,0.99,0.03,-0.06,0.2,1,imu01,fusion_20260818T184228Z,2208,73971677,570209694463683
570209718000000,73991,-0.077,0.064,1.01,-1.32,0.45,0.47,1,imu01,fusion_20260818T184228Z,2209,73991681,570209714467024
570209750000000,74011,-0.102,0.09,0.984,-1.67,0.19,0.8,1,imu01,fusion_20260818T184228Z,2210,74011677,570209734462366
570209765000000,74031,-0.09,0.067,1.006,0.18,0.07,1.11,1,imu01,fusion_20260818T184228Z,2211,74031681,570209754465707
570209781000000,74051,-0.074,0.077,1.026,1.68,0.0,0.33,1,imu01,fusion_20260818T184228Z,2212,74051677,570209774461049
570209812000000,74071,-0.074,0.064,0.985,0.58,-0.47,0.41,1,imu01,fusion_20260818T184228Z,2213,74071681,570209794464390
570209828000000,74091,-0.083,0.051,1.007,0.51,-0.13,-0.18,1,imu01,fusion_20260818T184228Z,2214,74091677,570209814459731
570209843000000,74111,-0.09,0.067,0.986,-0.03,0.27,-0.14,1,imu01,fusion_20260818T184228Z,2215,74111681,570209834463073
570209859000000,74131,-0.073,0.066,0.997,-0.19,0.47,0.0,1,imu01,fusion_20260818T184228Z,2216,74131677,570209854458414
570209890000000,74151,-0.099,0.059,0.982,0.34,0.71,0.85,1,imu01,fusion_20260818T184228Z,2217,74151679,570209874459756
570209906000000,74171,-0.082,0.07,1.011,1.37,1.4,0.41,1,imu01,fusion_20260818T184228Z,2218,74171677,570209894457097
570209921000000,74191,-0.078,0.077,1.013,1.14,1.83,-0.05,1,imu01,fusion_20260818T184228Z,2219,74191681,570209914460438
570209937000000,74211,-0.085,0.06,0.986,-1.09,0.1,1.73,1,imu01,fusion_20260818T184228Z,2220,74211677,570209934455780
570209968000000,74231,-0.058,0.057,0.98,-1.46,0.21,1.46,1,imu01,fusion_20260818T184228Z,2221,74231681,570209954459121
570209984000000,74251,-0.074,0.062,0.992,1.63,0.83,0.27,1,imu01,fusion_20260818T184228Z,2222,74251677,570209974454462
570210000000000,74271,-0.089,0.095,1.011,1.22,1.9,-0.83,1,imu01,fusion_20260818T184228Z,2223,74271681,570209994457804
570210031000000,74291,-0.064,0.096,1.011,-0.49,1.87,0.22,1,imu01,fusion_20260818T184228Z,2224,74291677,570210014453145
570210046000000,74311,-0.104,0.059,1.006,0.3,-0.1,0.82,1,imu01,fusion_20260818T184228Z,2225,74311681,570210034456486
570210062000000,74331,-0.08,0.081,1.011,-0.78,0.43,0.9,1,imu01,fusion_20260818T184228Z,2226,74331677,570210054451828
570210078000000,74351,-0.092,0.071,1.004,0.04,0.26,1.56,1,imu01,fusion_20260818T184228Z,2227,74351681,570210074455169
570210109000000,74371,-0.08,0.079,1.016,0.88,0.74,0.95,1,imu01,fusion_20260818T184228Z,2228,74371677,570210094450511
570210125000000,74391,-0.094,0.075,0.992,0.65,-0.0,1.9,1,imu01,fusion_20260818T184228Z,2229,74391681,570210114453852
570210140000000,74411,-0.088,0.051,1.018,-0.28,0.15,1.95,1,imu01,fusion_20260818T184228Z,2230,74411677,570210134449194
570210171000000,74431,-0.108,0.063,0.983,-0.39,-0.81,2.82,1,imu01,fusion_20260818T184228Z,2231,74431681,570210154452535
570210187000000,74451,-0.087,0.062,0.991,1.81,0.48,2.87,1,imu01,fusion_20260818T184228Z,2232,74451677,570210174447876
570210203000000,74471,-0.09,0.065,1.002,0.3,0.97,2.91,1,imu01,fusion_20260818T184228Z,2233,74471681,570210194451218
570210218000000,74491,-0.104,0.064,1.005,-2.81,0.15,3.45,1,imu01,fusion_20260818T184228Z,2234,74491677,570210214446559
570210250000000,74511,-0.103,0.067,0.994,-4.28,0.37,3.22,1,imu01,fusion_20260818T184228Z,2235,74511681,570210234449900
570210265000000,74531,-0.078,0.067,1.032,-3.03,0.84,3.21,1,imu01,fusion_20260818T184228Z,2236,74531677,570210254445242
570210281000000,74551,-0.083,0.078,1.028,-1.99,0.38,3.51,1,imu01,fusion_20260818T184228Z,2237,74551681,570210274448583
570210296000000,74571,-0.078,0.05,1.0,-0.54,-0.37,4.41,1,imu01,fusion_20260818T184228Z,2238,74571677,570210294443924
570210328000000,74591,-0.057,0.026,1.029,-1.41,-0.87,4.86,1,imu01,fusion_20260818T184228Z,2239,74591681,570210314447266
570210343000000,74611,-0.085,0.055,0.997,-1.23,0.04,0.68,1,imu01,fusion_20260818T184228Z,2240,74611677,570210334442607
570210359000000,74631,-0.089,0.067,0.976,0.88,0.05,-2.11,1,imu01,fusion_20260818T184228Z,2241,74631681,570210354445948
570210390000000,74651,-0.075,0.042,0.988,-1.06,0.41,0.7,1,imu01,fusion_20260818T184228Z,2242,74651677,570210374441290
570210406000000,74671,-0.081,0.058,1.011,-1.64,-0.16,0.78,1,imu01,fusion_20260818T184228Z,2243,74671681,570210394444631
570210421000000,74691,-0.073,0.045,1.012,-0.08,-1.16,-1.35,1,imu01,fusion_20260818T184228Z,2244,74691677,570210414439973
570210437000000,74711,-0.116,0.055,0.961,1.35,-4.45,-2.38,1,imu01,fusion_20260818T184228Z,2245,74711681,570210434443314
570210468000000,74731,-0.104,0.062,0.96,-1.98,-2.63,-1.62,1,imu01,fusion_20260818T184228Z,2246,74731677,570210454438656
570210484000000,74751,-0.09,0.061,0.969,-1.08,0.66,-2.6,1,imu01,fusion_20260818T184228Z,2247,74751681,570210474441997
570210500000000,74771,-0.1,0.076,0.964,1.81,0.49,-2.31,1,imu01,fusion_20260818T184228Z,2248,74771677,570210494437338
570210531000000,74791,-0.114,0.068,0.972,0.08,1.01,-1.87,1,imu01,fusion_20260818T184228Z,2249,74791681,570210514440680
570210546000000,74811,-0.103,0.094,1.001,-0.88,1.99,-2.06,1,imu01,fusion_20260818T184228Z,2250,74811677,570210534436021
570210562000000,74831,-0.095,0.072,0.996,-1.28,1.71,-1.16,1,imu01,fusion_20260818T184228Z,2251,74831681,570210554439362
570210578000000,74851,-0.088,0.076,0.987,-0.57,1.01,-1.6,1,imu01,fusion_20260818T184228Z,2252,74851677,570210574434704
570210609000000,74871,-0.099,0.079,0.974,-2.13,0.52,-0.47,1,imu01,fusion_20260818T184228Z,2253,74871681,570210594438045
570210625000000,74891,-0.092,0.078,0.969,0.2,0.61,-0.96,1,imu01,fusion_20260818T184228Z,2254,74891677,570210614433386
570210640000000,74911,-0.077,0.096,0.969,0.95,1.58,-1.75,1,imu01,fusion_20260818T184228Z,2255,74911681,570210634436728
570210671000000,74931,-0.079,0.082,0.961,0.85,1.55,-0.44,1,imu01,fusion_20260818T184228Z,2256,74931677,570210654432069
570210687000000,74951,-0.073,0.082,0.964,0.25,1.84,0.95,1,imu01,fusion_20260818T184228Z,2257,74951681,570210674435410
570210703000000,74971,-0.092,0.053,0.916,1.36,1.04,1.46,1,imu01,fusion_20260818T184228Z,2258,74971677,570210694430752
570210718000000,74991,-0.074,0.079,0.906,1.55,2.9,0.15,1,imu01,fusion_20260818T184228Z,2259,74991681,570210714434093
570210750000000,75011,-0.083,0.055,0.838,7.81,3.71,-4.15,1,imu01,fusion_20260818T184228Z,2260,75011677,570210734429435
570210765000000,75031,-0.081,0.022,0.835,7.42,5.4,-4.43,1,imu01,fusion_20260818T184228Z,2261,75031681,570210754432776
570210781000000,75051,-0.097,0.032,0.821,0.72,6.53,-3.32,1,imu01,fusion_20260818T184228Z,2262,75051677,570210774428118
570210796000000,75071,-0.113,0.07,0.853,-9.33,7.54,0.95,1,imu01,fusion_20260818T184228Z,2263,75071681,570210794431459
570210828000000,75091,-0.138,0.018,0.864,-14.65,9.98,4.04,1,imu01,fusion_20260818T184228Z,2264,75091677,570210814426800
570210843000000,75111,-0.113,0.057,0.91,-17.49,15.43,0.41,1,imu01,fusion_20260818T184228Z,2265,75111681,570210834430142
570210859000000,75131,-0.145,0.082,0.888,-13.23,17.16,-2.25,1,imu01,fusion_20260818T184228Z,2266,75131677,570210854425483
570210890000000,75151,-0.113,0.096,0.942,-3.09,20.21,-3.56,1,imu01,fusion_20260818T184228Z,2267,75151681,570210874428824
570210906000000,75171,-0.117,0.136,0.949,5.63,21.31,-2.47,1,imu01,fusion_20260818T184228Z,2268,75171677,570210894424166
570210921000000,75191,-0.136,0.145,0.937,20.18,19.76,0.11,1,imu01,fusion_20260818T184228Z,2269,75191681,570210914427507
570210937000000,75211,-0.161,0.119,0.915,39.26,21.6,-0.18,1,imu01,fusion_20260818T184228Z,2270,75211677,570210934422848
570210968000000,75231,-0.145,0.145,0.963,54.87,26.74,-3.98,1,imu01,fusion_20260818T184228Z,2271,75231681,570210954426190
570210984000000,75251,-0.144,0.022,0.945,60.51,32.19,-5.76,1,imu01,fusion_20260818T184228Z,2272,75251677,570210974421531
570211000000000,75271,-0.168,0.042,0.956,41.87,34.38,-9.94,1,imu01,fusion_20260818T184228Z,2273,75271681,570210994424872
570211031000000,75291,-0.155,0.1,1.042,7.03,30.97,-3.18,1,imu01,fusion_20260818T184228Z,2274,75291677,570211014420214
570211046000000,75311,-0.148,0.12,1.083,-19.09,23.62,2.26,1,imu01,fusion_20260818T184228Z,2275,75311681,570211034423555
570211062000000,75331,-0.167,0.172,1.064,-27.99,13.68,2.99,1,imu01,fusion_20260818T184228Z,2276,75331677,570211054418897
570211078000000,75351,-0.174,0.146,1.028,-34.58,7.24,7.79,1,imu01,fusion_20260818T184228Z,2277,75351681,570211074422238
570211109000000,75371,-0.201,0.098,0.959,-33.44,4.62,11.6,1,imu01,fusion_20260818T184228Z,2278,75371677,570211094417580
570211125000000,75391,-0.176,0.068,1.013,-26.38,6.8,11.0,1,imu01,fusion_20260818T184228Z,2279,75391681,570211114420921
570211140000000,75411,-0.19,0.039,0.934,-16.45,5.36,4.78,1,imu01,fusion_20260818T184228Z,2280,75411677,570211134416262
570211171000000,75431,-0.205,0.036,0.947,-17.03,5.1,5.79,1,imu01,fusion_20260818T184228Z,2281,75431681,570211154419604
570211187000000,75451,-0.215,0.053,0.997,-29.43,8.74,11.02,1,imu01,fusion_20260818T184228Z,2282,75451677,570211174414945
570211203000000,75471,-0.205,0.044,1.023,-29.27,10.79,8.68,1,imu01,fusion_20260818T184228Z,2283,75471681,570211194418286
570211218000000,75491,-0.195,-0.007,1.048,-28.39,9.26,6.59,1,imu01,fusion_20260818T184228Z,2284,75491677,570211214413628
570211250000000,75511,-0.229,-0.008,0.956,-29.24,1.55,3.72,1,imu01,fusion_20260818T184228Z,2285,75511681,570211234416969
570211265000000,75531,-0.246,0.008,0.922,-30.47,1.73,0.39,1,imu01,fusion_20260818T184228Z,2286,75531677,570211254412310
570211281000000,75551,-0.272,0.007,0.941,-29.45,5.79,1.05,1,imu01,fusion_20260818T184228Z,2287,75551681,570211274415652
570211296000000,75571,-0.238,0.016,1.006,-27.93,8.45,3.62,1,imu01,fusion_20260818T184228Z,2288,75571677,570211294410993
570211328000000,75591,-0.256,-0.033,0.989,-19.57,8.38,1.21,1,imu01,fusion_20260818T184228Z,2289,75591681,570211314414334
570211343000000,75611,-0.252,-0.017,0.988,-19.02,7.75,0.69,1,imu01,fusion_20260818T184228Z,2290,75611677,570211334409676
570211359000000,75631,-0.273,0.047,0.952,-11.54,9.75,0.76,1,imu01,fusion_20260818T184228Z,2291,75631681,570211354413017
570211390000000,75651,-0.386,0.119,0.982,6.6,11.19,1.78,1,imu01,fusion_20260818T184228Z,2292,75651677,570211374408359
570211406000000,75671,-0.227,0.056,1.192,27.19,15.13,9.72,1,imu01,fusion_20260818T184228Z,2293,75671681,570211394411700
570211421000000,75691,-0.266,-0.088,1.1,55.69,10.65,-0.36,1,imu01,fusion_20260818T184228Z,2294,75691677,570211414407042
570211437000000,75711,-0.32,-0.078,0.99,44.74,16.77,-25.07,1,imu01,fusion_20260818T184228Z,2295,75711681,570211434410383
570211468000000,75731,-0.28,0.1,0.947,38.55,24.14,-35.93,1,imu01,fusion_20260818T184228Z,2296,75731677,570211454405724
570211484000000,75751,-0.258,0.155,0.964,31.37,23.37,-24.76,1,imu01,fusion_20260818T184228Z,2297,75751681,570211474409066
570211500000000,75771,-0.271,0.072,0.974,7.13,25.42,-13.79,1,imu01,fusion_20260818T184228Z,2298,75771677,570211494404407
570211531000000,75791,-0.229,0.015,0.991,9.63,14.39,-4.63,1,imu01,fusion_20260818T184228Z,2299,75791681,570211514407748
570211546000000,75811,-0.311,-0.032,0.852,8.14,1.94,-2.79,1,imu01,fusion_20260818T184228Z,2300,75811677,570211534403090
570211562000000,75831,-0.289,-0.007,0.849,-1.61,-1.02,1.21,1,imu01,fusion_20260818T184228Z,2301,75831681,570211554406431
570211578000000,75851,-0.322,-0.029,0.913,-3.03,2.58,0.82,1,imu01,fusion_20260818T184228Z,2302,75851677,570211574401773
570211609000000,75871,-0.232,0.036,1.053,-8.45,8.45,-3.34,1,imu01,fusion_20260818T184228Z,2303,75871681,570211594405114
570211625000000,75891,-0.278,0.014,1.059,14.16,-0.86,-10.82,1,imu01,fusion_20260818T184228Z,2304,75891677,570211614400455
570211640000000,75911,-0.28,0.038,1.07,28.87,-10.06,-18.82,1,imu01,fusion_20260818T184228Z,2305,75911681,570211634403797
570211671000000,75931,-0.294,0.102,1.07,27.2,-19.78,-18.76,1,imu01,fusion_20260818T184228Z,2306,75931677,570211654399138
570211687000000,75951,-0.328,0.161,1.027,24.45,-28.42,-11.86,1,imu01,fusion_20260818T184228Z,2307,75951681,570211674402479
570211703000000,75971,-0.348,0.123,0.96,23.04,-28.26,-3.79,1,imu01,fusion_20260818T184228Z,2308,75971677,570211694397821
570211718000000,75991,-0.254,0.151,1.049,26.42,-12.12,-13.76,1,imu01,fusion_20260818T184228Z,2309,75991681,570211714401162
570211750000000,76011,-0.281,0.154,1.008,22.62,-7.0,-15.04,1,imu01,fusion_20260818T184228Z,2310,76011677,570211734396504
570211765000000,76031,-0.274,0.156,0.956,20.91,-4.53,-16.3,1,imu01,fusion_20260818T184228Z,2311,76031681,570211754399845
570211781000000,76051,-0.332,0.145,0.921,12.33,1.37,-11.4,1,imu01,fusion_20260818T184228Z,2312,76051677,570211774395186
570211796000000,76071,-0.223,0.135,1.027,4.73,6.53,-2.4,1,imu01,fusion_20260818T184228Z,2313,76071681,570211794398528
570211828000000,76091,-0.231,0.081,1.021,0.93,5.37,-3.7,1,imu01,fusion_20260818T184228Z,2314,76091677,570211814393869
570211843000000,76111,-0.293,0.122,0.914,-1.78,2.45,-8.01,1,imu01,fusion_20260818T184228Z,2315,76111681,570211834397210
570211859000000,76131,-0.283,0.131,0.889,6.23,5.8,-10.05,1,imu01,fusion_20260818T184228Z,2316,76131677,570211854392552
570211890000000,76151,-0.242,0.179,0.86,0.29,17.05,-8.47,1,imu01,fusion_20260818T184228Z,2317,76151679,570211874393893
570211906000000,76171,-0.27,0.108,0.95,-7.48,22.75,-3.83,1,imu01,fusion_20260818T184228Z,2318,76171677,570211894391235
570211921000000,76191,-0.276,0.086,0.99,-6.0,16.39,0.05,1,imu01,fusion_20260818T184228Z,2319,76191681,570211914394576
570211937000000,76211,-0.281,0.118,0.976,-9.32,10.08,-1.98,1,imu01,fusion_20260818T184228Z,2320,76211677,570211934389917
570211968000000,76231,-0.296,0.12,0.934,-11.86,5.1,1.14,1,imu01,fusion_20260818T184228Z,2321,76231681,570211954393259
570211984000000,76251,-0.284,0.088,0.996,-16.34,8.23,7.75,1,imu01,fusion_20260818T184228Z,2322,76251677,570211974388600
570212000000000,76271,-0.264,0.087,1.044,-14.45,8.63,8.3,1,imu01,fusion_20260818T184228Z,2323,76271681,570211994391941
570212031000000,76291,-0.259,0.069,1.046,-6.9,4.63,2.81,1,imu01,fusion_20260818T184228Z,2324,76291677,570212014387283
570212046000000,76311,-0.288,0.124,1.013,-1.84,-1.07,-2.01,1,imu01,fusion_20260818T184228Z,2325,76311681,570212034390624
570212062000000,76331,-0.3,0.159,0.991,3.04,-2.02,-2.67,1,imu01,fusion_20260818T184228Z,2326,76331677,570212054385966
570212078000000,76351,-0.305,0.156,0.987,7.43,-1.45,0.51,1,imu01,fusion_20260818T184228Z,2327,76351681,570212074389307
570212109000000,76371,-0.288,0.11,0.992,4.6,-0.7,7.05,1,imu01,fusion_20260818T184228Z,2328,76371677,570212094384648
570212125000000,76391,-0.29,0.064,0.958,-0.66,-4.3,13.19,1,imu01,fusion_20260818T184228Z,2329,76391681,570212114387990
570212140000000,76411,-0.288,0.07,0.93,-6.3,-5.68,17.07,1,imu01,fusion_20260818T184228Z,2330,76411677,570212134383331
570212171000000,76431,-0.285,0.077,0.927,-5.32,-5.02,16.73,1,imu01,fusion_20260818T184228Z,2331,76431681,570212154386672
570212187000000,76451,-0.277,0.041,0.919,-2.62,-3.24,14.13,1,imu01,fusion_20260818T184228Z,2332,76451677,570212174382014
570212203000000,76471,-0.268,0.046,0.891,-2.12,-2.51,11.59,1,imu01,fusion_20260818T184228Z,2333,76471681,570212194385355
570212218000000,76491,-0.323,-0.002,0.853,-0.67,0.68,8.18,1,imu01,fusion_20260818T184228Z,2334,76491677,570212214380697
570212250000000,76511,-0.317,-0.016,0.881,-3.86,8.29,-0.63,1,imu01,fusion_20260818T184228Z,2335,76511681,570212234384038
570212265000000,76531,-0.253,0.092,1.039,-13.38,19.54,-8.37,1,imu01,fusion_20260818T184228Z,2336,76531677,570212254379379
570212281000000,76551,-0.261,0.103,1.014,-2.58,14.4,-16.62,1,imu01,fusion_20260818T184228Z,2337,76551681,570212274382721
570212312000000,76571,-0.306,0.113,0.956,7.27,5.65,-16.21,1,imu01,fusion_20260818T184228Z,2338,76571677,570212294378062
570212328000000,76591,-0.293,0.126,0.98,3.78,4.07,-8.63,1,imu01,fusion_20260818T184228Z,2339,76591681,570212314381403
570212343000000,76611,-0.29,0.124,0.975,1.1,1.2,-2.29,1,imu01,fusion_20260818T184228Z,2340,76611677,570212334376745
570212359000000,76631,-0.306,0.1,0.95,5.11,-3.08,-0.96,1,imu01,fusion_20260818T184228Z,2341,76631681,570212354380086
570212390000000,76651,-0.297,0.083,0.949,3.52,-3.17,-0.55,1,imu01,fusion_20260818T184228Z,2342,76651677,570212374375428
570212406000000,76671,-0.296,0.095,0.95,0.33,-2.22,0.41,1,imu01,fusion_20260818T184228Z,2343,76671681,570212394378769
570212421000000,76691,-0.298,0.103,0.941,-0.03,-1.99,1.93,1,imu01,fusion_20260818T184228Z,2344,76691677,570212414374110
570212437000000,76711,-0.28,0.094,0.963,0.63,0.03,2.94,1,imu01,fusion_20260818T184228Z,2345,76711681,570212434377452
570212468000000,76731,-0.274,0.074,0.961,-0.45,0.73,3.41,1,imu01,fusion_20260818T184228Z,2346,76731677,570212454372793
570212484000000,76751,-0.287,0.084,0.952,-2.6,-0.25,3.67,1,imu01,fusion_20260818T184228Z,2347,76751681,570212474376134
570212500000000,76771,-0.29,0.057,0.939,-4.83,-1.06,4.46,1,imu01,fusion_20260818T184228Z,2348,76771677,570212494371476
570212531000000,76791,-0.278,0.083,0.948,-8.54,-0.4,4.97,1,imu01,fusion_20260818T184228Z,2349,76791681,570212514374817
570212546000000,76811,-0.281,0.086,0.957,-4.64,0.08,2.22,1,imu01,fusion_20260818T184228Z,2350,76811677,570212534370159
570212562000000,76831,-0.277,0.089,0.978,1.54,-0.45,-0.8,1,imu01,fusion_20260818T184228Z,2351,76831681,570212554373500
570212578000000,76851,-0.288,0.081,0.96,5.79,-1.43,-3.97,1,imu01,fusion_20260818T184228Z,2352,76851677,570212574368841
570212609000000,76871,-0.288,0.099,0.951,6.63,-2.27,-7.29,1,imu01,fusion_20260818T184228Z,2353,76871681,570212594372183
570212625000000,76891,-0.304,0.121,0.92,1.03,-2.32,-5.06,1,imu01,fusion_20260818T184228Z,2354,76891677,570212614367524
570212640000000,76911,-0.293,0.125,0.931,-2.22,-0.06,-1.59,1,imu01,fusion_20260818T184228Z,2355,76911681,570212634370865
570212671000000,76931,-0.283,0.109,0.954,-3.72,0.26,2.86,1,imu01,fusion_20260818T184228Z,2356,76931677,570212654366207
570212687000000,76951,-0.282,0.104,0.962,-1.5,-0.81,4.76,1,imu01,fusion_20260818T184228Z,2357,76951681,570212674369548
570212703000000,76971,-0.289,0.072,0.955,1.04,-1.24,4.16,1,imu01,fusion_20260818T184228Z,2358,76971677,570212694364890
570212718000000,76991,-0.277,0.074,0.952,1.52,-2.11,1.62,1,imu01,fusion_20260818T184228Z,2359,76991681,570212714368231
570212750000000,77011,-0.288,0.099,0.938,0.9,-3.68,0.82,1,imu01,fusion_20260818T184228Z,2360,77011677,570212734363572
570212765000000,77031,-0.3,0.108,0.908,2.16,-4.29,1.57,1,imu01,fusion_20260818T184228Z,2361,77031681,570212754366914
570212781000000,77051,-0.285,0.078,0.941,1.56,-0.63,3.73,1,imu01,fusion_20260818T184228Z,2362,77051677,570212774362255
570212796000000,77071,-0.269,0.048,0.98,-0.69,0.86,2.56,1,imu01,fusion_20260818T184228Z,2363,77071681,570212794365596
570212828000000,77091,-0.278,0.075,0.964,-1.48,-1.61,-1.49,1,imu01,fusion_20260818T184228Z,2364,77091677,570212814360938
570212843000000,77111,-0.284,0.086,0.942,0.77,-2.79,-4.57,1,imu01,fusion_20260818T184228Z,2365,77111681,570212834364279
570212859000000,77131,-0.281,0.106,0.938,1.32,-1.01,-4.98,1,imu01,fusion_20260818T184228Z,2366,77131677,570212854359621
570212890000000,77151,-0.276,0.074,0.961,3.9,0.29,-4.37,1,imu01,fusion_20260818T184228Z,2367,77151681,570212874362962
570212906000000,77171,-0.276,0.101,0.961,3.31,0.55,-4.81,1,imu01,fusion_20260818T184228Z,2368,77171677,570212894358304
570212921000000,77191,-0.278,0.112,0.962,3.85,0.52,-4.12,1,imu01,fusion_20260818T184228Z,2369,77191681,570212914361645
570212937000000,77211,-0.266,0.11,0.971,3.04,1.31,-3.53,1,imu01,fusion_20260818T184228Z,2370,77211677,570212934356986
570212968000000,77231,-0.261,0.101,0.982,1.8,0.33,-1.71,1,imu01,fusion_20260818T184228Z,2371,77231681,570212954360328
570212984000000,77251,-0.293,0.131,0.965,4.5,-1.87,-2.71,1,imu01,fusion_20260818T184228Z,2372,77251677,570212974355669
570213000000000,77271,-0.27,0.089,0.967,4.78,-0.97,-2.32,1,imu01,fusion_20260818T184228Z,2373,77271681,570212994359010
570213031000000,77291,-0.293,0.038,0.942,0.07,-1.37,-2.07,1,imu01,fusion_20260818T184228Z,2374,77291677,570213014354352
570213046000000,77311,-0.278,0.089,0.967,-10.48,0.57,-2.99,1,imu01,fusion_20260818T184228Z,2375,77311681,570213034357693
570213062000000,77331,-0.268,0.133,0.965,-7.48,0.11,-3.6,1,imu01,fusion_20260818T184228Z,2376,77331677,570213054353034
570213078000000,77351,-0.249,0.137,0.994,-1.22,-0.16,-4.31,1,imu01,fusion_20260818T184228Z,2377,77351681,570213074356376
570213109000000,77371,-0.285,0.103,0.968,2.63,-2.71,-3.81,1,imu01,fusion_20260818T184228Z,2378,77371677,570213094351717
570213125000000,77391,-0.291,0.125,0.936,3.97,-4.72,-1.68,1,imu01,fusion_20260818T184228Z,2379,77391681,570213114355058
570213140000000,77411,-0.304,0.13,0.924,1.2,-4.26,1.11,1,imu01,fusion_20260818T184228Z,2380,77411677,570213134350400
570213171000000,77431,-0.299,0.098,0.918,-0.03,-2.45,4.57,1,imu01,fusion_20260818T184228Z,2381,77431681,570213154353741
570213187000000,77451,-0.272,0.085,0.979,-1.58,-1.03,6.31,1,imu01,fusion_20260818T184228Z,2382,77451677,570213174349083
570213203000000,77471,-0.285,0.066,0.941,0.17,-3.51,5.25,1,imu01,fusion_20260818T184228Z,2383,77471681,570213194352424
570213218000000,77491,-0.275,0.109,0.943,2.77,-3.85,1.61,1,imu01,fusion_20260818T184228Z,2384,77491677,570213214347766
570213250000000,77511,-0.284,0.11,0.933,6.96,-3.93,0.41,1,imu01,fusion_20260818T184228Z,2385,77511681,570213234351107
570213265000000,77531,-0.29,0.096,0.935,15.01,-3.47,-2.18,1,imu01,fusion_20260818T184228Z,2386,77531677,570213254346448
570213281000000,77551,-0.28,0.092,0.949,14.47,-2.8,-1.77,1,imu01,fusion_20260818T184228Z,2387,77551681,570213274349790
570213312000000,77571,-0.284,0.098,0.933,8.4,-2.69,-0.89,1,imu01,fusion_20260818T184228Z,2388,77571677,570213294345131
570213328000000,77591,-0.288,0.122,0.909,1.66,-2.81,1.15,1,imu01,fusion_20260818T184228Z,2389,77591681,570213314348472
570213343000000,77611,-0.274,0.13,0.929,-1.57,0.74,2.29,1,imu01,fusion_20260818T184228Z,2390,77611677,570213334343814
570213359000000,77631,-0.278,0.098,0.931,-1.03,2.21,3.15,1,imu01,fusion_20260818T184228Z,2391,77631681,570213354347155
570213390000000,77651,-0.287,0.081,0.924,2.24,3.52,-1.42,1,imu01,fusion_20260818T184228Z,2392,77651677,570213374342496
570213406000000,77671,-0.27,0.086,0.961,0.07,4.13,-4.51,1,imu01,fusion_20260818T184228Z,2393,77671681,570213394345838
570213421000000,77691,-0.289,0.115,0.911,-1.31,1.74,-5.56,1,imu01,fusion_20260818T184228Z,2394,77691677,570213414341179
570213437000000,77711,-0.293,0.127,0.922,-3.58,2.32,-3.56,1,imu01,fusion_20260818T184228Z,2395,77711681,570213434344520
570213468000000,77731,-0.296,0.113,0.936,-1.99,4.27,-0.76,1,imu01,fusion_20260818T184228Z,2396,77731677,570213454339862
570213484000000,77751,-0.271,0.099,0.996,-8.59,8.8,-1.84,1,imu01,fusion_20260818T184228Z,2397,77751681,570213474343203
570213500000000,77771,-0.256,0.11,1.003,-10.79,8.33,-3.71,1,imu01,fusion_20260818T184228Z,2398,77771677,570213494338545
570213531000000,77791,-0.314,0.077,0.957,-7.2,6.87,-10.04,1,imu01,fusion_20260818T184228Z,2399,77791681,570213514341886
570213546000000,77811,-0.277,0.192,0.98,-8.96,13.52,-15.57,1,imu01,fusion_20260818T184228Z,2400,77811677,570213534337228
570213562000000,77831,-0.314,0.178,0.933,-2.32,11.98,-11.54,1,imu01,fusion_20260818T184228Z,2401,77831681,570213554340569
570213578000000,77851,-0.292,0.094,0.924,1.72,12.18,-8.47,1,imu01,fusion_20260818T184228Z,2402,77851677,570213574335910
570213609000000,77871,-0.307,0.056,0.883,-3.95,11.73,-5.87,1,imu01,fusion_20260818T184228Z,2403,77871681,570213594339252
570213625000000,77891,-0.312,0.068,0.897,-7.76,10.67,-4.28,1,imu01,fusion_20260818T184228Z,2404,77891677,570213614334593
570213640000000,77911,-0.321,0.072,0.868,-9.3,7.59,-1.86,1,imu01,fusion_20260818T184228Z,2405,77911681,570213634337934
570213671000000,77931,-0.311,0.082,0.874,-8.39,8.09,-0.44,1,imu01,fusion_20260818T184228Z,2406,77931677,570213654333276
570213687000000,77951,-0.295,0.082,0.897,-10.6,8.46,1.79,1,imu01,fusion_20260818T184228Z,2407,77951681,570213674336617
570213703000000,77971,-0.302,0.118,0.906,3.69,1.26,2.14,1,imu01,fusion_20260818T184228Z,2408,77971677,570213694331958
570213718000000,77991,-0.316,0.115,0.867,20.65,-5.5,4.17,1,imu01,fusion_20260818T184228Z,2409,77991681,570213714335300
570213750000000,78011,-0.348,0.039,0.833,33.91,-8.75,5.7,1,imu01,fusion_20260818T184228Z,2410,78011677,570213734330641
570213765000000,78031,-0.32,0.022,0.853,24.0,-3.45,5.89,1,imu01,fusion_20260818T184228Z,2411,78031681,570213754333982
570213781000000,78051,-0.276,0.112,0.912,2.43,2.07,5.06,1,imu01,fusion_20260818T184228Z,2412,78051677,570213774329324
570213796000000,78071,-0.285,0.149,0.882,0.72,-1.19,7.13,1,imu01,fusion_20260818T184228Z,2413,78071681,570213794332665
570213828000000,78091,-0.251,0.1,0.945,4.89,-1.83,9.05,1,imu01,fusion_20260818T184228Z,2414,78091677,570213814328007
570213843000000,78111,-0.279,0.064,0.916,16.57,-5.91,1.73,1,imu01,fusion_20260818T184228Z,2415,78111681,570213834331348
570213859000000,78131,-0.286,0.076,0.876,21.78,-7.42,-6.25,1,imu01,fusion_20260818T184228Z,2416,78131677,570213854326690
570213890000000,78151,-0.256,0.097,0.892,20.18,-2.66,-12.24,1,imu01,fusion_20260818T184228Z,2417,78151679,570213874328031
570213906000000,78171,-0.217,0.197,0.934,13.9,-0.52,-12.64,1,imu01,fusion_20260818T184228Z,2418,78171677,570213894325372
570213921000000,78191,-0.228,0.205,0.871,17.18,-3.09,-8.34,1,imu01,fusion_20260818T184228Z,2419,78191681,570213914328714
570213937000000,78211,-0.268,0.201,0.824,29.85,-0.24,-2.78,1,imu01,fusion_20260818T184228Z,2420,78211677,570213934324055
570213968000000,78231,-0.254,0.219,0.985,31.07,14.07,7.46,1,imu01,fusion_20260818T184228Z,2421,78231681,570213954327396
570213984000000,78251,-0.157,0.135,1.264,20.25,23.73,15.53,1,imu01,fusion_20260818T184228Z,2422,78251677,570213974322738
570214000000000,78271,-0.213,0.074,1.221,24.91,5.85,4.5,1,imu01,fusion_20260818T184228Z,2423,78271681,570213994326079
570214031000000,78291,-0.299,0.169,1.085,7.08,-10.24,-5.63,1,imu01,fusion_20260818T184228Z,2424,78291677,570214014321421
570214046000000,78311,-0.381,0.237,0.973,-20.03,-15.0,2.4,1,imu01,fusion_20260818T184228Z,2425,78311681,570214034324762
570214062000000,78331,-0.424,0.231,0.843,-29.49,-8.89,10.35,1,imu01,fusion_20260818T184228Z,2426,78331677,570214054320103
570214078000000,78351,-0.415,0.241,0.838,-23.59,2.77,19.45,1,imu01,fusion_20260818T184228Z,2427,78351681,570214074323445
570214109000000,78371,-0.319,0.163,0.995,-6.86,8.97,28.28,1,imu01,fusion_20260818T184228Z,2428,78371677,570214094318786
570214125000000,78391,-0.354,0.126,0.88,20.59,-0.43,25.38,1,imu01,fusion_20260818T184228Z,2429,78391681,570214114322127
570214140000000,78411,-0.309,0.127,0.844,24.79,-3.83,18.54,1,imu01,fusion_20260818T184228Z,2430,78411677,570214134317469
570214171000000,78431,-0.217,0.109,1.011,-6.19,-0.53,21.79,1,imu01,fusion_20260818T184228Z,2431,78431681,570214154320810
570214187000000,78451,-0.217,0.002,0.969,-20.85,-13.36,15.68,1,imu01,fusion_20260818T184228Z,2432,78451677,570214174316152
570214203000000,78471,-0.276,0.058,0.824,-25.2,-36.0,7.31,1,imu01,fusion_20260818T184228Z,2433,78471681,570214194319493
570214218000000,78491,-0.273,0.129,0.839,-42.41,-38.87,4.53,1,imu01,fusion_20260818T184228Z,2434,78491677,570214214314834
570214250000000,78511,-0.282,0.128,0.783,-39.01,-39.8,3.13,1,imu01,fusion_20260818T184228Z,2435,78511681,570214234318176
570214265000000,78531,-0.305,0.109,0.72,-19.32,-36.74,-0.91,1,imu01,fusion_20260818T184228Z,2436,78531677,570214254313517
570214281000000,78551,-0.251,0.147,0.879,-1.19,-25.29,-5.65,1,imu01,fusion_20260818T184228Z,2437,78551681,570214274316858
570214312000000,78571,-0.244,0.134,1.002,-0.97,-17.61,-3.28,1,imu01,fusion_20260818T184228Z,2438,78571677,570214294312200
570214328000000,78591,-0.259,0.093,0.969,7.1,-20.08,-5.4,1,imu01,fusion_20260818T184228Z,2439,78591681,570214314315541
570214343000000,78611,-0.31,0.128,0.906,11.95,-17.79,-8.46,1,imu01,fusion_20260818T184228Z,2440,78611677,570214334310883
570214359000000,78631,-0.27,0.17,0.924,8.25,-6.01,-7.4,1,imu01,fusion_20260818T184228Z,2441,78631681,570214354314224
570214390000000,78651,-0.223,0.133,0.947,3.52,3.13,-1.58,1,imu01,fusion_20260818T184228Z,2442,78651677,570214374309565
570214406000000,78671,-0.199,0.162,1.06,2.84,5.9,-0.13,1,imu01,fusion_20260818T184228Z,2443,78671681,570214394312907
570214421000000,78691,-0.108,0.186,1.188,-6.54,0.61,0.02,1,imu01,fusion_20260818T184228Z,2444,78691677,570214414308248
570214437000000,78711,-0.205,0.16,0.951,13.97,-26.65,-3.0,1,imu01,fusion_20260818T184228Z,2445,78711681,570214434311589
570214468000000,78731,-0.287,0.201,0.717,29.71,-33.09,-6.49,1,imu01,fusion_20260818T184228Z,2446,78731677,570214454306931
570214484000000,78751,-0.337,0.273,0.688,11.65,-3.26,0.47,1,imu01,fusion_20260818T184228Z,2447,78751681,570214474310272
570214500000000,78771,-0.317,0.293,0.957,-13.96,21.5,16.31,1,imu01,fusion_20260818T184228Z,2448,78771677,570214494305614
570214531000000,78791,-0.156,0.298,1.323,-14.9,23.33,23.7,1,imu01,fusion_20260818T184228Z,2449,78791681,570214514308955
570214546000000,78811,-0.087,0.145,1.246,0.04,-1.51,22.51,1,imu01,fusion_20260818T184228Z,2450,78811677,570214534304296
570214562000000,78831,-0.245,0.036,0.82,27.56,-32.96,9.41,1,imu01,fusion_20260818T184228Z,2451,78831681,570214554307638
570214578000000,78851,-0.37,0.044,0.73,10.33,-33.03,9.79,1,imu01,fusion_20260818T184228Z,2452,78851677,570214574302979
570214609000000,78871,-0.198,0.183,1.186,-37.85,-9.94,24.25,1,imu01,fusion_20260818T184228Z,2453,78871681,570214594306320
570214625000000,78891,-0.005,0.123,1.511,-78.07,-8.58,32.34,1,imu01,fusion_20260818T184228Z,2454,78891677,570214614301662
570214640000000,78911,-0.052,0.09,1.188,-67.37,-45.22,9.05,1,imu01,fusion_20260818T184228Z,2455,78911681,570214634305003
570214671000000,78931,-0.385,0.202,0.622,-53.5,-73.35,-13.18,1,imu01,fusion_20260818T184228Z,2456,78931677,570214654300345
570214687000000,78951,-0.391,0.01,0.683,-56.28,-44.24,4.74,1,imu01,fusion_20260818T184228Z,2457,78951681,570214674303686
570214703000000,78971,-0.169,-0.113,1.199,-54.28,9.15,5.93,1,imu01,fusion_20260818T184228Z,2458,78971677,570214694299027
570214718000000,78991,-0.071,-0.1,1.362,-45.34,20.49,-12.14,1,imu01,fusion_20260818T184228Z,2459,78991681,570214714302369
570214750000000,79011,-0.22,-0.024,1.054,-26.76,4.85,-24.49,1,imu01,fusion_20260818T184228Z,2460,79011677,570214734297710
570214765000000,79031,-0.329,0.182,0.909,-24.27,14.89,-19.38,1,imu01,fusion_20260818T184228Z,2461,79031681,570214754301051
570214781000000,79051,-0.195,0.124,1.125,-18.41,41.42,9.15,1,imu01,fusion_20260818T184228Z,2462,79051677,570214774296393
570214812000000,79071,-0.027,-0.028,1.421,6.15,41.13,17.82,1,imu01,fusion_20260818T184228Z,2463,79071681,570214794299734
570214828000000,79091,0.01,-0.292,1.215,49.12,6.81,6.45,1,imu01,fusion_20260818T184228Z,2464,79091677,570214814295076
570214843000000,79111,0.052,-0.219,1.014,55.89,-15.8,-18.37,1,imu01,fusion_20260818T184228Z,2465,79111681,570214834298417
570214859000000,79131,0.053,-0.073,0.956,26.61,-22.13,-33.29,1,imu01,fusion_20260818T184228Z,2466,79131677,570214854293758
570214890000000,79151,0.032,-0.003,0.985,-7.98,-20.3,-22.25,1,imu01,fusion_20260818T184228Z,2467,79151681,570214874297100
570214906000000,79171,0.001,0.109,1.055,-13.51,-20.55,-13.72,1,imu01,fusion_20260818T184228Z,2468,79171677,570214894292441
570214921000000,79191,0.007,0.175,1.133,1.19,-27.85,-14.93,1,imu01,fusion_20260818T184228Z,2469,79191681,570214914295782
570214937000000,79211,-0.054,0.109,0.932,15.65,-42.92,-13.48,1,imu01,fusion_20260818T184228Z,2470,79211677,570214934291124
570214968000000,79231,-0.124,0.102,0.753,15.3,-41.86,-16.18,1,imu01,fusion_20260818T184228Z,2471,79231681,570214954294465
570214984000000,79251,-0.08,0.178,0.814,-5.09,-24.17,-12.82,1,imu01,fusion_20260818T184228Z,2472,79251677,570214974289807
570215000000000,79271,-0.058,0.213,0.901,-13.94,-11.09,-7.08,1,imu01,fusion_20260818T184228Z,2473,79271681,570214994293148
570215031000000,79291,-0.079,0.193,0.929,-5.15,-7.89,3.47,1,imu01,fusion_20260818T184228Z,2474,79291677,570215014288489
570215046000000,79311,-0.087,0.091,0.955,10.33,-6.58,8.73,1,imu01,fusion_20260818T184228Z,2475,79311681,570215034291831
570215062000000,79331,-0.094,0.01,0.917,14.81,-1.24,8.48,1,imu01,fusion_20260818T184228Z,2476,79331677,570215054287172
570215078000000,79351,-0.077,-0.03,0.95,1.43,6.66,6.11,1,imu01,fusion_20260818T184228Z,2477,79351681,570215074290513
570215109000000,79371,-0.105,0.04,0.959,-19.85,10.26,8.79,1,imu01,fusion_20260818T184228Z,2478,79371677,570215094285855
570215125000000,79391,-0.105,0.139,0.994,-27.11,17.89,9.53,1,imu01,fusion_20260818T184228Z,2479,79391681,570215114289196
570215140000000,79411,-0.11,0.076,1.006,-16.73,22.05,15.1,1,imu01,fusion_20260818T184228Z,2480,79411677,570215134284538
570215171000000,79431,-0.164,-0.044,1.017,-0.06,19.13,19.37,1,imu01,fusion_20260818T184228Z,2481,79431681,570215154287879
570215187000000,79451,-0.155,-0.055,1.019,4.49,11.48,13.47,1,imu01,fusion_20260818T184228Z,2482,79451677,570215174283220
570215203000000,79471,-0.124,0.01,0.932,8.39,2.34,7.83,1,imu01,fusion_20260818T184228Z,2483,79471681,570215194286562
570215218000000,79491,-0.189,-0.074,0.907,12.25,-0.46,5.08,1,imu01,fusion_20260818T184228Z,2484,79491677,570215214281903
570215250000000,79511,-0.097,-0.009,1.014,-9.33,8.45,9.05,1,imu01,fusion_20260818T184228Z,2485,79511681,570215234285244
570215265000000,79531,-0.134,-0.047,0.964,-1.7,4.54,9.13,1,imu01,fusion_20260818T184228Z,2486,79531677,570215254280586
570215281000000,79551,-0.107,0.077,1.05,10.85,2.09,0.79,1,imu01,fusion_20260818T184228Z,2487,79551681,570215274283927
570215296000000,79571,-0.132,0.001,0.968,11.19,-0.69,0.85,1,imu01,fusion_20260818T184228Z,2488,79571677,570215294279269
570215328000000,79591,-0.134,-0.03,0.98,16.38,0.73,3.02,1,imu01,fusion_20260818T184228Z,2489,79591681,570215314282610
570215343000000,79611,-0.087,-0.023,1.129,11.94,2.25,3.62,1,imu01,fusion_20260818T184228Z,2490,79611677,570215334277952
570215359000000,79631,-0.101,-0.025,1.132,13.17,-8.03,-1.26,1,imu01,fusion_20260818T184228Z,2491,79631681,570215354281293
570215390000000,79651,-0.123,-0.014,1.054,13.94,-19.71,-11.36,1,imu01,fusion_20260818T184228Z,2492,79651677,570215374276634
570215406000000,79671,-0.092,0.062,1.057,11.23,-22.2,-20.17,1,imu01,fusion_20260818T184228Z,2493,79671681,570215394279976
570215421000000,79691,-0.095,0.102,0.976,13.88,-26.89,-24.06,1,imu01,fusion_20260818T184228Z,2494,79691677,570215414275317
570215437000000,79711,-0.056,0.134,0.921,15.39,-25.56,-26.43,1,imu01,fusion_20260818T184228Z,2495,79711681,570215434278658
570215468000000,79731,-0.035,0.198,1.019,8.67,-20.74,-21.48,1,imu01,fusion_20260818T184228Z,2496,79731677,570215454274000
570215484000000,79751,-0.023,0.169,0.96,6.61,-23.12,-14.64,1,imu01,fusion_20260818T184228Z,2497,79751681,570215474277341
570215500000000,79771,-0.077,0.165,0.913,21.07,-27.9,-8.83,1,imu01,fusion_20260818T184228Z,2498,79771677,570215494272682
570215531000000,79791,-0.044,0.138,1.008,25.38,-18.68,-4.08,1,imu01,fusion_20260818T184228Z,2499,79791681,570215514276024
570215546000000,79811,-0.012,0.129,1.118,21.28,-13.39,-2.96,1,imu01,fusion_20260818T184228Z,2500,79811677,570215534271365
570215562000000,79831,-0.048,0.062,0.999,12.07,-16.7,-9.2,1,imu01,fusion_20260818T184228Z,2501,79831681,570215554274706
570215578000000,79851,-0.107,0.107,0.859,7.67,-20.58,-14.34,1,imu01,fusion_20260818T184228Z,2502,79851677,570215574270048
570215609000000,79871,-0.065,0.214,0.969,-12.23,-0.72,-9.5,1,imu01,fusion_20260818T184228Z,2503,79871681,570215594273389
570215625000000,79891,-0.061,0.132,1.023,-2.95,7.72,-1.66,1,imu01,fusion_20260818T184228Z,2504,79891677,570215614268731
570215640000000,79911,-0.049,0.109,1.042,14.18,5.19,-6.98,1,imu01,fusion_20260818T184228Z,2505,79911681,570215634272072
570215671000000,79931,-0.096,0.102,0.896,12.3,-3.61,-10.43,1,imu01,fusion_20260818T184228Z,2506,79931677,570215654267414
570215687000000,79951,-0.14,0.205,0.852,-2.08,0.74,-7.49,1,imu01,fusion_20260818T184228Z,2507,79951681,570215674270755
570215703000000,79971,-0.133,0.199,0.886,-1.53,8.91,-2.25,1,imu01,fusion_20260818T184228Z,2508,79971677,570215694266096
570215718000000,79991,-0.115,0.2,0.974,1.18,18.63,2.73,1,imu01,fusion_20260818T184228Z,2509,79991681,570215714269438
570215750000000,80011,-0.094,0.162,1.042,7.59,22.38,4.15,1,imu01,fusion_20260818T184228Z,2510,80011677,570215734264779
570215765000000,80031,-0.078,0.144,1.065,6.36,20.85,3.9,1,imu01,fusion_20260818T184228Z,2511,80031681,570215754268120
570215781000000,80051,-0.082,0.137,1.054,-3.23,15.67,6.0,1,imu01,fusion_20260818T184228Z,2512,80051677,570215774263462
570215796000000,80071,-0.078,0.103,1.045,-9.12,10.27,8.73,1,imu01,fusion_20260818T184228Z,2513,80071681,570215794266803
570215828000000,80091,-0.078,0.078,1.023,-9.61,4.59,8.9,1,imu01,fusion_20260818T184228Z,2514,80091677,570215814262144
570215843000000,80111,-0.076,0.077,1.021,-10.51,1.94,6.39,1,imu01,fusion_20260818T184228Z,2515,80111681,570215834265486
570215859000000,80131,-0.082,0.091,1.002,-9.72,-0.35,4.59,1,imu01,fusion_20260818T184228Z,2516,80131677,570215854260827
570215890000000,80151,-0.083,0.124,1.031,-8.81,0.65,1.39,1,imu01,fusion_20260818T184228Z,2517,80151679,570215874262169
570215906000000,80171,-0.089,0.104,1.025,0.43,-2.9,0.31,1,imu01,fusion_20260818T184228Z,2518,80171677,570215894259510
570215921000000,80191,-0.094,0.087,1.014,-0.84,-4.46,1.16,1,imu01,fusion_20260818T184228Z,2519,80191681,570215914262851
570215937000000,80211,-0.101,0.126,1.026,-5.64,-5.84,0.14,1,imu01,fusion_20260818T184228Z,2520,80211677,570215934258193
570215968000000,80231,-0.109,0.138,1.002,-5.47,-7.67,0.29,1,imu01,fusion_20260818T184228Z,2521,80231681,570215954261534
570215984000000,80251,-0.108,0.107,0.953,-0.87,-8.02,0.88,1,imu01,fusion_20260818T184228Z,2522,80251677,570215974256876
570216000000000,80271,-0.093,0.099,0.948,2.63,-4.58,0.26,1,imu01,fusion_20260818T184228Z,2523,80271681,570215994260217
570216031000000,80291,-0.077,0.089,0.973,-3.51,-0.95,1.73,1,imu01,fusion_20260818T184228Z,2524,80291677,570216014255558
570216046000000,80311,-0.063,0.085,1.0,-6.47,1.0,2.85,1,imu01,fusion_20260818T184228Z,2525,80311681,570216034258900
570216062000000,80331,-0.064,0.064,0.965,-3.8,-0.24,2.05,1,imu01,fusion_20260818T184228Z,2526,80331677,570216054254241
570216078000000,80351,-0.057,0.086,1.001,-8.88,2.31,1.83,1,imu01,fusion_20260818T184228Z,2527,80351681,570216074257582
570216109000000,80371,-0.058,0.093,1.032,-6.96,1.48,2.26,1,imu01,fusion_20260818T184228Z,2528,80371677,570216094252924
570216125000000,80391,-0.067,0.081,1.036,-1.63,-1.21,0.76,1,imu01,fusion_20260818T184228Z,2529,80391681,570216114256265
570216140000000,80411,-0.08,0.074,1.04,-5.45,-2.08,0.94,1,imu01,fusion_20260818T184228Z,2530,80411677,570216134251606
570216171000000,80431,-0.082,0.091,1.061,-2.64,-3.6,-0.72,1,imu01,fusion_20260818T184228Z,2531,80431681,570216154254948
570216187000000,80451,-0.081,0.086,1.074,-2.63,-4.16,-1.3,1,imu01,fusion_20260818T184228Z,2532,80451677,570216174250289
570216203000000,80471,-0.101,0.126,1.086,0.37,-6.71,-2.28,1,imu01,fusion_20260818T184228Z,2533,80471681,570216194253630
570216218000000,80491,-0.107,0.104,1.05,6.23,-8.9,-2.26,1,imu01,fusion_20260818T184228Z,2534,80491677,570216214248972
570216250000000,80511,-0.099,0.099,1.056,5.41,-9.64,-1.12,1,imu01,fusion_20260818T184228Z,2535,80511681,570216234252313
570216265000000,80531,-0.098,0.116,1.049,1.83,-13.24,-1.0,1,imu01,fusion_20260818T184228Z,2536,80531677,570216254247655
570216281000000,80551,-0.099,0.124,1.0,0.33,-18.39,1.14,1,imu01,fusion_20260818T184228Z,2537,80551681,570216274250996
570216296000000,80571,-0.084,0.136,1.026,0.23,-14.22,1.47,1,imu01,fusion_20260818T184228Z,2538,80571677,570216294246338
570216328000000,80591,-0.085,0.143,1.014,0.68,-11.06,0.76,1,imu01,fusion_20260818T184228Z,2539,80591681,570216314249679
570216343000000,80611,-0.097,0.124,1.027,-1.3,-6.68,1.83,1,imu01,fusion_20260818T184228Z,2540,80611677,570216334245020
570216359000000,80631,-0.071,0.105,1.093,-10.66,-1.17,4.26,1,imu01,fusion_20260818T184228Z,2541,80631681,570216354248362
570216390000000,80651,-0.041,0.082,1.12,-10.7,-4.8,3.75,1,imu01,fusion_20260818T184228Z,2542,80651677,570216374243703
570216406000000,80671,-0.025,0.062,1.066,-14.46,-10.34,1.54,1,imu01,fusion_20260818T184228Z,2543,80671681,570216394247044
570216421000000,80691,-0.025,0.073,1.033,-22.91,-12.74,-3.17,1,imu01,fusion_20260818T184228Z,2544,80691677,570216414242386
570216437000000,80711,-0.07,0.109,0.998,-29.55,-15.7,-5.63,1,imu01,fusion_20260818T184228Z,2545,80711681,570216434245727
570216468000000,80731,-0.078,0.133,1.008,-23.99,-12.58,-7.36,1,imu01,fusion_20260818T184228Z,2546,80731677,570216454241069
570216484000000,80751,0.046,0.106,1.053,-16.64,-8.33,-6.4,1,imu01,fusion_20260818T184228Z,2547,80751681,570216474244410
570216500000000,80771,0.003,0.056,1.081,-12.93,-11.88,-9.15,1,imu01,fusion_20260818T184228Z,2548,80771677,570216494239751
570216531000000,80791,-0.023,0.011,1.004,-24.65,-20.02,-5.34,1,imu01,fusion_20260818T184228Z,2549,80791681,570216514243093
570216546000000,80811,-0.011,0.034,0.992,-30.89,-19.46,-6.69,1,imu01,fusion_20260818T184228Z,2550,80811677,570216534238434
570216562000000,80831,-0.021,0.03,0.978,-25.32,-18.09,-7.51,1,imu01,fusion_20260818T184228Z,2551,80831681,570216554241775
570216578000000,80851,-0.03,0.015,0.971,-17.82,-14.26,-4.69,1,imu01,fusion_20260818T184228Z,2552,80851677,570216574237117
570216609000000,80871,-0.018,-0.016,0.95,-8.32,-11.35,-0.57,1,imu01,fusion_20260818T184228Z,2553,80871681,570216594240458
570216625000000,80891,0.018,-0.043,1.027,-11.31,-4.58,3.4,1,imu01,fusion_20260818T184228Z,2554,80891677,570216614235800
570216640000000,80911,0.014,-0.063,1.049,-18.54,1.05,3.65,1,imu01,fusion_20260818T184228Z,2555,80911681,570216634239141
570216671000000,80931,-0.004,-0.045,1.03,-17.86,0.82,3.73,1,imu01,fusion_20260818T184228Z,2556,80931677,570216654234482
570216687000000,80951,-0.027,-0.076,0.968,-11.0,4.17,4.41,1,imu01,fusion_20260818T184228Z,2557,80951681,570216674237824
570216703000000,80971,-0.01,-0.027,0.966,-6.13,14.49,1.14,1,imu01,fusion_20260818T184228Z,2558,80971677,570216694233165
570216718000000,80991,-0.0,0.009,1.061,-4.84,21.83,7.49,1,imu01,fusion_20260818T184228Z,2559,80991681,570216714236506
570216750000000,81011,0.078,0.016,1.3,-6.52,25.27,11.9,1,imu01,fusion_20260818T184228Z,2560,81011677,570216734231848
570216765000000,81031,0.067,-0.08,1.277,-0.93,4.51,11.79,1,imu01,fusion_20260818T184228Z,2561,81031681,570216754235189
570216781000000,81051,0.021,-0.097,1.053,0.25,-20.67,4.22,1,imu01,fusion_20260818T184228Z,2562,81051677,570216774230531
570216812000000,81071,0.017,-0.027,0.993,-14.88,-23.29,-1.88,1,imu01,fusion_20260818T184228Z,2563,81071681,570216794233872
570216828000000,81091,0.018,0.04,0.952,-20.11,-16.35,-1.51,1,imu01,fusion_20260818T184228Z,2564,81091677,570216814229213
570216843000000,81111,0.009,0.034,0.875,-3.95,-10.85,2.54,1,imu01,fusion_20260818T184228Z,2565,81111681,570216834232555
570216859000000,81131,0.09,-0.001,1.078,4.85,-2.15,10.18,1,imu01,fusion_20260818T184228Z,2566,81131677,570216854227896
570216890000000,81151,0.089,-0.064,1.092,5.78,-5.28,11.7,1,imu01,fusion_20260818T184228Z,2567,81151681,570216874231237
570216906000000,81171,0.037,-0.051,0.946,13.81,-16.55,4.95,1,imu01,fusion_20260818T184228Z,2568,81171677,570216894226579
570216921000000,81191,0.025,-0.067,0.883,7.73,-15.63,2.79,1,imu01,fusion_20260818T184228Z,2569,81191681,570216914229920
570216937000000,81211,0.017,0.01,0.86,0.3,-7.33,2.76,1,imu01,fusion_20260818T184228Z,2570,81211677,570216934225262
570216968000000,81231,0.076,0.042,0.993,8.13,-1.02,6.08,1,imu01,fusion_20260818T184228Z,2571,81231681,570216954228603
570216984000000,81251,0.114,-0.027,1.076,10.79,-1.45,11.0,1,imu01,fusion_20260818T184228Z,2572,81251677,570216974223944
570217000000000,81271,0.076,-0.049,0.967,14.04,-15.11,9.64,1,imu01,fusion_20260818T184228Z,2573,81271681,570216994227286
570217031000000,81291,0.017,-0.058,0.864,8.31,-20.21,10.2,1,imu01,fusion_20260818T184228Z,2574,81291677,570217014222627
570217046000000,81311,0.055,0.035,0.874,0.59,-8.84,9.53,1,imu01,fusion_20260818T184228Z,2575,81311681,570217034225968
570217062000000,81331,0.102,0.098,0.938,-0.89,0.66,15.58,1,imu01,fusion_20260818T184228Z,2576,81331677,570217054221310
570217078000000,81351,0.136,0.107,0.96,13.77,-3.06,24.84,1,imu01,fusion_20260818T184228Z,2577,81351681,570217074224651
570217109000000,81371,0.091,0.07,0.875,26.65,-9.25,34.82,1,imu01,fusion_20260818T184228Z,2578,81371677,570217094219993
570217125000000,81391,0.059,-0.022,0.781,39.65,-9.7,39.95,1,imu01,fusion_20260818T184228Z,2579,81391681,570217114223334
570217140000000,81411,0.092,-0.103,0.863,30.95,1.62,39.92,1,imu01,fusion_20260818T184228Z,2580,81411677,570217134218675
570217171000000,81431,0.148,-0.031,1.016,6.79,10.89,35.92,1,imu01,fusion_20260818T184228Z,2581,81431681,570217154222017
570217187000000,81451,0.084,0.037,0.937,2.22,4.39,33.39,1,imu01,fusion_20260818T184228Z,2582,81451677,570217174217358
570217203000000,81471,0.012,0.071,0.907,0.85,8.32,34.99,1,imu01,fusion_20260818T184228Z,2583,81471681,570217194220699
570217218000000,81491,-0.0,0.053,0.978,11.31,16.63,42.57,1,imu01,fusion_20260818T184228Z,2584,81491677,570217214216041
570217250000000,81511,0.07,0.011,1.071,26.42,16.48,48.4,1,imu01,fusion_20260818T184228Z,2585,81511681,570217234219382
570217265000000,81531,0.1,-0.076,0.975,35.7,8.44,44.51,1,imu01,fusion_20260818T184228Z,2586,81531677,570217254214724
570217281000000,81551,0.065,-0.16,0.927,21.59,0.39,36.6,1,imu01,fusion_20260818T184228Z,2587,81551681,570217274218065
570217296000000,81571,0.07,-0.154,0.924,-8.66,-7.19,26.57,1,imu01,fusion_20260818T184228Z,2588,81571677,570217294213406
570217328000000,81591,0.066,0.003,1.01,-42.96,-6.97,15.07,1,imu01,fusion_20260818T184228Z,2589,81591681,570217314216748
570217343000000,81611,0.091,0.167,1.095,-61.84,-8.21,11.48,1,imu01,fusion_20260818T184228Z,2590,81611677,570217334212089
570217359000000,81631,0.003,0.11,0.854,-43.65,-21.74,14.49,1,imu01,fusion_20260818T184228Z,2591,81631681,570217354215430
570217390000000,81651,-0.079,0.059,0.672,-14.4,-21.44,15.3,1,imu01,fusion_20260818T184228Z,2592,81651677,570217374210772
570217406000000,81671,-0.011,0.085,1.011,-17.81,4.44,21.89,1,imu01,fusion_20260818T184228Z,2593,81671681,570217394214113
570217421000000,81691,0.03,0.02,1.214,-19.44,8.07,29.65,1,imu01,fusion_20260818T184228Z,2594,81691677,570217414209455
570217437000000,81711,-0.035,-0.05,1.0,1.43,-12.52,28.36,1,imu01,fusion_20260818T184228Z,2595,81711681,570217434212796
570217468000000,81731,-0.079,-0.115,0.897,6.79,-11.25,12.12,1,imu01,fusion_20260818T184228Z,2596,81731677,570217454208137
570217484000000,81751,0.019,-0.138,1.067,-1.63,-4.48,0.95,1,imu01,fusion_20260818T184228Z,2597,81751681,570217474211479
570217500000000,81771,0.03,-0.082,1.12,-23.92,-14.11,-5.9,1,imu01,fusion_20260818T184228Z,2598,81771677,570217494206820
570217531000000,81791,0.019,-0.02,1.011,-19.77,-31.39,-17.99,1,imu01,fusion_20260818T184228Z,2599,81791681,570217514210161
570217546000000,81811,0.021,0.026,0.827,-1.86,-40.98,-23.56,1,imu01,fusion_20260818T184228Z,2600,81811677,570217534205503
570217562000000,81831,0.025,-0.012,0.758,18.48,-42.12,-13.17,1,imu01,fusion_20260818T184228Z,2601,81831681,570217554208844
570217578000000,81851,0.103,0.026,0.898,2.78,-22.79,-4.57,1,imu01,fusion_20260818T184228Z,2602,81851677,570217574204186
570217609000000,81871,0.126,-0.028,0.958,7.41,-18.11,-0.74,1,imu01,fusion_20260818T184228Z,2603,81871681,570217594207527
570217625000000,81891,0.12,0.016,1.067,11.28,-13.56,-5.46,1,imu01,fusion_20260818T184228Z,2604,81891677,570217614202868
570217640000000,81911,0.073,0.014,0.982,23.69,-19.39,-9.05,1,imu01,fusion_20260818T184228Z,2605,81911681,570217634206210
570217656000000,81931,0.077,0.087,0.954,30.01,-23.17,-10.92,1,imu01,fusion_20260818T184228Z,2606,81931677,570217654201551
570217687000000,81951,0.079,0.153,1.01,26.13,-26.45,-6.01,1,imu01,fusion_20260818T184228Z,2607,81951681,570217674204892
570217703000000,81971,0.124,0.031,1.037,41.55,-31.26,-5.06,1,imu01,fusion_20260818T184228Z,2608,81971677,570217694200234
570217718000000,81991,0.194,0.112,1.127,23.24,-17.09,-11.35,1,imu01,fusion_20260818T184228Z,2609,81991681,570217714203575
570217750000000,82011,0.25,0.074,1.065,4.42,-11.13,-10.29,1,imu01,fusion_20260818T184228Z,2610,82011677,570217734198917
570217765000000,82031,0.267,0.06,0.984,5.58,-11.5,-7.81,1,imu01,fusion_20260818T184228Z,2611,82031681,570217754202258
570217781000000,82051,0.247,0.031,0.897,6.17,-8.43,-5.41,1,imu01,fusion_20260818T184228Z,2612,82051677,570217774197600
570217796000000,82071,0.228,0.036,0.933,4.5,-1.48,-1.64,1,imu01,fusion_20260818T184228Z,2613,82071681,570217794200941
570217828000000,82091,0.256,0.039,0.978,5.41,3.66,0.05,1,imu01,fusion_20260818T184228Z,2614,82091677,570217814196282
570217843000000,82111,0.215,0.149,0.812,4.85,5.2,-3.19,1,imu01,fusion_20260818T184228Z,2615,82111681,570217834199624
570217859000000,82131,0.241,0.039,0.927,-13.58,13.83,6.86,1,imu01,fusion_20260818T184228Z,2616,82131677,570217854194965
570217890000000,82151,0.288,-0.001,1.112,-15.67,21.27,10.41,1,imu01,fusion_20260818T184228Z,2617,82151679,570217874196306
570217906000000,82171,0.239,-0.039,1.087,-10.48,14.59,4.47,1,imu01,fusion_20260818T184228Z,2618,82171677,570217894193648
570217921000000,82191,0.214,-0.034,0.946,1.81,0.92,-0.53,1,imu01,fusion_20260818T184228Z,2619,82191681,570217914196989
570217937000000,82211,0.2,0.013,0.885,-2.93,-1.69,-1.76,1,imu01,fusion_20260818T184228Z,2620,82211677,570217934192330
570217968000000,82231,0.196,0.061,0.889,-11.05,2.87,0.36,1,imu01,fusion_20260818T184228Z,2621,82231681,570217954195672
570217984000000,82251,0.213,0.028,0.94,-9.31,6.26,2.53,1,imu01,fusion_20260818T184228Z,2622,82251677,570217974191013
570218000000000,82271,0.189,0.017,0.919,3.69,6.98,-1.58,1,imu01,fusion_20260818T184228Z,2623,82271681,570217994194354
570218031000000,82291,0.183,0.028,0.922,12.65,7.67,-4.79,1,imu01,fusion_20260818T184228Z,2624,82291677,570218014189696
570218046000000,82311,0.166,0.05,0.93,12.46,8.78,-4.94,1,imu01,fusion_20260818T184228Z,2625,82311681,570218034193037
570218062000000,82331,0.166,0.038,0.988,4.74,14.17,-3.1,1,imu01,fusion_20260818T184228Z,2626,82331677,570218054188379
570218078000000,82351,0.115,0.059,0.996,6.58,15.33,-3.53,1,imu01,fusion_20260818T184228Z,2627,82351681,570218074191720
570218109000000,82371,0.118,0.049,1.043,8.13,16.07,-3.07,1,imu01,fusion_20260818T184228Z,2628,82371677,570218094187062
570218125000000,82391,0.11,0.034,1.096,3.42,13.78,-2.11,1,imu01,fusion_20260818T184228Z,2629,82391681,570218114190403
570218140000000,82411,0.108,0.043,1.084,2.17,9.55,-4.63,1,imu01,fusion_20260818T184228Z,2630,82411677,570218134185744
570218171000000,82431,0.105,0.041,1.072,-0.17,6.15,-5.26,1,imu01,fusion_20260818T184228Z,2631,82431681,570218154189086
570218187000000,82451,0.117,0.048,1.08,3.09,3.17,-6.63,1,imu01,fusion_20260818T184228Z,2632,82451677,570218174184427
570218203000000,82471,0.124,0.063,1.042,7.07,-1.34,-8.15,1,imu01,fusion_20260818T184228Z,2633,82471681,570218194187768
570218218000000,82491,0.114,0.042,0.987,5.72,-5.37,-7.37,1,imu01,fusion_20260818T184228Z,2634,82491677,570218214183110
570218250000000,82511,0.126,0.094,0.962,6.88,-4.06,-8.76,1,imu01,fusion_20260818T184228Z,2635,82511681,570218234186451
570218265000000,82531,0.143,0.106,0.963,5.77,-0.61,-5.71,1,imu01,fusion_20260818T184228Z,2636,82531677,570218254181792
570218281000000,82551,0.136,0.096,0.959,2.99,2.84,-2.72,1,imu01,fusion_20260818T184228Z,2637,82551681,570218274185134
570218296000000,82571,0.138,0.107,0.969,-0.63,3.15,-0.14,1,imu01,fusion_20260818T184228Z,2638,82571677,570218294180475
570218328000000,82591,0.129,0.124,0.955,-4.57,2.52,1.49,1,imu01,fusion_20260818T184228Z,2639,82591681,570218314183816
570218343000000,82611,0.108,0.108,0.924,-6.61,3.42,3.73,1,imu01,fusion_20260818T184228Z,2640,82611677,570218334179158
570218359000000,82631,0.107,0.1,0.942,-11.78,8.81,5.82,1,imu01,fusion_20260818T184228Z,2641,82631681,570218354182499
570218390000000,82651,0.113,0.091,0.982,-17.7,13.62,9.01,1,imu01,fusion_20260818T184228Z,2642,82651677,570218374177841
570218406000000,82671,0.075,0.052,1.012,-9.44,10.78,10.61,1,imu01,fusion_20260818T184228Z,2643,82671681,570218394181182
570218421000000,82691,0.108,0.036,1.034,-1.8,6.27,11.49,1,imu01,fusion_20260818T184228Z,2644,82691677,570218414176524
570218437000000,82711,0.1,0.033,1.032,-0.77,3.2,10.36,1,imu01,fusion_20260818T184228Z,2645,82711681,570218434179865
570218468000000,82731,0.11,0.034,1.02,-5.18,3.08,7.99,1,imu01,fusion_20260818T184228Z,2646,82731677,570218454175206
570218484000000,82751,0.112,0.044,1.012,-7.99,3.42,6.65,1,imu01,fusion_20260818T184228Z,2647,82751681,570218474178548
570218500000000,82771,0.117,0.042,1.019,-5.88,4.17,6.72,1,imu01,fusion_20260818T184228Z,2648,82771677,570218494173889
570218531000000,82791,0.115,0.011,1.024,-0.99,1.35,7.68,1,imu01,fusion_20260818T184228Z,2649,82791681,570218514177230
570218546000000,82811,0.112,0.017,0.981,4.1,-0.16,5.41,1,imu01,fusion_20260818T184228Z,2650,82811677,570218534172572
570218562000000,82831,0.1,0.025,1.008,3.72,1.9,4.77,1,imu01,fusion_20260818T184228Z,2651,82831681,570218554175913
570218578000000,82851,0.11,0.048,1.014,2.59,2.81,3.83,1,imu01,fusion_20260818T184228Z,2652,82851677,570218574171254
570218609000000,82871,0.112,-0.005,0.978,4.26,1.16,3.41,1,imu01,fusion_20260818T184228Z,2653,82871681,570218594174596
570218625000000,82891,0.097,0.05,1.0,-1.77,4.16,2.48,1,imu01,fusion_20260818T184228Z,2654,82891677,570218614169937
570218640000000,82911,0.093,0.017,0.999,1.47,1.0,3.44,1,imu01,fusion_20260818T184228Z,2655,82911681,570218634173278
570218671000000,82931,0.101,0.051,1.0,0.26,1.46,2.05,1,imu01,fusion_20260818T184228Z,2656,82931677,570218654168620
570218687000000,82951,0.103,0.022,1.009,-1.69,1.6,3.93,1,imu01,fusion_20260818T184228Z,2657,82951681,570218674171961
570218703000000,82971,0.086,0.034,0.985,4.91,-0.68,1.61,1,imu01,fusion_20260818T184228Z,2658,82971677,570218694167303
570218718000000,82991,0.106,0.054,1.002,2.96,3.26,-0.56,1,imu01,fusion_20260818T184228Z,2659,82991681,570218714170644
570218750000000,83011,0.112,0.054,1.024,-0.88,5.34,0.15,1,imu01,fusion_20260818T184228Z,2660,83011677,570218734165986
570218765000000,83031,0.089,0.044,0.992,-3.94,4.52,1.64,1,imu01,fusion_20260818T184228Z,2661,83031681,570218754169327
570218781000000,83051,0.102,0.053,1.049,-7.01,5.52,1.46,1,imu01,fusion_20260818T184228Z,2662,83051677,570218774164668
570218796000000,83071,0.081,0.004,0.999,-5.86,2.19,3.7,1,imu01,fusion_20260818T184228Z,2663,83071681,570218794168010
570218828000000,83091,0.081,0.017,0.992,-7.38,4.23,1.88,1,imu01,fusion_20260818T184228Z,2664,83091677,570218814163351
570218843000000,83111,0.12,-0.051,0.998,-7.67,6.51,1.19,1,imu01,fusion_20260818T184228Z,2665,83111681,570218834166692
570218859000000,83131,0.092,0.001,0.949,0.78,2.0,-1.76,1,imu01,fusion_20260818T184228Z,2666,83131677,570218854162034
570218890000000,83151,0.097,0.036,0.969,-0.64,3.9,-2.27,1,imu01,fusion_20260818T184228Z,2667,83151681,570218874165375
570218906000000,83171,0.088,0.031,0.975,0.38,2.77,-1.18,1,imu01,fusion_20260818T184228Z,2668,83171677,570218894160717
570218921000000,83191,0.078,0.057,0.983,5.16,1.83,-1.21,1,imu01,fusion_20260818T184228Z,2669,83191681,570218914164058
570218937000000,83211,0.073,0.033,1.003,5.54,1.87,0.8,1,imu01,fusion_20260818T184228Z,2670,83211677,570218934159399
570218968000000,83231,0.083,0.041,1.039,0.78,2.86,1.38,1,imu01,fusion_20260818T184228Z,2671,83231681,570218954162741
570218984000000,83251,0.084,0.069,1.035,-1.74,0.88,0.99,1,imu01,fusion_20260818T184228Z,2672,83251677,570218974158082
570219000000000,83271,0.07,0.044,1.008,0.48,-1.44,1.46,1,imu01,fusion_20260818T184228Z,2673,83271681,570218994161423
570219031000000,83291,0.101,0.047,1.04,1.84,0.26,1.07,1,imu01,fusion_20260818T184228Z,2674,83291677,570219014156765
570219046000000,83311,0.086,0.006,0.991,5.18,-2.93,1.36,1,imu01,fusion_20260818T184228Z,2675,83311681,570219034160106
570219062000000,83331,0.093,0.067,0.997,2.55,-0.99,-1.47,1,imu01,fusion_20260818T184228Z,2676,83331677,570219054155448
570219078000000,83351,0.086,0.018,0.967,2.49,-3.43,1.52,1,imu01,fusion_20260818T184228Z,2677,83351681,570219074158789
570219109000000,83371,0.091,0.051,0.963,1.1,-2.06,1.16,1,imu01,fusion_20260818T184228Z,2678,83371677,570219094154130
570219125000000,83391,0.077,0.035,0.93,0.75,-2.38,2.99,1,imu01,fusion_20260818T184228Z,2679,83391681,570219114157472
570219140000000,83411,0.078,0.044,0.969,0.4,1.8,2.45,1,imu01,fusion_20260818T184228Z,2680,83411677,570219134152813
570219156000000,83431,0.076,0.037,0.948,4.92,2.22,1.34,1,imu01,fusion_20260818T184228Z,2681,83431681,570219154156154
570219187000000,83451,0.093,0.024,0.994,5.92,2.71,1.73,1,imu01,fusion_20260818T184228Z,2682,83451677,570219174151496
570219203000000,83471,0.091,0.034,1.009,0.8,3.58,1.58,1,imu01,fusion_20260818T184228Z,2683,83471681,570219194154837
570219218000000,83491,0.085,0.026,1.0,-1.31,3.42,0.82,1,imu01,fusion_20260818T184228Z,2684,83491677,570219214150179
570219250000000,83511,0.091,0.037,1.019,-1.67,3.63,0.31,1,imu01,fusion_20260818T184228Z,2685,83511681,570219234153520
570219265000000,83531,0.103,0.048,1.064,-0.98,3.55,-0.43,1,imu01,fusion_20260818T184228Z,2686,83531677,570219254148861
570219281000000,83551,0.094,0.04,1.062,-0.68,1.45,-0.51,1,imu01,fusion_20260818T184228Z,2687,83551681,570219274152203
570219296000000,83571,0.085,0.045,1.03,2.1,-1.88,-1.74,1,imu01,fusion_20260818T184228Z,2688,83571677,570219294147544
570219328000000,83591,0.081,0.063,1.011,0.93,-3.0,-1.88,1,imu01,fusion_20260818T184228Z,2689,83591681,570219314150885
570219343000000,83611,0.081,0.052,1.027,-1.15,-2.87,-0.37,1,imu01,fusion_20260818T184228Z,2690,83611677,570219334146227
570219359000000,83631,0.074,0.04,0.966,2.01,-3.07,-1.97,1,imu01,fusion_20260818T184228Z,2691,83631681,570219354149568
570219390000000,83651,0.087,0.053,0.958,1.33,-2.32,-2.57,1,imu01,fusion_20260818T184228Z,2692,83651677,570219374144910
570219406000000,83671,0.081,0.031,0.951,0.05,-2.56,0.31,1,imu01,fusion_20260818T184228Z,2693,83671681,570219394148251
570219421000000,83691,0.082,0.046,0.95,-0.06,-1.19,0.95,1,imu01,fusion_20260818T184228Z,2694,83691677,570219414143592
570219437000000,83711,0.1,0.033,0.979,0.83,2.91,-1.4,1,imu01,fusion_20260818T184228Z,2695,83711681,570219434146934
570219468000000,83731,0.09,0.054,0.969,-0.7,4.47,-2.31,1,imu01,fusion_20260818T184228Z,2696,83731677,570219454142275
570219484000000,83751,0.089,0.058,0.992,-2.03,4.55,-0.22,1,imu01,fusion_20260818T184228Z,2697,83751681,570219474145616
570219500000000,83771,0.085,0.062,1.01,-2.31,4.01,1.39,1,imu01,fusion_20260818T184228Z,2698,83771677,570219494140958
570219531000000,83791,0.083,0.049,1.015,2.17,2.46,1.15,1,imu01,fusion_20260818T184228Z,2699,83791681,570219514144299
570219546000000,83811,0.081,0.014,1.003,2.81,0.58,0.96,1,imu01,fusion_20260818T184228Z,2700,83811677,570219534139641
570219562000000,83831,0.083,0.054,1.013,0.55,2.04,-1.81,1,imu01,fusion_20260818T184228Z,2701,83831681,570219554142982
570219578000000,83851,0.082,0.022,1.0,0.55,0.8,-0.26,1,imu01,fusion_20260818T184228Z,2702,83851677,570219574138323
570219609000000,83871,0.081,0.036,1.0,-1.32,1.02,0.47,1,imu01,fusion_20260818T184228Z,2703,83871681,570219594141665
570219625000000,83891,0.075,0.044,0.974,1.52,-0.16,-1.55,1,imu01,fusion_20260818T184228Z,2704,83891677,570219614137006
570219640000000,83911,0.074,0.03,0.984,0.47,1.51,-0.84,1,imu01,fusion_20260818T184228Z,2705,83911681,570219634140347
570219656000000,83931,0.078,0.046,0.984,-0.22,2.19,-1.28,1,imu01,fusion_20260818T184228Z,2706,83931677,570219654135689
570219687000000,83951,0.065,0.03,0.974,-0.75,3.2,-1.4,1,imu01,fusion_20260818T184228Z,2707,83951681,570219674139030
570219703000000,83971,0.082,0.065,1.014,0.54,4.84,-2.59,1,imu01,fusion_20260818T184228Z,2708,83971677,570219694134372
570219718000000,83991,0.076,0.051,1.007,0.94,3.21,-2.01,1,imu01,fusion_20260818T184228Z,2709,83991681,570219714137713
570219750000000,84011,0.079,0.065,1.011,-0.7,3.5,-1.5,1,imu01,fusion_20260818T184228Z,2710,84011677,570219734133054
570219765000000,84031,0.084,0.041,1.011,0.65,2.26,-1.39,1,imu01,fusion_20260818T184228Z,2711,84031681,570219754136396
570219781000000,84051,0.072,0.053,1.014,0.75,2.56,-2.79,1,imu01,fusion_20260818T184228Z,2712,84051677,570219774131737
570219796000000,84071,0.074,0.048,1.013,1.65,1.66,-2.1,1,imu01,fusion_20260818T184228Z,2713,84071681,570219794135078
570219828000000,84091,0.068,0.056,1.021,-0.22,1.45,-2.2,1,imu01,fusion_20260818T184228Z,2714,84091677,570219814130420
570219843000000,84111,0.071,0.052,1.0,1.02,0.1,-1.65,1,imu01,fusion_20260818T184228Z,2715,84111681,570219834133761
570219859000000,84131,0.066,0.039,0.999,1.52,0.73,-2.13,1,imu01,fusion_20260818T184228Z,2716,84131677,570219854129103
570219890000000,84151,0.069,0.064,0.995,3.15,0.2,-2.78,1,imu01,fusion_20260818T184228Z,2717,84151679,570219874130444
570219906000000,84171,0.069,0.073,0.999,2.53,0.26,-1.37,1,imu01,fusion_20260818T184228Z,2718,84171677,570219894127785
570219921000000,84191,0.064,0.052,0.985,1.91,-0.09,0.99,1,imu01,fusion_20260818T184228Z,2719,84191681,570219914131127
570219937000000,84211,0.08,0.066,1.005,-0.22,1.71,0.91,1,imu01,fusion_20260818T184228Z,2720,84211677,570219934126468
570219968000000,84231,0.068,0.061,1.002,-1.58,1.23,1.11,1,imu01,fusion_20260818T184228Z,2721,84231681,570219954129809
570219984000000,84251,0.088,0.071,1.018,1.61,1.0,-0.36,1,imu01,fusion_20260818T184228Z,2722,84251677,570219974125151
570220000000000,84271,0.071,0.043,1.026,2.03,-0.16,0.11,1,imu01,fusion_20260818T184228Z,2723,84271681,570219994128492
570220031000000,84291,0.07,0.06,1.007,0.85,-1.35,-0.47,1,imu01,fusion_20260818T184228Z,2724,84291677,570220014123834
570220046000000,84311,0.062,0.038,1.003,-1.25,-1.33,-0.08,1,imu01,fusion_20260818T184228Z,2725,84311681,570220034127175
570220062000000,84331,0.076,0.058,1.013,0.91,-0.74,-1.69,1,imu01,fusion_20260818T184228Z,2726,84331677,570220054122516
570220078000000,84351,0.074,0.036,0.988,1.37,-1.18,-1.37,1,imu01,fusion_20260818T184228Z,2727,84351681,570220074125858
570220109000000,84371,0.081,0.042,0.996,-0.93,-0.61,-1.24,1,imu01,fusion_20260818T184228Z,2728,84371677,570220094121199
570220125000000,84391,0.075,0.05,0.989,-3.11,-0.76,-1.26,1,imu01,fusion_20260818T184228Z,2729,84391681,570220114124540
570220140000000,84411,0.067,0.064,0.964,-2.4,-1.06,-1.78,1,imu01,fusion_20260818T184228Z,2730,84411677,570220134119882
570220156000000,84431,0.077,0.065,0.992,-2.58,1.27,-0.88,1,imu01,fusion_20260818T184228Z,2731,84431681,570220154123223
570220187000000,84451,0.084,0.066,0.99,-2.34,2.01,-0.54,1,imu01,fusion_20260818T184228Z,2732,84451677,570220174118565
570220203000000,84471,0.072,0.063,0.984,-0.05,1.07,-0.53,1,imu01,fusion_20260818T184228Z,2733,84471681,570220194121906
570220218000000,84491,0.071,0.064,1.001,-2.54,2.29,-0.58,1,imu01,fusion_20260818T184228Z,2734,84491677,570220214117248
570220250000000,84511,0.061,0.06,0.991,-1.06,0.65,-0.86,1,imu01,fusion_20260818T184228Z,2735,84511681,570220234120589
570220265000000,84531,0.071,0.048,1.017,-2.61,1.68,-1.12,1,imu01,fusion_20260818T184228Z,2736,84531677,570220254115930
570220281000000,84551,0.066,0.059,0.997,-2.53,1.17,-1.56,1,imu01,fusion_20260818T184228Z,2737,84551681,570220274119272
570220296000000,84571,0.077,0.057,0.982,-0.85,0.97,-1.34,1,imu01,fusion_20260818T184228Z,2738,84571677,570220294114613
570220328000000,84591,0.077,0.052,0.997,-0.21,2.36,-0.13,1,imu01,fusion_20260818T184228Z,2739,84591681,570220314117954
570220343000000,84611,0.072,0.048,0.98,1.3,1.74,0.05,1,imu01,fusion_20260818T184228Z,2740,84611677,570220334113296
570220359000000,84631,0.073,0.045,0.995,-0.9,2.35,1.06,1,imu01,fusion_20260818T184228Z,2741,84631681,570220354116637
570220390000000,84651,0.059,0.06,0.986,-2.04,2.42,1.76,1,imu01,fusion_20260818T184228Z,2742,84651677,570220374111978
570220406000000,84671,0.062,0.05,0.988,-0.99,3.37,1.63,1,imu01,fusion_20260818T184228Z,2743,84671681,570220394115320
570220421000000,84691,0.055,0.042,0.995,0.38,4.0,1.79,1,imu01,fusion_20260818T184228Z,2744,84691677,570220414110661
570220437000000,84711,0.061,0.063,1.015,1.26,3.55,1.54,1,imu01,fusion_20260818T184228Z,2745,84711681,570220434114002
570220468000000,84731,0.066,0.043,1.029,0.35,2.42,2.28,1,imu01,fusion_20260818T184228Z,2746,84731677,570220454109344
570220484000000,84751,0.061,0.048,1.001,1.08,0.36,1.47,1,imu01,fusion_20260818T184228Z,2747,84751681,570220474112685
570220500000000,84771,0.061,0.052,1.006,0.93,0.87,1.28,1,imu01,fusion_20260818T184228Z,2748,84771677,570220494108027
570220531000000,84791,0.065,0.043,1.015,-0.61,1.82,2.42,1,imu01,fusion_20260818T184228Z,2749,84791681,570220514111368
570220546000000,84811,0.068,0.034,1.027,-0.97,1.64,1.53,1,imu01,fusion_20260818T184228Z,2750,84811677,570220534106710
570220562000000,84831,0.058,0.039,0.99,-0.41,-0.97,0.71,1,imu01,fusion_20260818T184228Z,2751,84831681,570220554110051
570220578000000,84851,0.064,0.046,1.003,-2.56,-1.08,1.23,1,imu01,fusion_20260818T184228Z,2752,84851677,570220574105392
570220609000000,84871,0.065,0.034,0.999,-1.19,-2.85,1.7,1,imu01,fusion_20260818T184228Z,2753,84871681,570220594108734
570220625000000,84891,0.056,0.04,0.974,-0.44,-2.6,0.5,1,imu01,fusion_20260818T184228Z,2754,84891677,570220614104075
570220640000000,84911,0.066,0.043,0.996,-2.41,0.58,1.5,1,imu01,fusion_20260818T184228Z,2755,84911681,570220634107416
570220656000000,84931,0.059,0.041,0.989,0.67,0.86,0.91,1,imu01,fusion_20260818T184228Z,2756,84931677,570220654102758
570220687000000,84951,0.06,0.051,1.006,0.67,2.25,0.35,1,imu01,fusion_20260818T184228Z,2757,84951681,570220674106099
570220703000000,84971,0.055,0.057,1.004,-0.99,1.26,0.7,1,imu01,fusion_20260818T184228Z,2758,84971677,570220694101440
570220718000000,84991,0.053,0.06,0.999,0.1,-0.2,0.6,1,imu01,fusion_20260818T184228Z,2759,84991681,570220714104782
570220750000000,85011,0.06,0.049,0.99,0.22,0.61,0.94,1,imu01,fusion_20260818T184228Z,2760,85011677,570220734100123
570220765000000,85031,0.066,0.043,1.022,0.88,0.99,1.32,1,imu01,fusion_20260818T184228Z,2761,85031681,570220754103464
570220781000000,85051,0.05,0.042,0.985,0.74,-1.04,0.88,1,imu01,fusion_20260818T184228Z,2762,85051677,570220774098806
570220796000000,85071,0.071,0.062,0.991,-1.44,-1.08,0.27,1,imu01,fusion_20260818T184228Z,2763,85071681,570220794102147
570220828000000,85091,0.065,0.045,0.98,0.35,-1.26,-0.11,1,imu01,fusion_20260818T184228Z,2764,85091677,570220814097489
570220843000000,85111,0.068,0.063,0.994,0.08,0.65,0.4,1,imu01,fusion_20260818T184228Z,2765,85111681,570220834100830
570220859000000,85131,0.06,0.048,1.0,-0.48,0.66,1.37,1,imu01,fusion_20260818T184228Z,2766,85131677,570220854096172
570220890000000,85151,0.064,0.075,1.018,1.72,-0.18,0.63,1,imu01,fusion_20260818T184228Z,2767,85151681,570220874099513
570220906000000,85171,0.052,0.044,0.994,3.68,-2.22,0.97,1,imu01,fusion_20260818T184228Z,2768,85171677,570220894094854
570220921000000,85191,0.055,0.055,0.993,2.4,-1.32,0.87,1,imu01,fusion_20260818T184228Z,2769,85191681,570220914098196
570220937000000,85211,0.057,0.042,0.986,-0.07,-0.05,1.72,1,imu01,fusion_20260818T184228Z,2770,85211677,570220934093537
570220968000000,85231,0.065,0.034,0.992,-0.57,1.48,1.75,1,imu01,fusion_20260818T184228Z,2771,85231681,570220954096878
570220984000000,85251,0.066,0.046,0.999,-2.28,2.81,1.7,1,imu01,fusion_20260818T184228Z,2772,85251677,570220974092220
570221000000000,85271,0.061,0.043,0.997,-1.45,2.01,1.44,1,imu01,fusion_20260818T184228Z,2773,85271681,570220994095561
570221031000000,85291,0.061,0.048,1.0,-1.71,1.03,1.46,1,imu01,fusion_20260818T184228Z,2774,85291677,570221014090902
570221046000000,85311,0.063,0.032,1.008,-1.3,0.54,1.6,1,imu01,fusion_20260818T184228Z,2775,85311681,570221034094244
570221062000000,85331,0.059,0.041,0.998,0.68,-0.21,0.23,1,imu01,fusion_20260818T184228Z,2776,85331677,570221054089585
570221078000000,85351,0.069,0.052,1.023,-1.65,1.49,-1.05,1,imu01,fusion_20260818T184228Z,2777,85351681,570221074092926
570221109000000,85371,0.068,0.036,1.012,-1.45,1.28,-1.92,1,imu01,fusion_20260818T184228Z,2778,85371677,570221094088268
570221125000000,85391,0.06,0.037,0.98,-1.42,-0.2,-1.76,1,imu01,fusion_20260818T184228Z,2779,85391681,570221114091609
570221140000000,85411,0.051,0.04,1.004,-3.47,1.69,-1.05,1,imu01,fusion_20260818T184228Z,2780,85411677,570221134086951
570221171000000,85431,0.057,0.029,0.997,0.15,0.2,-0.75,1,imu01,fusion_20260818T184228Z,2781,85431681,570221154090292
570221187000000,85451,0.06,0.045,0.988,2.1,-0.22,-1.8,1,imu01,fusion_20260818T184228Z,2782,85451677,570221174085634
570221203000000,85471,0.057,0.025,0.989,-1.12,0.38,-0.35,1,imu01,fusion_20260818T184228Z,2783,85471681,570221194088975
570221218000000,85491,0.06,0.039,0.996,-2.19,0.67,-0.34,1,imu01,fusion_20260818T184228Z,2784,85491677,570221214084316
570221250000000,85511,0.06,0.058,0.99,-1.54,0.85,-1.72,1,imu01,fusion_20260818T184228Z,2785,85511681,570221234087658
570221265000000,85531,0.057,0.055,1.015,-3.2,2.03,-1.36,1,imu01,fusion_20260818T184228Z,2786,85531677,570221254082999
570221281000000,85551,0.053,0.042,1.002,-1.09,-0.08,-0.27,1,imu01,fusion_20260818T184228Z,2787,85551681,570221274086340
570221296000000,85571,0.05,0.026,0.979,0.88,-1.22,-0.5,1,imu01,fusion_20260818T184228Z,2788,85571677,570221294081682
570221328000000,85591,0.061,0.056,0.997,-2.77,0.85,-0.81,1,imu01,fusion_20260818T184228Z,2789,85591681,570221314085023
570221343000000,85611,0.065,0.05,1.016,-3.99,1.46,-0.43,1,imu01,fusion_20260818T184228Z,2790,85611677,570221334080365
570221359000000,85631,0.06,0.048,0.992,-0.59,-0.0,-0.36,1,imu01,fusion_20260818T184228Z,2791,85631681,570221354083706
570221390000000,85651,0.062,0.03,0.998,-1.35,0.28,0.73,1,imu01,fusion_20260818T184228Z,2792,85651677,570221374079047
570221406000000,85671,0.056,0.046,0.998,-0.97,0.85,-0.83,1,imu01,fusion_20260818T184228Z,2793,85671681,570221394082389
570221421000000,85691,0.065,0.043,1.007,0.67,0.91,-1.23,1,imu01,fusion_20260818T184228Z,2794,85691677,570221414077730
570221437000000,85711,0.059,0.038,0.995,1.16,0.3,-0.79,1,imu01,fusion_20260818T184228Z,2795,85711681,570221434081071
570221468000000,85731,0.057,0.042,0.994,-0.48,-0.37,0.65,1,imu01,fusion_20260818T184228Z,2796,85731677,570221454076413
570221484000000,85751,0.051,0.03,0.974,-1.67,-0.81,1.59,1,imu01,fusion_20260818T184228Z,2797,85751681,570221474079754
570221500000000,85771,0.059,0.026,0.986,-1.04,0.07,0.79,1,imu01,fusion_20260818T184228Z,2798,85771677,570221494075096
570221531000000,85791,0.048,-0.006,0.985,0.62,0.6,0.21,1,imu01,fusion_20260818T184228Z,2799,85791681,570221514078437
570221546000000,85811,0.051,0.023,1.015,0.2,2.19,-1.65,1,imu01,fusion_20260818T184228Z,2800,85811677,570221534073778
570221562000000,85831,0.051,0.057,1.009,0.31,1.53,-4.01,1,imu01,fusion_20260818T184228Z,2801,85831681,570221554077120
570221578000000,85851,0.05,0.052,0.994,-0.52,0.86,-2.97,1,imu01,fusion_20260818T184228Z,2802,85851677,570221574072461
570221609000000,85871,0.038,0.077,1.001,-1.43,2.11,-2.66,1,imu01,fusion_20260818T184228Z,2803,85871681,570221594075802
570221625000000,85891,0.049,0.055,0.991,-0.03,0.5,-1.15,1,imu01,fusion_20260818T184228Z,2804,85891677,570221614071144
570221640000000,85911,0.044,0.055,0.994,-1.14,-0.32,0.37,1,imu01,fusion_20260818T184228Z,2805,85911681,570221634074485
570221656000000,85931,0.049,0.045,0.985,-0.69,-1.12,1.44,1,imu01,fusion_20260818T184228Z,2806,85931677,570221654069827
570221687000000,85951,0.061,0.049,0.996,-1.74,0.21,2.11,1,imu01,fusion_20260818T184228Z,2807,85951681,570221674073168
570221703000000,85971,0.056,0.044,0.995,1.27,-0.91,1.79,1,imu01,fusion_20260818T184228Z,2808,85971677,570221694068509
570221718000000,85991,0.059,0.046,1.005,0.01,-0.22,1.63,1,imu01,fusion_20260818T184228Z,2809,85991681,570221714071851
570221750000000,86011,0.062,0.042,1.006,-1.6,0.55,0.71,1,imu01,fusion_20260818T184228Z,2810,86011677,570221734067192
570221765000000,86031,0.047,0.044,0.986,-1.43,0.19,0.5,1,imu01,fusion_20260818T184228Z,2811,86031681,570221754070533
570221781000000,86051,0.053,0.044,0.999,-2.12,1.88,1.83,1,imu01,fusion_20260818T184228Z,2812,86051677,570221774065875
570221796000000,86071,0.046,0.022,0.988,0.51,1.84,1.8,1,imu01,fusion_20260818T184228Z,2813,86071681,570221794069216
570221828000000,86091,0.055,0.019,1.01,-2.5,3.88,1.18,1,imu01,fusion_20260818T184228Z,2814,86091677,570221814064558
570221843000000,86111,0.047,0.024,1.01,-2.55,2.39,0.05,1,imu01,fusion_20260818T184228Z,2815,86111681,570221834067899
570221859000000,86131,0.051,0.039,1.005,-1.4,0.87,-0.56,1,imu01,fusion_20260818T184228Z,2816,86131677,570221854063240
570221890000000,86151,0.055,0.031,1.012,0.2,0.41,-0.18,1,imu01,fusion_20260818T184228Z,2817,86151679,570221874064582
570221906000000,86171,0.063,0.005,1.01,1.63,-0.55,0.14,1,imu01,fusion_20260818T184228Z,2818,86171677,570221894061923
570221921000000,86191,0.05,0.031,0.987,1.1,-2.13,-0.62,1,imu01,fusion_20260818T184228Z,2819,86191681,570221914065264
570221937000000,86211,0.054,0.036,0.989,0.91,-1.68,-1.0,1,imu01,fusion_20260818T184228Z,2820,86211677,570221934060606
570221968000000,86231,0.045,0.033,0.987,-0.05,-0.52,-0.22,1,imu01,fusion_20260818T184228Z,2821,86231681,570221954063947
570221984000000,86251,0.051,0.05,0.994,-1.45,0.54,-0.27,1,imu01,fusion_20260818T184228Z,2822,86251677,570221974059289
570222000000000,86271,0.042,0.02,0.969,-0.59,-0.61,0.44,1,imu01,fusion_20260818T184228Z,2823,86271681,570221994062630
570222031000000,86291,0.05,0.057,0.978,-1.75,1.2,-0.05,1,imu01,fusion_20260818T184228Z,2824,86291677,570222014057971
570222046000000,86311,0.053,0.047,0.983,-1.14,2.35,0.89,1,imu01,fusion_20260818T184228Z,2825,86311681,570222034061313
570222062000000,86331,0.057,0.046,1.011,-0.1,2.53,1.37,1,imu01,fusion_20260818T184228Z,2826,86331677,570222054056654
570222078000000,86351,0.047,0.021,1.012,0.99,0.27,1.66,1,imu01,fusion_20260818T184228Z,2827,86351681,570222074059995
570222109000000,86371,0.047,0.054,1.005,0.43,0.11,-0.21,1,imu01,fusion_20260818T184228Z,2828,86371677,570222094055337
570222125000000,86391,0.054,0.049,1.004,-1.84,1.1,2.28,1,imu01,fusion_20260818T184228Z,2829,86391681,570222114058678
570222140000000,86411,0.052,0.023,1.002,-3.51,1.68,4.41,1,imu01,fusion_20260818T184228Z,2830,86411677,570222134054020
570222171000000,86431,0.058,0.023,1.01,-3.19,0.83,4.42,1,imu01,fusion_20260818T184228Z,2831,86431681,570222154057361
570222187000000,86451,0.043,0.007,1.001,-1.54,-0.97,3.9,1,imu01,fusion_20260818T184228Z,2832,86451677,570222174052702
570222203000000,86471,0.041,0.009,0.991,-1.33,0.11,1.37,1,imu01,fusion_20260818T184228Z,2833,86471681,570222194056044
570222218000000,86491,0.045,0.001,0.993,1.13,0.44,-0.91,1,imu01,fusion_20260818T184228Z,2834,86491677,570222214051385
570222250000000,86511,0.05,0.021,1.008,-0.06,2.31,-1.93,1,imu01,fusion_20260818T184228Z,2835,86511681,570222234054726
570222265000000,86531,0.059,0.039,1.011,-0.07,2.25,-2.64,1,imu01,fusion_20260818T184228Z,2836,86531677,570222254050068
570222281000000,86551,0.05,0.05,1.004,-0.77,1.85,-2.52,1,imu01,fusion_20260818T184228Z,2837,86551681,570222274053409
570222296000000,86571,0.049,0.043,1.004,-2.03,1.6,-0.52,1,imu01,fusion_20260818T184228Z,2838,86571677,570222294048751
570222328000000,86591,0.043,0.042,1.016,-1.04,0.23,1.11,1,imu01,fusion_20260818T184228Z,2839,86591681,570222314052092
570222343000000,86611,0.043,0.04,1.013,-0.43,-1.01,1.88,1,imu01,fusion_20260818T184228Z,2840,86611677,570222334047433
570222359000000,86631,0.035,0.031,0.989,-0.67,-1.56,2.11,1,imu01,fusion_20260818T184228Z,2841,86631681,570222354050775
570222390000000,86651,0.047,0.039,1.009,-1.25,-1.03,1.42,1,imu01,fusion_20260818T184228Z,2842,86651677,570222374046116
570222406000000,86671,0.047,0.029,0.993,-1.33,-0.94,1.39,1,imu01,fusion_20260818T184228Z,2843,86671681,570222394049457
570222421000000,86691,0.043,0.029,0.994,-1.69,0.55,0.54,1,imu01,fusion_20260818T184228Z,2844,86691677,570222414044799
570222437000000,86711,0.05,0.022,0.988,-0.62,0.19,1.02,1,imu01,fusion_20260818T184228Z,2845,86711681,570222434048140
570222468000000,86731,0.048,0.028,0.991,-0.39,-0.4,1.9,1,imu01,fusion_20260818T184228Z,2846,86731677,570222454043482
570222484000000,86751,0.045,0.023,0.987,-0.0,0.03,1.56,1,imu01,fusion_20260818T184228Z,2847,86751681,570222474046823
570222500000000,86771,0.049,0.024,1.008,-1.58,0.97,1.85,1,imu01,fusion_20260818T184228Z,2848,86771677,570222494042164
570222531000000,86791,0.046,0.005,1.001,-0.51,1.53,1.29,1,imu01,fusion_20260818T184228Z,2849,86791681,570222514045506
570222546000000,86811,0.045,0.004,1.004,-0.66,1.32,0.06,1,imu01,fusion_20260818T184228Z,2850,86811677,570222534040847
570222562000000,86831,0.05,0.014,1.019,-1.76,1.24,-0.43,1,imu01,fusion_20260818T184228Z,2851,86831681,570222554044188
570222578000000,86851,0.046,0.016,1.008,-0.65,0.01,-0.81,1,imu01,fusion_20260818T184228Z,2852,86851677,570222574039530
570222609000000,86871,0.053,0.028,1.02,-0.7,-0.16,-1.7,1,imu01,fusion_20260818T184228Z,2853,86871681,570222594042871
570222625000000,86891,0.049,0.022,0.989,0.42,-1.39,-1.98,1,imu01,fusion_20260818T184228Z,2854,86891677,570222614038213
570222640000000,86911,0.04,0.041,0.991,1.52,-0.92,-2.44,1,imu01,fusion_20260818T184228Z,2855,86911681,570222634041554
570222671000000,86931,0.048,0.037,0.994,-0.4,0.36,-0.98,1,imu01,fusion_20260818T184228Z,2856,86931677,570222654036896
570222687000000,86951,0.037,0.043,0.965,-0.43,0.36,-0.6,1,imu01,fusion_20260818T184228Z,2857,86951681,570222674040237
570222703000000,86971,0.043,0.045,0.986,-1.28,1.1,0.25,1,imu01,fusion_20260818T184228Z,2858,86971677,570222694035578
570222718000000,86991,0.046,0.043,0.983,-1.64,1.41,1.76,1,imu01,fusion_20260818T184228Z,2859,86991681,570222714038920
570222750000000,87011,0.046,0.03,0.98,-1.45,1.57,2.13,1,imu01,fusion_20260818T184228Z,2860,87011677,570222734034261
570222765000000,87031,0.051,0.037,0.985,-1.18,2.45,2.41,1,imu01,fusion_20260818T184228Z,2861,87031681,570222754037602
570222781000000,87051,0.05,0.028,1.009,-2.57,5.29,2.78,1,imu01,fusion_20260818T184228Z,2862,87051677,570222774032944
570222796000000,87071,0.038,0.039,1.006,-1.86,4.04,2.57,1,imu01,fusion_20260818T184228Z,2863,87071681,570222794036285
570222828000000,87091,0.036,0.038,1.023,0.72,3.0,2.46,1,imu01,fusion_20260818T184228Z,2864,87091677,570222814031626
570222843000000,87111,0.035,0.027,1.018,1.78,2.7,2.02,1,imu01,fusion_20260818T184228Z,2865,87111681,570222834034968
570222859000000,87131,0.045,0.041,1.026,0.04,2.0,1.44,1,imu01,fusion_20260818T184228Z,2866,87131677,570222854030309
570222890000000,87151,0.036,0.036,0.998,-1.41,1.34,1.5,1,imu01,fusion_20260818T184228Z,2867,87151681,570222874033650
570222906000000,87171,0.045,0.018,0.995,0.01,0.37,1.66,1,imu01,fusion_20260818T184228Z,2868,87171677,570222894028992
570222921000000,87191,0.042,0.012,1.007,-0.73,0.2,2.03,1,imu01,fusion_20260818T184228Z,2869,87191681,570222914032333
570222937000000,87211,0.039,-0.007,0.991,0.47,-0.93,0.38,1,imu01,fusion_20260818T184228Z,2870,87211677,570222934027675
570222968000000,87231,0.04,0.014,0.982,-2.9,0.61,-0.33,1,imu01,fusion_20260818T184228Z,2871,87231681,570222954031016
570222984000000,87251,0.036,0.016,0.985,-2.33,1.2,-0.07,1,imu01,fusion_20260818T184228Z,2872,87251677,570222974026358
570223000000000,87271,0.044,0.018,1.005,-1.41,2.33,-0.1,1,imu01,fusion_20260818T184228Z,2873,87271681,570222994029699
570223031000000,87291,0.041,0.019,1.001,-0.32,1.85,-0.43,1,imu01,fusion_20260818T184228Z,2874,87291677,570223014025040
570223046000000,87311,0.016,0.015,0.97,0.75,0.95,-0.77,1,imu01,fusion_20260818T184228Z,2875,87311681,570223034028382
570223062000000,87331,0.037,0.035,1.004,-0.9,2.94,-1.16,1,imu01,fusion_20260818T184228Z,2876,87331677,570223054023723
570223078000000,87351,0.032,0.046,0.994,0.46,3.71,-1.62,1,imu01,fusion_20260818T184228Z,2877,87351681,570223074027064
570223109000000,87371,0.037,0.047,1.002,4.14,3.25,-2.03,1,imu01,fusion_20260818T184228Z,2878,87371677,570223094022406
570223125000000,87391,0.032,0.025,0.991,2.23,2.26,-0.24,1,imu01,fusion_20260818T184228Z,2879,87391681,570223114025747
570223140000000,87411,0.036,0.041,1.015,-1.01,1.41,1.58,1,imu01,fusion_20260818T184228Z,2880,87411677,570223134021088
570223171000000,87431,0.035,0.019,1.001,-0.65,-1.12,3.39,1,imu01,fusion_20260818T184228Z,2881,87431681,570223154024430
570223187000000,87451,0.04,0.014,1.011,-1.92,-0.27,3.48,1,imu01,fusion_20260818T184228Z,2882,87451677,570223174019771
570223203000000,87471,0.044,0.012,1.011,-1.41,0.31,2.53,1,imu01,fusion_20260818T184228Z,2883,87471681,570223194023112
570223218000000,87491,0.023,0.012,0.984,0.29,-0.51,1.11,1,imu01,fusion_20260818T184228Z,2884,87491677,570223214018454
570223250000000,87511,0.037,0.018,1.006,-0.14,1.51,0.53,1,imu01,fusion_20260818T184228Z,2885,87511681,570223234021795
570223265000000,87531,0.043,0.012,1.01,0.12,1.45,0.15,1,imu01,fusion_20260818T184228Z,2886,87531677,570223254017137
570223281000000,87551,0.027,0.036,0.988,-0.4,0.2,-0.26,1,imu01,fusion_20260818T184228Z,2887,87551681,570223274020478
570223296000000,87571,0.035,0.044,1.002,-0.63,0.27,0.89,1,imu01,fusion_20260818T184228Z,2888,87571677,570223294015820
570223328000000,87591,0.029,0.023,1.01,0.08,0.16,2.03,1,imu01,fusion_20260818T184228Z,2889,87591681,570223314019161
570223343000000,87611,0.035,0.03,1.0,1.86,0.23,0.74,1,imu01,fusion_20260818T184228Z,2890,87611677,570223334014502
570223359000000,87631,0.037,0.011,0.996,-0.0,0.23,1.3,1,imu01,fusion_20260818T184228Z,2891,87631681,570223354017844
570223390000000,87651,0.033,0.032,0.99,-0.99,0.93,0.92,1,imu01,fusion_20260818T184228Z,2892,87651677,570223374013185
570223406000000,87671,0.023,0.014,0.983,-0.27,1.3,1.63,1,imu01,fusion_20260818T184228Z,2893,87671681,570223394016526
570223421000000,87691,0.035,0.026,1.01,-1.07,2.95,0.95,1,imu01,fusion_20260818T184228Z,2894,87691677,570223414011868
570223437000000,87711,0.03,0.027,1.005,-0.82,1.78,0.79,1,imu01,fusion_20260818T184228Z,2895,87711681,570223434015209
570223468000000,87731,0.033,0.025,1.014,0.1,0.58,1.47,1,imu01,fusion_20260818T184228Z,2896,87731677,570223454010550
570223484000000,87751,0.031,0.013,1.019,2.62,-0.37,1.47,1,imu01,fusion_20260818T184228Z,2897,87751681,570223474013892
570223500000000,87771,0.028,0.017,0.993,3.04,-1.17,0.55,1,imu01,fusion_20260818T184228Z,2898,87771677,570223494009233
570223531000000,87791,0.029,0.009,1.012,1.05,-0.6,0.44,1,imu01,fusion_20260818T184228Z,2899,87791681,570223514012574
570223546000000,87811,0.032,0.0,1.001,1.53,-1.19,-0.79,1,imu01,fusion_20260818T184228Z,2900,87811677,570223534007916
570223562000000,87831,0.033,0.025,1.012,-2.65,0.71,-0.98,1,imu01,fusion_20260818T184228Z,2901,87831681,570223554011257
570223578000000,87851,0.029,0.015,0.997,-1.96,0.21,-0.69,1,imu01,fusion_20260818T184228Z,2902,87851677,570223574006599
570223609000000,87871,0.023,0.036,0.997,-0.65,0.31,-1.06,1,imu01,fusion_20260818T184228Z,2903,87871681,570223594009940
570223625000000,87891,0.03,0.042,0.997,-0.4,0.23,-1.29,1,imu01,fusion_20260818T184228Z,2904,87891677,570223614005282
570223640000000,87911,0.028,0.044,0.986,-0.51,0.35,-1.11,1,imu01,fusion_20260818T184228Z,2905,87911681,570223634008623
570223656000000,87931,0.021,0.042,0.967,-0.19,0.29,-0.44,1,imu01,fusion_20260818T184228Z,2906,87931677,570223654003964
570223687000000,87951,0.027,0.032,0.981,-0.65,1.18,0.95,1,imu01,fusion_20260818T184228Z,2907,87951681,570223674007306
570223703000000,87971,0.037,0.045,0.999,-1.02,1.67,1.18,1,imu01,fusion_20260818T184228Z,2908,87971677,570223694002647
570223718000000,87991,0.035,0.033,1.002,-0.33,1.36,1.53,1,imu01,fusion_20260818T184228Z,2909,87991681,570223714005988
570223750000000,88011,0.031,0.039,1.011,0.13,1.34,1.18,1,imu01,fusion_20260818T184228Z,2910,88011677,570223734001330
570223765000000,88031,0.025,0.028,1.008,-1.3,0.53,2.57,1,imu01,fusion_20260818T184228Z,2911,88031681,570223754004671
570223781000000,88051,0.025,0.019,1.002,-1.12,0.78,2.66,1,imu01,fusion_20260818T184228Z,2912,88051677,570223774000012
570223796000000,88071,0.023,0.005,0.983,-0.8,1.74,1.91,1,imu01,fusion_20260818T184228Z,2913,88071681,570223794003354
570223828000000,88091,0.029,0.028,1.001,-1.56,2.06,1.56,1,imu01,fusion_20260818T184228Z,2914,88091677,570223813998695
570223843000000,88111,0.027,0.004,1.006,0.19,0.91,2.29,1,imu01,fusion_20260818T184228Z,2915,88111681,570223834002036
570223859000000,88131,0.02,0.001,0.997,0.59,0.6,2.12,1,imu01,fusion_20260818T184228Z,2916,88131677,570223853997378
570223890000000,88151,0.025,0.019,1.01,-1.44,0.87,1.89,1,imu01,fusion_20260818T184228Z,2917,88151679,570223873998719
570223906000000,88171,0.019,0.008,1.004,-2.06,0.55,2.12,1,imu01,fusion_20260818T184228Z,2918,88171677,570223893996061
570223921000000,88191,0.039,0.024,1.014,-0.09,1.23,-0.18,1,imu01,fusion_20260818T184228Z,2919,88191681,570223913999402
570223937000000,88211,0.031,0.009,1.003,1.03,0.78,-0.58,1,imu01,fusion_20260818T184228Z,2920,88211677,570223933994744
570223968000000,88231,0.027,0.019,1.005,-0.78,0.36,-0.5,1,imu01,fusion_20260818T184228Z,2921,88231681,570223953998085
570223984000000,88251,0.02,0.017,0.992,-1.78,-0.77,0.75,1,imu01,fusion_20260818T184228Z,2922,88251677,570223973993426
570224000000000,88271,0.021,0.014,0.998,-2.53,0.44,0.33,1,imu01,fusion_20260818T184228Z,2923,88271681,570223993996768
570224031000000,88291,0.035,0.011,1.015,-2.19,1.1,-0.91,1,imu01,fusion_20260818T184228Z,2924,88291677,570224013992109
570224046000000,88311,0.021,0.007,1.002,-0.7,-1.05,-1.87,1,imu01,fusion_20260818T184228Z,2925,88311681,570224033995450
570224062000000,88331,0.028,0.037,1.007,-1.34,-0.5,-1.97,1,imu01,fusion_20260818T184228Z,2926,88331677,570224053990792
570224078000000,88351,0.024,0.018,1.004,-0.48,-0.78,-0.62,1,imu01,fusion_20260818T184228Z,2927,88351681,570224073994133
570224109000000,88371,0.022,0.017,0.99,0.68,-0.84,-0.53,1,imu01,fusion_20260818T184228Z,2928,88371677,570224093989475
570224125000000,88391,0.027,0.004,1.006,-1.35,0.11,0.03,1,imu01,fusion_20260818T184228Z,2929,88391681,570224113992816
570224140000000,88411,0.024,0.019,1.008,1.34,-0.87,-1.85,1,imu01,fusion_20260818T184228Z,2930,88411677,570224133988157
570224156000000,88431,0.026,0.008,0.992,0.93,-0.88,-1.99,1,imu01,fusion_20260818T184228Z,2931,88431681,570224153991499
570224187000000,88451,0.032,0.024,1.004,1.84,-0.67,-2.3,1,imu01,fusion_20260818T184228Z,2932,88451677,570224173986840
570224203000000,88471,0.019,0.01,0.998,2.43,-1.88,-1.09,1,imu01,fusion_20260818T184228Z,2933,88471681,570224193990181
570224218000000,88491,0.025,0.024,1.017,1.68,-1.48,-1.27,1,imu01,fusion_20260818T184228Z,2934,88491677,570224213985523
570224250000000,88511,0.025,-0.008,1.001,1.2,-1.86,-1.06,1,imu01,fusion_20260818T184228Z,2935,88511681,570224233988864
570224265000000,88531,0.032,0.024,1.001,1.39,-1.69,-2.71,1,imu01,fusion_20260818T184228Z,2936,88531677,570224253984206
570224281000000,88551,0.032,0.02,0.994,-0.28,-0.84,-2.54,1,imu01,fusion_20260818T184228Z,2937,88551681,570224273987547
570224296000000,88571,0.037,0.042,1.0,-0.26,-0.12,-3.02,1,imu01,fusion_20260818T184228Z,2938,88571677,570224293982888
570224328000000,88591,0.024,0.024,0.988,2.31,-1.62,-2.24,1,imu01,fusion_20260818T184228Z,2939,88591681,570224313986230
570224343000000,88611,0.025,0.025,0.982,1.62,-1.59,-2.0,1,imu01,fusion_20260818T184228Z,2940,88611677,570224333981571
570224359000000,88631,0.024,0.024,0.976,-1.08,-0.91,-0.65,1,imu01,fusion_20260818T184228Z,2941,88631681,570224353984912
570224390000000,88651,0.029,0.034,0.969,-0.22,-0.65,-1.08,1,imu01,fusion_20260818T184228Z,2942,88651677,570224373980254
570224406000000,88671,0.02,0.031,0.958,1.01,0.53,-1.0,1,imu01,fusion_20260818T184228Z,2943,88671681,570224393983595
570224421000000,88691,0.036,0.046,0.984,-0.53,2.23,-0.3,1,imu01,fusion_20260818T184228Z,2944,88691677,570224413978937
570224437000000,88711,0.028,0.03,0.985,0.86,1.88,0.32,1,imu01,fusion_20260818T184228Z,2945,88711681,570224433982278
570224468000000,88731,0.024,0.048,0.99,1.71,1.67,0.02,1,imu01,fusion_20260818T184228Z,2946,88731677,570224453977619
570224484000000,88751,0.034,0.044,1.01,0.48,1.92,1.0,1,imu01,fusion_20260818T184228Z,2947,88751681,570224473980961
570224500000000,88771,0.025,0.038,1.004,-1.99,3.53,1.76,1,imu01,fusion_20260818T184228Z,2948,88771677,570224493976302
570224531000000,88791,0.023,0.023,1.02,-2.6,4.49,3.21,1,imu01,fusion_20260818T184228Z,2949,88791681,570224513979643
570224546000000,88811,0.022,0.014,1.038,-2.7,4.14,3.63,1,imu01,fusion_20260818T184228Z,2950,88811677,570224533974985
570224562000000,88831,0.014,0.003,1.053,-2.87,2.72,3.2,1,imu01,fusion_20260818T184228Z,2951,88831681,570224553978326
570224578000000,88851,0.021,-0.008,1.037,-3.42,1.35,2.44,1,imu01,fusion_20260818T184228Z,2952,88851677,570224573973668
570224609000000,88871,0.026,-0.008,1.007,-3.17,-0.76,0.89,1,imu01,fusion_20260818T184228Z,2953,88871681,570224593977009
570224625000000,88891,0.029,0.001,0.983,-2.22,-1.88,-0.13,1,imu01,fusion_20260818T184228Z,2954,88891677,570224613972350
570224640000000,88911,0.039,0.006,1.008,-3.52,-0.99,0.34,1,imu01,fusion_20260818T184228Z,2955,88911681,570224633975692
570224656000000,88931,0.043,-0.01,0.999,-2.25,-2.84,-0.14,1,imu01,fusion_20260818T184228Z,2956,88931677,570224653971033
570224687000000,88951,0.01,0.022,0.946,-0.91,-5.33,-1.6,1,imu01,fusion_20260818T184228Z,2957,88951681,570224673974374
570224703000000,88971,0.011,0.021,0.96,-2.56,-1.58,-1.4,1,imu01,fusion_20260818T184228Z,2958,88971677,570224693969716
570224718000000,88991,0.024,0.032,1.013,0.78,2.41,-2.13,1,imu01,fusion_20260818T184228Z,2959,88991681,570224713973057
570224750000000,89011,0.012,0.008,0.981,3.61,2.02,-1.79,1,imu01,fusion_20260818T184228Z,2960,89011677,570224733968399
570224765000000,89031,0.024,0.035,1.009,-0.29,3.06,-1.6,1,imu01,fusion_20260818T184228Z,2961,89031681,570224753971740
570224781000000,89051,0.014,0.029,1.015,-0.32,1.84,-0.36,1,imu01,fusion_20260818T184228Z,2962,89051677,570224773967081
570224796000000,89071,0.025,0.014,1.024,2.5,1.05,-0.66,1,imu01,fusion_20260818T184228Z,2963,89071681,570224793970423
570224828000000,89091,0.021,0.024,1.024,0.93,0.94,-0.95,1,imu01,fusion_20260818T184228Z,2964,89091677,570224813965764
570224843000000,89111,0.032,0.038,1.022,-2.16,0.58,-0.29,1,imu01,fusion_20260818T184228Z,2965,89111681,570224833969105
570224859000000,89131,0.021,0.034,0.998,-0.77,-0.84,0.41,1,imu01,fusion_20260818T184228Z,2966,89131677,570224853964447
570224890000000,89151,0.026,0.002,0.984,2.94,-1.21,0.46,1,imu01,fusion_20260818T184228Z,2967,89151681,570224873967788
570224906000000,89171,0.037,0.017,0.993,-1.03,-0.14,0.59,1,imu01,fusion_20260818T184228Z,2968,89171677,570224893963130
570224921000000,89191,0.015,0.028,0.993,-0.83,-0.32,0.33,1,imu01,fusion_20260818T184228Z,2969,89191681,570224913966471
570224937000000,89211,0.021,0.022,1.004,-0.32,0.83,0.74,1,imu01,fusion_20260818T184228Z,2970,89211677,570224933961812
570224968000000,89231,0.023,0.005,1.011,0.23,0.18,1.41,1,imu01,fusion_20260818T184228Z,2971,89231681,570224953965154
570224984000000,89251,0.036,0.027,1.006,-3.35,-0.61,0.77,1,imu01,fusion_20260818T184228Z,2972,89251677,570224973960495
570225000000000,89271,0.027,0.003,1.003,-7.26,-1.27,1.69,1,imu01,fusion_20260818T184228Z,2973,89271681,570224993963836
570225031000000,89291,0.015,0.043,1.001,-7.07,-1.25,-0.47,1,imu01,fusion_20260818T184228Z,2974,89291677,570225013959178
570225046000000,89311,0.032,0.02,1.02,-5.24,-0.92,-0.4,1,imu01,fusion_20260818T184228Z,2975,89311681,570225033962519
570225062000000,89331,0.026,0.02,1.021,-4.96,0.19,-0.03,1,imu01,fusion_20260818T184228Z,2976,89331677,570225053957861
570225078000000,89351,0.019,-0.011,0.991,-0.77,-1.72,0.5,1,imu01,fusion_20260818T184228Z,2977,89351681,570225073961202
570225109000000,89371,0.012,0.005,0.993,-1.41,0.03,0.59,1,imu01,fusion_20260818T184228Z,2978,89371677,570225093956544
570225125000000,89391,0.037,0.007,1.001,0.45,0.46,0.93,1,imu01,fusion_20260818T184228Z,2979,89391681,570225113959885
570225140000000,89411,0.024,0.002,0.99,1.33,0.02,0.5,1,imu01,fusion_20260818T184228Z,2980,89411677,570225133955226
570225156000000,89431,0.034,0.003,0.972,-1.03,0.1,0.81,1,imu01,fusion_20260818T184228Z,2981,89431681,570225153958568
570225187000000,89451,0.022,0.009,0.985,-0.36,0.87,0.92,1,imu01,fusion_20260818T184228Z,2982,89451677,570225173953909
570225203000000,89471,0.031,0.01,0.99,-0.85,1.36,1.89,1,imu01,fusion_20260818T184228Z,2983,89471681,570225193957250
570225218000000,89491,0.038,0.018,1.009,-1.6,1.83,1.28,1,imu01,fusion_20260818T184228Z,2984,89491677,570225213952592
570225250000000,89511,0.024,0.018,0.991,-0.6,0.92,2.19,1,imu01,fusion_20260818T184228Z,2985,89511681,570225233955933
570225265000000,89531,0.033,0.026,0.982,1.71,0.55,2.01,1,imu01,fusion_20260818T184228Z,2986,89531677,570225253951274
570225281000000,89551,0.019,0.008,1.006,2.14,1.56,2.36,1,imu01,fusion_20260818T184228Z,2987,89551681,570225273954616
570225296000000,89571,0.018,-0.006,1.012,0.56,2.87,1.37,1,imu01,fusion_20260818T184228Z,2988,89571677,570225293949957
570225328000000,89591,0.021,0.003,1.022,-0.42,2.43,0.93,1,imu01,fusion_20260818T184228Z,2989,89591681,570225313953298
570225343000000,89611,0.03,-0.008,1.021,-1.21,1.78,0.21,1,imu01,fusion_20260818T184228Z,2990,89611677,570225333948640
570225359000000,89631,0.027,0.003,1.0,-1.41,0.74,-0.67,1,imu01,fusion_20260818T184228Z,2991,89631681,570225353951981
570225390000000,89651,0.031,0.01,1.005,1.12,0.39,-1.26,1,imu01,fusion_20260818T184228Z,2992,89651677,570225373947323
570225406000000,89671,0.029,0.01,1.017,0.28,-0.3,-0.37,1,imu01,fusion_20260818T184228Z,2993,89671681,570225393950664
570225421000000,89691,0.026,0.006,1.003,-0.14,-0.35,-0.13,1,imu01,fusion_20260818T184228Z,2994,89691677,570225413946006
570225437000000,89711,0.028,0.002,0.988,0.23,-0.24,-0.69,1,imu01,fusion_20260818T184228Z,2995,89711681,570225433949347
570225468000000,89731,0.02,0.017,1.004,-0.59,-0.16,-0.29,1,imu01,fusion_20260818T184228Z,2996,89731677,570225453944688
570225484000000,89751,0.033,0.008,1.01,-0.67,0.27,-0.36,1,imu01,fusion_20260818T184228Z,2997,89751681,570225473948030
570225500000000,89771,0.031,-0.006,1.024,-1.59,-0.48,0.61,1,imu01,fusion_20260818T184228Z,2998,89771677,570225493943371
570225531000000,89791,0.036,0.005,0.989,-2.38,-2.8,0.7,1,imu01,fusion_20260818T184228Z,2999,89791681,570225513946712
570225546000000,89811,0.005,0.029,0.966,-1.8,-5.23,0.83,1,imu01,fusion_20260818T184228Z,3000,89811677,570225533942054
570225562000000,89831,0.013,0.021,0.999,-1.78,-1.92,0.92,1,imu01,fusion_20260818T184228Z,3001,89831681,570225553945395
570225578000000,89851,0.029,0.027,1.021,1.42,0.39,0.05,1,imu01,fusion_20260818T184228Z,3002,89851677,570225573940736
570225609000000,89871,0.019,0.004,1.023,2.76,0.16,0.22,1,imu01,fusion_20260818T184228Z,3003,89871681,570225593944078
570225625000000,89891,0.027,0.016,1.017,-2.06,2.13,0.99,1,imu01,fusion_20260818T184228Z,3004,89891677,570225613939419
570225640000000,89911,0.021,0.023,1.02,-2.02,1.69,1.7,1,imu01,fusion_20260818T184228Z,3005,89911681,570225633942760
570225671000000,89931,0.014,0.001,1.004,1.56,1.07,1.17,1,imu01,fusion_20260818T184228Z,3006,89931677,570225653938102
570225687000000,89951,0.009,-0.002,1.005,-0.99,1.78,1.13,1,imu01,fusion_20260818T184228Z,3007,89951681,570225673941443
570225703000000,89971,0.012,0.016,0.986,-1.39,0.42,0.68,1,imu01,fusion_20260818T184228Z,3008,89971677,570225693936785
570225718000000,89991,0.048,-0.012,0.985,-0.31,0.03,1.04,1,imu01,fusion_20260818T184228Z,3009,89991681,570225713940126
570225750000000,90011,0.04,-0.025,0.995,-0.3,1.65,0.82,1,imu01,fusion_20260818T184228Z,3010,90011677,570225733935468
570225765000000,90031,0.033,-0.009,0.993,-0.5,1.77,1.23,1,imu01,fusion_20260818T184228Z,3011,90031681,570225753938809
570225781000000,90051,0.014,-0.012,1.015,0.26,0.7,1.31,1,imu01,fusion_20260818T184228Z,3012,90051677,570225773934150
570225796000000,90071,0.025,0.007,1.012,1.8,0.03,-0.69,1,imu01,fusion_20260818T184228Z,3013,90071681,570225793937492
570225828000000,90091,0.011,-0.004,1.005,0.85,0.31,-1.17,1,imu01,fusion_20260818T184228Z,3014,90091677,570225813932833
570225843000000,90111,0.015,-0.028,0.988,-0.49,1.62,-0.76,1,imu01,fusion_20260818T184228Z,3015,90111681,570225833936174
570225859000000,90131,0.015,-0.004,0.996,-0.75,1.87,-0.26,1,imu01,fusion_20260818T184228Z,3016,90131677,570225853931516
570225890000000,90151,0.025,0.008,1.005,-0.28,1.24,-0.53,1,imu01,fusion_20260818T184228Z,3017,90151679,570225873932857
570225906000000,90171,0.012,0.01,0.991,0.83,0.68,-0.56,1,imu01,fusion_20260818T184228Z,3018,90171677,570225893930198
570225921000000,90191,0.005,0.004,0.977,1.1,1.01,-0.31,1,imu01,fusion_20260818T184228Z,3019,90191681,570225913933540
570225937000000,90211,0.029,0.006,0.97,0.65,2.32,-0.24,1,imu01,fusion_20260818T184228Z,3020,90211677,570225933928881
570225968000000,90231,0.02,0.027,1.001,-0.43,3.65,-0.02,1,imu01,fusion_20260818T184228Z,3021,90231681,570225953932222
570225984000000,90251,0.006,0.028,1.018,-1.24,4.05,0.21,1,imu01,fusion_20260818T184228Z,3022,90251677,570225973927564
570226000000000,90271,0.001,0.034,1.01,1.76,3.0,0.09,1,imu01,fusion_20260818T184228Z,3023,90271681,570225993930905
570226015000000,90291,0.009,0.003,1.0,3.2,2.83,0.92,1,imu01,fusion_20260818T184228Z,3024,90291677,570226013926247
570226046000000,90311,0.022,0.01,1.022,1.98,3.22,1.42,1,imu01,fusion_20260818T184228Z,3025,90311681,570226033929588
570226062000000,90331,0.01,0.012,0.996,1.06,2.73,1.7,1,imu01,fusion_20260818T184228Z,3026,90331677,570226053924930
570226078000000,90351,-0.007,-0.004,1.024,-1.09,3.31,2.11,1,imu01,fusion_20260818T184228Z,3027,90351681,570226073928271
570226109000000,90371,0.014,0.026,1.053,-0.04,1.85,2.21,1,imu01,fusion_20260818T184228Z,3028,90371677,570226093923612
570226125000000,90391,0.013,-0.014,1.022,1.29,-0.43,1.78,1,imu01,fusion_20260818T184228Z,3029,90391681,570226113926954
570226140000000,90411,0.005,-0.02,0.987,-0.43,0.02,1.4,1,imu01,fusion_20260818T184228Z,3030,90411677,570226133922295
570226156000000,90431,0.011,-0.018,1.016,0.41,1.0,0.63,1,imu01,fusion_20260818T184228Z,3031,90431681,570226153925636
570226187000000,90451,0.03,-0.022,1.011,4.1,-0.98,-0.69,1,imu01,fusion_20260818T184228Z,3032,90451677,570226173920978
570226203000000,90471,0.014,-0.001,1.013,1.37,-0.58,-0.55,1,imu01,fusion_20260818T184228Z,3033,90471681,570226193924319
570226218000000,90491,0.013,0.008,1.005,-2.49,0.65,0.24,1,imu01,fusion_20260818T184228Z,3034,90491677,570226213919660
570226250000000,90511,-0.012,-0.001,0.986,-1.32,-0.83,0.73,1,imu01,fusion_20260818T184228Z,3035,90511681,570226233923002
570226265000000,90531,0.019,0.024,0.999,-1.49,0.03,-0.5,1,imu01,fusion_20260818T184228Z,3036,90531677,570226253918343
570226281000000,90551,0.008,0.015,0.997,-1.61,0.69,-0.67,1,imu01,fusion_20260818T184228Z,3037,90551681,570226273921684
570226296000000,90571,0.01,0.002,1.013,0.94,-0.06,-1.15,1,imu01,fusion_20260818T184228Z,3038,90571677,570226293917026
570226328000000,90591,0.009,0.017,0.995,2.25,-0.54,-1.05,1,imu01,fusion_20260818T184228Z,3039,90591681,570226313920367
570226343000000,90611,0.011,0.023,1.016,-1.54,1.75,-0.82,1,imu01,fusion_20260818T184228Z,3040,90611677,570226333915709
570226359000000,90631,0.007,0.028,1.005,-0.96,0.6,0.15,1,imu01,fusion_20260818T184228Z,3041,90631681,570226353919050
570226390000000,90651,-0.01,0.012,0.995,-0.87,-0.51,0.78,1,imu01,fusion_20260818T184228Z,3042,90651677,570226373914392
570226406000000,90671,-0.001,0.025,1.008,-0.27,0.52,0.06,1,imu01,fusion_20260818T184228Z,3043,90671681,570226393917733
570226421000000,90691,0.002,-0.002,1.005,0.91,0.64,0.34,1,imu01,fusion_20260818T184228Z,3044,90691677,570226413913074
570226437000000,90711,0.025,0.024,1.02,1.16,0.03,-0.13,1,imu01,fusion_20260818T184228Z,3045,90711681,570226433916416
570226468000000,90731,0.013,0.008,1.004,1.25,-1.42,0.59,1,imu01,fusion_20260818T184228Z,3046,90731677,570226453911757
570226484000000,90751,0.007,-0.0,1.034,-1.0,-0.43,1.07,1,imu01,fusion_20260818T184228Z,3047,90751681,570226473915098
570226500000000,90771,-0.002,0.002,0.994,0.04,-0.52,0.15,1,imu01,fusion_20260818T184228Z,3048,90771677,570226493910440
570226531000000,90791,0.015,-0.017,1.018,-1.87,1.1,0.4,1,imu01,fusion_20260818T184228Z,3049,90791681,570226513913781
570226546000000,90811,0.005,-0.001,1.005,-1.35,0.55,-0.34,1,imu01,fusion_20260818T184228Z,3050,90811677,570226533909123
570226562000000,90831,0.008,0.01,0.992,0.67,-1.11,-0.43,1,imu01,fusion_20260818T184228Z,3051,90831681,570226553912464
570226578000000,90851,0.001,0.016,1.005,0.98,-0.22,-0.95,1,imu01,fusion_20260818T184228Z,3052,90851677,570226573907805
570226609000000,90871,0.008,-0.001,1.007,-1.02,0.32,0.19,1,imu01,fusion_20260818T184228Z,3053,90871681,570226593911147
570226625000000,90891,0.005,0.016,1.008,-0.99,-0.26,0.89,1,imu01,fusion_20260818T184228Z,3054,90891677,570226613906488
570226640000000,90911,0.002,-0.017,0.983,1.49,-1.45,0.49,1,imu01,fusion_20260818T184228Z,3055,90911681,570226633909829
570226656000000,90931,0.021,-0.007,1.002,0.65,0.51,-0.72,1,imu01,fusion_20260818T184228Z,3056,90931677,570226653905171
570226687000000,90951,0.02,0.01,1.012,-0.33,1.5,-0.32,1,imu01,fusion_20260818T184228Z,3057,90951681,570226673908512
570226703000000,90971,-0.002,0.011,1.0,0.8,0.03,-0.25,1,imu01,fusion_20260818T184228Z,3058,90971677,570226693903854
570226718000000,90991,0.013,0.026,1.033,-0.55,0.61,-0.72,1,imu01,fusion_20260818T184228Z,3059,90991681,570226713907195
570226750000000,91011,-0.002,0.025,1.001,-0.42,-0.46,-0.27,1,imu01,fusion_20260818T184228Z,3060,91011677,570226733902536
570226765000000,91031,0.012,0.024,1.003,1.68,-0.18,-0.56,1,imu01,fusion_20260818T184228Z,3061,91031681,570226753905878
570226781000000,91051,0.016,0.024,1.011,-1.38,1.59,0.11,1,imu01,fusion_20260818T184228Z,3062,91051677,570226773901219
570226796000000,91071,0.003,0.007,1.007,-1.0,-0.09,0.87,1,imu01,fusion_20260818T184228Z,3063,91071681,570226793904560
570226828000000,91091,-0.01,0.002,0.99,-1.8,-0.89,0.84,1,imu01,fusion_20260818T184228Z,3064,91091677,570226813899902
570226843000000,91111,0.031,0.01,1.0,0.31,-0.17,0.24,1,imu01,fusion_20260818T184228Z,3065,91111681,570226833903243
570226859000000,91131,0.022,-0.015,0.998,1.07,-0.87,0.88,1,imu01,fusion_20260818T184228Z,3066,91131677,570226853898585
570226890000000,91151,0.019,-0.001,1.002,0.65,-0.77,-0.82,1,imu01,fusion_20260818T184228Z,3067,91151681,570226873901926
570226906000000,91171,0.003,0.001,0.972,-2.39,-0.73,-0.53,1,imu01,fusion_20260818T184228Z,3068,91171677,570226893897267
570226921000000,91191,0.012,0.012,1.012,-2.71,0.13,0.12,1,imu01,fusion_20260818T184228Z,3069,91191681,570226913900609
570226937000000,91211,0.008,0.013,1.007,0.36,0.39,-0.28,1,imu01,fusion_20260818T184228Z,3070,91211677,570226933895950
570226968000000,91231,0.011,0.006,1.008,1.59,1.42,0.15,1,imu01,fusion_20260818T184228Z,3071,91231681,570226953899291
570226984000000,91251,0.011,0.011,1.025,-0.04,1.89,-0.38,1,imu01,fusion_20260818T184228Z,3072,91251677,570226973894633
570227000000000,91271,0.014,0.014,1.018,-0.87,0.95,-0.12,1,imu01,fusion_20260818T184228Z,3073,91271681,570226993897974
570227031000000,91291,0.008,0.013,1.007,-1.02,0.54,0.06,1,imu01,fusion_20260818T184228Z,3074,91291677,570227013893316
570227046000000,91311,0.01,0.021,1.009,1.09,0.41,-0.77,1,imu01,fusion_20260818T184228Z,3075,91311681,570227033896657
570227062000000,91331,0.004,0.008,0.999,1.09,-0.03,-0.15,1,imu01,fusion_20260818T184228Z,3076,91331677,570227053891998
570227078000000,91351,0.012,0.019,1.003,0.61,-0.68,0.06,1,imu01,fusion_20260818T184228Z,3077,91351681,570227073895340
570227109000000,91371,0.014,0.006,0.976,-1.49,-0.78,0.99,1,imu01,fusion_20260818T184228Z,3078,91371677,570227093890681
570227125000000,91391,-0.001,0.013,0.982,-0.77,0.52,0.38,1,imu01,fusion_20260818T184228Z,3079,91391681,570227113894022
570227140000000,91411,0.009,0.014,0.991,-1.34,2.65,0.76,1,imu01,fusion_20260818T184228Z,3080,91411677,570227133889364
570227171000000,91431,0.005,0.011,0.992,0.52,1.63,0.82,1,imu01,fusion_20260818T184228Z,3081,91431681,570227153892705
570227187000000,91451,0.005,0.007,0.996,-2.01,2.0,1.99,1,imu01,fusion_20260818T184228Z,3082,91451677,570227173888047
570227203000000,91471,0.001,0.021,1.003,-3.56,2.73,2.73,1,imu01,fusion_20260818T184228Z,3083,91471681,570227193891388
570227218000000,91491,0.01,-0.0,1.012,-1.61,2.94,2.76,1,imu01,fusion_20260818T184228Z,3084,91491677,570227213886729
570227250000000,91511,0.01,-0.004,1.015,-0.03,2.53,1.28,1,imu01,fusion_20260818T184228Z,3085,91511681,570227233890071
570227265000000,91531,0.003,-0.008,1.007,1.77,0.22,0.31,1,imu01,fusion_20260818T184228Z,3086,91531677,570227253885412
570227281000000,91551,0.004,0.004,0.998,0.92,-0.3,-0.03,1,imu01,fusion_20260818T184228Z,3087,91551681,570227273888753
570227296000000,91571,0.005,0.013,1.002,-0.24,-0.07,0.3,1,imu01,fusion_20260818T184228Z,3088,91571677,570227293884095
570227328000000,91591,0.006,0.01,1.003,-0.52,0.26,0.77,1,imu01,fusion_20260818T184228Z,3089,91591681,570227313887436
570227343000000,91611,-0.003,-0.007,0.988,0.77,0.06,0.59,1,imu01,fusion_20260818T184228Z,3090,91611677,570227333882778
570227359000000,91631,0.005,0.005,0.988,-0.75,2.04,-0.55,1,imu01,fusion_20260818T184228Z,3091,91631681,570227353886119
570227390000000,91651,0.004,-0.005,0.998,-1.75,1.37,-0.48,1,imu01,fusion_20260818T184228Z,3092,91651677,570227373881460
570227406000000,91671,0.009,0.001,0.989,-1.04,0.05,-1.37,1,imu01,fusion_20260818T184228Z,3093,91671681,570227393884802
570227421000000,91691,0.005,-0.006,0.982,-0.86,0.19,-0.5,1,imu01,fusion_20260818T184228Z,3094,91691677,570227413880143
570227437000000,91711,0.0,0.015,0.996,0.64,0.65,-1.15,1,imu01,fusion_20260818T184228Z,3095,91711681,570227433883484
570227468000000,91731,-0.001,0.011,1.013,0.1,0.84,-0.81,1,imu01,fusion_20260818T184228Z,3096,91731677,570227453878826
570227484000000,91751,0.008,0.028,1.038,-0.47,0.95,-1.12,1,imu01,fusion_20260818T184228Z,3097,91751681,570227473882167
570227500000000,91771,-0.0,0.007,1.005,-0.07,-0.44,-0.7,1,imu01,fusion_20260818T184228Z,3098,91771677,570227493877509
570227531000000,91791,-0.0,0.017,0.998,-0.09,0.26,-1.19,1,imu01,fusion_20260818T184228Z,3099,91791681,570227513880850
570227546000000,91811,0.01,0.004,1.011,0.82,0.07,-0.47,1,imu01,fusion_20260818T184228Z,3100,91811677,570227533876192
570227562000000,91831,0.003,0.026,1.005,0.58,0.1,-0.62,1,imu01,fusion_20260818T184228Z,3101,91831681,570227553879533
570227578000000,91851,0.0,0.002,0.995,-0.48,-0.14,1.11,1,imu01,fusion_20260818T184228Z,3102,91851677,570227573874874
570227609000000,91871,0.005,0.019,1.013,-2.06,-0.13,1.6,1,imu01,fusion_20260818T184228Z,3103,91871681,570227593878215
570227625000000,91891,0.005,0.013,1.001,-1.64,-1.09,1.21,1,imu01,fusion_20260818T184228Z,3104,91891677,570227613873557
570227640000000,91911,0.006,0.016,0.99,-1.22,-0.75,0.26,1,imu01,fusion_20260818T184228Z,3105,91911681,570227633876898
570227671000000,91931,0.005,0.011,1.005,1.49,-0.87,-0.35,1,imu01,fusion_20260818T184228Z,3106,91931677,570227653872240
570227687000000,91951,0.001,-0.0,0.995,0.47,-0.78,0.7,1,imu01,fusion_20260818T184228Z,3107,91951681,570227673875581
570227703000000,91971,0.001,-0.005,1.008,-0.57,-0.2,1.03,1,imu01,fusion_20260818T184228Z,3108,91971677,570227693870922
570227718000000,91991,0.005,-0.01,1.013,-2.09,0.43,0.55,1,imu01,fusion_20260818T184228Z,3109,91991681,570227713874264
570227750000000,92011,0.006,-0.005,0.999,-2.48,-0.35,0.03,1,imu01,fusion_20260818T184228Z,3110,92011677,570227733869605
570227765000000,92031,0.003,0.008,1.001,-1.41,-0.13,-1.29,1,imu01,fusion_20260818T184228Z,3111,92031681,570227753872946
570227781000000,92051,0.009,0.003,0.996,0.67,-0.06,-1.18,1,imu01,fusion_20260818T184228Z,3112,92051677,570227773868288
570227796000000,92071,0.01,-0.001,1.006,0.21,-0.08,-0.72,1,imu01,fusion_20260818T184228Z,3113,92071681,570227793871629
570227828000000,92091,0.002,0.012,0.989,-0.47,-1.42,-0.58,1,imu01,fusion_20260818T184228Z,3114,92091677,570227813866971
570227843000000,92111,0.002,0.027,0.985,0.39,-1.64,-1.05,1,imu01,fusion_20260818T184228Z,3115,92111681,570227833870312
570227859000000,92131,0.011,0.013,0.983,1.4,-0.74,-0.02,1,imu01,fusion_20260818T184228Z,3116,92131677,570227853865654
570227890000000,92151,0.006,0.018,0.984,2.33,-0.22,-0.1,1,imu01,fusion_20260818T184228Z,3117,92151679,570227873866995
570227906000000,92171,0.002,0.028,0.999,0.54,0.8,-0.34,1,imu01,fusion_20260818T184228Z,3118,92171677,570227893864336
570227921000000,92191,0.013,0.016,1.009,-0.71,1.55,-0.21,1,imu01,fusion_20260818T184228Z,3119,92191681,570227913867678
570227937000000,92211,0.008,0.016,1.017,0.25,0.88,0.28,1,imu01,fusion_20260818T184228Z,3120,92211677,570227933863019
570227968000000,92231,0.018,0.006,1.019,-0.19,0.46,0.84,1,imu01,fusion_20260818T184228Z,3121,92231681,570227953866360
570227984000000,92251,0.011,0.008,1.007,-0.48,-0.35,0.55,1,imu01,fusion_20260818T184228Z,3122,92251677,570227973861702
570228000000000,92271,0.006,-0.0,1.006,-0.15,-0.16,0.24,1,imu01,fusion_20260818T184228Z,3123,92271681,570227993865043
570228031000000,92291,-0.001,-0.02,0.988,-0.72,-0.17,0.15,1,imu01,fusion_20260818T184228Z,3124,92291677,570228013860384
570228046000000,92311,0.005,0.006,1.004,0.43,-0.19,-0.56,1,imu01,fusion_20260818T184228Z,3125,92311681,570228033863726
570228062000000,92331,-0.004,-0.012,0.971,1.98,-1.86,0.41,1,imu01,fusion_20260818T184228Z,3126,92331677,570228053859067
570228078000000,92351,0.01,-0.008,0.981,-0.65,-0.57,0.34,1,imu01,fusion_20260818T184228Z,3127,92351681,570228073862408
570228109000000,92371,0.01,0.007,0.994,-2.05,1.06,0.16,1,imu01,fusion_20260818T184228Z,3128,92371677,570228093857750
570228125000000,92391,-0.003,-0.009,0.997,1.45,0.46,-0.7,1,imu01,fusion_20260818T184228Z,3129,92391681,570228113861091
570228140000000,92411,-0.001,0.02,1.0,1.55,1.26,-1.82,1,imu01,fusion_20260818T184228Z,3130,92411677,570228133856433
570228156000000,92431,0.0,0.017,1.008,0.41,1.69,-0.76,1,imu01,fusion_20260818T184228Z,3131,92431681,570228153859774
570228187000000,92451,0.006,0.011,1.012,-1.86,1.65,0.66,1,imu01,fusion_20260818T184228Z,3132,92451677,570228173855116
570228203000000,92471,0.009,0.01,1.011,-0.09,0.3,0.28,1,imu01,fusion_20260818T184228Z,3133,92471681,570228193858457
570228218000000,92491,0.005,0.015,1.009,-0.6,0.3,0.85,1,imu01,fusion_20260818T184228Z,3134,92491677,570228213853798
570228250000000,92511,0.001,0.009,1.0,-0.38,0.1,0.95,1,imu01,fusion_20260818T184228Z,3135,92511681,570228233857140
570228265000000,92531,-0.004,-0.001,0.994,-0.85,-0.28,0.43,1,imu01,fusion_20260818T184228Z,3136,92531677,570228253852481
570228281000000,92551,-0.0,0.006,1.004,-0.9,0.26,-0.57,1,imu01,fusion_20260818T184228Z,3137,92551681,570228273855822
570228296000000,92571,0.009,0.008,0.983,0.85,-0.22,-0.79,1,imu01,fusion_20260818T184228Z,3138,92571677,570228293851164
570228328000000,92591,0.006,-0.004,0.97,0.65,0.35,-0.24,1,imu01,fusion_20260818T184228Z,3139,92591681,570228313854505
570228343000000,92611,0.01,0.006,0.985,0.42,1.06,-0.41,1,imu01,fusion_20260818T184228Z,3140,92611677,570228333849846
570228359000000,92631,-0.0,0.004,1.002,0.25,1.15,0.19,1,imu01,fusion_20260818T184228Z,3141,92631681,570228353853188
570228390000000,92651,0.005,0.013,1.004,-0.62,2.07,-0.21,1,imu01,fusion_20260818T184228Z,3142,92651677,570228373848529
570228406000000,92671,0.003,0.016,1.016,-0.7,2.98,-0.4,1,imu01,fusion_20260818T184228Z,3143,92671681,570228393851870
570228421000000,92691,0.004,0.002,1.016,0.14,1.66,0.41,1,imu01,fusion_20260818T184228Z,3144,92691677,570228413847212
570228437000000,92711,0.009,0.005,1.023,-1.45,1.23,0.1,1,imu01,fusion_20260818T184228Z,3145,92711681,570228433850553
570228468000000,92731,0.005,0.008,1.01,-1.57,-0.08,-0.84,1,imu01,fusion_20260818T184228Z,3146,92731677,570228453845895
570228484000000,92751,-0.002,0.012,0.994,-0.4,-0.54,-1.39,1,imu01,fusion_20260818T184228Z,3147,92751681,570228473849236
570228500000000,92771,0.004,0.006,0.998,0.31,0.11,-0.5,1,imu01,fusion_20260818T184228Z,3148,92771677,570228493844578
570228531000000,92791,0.002,0.001,0.988,1.62,-0.09,-0.48,1,imu01,fusion_20260818T184228Z,3149,92791681,570228513847919
570228546000000,92811,0.001,0.001,0.996,-0.32,-0.16,0.18,1,imu01,fusion_20260818T184228Z,3150,92811677,570228533843260
570228562000000,92831,-0.008,0.005,0.986,-1.82,-0.63,0.25,1,imu01,fusion_20260818T184228Z,3151,92831681,570228553846602
570228578000000,92851,0.006,0.024,1.0,-0.99,0.27,-0.79,1,imu01,fusion_20260818T184228Z,3152,92851677,570228573841943
570228609000000,92871,0.004,0.001,1.001,0.79,0.87,-0.2,1,imu01,fusion_20260818T184228Z,3153,92871681,570228593845284
