host_monotonic_ns,t_ms,ax_g,ay_g,az_g,gx_dps,gy_dps,gz_dps,schema_version,device_id,session_id,sequence,device_timestamp_us,host_capture_monotonic_ns
482739796000000,20322,-0.672,-0.039,-0.737,-0.1,-0.43,-0.19,1,imu01,fusion_20260817T182528Z,1,20322834,482739255829464
482739796000000,20341,-0.677,-0.043,-0.738,-0.29,-0.14,-0.19,1,imu01,fusion_20260817T182528Z,2,20341430,482739274423089
482739796000000,20361,-0.674,-0.041,-0.735,-0.07,-0.0,-0.11,1,imu01,fusion_20260817T182528Z,3,20361434,482739294424533
482739796000000,20381,-0.676,-0.038,-0.737,-0.12,-0.44,-0.29,1,imu01,fusion_20260817T182528Z,4,20381430,482739314417979
482739796000000,20401,-0.672,-0.041,-0.731,-0.1,0.33,-0.18,1,imu01,fusion_20260817T182528Z,5,20401434,482739334419424
482739812000000,20421,-0.674,-0.043,-0.735,0.36,0.4,-0.38,1,imu01,fusion_20260817T182528Z,6,20421430,482739354412869
482739812000000,20441,-0.675,-0.041,-0.743,0.02,0.02,-0.06,1,imu01,fusion_20260817T182528Z,7,20441434,482739374414314
482739812000000,20461,-0.679,-0.04,-0.733,-0.55,-0.27,-0.24,1,imu01,fusion_20260817T182528Z,8,20461430,482739394407759
482739812000000,20481,-0.674,-0.035,-0.733,-0.13,-0.15,-0.23,1,imu01,fusion_20260817T182528Z,9,20481434,482739414409204
482739812000000,20501,-0.675,-0.039,-0.741,-0.05,0.34,-0.21,1,imu01,fusion_20260817T182528Z,10,20501430,482739434402649
482739812000000,20521,-0.673,-0.042,-0.736,0.26,-0.05,-0.3,1,imu01,fusion_20260817T182528Z,11,20521434,482739454404094
482739812000000,20541,-0.676,-0.041,-0.735,0.08,0.22,-0.17,1,imu01,fusion_20260817T182528Z,12,20541430,482739474397539
482739812000000,20561,-0.676,-0.038,-0.737,0.38,-0.04,-0.42,1,imu01,fusion_20260817T182528Z,13,20561434,482739494398984
482739812000000,20581,-0.679,-0.04,-0.739,0.39,-0.02,-0.36,1,imu01,fusion_20260817T182528Z,14,20581430,482739514392430
482739828000000,20601,-0.675,-0.036,-0.739,0.27,-0.05,-0.58,1,imu01,fusion_20260817T182528Z,15,20601434,482739534393874
482739828000000,20621,-0.677,-0.037,-0.736,-0.04,-0.1,-0.38,1,imu01,fusion_20260817T182528Z,16,20621430,482739554387320
482739828000000,20641,-0.68,-0.039,-0.737,-0.63,-0.18,-0.03,1,imu01,fusion_20260817T182528Z,17,20641434,482739574388764
482739828000000,20661,-0.679,-0.039,-0.741,-0.01,-0.02,-0.13,1,imu01,fusion_20260817T182528Z,18,20661430,482739594382210
482739828000000,20681,-0.674,-0.036,-0.735,-0.1,-0.04,-0.15,1,imu01,fusion_20260817T182528Z,19,20681434,482739614383654
482739828000000,20701,-0.672,-0.046,-0.738,0.18,0.14,-0.17,1,imu01,fusion_20260817T182528Z,20,20701430,482739634377100
482739828000000,20721,-0.677,-0.036,-0.735,0.18,0.29,-0.19,1,imu01,fusion_20260817T182528Z,21,20721434,482739654378545
482739828000000,20741,-0.675,-0.038,-0.733,0.1,-0.08,-0.29,1,imu01,fusion_20260817T182528Z,22,20741430,482739674371990
482739843000000,20761,-0.672,-0.038,-0.733,0.06,0.03,-0.23,1,imu01,fusion_20260817T182528Z,23,20761434,482739694373435
482739843000000,20781,-0.674,-0.04,-0.733,-0.38,-0.27,-0.11,1,imu01,fusion_20260817T182528Z,24,20781430,482739714366880
482739843000000,20801,-0.678,-0.041,-0.733,0.04,-0.02,-0.24,1,imu01,fusion_20260817T182528Z,25,20801434,482739734368325
482739843000000,20821,-0.678,-0.038,-0.735,0.03,0.06,-0.37,1,imu01,fusion_20260817T182528Z,26,20821430,482739754361770
482739843000000,20841,-0.674,-0.04,-0.73,0.09,0.3,0.08,1,imu01,fusion_20260817T182528Z,27,20841434,482739774363215
482739843000000,20861,-0.676,-0.039,-0.739,-0.2,-0.19,-0.3,1,imu01,fusion_20260817T182528Z,28,20861431,482739794357660
482739843000000,20881,-0.676,-0.039,-0.732,0.0,0.21,-0.15,1,imu01,fusion_20260817T182528Z,29,20881434,482739814358105
482739859000000,20901,-0.673,-0.044,-0.737,0.1,0.24,-0.34,1,imu01,fusion_20260817T182528Z,30,20901430,482739834351551
482739859000000,20921,-0.676,-0.041,-0.735,-0.17,0.07,-0.45,1,imu01,fusion_20260817T182528Z,31,20921434,482739854352995
482739890000000,20941,-0.671,-0.04,-0.742,0.06,-0.15,-0.13,1,imu01,fusion_20260817T182528Z,32,20941430,482739874346441
482739906000000,20961,-0.677,-0.04,-0.727,0.2,-0.11,-0.14,1,imu01,fusion_20260817T182528Z,33,20961434,482739894347885
482739921000000,20981,-0.678,-0.04,-0.742,0.05,-0.18,-0.2,1,imu01,fusion_20260817T182528Z,34,20981430,482739914341331
482739937000000,21001,-0.674,-0.041,-0.74,-0.0,-0.04,-0.28,1,imu01,fusion_20260817T182528Z,35,21001434,482739934342776
482739968000000,21021,-0.674,-0.042,-0.734,-0.02,0.14,-0.22,1,imu01,fusion_20260817T182528Z,36,21021430,482739954336221
482739984000000,21041,-0.674,-0.039,-0.739,-0.32,-0.17,-0.51,1,imu01,fusion_20260817T182528Z,37,21041434,482739974337666
482740000000000,21061,-0.674,-0.035,-0.737,-0.15,-0.17,-0.07,1,imu01,fusion_20260817T182528Z,38,21061430,482739994331111
482740031000000,21081,-0.673,-0.041,-0.733,-0.36,0.09,-0.38,1,imu01,fusion_20260817T182528Z,39,21081434,482740014332556
482740046000000,21101,-0.674,-0.038,-0.73,-0.61,-0.13,-0.39,1,imu01,fusion_20260817T182528Z,40,21101430,482740034326001
482740062000000,21121,-0.677,-0.041,-0.73,-0.4,-0.34,-0.23,1,imu01,fusion_20260817T182528Z,41,21121433,482740054326446
482740078000000,21141,-0.674,-0.039,-0.731,0.06,0.2,-0.22,1,imu01,fusion_20260817T182528Z,42,21141430,482740074320891
482740109000000,21161,-0.676,-0.039,-0.738,0.28,0.01,-0.42,1,imu01,fusion_20260817T182528Z,43,21161434,482740094322336
482740125000000,21181,-0.677,-0.036,-0.733,-0.13,0.01,-0.05,1,imu01,fusion_20260817T182528Z,44,21181430,482740114315782
482740203000000,21201,-0.674,-0.039,-0.745,0.26,0.11,-0.29,1,imu01,fusion_20260817T182528Z,45,21201434,482740134317226
482740218000000,21221,-0.674,-0.043,-0.733,-0.39,0.11,-0.21,1,imu01,fusion_20260817T182528Z,46,21221430,482740154310672
482740218000000,21241,-0.674,-0.039,-0.739,0.53,0.39,-0.27,1,imu01,fusion_20260817T182528Z,47,21241434,482740174312116
482740234000000,21261,-0.677,-0.04,-0.734,0.03,0.16,-0.24,1,imu01,fusion_20260817T182528Z,48,21261430,482740194305562
482740250000000,21281,-0.68,-0.039,-0.739,0.1,0.18,-0.13,1,imu01,fusion_20260817T182528Z,49,21281434,482740214307006
482740250000000,21301,-0.674,-0.038,-0.739,-0.03,0.13,-0.06,1,imu01,fusion_20260817T182528Z,50,21301430,482740234300452
482740265000000,21321,-0.676,-0.038,-0.737,-0.29,0.04,-0.09,1,imu01,fusion_20260817T182528Z,51,21321434,482740254301896
482740281000000,21341,-0.674,-0.034,-0.732,0.13,-0.0,-0.06,1,imu01,fusion_20260817T182528Z,52,21341430,482740274295342
482740312000000,21361,-0.676,-0.041,-0.739,-0.11,0.03,-0.35,1,imu01,fusion_20260817T182528Z,53,21361434,482740294296787
482740328000000,21381,-0.676,-0.041,-0.738,0.77,0.02,-0.12,1,imu01,fusion_20260817T182528Z,54,21381430,482740314290232
482740343000000,21401,-0.676,-0.039,-0.731,0.19,0.04,-0.36,1,imu01,fusion_20260817T182528Z,55,21401434,482740334291677
482740359000000,21421,-0.674,-0.04,-0.736,0.22,-0.0,-0.45,1,imu01,fusion_20260817T182528Z,56,21421430,482740354285122
482740390000000,21441,-0.677,-0.044,-0.741,0.35,0.08,-0.29,1,imu01,fusion_20260817T182528Z,57,21441434,482740374286567
482740406000000,21461,-0.674,-0.036,-0.744,-0.5,-0.44,0.01,1,imu01,fusion_20260817T182528Z,58,21461430,482740394280012
482740421000000,21481,-0.677,-0.035,-0.733,-0.15,0.15,-0.19,1,imu01,fusion_20260817T182528Z,59,21481434,482740414281457
482740437000000,21501,-0.675,-0.04,-0.744,0.37,0.26,-0.37,1,imu01,fusion_20260817T182528Z,60,21501430,482740434274903
482740468000000,21521,-0.678,-0.04,-0.739,-0.28,-0.21,-0.22,1,imu01,fusion_20260817T182528Z,61,21521434,482740454276347
482740484000000,21541,-0.677,-0.043,-0.733,0.24,0.34,-0.12,1,imu01,fusion_20260817T182528Z,62,21541430,482740474269793
482740500000000,21561,-0.677,-0.04,-0.733,0.22,0.18,-0.16,1,imu01,fusion_20260817T182528Z,63,21561434,482740494271237
482740531000000,21581,-0.674,-0.04,-0.739,0.03,0.14,-0.22,1,imu01,fusion_20260817T182528Z,64,21581430,482740514264683
482740546000000,21601,-0.678,-0.039,-0.734,0.24,0.2,-0.41,1,imu01,fusion_20260817T182528Z,65,21601434,482740534266127
482740562000000,21621,-0.67,-0.038,-0.739,0.03,0.07,-0.07,1,imu01,fusion_20260817T182528Z,66,21621430,482740554259573
482740578000000,21641,-0.676,-0.038,-0.735,-0.07,0.06,-0.24,1,imu01,fusion_20260817T182528Z,67,21641433,482740574260018
482740609000000,21661,-0.675,-0.039,-0.728,0.19,0.06,-0.28,1,imu01,fusion_20260817T182528Z,68,21661430,482740594254463
482740625000000,21681,-0.675,-0.043,-0.735,0.06,-0.15,-0.17,1,imu01,fusion_20260817T182528Z,69,21681434,482740614255908
482740640000000,21701,-0.679,-0.039,-0.734,0.14,0.12,-0.22,1,imu01,fusion_20260817T182528Z,70,21701430,482740634249353
482740671000000,21721,-0.674,-0.039,-0.738,-0.04,-0.06,-0.19,1,imu01,fusion_20260817T182528Z,71,21721434,482740654250798
482740687000000,21741,-0.68,-0.04,-0.733,0.22,0.17,-0.21,1,imu01,fusion_20260817T182528Z,72,21741430,482740674244243
482740703000000,21761,-0.675,-0.044,-0.731,0.31,-0.04,-0.37,1,imu01,fusion_20260817T182528Z,73,21761434,482740694245688
482740718000000,21781,-0.675,-0.038,-0.735,-0.19,0.07,-0.21,1,imu01,fusion_20260817T182528Z,74,21781430,482740714239134
482740750000000,21801,-0.676,-0.044,-0.737,0.21,0.12,-0.25,1,imu01,fusion_20260817T182528Z,75,21801434,482740734240578
482740765000000,21821,-0.674,-0.04,-0.734,0.16,-0.17,-0.16,1,imu01,fusion_20260817T182528Z,76,21821430,482740754234024
482740781000000,21841,-0.677,-0.044,-0.734,0.1,-0.09,-0.56,1,imu01,fusion_20260817T182528Z,77,21841434,482740774235468
482740812000000,21861,-0.675,-0.04,-0.735,0.06,0.03,-0.22,1,imu01,fusion_20260817T182528Z,78,21861430,482740794228914
482740828000000,21881,-0.675,-0.043,-0.739,-0.07,-0.31,-0.14,1,imu01,fusion_20260817T182528Z,79,21881433,482740814229358
482740843000000,21901,-0.677,-0.038,-0.734,0.03,0.19,-0.25,1,imu01,fusion_20260817T182528Z,80,21901430,482740834223804
482740859000000,21921,-0.679,-0.041,-0.739,0.01,0.11,-0.03,1,imu01,fusion_20260817T182528Z,81,21921434,482740854225248
482740890000000,21941,-0.679,-0.041,-0.734,0.08,0.14,-0.35,1,imu01,fusion_20260817T182528Z,82,21941430,482740874218694
482740906000000,21961,-0.674,-0.035,-0.742,0.07,-0.15,-0.06,1,imu01,fusion_20260817T182528Z,83,21961434,482740894220139
482740921000000,21981,-0.677,-0.041,-0.735,0.13,0.14,-0.48,1,imu01,fusion_20260817T182528Z,84,21981430,482740914213584
482740937000000,22001,-0.679,-0.041,-0.734,0.12,0.21,-0.45,1,imu01,fusion_20260817T182528Z,85,22001434,482740934215029
482740968000000,22021,-0.678,-0.038,-0.734,0.17,0.15,-0.25,1,imu01,fusion_20260817T182528Z,86,22021430,482740954208474
482740984000000,22041,-0.678,-0.039,-0.739,0.04,0.08,-0.43,1,imu01,fusion_20260817T182528Z,87,22041434,482740974209919
482741000000000,22061,-0.673,-0.04,-0.738,0.2,0.04,-0.19,1,imu01,fusion_20260817T182528Z,88,22061430,482740994203364
482741031000000,22081,-0.676,-0.038,-0.738,-0.0,-0.02,-0.22,1,imu01,fusion_20260817T182528Z,89,22081434,482741014204809
482741046000000,22101,-0.675,-0.038,-0.733,0.05,-0.08,-0.16,1,imu01,fusion_20260817T182528Z,90,22101430,482741034198255
482741062000000,22121,-0.676,-0.037,-0.737,0.29,0.21,-0.13,1,imu01,fusion_20260817T182528Z,91,22121434,482741054199699
482741078000000,22141,-0.678,-0.042,-0.742,0.16,-0.19,-0.43,1,imu01,fusion_20260817T182528Z,92,22141430,482741074193145
482741109000000,22161,-0.674,-0.044,-0.736,0.18,-0.11,-0.19,1,imu01,fusion_20260817T182528Z,93,22161434,482741094194589
482741125000000,22181,-0.674,-0.043,-0.736,0.01,0.29,-0.13,1,imu01,fusion_20260817T182528Z,94,22181430,482741114188035
482741140000000,22201,-0.675,-0.046,-0.73,0.12,0.05,-0.09,1,imu01,fusion_20260817T182528Z,95,22201434,482741134189479
482741171000000,22221,-0.676,-0.035,-0.738,0.02,-0.14,-0.13,1,imu01,fusion_20260817T182528Z,96,22221430,482741154182925
482741187000000,22241,-0.675,-0.04,-0.729,-0.08,0.07,-0.32,1,imu01,fusion_20260817T182528Z,97,22241434,482741174184370
482741203000000,22261,-0.677,-0.04,-0.739,0.06,0.1,-0.45,1,imu01,fusion_20260817T182528Z,98,22261430,482741194177815
482741218000000,22281,-0.676,-0.039,-0.737,-0.02,-0.17,-0.22,1,imu01,fusion_20260817T182528Z,99,22281434,482741214179260
482741250000000,22301,-0.674,-0.042,-0.733,-0.11,-0.07,-0.3,1,imu01,fusion_20260817T182528Z,100,22301430,482741234172705
482741265000000,22321,-0.675,-0.04,-0.735,0.05,-0.05,-0.55,1,imu01,fusion_20260817T182528Z,101,22321434,482741254174150
482741281000000,22341,-0.675,-0.039,-0.732,0.45,0.51,-0.29,1,imu01,fusion_20260817T182528Z,102,22341430,482741274167595
482741312000000,22361,-0.676,-0.038,-0.738,0.02,0.08,-0.25,1,imu01,fusion_20260817T182528Z,103,22361434,482741294169040
482741328000000,22381,-0.674,-0.041,-0.734,0.39,0.4,-0.1,1,imu01,fusion_20260817T182528Z,104,22381430,482741314162486
482741343000000,22401,-0.675,-0.041,-0.738,0.03,0.4,-0.39,1,imu01,fusion_20260817T182528Z,105,22401434,482741334163930
482741359000000,22421,-0.676,-0.04,-0.733,0.07,0.21,-0.25,1,imu01,fusion_20260817T182528Z,106,22421430,482741354157376
482741390000000,22441,-0.673,-0.04,-0.731,0.28,-0.13,-0.19,1,imu01,fusion_20260817T182528Z,107,22441434,482741374158820
482741406000000,22461,-0.673,-0.04,-0.735,-0.11,-0.05,-0.33,1,imu01,fusion_20260817T182528Z,108,22461430,482741394152266
482741421000000,22481,-0.678,-0.04,-0.742,0.13,0.07,-0.19,1,imu01,fusion_20260817T182528Z,109,22481434,482741414153710
482741437000000,22501,-0.675,-0.04,-0.734,-0.0,0.04,-0.15,1,imu01,fusion_20260817T182528Z,110,22501430,482741434147156
482741468000000,22521,-0.673,-0.044,-0.738,-0.03,0.06,-0.14,1,imu01,fusion_20260817T182528Z,111,22521434,482741454148600
482741484000000,22541,-0.676,-0.036,-0.738,-0.1,0.3,-0.2,1,imu01,fusion_20260817T182528Z,112,22541430,482741474142046
482741500000000,22561,-0.676,-0.035,-0.735,-0.05,-0.0,-0.26,1,imu01,fusion_20260817T182528Z,113,22561434,482741494143491
482741531000000,22581,-0.677,-0.037,-0.728,0.19,0.51,0.03,1,imu01,fusion_20260817T182528Z,114,22581430,482741514136936
482741546000000,22601,-0.677,-0.036,-0.733,-0.03,0.21,-0.17,1,imu01,fusion_20260817T182528Z,115,22601434,482741534138381
482741562000000,22621,-0.678,-0.036,-0.734,-0.08,-0.02,-0.2,1,imu01,fusion_20260817T182528Z,116,22621430,482741554131826
482741578000000,22641,-0.675,-0.04,-0.738,0.09,0.1,-0.14,1,imu01,fusion_20260817T182528Z,117,22641434,482741574133271
482741609000000,22661,-0.677,-0.037,-0.738,0.22,-0.18,-0.42,1,imu01,fusion_20260817T182528Z,118,22661430,482741594126716
482741625000000,22681,-0.679,-0.04,-0.738,0.15,0.01,-0.19,1,imu01,fusion_20260817T182528Z,119,22681434,482741614128161
482741640000000,22701,-0.679,-0.042,-0.733,0.29,-0.0,-0.06,1,imu01,fusion_20260817T182528Z,120,22701430,482741634121607
482741671000000,22721,-0.677,-0.04,-0.735,-0.17,0.37,0.04,1,imu01,fusion_20260817T182528Z,121,22721434,482741654123051
482741687000000,22741,-0.675,-0.037,-0.734,-0.01,0.32,-0.42,1,imu01,fusion_20260817T182528Z,122,22741430,482741674116497
482741703000000,22761,-0.677,-0.04,-0.734,-0.01,-0.19,-0.28,1,imu01,fusion_20260817T182528Z,123,22761434,482741694117941
482741718000000,22781,-0.674,-0.039,-0.735,-0.04,0.34,-0.21,1,imu01,fusion_20260817T182528Z,124,22781430,482741714111387
482741750000000,22801,-0.679,-0.039,-0.733,-0.04,0.02,-0.25,1,imu01,fusion_20260817T182528Z,125,22801434,482741734112831
482741765000000,22821,-0.675,-0.041,-0.735,-0.0,0.28,-0.38,1,imu01,fusion_20260817T182528Z,126,22821430,482741754106277
482741781000000,22841,-0.673,-0.035,-0.73,0.13,-0.15,-0.21,1,imu01,fusion_20260817T182528Z,127,22841434,482741774107722
482741812000000,22861,-0.673,-0.039,-0.734,0.03,-0.12,-0.19,1,imu01,fusion_20260817T182528Z,128,22861430,482741794101167
482741828000000,22881,-0.678,-0.041,-0.74,0.29,0.03,-0.32,1,imu01,fusion_20260817T182528Z,129,22881434,482741814102612
482741843000000,22901,-0.675,-0.035,-0.739,-0.06,-0.17,-0.4,1,imu01,fusion_20260817T182528Z,130,22901430,482741834096057
482741859000000,22921,-0.673,-0.041,-0.737,0.16,-0.11,0.03,1,imu01,fusion_20260817T182528Z,131,22921434,482741854097502
482741890000000,22941,-0.674,-0.04,-0.733,-0.0,-0.12,-0.19,1,imu01,fusion_20260817T182528Z,132,22941430,482741874090947
482741906000000,22961,-0.672,-0.039,-0.739,0.16,0.08,-0.37,1,imu01,fusion_20260817T182528Z,133,22961434,482741894092392
482741921000000,22981,-0.678,-0.039,-0.73,-0.16,-0.02,-0.28,1,imu01,fusion_20260817T182528Z,134,22981430,482741914085838
482741937000000,23001,-0.674,-0.041,-0.73,0.03,0.16,-0.19,1,imu01,fusion_20260817T182528Z,135,23001434,482741934087282
482741968000000,23021,-0.675,-0.041,-0.736,-0.13,0.01,-0.45,1,imu01,fusion_20260817T182528Z,136,23021430,482741954080728
482741984000000,23041,-0.675,-0.041,-0.733,0.24,0.12,0.1,1,imu01,fusion_20260817T182528Z,137,23041434,482741974082172
482742000000000,23061,-0.679,-0.038,-0.742,-0.1,0.16,-0.13,1,imu01,fusion_20260817T182528Z,138,23061430,482741994075618
482742031000000,23081,-0.675,-0.04,-0.728,-0.03,0.1,-0.15,1,imu01,fusion_20260817T182528Z,139,23081434,482742014077062
482742046000000,23101,-0.674,-0.04,-0.74,-0.13,-0.11,-0.19,1,imu01,fusion_20260817T182528Z,140,23101430,482742034070508
482742062000000,23121,-0.675,-0.045,-0.73,0.13,-0.16,-0.41,1,imu01,fusion_20260817T182528Z,141,23121434,482742054071952
482742078000000,23141,-0.675,-0.04,-0.734,-0.04,-0.14,-0.29,1,imu01,fusion_20260817T182528Z,142,23141430,482742074065398
482742109000000,23161,-0.675,-0.04,-0.736,-0.17,-0.37,-0.36,1,imu01,fusion_20260817T182528Z,143,23161434,482742094066843
482742125000000,23181,-0.677,-0.041,-0.737,-0.35,-0.11,-0.51,1,imu01,fusion_20260817T182528Z,144,23181430,482742114060288
482742140000000,23201,-0.675,-0.038,-0.739,0.01,0.14,0.04,1,imu01,fusion_20260817T182528Z,145,23201434,482742134061733
482742171000000,23221,-0.676,-0.038,-0.732,-0.02,0.16,-0.19,1,imu01,fusion_20260817T182528Z,146,23221430,482742154055178
482742187000000,23241,-0.676,-0.036,-0.738,0.03,-0.11,0.05,1,imu01,fusion_20260817T182528Z,147,23241434,482742174056623
482742203000000,23261,-0.678,-0.04,-0.732,-0.03,0.26,-0.45,1,imu01,fusion_20260817T182528Z,148,23261430,482742194050068
482742218000000,23281,-0.673,-0.037,-0.736,0.09,0.15,-0.14,1,imu01,fusion_20260817T182528Z,149,23281434,482742214051513
482742250000000,23301,-0.674,-0.039,-0.729,0.04,0.43,-0.19,1,imu01,fusion_20260817T182528Z,150,23301430,482742234044959
482742265000000,23321,-0.674,-0.034,-0.734,0.12,0.2,-0.24,1,imu01,fusion_20260817T182528Z,151,23321434,482742254046403
482742281000000,23341,-0.674,-0.04,-0.736,-0.07,-0.09,-0.33,1,imu01,fusion_20260817T182528Z,152,23341430,482742274039849
482742312000000,23361,-0.678,-0.039,-0.731,-0.13,-0.02,-0.17,1,imu01,fusion_20260817T182528Z,153,23361434,482742294041293
482742328000000,23381,-0.673,-0.039,-0.732,-0.2,-0.02,-0.05,1,imu01,fusion_20260817T182528Z,154,23381430,482742314034739
482742343000000,23401,-0.678,-0.036,-0.735,0.0,0.06,-0.31,1,imu01,fusion_20260817T182528Z,155,23401434,482742334036183
482742359000000,23421,-0.671,-0.038,-0.741,-0.08,-0.07,-0.19,1,imu01,fusion_20260817T182528Z,156,23421430,482742354029629
482742390000000,23441,-0.675,-0.041,-0.737,-0.16,-0.04,-0.15,1,imu01,fusion_20260817T182528Z,157,23441434,482742374031074
482742406000000,23461,-0.677,-0.04,-0.732,0.16,0.29,-0.24,1,imu01,fusion_20260817T182528Z,158,23461430,482742394024519
482742421000000,23481,-0.679,-0.037,-0.736,-0.03,0.12,-0.25,1,imu01,fusion_20260817T182528Z,159,23481434,482742414025964
482742437000000,23501,-0.677,-0.04,-0.734,0.15,0.02,-0.22,1,imu01,fusion_20260817T182528Z,160,23501430,482742434019409
482742468000000,23521,-0.673,-0.039,-0.735,-0.1,0.23,-0.06,1,imu01,fusion_20260817T182528Z,161,23521434,482742454020854
482742484000000,23541,-0.675,-0.04,-0.744,0.24,-0.37,-0.33,1,imu01,fusion_20260817T182528Z,162,23541430,482742474014299
482742500000000,23561,-0.673,-0.039,-0.733,0.0,0.14,-0.4,1,imu01,fusion_20260817T182528Z,163,23561434,482742494015744
482742531000000,23581,-0.675,-0.042,-0.734,-0.02,0.11,-0.16,1,imu01,fusion_20260817T182528Z,164,23581430,482742514009190
482742546000000,23601,-0.676,-0.037,-0.731,-0.1,-0.02,-0.28,1,imu01,fusion_20260817T182528Z,165,23601434,482742534010634
482742562000000,23621,-0.679,-0.039,-0.734,0.0,-0.21,-0.22,1,imu01,fusion_20260817T182528Z,166,23621430,482742554004080
482742578000000,23641,-0.681,-0.04,-0.731,0.16,0.05,-0.32,1,imu01,fusion_20260817T182528Z,167,23641434,482742574005524
482742609000000,23661,-0.679,-0.038,-0.729,-0.1,0.05,-0.18,1,imu01,fusion_20260817T182528Z,168,23661430,482742593998970
482742625000000,23681,-0.677,-0.039,-0.729,0.19,0.27,-0.22,1,imu01,fusion_20260817T182528Z,169,23681434,482742614000414
482742640000000,23701,-0.672,-0.04,-0.733,0.06,0.04,-0.11,1,imu01,fusion_20260817T182528Z,170,23701430,482742633993860
482742671000000,23721,-0.675,-0.04,-0.73,-0.11,0.01,-0.35,1,imu01,fusion_20260817T182528Z,171,23721434,482742653995304
482742687000000,23741,-0.674,-0.038,-0.731,0.09,0.21,-0.21,1,imu01,fusion_20260817T182528Z,172,23741430,482742673988750
482742703000000,23761,-0.673,-0.04,-0.732,0.04,0.28,-0.19,1,imu01,fusion_20260817T182528Z,173,23761434,482742693990195
482742718000000,23781,-0.674,-0.039,-0.738,-0.03,0.02,-0.29,1,imu01,fusion_20260817T182528Z,174,23781430,482742713983640
482742750000000,23801,-0.677,-0.042,-0.73,0.12,0.05,-0.19,1,imu01,fusion_20260817T182528Z,175,23801434,482742733985085
482742765000000,23821,-0.675,-0.04,-0.735,-0.0,0.06,-0.38,1,imu01,fusion_20260817T182528Z,176,23821430,482742753978530
482742781000000,23841,-0.679,-0.039,-0.733,0.28,0.1,-0.24,1,imu01,fusion_20260817T182528Z,177,23841434,482742773979975
482742812000000,23861,-0.674,-0.043,-0.733,-0.13,0.22,-0.29,1,imu01,fusion_20260817T182528Z,178,23861430,482742793973420
482742828000000,23881,-0.677,-0.037,-0.736,-0.08,-0.05,-0.5,1,imu01,fusion_20260817T182528Z,179,23881434,482742813974865
482742843000000,23901,-0.677,-0.038,-0.736,0.17,0.25,-0.13,1,imu01,fusion_20260817T182528Z,180,23901430,482742833968311
482742859000000,23921,-0.675,-0.04,-0.735,-0.02,0.11,-0.21,1,imu01,fusion_20260817T182528Z,181,23921434,482742853969755
482742890000000,23941,-0.672,-0.043,-0.733,0.16,0.18,-0.29,1,imu01,fusion_20260817T182528Z,182,23941430,482742873963201
482742906000000,23961,-0.673,-0.035,-0.738,-0.0,0.21,-0.42,1,imu01,fusion_20260817T182528Z,183,23961434,482742893964645
482742921000000,23981,-0.673,-0.041,-0.734,0.12,0.04,-0.11,1,imu01,fusion_20260817T182528Z,184,23981430,482742913958091
482742937000000,24001,-0.674,-0.036,-0.731,-0.24,0.01,-0.57,1,imu01,fusion_20260817T182528Z,185,24001434,482742933959535
482742968000000,24021,-0.674,-0.039,-0.734,0.06,0.14,-0.25,1,imu01,fusion_20260817T182528Z,186,24021430,482742953952981
482742984000000,24041,-0.675,-0.039,-0.731,0.04,-0.05,-0.27,1,imu01,fusion_20260817T182528Z,187,24041434,482742973954426
482743000000000,24061,-0.675,-0.041,-0.744,0.19,-0.01,-0.26,1,imu01,fusion_20260817T182528Z,188,24061430,482742993947871
482743031000000,24081,-0.678,-0.039,-0.73,-0.06,0.26,-0.1,1,imu01,fusion_20260817T182528Z,189,24081434,482743013949316
482743046000000,24101,-0.677,-0.039,-0.733,0.19,0.21,-0.44,1,imu01,fusion_20260817T182528Z,190,24101430,482743033942761
482743062000000,24121,-0.676,-0.035,-0.734,0.03,0.05,-0.21,1,imu01,fusion_20260817T182528Z,191,24121434,482743053944206
482743078000000,24141,-0.675,-0.041,-0.739,0.03,-0.08,-0.13,1,imu01,fusion_20260817T182528Z,192,24141430,482743073937651
482743109000000,24161,-0.674,-0.036,-0.732,-0.07,-0.18,-0.16,1,imu01,fusion_20260817T182528Z,193,24161434,482743093939096
482743125000000,24181,-0.675,-0.042,-0.739,-0.07,0.27,-0.22,1,imu01,fusion_20260817T182528Z,194,24181430,482743113932542
482743140000000,24201,-0.675,-0.039,-0.735,0.09,0.09,-0.25,1,imu01,fusion_20260817T182528Z,195,24201434,482743133933986
482743171000000,24221,-0.674,-0.036,-0.737,-0.17,0.08,-0.22,1,imu01,fusion_20260817T182528Z,196,24221430,482743153927432
482743187000000,24241,-0.677,-0.038,-0.733,-0.22,-0.07,-0.38,1,imu01,fusion_20260817T182528Z,197,24241434,482743173928876
482743203000000,24261,-0.673,-0.04,-0.737,-0.01,-0.15,-0.39,1,imu01,fusion_20260817T182528Z,198,24261430,482743193922322
482743218000000,24281,-0.673,-0.039,-0.736,-0.29,0.08,-0.32,1,imu01,fusion_20260817T182528Z,199,24281434,482743213923766
482743250000000,24301,-0.678,-0.037,-0.74,0.19,-0.03,0.07,1,imu01,fusion_20260817T182528Z,200,24301430,482743233917212
482743265000000,24321,-0.675,-0.038,-0.734,0.21,0.13,-0.33,1,imu01,fusion_20260817T182528Z,201,24321434,482743253918656
482743281000000,24341,-0.677,-0.044,-0.736,-0.1,0.04,-0.34,1,imu01,fusion_20260817T182528Z,202,24341430,482743273912102
482743312000000,24361,-0.676,-0.037,-0.737,0.1,-0.08,-0.33,1,imu01,fusion_20260817T182528Z,203,24361434,482743293913547
482743328000000,24381,-0.673,-0.041,-0.734,-0.19,0.26,-0.25,1,imu01,fusion_20260817T182528Z,204,24381430,482743313906992
482743343000000,24401,-0.673,-0.039,-0.737,0.29,-0.13,-0.29,1,imu01,fusion_20260817T182528Z,205,24401434,482743333908437
482743359000000,24421,-0.674,-0.039,-0.739,-0.02,-0.08,-0.25,1,imu01,fusion_20260817T182528Z,206,24421430,482743353901882
482743390000000,24441,-0.675,-0.037,-0.729,-0.39,0.17,0.11,1,imu01,fusion_20260817T182528Z,207,24441434,482743373903327
482743406000000,24461,-0.673,-0.04,-0.73,0.36,0.24,-0.32,1,imu01,fusion_20260817T182528Z,208,24461430,482743393896772
482743421000000,24481,-0.674,-0.04,-0.733,-0.1,-0.06,-0.19,1,imu01,fusion_20260817T182528Z,209,24481434,482743413898217
482743437000000,24501,-0.675,-0.039,-0.735,-0.21,0.21,-0.12,1,imu01,fusion_20260817T182528Z,210,24501430,482743433891663
482743468000000,24521,-0.668,-0.036,-0.734,0.37,0.04,-0.2,1,imu01,fusion_20260817T182528Z,211,24521434,482743453893107
482743484000000,24541,-0.676,-0.032,-0.732,0.06,0.35,-0.09,1,imu01,fusion_20260817T182528Z,212,24541430,482743473886553
482743500000000,24561,-0.677,-0.04,-0.741,-0.1,0.16,-0.16,1,imu01,fusion_20260817T182528Z,213,24561434,482743493887997
482743531000000,24581,-0.673,-0.037,-0.735,0.06,0.17,-0.26,1,imu01,fusion_20260817T182528Z,214,24581430,482743513881443
482743546000000,24601,-0.675,-0.036,-0.739,-0.07,0.15,-0.25,1,imu01,fusion_20260817T182528Z,215,24601434,482743533882887
482743562000000,24621,-0.674,-0.042,-0.731,0.11,0.3,-0.18,1,imu01,fusion_20260817T182528Z,216,24621430,482743553876333
482743578000000,24641,-0.679,-0.037,-0.733,-0.07,0.21,-0.54,1,imu01,fusion_20260817T182528Z,217,24641434,482743573877778
482743609000000,24661,-0.675,-0.039,-0.737,0.03,0.29,-0.06,1,imu01,fusion_20260817T182528Z,218,24661430,482743593871223
482743625000000,24681,-0.677,-0.034,-0.741,0.03,0.02,-0.35,1,imu01,fusion_20260817T182528Z,219,24681434,482743613872668
482743640000000,24701,-0.674,-0.039,-0.734,0.03,0.07,-0.03,1,imu01,fusion_20260817T182528Z,220,24701430,482743633866113
482743671000000,24721,-0.672,-0.038,-0.737,0.01,0.17,-0.25,1,imu01,fusion_20260817T182528Z,221,24721434,482743653867558
482743687000000,24741,-0.677,-0.037,-0.742,0.13,0.37,-0.07,1,imu01,fusion_20260817T182528Z,222,24741430,482743673861003
482743703000000,24761,-0.673,-0.038,-0.736,0.0,0.2,-0.19,1,imu01,fusion_20260817T182528Z,223,24761434,482743693862448
482743718000000,24781,-0.675,-0.037,-0.734,0.12,0.27,-0.03,1,imu01,fusion_20260817T182528Z,224,24781430,482743713855894
482743750000000,24801,-0.675,-0.04,-0.738,0.06,0.11,-0.01,1,imu01,fusion_20260817T182528Z,225,24801434,482743733857338
482743765000000,24821,-0.676,-0.038,-0.737,-0.07,0.2,-0.27,1,imu01,fusion_20260817T182528Z,226,24821430,482743753850784
482743781000000,24841,-0.674,-0.04,-0.743,0.1,0.36,-0.01,1,imu01,fusion_20260817T182528Z,227,24841434,482743773852228
482743812000000,24861,-0.677,-0.039,-0.729,0.14,-0.04,-0.16,1,imu01,fusion_20260817T182528Z,228,24861430,482743793845674
482743828000000,24881,-0.682,-0.038,-0.734,0.07,0.12,-0.35,1,imu01,fusion_20260817T182528Z,229,24881434,482743813847118
482743843000000,24901,-0.674,-0.034,-0.734,-0.22,-0.03,-0.17,1,imu01,fusion_20260817T182528Z,230,24901430,482743833840564
482743859000000,24921,-0.675,-0.04,-0.729,-0.04,-0.08,-0.25,1,imu01,fusion_20260817T182528Z,231,24921434,482743853842008
482743890000000,24941,-0.677,-0.039,-0.735,0.24,-0.1,-0.42,1,imu01,fusion_20260817T182528Z,232,24941430,482743873835454
482743906000000,24961,-0.675,-0.036,-0.74,0.44,0.09,-0.23,1,imu01,fusion_20260817T182528Z,233,24961434,482743893836899
482743921000000,24981,-0.679,-0.04,-0.732,0.13,0.19,-0.21,1,imu01,fusion_20260817T182528Z,234,24981430,482743913830344
482743937000000,25001,-0.674,-0.04,-0.734,0.27,-0.05,-0.29,1,imu01,fusion_20260817T182528Z,235,25001434,482743933831789
482743968000000,25021,-0.677,-0.036,-0.733,0.08,0.14,-0.38,1,imu01,fusion_20260817T182528Z,236,25021430,482743953825234
482743984000000,25041,-0.671,-0.035,-0.735,0.01,-0.15,-0.31,1,imu01,fusion_20260817T182528Z,237,25041434,482743973826679
482744000000000,25061,-0.676,-0.038,-0.739,-0.06,0.02,-0.43,1,imu01,fusion_20260817T182528Z,238,25061430,482743993820124
482744031000000,25081,-0.678,-0.04,-0.734,-0.13,0.17,-0.48,1,imu01,fusion_20260817T182528Z,239,25081434,482744013821569
482744046000000,25101,-0.68,-0.04,-0.735,0.22,0.14,-0.38,1,imu01,fusion_20260817T182528Z,240,25101430,482744033815015
482744062000000,25121,-0.678,-0.042,-0.745,0.16,0.1,-0.15,1,imu01,fusion_20260817T182528Z,241,25121434,482744053816459
482744078000000,25141,-0.676,-0.039,-0.739,-0.13,0.12,-0.08,1,imu01,fusion_20260817T182528Z,242,25141430,482744073809905
482744109000000,25161,-0.674,-0.038,-0.739,-0.14,0.18,-0.26,1,imu01,fusion_20260817T182528Z,243,25161434,482744093811349
482744125000000,25181,-0.68,-0.039,-0.735,0.17,-0.13,-0.45,1,imu01,fusion_20260817T182528Z,244,25181430,482744113804795
482744140000000,25201,-0.676,-0.036,-0.738,0.07,0.17,-0.29,1,imu01,fusion_20260817T182528Z,245,25201434,482744133806239
482744171000000,25221,-0.674,-0.04,-0.733,-0.09,-0.14,-0.35,1,imu01,fusion_20260817T182528Z,246,25221430,482744153799685
482744187000000,25241,-0.675,-0.037,-0.736,-0.09,-0.02,-0.26,1,imu01,fusion_20260817T182528Z,247,25241434,482744173801130
482744203000000,25261,-0.678,-0.038,-0.734,-0.07,-0.0,-0.21,1,imu01,fusion_20260817T182528Z,248,25261430,482744193794575
482744218000000,25281,-0.674,-0.04,-0.738,0.17,0.02,-0.49,1,imu01,fusion_20260817T182528Z,249,25281434,482744213796020
482744250000000,25301,-0.679,-0.038,-0.732,0.35,0.24,-0.22,1,imu01,fusion_20260817T182528Z,250,25301430,482744233789465
482744265000000,25321,-0.677,-0.038,-0.731,0.11,0.13,-0.29,1,imu01,fusion_20260817T182528Z,251,25321434,482744253790910
482744281000000,25341,-0.673,-0.035,-0.734,0.29,-0.18,-0.32,1,imu01,fusion_20260817T182528Z,252,25341430,482744273784355
482744296000000,25361,-0.675,-0.036,-0.738,0.03,-0.09,-0.05,1,imu01,fusion_20260817T182528Z,253,25361434,482744293785800
482744328000000,25381,-0.679,-0.037,-0.739,0.01,0.18,-0.03,1,imu01,fusion_20260817T182528Z,254,25381430,482744313779245
482744343000000,25401,-0.674,-0.039,-0.732,-0.16,-0.08,-0.19,1,imu01,fusion_20260817T182528Z,255,25401434,482744333780690
482744359000000,25421,-0.677,-0.036,-0.728,-0.04,0.37,-0.32,1,imu01,fusion_20260817T182528Z,256,25421430,482744353774136
482744390000000,25441,-0.674,-0.044,-0.739,-0.16,0.03,-0.14,1,imu01,fusion_20260817T182528Z,257,25441434,482744373775580
482744406000000,25461,-0.677,-0.04,-0.733,0.19,0.05,-0.32,1,imu01,fusion_20260817T182528Z,258,25461430,482744393769026
482744421000000,25481,-0.672,-0.035,-0.73,-0.4,-0.34,-0.34,1,imu01,fusion_20260817T182528Z,259,25481434,482744413770470
482744437000000,25501,-0.678,-0.039,-0.737,0.16,-0.32,-0.15,1,imu01,fusion_20260817T182528Z,260,25501430,482744433763916
482744468000000,25521,-0.677,-0.037,-0.733,0.1,-0.05,-0.16,1,imu01,fusion_20260817T182528Z,261,25521434,482744453765360
482744484000000,25541,-0.673,-0.04,-0.737,0.17,-0.13,-0.14,1,imu01,fusion_20260817T182528Z,262,25541430,482744473758806
482744500000000,25561,-0.677,-0.039,-0.735,-0.0,-0.15,-0.24,1,imu01,fusion_20260817T182528Z,263,25561434,482744493760251
482744531000000,25581,-0.676,-0.039,-0.734,0.34,-0.11,-0.38,1,imu01,fusion_20260817T182528Z,264,25581430,482744513753696
482744546000000,25601,-0.675,-0.042,-0.739,-0.23,0.01,-0.25,1,imu01,fusion_20260817T182528Z,265,25601434,482744533755141
482744562000000,25621,-0.676,-0.039,-0.738,0.22,0.19,-0.17,1,imu01,fusion_20260817T182528Z,266,25621430,482744553748586
482744578000000,25641,-0.675,-0.036,-0.739,-0.01,0.25,-0.08,1,imu01,fusion_20260817T182528Z,267,25641434,482744573750031
482744609000000,25661,-0.671,-0.041,-0.739,0.03,0.43,-0.24,1,imu01,fusion_20260817T182528Z,268,25661430,482744593743476
482744625000000,25681,-0.676,-0.039,-0.734,0.08,0.22,-0.18,1,imu01,fusion_20260817T182528Z,269,25681434,482744613744921
482744640000000,25701,-0.675,-0.037,-0.737,-0.49,-0.11,-0.29,1,imu01,fusion_20260817T182528Z,270,25701430,482744633738366
482744671000000,25721,-0.674,-0.039,-0.734,0.16,0.2,-0.16,1,imu01,fusion_20260817T182528Z,271,25721434,482744653739811
482744687000000,25741,-0.675,-0.04,-0.731,0.08,0.37,-0.09,1,imu01,fusion_20260817T182528Z,272,25741430,482744673733257
482744703000000,25761,-0.677,-0.037,-0.73,-0.04,-0.04,-0.26,1,imu01,fusion_20260817T182528Z,273,25761434,482744693734701
482744718000000,25781,-0.676,-0.037,-0.734,-0.11,-0.05,-0.46,1,imu01,fusion_20260817T182528Z,274,25781430,482744713728147
482744750000000,25801,-0.675,-0.039,-0.74,-0.04,0.05,-0.39,1,imu01,fusion_20260817T182528Z,275,25801434,482744733729591
482744765000000,25821,-0.677,-0.038,-0.735,-0.13,-0.08,-0.41,1,imu01,fusion_20260817T182528Z,276,25821430,482744753723037
482744781000000,25841,-0.668,-0.039,-0.734,0.1,-0.12,-0.38,1,imu01,fusion_20260817T182528Z,277,25841434,482744773724482
482744796000000,25861,-0.676,-0.039,-0.732,0.19,0.12,-0.21,1,imu01,fusion_20260817T182528Z,278,25861430,482744793717927
482744828000000,25881,-0.673,-0.036,-0.732,0.21,-0.01,-0.53,1,imu01,fusion_20260817T182528Z,279,25881434,482744813719372
482744843000000,25901,-0.676,-0.04,-0.737,-0.03,0.1,-0.03,1,imu01,fusion_20260817T182528Z,280,25901430,482744833712817
482744859000000,25921,-0.676,-0.041,-0.737,0.15,0.27,-0.13,1,imu01,fusion_20260817T182528Z,281,25921434,482744853714262
482744890000000,25941,-0.673,-0.039,-0.732,-0.2,-0.28,-0.16,1,imu01,fusion_20260817T182528Z,282,25941430,482744873707707
482744906000000,25961,-0.673,-0.039,-0.735,-0.22,-0.13,-0.14,1,imu01,fusion_20260817T182528Z,283,25961434,482744893709152
482744921000000,25981,-0.672,-0.034,-0.735,-0.05,0.05,-0.09,1,imu01,fusion_20260817T182528Z,284,25981430,482744913702597
482744937000000,26001,-0.674,-0.035,-0.742,0.22,-0.0,-0.13,1,imu01,fusion_20260817T182528Z,285,26001434,482744933704042
482744968000000,26021,-0.678,-0.04,-0.737,-0.03,0.21,-0.11,1,imu01,fusion_20260817T182528Z,286,26021430,482744953697488
482744984000000,26041,-0.674,-0.038,-0.73,-0.03,-0.01,-0.01,1,imu01,fusion_20260817T182528Z,287,26041434,482744973698932
482745000000000,26061,-0.672,-0.035,-0.736,0.03,0.4,-0.22,1,imu01,fusion_20260817T182528Z,288,26061430,482744993692378
482745031000000,26081,-0.676,-0.041,-0.738,0.06,0.12,-0.16,1,imu01,fusion_20260817T182528Z,289,26081434,482745013693822
482745046000000,26101,-0.673,-0.039,-0.738,-0.22,0.04,-0.23,1,imu01,fusion_20260817T182528Z,290,26101430,482745033687268
482745062000000,26121,-0.678,-0.04,-0.733,-0.14,0.43,-0.22,1,imu01,fusion_20260817T182528Z,291,26121434,482745053688712
482745078000000,26141,-0.676,-0.041,-0.735,-0.3,0.13,-0.43,1,imu01,fusion_20260817T182528Z,292,26141430,482745073682158
482745109000000,26161,-0.671,-0.037,-0.738,-0.34,-0.26,-0.22,1,imu01,fusion_20260817T182528Z,293,26161434,482745093683602
482745125000000,26181,-0.673,-0.035,-0.737,0.32,0.07,-0.06,1,imu01,fusion_20260817T182528Z,294,26181430,482745113677048
482745140000000,26201,-0.672,-0.037,-0.738,0.22,0.06,-0.4,1,imu01,fusion_20260817T182528Z,295,26201434,482745133678493
482745171000000,26221,-0.681,-0.038,-0.732,-0.22,0.4,-0.2,1,imu01,fusion_20260817T182528Z,296,26221430,482745153671938
482745187000000,26241,-0.676,-0.039,-0.733,0.18,0.25,-0.23,1,imu01,fusion_20260817T182528Z,297,26241434,482745173673383
482745203000000,26261,-0.674,-0.037,-0.728,-0.13,0.07,-0.23,1,imu01,fusion_20260817T182528Z,298,26261430,482745193666828
482745218000000,26281,-0.678,-0.037,-0.737,0.1,0.26,-0.22,1,imu01,fusion_20260817T182528Z,299,26281434,482745213668273
482745250000000,26301,-0.676,-0.039,-0.734,0.35,-0.08,-0.35,1,imu01,fusion_20260817T182528Z,300,26301430,482745233661718
482745265000000,26321,-0.673,-0.039,-0.736,0.11,0.2,-0.5,1,imu01,fusion_20260817T182528Z,301,26321434,482745253663163
482745281000000,26341,-0.676,-0.037,-0.73,0.16,0.01,-0.27,1,imu01,fusion_20260817T182528Z,302,26341430,482745273656609
482745312000000,26361,-0.673,-0.035,-0.739,-0.03,-0.01,-0.22,1,imu01,fusion_20260817T182528Z,303,26361434,482745293658053
482745328000000,26381,-0.678,-0.036,-0.735,-0.23,0.17,-0.19,1,imu01,fusion_20260817T182528Z,304,26381430,482745313651499
482745343000000,26401,-0.673,-0.037,-0.73,-0.74,0.19,-0.19,1,imu01,fusion_20260817T182528Z,305,26401434,482745333652943
482745359000000,26421,-0.675,-0.035,-0.736,0.06,-0.07,-0.17,1,imu01,fusion_20260817T182528Z,306,26421430,482745353646389
482745390000000,26441,-0.676,-0.035,-0.731,-0.25,-0.21,-0.52,1,imu01,fusion_20260817T182528Z,307,26441434,482745373647833
482745406000000,26461,-0.672,-0.037,-0.731,0.64,0.3,-0.42,1,imu01,fusion_20260817T182528Z,308,26461430,482745393641279
482745421000000,26481,-0.675,-0.039,-0.738,-0.2,-0.09,-0.43,1,imu01,fusion_20260817T182528Z,309,26481434,482745413642724
482745437000000,26501,-0.674,-0.038,-0.738,0.41,-0.2,-0.38,1,imu01,fusion_20260817T182528Z,310,26501430,482745433636169
482745468000000,26521,-0.68,-0.04,-0.735,0.64,0.13,-0.44,1,imu01,fusion_20260817T182528Z,311,26521434,482745453637614
482745484000000,26541,-0.677,-0.041,-0.74,-0.77,-0.54,-0.01,1,imu01,fusion_20260817T182528Z,312,26541430,482745473631059
482745500000000,26561,-0.672,-0.036,-0.741,0.61,0.75,-0.14,1,imu01,fusion_20260817T182528Z,313,26561434,482745493632504
482745531000000,26581,-0.675,-0.035,-0.745,-1.04,-0.78,-0.45,1,imu01,fusion_20260817T182528Z,314,26581430,482745513625949
482745546000000,26601,-0.675,-0.043,-0.738,-0.18,0.08,0.04,1,imu01,fusion_20260817T182528Z,315,26601434,482745533627394
482745562000000,26621,-0.676,-0.04,-0.735,0.72,0.3,-0.25,1,imu01,fusion_20260817T182528Z,316,26621430,482745553620840
482745578000000,26641,-0.675,-0.037,-0.73,0.12,0.08,-0.39,1,imu01,fusion_20260817T182528Z,317,26641434,482745573622284
482745609000000,26661,-0.676,-0.037,-0.731,0.31,0.52,-0.16,1,imu01,fusion_20260817T182528Z,318,26661430,482745593615730
482745625000000,26681,-0.674,-0.039,-0.73,0.45,0.28,-0.5,1,imu01,fusion_20260817T182528Z,319,26681434,482745613617174
482745640000000,26701,-0.679,-0.036,-0.735,-0.07,0.14,-0.3,1,imu01,fusion_20260817T182528Z,320,26701430,482745633610620
482745671000000,26721,-0.675,-0.041,-0.734,-0.02,0.06,-0.26,1,imu01,fusion_20260817T182528Z,321,26721434,482745653612064
482745687000000,26741,-0.675,-0.041,-0.725,0.1,-0.07,-0.24,1,imu01,fusion_20260817T182528Z,322,26741430,482745673605510
482745703000000,26761,-0.681,-0.041,-0.745,0.28,0.11,-0.31,1,imu01,fusion_20260817T182528Z,323,26761434,482745693606954
482745718000000,26781,-0.679,-0.036,-0.737,-0.01,0.03,-0.06,1,imu01,fusion_20260817T182528Z,324,26781430,482745713600400
482745750000000,26801,-0.675,-0.041,-0.734,-0.53,-0.01,-0.03,1,imu01,fusion_20260817T182528Z,325,26801434,482745733601845
482745765000000,26821,-0.675,-0.037,-0.733,0.03,0.09,-0.3,1,imu01,fusion_20260817T182528Z,326,26821430,482745753595290
482745781000000,26841,-0.673,-0.035,-0.731,0.27,0.4,-0.42,1,imu01,fusion_20260817T182528Z,327,26841434,482745773596735
482745796000000,26861,-0.678,-0.034,-0.739,0.22,0.17,-0.56,1,imu01,fusion_20260817T182528Z,328,26861430,482745793590180
482745828000000,26881,-0.678,-0.04,-0.727,-0.03,0.17,-0.32,1,imu01,fusion_20260817T182528Z,329,26881434,482745813591625
482745843000000,26901,-0.675,-0.039,-0.729,-0.03,-0.03,-0.34,1,imu01,fusion_20260817T182528Z,330,26901430,482745833585070
482745859000000,26921,-0.675,-0.046,-0.733,-0.07,0.23,0.0,1,imu01,fusion_20260817T182528Z,331,26921434,482745853586515
482745890000000,26941,-0.674,-0.042,-0.738,-0.18,-0.06,-0.25,1,imu01,fusion_20260817T182528Z,332,26941430,482745873579961
482745906000000,26961,-0.675,-0.041,-0.734,0.12,0.3,-0.18,1,imu01,fusion_20260817T182528Z,333,26961434,482745893581405
482745921000000,26981,-0.678,-0.037,-0.735,-0.31,-0.23,-0.42,1,imu01,fusion_20260817T182528Z,334,26981430,482745913574851
482745937000000,27001,-0.677,-0.037,-0.738,-0.15,-0.04,-0.18,1,imu01,fusion_20260817T182528Z,335,27001434,482745933576295
482745968000000,27021,-0.677,-0.043,-0.736,0.35,0.24,-0.35,1,imu01,fusion_20260817T182528Z,336,27021430,482745953569741
482745984000000,27041,-0.674,-0.037,-0.736,-0.29,-0.16,-0.2,1,imu01,fusion_20260817T182528Z,337,27041434,482745973571185
482746000000000,27061,-0.676,-0.041,-0.732,0.4,0.39,-0.14,1,imu01,fusion_20260817T182528Z,338,27061430,482745993564631
482746031000000,27081,-0.678,-0.037,-0.737,-0.03,-0.07,-0.29,1,imu01,fusion_20260817T182528Z,339,27081434,482746013566076
482746046000000,27101,-0.674,-0.039,-0.728,-0.06,0.11,-0.22,1,imu01,fusion_20260817T182528Z,340,27101430,482746033559521
482746062000000,27121,-0.676,-0.041,-0.732,0.1,-0.21,-0.34,1,imu01,fusion_20260817T182528Z,341,27121434,482746053560966
482746078000000,27141,-0.677,-0.04,-0.738,-0.29,0.05,-0.27,1,imu01,fusion_20260817T182528Z,342,27141430,482746073554411
482746109000000,27161,-0.678,-0.038,-0.732,-0.32,-0.34,-0.13,1,imu01,fusion_20260817T182528Z,343,27161434,482746093555856
482746125000000,27181,-0.685,-0.034,-0.733,0.06,0.05,-0.35,1,imu01,fusion_20260817T182528Z,344,27181430,482746113549301
482746140000000,27201,-0.675,-0.037,-0.737,-0.61,0.05,-0.27,1,imu01,fusion_20260817T182528Z,345,27201434,482746133550746
482746171000000,27221,-0.674,-0.037,-0.732,-0.84,-0.55,-0.18,1,imu01,fusion_20260817T182528Z,346,27221430,482746153544192
482746187000000,27241,-0.679,-0.036,-0.736,0.63,0.47,-0.28,1,imu01,fusion_20260817T182528Z,347,27241434,482746173545636
482746203000000,27261,-0.675,-0.041,-0.728,-0.27,0.01,-0.33,1,imu01,fusion_20260817T182528Z,348,27261430,482746193539082
482746218000000,27281,-0.676,-0.038,-0.724,0.32,0.23,-0.27,1,imu01,fusion_20260817T182528Z,349,27281434,482746213540526
482746250000000,27301,-0.674,-0.036,-0.736,-0.06,0.12,-0.29,1,imu01,fusion_20260817T182528Z,350,27301430,482746233533972
482746265000000,27321,-0.674,-0.037,-0.734,-0.29,0.02,-0.16,1,imu01,fusion_20260817T182528Z,351,27321434,482746253535416
482746281000000,27341,-0.68,-0.042,-0.734,0.23,-0.21,-0.37,1,imu01,fusion_20260817T182528Z,352,27341430,482746273528862
482746296000000,27361,-0.674,-0.035,-0.73,0.15,0.55,-0.22,1,imu01,fusion_20260817T182528Z,353,27361434,482746293530306
482746328000000,27381,-0.676,-0.035,-0.735,-0.15,0.13,-0.17,1,imu01,fusion_20260817T182528Z,354,27381430,482746313523752
482746343000000,27401,-0.674,-0.039,-0.735,0.15,0.37,-0.17,1,imu01,fusion_20260817T182528Z,355,27401434,482746333525197
482746359000000,27421,-0.677,-0.042,-0.737,-0.09,0.16,-0.34,1,imu01,fusion_20260817T182528Z,356,27421430,482746353518642
482746390000000,27441,-0.675,-0.038,-0.732,0.06,0.21,-0.4,1,imu01,fusion_20260817T182528Z,357,27441434,482746373520087
482746406000000,27461,-0.673,-0.036,-0.733,0.02,0.11,-0.2,1,imu01,fusion_20260817T182528Z,358,27461430,482746393513532
482746421000000,27481,-0.678,-0.041,-0.739,0.48,0.14,-0.12,1,imu01,fusion_20260817T182528Z,359,27481434,482746413514977
482746437000000,27501,-0.677,-0.041,-0.743,-0.02,0.22,-0.18,1,imu01,fusion_20260817T182528Z,360,27501430,482746433508422
482746468000000,27521,-0.675,-0.034,-0.743,-0.3,-0.14,-0.31,1,imu01,fusion_20260817T182528Z,361,27521434,482746453509867
482746484000000,27541,-0.678,-0.037,-0.735,-0.16,0.23,-0.33,1,imu01,fusion_20260817T182528Z,362,27541430,482746473503313
482746500000000,27561,-0.675,-0.037,-0.733,0.11,0.11,-0.25,1,imu01,fusion_20260817T182528Z,363,27561434,482746493504757
482746531000000,27581,-0.672,-0.037,-0.735,0.02,-0.28,-0.19,1,imu01,fusion_20260817T182528Z,364,27581430,482746513498203
482746546000000,27601,-0.677,-0.038,-0.743,-0.04,-0.14,-0.2,1,imu01,fusion_20260817T182528Z,365,27601434,482746533499647
482746562000000,27621,-0.675,-0.039,-0.731,0.1,0.27,-0.58,1,imu01,fusion_20260817T182528Z,366,27621430,482746553493093
482746578000000,27641,-0.676,-0.04,-0.737,0.12,-0.15,-0.06,1,imu01,fusion_20260817T182528Z,367,27641434,482746573494537
482746609000000,27661,-0.677,-0.04,-0.738,0.05,0.26,-0.24,1,imu01,fusion_20260817T182528Z,368,27661430,482746593487983
482746625000000,27681,-0.679,-0.036,-0.738,0.07,0.07,-0.46,1,imu01,fusion_20260817T182528Z,369,27681434,482746613489428
482746640000000,27701,-0.678,-0.039,-0.735,0.19,0.21,-0.49,1,imu01,fusion_20260817T182528Z,370,27701430,482746633482873
482746671000000,27721,-0.678,-0.039,-0.73,-0.03,0.22,-0.18,1,imu01,fusion_20260817T182528Z,371,27721434,482746653484318
482746687000000,27741,-0.676,-0.037,-0.734,-0.05,-0.0,-0.27,1,imu01,fusion_20260817T182528Z,372,27741430,482746673477763
482746703000000,27761,-0.674,-0.035,-0.737,0.18,0.3,-0.22,1,imu01,fusion_20260817T182528Z,373,27761434,482746693479208
482746718000000,27781,-0.675,-0.038,-0.733,0.16,0.03,-0.19,1,imu01,fusion_20260817T182528Z,374,27781430,482746713472653
482746750000000,27801,-0.674,-0.038,-0.737,0.16,0.07,-0.3,1,imu01,fusion_20260817T182528Z,375,27801434,482746733474098
482746765000000,27821,-0.673,-0.035,-0.731,-0.08,0.17,-0.45,1,imu01,fusion_20260817T182528Z,376,27821430,482746753467544
482746781000000,27841,-0.677,-0.043,-0.736,0.32,0.33,-0.11,1,imu01,fusion_20260817T182528Z,377,27841434,482746773468988
482746796000000,27861,-0.677,-0.041,-0.73,-0.06,0.07,-0.23,1,imu01,fusion_20260817T182528Z,378,27861430,482746793462434
482746828000000,27881,-0.675,-0.04,-0.742,0.07,0.13,-0.25,1,imu01,fusion_20260817T182528Z,379,27881434,482746813463878
482746843000000,27901,-0.674,-0.039,-0.738,0.1,0.21,-0.51,1,imu01,fusion_20260817T182528Z,380,27901430,482746833457324
482746859000000,27921,-0.681,-0.04,-0.735,-0.26,0.12,-0.2,1,imu01,fusion_20260817T182528Z,381,27921434,482746853458768
482746890000000,27941,-0.67,-0.038,-0.738,0.08,-0.28,-0.06,1,imu01,fusion_20260817T182528Z,382,27941430,482746873452214
482746906000000,27961,-0.677,-0.039,-0.732,0.35,0.3,-0.34,1,imu01,fusion_20260817T182528Z,383,27961434,482746893453658
482746921000000,27981,-0.676,-0.035,-0.74,0.11,0.08,-0.34,1,imu01,fusion_20260817T182528Z,384,27981430,482746913447104
482746937000000,28001,-0.675,-0.042,-0.734,0.53,0.37,-0.32,1,imu01,fusion_20260817T182528Z,385,28001434,482746933448549
482746968000000,28021,-0.677,-0.042,-0.73,-0.31,-0.17,-0.22,1,imu01,fusion_20260817T182528Z,386,28021430,482746953441994
482746984000000,28041,-0.676,-0.04,-0.732,-0.15,0.05,-0.33,1,imu01,fusion_20260817T182528Z,387,28041434,482746973443439
482747000000000,28061,-0.679,-0.039,-0.735,0.13,0.11,-0.23,1,imu01,fusion_20260817T182528Z,388,28061430,482746993436884
482747031000000,28081,-0.676,-0.04,-0.737,-0.21,-0.05,-0.19,1,imu01,fusion_20260817T182528Z,389,28081434,482747013438329
482747046000000,28101,-0.676,-0.038,-0.73,0.08,0.18,-0.44,1,imu01,fusion_20260817T182528Z,390,28101430,482747033431774
482747062000000,28121,-0.677,-0.037,-0.734,0.04,0.31,-0.32,1,imu01,fusion_20260817T182528Z,391,28121434,482747053433219
482747078000000,28141,-0.672,-0.033,-0.731,-0.03,0.05,-0.01,1,imu01,fusion_20260817T182528Z,392,28141430,482747073426665
482747109000000,28161,-0.673,-0.04,-0.734,-0.16,-0.08,-0.12,1,imu01,fusion_20260817T182528Z,393,28161434,482747093428109
482747125000000,28181,-0.68,-0.042,-0.738,-0.03,0.29,-0.38,1,imu01,fusion_20260817T182528Z,394,28181430,482747113421555
482747140000000,28201,-0.679,-0.037,-0.733,0.22,0.11,-0.4,1,imu01,fusion_20260817T182528Z,395,28201434,482747133422999
482747171000000,28221,-0.676,-0.04,-0.729,0.2,-0.16,-0.31,1,imu01,fusion_20260817T182528Z,396,28221430,482747153416445
482747187000000,28241,-0.674,-0.039,-0.736,0.09,0.03,-0.27,1,imu01,fusion_20260817T182528Z,397,28241434,482747173417889
482747203000000,28261,-0.677,-0.04,-0.743,0.02,0.16,-0.22,1,imu01,fusion_20260817T182528Z,398,28261430,482747193411335
482747218000000,28281,-0.679,-0.034,-0.737,-0.34,0.06,-0.32,1,imu01,fusion_20260817T182528Z,399,28281434,482747213412780
482747250000000,28301,-0.677,-0.036,-0.736,0.02,0.06,-0.36,1,imu01,fusion_20260817T182528Z,400,28301430,482747233406225
482747265000000,28321,-0.674,-0.039,-0.738,-0.07,0.01,-0.22,1,imu01,fusion_20260817T182528Z,401,28321434,482747253407670
482747281000000,28341,-0.674,-0.038,-0.737,0.05,0.13,-0.14,1,imu01,fusion_20260817T182528Z,402,28341430,482747273401115
482747296000000,28361,-0.678,-0.041,-0.728,-0.12,0.13,-0.18,1,imu01,fusion_20260817T182528Z,403,28361434,482747293402560
482747328000000,28381,-0.678,-0.041,-0.731,-0.12,0.18,-0.09,1,imu01,fusion_20260817T182528Z,404,28381430,482747313396005
482747343000000,28401,-0.677,-0.036,-0.734,-0.25,-0.04,-0.39,1,imu01,fusion_20260817T182528Z,405,28401434,482747333397450
482747359000000,28421,-0.679,-0.039,-0.729,0.05,0.01,-0.38,1,imu01,fusion_20260817T182528Z,406,28421430,482747353390896
482747390000000,28441,-0.677,-0.039,-0.74,0.3,0.28,-0.14,1,imu01,fusion_20260817T182528Z,407,28441434,482747373392340
482747406000000,28461,-0.672,-0.038,-0.733,0.1,-0.13,-0.17,1,imu01,fusion_20260817T182528Z,408,28461430,482747393385786
482747421000000,28481,-0.676,-0.04,-0.734,0.1,0.27,-0.38,1,imu01,fusion_20260817T182528Z,409,28481434,482747413387230
482747437000000,28501,-0.674,-0.043,-0.736,0.11,-0.07,-0.32,1,imu01,fusion_20260817T182528Z,410,28501430,482747433380676
482747468000000,28521,-0.677,-0.038,-0.736,-0.02,0.14,-0.27,1,imu01,fusion_20260817T182528Z,411,28521434,482747453382120
482747484000000,28541,-0.678,-0.037,-0.736,-0.1,0.04,-0.57,1,imu01,fusion_20260817T182528Z,412,28541430,482747473375566
482747500000000,28561,-0.677,-0.041,-0.732,-0.2,-0.23,-0.19,1,imu01,fusion_20260817T182528Z,413,28561434,482747493377010
482747531000000,28581,-0.678,-0.032,-0.741,-0.14,0.14,-0.29,1,imu01,fusion_20260817T182528Z,414,28581430,482747513370456
482747546000000,28601,-0.676,-0.036,-0.733,-0.07,0.25,-0.22,1,imu01,fusion_20260817T182528Z,415,28601434,482747533371901
482747562000000,28621,-0.673,-0.036,-0.736,-0.09,0.13,-0.29,1,imu01,fusion_20260817T182528Z,416,28621430,482747553365346
482747578000000,28641,-0.674,-0.036,-0.735,0.1,0.18,-0.45,1,imu01,fusion_20260817T182528Z,417,28641434,482747573366791
482747609000000,28661,-0.676,-0.037,-0.729,0.06,0.15,-0.51,1,imu01,fusion_20260817T182528Z,418,28661430,482747593360236
482747625000000,28681,-0.677,-0.036,-0.728,0.35,0.21,-0.19,1,imu01,fusion_20260817T182528Z,419,28681434,482747613361681
482747640000000,28701,-0.676,-0.034,-0.733,-0.05,-0.09,-0.16,1,imu01,fusion_20260817T182528Z,420,28701430,482747633355126
482747671000000,28721,-0.674,-0.041,-0.739,0.16,0.39,-0.25,1,imu01,fusion_20260817T182528Z,421,28721434,482747653356571
482747687000000,28741,-0.676,-0.037,-0.732,-0.55,0.01,-0.35,1,imu01,fusion_20260817T182528Z,422,28741430,482747673350017
482747703000000,28761,-0.674,-0.039,-0.735,-0.4,-0.19,-0.26,1,imu01,fusion_20260817T182528Z,423,28761434,482747693351461
482747718000000,28781,-0.679,-0.035,-0.734,0.32,0.21,-0.22,1,imu01,fusion_20260817T182528Z,424,28781430,482747713344907
482747750000000,28801,-0.675,-0.042,-0.745,-0.16,0.14,-0.51,1,imu01,fusion_20260817T182528Z,425,28801434,482747733346351
482747765000000,28821,-0.675,-0.039,-0.732,-0.29,-0.05,-0.34,1,imu01,fusion_20260817T182528Z,426,28821430,482747753339797
482747781000000,28841,-0.677,-0.038,-0.744,-0.2,0.32,-0.09,1,imu01,fusion_20260817T182528Z,427,28841434,482747773341241
482747796000000,28861,-0.675,-0.038,-0.735,-0.1,0.01,-0.28,1,imu01,fusion_20260817T182528Z,428,28861430,482747793334687
482747828000000,28881,-0.677,-0.04,-0.737,-0.21,0.09,-0.31,1,imu01,fusion_20260817T182528Z,429,28881434,482747813336132
482747843000000,28901,-0.678,-0.036,-0.742,-0.34,-0.03,-0.03,1,imu01,fusion_20260817T182528Z,430,28901430,482747833329577
482747859000000,28921,-0.672,-0.04,-0.737,0.33,0.25,-0.33,1,imu01,fusion_20260817T182528Z,431,28921434,482747853331022
482747890000000,28941,-0.678,-0.038,-0.733,0.13,0.38,-0.31,1,imu01,fusion_20260817T182528Z,432,28941430,482747873324467
482747906000000,28961,-0.678,-0.039,-0.742,0.25,0.09,-0.58,1,imu01,fusion_20260817T182528Z,433,28961434,482747893325912
482747921000000,28981,-0.679,-0.035,-0.735,-0.08,0.2,-0.22,1,imu01,fusion_20260817T182528Z,434,28981430,482747913319357
482747937000000,29001,-0.675,-0.036,-0.731,0.08,0.16,-0.38,1,imu01,fusion_20260817T182528Z,435,29001434,482747933320802
482747968000000,29021,-0.675,-0.037,-0.736,0.03,0.23,-0.28,1,imu01,fusion_20260817T182528Z,436,29021430,482747953314248
482747984000000,29041,-0.678,-0.041,-0.731,0.21,-0.04,-0.39,1,imu01,fusion_20260817T182528Z,437,29041434,482747973315692
482748000000000,29061,-0.675,-0.041,-0.739,0.39,-0.17,-0.44,1,imu01,fusion_20260817T182528Z,438,29061430,482747993309138
482748031000000,29081,-0.669,-0.035,-0.741,0.07,0.27,-0.25,1,imu01,fusion_20260817T182528Z,439,29081434,482748013310582
482748046000000,29101,-0.675,-0.038,-0.738,-0.03,-0.18,-0.23,1,imu01,fusion_20260817T182528Z,440,29101430,482748033304028
482748062000000,29121,-0.676,-0.037,-0.735,-0.02,0.09,-0.16,1,imu01,fusion_20260817T182528Z,441,29121434,482748053305472
482748078000000,29141,-0.676,-0.038,-0.733,0.4,0.15,-0.07,1,imu01,fusion_20260817T182528Z,442,29141430,482748073298918
482748109000000,29161,-0.678,-0.043,-0.731,0.01,0.44,-0.43,1,imu01,fusion_20260817T182528Z,443,29161434,482748093300362
482748125000000,29181,-0.673,-0.038,-0.73,0.51,-0.02,-0.13,1,imu01,fusion_20260817T182528Z,444,29181430,482748113293808
482748140000000,29201,-0.673,-0.039,-0.734,0.64,-0.0,-0.18,1,imu01,fusion_20260817T182528Z,445,29201434,482748133295253
482748171000000,29221,-0.674,-0.039,-0.736,-0.23,0.01,-0.16,1,imu01,fusion_20260817T182528Z,446,29221430,482748153288698
482748187000000,29241,-0.679,-0.039,-0.733,0.26,-0.0,-0.06,1,imu01,fusion_20260817T182528Z,447,29241434,482748173290143
482748203000000,29261,-0.674,-0.04,-0.738,-0.08,0.17,-0.13,1,imu01,fusion_20260817T182528Z,448,29261430,482748193283588
482748218000000,29281,-0.676,-0.039,-0.735,0.06,0.17,-0.07,1,imu01,fusion_20260817T182528Z,449,29281434,482748213285033
482748250000000,29301,-0.674,-0.039,-0.743,0.07,0.24,-0.26,1,imu01,fusion_20260817T182528Z,450,29301430,482748233278478
482748265000000,29321,-0.672,-0.04,-0.738,0.14,0.3,-0.21,1,imu01,fusion_20260817T182528Z,451,29321434,482748253279923
482748281000000,29341,-0.677,-0.039,-0.736,0.03,0.16,0.08,1,imu01,fusion_20260817T182528Z,452,29341430,482748273273369
482748296000000,29361,-0.676,-0.034,-0.731,0.33,0.24,-0.23,1,imu01,fusion_20260817T182528Z,453,29361434,482748293274813
482748328000000,29381,-0.676,-0.039,-0.734,-0.0,-0.36,-0.42,1,imu01,fusion_20260817T182528Z,454,29381430,482748313268259
482748343000000,29401,-0.674,-0.035,-0.736,-0.29,0.25,-0.19,1,imu01,fusion_20260817T182528Z,455,29401434,482748333269703
482748359000000,29421,-0.677,-0.038,-0.738,-0.01,0.16,-0.34,1,imu01,fusion_20260817T182528Z,456,29421430,482748353263149
482748390000000,29441,-0.676,-0.037,-0.732,-0.01,0.03,-0.17,1,imu01,fusion_20260817T182528Z,457,29441434,482748373264593
482748406000000,29461,-0.673,-0.038,-0.736,0.08,-0.24,-0.19,1,imu01,fusion_20260817T182528Z,458,29461430,482748393258039
482748421000000,29481,-0.675,-0.041,-0.739,-0.23,0.21,-0.29,1,imu01,fusion_20260817T182528Z,459,29481434,482748413259484
482748437000000,29501,-0.674,-0.04,-0.738,0.35,0.27,-0.43,1,imu01,fusion_20260817T182528Z,460,29501430,482748433252929
482748468000000,29521,-0.676,-0.04,-0.737,-0.03,-0.07,-0.3,1,imu01,fusion_20260817T182528Z,461,29521434,482748453254374
482748484000000,29541,-0.672,-0.039,-0.737,0.26,0.05,-0.11,1,imu01,fusion_20260817T182528Z,462,29541430,482748473247819
482748500000000,29561,-0.674,-0.038,-0.733,0.12,0.39,-0.21,1,imu01,fusion_20260817T182528Z,463,29561434,482748493249264
482748531000000,29581,-0.679,-0.034,-0.738,-0.42,-0.05,-0.23,1,imu01,fusion_20260817T182528Z,464,29581430,482748513242709
482748546000000,29601,-0.677,-0.039,-0.737,0.16,0.29,-0.09,1,imu01,fusion_20260817T182528Z,465,29601434,482748533244154
482748562000000,29621,-0.676,-0.039,-0.739,-0.33,-0.09,-0.22,1,imu01,fusion_20260817T182528Z,466,29621430,482748553237600
482748578000000,29641,-0.677,-0.043,-0.741,-0.22,0.22,-0.29,1,imu01,fusion_20260817T182528Z,467,29641434,482748573239044
482748609000000,29661,-0.678,-0.037,-0.734,-0.07,0.14,-0.19,1,imu01,fusion_20260817T182528Z,468,29661430,482748593232490
482748625000000,29681,-0.674,-0.038,-0.734,-0.33,0.24,-0.16,1,imu01,fusion_20260817T182528Z,469,29681434,482748613233934
482748640000000,29701,-0.673,-0.036,-0.742,0.3,0.37,-0.24,1,imu01,fusion_20260817T182528Z,470,29701430,482748633227380
482748671000000,29721,-0.674,-0.038,-0.735,-0.11,0.08,-0.22,1,imu01,fusion_20260817T182528Z,471,29721434,482748653228824
482748687000000,29741,-0.675,-0.038,-0.733,0.26,0.1,-0.29,1,imu01,fusion_20260817T182528Z,472,29741430,482748673222270
482748703000000,29761,-0.674,-0.035,-0.741,0.1,-0.18,-0.27,1,imu01,fusion_20260817T182528Z,473,29761434,482748693223714
482748718000000,29781,-0.676,-0.04,-0.736,0.1,0.06,-0.29,1,imu01,fusion_20260817T182528Z,474,29781430,482748713217160
482748750000000,29801,-0.677,-0.038,-0.728,-0.07,0.13,-0.13,1,imu01,fusion_20260817T182528Z,475,29801434,482748733218605
482748765000000,29821,-0.676,-0.034,-0.729,-0.16,0.37,-0.22,1,imu01,fusion_20260817T182528Z,476,29821430,482748753212050
482748781000000,29841,-0.678,-0.035,-0.733,-0.08,0.06,-0.32,1,imu01,fusion_20260817T182528Z,477,29841434,482748773213495
482748796000000,29861,-0.676,-0.042,-0.728,-0.1,-0.02,-0.25,1,imu01,fusion_20260817T182528Z,478,29861430,482748793206940
482748828000000,29881,-0.674,-0.04,-0.736,0.48,-0.02,-0.33,1,imu01,fusion_20260817T182528Z,479,29881434,482748813208385
482748843000000,29901,-0.67,-0.036,-0.737,-0.29,0.09,-0.07,1,imu01,fusion_20260817T182528Z,480,29901430,482748833201830
482748859000000,29921,-0.68,-0.037,-0.74,0.16,-0.19,-0.38,1,imu01,fusion_20260817T182528Z,481,29921434,482748853203275
482748890000000,29941,-0.677,-0.036,-0.731,0.44,0.2,-0.15,1,imu01,fusion_20260817T182528Z,482,29941430,482748873196721
482748906000000,29961,-0.676,-0.039,-0.734,0.11,0.1,-0.29,1,imu01,fusion_20260817T182528Z,483,29961434,482748893198165
482748921000000,29981,-0.675,-0.037,-0.734,-0.23,-0.02,-0.49,1,imu01,fusion_20260817T182528Z,484,29981430,482748913191611
482748937000000,30001,-0.673,-0.037,-0.74,0.52,0.21,-0.17,1,imu01,fusion_20260817T182528Z,485,30001434,482748933193055
482748968000000,30021,-0.675,-0.033,-0.736,-0.23,-0.42,-0.38,1,imu01,fusion_20260817T182528Z,486,30021430,482748953186501
482748984000000,30041,-0.677,-0.037,-0.738,0.31,0.28,-0.4,1,imu01,fusion_20260817T182528Z,487,30041434,482748973187945
482749000000000,30061,-0.671,-0.037,-0.741,-0.42,-0.02,-0.25,1,imu01,fusion_20260817T182528Z,488,30061430,482748993181391
482749031000000,30081,-0.677,-0.038,-0.734,-0.65,-0.15,-0.06,1,imu01,fusion_20260817T182528Z,489,30081434,482749013182836
482749046000000,30101,-0.674,-0.038,-0.74,0.81,0.46,-0.32,1,imu01,fusion_20260817T182528Z,490,30101430,482749033176281
482749062000000,30121,-0.678,-0.039,-0.739,-0.27,0.06,-0.26,1,imu01,fusion_20260817T182528Z,491,30121434,482749053177726
482749078000000,30141,-0.673,-0.04,-0.734,-0.09,0.23,-0.25,1,imu01,fusion_20260817T182528Z,492,30141430,482749073171171
482749109000000,30161,-0.678,-0.039,-0.729,-0.42,-0.09,0.04,1,imu01,fusion_20260817T182528Z,493,30161434,482749093172616
482749125000000,30181,-0.676,-0.035,-0.739,0.05,-0.25,-0.22,1,imu01,fusion_20260817T182528Z,494,30181430,482749113166061
482749140000000,30201,-0.679,-0.039,-0.735,-0.17,0.01,-0.13,1,imu01,fusion_20260817T182528Z,495,30201434,482749133167506
482749156000000,30221,-0.677,-0.036,-0.738,0.33,0.09,-0.03,1,imu01,fusion_20260817T182528Z,496,30221430,482749153160951
482749187000000,30241,-0.671,-0.04,-0.738,-0.04,0.14,-0.42,1,imu01,fusion_20260817T182528Z,497,30241434,482749173162396
482749203000000,30261,-0.674,-0.038,-0.737,0.21,0.23,-0.35,1,imu01,fusion_20260817T182528Z,498,30261430,482749193155842
482749218000000,30281,-0.678,-0.037,-0.737,-0.53,-0.34,-0.14,1,imu01,fusion_20260817T182528Z,499,30281434,482749213157286
482749250000000,30301,-0.679,-0.038,-0.734,-0.15,-0.28,-0.25,1,imu01,fusion_20260817T182528Z,500,30301430,482749233150732
482749265000000,30321,-0.675,-0.04,-0.736,-0.12,-0.13,-0.32,1,imu01,fusion_20260817T182528Z,501,30321434,482749253152176
482749281000000,30341,-0.676,-0.034,-0.732,-0.2,0.08,-0.5,1,imu01,fusion_20260817T182528Z,502,30341430,482749273145622
482749296000000,30361,-0.677,-0.036,-0.736,-0.07,0.07,-0.03,1,imu01,fusion_20260817T182528Z,503,30361434,482749293147066
482749328000000,30381,-0.673,-0.038,-0.734,-0.05,0.14,-0.52,1,imu01,fusion_20260817T182528Z,504,30381430,482749313140512
482749343000000,30401,-0.674,-0.036,-0.737,0.28,0.15,-0.33,1,imu01,fusion_20260817T182528Z,505,30401434,482749333141957
482749359000000,30421,-0.676,-0.038,-0.731,-0.2,0.21,-0.02,1,imu01,fusion_20260817T182528Z,506,30421430,482749353135402
482749390000000,30441,-0.679,-0.04,-0.734,0.24,0.05,-0.42,1,imu01,fusion_20260817T182528Z,507,30441434,482749373136847
482749406000000,30461,-0.678,-0.039,-0.735,0.06,0.17,-0.17,1,imu01,fusion_20260817T182528Z,508,30461430,482749393130292
482749421000000,30481,-0.679,-0.037,-0.735,-0.04,-0.05,-0.29,1,imu01,fusion_20260817T182528Z,509,30481434,482749413131737
482749437000000,30501,-0.672,-0.035,-0.741,-0.04,0.23,-0.25,1,imu01,fusion_20260817T182528Z,510,30501430,482749433125182
482749468000000,30521,-0.674,-0.038,-0.734,-0.09,0.17,-0.38,1,imu01,fusion_20260817T182528Z,511,30521434,482749453126627
482749484000000,30541,-0.676,-0.035,-0.735,-0.1,0.17,-0.38,1,imu01,fusion_20260817T182528Z,512,30541430,482749473120072
482749500000000,30561,-0.671,-0.037,-0.733,-0.03,0.18,-0.1,1,imu01,fusion_20260817T182528Z,513,30561434,482749493121517
482749531000000,30581,-0.673,-0.037,-0.741,-0.1,0.27,-0.23,1,imu01,fusion_20260817T182528Z,514,30581430,482749513114963
482749546000000,30601,-0.674,-0.037,-0.736,0.32,0.22,-0.27,1,imu01,fusion_20260817T182528Z,515,30601434,482749533116407
482749562000000,30621,-0.676,-0.033,-0.737,-0.02,0.31,-0.54,1,imu01,fusion_20260817T182528Z,516,30621430,482749553109853
482749578000000,30641,-0.672,-0.039,-0.731,0.22,0.04,0.01,1,imu01,fusion_20260817T182528Z,517,30641434,482749573111297
482749609000000,30661,-0.673,-0.039,-0.737,-0.28,0.31,-0.45,1,imu01,fusion_20260817T182528Z,518,30661430,482749593104743
482749625000000,30681,-0.672,-0.036,-0.734,-0.1,-0.28,-0.1,1,imu01,fusion_20260817T182528Z,519,30681434,482749613106187
482749640000000,30701,-0.674,-0.039,-0.733,0.04,0.11,-0.13,1,imu01,fusion_20260817T182528Z,520,30701430,482749633099633
482749671000000,30721,-0.673,-0.04,-0.737,0.03,0.08,-0.35,1,imu01,fusion_20260817T182528Z,521,30721434,482749653101078
482749687000000,30741,-0.674,-0.043,-0.736,0.2,0.21,-0.19,1,imu01,fusion_20260817T182528Z,522,30741430,482749673094523
482749703000000,30761,-0.679,-0.035,-0.736,0.19,0.04,-0.27,1,imu01,fusion_20260817T182528Z,523,30761434,482749693095968
482749718000000,30781,-0.677,-0.036,-0.733,-0.07,-0.35,-0.29,1,imu01,fusion_20260817T182528Z,524,30781430,482749713089413
482749750000000,30801,-0.674,-0.039,-0.735,0.43,0.22,-0.27,1,imu01,fusion_20260817T182528Z,525,30801434,482749733090858
482749765000000,30821,-0.673,-0.037,-0.734,0.07,0.36,-0.27,1,imu01,fusion_20260817T182528Z,526,30821430,482749753084303
482749781000000,30841,-0.677,-0.037,-0.739,-0.32,0.08,-0.29,1,imu01,fusion_20260817T182528Z,527,30841434,482749773085748
482749796000000,30861,-0.679,-0.038,-0.736,-0.07,0.14,-0.22,1,imu01,fusion_20260817T182528Z,528,30861430,482749793079194
482749828000000,30881,-0.675,-0.04,-0.734,-0.03,0.23,-0.16,1,imu01,fusion_20260817T182528Z,529,30881434,482749813080638
482749843000000,30901,-0.675,-0.039,-0.741,-0.13,0.36,-0.27,1,imu01,fusion_20260817T182528Z,530,30901430,482749833074084
482749859000000,30921,-0.678,-0.039,-0.733,0.19,0.08,-0.24,1,imu01,fusion_20260817T182528Z,531,30921434,482749853075528
482749890000000,30941,-0.675,-0.04,-0.731,-0.07,0.24,-0.09,1,imu01,fusion_20260817T182528Z,532,30941430,482749873068974
482749906000000,30961,-0.673,-0.037,-0.729,-0.17,0.21,-0.25,1,imu01,fusion_20260817T182528Z,533,30961434,482749893070418
482749921000000,30981,-0.673,-0.035,-0.739,0.23,0.17,-0.14,1,imu01,fusion_20260817T182528Z,534,30981430,482749913063864
482749937000000,31001,-0.675,-0.038,-0.734,-0.46,-0.24,-0.21,1,imu01,fusion_20260817T182528Z,535,31001434,482749933065308
482749968000000,31021,-0.675,-0.035,-0.738,0.07,-0.17,-0.15,1,imu01,fusion_20260817T182528Z,536,31021430,482749953058754
482749984000000,31041,-0.673,-0.039,-0.738,-0.11,-0.02,-0.33,1,imu01,fusion_20260817T182528Z,537,31041434,482749973060199
482750000000000,31061,-0.677,-0.038,-0.736,-0.3,-0.0,-0.15,1,imu01,fusion_20260817T182528Z,538,31061430,482749993053644
482750031000000,31081,-0.678,-0.036,-0.743,-0.64,-0.01,-0.28,1,imu01,fusion_20260817T182528Z,539,31081434,482750013055089
482750046000000,31101,-0.675,-0.038,-0.733,-0.53,-0.47,-0.29,1,imu01,fusion_20260817T182528Z,540,31101430,482750033048534
482750062000000,31121,-0.672,-0.038,-0.729,-0.69,-0.09,-0.19,1,imu01,fusion_20260817T182528Z,541,31121434,482750053049979
482750078000000,31141,-0.673,-0.037,-0.742,-0.67,-0.31,-0.13,1,imu01,fusion_20260817T182528Z,542,31141430,482750073043424
482750109000000,31161,-0.676,-0.037,-0.736,0.56,0.53,-0.23,1,imu01,fusion_20260817T182528Z,543,31161434,482750093044869
482750125000000,31181,-0.682,-0.038,-0.731,-0.39,-0.41,-0.1,1,imu01,fusion_20260817T182528Z,544,31181430,482750113038315
482750140000000,31201,-0.677,-0.036,-0.733,0.48,0.35,-0.14,1,imu01,fusion_20260817T182528Z,545,31201434,482750133039759
482750171000000,31221,-0.675,-0.035,-0.726,-0.11,0.19,-0.22,1,imu01,fusion_20260817T182528Z,546,31221430,482750153033205
482750187000000,31241,-0.676,-0.036,-0.735,0.53,0.43,-0.29,1,imu01,fusion_20260817T182528Z,547,31241434,482750173034649
482750203000000,31261,-0.676,-0.036,-0.738,0.5,0.08,-0.28,1,imu01,fusion_20260817T182528Z,548,31261430,482750193028095
482750218000000,31281,-0.673,-0.038,-0.737,0.76,0.21,-0.22,1,imu01,fusion_20260817T182528Z,549,31281434,482750213029539
482750250000000,31301,-0.679,-0.038,-0.734,0.03,0.44,-0.18,1,imu01,fusion_20260817T182528Z,550,31301430,482750233022985
482750265000000,31321,-0.68,-0.033,-0.737,0.14,0.34,-0.13,1,imu01,fusion_20260817T182528Z,551,31321434,482750253024430
482750281000000,31341,-0.673,-0.042,-0.736,0.13,0.09,-0.35,1,imu01,fusion_20260817T182528Z,552,31341430,482750273017875
482750296000000,31361,-0.679,-0.038,-0.736,-0.08,0.19,-0.22,1,imu01,fusion_20260817T182528Z,553,31361434,482750293019320
482750328000000,31381,-0.675,-0.04,-0.74,0.54,0.27,-0.14,1,imu01,fusion_20260817T182528Z,554,31381430,482750313012765
482750343000000,31401,-0.678,-0.036,-0.734,0.17,-0.19,-0.45,1,imu01,fusion_20260817T182528Z,555,31401434,482750333014210
482750359000000,31421,-0.676,-0.038,-0.735,0.11,0.23,-0.19,1,imu01,fusion_20260817T182528Z,556,31421430,482750353007655
482750390000000,31441,-0.678,-0.039,-0.736,-0.29,0.4,-0.29,1,imu01,fusion_20260817T182528Z,557,31441434,482750373009100
482750406000000,31461,-0.675,-0.04,-0.728,-0.04,0.3,-0.24,1,imu01,fusion_20260817T182528Z,558,31461430,482750393002546
482750421000000,31481,-0.679,-0.035,-0.738,-0.13,0.39,-0.37,1,imu01,fusion_20260817T182528Z,559,31481434,482750413003990
482750437000000,31501,-0.675,-0.035,-0.744,0.2,0.05,-0.09,1,imu01,fusion_20260817T182528Z,560,31501430,482750432997436
482750468000000,31521,-0.677,-0.04,-0.739,-0.09,-0.04,-0.6,1,imu01,fusion_20260817T182528Z,561,31521434,482750452998880
482750484000000,31541,-0.674,-0.033,-0.744,0.35,0.21,-0.09,1,imu01,fusion_20260817T182528Z,562,31541430,482750472992326
482750500000000,31561,-0.678,-0.04,-0.731,0.19,0.16,-0.16,1,imu01,fusion_20260817T182528Z,563,31561434,482750492993770
482750531000000,31581,-0.677,-0.036,-0.738,0.18,0.24,-0.19,1,imu01,fusion_20260817T182528Z,564,31581430,482750512987216
482750546000000,31601,-0.673,-0.038,-0.731,-0.29,0.04,-0.21,1,imu01,fusion_20260817T182528Z,565,31601434,482750532988660
482750562000000,31621,-0.675,-0.04,-0.735,0.32,0.39,-0.25,1,imu01,fusion_20260817T182528Z,566,31621430,482750552982106
482750578000000,31641,-0.676,-0.039,-0.732,-0.01,0.34,-0.22,1,imu01,fusion_20260817T182528Z,567,31641434,482750572983551
482750609000000,31661,-0.675,-0.036,-0.732,0.35,0.16,-0.18,1,imu01,fusion_20260817T182528Z,568,31661430,482750592976996
482750625000000,31681,-0.675,-0.038,-0.733,0.6,0.32,-0.26,1,imu01,fusion_20260817T182528Z,569,31681434,482750612978441
482750640000000,31701,-0.679,-0.037,-0.735,0.0,0.27,-0.48,1,imu01,fusion_20260817T182528Z,570,31701430,482750632971886
482750671000000,31721,-0.672,-0.034,-0.732,0.03,0.5,-0.33,1,imu01,fusion_20260817T182528Z,571,31721434,482750652973331
482750687000000,31741,-0.674,-0.036,-0.736,0.22,0.3,-0.21,1,imu01,fusion_20260817T182528Z,572,31741430,482750672966776
482750703000000,31761,-0.673,-0.038,-0.735,0.36,0.03,-0.25,1,imu01,fusion_20260817T182528Z,573,31761434,482750692968221
482750718000000,31781,-0.676,-0.038,-0.738,-0.16,0.26,-0.3,1,imu01,fusion_20260817T182528Z,574,31781430,482750712961667
482750750000000,31801,-0.676,-0.037,-0.732,0.27,0.16,-0.41,1,imu01,fusion_20260817T182528Z,575,31801434,482750732963111
482750765000000,31821,-0.675,-0.038,-0.738,-0.21,0.1,-0.57,1,imu01,fusion_20260817T182528Z,576,31821430,482750752956557
482750781000000,31841,-0.672,-0.034,-0.729,-0.23,0.14,-0.3,1,imu01,fusion_20260817T182528Z,577,31841434,482750772958001
482750796000000,31861,-0.673,-0.037,-0.734,-0.28,0.01,-0.31,1,imu01,fusion_20260817T182528Z,578,31861430,482750792951447
482750828000000,31881,-0.677,-0.036,-0.733,-0.31,0.31,-0.2,1,imu01,fusion_20260817T182528Z,579,31881434,482750812952891
482750843000000,31901,-0.678,-0.04,-0.731,0.2,-0.1,-0.57,1,imu01,fusion_20260817T182528Z,580,31901430,482750832946337
482750859000000,31921,-0.675,-0.039,-0.734,0.29,-0.03,-0.29,1,imu01,fusion_20260817T182528Z,581,31921434,482750852947782
482750890000000,31941,-0.678,-0.037,-0.736,-0.45,0.2,-0.11,1,imu01,fusion_20260817T182528Z,582,31941430,482750872941227
482750906000000,31961,-0.674,-0.035,-0.734,-0.27,0.1,-0.37,1,imu01,fusion_20260817T182528Z,583,31961434,482750892942672
482750921000000,31981,-0.678,-0.035,-0.733,-0.2,0.12,-0.43,1,imu01,fusion_20260817T182528Z,584,31981430,482750912936117
482750937000000,32001,-0.678,-0.036,-0.74,-0.27,-0.02,-0.56,1,imu01,fusion_20260817T182528Z,585,32001434,482750932937562
482750968000000,32021,-0.68,-0.04,-0.739,-0.04,-0.18,-0.33,1,imu01,fusion_20260817T182528Z,586,32021430,482750952931007
482750984000000,32041,-0.676,-0.035,-0.74,0.27,0.13,-0.29,1,imu01,fusion_20260817T182528Z,587,32041434,482750972932452
482751000000000,32061,-0.677,-0.038,-0.733,0.7,-0.11,-0.13,1,imu01,fusion_20260817T182528Z,588,32061430,482750992925898
482751031000000,32081,-0.675,-0.037,-0.738,-0.08,0.34,0.04,1,imu01,fusion_20260817T182528Z,589,32081434,482751012927342
482751046000000,32101,-0.677,-0.034,-0.735,-0.2,0.16,-0.19,1,imu01,fusion_20260817T182528Z,590,32101430,482751032920788
482751062000000,32121,-0.678,-0.036,-0.746,-0.0,0.09,-0.4,1,imu01,fusion_20260817T182528Z,591,32121434,482751052922232
482751078000000,32141,-0.676,-0.035,-0.732,0.29,0.3,-0.32,1,imu01,fusion_20260817T182528Z,592,32141430,482751072915678
482751109000000,32161,-0.674,-0.035,-0.738,0.19,0.31,-0.19,1,imu01,fusion_20260817T182528Z,593,32161434,482751092917122
482751125000000,32181,-0.682,-0.037,-0.738,0.01,0.06,-0.3,1,imu01,fusion_20260817T182528Z,594,32181430,482751112910568
482751140000000,32201,-0.678,-0.036,-0.731,-0.13,0.12,-0.16,1,imu01,fusion_20260817T182528Z,595,32201434,482751132912012
482751156000000,32221,-0.678,-0.039,-0.734,-0.13,0.13,-0.32,1,imu01,fusion_20260817T182528Z,596,32221430,482751152905458
482751187000000,32241,-0.678,-0.039,-0.736,-0.08,0.29,-0.12,1,imu01,fusion_20260817T182528Z,597,32241434,482751172906903
482751203000000,32261,-0.678,-0.041,-0.732,0.06,-0.05,-0.16,1,imu01,fusion_20260817T182528Z,598,32261430,482751192900348
482751218000000,32281,-0.673,-0.039,-0.732,-0.2,-0.18,-0.28,1,imu01,fusion_20260817T182528Z,599,32281434,482751212901793
482751250000000,32301,-0.674,-0.037,-0.733,0.06,0.31,-0.33,1,imu01,fusion_20260817T182528Z,600,32301430,482751232895238
482751265000000,32321,-0.677,-0.038,-0.743,-0.22,0.12,-0.34,1,imu01,fusion_20260817T182528Z,601,32321434,482751252896683
482751281000000,32341,-0.677,-0.038,-0.735,-0.07,-0.12,0.05,1,imu01,fusion_20260817T182528Z,602,32341430,482751272890128
482751296000000,32361,-0.68,-0.034,-0.735,-0.05,-0.06,-0.32,1,imu01,fusion_20260817T182528Z,603,32361434,482751292891573
482751328000000,32381,-0.674,-0.037,-0.734,0.24,0.17,-0.18,1,imu01,fusion_20260817T182528Z,604,32381430,482751312885019
482751343000000,32401,-0.678,-0.033,-0.735,-0.21,-0.18,-0.03,1,imu01,fusion_20260817T182528Z,605,32401434,482751332886463
482751359000000,32421,-0.678,-0.034,-0.741,-0.1,0.01,-0.25,1,imu01,fusion_20260817T182528Z,606,32421430,482751352879909
482751390000000,32441,-0.677,-0.037,-0.735,-0.26,0.16,-0.05,1,imu01,fusion_20260817T182528Z,607,32441434,482751372881353
482751406000000,32461,-0.678,-0.04,-0.733,-0.02,0.36,-0.45,1,imu01,fusion_20260817T182528Z,608,32461430,482751392874799
482751421000000,32481,-0.674,-0.04,-0.739,-0.15,0.04,-0.22,1,imu01,fusion_20260817T182528Z,609,32481434,482751412876243
482751437000000,32501,-0.672,-0.039,-0.745,0.15,0.05,-0.45,1,imu01,fusion_20260817T182528Z,610,32501430,482751432869689
482751468000000,32521,-0.677,-0.038,-0.732,-0.16,0.14,-0.06,1,imu01,fusion_20260817T182528Z,611,32521434,482751452871134
482751484000000,32541,-0.677,-0.039,-0.731,0.0,0.07,-0.34,1,imu01,fusion_20260817T182528Z,612,32541430,482751472864579
482751500000000,32561,-0.672,-0.038,-0.737,0.1,0.14,-0.2,1,imu01,fusion_20260817T182528Z,613,32561434,482751492866024
482751531000000,32581,-0.675,-0.034,-0.743,-0.07,-0.0,-0.16,1,imu01,fusion_20260817T182528Z,614,32581430,482751512859469
482751546000000,32601,-0.677,-0.037,-0.736,0.11,0.21,-0.44,1,imu01,fusion_20260817T182528Z,615,32601434,482751532860914
482751562000000,32621,-0.675,-0.035,-0.737,0.35,0.08,-0.36,1,imu01,fusion_20260817T182528Z,616,32621430,482751552854359
482751578000000,32641,-0.676,-0.034,-0.739,0.04,0.17,-0.35,1,imu01,fusion_20260817T182528Z,617,32641434,482751572855804
482751609000000,32661,-0.679,-0.037,-0.738,0.12,0.3,-0.22,1,imu01,fusion_20260817T182528Z,618,32661430,482751592849250
482751625000000,32681,-0.676,-0.036,-0.728,-0.12,0.13,-0.19,1,imu01,fusion_20260817T182528Z,619,32681434,482751612850694
482751640000000,32701,-0.679,-0.034,-0.729,-0.19,-0.07,-0.32,1,imu01,fusion_20260817T182528Z,620,32701430,482751632844140
482751671000000,32721,-0.675,-0.037,-0.735,-0.12,0.05,-0.28,1,imu01,fusion_20260817T182528Z,621,32721434,482751652845584
482751687000000,32741,-0.673,-0.037,-0.731,0.1,0.01,-0.15,1,imu01,fusion_20260817T182528Z,622,32741430,482751672839030
482751703000000,32761,-0.679,-0.037,-0.734,0.29,-0.06,-0.32,1,imu01,fusion_20260817T182528Z,623,32761434,482751692840474
482751718000000,32781,-0.675,-0.038,-0.736,-0.19,0.16,-0.16,1,imu01,fusion_20260817T182528Z,624,32781430,482751712833920
482751750000000,32801,-0.677,-0.04,-0.741,0.23,0.01,-0.51,1,imu01,fusion_20260817T182528Z,625,32801434,482751732835364
482751765000000,32821,-0.681,-0.041,-0.736,-0.16,0.14,-0.4,1,imu01,fusion_20260817T182528Z,626,32821430,482751752828810
482751781000000,32841,-0.676,-0.039,-0.744,-0.2,-0.21,-0.17,1,imu01,fusion_20260817T182528Z,627,32841434,482751772830255
482751796000000,32861,-0.675,-0.036,-0.733,-0.12,0.39,-0.13,1,imu01,fusion_20260817T182528Z,628,32861430,482751792823700
482751828000000,32881,-0.674,-0.037,-0.735,0.06,0.3,-0.29,1,imu01,fusion_20260817T182528Z,629,32881434,482751812825145
482751843000000,32901,-0.677,-0.036,-0.729,-0.02,-0.04,-0.39,1,imu01,fusion_20260817T182528Z,630,32901430,482751832818590
482751859000000,32921,-0.674,-0.033,-0.736,-0.08,-0.13,-0.45,1,imu01,fusion_20260817T182528Z,631,32921434,482751852820035
482751890000000,32941,-0.674,-0.038,-0.735,-0.26,-0.13,-0.37,1,imu01,fusion_20260817T182528Z,632,32941430,482751872813480
482751906000000,32961,-0.677,-0.039,-0.735,0.1,0.35,-0.14,1,imu01,fusion_20260817T182528Z,633,32961434,482751892814925
482751921000000,32981,-0.676,-0.037,-0.729,-0.24,0.17,-0.31,1,imu01,fusion_20260817T182528Z,634,32981430,482751912808371
482751937000000,33001,-0.676,-0.04,-0.731,-0.19,0.04,-0.19,1,imu01,fusion_20260817T182528Z,635,33001434,482751932809815
482751968000000,33021,-0.677,-0.041,-0.731,0.09,0.3,-0.4,1,imu01,fusion_20260817T182528Z,636,33021430,482751952803261
482751984000000,33041,-0.679,-0.035,-0.737,-0.01,0.21,-0.17,1,imu01,fusion_20260817T182528Z,637,33041434,482751972804705
482752000000000,33061,-0.675,-0.035,-0.735,0.16,0.01,-0.32,1,imu01,fusion_20260817T182528Z,638,33061430,482751992798151
482752031000000,33081,-0.679,-0.039,-0.738,-0.26,-0.03,-0.42,1,imu01,fusion_20260817T182528Z,639,33081434,482752012799595
482752046000000,33101,-0.675,-0.038,-0.735,0.19,-0.04,-0.41,1,imu01,fusion_20260817T182528Z,640,33101430,482752032793041
482752062000000,33121,-0.676,-0.037,-0.732,-0.53,-0.18,-0.34,1,imu01,fusion_20260817T182528Z,641,33121434,482752052794486
482752078000000,33141,-0.676,-0.038,-0.736,0.53,0.35,-0.25,1,imu01,fusion_20260817T182528Z,642,33141430,482752072787931
482752109000000,33161,-0.681,-0.04,-0.732,-0.06,0.23,-0.45,1,imu01,fusion_20260817T182528Z,643,33161434,482752092789376
482752125000000,33181,-0.674,-0.034,-0.736,0.12,0.2,-0.52,1,imu01,fusion_20260817T182528Z,644,33181430,482752112782821
482752140000000,33201,-0.672,-0.036,-0.743,0.22,0.25,-0.2,1,imu01,fusion_20260817T182528Z,645,33201434,482752132784266
482752156000000,33221,-0.673,-0.031,-0.736,0.05,0.14,-0.27,1,imu01,fusion_20260817T182528Z,646,33221430,482752152777711
482752187000000,33241,-0.678,-0.034,-0.733,0.11,0.43,-0.19,1,imu01,fusion_20260817T182528Z,647,33241434,482752172779156
482752203000000,33261,-0.677,-0.039,-0.736,0.05,0.02,-0.05,1,imu01,fusion_20260817T182528Z,648,33261430,482752192772602
482752218000000,33281,-0.674,-0.038,-0.729,-0.06,0.11,-0.31,1,imu01,fusion_20260817T182528Z,649,33281434,482752212774046
482752250000000,33301,-0.678,-0.032,-0.74,0.03,0.27,-0.48,1,imu01,fusion_20260817T182528Z,650,33301430,482752232767492
482752265000000,33321,-0.675,-0.04,-0.735,0.0,0.21,-0.14,1,imu01,fusion_20260817T182528Z,651,33321434,482752252768936
482752281000000,33341,-0.674,-0.037,-0.734,-0.17,0.21,-0.24,1,imu01,fusion_20260817T182528Z,652,33341430,482752272762382
482752296000000,33361,-0.679,-0.041,-0.736,0.0,0.13,-0.26,1,imu01,fusion_20260817T182528Z,653,33361434,482752292763826
482752328000000,33381,-0.672,-0.039,-0.735,0.13,0.17,-0.19,1,imu01,fusion_20260817T182528Z,654,33381430,482752312757272
482752343000000,33401,-0.676,-0.038,-0.737,0.02,0.24,-0.29,1,imu01,fusion_20260817T182528Z,655,33401434,482752332758716
482752359000000,33421,-0.673,-0.038,-0.743,-0.0,0.41,-0.07,1,imu01,fusion_20260817T182528Z,656,33421430,482752352752162
482752390000000,33441,-0.673,-0.033,-0.743,-0.13,0.27,-0.16,1,imu01,fusion_20260817T182528Z,657,33441434,482752372753607
482752406000000,33461,-0.677,-0.038,-0.741,-0.13,0.18,-0.33,1,imu01,fusion_20260817T182528Z,658,33461430,482752392747052
482752421000000,33481,-0.676,-0.04,-0.734,0.28,0.19,-0.25,1,imu01,fusion_20260817T182528Z,659,33481434,482752412748497
482752437000000,33501,-0.676,-0.037,-0.735,-0.11,0.25,-0.46,1,imu01,fusion_20260817T182528Z,660,33501430,482752432741942
482752468000000,33521,-0.679,-0.035,-0.732,-0.03,0.1,-0.27,1,imu01,fusion_20260817T182528Z,661,33521434,482752452743387
482752484000000,33541,-0.674,-0.039,-0.735,-0.14,0.11,-0.22,1,imu01,fusion_20260817T182528Z,662,33541430,482752472736832
482752500000000,33561,-0.678,-0.037,-0.737,0.02,0.47,-0.13,1,imu01,fusion_20260817T182528Z,663,33561434,482752492738277
482752531000000,33581,-0.678,-0.036,-0.735,-0.03,0.14,-0.24,1,imu01,fusion_20260817T182528Z,664,33581430,482752512731723
482752546000000,33601,-0.674,-0.039,-0.733,-0.1,0.08,-0.09,1,imu01,fusion_20260817T182528Z,665,33601434,482752532733167
482752562000000,33621,-0.675,-0.035,-0.732,0.12,0.17,-0.36,1,imu01,fusion_20260817T182528Z,666,33621430,482752552726613
482752578000000,33641,-0.677,-0.037,-0.733,0.29,0.2,-0.35,1,imu01,fusion_20260817T182528Z,667,33641434,482752572728057
482752609000000,33661,-0.676,-0.035,-0.733,-0.03,0.06,-0.13,1,imu01,fusion_20260817T182528Z,668,33661430,482752592721503
482752625000000,33681,-0.672,-0.039,-0.73,0.06,0.16,-0.44,1,imu01,fusion_20260817T182528Z,669,33681434,482752612722947
482752640000000,33701,-0.676,-0.036,-0.732,-0.1,-0.09,-0.12,1,imu01,fusion_20260817T182528Z,670,33701430,482752632716393
482752671000000,33721,-0.676,-0.037,-0.736,0.28,-0.31,-0.32,1,imu01,fusion_20260817T182528Z,671,33721434,482752652717838
482752687000000,33741,-0.675,-0.037,-0.737,0.22,0.33,-0.13,1,imu01,fusion_20260817T182528Z,672,33741430,482752672711283
482752703000000,33761,-0.676,-0.038,-0.738,0.12,0.22,-0.13,1,imu01,fusion_20260817T182528Z,673,33761434,482752692712728
482752718000000,33781,-0.672,-0.037,-0.729,0.32,0.23,-0.23,1,imu01,fusion_20260817T182528Z,674,33781430,482752712706173
482752750000000,33801,-0.68,-0.033,-0.731,0.22,0.46,-0.23,1,imu01,fusion_20260817T182528Z,675,33801434,482752732707618
482752765000000,33821,-0.674,-0.04,-0.734,0.03,-0.14,-0.38,1,imu01,fusion_20260817T182528Z,676,33821430,482752752701063
482752781000000,33841,-0.672,-0.035,-0.725,0.21,0.22,-0.47,1,imu01,fusion_20260817T182528Z,677,33841434,482752772702508
482752796000000,33861,-0.672,-0.039,-0.73,0.26,0.19,-0.42,1,imu01,fusion_20260817T182528Z,678,33861430,482752792695954
482752828000000,33881,-0.675,-0.036,-0.739,-0.14,-0.17,-0.16,1,imu01,fusion_20260817T182528Z,679,33881434,482752812697398
482752843000000,33901,-0.676,-0.035,-0.737,0.22,-0.12,-0.4,1,imu01,fusion_20260817T182528Z,680,33901430,482752832690844
482752859000000,33921,-0.674,-0.039,-0.735,-0.33,0.05,-0.21,1,imu01,fusion_20260817T182528Z,681,33921434,482752852692288
482752890000000,33941,-0.673,-0.04,-0.722,-0.2,0.11,-0.34,1,imu01,fusion_20260817T182528Z,682,33941430,482752872685734
482752906000000,33961,-0.677,-0.04,-0.732,-0.03,0.42,-0.23,1,imu01,fusion_20260817T182528Z,683,33961434,482752892687178
482752921000000,33981,-0.676,-0.035,-0.729,0.1,0.11,-0.26,1,imu01,fusion_20260817T182528Z,684,33981430,482752912680624
482752937000000,34001,-0.675,-0.036,-0.734,0.14,0.2,-0.07,1,imu01,fusion_20260817T182528Z,685,34001434,482752932682068
482752968000000,34021,-0.674,-0.038,-0.732,-0.13,-0.12,-0.13,1,imu01,fusion_20260817T182528Z,686,34021430,482752952675514
482752984000000,34041,-0.678,-0.037,-0.737,-0.25,0.06,-0.25,1,imu01,fusion_20260817T182528Z,687,34041434,482752972676959
482753000000000,34061,-0.676,-0.036,-0.736,-0.08,0.3,-0.07,1,imu01,fusion_20260817T182528Z,688,34061430,482752992670404
482753031000000,34081,-0.675,-0.038,-0.737,0.1,0.03,-0.14,1,imu01,fusion_20260817T182528Z,689,34081434,482753012671849
482753046000000,34101,-0.67,-0.035,-0.731,-0.31,-0.04,-0.36,1,imu01,fusion_20260817T182528Z,690,34101430,482753032665294
482753062000000,34121,-0.674,-0.037,-0.73,-0.06,0.18,-0.07,1,imu01,fusion_20260817T182528Z,691,34121434,482753052666739
482753078000000,34141,-0.676,-0.033,-0.736,-0.05,0.06,-0.29,1,imu01,fusion_20260817T182528Z,692,34141430,482753072660184
482753109000000,34161,-0.675,-0.035,-0.736,0.13,0.01,-0.22,1,imu01,fusion_20260817T182528Z,693,34161434,482753092661629
482753125000000,34181,-0.672,-0.039,-0.743,0.15,0.16,-0.23,1,imu01,fusion_20260817T182528Z,694,34181430,482753112655075
482753140000000,34201,-0.669,-0.037,-0.736,-0.2,-0.09,0.0,1,imu01,fusion_20260817T182528Z,695,34201434,482753132656519
482753156000000,34221,-0.68,-0.038,-0.74,-0.08,-0.15,-0.32,1,imu01,fusion_20260817T182528Z,696,34221430,482753152649965
482753187000000,34241,-0.676,-0.037,-0.733,-0.11,-0.15,-0.19,1,imu01,fusion_20260817T182528Z,697,34241434,482753172651409
482753203000000,34261,-0.674,-0.035,-0.731,0.1,0.17,-0.2,1,imu01,fusion_20260817T182528Z,698,34261430,482753192644855
482753218000000,34281,-0.677,-0.037,-0.73,-0.1,-0.02,-0.11,1,imu01,fusion_20260817T182528Z,699,34281434,482753212646299
482753250000000,34301,-0.675,-0.035,-0.739,-0.1,0.15,-0.42,1,imu01,fusion_20260817T182528Z,700,34301430,482753232639745
482753265000000,34321,-0.676,-0.037,-0.74,-0.03,0.36,-0.05,1,imu01,fusion_20260817T182528Z,701,34321434,482753252641190
482753281000000,34341,-0.678,-0.036,-0.735,-0.03,-0.06,-0.32,1,imu01,fusion_20260817T182528Z,702,34341430,482753272634635
482753296000000,34361,-0.674,-0.037,-0.738,0.26,-0.04,-0.36,1,imu01,fusion_20260817T182528Z,703,34361434,482753292636080
482753328000000,34381,-0.672,-0.033,-0.739,-0.13,0.02,-0.08,1,imu01,fusion_20260817T182528Z,704,34381430,482753312629525
482753343000000,34401,-0.68,-0.041,-0.744,0.09,-0.03,-0.09,1,imu01,fusion_20260817T182528Z,705,34401434,482753332630970
482753359000000,34421,-0.676,-0.04,-0.733,-0.03,0.15,-0.05,1,imu01,fusion_20260817T182528Z,706,34421430,482753352624415
482753390000000,34441,-0.675,-0.038,-0.73,-0.01,0.14,-0.31,1,imu01,fusion_20260817T182528Z,707,34441434,482753372625860
482753406000000,34461,-0.675,-0.04,-0.733,0.55,0.26,-0.32,1,imu01,fusion_20260817T182528Z,708,34461430,482753392619306
482753421000000,34481,-0.676,-0.038,-0.735,0.03,0.02,-0.4,1,imu01,fusion_20260817T182528Z,709,34481434,482753412620750
482753437000000,34501,-0.672,-0.039,-0.736,-0.34,0.04,-0.19,1,imu01,fusion_20260817T182528Z,710,34501430,482753432614196
482753468000000,34521,-0.674,-0.038,-0.733,0.06,-0.04,-0.41,1,imu01,fusion_20260817T182528Z,711,34521434,482753452615640
482753484000000,34541,-0.675,-0.038,-0.737,0.09,0.09,-0.5,1,imu01,fusion_20260817T182528Z,712,34541430,482753472609086
482753500000000,34561,-0.678,-0.036,-0.736,0.03,0.34,-0.13,1,imu01,fusion_20260817T182528Z,713,34561434,482753492610530
482753531000000,34581,-0.674,-0.041,-0.74,-0.22,-0.23,-0.27,1,imu01,fusion_20260817T182528Z,714,34581430,482753512603976
482753546000000,34601,-0.676,-0.037,-0.738,-0.11,0.1,-0.13,1,imu01,fusion_20260817T182528Z,715,34601434,482753532605420
482753562000000,34621,-0.68,-0.034,-0.736,0.09,0.07,-0.42,1,imu01,fusion_20260817T182528Z,716,34621430,482753552598866
482753578000000,34641,-0.674,-0.04,-0.734,-0.55,0.08,-0.19,1,imu01,fusion_20260817T182528Z,717,34641434,482753572600311
482753609000000,34661,-0.675,-0.037,-0.731,0.34,-0.09,-0.53,1,imu01,fusion_20260817T182528Z,718,34661430,482753592593756
482753625000000,34681,-0.676,-0.039,-0.74,0.27,0.11,-0.25,1,imu01,fusion_20260817T182528Z,719,34681434,482753612595201
482753640000000,34701,-0.675,-0.038,-0.736,-0.03,0.35,-0.19,1,imu01,fusion_20260817T182528Z,720,34701430,482753632588646
482753671000000,34721,-0.676,-0.036,-0.738,-0.09,-0.02,-0.38,1,imu01,fusion_20260817T182528Z,721,34721434,482753652590091
482753687000000,34741,-0.677,-0.036,-0.727,0.17,0.31,-0.42,1,imu01,fusion_20260817T182528Z,722,34741430,482753672583536
482753703000000,34761,-0.678,-0.034,-0.734,0.12,-0.23,-0.29,1,imu01,fusion_20260817T182528Z,723,34761434,482753692584981
482753718000000,34781,-0.677,-0.034,-0.733,-0.23,0.05,-0.12,1,imu01,fusion_20260817T182528Z,724,34781430,482753712578426
482753750000000,34801,-0.675,-0.034,-0.732,-0.11,0.08,-0.11,1,imu01,fusion_20260817T182528Z,725,34801434,482753732579871
482753765000000,34821,-0.675,-0.037,-0.737,0.37,0.14,-0.28,1,imu01,fusion_20260817T182528Z,726,34821430,482753752573317
482753781000000,34841,-0.674,-0.04,-0.74,0.19,0.1,-0.43,1,imu01,fusion_20260817T182528Z,727,34841434,482753772574761
482753796000000,34861,-0.677,-0.036,-0.735,-0.11,0.03,-0.37,1,imu01,fusion_20260817T182528Z,728,34861430,482753792568207
482753828000000,34881,-0.673,-0.04,-0.734,0.22,0.31,-0.42,1,imu01,fusion_20260817T182528Z,729,34881434,482753812569651
482753843000000,34901,-0.674,-0.036,-0.732,-0.16,-0.1,-0.06,1,imu01,fusion_20260817T182528Z,730,34901430,482753832563097
482753859000000,34921,-0.677,-0.038,-0.728,0.03,-0.24,-0.29,1,imu01,fusion_20260817T182528Z,731,34921434,482753852564542
482753890000000,34941,-0.672,-0.037,-0.737,-0.03,0.37,-0.16,1,imu01,fusion_20260817T182528Z,732,34941430,482753872557987
482753906000000,34961,-0.678,-0.036,-0.74,0.11,0.25,-0.33,1,imu01,fusion_20260817T182528Z,733,34961434,482753892559432
482753921000000,34981,-0.677,-0.036,-0.736,0.11,-0.03,-0.05,1,imu01,fusion_20260817T182528Z,734,34981430,482753912552877
482753937000000,35001,-0.671,-0.033,-0.736,0.04,0.08,-0.54,1,imu01,fusion_20260817T182528Z,735,35001434,482753932554322
482753968000000,35021,-0.672,-0.036,-0.736,-0.29,0.07,-0.43,1,imu01,fusion_20260817T182528Z,736,35021430,482753952547767
482753984000000,35041,-0.673,-0.036,-0.737,0.06,0.01,-0.33,1,imu01,fusion_20260817T182528Z,737,35041434,482753972549212
482754000000000,35061,-0.675,-0.036,-0.735,0.2,0.14,-0.42,1,imu01,fusion_20260817T182528Z,738,35061430,482753992542657
482754031000000,35081,-0.677,-0.036,-0.732,-0.23,-0.04,-0.21,1,imu01,fusion_20260817T182528Z,739,35081434,482754012544102
482754046000000,35101,-0.675,-0.039,-0.739,-0.12,0.1,-0.07,1,imu01,fusion_20260817T182528Z,740,35101430,482754032537548
482754062000000,35121,-0.674,-0.037,-0.732,0.03,0.2,-0.35,1,imu01,fusion_20260817T182528Z,741,35121434,482754052538992
482754078000000,35141,-0.675,-0.035,-0.737,-0.21,-0.21,-0.38,1,imu01,fusion_20260817T182528Z,742,35141430,482754072532438
482754109000000,35161,-0.672,-0.036,-0.734,-0.13,0.18,-0.38,1,imu01,fusion_20260817T182528Z,743,35161434,482754092533882
482754125000000,35181,-0.672,-0.034,-0.737,-0.19,0.02,-0.09,1,imu01,fusion_20260817T182528Z,744,35181430,482754112527328
482754140000000,35201,-0.679,-0.034,-0.734,-0.02,0.14,-0.21,1,imu01,fusion_20260817T182528Z,745,35201434,482754132528772
482754156000000,35221,-0.677,-0.043,-0.734,0.36,0.15,-0.44,1,imu01,fusion_20260817T182528Z,746,35221430,482754152522218
482754187000000,35241,-0.673,-0.033,-0.735,-0.25,0.05,-0.32,1,imu01,fusion_20260817T182528Z,747,35241434,482754172523663
482754203000000,35261,-0.674,-0.037,-0.734,0.3,0.09,-0.14,1,imu01,fusion_20260817T182528Z,748,35261430,482754192517108
482754218000000,35281,-0.673,-0.038,-0.734,0.13,0.15,-0.25,1,imu01,fusion_20260817T182528Z,749,35281434,482754212518553
482754250000000,35301,-0.676,-0.036,-0.74,-0.0,0.11,-0.32,1,imu01,fusion_20260817T182528Z,750,35301430,482754232511998
482754265000000,35321,-0.675,-0.036,-0.74,0.19,-0.12,-0.25,1,imu01,fusion_20260817T182528Z,751,35321434,482754252513443
482754281000000,35341,-0.677,-0.036,-0.737,0.34,0.28,-0.25,1,imu01,fusion_20260817T182528Z,752,35341430,482754272506888
482754296000000,35361,-0.678,-0.037,-0.736,-0.03,-0.03,-0.09,1,imu01,fusion_20260817T182528Z,753,35361434,482754292508333
482754328000000,35381,-0.676,-0.036,-0.733,0.16,-0.02,-0.35,1,imu01,fusion_20260817T182528Z,754,35381430,482754312501778
482754343000000,35401,-0.678,-0.038,-0.732,0.19,0.17,-0.09,1,imu01,fusion_20260817T182528Z,755,35401434,482754332503223
482754359000000,35421,-0.677,-0.038,-0.732,-0.0,0.14,-0.19,1,imu01,fusion_20260817T182528Z,756,35421430,482754352496669
482754390000000,35441,-0.681,-0.034,-0.736,0.07,-0.04,-0.37,1,imu01,fusion_20260817T182528Z,757,35441434,482754372498113
482754406000000,35461,-0.678,-0.039,-0.734,-0.01,-0.02,-0.57,1,imu01,fusion_20260817T182528Z,758,35461430,482754392491559
482754421000000,35481,-0.678,-0.039,-0.733,0.03,0.3,-0.36,1,imu01,fusion_20260817T182528Z,759,35481434,482754412493003
482754437000000,35501,-0.677,-0.038,-0.733,0.01,-0.03,-0.31,1,imu01,fusion_20260817T182528Z,760,35501430,482754432486449
482754468000000,35521,-0.673,-0.035,-0.736,-0.2,-0.04,-0.32,1,imu01,fusion_20260817T182528Z,761,35521434,482754452487893
482754484000000,35541,-0.677,-0.038,-0.734,-0.27,0.12,-0.36,1,imu01,fusion_20260817T182528Z,762,35541430,482754472481339
482754500000000,35561,-0.673,-0.039,-0.731,-0.14,0.34,0.02,1,imu01,fusion_20260817T182528Z,763,35561434,482754492482784
482754531000000,35581,-0.678,-0.035,-0.737,0.26,0.21,-0.38,1,imu01,fusion_20260817T182528Z,764,35581430,482754512476229
482754546000000,35601,-0.677,-0.034,-0.733,-0.12,-0.01,-0.17,1,imu01,fusion_20260817T182528Z,765,35601434,482754532477674
482754562000000,35621,-0.668,-0.038,-0.735,-0.07,0.05,-0.32,1,imu01,fusion_20260817T182528Z,766,35621430,482754552471119
482754578000000,35641,-0.676,-0.034,-0.732,0.51,0.39,-0.54,1,imu01,fusion_20260817T182528Z,767,35641434,482754572472564
482754609000000,35661,-0.674,-0.04,-0.74,0.06,-0.12,-0.45,1,imu01,fusion_20260817T182528Z,768,35661430,482754592466009
482754625000000,35681,-0.677,-0.035,-0.734,0.44,0.16,-0.09,1,imu01,fusion_20260817T182528Z,769,35681434,482754612467454
482754640000000,35701,-0.678,-0.039,-0.735,-0.13,-0.03,-0.18,1,imu01,fusion_20260817T182528Z,770,35701430,482754632460900
482754656000000,35721,-0.676,-0.036,-0.733,-0.25,0.02,-0.22,1,imu01,fusion_20260817T182528Z,771,35721434,482754652462344
482754687000000,35741,-0.679,-0.035,-0.734,0.22,0.09,-0.06,1,imu01,fusion_20260817T182528Z,772,35741430,482754672455790
482754703000000,35761,-0.675,-0.041,-0.732,-0.08,0.06,-0.24,1,imu01,fusion_20260817T182528Z,773,35761434,482754692457234
482754718000000,35781,-0.673,-0.04,-0.745,0.01,-0.06,-0.16,1,imu01,fusion_20260817T182528Z,774,35781430,482754712450680
482754750000000,35801,-0.678,-0.037,-0.741,0.16,0.27,-0.46,1,imu01,fusion_20260817T182528Z,775,35801434,482754732452124
482754765000000,35821,-0.676,-0.037,-0.737,0.19,0.16,-0.33,1,imu01,fusion_20260817T182528Z,776,35821430,482754752445570
482754781000000,35841,-0.674,-0.042,-0.739,0.03,0.15,-0.03,1,imu01,fusion_20260817T182528Z,777,35841434,482754772447014
482754796000000,35861,-0.676,-0.036,-0.732,0.07,0.11,-0.11,1,imu01,fusion_20260817T182528Z,778,35861430,482754792440460
482754828000000,35881,-0.679,-0.035,-0.737,0.11,-0.18,-0.43,1,imu01,fusion_20260817T182528Z,779,35881434,482754812441905
482754843000000,35901,-0.675,-0.035,-0.737,0.04,0.11,-0.29,1,imu01,fusion_20260817T182528Z,780,35901430,482754832435350
482754859000000,35921,-0.674,-0.038,-0.73,0.15,-0.26,-0.14,1,imu01,fusion_20260817T182528Z,781,35921434,482754852436795
482754890000000,35941,-0.677,-0.037,-0.728,-0.07,-0.16,-0.02,1,imu01,fusion_20260817T182528Z,782,35941430,482754872430240
482754906000000,35961,-0.679,-0.038,-0.731,0.1,-0.12,-0.16,1,imu01,fusion_20260817T182528Z,783,35961434,482754892431685
482754921000000,35981,-0.672,-0.038,-0.736,0.03,0.31,-0.42,1,imu01,fusion_20260817T182528Z,784,35981430,482754912425130
482754937000000,36001,-0.677,-0.038,-0.732,0.01,0.18,-0.13,1,imu01,fusion_20260817T182528Z,785,36001434,482754932426575
482754968000000,36021,-0.675,-0.036,-0.737,0.15,0.31,-0.23,1,imu01,fusion_20260817T182528Z,786,36021430,482754952420021
482754984000000,36041,-0.674,-0.036,-0.735,-0.33,0.05,-0.08,1,imu01,fusion_20260817T182528Z,787,36041434,482754972421465
482755000000000,36061,-0.675,-0.037,-0.731,0.12,0.11,-0.31,1,imu01,fusion_20260817T182528Z,788,36061430,482754992414911
482755031000000,36081,-0.674,-0.039,-0.73,0.08,0.05,-0.16,1,imu01,fusion_20260817T182528Z,789,36081434,482755012416355
482755046000000,36101,-0.677,-0.039,-0.733,-0.29,0.24,-0.16,1,imu01,fusion_20260817T182528Z,790,36101430,482755032409801
482755062000000,36121,-0.675,-0.036,-0.732,0.26,0.05,-0.19,1,imu01,fusion_20260817T182528Z,791,36121434,482755052411245
482755078000000,36141,-0.674,-0.035,-0.734,0.1,0.27,-0.25,1,imu01,fusion_20260817T182528Z,792,36141430,482755072404691
482755109000000,36161,-0.676,-0.039,-0.736,0.33,0.42,-0.33,1,imu01,fusion_20260817T182528Z,793,36161434,482755092406136
482755125000000,36181,-0.677,-0.035,-0.731,-0.32,-0.08,-0.07,1,imu01,fusion_20260817T182528Z,794,36181430,482755112399581
482755140000000,36201,-0.675,-0.036,-0.739,0.22,0.07,-0.25,1,imu01,fusion_20260817T182528Z,795,36201434,482755132401026
482755156000000,36221,-0.673,-0.04,-0.731,0.24,0.2,-0.32,1,imu01,fusion_20260817T182528Z,796,36221430,482755152394471
482755187000000,36241,-0.676,-0.036,-0.733,0.39,0.74,-0.38,1,imu01,fusion_20260817T182528Z,797,36241434,482755172395916
482755203000000,36261,-0.673,-0.038,-0.732,-0.49,-0.19,-0.19,1,imu01,fusion_20260817T182528Z,798,36261430,482755192389361
482755218000000,36281,-0.676,-0.036,-0.74,0.35,0.01,-0.19,1,imu01,fusion_20260817T182528Z,799,36281434,482755212390806
482755250000000,36301,-0.675,-0.036,-0.737,0.67,-0.08,-0.22,1,imu01,fusion_20260817T182528Z,800,36301430,482755232384252
482755265000000,36321,-0.68,-0.036,-0.731,0.04,0.36,-0.33,1,imu01,fusion_20260817T182528Z,801,36321434,482755252385696
482755281000000,36341,-0.674,-0.035,-0.743,0.16,0.05,-0.15,1,imu01,fusion_20260817T182528Z,802,36341430,482755272379142
482755296000000,36361,-0.675,-0.034,-0.734,-0.29,-0.14,-0.25,1,imu01,fusion_20260817T182528Z,803,36361434,482755292380586
482755328000000,36381,-0.671,-0.036,-0.733,0.08,0.17,-0.29,1,imu01,fusion_20260817T182528Z,804,36381430,482755312374032
482755343000000,36401,-0.674,-0.035,-0.736,-0.01,0.37,-0.16,1,imu01,fusion_20260817T182528Z,805,36401434,482755332375476
482755359000000,36421,-0.676,-0.036,-0.733,0.35,0.19,0.04,1,imu01,fusion_20260817T182528Z,806,36421430,482755352368922
482755390000000,36441,-0.676,-0.039,-0.735,-0.2,-0.14,-0.38,1,imu01,fusion_20260817T182528Z,807,36441434,482755372370366
482755406000000,36461,-0.678,-0.037,-0.742,-0.33,-0.19,-0.09,1,imu01,fusion_20260817T182528Z,808,36461430,482755392363812
482755421000000,36481,-0.678,-0.04,-0.735,0.12,-0.17,-0.19,1,imu01,fusion_20260817T182528Z,809,36481434,482755412365257
482755437000000,36501,-0.676,-0.032,-0.733,0.04,-0.17,-0.2,1,imu01,fusion_20260817T182528Z,810,36501430,482755432358702
482755468000000,36521,-0.678,-0.038,-0.73,-0.1,-0.14,-0.44,1,imu01,fusion_20260817T182528Z,811,36521434,482755452360147
482755484000000,36541,-0.676,-0.039,-0.737,-0.32,0.02,-0.63,1,imu01,fusion_20260817T182528Z,812,36541430,482755472353592
482755500000000,36561,-0.674,-0.034,-0.735,0.01,0.14,-0.26,1,imu01,fusion_20260817T182528Z,813,36561434,482755492355037
482755531000000,36581,-0.676,-0.037,-0.735,0.1,0.11,-0.41,1,imu01,fusion_20260817T182528Z,814,36581430,482755512348482
482755546000000,36601,-0.672,-0.035,-0.738,0.13,0.11,-0.16,1,imu01,fusion_20260817T182528Z,815,36601434,482755532349927
482755562000000,36621,-0.677,-0.036,-0.734,0.23,-0.05,-0.31,1,imu01,fusion_20260817T182528Z,816,36621430,482755552343373
482755578000000,36641,-0.677,-0.035,-0.74,0.07,-0.02,-0.35,1,imu01,fusion_20260817T182528Z,817,36641434,482755572344817
482755609000000,36661,-0.675,-0.036,-0.737,0.09,0.2,-0.06,1,imu01,fusion_20260817T182528Z,818,36661430,482755592338263
482755625000000,36681,-0.675,-0.035,-0.737,0.42,0.16,-0.31,1,imu01,fusion_20260817T182528Z,819,36681434,482755612339707
482755640000000,36701,-0.679,-0.039,-0.738,0.06,0.16,-0.29,1,imu01,fusion_20260817T182528Z,820,36701430,482755632333153
482755671000000,36721,-0.676,-0.037,-0.732,0.06,0.08,-0.17,1,imu01,fusion_20260817T182528Z,821,36721434,482755652334597
482755687000000,36741,-0.674,-0.036,-0.735,0.09,0.17,-0.22,1,imu01,fusion_20260817T182528Z,822,36741430,482755672328043
482755703000000,36761,-0.674,-0.039,-0.736,-0.21,-0.15,-0.33,1,imu01,fusion_20260817T182528Z,823,36761434,482755692329488
482755718000000,36781,-0.677,-0.03,-0.732,0.04,0.1,-0.5,1,imu01,fusion_20260817T182528Z,824,36781430,482755712322933
482755750000000,36801,-0.674,-0.036,-0.736,0.34,0.14,-0.35,1,imu01,fusion_20260817T182528Z,825,36801434,482755732324378
482755765000000,36821,-0.677,-0.038,-0.735,0.09,0.02,-0.26,1,imu01,fusion_20260817T182528Z,826,36821430,482755752317823
482755781000000,36841,-0.677,-0.036,-0.734,0.26,0.2,-0.54,1,imu01,fusion_20260817T182528Z,827,36841434,482755772319268
482755796000000,36861,-0.673,-0.037,-0.738,-0.07,0.03,-0.48,1,imu01,fusion_20260817T182528Z,828,36861430,482755792312713
482755828000000,36881,-0.676,-0.041,-0.736,0.02,0.35,-0.23,1,imu01,fusion_20260817T182528Z,829,36881434,482755812314158
482755843000000,36901,-0.674,-0.037,-0.734,-0.01,0.33,-0.09,1,imu01,fusion_20260817T182528Z,830,36901430,482755832307604
482755859000000,36921,-0.676,-0.032,-0.738,-0.07,-0.18,-0.13,1,imu01,fusion_20260817T182528Z,831,36921434,482755852309048
482755890000000,36941,-0.673,-0.035,-0.74,-0.23,0.17,-0.42,1,imu01,fusion_20260817T182528Z,832,36941430,482755872302494
482755906000000,36961,-0.676,-0.036,-0.735,0.22,0.22,-0.37,1,imu01,fusion_20260817T182528Z,833,36961434,482755892303938
482755921000000,36981,-0.672,-0.038,-0.734,-0.44,-0.11,-0.03,1,imu01,fusion_20260817T182528Z,834,36981430,482755912297384
482755937000000,37001,-0.674,-0.04,-0.736,0.19,0.08,-0.3,1,imu01,fusion_20260817T182528Z,835,37001434,482755932298828
482755968000000,37021,-0.674,-0.039,-0.738,-0.1,0.16,-0.22,1,imu01,fusion_20260817T182528Z,836,37021430,482755952292274
482755984000000,37041,-0.674,-0.039,-0.74,-0.16,0.23,-0.45,1,imu01,fusion_20260817T182528Z,837,37041434,482755972293718
482756000000000,37061,-0.678,-0.038,-0.74,0.24,0.33,-0.26,1,imu01,fusion_20260817T182528Z,838,37061430,482755992287164
482756031000000,37081,-0.678,-0.038,-0.737,-0.17,0.17,-0.13,1,imu01,fusion_20260817T182528Z,839,37081434,482756012288609
482756046000000,37101,-0.676,-0.039,-0.738,0.39,-0.11,-0.15,1,imu01,fusion_20260817T182528Z,840,37101430,482756032282054
482756062000000,37121,-0.675,-0.033,-0.736,-0.11,0.14,-0.04,1,imu01,fusion_20260817T182528Z,841,37121434,482756052283499
482756078000000,37141,-0.675,-0.034,-0.737,0.22,0.35,-0.26,1,imu01,fusion_20260817T182528Z,842,37141430,482756072276944
482756109000000,37161,-0.675,-0.034,-0.739,-0.1,0.06,-0.14,1,imu01,fusion_20260817T182528Z,843,37161434,482756092278389
482756125000000,37181,-0.675,-0.039,-0.735,0.18,-0.06,-0.38,1,imu01,fusion_20260817T182528Z,844,37181430,482756112271834
482756140000000,37201,-0.672,-0.037,-0.738,0.06,0.07,-0.05,1,imu01,fusion_20260817T182528Z,845,37201434,482756132273279
482756171000000,37221,-0.672,-0.042,-0.733,-0.07,0.06,-0.32,1,imu01,fusion_20260817T182528Z,846,37221430,482756152266725
482756187000000,37241,-0.675,-0.033,-0.73,0.1,0.07,-0.34,1,imu01,fusion_20260817T182528Z,847,37241434,482756172268169
482756203000000,37261,-0.672,-0.038,-0.74,0.23,0.43,-0.24,1,imu01,fusion_20260817T182528Z,848,37261430,482756192261615
482756218000000,37281,-0.674,-0.034,-0.734,-0.08,-0.0,-0.12,1,imu01,fusion_20260817T182528Z,849,37281434,482756212263059
482756250000000,37301,-0.677,-0.031,-0.739,-0.07,0.31,-0.1,1,imu01,fusion_20260817T182528Z,850,37301430,482756232256505
482756265000000,37321,-0.675,-0.032,-0.732,-0.15,0.17,-0.39,1,imu01,fusion_20260817T182528Z,851,37321434,482756252257949
482756281000000,37341,-0.678,-0.04,-0.733,0.28,-0.21,-0.41,1,imu01,fusion_20260817T182528Z,852,37341430,482756272251395
482756296000000,37361,-0.678,-0.04,-0.743,-0.1,0.1,-0.18,1,imu01,fusion_20260817T182528Z,853,37361434,482756292252840
482756328000000,37381,-0.674,-0.038,-0.735,-0.03,0.11,-0.37,1,imu01,fusion_20260817T182528Z,854,37381430,482756312246285
482756343000000,37401,-0.676,-0.038,-0.736,0.22,-0.12,-0.32,1,imu01,fusion_20260817T182528Z,855,37401434,482756332247730
482756359000000,37421,-0.672,-0.036,-0.736,-0.12,-0.1,-0.25,1,imu01,fusion_20260817T182528Z,856,37421430,482756352241175
482756390000000,37441,-0.675,-0.039,-0.738,0.42,0.44,-0.27,1,imu01,fusion_20260817T182528Z,857,37441434,482756372242620
482756406000000,37461,-0.676,-0.037,-0.731,-0.0,0.08,-0.3,1,imu01,fusion_20260817T182528Z,858,37461430,482756392236065
482756421000000,37481,-0.677,-0.039,-0.73,0.19,0.01,-0.32,1,imu01,fusion_20260817T182528Z,859,37481434,482756412237510
482756437000000,37501,-0.676,-0.037,-0.733,-0.22,-0.06,-0.39,1,imu01,fusion_20260817T182528Z,860,37501430,482756432230956
482756468000000,37521,-0.678,-0.035,-0.736,-0.28,0.01,-0.29,1,imu01,fusion_20260817T182528Z,861,37521434,482756452232400
482756484000000,37541,-0.678,-0.038,-0.74,-0.05,-0.0,-0.33,1,imu01,fusion_20260817T182528Z,862,37541430,482756472225846
482756500000000,37561,-0.674,-0.035,-0.734,0.37,0.17,-0.4,1,imu01,fusion_20260817T182528Z,863,37561434,482756492227290
482756531000000,37581,-0.672,-0.036,-0.737,-0.11,0.21,-0.42,1,imu01,fusion_20260817T182528Z,864,37581430,482756512220736
482756546000000,37601,-0.678,-0.038,-0.742,0.11,-0.0,-0.06,1,imu01,fusion_20260817T182528Z,865,37601434,482756532222180
482756562000000,37621,-0.674,-0.038,-0.731,0.08,0.19,-0.16,1,imu01,fusion_20260817T182528Z,866,37621430,482756552215626
482756578000000,37641,-0.677,-0.041,-0.735,-0.21,-0.14,-0.11,1,imu01,fusion_20260817T182528Z,867,37641434,482756572217070
482756609000000,37661,-0.677,-0.033,-0.733,0.14,-0.15,-0.19,1,imu01,fusion_20260817T182528Z,868,37661430,482756592210516
482756625000000,37681,-0.68,-0.036,-0.731,-0.02,0.22,-0.32,1,imu01,fusion_20260817T182528Z,869,37681434,482756612211961
482756640000000,37701,-0.677,-0.042,-0.74,0.26,0.13,-0.14,1,imu01,fusion_20260817T182528Z,870,37701430,482756632205406
482756671000000,37721,-0.677,-0.036,-0.733,-0.13,0.03,-0.25,1,imu01,fusion_20260817T182528Z,871,37721434,482756652206851
482756687000000,37741,-0.676,-0.038,-0.738,0.03,0.31,-0.34,1,imu01,fusion_20260817T182528Z,872,37741430,482756672200296
482756703000000,37761,-0.673,-0.036,-0.732,0.06,-0.06,-0.29,1,imu01,fusion_20260817T182528Z,873,37761434,482756692201741
482756718000000,37781,-0.673,-0.04,-0.733,-0.41,-0.18,-0.18,1,imu01,fusion_20260817T182528Z,874,37781430,482756712195186
482756750000000,37801,-0.67,-0.039,-0.739,0.03,0.02,-0.17,1,imu01,fusion_20260817T182528Z,875,37801434,482756732196631
482756765000000,37821,-0.674,-0.035,-0.736,0.42,0.34,-0.46,1,imu01,fusion_20260817T182528Z,876,37821430,482756752190077
482756781000000,37841,-0.675,-0.035,-0.74,-0.31,-0.09,-0.17,1,imu01,fusion_20260817T182528Z,877,37841434,482756772191521
482756796000000,37861,-0.675,-0.039,-0.74,0.18,-0.06,-0.38,1,imu01,fusion_20260817T182528Z,878,37861430,482756792184967
482756828000000,37881,-0.677,-0.039,-0.744,0.06,-0.02,-0.22,1,imu01,fusion_20260817T182528Z,879,37881434,482756812186411
482756843000000,37901,-0.674,-0.038,-0.736,0.14,0.29,-0.09,1,imu01,fusion_20260817T182528Z,880,37901430,482756832179857
482756859000000,37921,-0.675,-0.039,-0.735,-0.0,0.27,-0.2,1,imu01,fusion_20260817T182528Z,881,37921434,482756852181301
482756890000000,37941,-0.683,-0.037,-0.723,-0.19,0.15,-0.37,1,imu01,fusion_20260817T182528Z,882,37941430,482756872174747
482756906000000,37961,-0.676,-0.036,-0.739,0.02,0.08,-0.32,1,imu01,fusion_20260817T182528Z,883,37961434,482756892176192
482756921000000,37981,-0.674,-0.033,-0.732,-0.29,0.07,-0.33,1,imu01,fusion_20260817T182528Z,884,37981430,482756912169637
482756937000000,38001,-0.678,-0.036,-0.732,0.01,0.12,-0.26,1,imu01,fusion_20260817T182528Z,885,38001434,482756932171082
482756968000000,38021,-0.674,-0.04,-0.732,-0.2,-0.08,-0.16,1,imu01,fusion_20260817T182528Z,886,38021430,482756952164527
482756984000000,38041,-0.678,-0.035,-0.734,-0.07,0.09,-0.06,1,imu01,fusion_20260817T182528Z,887,38041434,482756972165972
482757000000000,38061,-0.674,-0.032,-0.734,0.29,0.33,-0.24,1,imu01,fusion_20260817T182528Z,888,38061430,482756992159417
482757031000000,38081,-0.674,-0.041,-0.734,-0.0,-0.12,-0.09,1,imu01,fusion_20260817T182528Z,889,38081434,482757012160862
482757046000000,38101,-0.678,-0.037,-0.735,0.06,-0.3,-0.28,1,imu01,fusion_20260817T182528Z,890,38101430,482757032154308
482757062000000,38121,-0.678,-0.035,-0.734,0.03,0.11,-0.32,1,imu01,fusion_20260817T182528Z,891,38121434,482757052155752
482757078000000,38141,-0.677,-0.037,-0.735,-0.11,0.05,-0.45,1,imu01,fusion_20260817T182528Z,892,38141430,482757072149198
482757109000000,38161,-0.677,-0.034,-0.733,-0.1,0.08,-0.09,1,imu01,fusion_20260817T182528Z,893,38161434,482757092150642
482757125000000,38181,-0.676,-0.038,-0.737,-0.09,0.14,-0.45,1,imu01,fusion_20260817T182528Z,894,38181430,482757112144088
482757140000000,38201,-0.675,-0.036,-0.729,-0.11,0.11,-0.37,1,imu01,fusion_20260817T182528Z,895,38201434,482757132145532
482757156000000,38221,-0.676,-0.036,-0.736,0.16,0.13,-0.42,1,imu01,fusion_20260817T182528Z,896,38221430,482757152138978
482757187000000,38241,-0.677,-0.035,-0.73,-0.09,0.09,-0.16,1,imu01,fusion_20260817T182528Z,897,38241434,482757172140422
482757203000000,38261,-0.678,-0.037,-0.734,0.13,-0.01,-0.41,1,imu01,fusion_20260817T182528Z,898,38261430,482757192133868
482757218000000,38281,-0.678,-0.041,-0.738,-0.23,0.05,-0.33,1,imu01,fusion_20260817T182528Z,899,38281434,482757212135313
482757250000000,38301,-0.678,-0.035,-0.736,0.06,0.12,-0.33,1,imu01,fusion_20260817T182528Z,900,38301430,482757232128758
482757265000000,38321,-0.674,-0.038,-0.735,-0.0,0.34,-0.23,1,imu01,fusion_20260817T182528Z,901,38321434,482757252130203
482757281000000,38341,-0.674,-0.034,-0.734,-0.27,0.16,-0.21,1,imu01,fusion_20260817T182528Z,902,38341430,482757272123648
482757296000000,38361,-0.678,-0.038,-0.737,0.13,0.36,-0.42,1,imu01,fusion_20260817T182528Z,903,38361434,482757292125093
482757328000000,38381,-0.674,-0.038,-0.74,-0.09,-0.05,-0.48,1,imu01,fusion_20260817T182528Z,904,38381430,482757312118538
482757343000000,38401,-0.675,-0.036,-0.727,-0.06,-0.06,-0.16,1,imu01,fusion_20260817T182528Z,905,38401434,482757332119983
482757359000000,38421,-0.673,-0.036,-0.733,0.35,0.21,-0.22,1,imu01,fusion_20260817T182528Z,906,38421430,482757352113429
482757390000000,38441,-0.674,-0.037,-0.739,-0.13,0.08,-0.14,1,imu01,fusion_20260817T182528Z,907,38441434,482757372114873
482757406000000,38461,-0.678,-0.037,-0.728,-0.16,0.23,-0.45,1,imu01,fusion_20260817T182528Z,908,38461430,482757392108319
482757421000000,38481,-0.673,-0.038,-0.731,0.16,0.11,-0.16,1,imu01,fusion_20260817T182528Z,909,38481434,482757412109763
482757437000000,38501,-0.677,-0.035,-0.73,-0.32,-0.09,-0.32,1,imu01,fusion_20260817T182528Z,910,38501430,482757432103209
482757468000000,38521,-0.674,-0.037,-0.738,-0.07,-0.01,-0.34,1,imu01,fusion_20260817T182528Z,911,38521434,482757452104653
482757484000000,38541,-0.677,-0.036,-0.733,-0.09,0.21,-0.36,1,imu01,fusion_20260817T182528Z,912,38541430,482757472098099
482757500000000,38561,-0.673,-0.041,-0.733,-0.31,-0.13,-0.16,1,imu01,fusion_20260817T182528Z,913,38561434,482757492099544
482757531000000,38581,-0.674,-0.034,-0.731,0.16,0.21,-0.33,1,imu01,fusion_20260817T182528Z,914,38581430,482757512092989
482757546000000,38601,-0.677,-0.036,-0.735,0.04,0.4,-0.08,1,imu01,fusion_20260817T182528Z,915,38601434,482757532094434
482757562000000,38621,-0.674,-0.039,-0.729,0.15,0.05,-0.19,1,imu01,fusion_20260817T182528Z,916,38621430,482757552087879
482757578000000,38641,-0.676,-0.038,-0.735,0.1,0.05,-0.25,1,imu01,fusion_20260817T182528Z,917,38641434,482757572089324
482757609000000,38661,-0.673,-0.036,-0.73,0.02,-0.04,-0.49,1,imu01,fusion_20260817T182528Z,918,38661430,482757592082769
482757625000000,38681,-0.677,-0.032,-0.737,-0.29,-0.15,-0.24,1,imu01,fusion_20260817T182528Z,919,38681434,482757612084214
482757640000000,38701,-0.678,-0.036,-0.734,0.28,0.32,-0.14,1,imu01,fusion_20260817T182528Z,920,38701430,482757632077660
482757656000000,38721,-0.68,-0.039,-0.737,-0.0,0.24,-0.32,1,imu01,fusion_20260817T182528Z,921,38721434,482757652079104
482757687000000,38741,-0.677,-0.039,-0.733,-0.12,0.02,-0.12,1,imu01,fusion_20260817T182528Z,922,38741430,482757672072550
482757703000000,38761,-0.676,-0.037,-0.731,-0.02,0.17,-0.13,1,imu01,fusion_20260817T182528Z,923,38761434,482757692073994
482757718000000,38781,-0.674,-0.037,-0.728,0.29,0.16,-0.23,1,imu01,fusion_20260817T182528Z,924,38781430,482757712067440
482757750000000,38801,-0.673,-0.035,-0.737,-0.26,-0.05,-0.23,1,imu01,fusion_20260817T182528Z,925,38801434,482757732068884
482757765000000,38821,-0.678,-0.037,-0.729,-0.2,0.05,-0.42,1,imu01,fusion_20260817T182528Z,926,38821430,482757752062330
482757781000000,38841,-0.675,-0.035,-0.732,0.04,-0.0,-0.13,1,imu01,fusion_20260817T182528Z,927,38841434,482757772063774
482757796000000,38861,-0.675,-0.033,-0.737,0.01,-0.08,-0.45,1,imu01,fusion_20260817T182528Z,928,38861430,482757792057220
482757828000000,38881,-0.675,-0.035,-0.731,-0.23,0.08,-0.25,1,imu01,fusion_20260817T182528Z,929,38881434,482757812058665
482757843000000,38901,-0.674,-0.037,-0.738,0.19,0.3,-0.19,1,imu01,fusion_20260817T182528Z,930,38901430,482757832052110
482757859000000,38921,-0.675,-0.04,-0.732,0.13,0.14,-0.32,1,imu01,fusion_20260817T182528Z,931,38921434,482757852053555
482757890000000,38941,-0.678,-0.038,-0.735,-0.11,-0.08,-0.35,1,imu01,fusion_20260817T182528Z,932,38941430,482757872047000
482757906000000,38961,-0.675,-0.036,-0.739,-0.16,0.08,-0.49,1,imu01,fusion_20260817T182528Z,933,38961434,482757892048445
482757921000000,38981,-0.678,-0.036,-0.742,-0.1,0.01,-0.23,1,imu01,fusion_20260817T182528Z,934,38981430,482757912041890
482757937000000,39001,-0.673,-0.034,-0.728,-0.09,0.22,-0.27,1,imu01,fusion_20260817T182528Z,935,39001434,482757932043335
482757968000000,39021,-0.679,-0.034,-0.731,0.09,0.05,-0.42,1,imu01,fusion_20260817T182528Z,936,39021430,482757952036781
482757984000000,39041,-0.674,-0.039,-0.734,0.02,-0.12,-0.34,1,imu01,fusion_20260817T182528Z,937,39041434,482757972038225
482758000000000,39061,-0.676,-0.037,-0.732,-0.09,0.18,-0.16,1,imu01,fusion_20260817T182528Z,938,39061430,482757992031671
482758031000000,39081,-0.673,-0.041,-0.732,-0.08,0.2,-0.42,1,imu01,fusion_20260817T182528Z,939,39081434,482758012033115
482758046000000,39101,-0.673,-0.034,-0.733,0.35,0.05,-0.25,1,imu01,fusion_20260817T182528Z,940,39101430,482758032026561
482758062000000,39121,-0.679,-0.041,-0.742,0.44,0.18,-0.28,1,imu01,fusion_20260817T182528Z,941,39121434,482758052028005
482758078000000,39141,-0.677,-0.033,-0.731,0.2,0.17,-0.15,1,imu01,fusion_20260817T182528Z,942,39141430,482758072021451
482758109000000,39161,-0.678,-0.038,-0.74,0.31,0.27,-0.32,1,imu01,fusion_20260817T182528Z,943,39161434,482758092022896
482758125000000,39181,-0.674,-0.036,-0.737,0.85,0.66,-0.04,1,imu01,fusion_20260817T182528Z,944,39181430,482758112016341
482758140000000,39201,-0.676,-0.031,-0.732,-0.24,-0.02,-0.14,1,imu01,fusion_20260817T182528Z,945,39201434,482758132017786
482758171000000,39221,-0.675,-0.036,-0.74,-0.11,0.17,-0.21,1,imu01,fusion_20260817T182528Z,946,39221430,482758152011231
482758187000000,39241,-0.678,-0.035,-0.729,0.23,0.36,-0.28,1,imu01,fusion_20260817T182528Z,947,39241434,482758172012676
482758203000000,39261,-0.675,-0.036,-0.733,-0.48,-0.01,-0.21,1,imu01,fusion_20260817T182528Z,948,39261430,482758192006121
482758218000000,39281,-0.674,-0.036,-0.739,0.03,0.03,-0.24,1,imu01,fusion_20260817T182528Z,949,39281434,482758212007566
482758250000000,39301,-0.677,-0.038,-0.737,-0.19,0.14,-0.35,1,imu01,fusion_20260817T182528Z,950,39301430,482758232001012
482758265000000,39321,-0.674,-0.034,-0.734,-0.43,0.12,-0.26,1,imu01,fusion_20260817T182528Z,951,39321434,482758252002456
482758281000000,39341,-0.677,-0.038,-0.733,-0.2,0.02,-0.35,1,imu01,fusion_20260817T182528Z,952,39341430,482758271995902
482758296000000,39361,-0.676,-0.034,-0.734,0.08,-0.05,-0.13,1,imu01,fusion_20260817T182528Z,953,39361434,482758291997346
482758328000000,39381,-0.677,-0.043,-0.746,0.03,0.03,-0.16,1,imu01,fusion_20260817T182528Z,954,39381430,482758311990792
482758343000000,39401,-0.675,-0.038,-0.731,0.42,0.44,-0.04,1,imu01,fusion_20260817T182528Z,955,39401434,482758331992236
482758359000000,39421,-0.673,-0.04,-0.737,0.1,0.08,0.02,1,imu01,fusion_20260817T182528Z,956,39421430,482758351985682
482758390000000,39441,-0.675,-0.039,-0.732,0.51,0.04,-0.21,1,imu01,fusion_20260817T182528Z,957,39441434,482758371987126
482758406000000,39461,-0.672,-0.037,-0.731,-0.1,0.08,-0.02,1,imu01,fusion_20260817T182528Z,958,39461430,482758391980572
482758421000000,39481,-0.676,-0.03,-0.735,0.07,0.09,-0.46,1,imu01,fusion_20260817T182528Z,959,39481434,482758411982017
482758437000000,39501,-0.675,-0.034,-0.739,-0.02,-0.05,-0.15,1,imu01,fusion_20260817T182528Z,960,39501430,482758431975462
482758468000000,39521,-0.673,-0.038,-0.74,-0.29,-0.12,-0.14,1,imu01,fusion_20260817T182528Z,961,39521434,482758451976907
482758484000000,39541,-0.679,-0.039,-0.737,0.16,0.29,-0.1,1,imu01,fusion_20260817T182528Z,962,39541430,482758471970352
482758500000000,39561,-0.678,-0.038,-0.733,-0.18,-0.27,-0.11,1,imu01,fusion_20260817T182528Z,963,39561434,482758491971797
482758531000000,39581,-0.674,-0.04,-0.735,-0.0,0.13,-0.42,1,imu01,fusion_20260817T182528Z,964,39581430,482758511965242
482758546000000,39601,-0.67,-0.037,-0.729,-0.15,-0.03,-0.07,1,imu01,fusion_20260817T182528Z,965,39601434,482758531966687
482758562000000,39621,-0.675,-0.038,-0.742,-0.06,-0.01,-0.04,1,imu01,fusion_20260817T182528Z,966,39621430,482758551960132
482758578000000,39641,-0.678,-0.034,-0.736,-0.29,0.14,-0.41,1,imu01,fusion_20260817T182528Z,967,39641434,482758571961577
482758609000000,39661,-0.674,-0.038,-0.735,-0.08,0.08,-0.32,1,imu01,fusion_20260817T182528Z,968,39661430,482758591955023
482758625000000,39681,-0.678,-0.034,-0.735,-0.04,0.08,-0.51,1,imu01,fusion_20260817T182528Z,969,39681434,482758611956467
482758640000000,39701,-0.68,-0.036,-0.73,-0.45,0.09,-0.21,1,imu01,fusion_20260817T182528Z,970,39701430,482758631949913
482758671000000,39721,-0.672,-0.037,-0.736,0.16,0.34,-0.04,1,imu01,fusion_20260817T182528Z,971,39721434,482758651951357
482758687000000,39741,-0.679,-0.04,-0.734,-0.36,-0.21,-0.32,1,imu01,fusion_20260817T182528Z,972,39741430,482758671944803
482758703000000,39761,-0.68,-0.04,-0.728,0.13,0.08,-0.28,1,imu01,fusion_20260817T182528Z,973,39761434,482758691946248
482758718000000,39781,-0.676,-0.039,-0.738,0.01,0.08,-0.36,1,imu01,fusion_20260817T182528Z,974,39781430,482758711939693
482758750000000,39801,-0.673,-0.039,-0.738,0.06,0.1,-0.12,1,imu01,fusion_20260817T182528Z,975,39801434,482758731941138
482758765000000,39821,-0.678,-0.038,-0.736,0.35,0.24,-0.2,1,imu01,fusion_20260817T182528Z,976,39821430,482758751934583
482758781000000,39841,-0.674,-0.039,-0.735,-0.07,0.04,-0.41,1,imu01,fusion_20260817T182528Z,977,39841434,482758771936028
482758796000000,39861,-0.674,-0.039,-0.73,-0.06,0.01,-0.22,1,imu01,fusion_20260817T182528Z,978,39861430,482758791929473
482758828000000,39881,-0.675,-0.038,-0.746,-0.02,-0.12,-0.29,1,imu01,fusion_20260817T182528Z,979,39881434,482758811930918
482758843000000,39901,-0.676,-0.039,-0.738,0.15,0.05,-0.22,1,imu01,fusion_20260817T182528Z,980,39901430,482758831924363
482758859000000,39921,-0.676,-0.034,-0.735,-0.01,0.55,-0.19,1,imu01,fusion_20260817T182528Z,981,39921434,482758851925808
482758890000000,39941,-0.676,-0.037,-0.726,-0.17,0.37,-0.22,1,imu01,fusion_20260817T182528Z,982,39941430,482758871919254
482758906000000,39961,-0.68,-0.035,-0.734,-0.13,-0.27,-0.67,1,imu01,fusion_20260817T182528Z,983,39961434,482758891920698
482758921000000,39981,-0.677,-0.038,-0.734,-0.17,0.25,-0.26,1,imu01,fusion_20260817T182528Z,984,39981430,482758911914144
482758937000000,40001,-0.678,-0.041,-0.741,0.19,0.37,-0.33,1,imu01,fusion_20260817T182528Z,985,40001434,482758931915588
482758968000000,40021,-0.677,-0.039,-0.738,0.09,0.21,-0.46,1,imu01,fusion_20260817T182528Z,986,40021430,482758951909034
482758984000000,40041,-0.677,-0.038,-0.728,0.27,0.34,-0.42,1,imu01,fusion_20260817T182528Z,987,40041434,482758971910478
482759000000000,40061,-0.673,-0.039,-0.735,0.1,0.24,-0.29,1,imu01,fusion_20260817T182528Z,988,40061430,482758991903924
482759031000000,40081,-0.675,-0.038,-0.734,-0.27,0.37,-0.29,1,imu01,fusion_20260817T182528Z,989,40081434,482759011905369
482759046000000,40101,-0.677,-0.033,-0.735,-0.08,0.11,-0.34,1,imu01,fusion_20260817T182528Z,990,40101430,482759031898814
482759062000000,40121,-0.672,-0.035,-0.734,-0.04,0.07,-0.18,1,imu01,fusion_20260817T182528Z,991,40121434,482759051900259
482759078000000,40141,-0.675,-0.039,-0.731,0.03,0.24,-0.07,1,imu01,fusion_20260817T182528Z,992,40141430,482759071893704
482759109000000,40161,-0.676,-0.039,-0.727,-0.26,-0.02,-0.35,1,imu01,fusion_20260817T182528Z,993,40161434,482759091895149
482759125000000,40181,-0.673,-0.038,-0.734,0.39,0.15,-0.49,1,imu01,fusion_20260817T182528Z,994,40181430,482759111888594
482759140000000,40201,-0.676,-0.039,-0.733,-0.15,0.26,-0.56,1,imu01,fusion_20260817T182528Z,995,40201434,482759131890039
482759156000000,40221,-0.677,-0.037,-0.735,-0.04,0.36,-0.2,1,imu01,fusion_20260817T182528Z,996,40221430,482759151883484
482759187000000,40241,-0.673,-0.034,-0.733,-0.02,0.02,-0.26,1,imu01,fusion_20260817T182528Z,997,40241434,482759171884929
482759203000000,40261,-0.68,-0.033,-0.741,0.07,0.39,-0.48,1,imu01,fusion_20260817T182528Z,998,40261430,482759191878375
482759218000000,40281,-0.671,-0.033,-0.744,0.18,0.21,-0.05,1,imu01,fusion_20260817T182528Z,999,40281434,482759211879819
482759250000000,40301,-0.678,-0.033,-0.735,-0.29,-0.14,-0.36,1,imu01,fusion_20260817T182528Z,1000,40301430,482759231873265
482759265000000,40321,-0.676,-0.04,-0.736,0.0,0.58,-0.23,1,imu01,fusion_20260817T182528Z,1001,40321434,482759251874709
482759281000000,40341,-0.68,-0.038,-0.736,-0.1,-0.15,-0.22,1,imu01,fusion_20260817T182528Z,1002,40341430,482759271868155
482759296000000,40361,-0.676,-0.037,-0.73,0.03,0.24,-0.21,1,imu01,fusion_20260817T182528Z,1003,40361434,482759291869599
482759328000000,40381,-0.678,-0.04,-0.736,0.61,0.1,-0.49,1,imu01,fusion_20260817T182528Z,1004,40381430,482759311863045
482759343000000,40401,-0.678,-0.038,-0.734,0.2,0.19,-0.22,1,imu01,fusion_20260817T182528Z,1005,40401434,482759331864490
482759359000000,40421,-0.675,-0.035,-0.731,0.25,0.4,-0.1,1,imu01,fusion_20260817T182528Z,1006,40421430,482759351857935
482759390000000,40441,-0.675,-0.034,-0.731,0.26,0.32,-0.22,1,imu01,fusion_20260817T182528Z,1007,40441434,482759371859380
482759406000000,40461,-0.679,-0.035,-0.731,-0.26,0.27,-0.16,1,imu01,fusion_20260817T182528Z,1008,40461430,482759391852825
482759421000000,40481,-0.677,-0.034,-0.736,-0.16,0.17,-0.22,1,imu01,fusion_20260817T182528Z,1009,40481434,482759411854270
482759437000000,40501,-0.676,-0.04,-0.729,0.05,0.16,-0.08,1,imu01,fusion_20260817T182528Z,1010,40501430,482759431847715
482759468000000,40521,-0.668,-0.037,-0.737,-0.36,-0.16,-0.17,1,imu01,fusion_20260817T182528Z,1011,40521434,482759451849160
482759484000000,40541,-0.678,-0.04,-0.737,0.13,0.1,-0.35,1,imu01,fusion_20260817T182528Z,1012,40541430,482759471842606
482759500000000,40561,-0.677,-0.038,-0.73,0.15,0.24,-0.41,1,imu01,fusion_20260817T182528Z,1013,40561434,482759491844050
482759531000000,40581,-0.676,-0.036,-0.738,0.15,0.36,-0.44,1,imu01,fusion_20260817T182528Z,1014,40581430,482759511837496
482759546000000,40601,-0.678,-0.038,-0.73,-0.45,-0.22,-0.3,1,imu01,fusion_20260817T182528Z,1015,40601434,482759531838940
482759562000000,40621,-0.675,-0.031,-0.734,0.07,0.16,-0.35,1,imu01,fusion_20260817T182528Z,1016,40621430,482759551832386
482759578000000,40641,-0.676,-0.038,-0.733,0.01,0.15,-0.23,1,imu01,fusion_20260817T182528Z,1017,40641434,482759571833830
482759609000000,40661,-0.679,-0.036,-0.737,-0.14,0.31,-0.22,1,imu01,fusion_20260817T182528Z,1018,40661430,482759591827276
482759625000000,40681,-0.676,-0.035,-0.737,-0.02,-0.05,-0.35,1,imu01,fusion_20260817T182528Z,1019,40681434,482759611828720
482759640000000,40701,-0.677,-0.033,-0.734,-0.04,-0.06,-0.19,1,imu01,fusion_20260817T182528Z,1020,40701430,482759631822166
482759656000000,40721,-0.673,-0.035,-0.733,0.12,0.55,-0.32,1,imu01,fusion_20260817T182528Z,1021,40721434,482759651823611
482759687000000,40741,-0.673,-0.038,-0.733,0.15,0.18,-0.37,1,imu01,fusion_20260817T182528Z,1022,40741430,482759671817056
482759703000000,40761,-0.674,-0.039,-0.732,-0.03,0.15,-0.26,1,imu01,fusion_20260817T182528Z,1023,40761434,482759691818501
482759718000000,40781,-0.676,-0.033,-0.733,-0.03,-0.0,-0.31,1,imu01,fusion_20260817T182528Z,1024,40781430,482759711811946
482759750000000,40801,-0.675,-0.038,-0.738,0.02,-0.0,-0.26,1,imu01,fusion_20260817T182528Z,1025,40801434,482759731813391
482759765000000,40821,-0.675,-0.04,-0.736,-0.19,-0.21,-0.19,1,imu01,fusion_20260817T182528Z,1026,40821430,482759751806836
482759781000000,40841,-0.679,-0.034,-0.734,-0.08,0.46,-0.24,1,imu01,fusion_20260817T182528Z,1027,40841434,482759771808281
482759796000000,40861,-0.671,-0.036,-0.738,0.2,0.48,-0.38,1,imu01,fusion_20260817T182528Z,1028,40861430,482759791801727
482759828000000,40881,-0.676,-0.036,-0.73,-0.08,0.03,-0.32,1,imu01,fusion_20260817T182528Z,1029,40881434,482759811803171
482759843000000,40901,-0.676,-0.039,-0.742,-0.08,0.04,-0.15,1,imu01,fusion_20260817T182528Z,1030,40901430,482759831796617
482759859000000,40921,-0.675,-0.04,-0.737,-0.2,-0.01,-0.14,1,imu01,fusion_20260817T182528Z,1031,40921434,482759851798061
482759890000000,40941,-0.68,-0.033,-0.741,-0.1,-0.16,-0.42,1,imu01,fusion_20260817T182528Z,1032,40941430,482759871791507
482759906000000,40961,-0.676,-0.04,-0.736,0.03,0.27,-0.38,1,imu01,fusion_20260817T182528Z,1033,40961434,482759891792951
482759921000000,40981,-0.677,-0.036,-0.731,0.05,0.25,-0.22,1,imu01,fusion_20260817T182528Z,1034,40981430,482759911786397
482759937000000,41001,-0.675,-0.037,-0.742,-0.17,0.1,-0.25,1,imu01,fusion_20260817T182528Z,1035,41001434,482759931787842
482759968000000,41021,-0.674,-0.039,-0.733,-0.14,-0.22,-0.13,1,imu01,fusion_20260817T182528Z,1036,41021430,482759951781287
482759984000000,41041,-0.678,-0.039,-0.729,0.39,0.59,-0.37,1,imu01,fusion_20260817T182528Z,1037,41041434,482759971782732
482760000000000,41061,-0.678,-0.036,-0.736,-0.45,-0.13,-0.31,1,imu01,fusion_20260817T182528Z,1038,41061430,482759991776177
482760031000000,41081,-0.675,-0.04,-0.742,-0.2,0.13,0.1,1,imu01,fusion_20260817T182528Z,1039,41081434,482760011777622
482760046000000,41101,-0.677,-0.035,-0.736,-0.05,0.17,-0.09,1,imu01,fusion_20260817T182528Z,1040,41101430,482760031771067
482760062000000,41121,-0.679,-0.037,-0.741,-0.2,-0.02,-0.16,1,imu01,fusion_20260817T182528Z,1041,41121434,482760051772512
482760078000000,41141,-0.68,-0.036,-0.733,0.06,0.43,-0.13,1,imu01,fusion_20260817T182528Z,1042,41141430,482760071765958
482760109000000,41161,-0.673,-0.035,-0.733,0.01,0.07,-0.03,1,imu01,fusion_20260817T182528Z,1043,41161434,482760091767402
482760125000000,41181,-0.677,-0.035,-0.734,-0.15,0.22,-0.09,1,imu01,fusion_20260817T182528Z,1044,41181430,482760111760848
482760140000000,41201,-0.674,-0.038,-0.735,0.33,0.21,-0.22,1,imu01,fusion_20260817T182528Z,1045,41201434,482760131762292
482760171000000,41221,-0.676,-0.035,-0.736,0.08,0.2,-0.16,1,imu01,fusion_20260817T182528Z,1046,41221430,482760151755738
482760187000000,41241,-0.675,-0.038,-0.733,-0.24,-0.07,-0.38,1,imu01,fusion_20260817T182528Z,1047,41241434,482760171757182
482760203000000,41261,-0.677,-0.036,-0.736,-0.29,-0.07,-0.25,1,imu01,fusion_20260817T182528Z,1048,41261430,482760191750628
482760218000000,41281,-0.674,-0.037,-0.733,0.01,0.15,-0.16,1,imu01,fusion_20260817T182528Z,1049,41281434,482760211752072
482760250000000,41301,-0.674,-0.034,-0.733,-0.03,0.21,0.13,1,imu01,fusion_20260817T182528Z,1050,41301430,482760231745518
482760265000000,41321,-0.678,-0.034,-0.732,0.03,0.12,-0.16,1,imu01,fusion_20260817T182528Z,1051,41321434,482760251746963
482760281000000,41341,-0.674,-0.038,-0.736,0.05,0.16,-0.56,1,imu01,fusion_20260817T182528Z,1052,41341430,482760271740408
482760296000000,41361,-0.678,-0.038,-0.732,-0.19,0.09,-0.17,1,imu01,fusion_20260817T182528Z,1053,41361434,482760291741853
482760328000000,41381,-0.678,-0.039,-0.734,-0.11,-0.01,-0.03,1,imu01,fusion_20260817T182528Z,1054,41381430,482760311735298
482760343000000,41401,-0.678,-0.039,-0.729,0.15,0.23,-0.34,1,imu01,fusion_20260817T182528Z,1055,41401434,482760331736743
482760359000000,41421,-0.676,-0.034,-0.736,-0.25,0.28,-0.23,1,imu01,fusion_20260817T182528Z,1056,41421430,482760351730188
482760390000000,41441,-0.677,-0.037,-0.736,0.03,-0.02,-0.19,1,imu01,fusion_20260817T182528Z,1057,41441434,482760371731633
482760406000000,41461,-0.679,-0.038,-0.732,-0.2,0.1,-0.16,1,imu01,fusion_20260817T182528Z,1058,41461430,482760391725079
482760421000000,41481,-0.676,-0.035,-0.735,0.29,0.12,-0.26,1,imu01,fusion_20260817T182528Z,1059,41481434,482760411726523
482760437000000,41501,-0.678,-0.036,-0.73,0.43,0.39,-0.06,1,imu01,fusion_20260817T182528Z,1060,41501430,482760431719969
482760468000000,41521,-0.678,-0.036,-0.734,0.06,-0.05,-0.24,1,imu01,fusion_20260817T182528Z,1061,41521434,482760451721413
482760484000000,41541,-0.673,-0.033,-0.737,0.01,0.12,-0.32,1,imu01,fusion_20260817T182528Z,1062,41541430,482760471714859
482760500000000,41561,-0.68,-0.043,-0.73,0.22,-0.13,-0.37,1,imu01,fusion_20260817T182528Z,1063,41561434,482760491716303
482760531000000,41581,-0.675,-0.039,-0.739,-0.0,0.2,-0.53,1,imu01,fusion_20260817T182528Z,1064,41581430,482760511709749
482760546000000,41601,-0.678,-0.039,-0.732,0.02,-0.09,-0.03,1,imu01,fusion_20260817T182528Z,1065,41601434,482760531711194
482760562000000,41621,-0.673,-0.036,-0.736,0.05,0.15,-0.22,1,imu01,fusion_20260817T182528Z,1066,41621430,482760551704639
482760578000000,41641,-0.678,-0.04,-0.731,0.23,-0.02,-0.32,1,imu01,fusion_20260817T182528Z,1067,41641434,482760571706084
482760609000000,41661,-0.678,-0.036,-0.74,-0.0,0.01,-0.14,1,imu01,fusion_20260817T182528Z,1068,41661430,482760591699529
482760625000000,41681,-0.676,-0.037,-0.729,0.16,0.2,-0.3,1,imu01,fusion_20260817T182528Z,1069,41681434,482760611700974
482760640000000,41701,-0.675,-0.033,-0.734,0.12,0.04,-0.09,1,imu01,fusion_20260817T182528Z,1070,41701430,482760631694419
482760656000000,41721,-0.675,-0.037,-0.733,0.02,0.05,-0.3,1,imu01,fusion_20260817T182528Z,1071,41721434,482760651695864
482760687000000,41741,-0.674,-0.037,-0.735,0.28,0.3,-0.23,1,imu01,fusion_20260817T182528Z,1072,41741430,482760671689310
482760703000000,41761,-0.679,-0.035,-0.733,0.16,0.01,-0.19,1,imu01,fusion_20260817T182528Z,1073,41761434,482760691690754
482760718000000,41781,-0.676,-0.04,-0.735,0.16,-0.12,-0.16,1,imu01,fusion_20260817T182528Z,1074,41781430,482760711684200
482760750000000,41801,-0.675,-0.041,-0.742,-0.1,-0.02,-0.27,1,imu01,fusion_20260817T182528Z,1075,41801434,482760731685644
482760765000000,41821,-0.677,-0.035,-0.74,0.21,0.11,-0.32,1,imu01,fusion_20260817T182528Z,1076,41821430,482760751679090
482760781000000,41841,-0.676,-0.041,-0.733,-0.28,-0.1,-0.16,1,imu01,fusion_20260817T182528Z,1077,41841434,482760771680534
482760796000000,41861,-0.679,-0.035,-0.732,0.33,0.29,-0.16,1,imu01,fusion_20260817T182528Z,1078,41861430,482760791673980
482760828000000,41881,-0.673,-0.039,-0.739,0.22,0.2,-0.19,1,imu01,fusion_20260817T182528Z,1079,41881434,482760811675424
482760843000000,41901,-0.675,-0.037,-0.734,-0.1,-0.0,-0.25,1,imu01,fusion_20260817T182528Z,1080,41901430,482760831668870
482760859000000,41921,-0.674,-0.038,-0.732,0.33,0.35,-0.19,1,imu01,fusion_20260817T182528Z,1081,41921434,482760851670315
482760890000000,41941,-0.674,-0.035,-0.731,0.06,0.28,-0.06,1,imu01,fusion_20260817T182528Z,1082,41941430,482760871663760
482760906000000,41961,-0.677,-0.04,-0.74,-0.05,0.13,-0.3,1,imu01,fusion_20260817T182528Z,1083,41961434,482760891665205
482760921000000,41981,-0.671,-0.041,-0.734,0.24,0.27,-0.29,1,imu01,fusion_20260817T182528Z,1084,41981430,482760911658650
482760937000000,42001,-0.676,-0.036,-0.731,-0.27,0.19,-0.28,1,imu01,fusion_20260817T182528Z,1085,42001434,482760931660095
482760968000000,42021,-0.675,-0.039,-0.73,0.2,0.12,-0.34,1,imu01,fusion_20260817T182528Z,1086,42021430,482760951653540
482760984000000,42041,-0.676,-0.037,-0.734,-0.22,0.06,-0.32,1,imu01,fusion_20260817T182528Z,1087,42041434,482760971654985
482761000000000,42061,-0.674,-0.039,-0.732,-0.09,0.37,-0.17,1,imu01,fusion_20260817T182528Z,1088,42061430,482760991648431
482761031000000,42081,-0.673,-0.036,-0.738,-0.32,-0.07,-0.07,1,imu01,fusion_20260817T182528Z,1089,42081434,482761011649875
482761046000000,42101,-0.673,-0.036,-0.733,0.14,-0.12,-0.06,1,imu01,fusion_20260817T182528Z,1090,42101430,482761031643321
482761062000000,42121,-0.675,-0.035,-0.738,0.09,-0.07,-0.26,1,imu01,fusion_20260817T182528Z,1091,42121434,482761051644765
482761078000000,42141,-0.673,-0.036,-0.734,0.26,0.3,-0.41,1,imu01,fusion_20260817T182528Z,1092,42141430,482761071638211
482761109000000,42161,-0.673,-0.038,-0.741,0.08,0.32,-0.08,1,imu01,fusion_20260817T182528Z,1093,42161434,482761091639655
482761125000000,42181,-0.673,-0.041,-0.74,0.23,0.28,-0.27,1,imu01,fusion_20260817T182528Z,1094,42181430,482761111633101
482761140000000,42201,-0.675,-0.038,-0.734,-0.0,-0.03,-0.06,1,imu01,fusion_20260817T182528Z,1095,42201434,482761131634546
482761156000000,42221,-0.675,-0.038,-0.732,-0.12,0.26,-0.09,1,imu01,fusion_20260817T182528Z,1096,42221430,482761151627991
482761187000000,42241,-0.674,-0.035,-0.742,0.06,0.38,-0.12,1,imu01,fusion_20260817T182528Z,1097,42241434,482761171629436
482761203000000,42261,-0.677,-0.036,-0.73,0.29,0.24,-0.31,1,imu01,fusion_20260817T182528Z,1098,42261430,482761191622881
482761218000000,42281,-0.672,-0.034,-0.736,0.44,0.21,-0.4,1,imu01,fusion_20260817T182528Z,1099,42281434,482761211624326
482761250000000,42301,-0.677,-0.037,-0.738,-0.47,-0.01,-0.18,1,imu01,fusion_20260817T182528Z,1100,42301430,482761231617771
482761265000000,42321,-0.675,-0.04,-0.733,0.52,0.24,-0.36,1,imu01,fusion_20260817T182528Z,1101,42321434,482761251619216
482761281000000,42341,-0.679,-0.037,-0.736,0.04,-0.07,-0.17,1,imu01,fusion_20260817T182528Z,1102,42341430,482761271612662
482761296000000,42361,-0.674,-0.038,-0.737,-0.44,-0.39,-0.34,1,imu01,fusion_20260817T182528Z,1103,42361434,482761291614106
482761328000000,42381,-0.679,-0.036,-0.739,0.87,0.31,-0.52,1,imu01,fusion_20260817T182528Z,1104,42381430,482761311607552
482761343000000,42401,-0.68,-0.034,-0.741,-0.42,-0.14,-0.06,1,imu01,fusion_20260817T182528Z,1105,42401434,482761331608996
482761359000000,42421,-0.679,-0.038,-0.731,-0.47,-0.02,-0.57,1,imu01,fusion_20260817T182528Z,1106,42421430,482761351602442
482761390000000,42441,-0.675,-0.04,-0.732,-0.06,-0.04,-0.16,1,imu01,fusion_20260817T182528Z,1107,42441434,482761371603886
482761406000000,42461,-0.677,-0.034,-0.728,0.04,0.05,-0.42,1,imu01,fusion_20260817T182528Z,1108,42461430,482761391597332
482761421000000,42481,-0.675,-0.036,-0.738,0.24,0.12,-0.31,1,imu01,fusion_20260817T182528Z,1109,42481434,482761411598776
482761437000000,42501,-0.677,-0.034,-0.737,0.39,0.15,-0.18,1,imu01,fusion_20260817T182528Z,1110,42501430,482761431592222
482761468000000,42521,-0.676,-0.036,-0.735,0.32,0.02,-0.35,1,imu01,fusion_20260817T182528Z,1111,42521434,482761451593667
482761484000000,42541,-0.674,-0.035,-0.734,0.74,0.33,-0.19,1,imu01,fusion_20260817T182528Z,1112,42541430,482761471587112
482761500000000,42561,-0.674,-0.037,-0.735,-0.05,-0.08,-0.22,1,imu01,fusion_20260817T182528Z,1113,42561434,482761491588557
482761531000000,42581,-0.675,-0.039,-0.732,0.2,0.24,-0.35,1,imu01,fusion_20260817T182528Z,1114,42581430,482761511582002
482761546000000,42601,-0.675,-0.04,-0.733,-0.46,0.11,-0.02,1,imu01,fusion_20260817T182528Z,1115,42601434,482761531583447
482761562000000,42621,-0.676,-0.038,-0.737,-0.08,0.25,-0.0,1,imu01,fusion_20260817T182528Z,1116,42621430,482761551576892
482761578000000,42641,-0.677,-0.038,-0.734,0.4,0.41,-0.21,1,imu01,fusion_20260817T182528Z,1117,42641434,482761571578337
482761609000000,42661,-0.677,-0.043,-0.735,-0.04,0.29,-0.25,1,imu01,fusion_20260817T182528Z,1118,42661430,482761591571783
482761625000000,42681,-0.678,-0.034,-0.74,0.16,0.08,-0.29,1,imu01,fusion_20260817T182528Z,1119,42681434,482761611573227
482761640000000,42701,-0.676,-0.035,-0.738,-0.14,0.26,-0.19,1,imu01,fusion_20260817T182528Z,1120,42701430,482761631566673
482761656000000,42721,-0.676,-0.039,-0.736,0.17,0.21,-0.18,1,imu01,fusion_20260817T182528Z,1121,42721434,482761651568117
482761687000000,42741,-0.678,-0.038,-0.739,-0.06,0.01,0.02,1,imu01,fusion_20260817T182528Z,1122,42741430,482761671561563
482761703000000,42761,-0.672,-0.04,-0.733,0.03,0.23,-0.37,1,imu01,fusion_20260817T182528Z,1123,42761434,482761691563007
482761718000000,42781,-0.676,-0.04,-0.743,0.11,0.39,-0.07,1,imu01,fusion_20260817T182528Z,1124,42781430,482761711556453
482761750000000,42801,-0.676,-0.034,-0.737,0.04,0.21,0.11,1,imu01,fusion_20260817T182528Z,1125,42801434,482761731557898
482761765000000,42821,-0.671,-0.04,-0.738,-0.03,0.38,-0.32,1,imu01,fusion_20260817T182528Z,1126,42821430,482761751551343
482761781000000,42841,-0.677,-0.033,-0.73,0.1,0.34,-0.57,1,imu01,fusion_20260817T182528Z,1127,42841434,482761771552788
482761796000000,42861,-0.674,-0.036,-0.728,-0.31,0.3,-0.29,1,imu01,fusion_20260817T182528Z,1128,42861430,482761791546233
482761828000000,42881,-0.674,-0.036,-0.743,0.29,0.05,-0.04,1,imu01,fusion_20260817T182528Z,1129,42881434,482761811547678
482761843000000,42901,-0.674,-0.036,-0.738,-0.42,-0.08,-0.29,1,imu01,fusion_20260817T182528Z,1130,42901430,482761831541123
482761859000000,42921,-0.676,-0.039,-0.735,0.22,-0.06,-0.29,1,imu01,fusion_20260817T182528Z,1131,42921434,482761851542568
482761890000000,42941,-0.675,-0.038,-0.733,-0.17,0.07,-0.36,1,imu01,fusion_20260817T182528Z,1132,42941430,482761871536014
482761906000000,42961,-0.671,-0.036,-0.727,-0.05,0.08,-0.06,1,imu01,fusion_20260817T182528Z,1133,42961434,482761891537458
482761921000000,42981,-0.675,-0.033,-0.74,-0.04,0.13,-0.42,1,imu01,fusion_20260817T182528Z,1134,42981430,482761911530904
482761937000000,43001,-0.673,-0.039,-0.731,-0.23,0.04,-0.16,1,imu01,fusion_20260817T182528Z,1135,43001434,482761931532348
482761968000000,43021,-0.675,-0.034,-0.729,-0.23,0.09,-0.06,1,imu01,fusion_20260817T182528Z,1136,43021430,482761951525794
482761984000000,43041,-0.675,-0.035,-0.739,-0.15,0.24,-0.33,1,imu01,fusion_20260817T182528Z,1137,43041434,482761971527238
482762000000000,43061,-0.671,-0.036,-0.728,0.16,0.15,-0.39,1,imu01,fusion_20260817T182528Z,1138,43061430,482761991520684
482762031000000,43081,-0.677,-0.036,-0.733,-0.26,-0.17,-0.25,1,imu01,fusion_20260817T182528Z,1139,43081434,482762011522128
482762046000000,43101,-0.674,-0.039,-0.739,0.12,0.09,-0.47,1,imu01,fusion_20260817T182528Z,1140,43101430,482762031515574
482762062000000,43121,-0.674,-0.039,-0.734,0.03,0.01,-0.34,1,imu01,fusion_20260817T182528Z,1141,43121434,482762051517019
482762078000000,43141,-0.674,-0.034,-0.735,0.15,0.09,-0.4,1,imu01,fusion_20260817T182528Z,1142,43141430,482762071510464
482762109000000,43161,-0.674,-0.033,-0.728,0.2,0.09,-0.26,1,imu01,fusion_20260817T182528Z,1143,43161434,482762091511909
482762125000000,43181,-0.676,-0.036,-0.729,-0.19,0.09,-0.05,1,imu01,fusion_20260817T182528Z,1144,43181430,482762111505354
482762140000000,43201,-0.673,-0.038,-0.729,0.13,0.1,-0.16,1,imu01,fusion_20260817T182528Z,1145,43201434,482762131506799
482762171000000,43221,-0.673,-0.032,-0.735,0.28,0.06,-0.51,1,imu01,fusion_20260817T182528Z,1146,43221430,482762151500244
482762187000000,43241,-0.679,-0.038,-0.739,0.29,0.13,-0.12,1,imu01,fusion_20260817T182528Z,1147,43241434,482762171501689
482762203000000,43261,-0.676,-0.037,-0.735,0.46,0.4,-0.31,1,imu01,fusion_20260817T182528Z,1148,43261430,482762191495135
482762218000000,43281,-0.669,-0.035,-0.729,-0.0,0.14,-0.22,1,imu01,fusion_20260817T182528Z,1149,43281434,482762211496579
482762250000000,43301,-0.673,-0.036,-0.741,0.0,0.11,-0.11,1,imu01,fusion_20260817T182528Z,1150,43301430,482762231490025
482762265000000,43321,-0.675,-0.041,-0.738,-0.1,0.04,-0.09,1,imu01,fusion_20260817T182528Z,1151,43321434,482762251491469
482762281000000,43341,-0.674,-0.035,-0.739,0.01,0.21,-0.35,1,imu01,fusion_20260817T182528Z,1152,43341430,482762271484915
482762296000000,43361,-0.673,-0.036,-0.737,-0.06,-0.24,-0.64,1,imu01,fusion_20260817T182528Z,1153,43361434,482762291486359
482762328000000,43381,-0.677,-0.038,-0.732,-0.17,-0.24,-0.55,1,imu01,fusion_20260817T182528Z,1154,43381430,482762311479805
482762343000000,43401,-0.677,-0.036,-0.735,-0.04,0.11,-0.06,1,imu01,fusion_20260817T182528Z,1155,43401434,482762331481250
482762359000000,43421,-0.68,-0.033,-0.731,-0.26,-0.0,-0.16,1,imu01,fusion_20260817T182528Z,1156,43421430,482762351474695
482762390000000,43441,-0.676,-0.034,-0.735,0.51,-0.01,-0.36,1,imu01,fusion_20260817T182528Z,1157,43441434,482762371476140
482762406000000,43461,-0.679,-0.039,-0.738,0.12,-0.08,-0.18,1,imu01,fusion_20260817T182528Z,1158,43461430,482762391469585
482762421000000,43481,-0.678,-0.038,-0.732,0.14,0.23,-0.22,1,imu01,fusion_20260817T182528Z,1159,43481434,482762411471030
482762437000000,43501,-0.681,-0.042,-0.73,0.0,0.04,-0.2,1,imu01,fusion_20260817T182528Z,1160,43501430,482762431464475
482762468000000,43521,-0.672,-0.036,-0.73,-0.03,-0.02,-0.07,1,imu01,fusion_20260817T182528Z,1161,43521434,482762451465920
482762484000000,43541,-0.676,-0.039,-0.731,-0.4,-0.07,-0.35,1,imu01,fusion_20260817T182528Z,1162,43541430,482762471459366
482762500000000,43561,-0.675,-0.036,-0.736,-0.28,-0.45,-0.41,1,imu01,fusion_20260817T182528Z,1163,43561434,482762491460810
482762531000000,43581,-0.674,-0.038,-0.729,0.45,0.14,-0.12,1,imu01,fusion_20260817T182528Z,1164,43581430,482762511454256
482762546000000,43601,-0.677,-0.033,-0.732,0.22,0.19,-0.52,1,imu01,fusion_20260817T182528Z,1165,43601434,482762531455700
482762562000000,43621,-0.674,-0.033,-0.736,0.07,0.2,-0.29,1,imu01,fusion_20260817T182528Z,1166,43621430,482762551449146
482762578000000,43641,-0.677,-0.031,-0.733,-0.23,-0.17,-0.29,1,imu01,fusion_20260817T182528Z,1167,43641434,482762571450590
482762609000000,43661,-0.68,-0.04,-0.738,0.31,0.3,-0.3,1,imu01,fusion_20260817T182528Z,1168,43661430,482762591444036
482762625000000,43681,-0.68,-0.041,-0.73,0.26,0.02,-0.32,1,imu01,fusion_20260817T182528Z,1169,43681434,482762611445480
482762640000000,43701,-0.673,-0.041,-0.734,0.27,0.59,-0.22,1,imu01,fusion_20260817T182528Z,1170,43701430,482762631438926
482762656000000,43721,-0.674,-0.034,-0.732,-0.34,0.16,-0.27,1,imu01,fusion_20260817T182528Z,1171,43721434,482762651440371
482762687000000,43741,-0.675,-0.037,-0.739,-0.17,0.08,-0.31,1,imu01,fusion_20260817T182528Z,1172,43741430,482762671433816
482762703000000,43761,-0.675,-0.036,-0.734,0.19,0.23,-0.28,1,imu01,fusion_20260817T182528Z,1173,43761434,482762691435261
482762718000000,43781,-0.676,-0.035,-0.736,-0.15,0.16,-0.19,1,imu01,fusion_20260817T182528Z,1174,43781430,482762711428706
482762750000000,43801,-0.676,-0.035,-0.735,0.48,0.26,-0.13,1,imu01,fusion_20260817T182528Z,1175,43801434,482762731430151
482762765000000,43821,-0.673,-0.04,-0.733,-0.08,0.23,-0.11,1,imu01,fusion_20260817T182528Z,1176,43821430,482762751423596
482762781000000,43841,-0.678,-0.037,-0.738,0.64,0.26,-0.45,1,imu01,fusion_20260817T182528Z,1177,43841434,482762771425041
482762796000000,43861,-0.672,-0.037,-0.741,0.29,0.37,-0.26,1,imu01,fusion_20260817T182528Z,1178,43861430,482762791418487
482762828000000,43881,-0.677,-0.033,-0.737,-0.29,0.4,-0.16,1,imu01,fusion_20260817T182528Z,1179,43881434,482762811419931
482762843000000,43901,-0.674,-0.034,-0.742,-0.02,-0.26,-0.08,1,imu01,fusion_20260817T182528Z,1180,43901430,482762831413377
482762859000000,43921,-0.675,-0.033,-0.734,0.0,0.17,-0.38,1,imu01,fusion_20260817T182528Z,1181,43921434,482762851414821
482762890000000,43941,-0.675,-0.037,-0.732,-0.36,0.11,-0.14,1,imu01,fusion_20260817T182528Z,1182,43941430,482762871408267
482762906000000,43961,-0.675,-0.034,-0.737,-0.4,-0.08,-0.15,1,imu01,fusion_20260817T182528Z,1183,43961434,482762891409711
482762921000000,43981,-0.675,-0.038,-0.731,0.33,0.4,-0.46,1,imu01,fusion_20260817T182528Z,1184,43981430,482762911403157
482762937000000,44001,-0.676,-0.037,-0.733,-0.32,-0.28,-0.22,1,imu01,fusion_20260817T182528Z,1185,44001434,482762931404602
482762968000000,44021,-0.676,-0.041,-0.736,0.71,0.91,-0.45,1,imu01,fusion_20260817T182528Z,1186,44021430,482762951398047
482762984000000,44041,-0.68,-0.039,-0.735,-0.59,0.14,-0.33,1,imu01,fusion_20260817T182528Z,1187,44041434,482762971399492
482763000000000,44061,-0.679,-0.035,-0.734,0.54,0.02,-0.41,1,imu01,fusion_20260817T182528Z,1188,44061430,482762991392937
482763031000000,44081,-0.676,-0.035,-0.732,-0.23,-0.02,-0.13,1,imu01,fusion_20260817T182528Z,1189,44081434,482763011394382
482763046000000,44101,-0.676,-0.032,-0.732,-0.37,-0.17,-0.33,1,imu01,fusion_20260817T182528Z,1190,44101430,482763031387827
482763062000000,44121,-0.676,-0.035,-0.73,0.02,0.24,-0.0,1,imu01,fusion_20260817T182528Z,1191,44121434,482763051389272
482763078000000,44141,-0.681,-0.034,-0.737,0.08,0.49,-0.24,1,imu01,fusion_20260817T182528Z,1192,44141430,482763071382717
482763109000000,44161,-0.676,-0.04,-0.732,-0.28,-0.09,-0.22,1,imu01,fusion_20260817T182528Z,1193,44161434,482763091384162
482763125000000,44181,-0.676,-0.037,-0.739,0.39,0.2,-0.27,1,imu01,fusion_20260817T182528Z,1194,44181430,482763111377608
482763140000000,44201,-0.673,-0.037,-0.735,0.28,0.06,-0.19,1,imu01,fusion_20260817T182528Z,1195,44201434,482763131379052
482763156000000,44221,-0.673,-0.039,-0.732,0.01,0.08,-0.33,1,imu01,fusion_20260817T182528Z,1196,44221430,482763151372498
482763187000000,44241,-0.674,-0.036,-0.74,-0.26,-0.04,-0.25,1,imu01,fusion_20260817T182528Z,1197,44241434,482763171373942
482763203000000,44261,-0.673,-0.037,-0.736,-1.4,-0.56,-0.06,1,imu01,fusion_20260817T182528Z,1198,44261430,482763191367388
482763218000000,44281,-0.675,-0.034,-0.735,0.58,0.72,-0.33,1,imu01,fusion_20260817T182528Z,1199,44281434,482763211368832
482763250000000,44301,-0.672,-0.034,-0.732,-0.21,0.07,-0.47,1,imu01,fusion_20260817T182528Z,1200,44301430,482763231362278
482763265000000,44321,-0.677,-0.034,-0.737,-0.16,0.1,-0.33,1,imu01,fusion_20260817T182528Z,1201,44321434,482763251363723
482763281000000,44341,-0.676,-0.035,-0.738,1.08,0.41,-0.48,1,imu01,fusion_20260817T182528Z,1202,44341430,482763271357168
482763296000000,44361,-0.676,-0.036,-0.734,-0.45,0.01,-0.42,1,imu01,fusion_20260817T182528Z,1203,44361434,482763291358613
482763328000000,44381,-0.679,-0.041,-0.735,0.22,0.26,-0.28,1,imu01,fusion_20260817T182528Z,1204,44381430,482763311352058
482763343000000,44401,-0.675,-0.037,-0.732,0.07,0.16,-0.29,1,imu01,fusion_20260817T182528Z,1205,44401434,482763331353503
482763359000000,44421,-0.679,-0.042,-0.741,0.24,0.42,-0.17,1,imu01,fusion_20260817T182528Z,1206,44421430,482763351346948
482763390000000,44441,-0.674,-0.037,-0.739,0.2,0.21,-0.35,1,imu01,fusion_20260817T182528Z,1207,44441434,482763371348393
482763406000000,44461,-0.676,-0.035,-0.735,0.03,-0.04,-0.3,1,imu01,fusion_20260817T182528Z,1208,44461430,482763391341838
482763421000000,44481,-0.674,-0.034,-0.732,0.27,0.27,-0.25,1,imu01,fusion_20260817T182528Z,1209,44481434,482763411343283
482763437000000,44501,-0.672,-0.033,-0.737,0.28,0.22,-0.31,1,imu01,fusion_20260817T182528Z,1210,44501430,482763431336729
482763468000000,44521,-0.673,-0.037,-0.729,-0.11,-0.14,-0.25,1,imu01,fusion_20260817T182528Z,1211,44521434,482763451338173
482763484000000,44541,-0.673,-0.037,-0.733,-0.03,0.01,-0.38,1,imu01,fusion_20260817T182528Z,1212,44541430,482763471331619
482763500000000,44561,-0.673,-0.037,-0.734,0.3,0.2,-0.19,1,imu01,fusion_20260817T182528Z,1213,44561434,482763491333063
482763531000000,44581,-0.673,-0.038,-0.74,-0.13,0.17,-0.39,1,imu01,fusion_20260817T182528Z,1214,44581430,482763511326509
482763546000000,44601,-0.672,-0.044,-0.732,0.0,0.01,-0.3,1,imu01,fusion_20260817T182528Z,1215,44601434,482763531327954
482763562000000,44621,-0.675,-0.035,-0.729,-0.26,0.06,-0.07,1,imu01,fusion_20260817T182528Z,1216,44621430,482763551321399
482763578000000,44641,-0.673,-0.037,-0.734,0.35,0.14,-0.53,1,imu01,fusion_20260817T182528Z,1217,44641434,482763571322844
482763609000000,44661,-0.675,-0.036,-0.735,-0.04,0.18,-0.15,1,imu01,fusion_20260817T182528Z,1218,44661430,482763591316289
482763625000000,44681,-0.679,-0.036,-0.727,0.19,0.03,-0.3,1,imu01,fusion_20260817T182528Z,1219,44681434,482763611317734
482763640000000,44701,-0.679,-0.036,-0.734,0.19,0.17,-0.45,1,imu01,fusion_20260817T182528Z,1220,44701430,482763631311179
482763656000000,44721,-0.67,-0.036,-0.73,0.19,-0.02,-0.15,1,imu01,fusion_20260817T182528Z,1221,44721434,482763651312624
482763687000000,44741,-0.677,-0.037,-0.734,0.12,-0.07,-0.25,1,imu01,fusion_20260817T182528Z,1222,44741430,482763671306069
482763703000000,44761,-0.678,-0.039,-0.734,-0.16,0.06,-0.28,1,imu01,fusion_20260817T182528Z,1223,44761434,482763691307514
482763718000000,44781,-0.671,-0.038,-0.735,-0.0,0.29,-0.28,1,imu01,fusion_20260817T182528Z,1224,44781430,482763711300960
482763750000000,44801,-0.674,-0.04,-0.738,0.29,-0.16,-0.16,1,imu01,fusion_20260817T182528Z,1225,44801434,482763731302404
482763765000000,44821,-0.679,-0.037,-0.734,0.28,0.31,-0.33,1,imu01,fusion_20260817T182528Z,1226,44821430,482763751295850
482763781000000,44841,-0.674,-0.04,-0.731,0.39,-0.0,-0.37,1,imu01,fusion_20260817T182528Z,1227,44841434,482763771297294
482763796000000,44861,-0.676,-0.037,-0.738,-0.25,0.14,0.04,1,imu01,fusion_20260817T182528Z,1228,44861430,482763791290740
482763828000000,44881,-0.674,-0.038,-0.734,0.02,0.04,0.04,1,imu01,fusion_20260817T182528Z,1229,44881434,482763811292184
482763843000000,44901,-0.673,-0.036,-0.737,0.12,0.1,-0.42,1,imu01,fusion_20260817T182528Z,1230,44901430,482763831285630
482763859000000,44921,-0.678,-0.037,-0.734,0.0,-0.1,-0.35,1,imu01,fusion_20260817T182528Z,1231,44921434,482763851287075
482763890000000,44941,-0.674,-0.037,-0.734,-0.55,-0.0,-0.06,1,imu01,fusion_20260817T182528Z,1232,44941430,482763871280520
482763906000000,44961,-0.675,-0.036,-0.735,0.1,0.08,-0.45,1,imu01,fusion_20260817T182528Z,1233,44961434,482763891281965
482763921000000,44981,-0.678,-0.034,-0.741,0.09,0.05,0.0,1,imu01,fusion_20260817T182528Z,1234,44981430,482763911275410
482763937000000,45001,-0.679,-0.038,-0.731,0.07,0.22,-0.39,1,imu01,fusion_20260817T182528Z,1235,45001434,482763931276855
482763968000000,45021,-0.674,-0.037,-0.74,0.09,0.3,-0.22,1,imu01,fusion_20260817T182528Z,1236,45021430,482763951270300
482763984000000,45041,-0.673,-0.041,-0.733,0.03,0.14,-0.28,1,imu01,fusion_20260817T182528Z,1237,45041434,482763971271745
482764000000000,45061,-0.672,-0.037,-0.736,-0.01,-0.15,-0.25,1,imu01,fusion_20260817T182528Z,1238,45061430,482763991265190
482764031000000,45081,-0.67,-0.036,-0.742,-0.22,-0.11,-0.37,1,imu01,fusion_20260817T182528Z,1239,45081434,482764011266635
482764046000000,45101,-0.675,-0.035,-0.729,0.16,0.24,-0.22,1,imu01,fusion_20260817T182528Z,1240,45101430,482764031260081
482764062000000,45121,-0.676,-0.037,-0.734,-0.25,-0.12,-0.38,1,imu01,fusion_20260817T182528Z,1241,45121434,482764051261525
482764078000000,45141,-0.673,-0.034,-0.733,0.06,-0.26,-0.03,1,imu01,fusion_20260817T182528Z,1242,45141430,482764071254971
482764109000000,45161,-0.675,-0.035,-0.733,-0.01,0.06,-0.32,1,imu01,fusion_20260817T182528Z,1243,45161434,482764091256415
482764125000000,45181,-0.673,-0.034,-0.733,0.18,-0.02,0.04,1,imu01,fusion_20260817T182528Z,1244,45181430,482764111249861
482764140000000,45201,-0.676,-0.039,-0.737,0.3,0.15,-0.25,1,imu01,fusion_20260817T182528Z,1245,45201434,482764131251305
482764156000000,45221,-0.674,-0.037,-0.727,-0.16,-0.13,-0.32,1,imu01,fusion_20260817T182528Z,1246,45221430,482764151244751
482764187000000,45241,-0.68,-0.033,-0.737,0.12,0.12,-0.07,1,imu01,fusion_20260817T182528Z,1247,45241434,482764171246196
482764203000000,45261,-0.676,-0.037,-0.738,0.02,0.45,-0.38,1,imu01,fusion_20260817T182528Z,1248,45261430,482764191239641
482764218000000,45281,-0.676,-0.038,-0.74,0.13,0.17,-0.22,1,imu01,fusion_20260817T182528Z,1249,45281434,482764211241086
482764250000000,45301,-0.677,-0.034,-0.733,0.11,0.02,-0.14,1,imu01,fusion_20260817T182528Z,1250,45301430,482764231234531
482764265000000,45321,-0.674,-0.036,-0.731,-0.08,0.36,0.1,1,imu01,fusion_20260817T182528Z,1251,45321434,482764251235976
482764281000000,45341,-0.674,-0.035,-0.738,0.2,0.07,-0.39,1,imu01,fusion_20260817T182528Z,1252,45341430,482764271229421
482764296000000,45361,-0.677,-0.038,-0.734,0.1,0.27,-0.31,1,imu01,fusion_20260817T182528Z,1253,45361434,482764291230866
482764328000000,45381,-0.678,-0.037,-0.732,0.12,0.26,-0.42,1,imu01,fusion_20260817T182528Z,1254,45381430,482764311224312
482764343000000,45401,-0.674,-0.039,-0.735,0.03,0.21,-0.13,1,imu01,fusion_20260817T182528Z,1255,45401434,482764331225756
482764359000000,45421,-0.675,-0.04,-0.739,-0.21,0.04,-0.29,1,imu01,fusion_20260817T182528Z,1256,45421430,482764351219202
482764390000000,45441,-0.678,-0.04,-0.734,0.04,0.13,-0.35,1,imu01,fusion_20260817T182528Z,1257,45441434,482764371220646
482764406000000,45461,-0.677,-0.037,-0.734,0.06,-0.08,-0.18,1,imu01,fusion_20260817T182528Z,1258,45461430,482764391214092
482764421000000,45481,-0.674,-0.039,-0.73,-0.07,0.14,-0.16,1,imu01,fusion_20260817T182528Z,1259,45481434,482764411215536
482764437000000,45501,-0.678,-0.036,-0.731,-0.03,0.11,-0.13,1,imu01,fusion_20260817T182528Z,1260,45501430,482764431208982
482764468000000,45521,-0.679,-0.035,-0.732,0.05,0.24,-0.43,1,imu01,fusion_20260817T182528Z,1261,45521434,482764451210426
482764484000000,45541,-0.675,-0.038,-0.739,0.07,0.27,-0.24,1,imu01,fusion_20260817T182528Z,1262,45541430,482764471203872
482764500000000,45561,-0.678,-0.036,-0.74,-0.09,0.14,-0.18,1,imu01,fusion_20260817T182528Z,1263,45561434,482764491205317
482764531000000,45581,-0.673,-0.038,-0.735,0.07,0.39,-0.37,1,imu01,fusion_20260817T182528Z,1264,45581430,482764511198762
482764546000000,45601,-0.678,-0.04,-0.734,0.11,-0.07,-0.23,1,imu01,fusion_20260817T182528Z,1265,45601434,482764531200207
482764562000000,45621,-0.677,-0.037,-0.731,-0.12,0.01,-0.38,1,imu01,fusion_20260817T182528Z,1266,45621430,482764551193652
482764578000000,45641,-0.68,-0.04,-0.734,-0.06,0.21,-0.32,1,imu01,fusion_20260817T182528Z,1267,45641434,482764571195097
482764609000000,45661,-0.677,-0.038,-0.731,-0.13,-0.15,-0.26,1,imu01,fusion_20260817T182528Z,1268,45661430,482764591188542
482764625000000,45681,-0.679,-0.034,-0.727,-0.23,-0.0,-0.34,1,imu01,fusion_20260817T182528Z,1269,45681434,482764611189987
482764640000000,45701,-0.672,-0.038,-0.726,0.1,0.14,-0.03,1,imu01,fusion_20260817T182528Z,1270,45701430,482764631183433
482764671000000,45721,-0.672,-0.036,-0.732,0.04,0.11,-0.42,1,imu01,fusion_20260817T182528Z,1271,45721434,482764651184877
482764687000000,45741,-0.677,-0.035,-0.739,0.07,-0.05,-0.19,1,imu01,fusion_20260817T182528Z,1272,45741430,482764671178323
482764703000000,45761,-0.674,-0.033,-0.743,0.15,0.11,-0.32,1,imu01,fusion_20260817T182528Z,1273,45761434,482764691179767
482764718000000,45781,-0.677,-0.031,-0.732,0.08,-0.08,-0.58,1,imu01,fusion_20260817T182528Z,1274,45781430,482764711173213
482764750000000,45801,-0.674,-0.04,-0.742,0.11,-0.13,-0.34,1,imu01,fusion_20260817T182528Z,1275,45801434,482764731174657
482764765000000,45821,-0.675,-0.039,-0.734,-0.21,0.24,-0.5,1,imu01,fusion_20260817T182528Z,1276,45821430,482764751168103
482764781000000,45841,-0.672,-0.034,-0.734,0.22,0.04,-0.13,1,imu01,fusion_20260817T182528Z,1277,45841434,482764771169548
482764796000000,45861,-0.675,-0.033,-0.738,-0.05,-0.01,-0.15,1,imu01,fusion_20260817T182528Z,1278,45861430,482764791162993
482764828000000,45881,-0.676,-0.034,-0.738,-0.07,-0.02,-0.03,1,imu01,fusion_20260817T182528Z,1279,45881434,482764811164438
482764843000000,45901,-0.676,-0.038,-0.725,-0.08,0.21,-0.07,1,imu01,fusion_20260817T182528Z,1280,45901430,482764831157883
482764859000000,45921,-0.675,-0.03,-0.729,-0.07,-0.14,-0.29,1,imu01,fusion_20260817T182528Z,1281,45921434,482764851159328
482764890000000,45941,-0.677,-0.035,-0.731,-0.18,-0.17,-0.19,1,imu01,fusion_20260817T182528Z,1282,45941430,482764871152773
482764906000000,45961,-0.681,-0.041,-0.734,0.16,0.01,-0.22,1,imu01,fusion_20260817T182528Z,1283,45961434,482764891154218
482764921000000,45981,-0.673,-0.035,-0.734,0.06,0.14,-0.23,1,imu01,fusion_20260817T182528Z,1284,45981430,482764911147664
482764937000000,46001,-0.679,-0.04,-0.734,-0.06,-0.05,-0.13,1,imu01,fusion_20260817T182528Z,1285,46001434,482764931149108
482764968000000,46021,-0.673,-0.036,-0.735,0.17,0.34,-0.29,1,imu01,fusion_20260817T182528Z,1286,46021430,482764951142554
482764984000000,46041,-0.676,-0.036,-0.731,0.15,0.11,-0.06,1,imu01,fusion_20260817T182528Z,1287,46041434,482764971143998
482765000000000,46061,-0.676,-0.039,-0.736,0.2,-0.05,-0.18,1,imu01,fusion_20260817T182528Z,1288,46061430,482764991137444
482765031000000,46081,-0.675,-0.031,-0.728,-0.02,0.1,-0.18,1,imu01,fusion_20260817T182528Z,1289,46081434,482765011138888
482765046000000,46101,-0.676,-0.037,-0.736,0.19,0.21,-0.25,1,imu01,fusion_20260817T182528Z,1290,46101430,482765031132334
482765062000000,46121,-0.677,-0.039,-0.741,0.14,0.37,-0.0,1,imu01,fusion_20260817T182528Z,1291,46121434,482765051133778
482765078000000,46141,-0.681,-0.034,-0.735,0.22,0.01,-0.32,1,imu01,fusion_20260817T182528Z,1292,46141430,482765071127224
482765109000000,46161,-0.677,-0.034,-0.736,0.23,-0.15,-0.52,1,imu01,fusion_20260817T182528Z,1293,46161434,482765091128669
482765125000000,46181,-0.676,-0.038,-0.735,-0.42,-0.21,-0.06,1,imu01,fusion_20260817T182528Z,1294,46181430,482765111122114
482765140000000,46201,-0.678,-0.036,-0.729,-0.05,0.27,-0.34,1,imu01,fusion_20260817T182528Z,1295,46201434,482765131123559
482765156000000,46221,-0.678,-0.036,-0.739,-0.89,0.14,-0.2,1,imu01,fusion_20260817T182528Z,1296,46221430,482765151117004
482765187000000,46241,-0.678,-0.034,-0.74,-0.36,-0.04,-0.34,1,imu01,fusion_20260817T182528Z,1297,46241434,482765171118449
482765203000000,46261,-0.67,-0.036,-0.735,0.26,0.46,-0.06,1,imu01,fusion_20260817T182528Z,1298,46261430,482765191111894
482765218000000,46281,-0.675,-0.038,-0.731,0.06,0.09,-0.16,1,imu01,fusion_20260817T182528Z,1299,46281434,482765211113339
482765250000000,46301,-0.673,-0.036,-0.737,0.36,0.21,-0.27,1,imu01,fusion_20260817T182528Z,1300,46301430,482765231106785
482765265000000,46321,-0.677,-0.037,-0.738,-0.03,0.17,-0.59,1,imu01,fusion_20260817T182528Z,1301,46321434,482765251108229
482765281000000,46341,-0.677,-0.035,-0.728,0.19,0.32,-0.17,1,imu01,fusion_20260817T182528Z,1302,46341430,482765271101675
482765296000000,46361,-0.675,-0.035,-0.734,-0.1,0.21,-0.16,1,imu01,fusion_20260817T182528Z,1303,46361434,482765291103119
482765328000000,46381,-0.679,-0.035,-0.732,-0.35,-0.12,-0.26,1,imu01,fusion_20260817T182528Z,1304,46381430,482765311096565
482765343000000,46401,-0.678,-0.038,-0.736,0.1,0.14,-0.31,1,imu01,fusion_20260817T182528Z,1305,46401434,482765331098009
482765359000000,46421,-0.677,-0.035,-0.735,-0.16,0.14,0.04,1,imu01,fusion_20260817T182528Z,1306,46421430,482765351091455
482765390000000,46441,-0.67,-0.04,-0.727,0.29,0.14,-0.35,1,imu01,fusion_20260817T182528Z,1307,46441434,482765371092900
482765406000000,46461,-0.674,-0.036,-0.733,-0.11,0.01,-0.12,1,imu01,fusion_20260817T182528Z,1308,46461430,482765391086345
482765421000000,46481,-0.675,-0.035,-0.742,0.06,0.1,-0.26,1,imu01,fusion_20260817T182528Z,1309,46481434,482765411087790
482765437000000,46501,-0.68,-0.041,-0.738,-0.0,0.48,-0.28,1,imu01,fusion_20260817T182528Z,1310,46501430,482765431081235
482765468000000,46521,-0.68,-0.041,-0.739,-0.06,0.12,-0.2,1,imu01,fusion_20260817T182528Z,1311,46521434,482765451082680
482765484000000,46541,-0.676,-0.036,-0.735,-0.12,0.36,-0.13,1,imu01,fusion_20260817T182528Z,1312,46541430,482765471076125
482765500000000,46561,-0.676,-0.035,-0.733,0.1,-0.07,-0.36,1,imu01,fusion_20260817T182528Z,1313,46561434,482765491077570
482765531000000,46581,-0.678,-0.037,-0.739,-0.04,-0.09,-0.29,1,imu01,fusion_20260817T182528Z,1314,46581430,482765511071016
482765546000000,46601,-0.673,-0.031,-0.736,0.11,0.05,-0.25,1,imu01,fusion_20260817T182528Z,1315,46601434,482765531072460
482765562000000,46621,-0.678,-0.034,-0.732,0.18,0.46,-0.06,1,imu01,fusion_20260817T182528Z,1316,46621430,482765551065906
482765578000000,46641,-0.675,-0.037,-0.734,0.14,0.42,-0.39,1,imu01,fusion_20260817T182528Z,1317,46641434,482765571067350
482765609000000,46661,-0.678,-0.034,-0.73,0.03,0.06,-0.36,1,imu01,fusion_20260817T182528Z,1318,46661430,482765591060796
482765625000000,46681,-0.678,-0.04,-0.731,-0.1,0.08,-0.27,1,imu01,fusion_20260817T182528Z,1319,46681434,482765611062240
482765640000000,46701,-0.672,-0.037,-0.737,-0.03,0.21,-0.27,1,imu01,fusion_20260817T182528Z,1320,46701430,482765631055686
482765671000000,46721,-0.675,-0.036,-0.741,0.09,0.37,-0.35,1,imu01,fusion_20260817T182528Z,1321,46721434,482765651057130
482765687000000,46741,-0.674,-0.039,-0.732,-0.22,0.08,-0.06,1,imu01,fusion_20260817T182528Z,1322,46741430,482765671050576
482765703000000,46761,-0.676,-0.036,-0.736,-0.01,0.24,-0.14,1,imu01,fusion_20260817T182528Z,1323,46761434,482765691052021
482765718000000,46781,-0.676,-0.039,-0.734,-0.15,0.12,-0.39,1,imu01,fusion_20260817T182528Z,1324,46781430,482765711045466
482765750000000,46801,-0.673,-0.037,-0.74,-0.37,-0.14,-0.13,1,imu01,fusion_20260817T182528Z,1325,46801434,482765731046911
482765765000000,46821,-0.675,-0.036,-0.734,-0.23,-0.05,-0.18,1,imu01,fusion_20260817T182528Z,1326,46821430,482765751040356
482765781000000,46841,-0.675,-0.039,-0.736,-0.45,0.1,-0.23,1,imu01,fusion_20260817T182528Z,1327,46841434,482765771041801
482765796000000,46861,-0.677,-0.037,-0.735,0.15,-0.01,-0.18,1,imu01,fusion_20260817T182528Z,1328,46861430,482765791035246
482765828000000,46881,-0.682,-0.037,-0.742,0.23,0.36,-0.06,1,imu01,fusion_20260817T182528Z,1329,46881434,482765811036691
482765843000000,46901,-0.679,-0.039,-0.734,-0.32,0.22,-0.41,1,imu01,fusion_20260817T182528Z,1330,46901430,482765831030137
482765859000000,46921,-0.676,-0.037,-0.739,-0.08,0.03,-0.15,1,imu01,fusion_20260817T182528Z,1331,46921434,482765851031581
482765890000000,46941,-0.673,-0.04,-0.738,-0.52,0.01,-0.16,1,imu01,fusion_20260817T182528Z,1332,46941430,482765871025027
482765906000000,46961,-0.678,-0.036,-0.737,-0.33,0.26,-0.22,1,imu01,fusion_20260817T182528Z,1333,46961434,482765891026471
482765921000000,46981,-0.679,-0.04,-0.736,-0.56,-0.1,-0.35,1,imu01,fusion_20260817T182528Z,1334,46981430,482765911019917
482765937000000,47001,-0.676,-0.035,-0.737,-0.46,0.01,-0.2,1,imu01,fusion_20260817T182528Z,1335,47001434,482765931021361
482765968000000,47021,-0.679,-0.04,-0.731,0.19,0.28,-0.36,1,imu01,fusion_20260817T182528Z,1336,47021430,482765951014807
482765984000000,47041,-0.675,-0.036,-0.74,-0.2,-0.2,-0.16,1,imu01,fusion_20260817T182528Z,1337,47041434,482765971016252
482766000000000,47061,-0.678,-0.036,-0.731,0.29,0.5,-0.44,1,imu01,fusion_20260817T182528Z,1338,47061430,482765991009697
482766031000000,47081,-0.674,-0.039,-0.733,-0.0,0.2,-0.52,1,imu01,fusion_20260817T182528Z,1339,47081434,482766011011142
482766046000000,47101,-0.674,-0.038,-0.734,-0.16,0.26,-0.26,1,imu01,fusion_20260817T182528Z,1340,47101430,482766031004587
482766062000000,47121,-0.675,-0.036,-0.728,-0.17,0.35,0.16,1,imu01,fusion_20260817T182528Z,1341,47121434,482766051006032
482766078000000,47141,-0.675,-0.038,-0.738,0.73,0.35,-0.37,1,imu01,fusion_20260817T182528Z,1342,47141430,482766070999477
482766109000000,47161,-0.677,-0.033,-0.737,0.45,0.49,-0.25,1,imu01,fusion_20260817T182528Z,1343,47161434,482766091000922
482766125000000,47181,-0.678,-0.039,-0.736,0.33,0.05,-0.26,1,imu01,fusion_20260817T182528Z,1344,47181430,482766110994368
482766140000000,47201,-0.676,-0.037,-0.734,0.18,0.14,-0.22,1,imu01,fusion_20260817T182528Z,1345,47201434,482766130995812
482766156000000,47221,-0.675,-0.037,-0.732,-0.23,0.31,-0.18,1,imu01,fusion_20260817T182528Z,1346,47221430,482766150989258
482766187000000,47241,-0.673,-0.035,-0.736,-0.43,-0.12,-0.2,1,imu01,fusion_20260817T182528Z,1347,47241434,482766170990702
482766203000000,47261,-0.674,-0.041,-0.736,0.13,-0.01,-0.13,1,imu01,fusion_20260817T182528Z,1348,47261430,482766190984148
482766218000000,47281,-0.678,-0.038,-0.729,-0.13,0.11,-0.29,1,imu01,fusion_20260817T182528Z,1349,47281434,482766210985592
482766250000000,47301,-0.678,-0.038,-0.733,-0.0,0.33,-0.04,1,imu01,fusion_20260817T182528Z,1350,47301430,482766230979038
482766265000000,47321,-0.675,-0.035,-0.737,-0.13,-0.15,-0.29,1,imu01,fusion_20260817T182528Z,1351,47321434,482766250980482
482766281000000,47341,-0.678,-0.038,-0.739,-0.24,0.03,-0.08,1,imu01,fusion_20260817T182528Z,1352,47341430,482766270973928
482766296000000,47361,-0.672,-0.036,-0.732,0.39,0.43,-0.14,1,imu01,fusion_20260817T182528Z,1353,47361434,482766290975373
482766328000000,47381,-0.676,-0.037,-0.736,-0.49,-0.06,-0.22,1,imu01,fusion_20260817T182528Z,1354,47381430,482766310968818
482766343000000,47401,-0.671,-0.038,-0.734,0.09,-0.02,-0.09,1,imu01,fusion_20260817T182528Z,1355,47401434,482766330970263
482766359000000,47421,-0.677,-0.038,-0.738,0.27,0.46,-0.23,1,imu01,fusion_20260817T182528Z,1356,47421430,482766350963708
482766390000000,47441,-0.679,-0.039,-0.735,0.26,-0.09,-0.28,1,imu01,fusion_20260817T182528Z,1357,47441434,482766370965153
482766406000000,47461,-0.673,-0.037,-0.727,-0.48,-0.14,-0.34,1,imu01,fusion_20260817T182528Z,1358,47461430,482766390958598
482766421000000,47481,-0.673,-0.034,-0.733,0.24,-0.07,-0.61,1,imu01,fusion_20260817T182528Z,1359,47481434,482766410960043
482766437000000,47501,-0.674,-0.034,-0.731,-0.03,0.34,-0.16,1,imu01,fusion_20260817T182528Z,1360,47501430,482766430953489
482766468000000,47521,-0.673,-0.035,-0.733,-0.07,0.19,-0.27,1,imu01,fusion_20260817T182528Z,1361,47521434,482766450954933
482766484000000,47541,-0.675,-0.039,-0.738,-0.13,-0.15,-0.26,1,imu01,fusion_20260817T182528Z,1362,47541430,482766470948379
482766500000000,47561,-0.677,-0.036,-0.736,-0.21,0.23,-0.03,1,imu01,fusion_20260817T182528Z,1363,47561434,482766490949823
482766515000000,47581,-0.677,-0.041,-0.734,-0.2,-0.11,-0.29,1,imu01,fusion_20260817T182528Z,1364,47581430,482766510943269
482766546000000,47601,-0.672,-0.038,-0.739,-0.2,-0.03,-0.22,1,imu01,fusion_20260817T182528Z,1365,47601434,482766530944713
482766562000000,47621,-0.675,-0.037,-0.732,0.32,0.15,-0.29,1,imu01,fusion_20260817T182528Z,1366,47621430,482766550938159
482766578000000,47641,-0.673,-0.033,-0.735,0.02,0.06,-0.13,1,imu01,fusion_20260817T182528Z,1367,47641434,482766570939604
482766609000000,47661,-0.678,-0.04,-0.738,0.19,-0.2,-0.15,1,imu01,fusion_20260817T182528Z,1368,47661430,482766590933049
482766625000000,47681,-0.68,-0.038,-0.738,-0.06,-0.05,-0.31,1,imu01,fusion_20260817T182528Z,1369,47681434,482766610934494
482766640000000,47701,-0.676,-0.037,-0.738,0.16,0.03,-0.07,1,imu01,fusion_20260817T182528Z,1370,47701430,482766630927939
482766671000000,47721,-0.675,-0.034,-0.737,0.23,0.13,-0.16,1,imu01,fusion_20260817T182528Z,1371,47721434,482766650929384
482766687000000,47741,-0.676,-0.038,-0.731,0.3,0.11,-0.45,1,imu01,fusion_20260817T182528Z,1372,47741430,482766670922829
482766703000000,47761,-0.677,-0.036,-0.734,-0.1,0.01,-0.35,1,imu01,fusion_20260817T182528Z,1373,47761434,482766690924274
482766718000000,47781,-0.677,-0.038,-0.742,-0.23,0.15,-0.32,1,imu01,fusion_20260817T182528Z,1374,47781430,482766710917720
482766750000000,47801,-0.676,-0.038,-0.727,0.07,0.08,-0.43,1,imu01,fusion_20260817T182528Z,1375,47801434,482766730919164
482766765000000,47821,-0.673,-0.035,-0.736,-0.04,0.05,-0.08,1,imu01,fusion_20260817T182528Z,1376,47821430,482766750912610
482766781000000,47841,-0.674,-0.036,-0.732,-0.2,-0.05,-0.11,1,imu01,fusion_20260817T182528Z,1377,47841434,482766770914054
482766796000000,47861,-0.678,-0.032,-0.73,0.03,0.17,-0.25,1,imu01,fusion_20260817T182528Z,1378,47861430,482766790907500
482766828000000,47881,-0.672,-0.038,-0.734,-0.03,0.33,-0.16,1,imu01,fusion_20260817T182528Z,1379,47881434,482766810908944
482766843000000,47901,-0.674,-0.037,-0.729,0.32,0.01,-0.21,1,imu01,fusion_20260817T182528Z,1380,47901430,482766830902390
482766859000000,47921,-0.67,-0.037,-0.74,0.16,0.07,-0.06,1,imu01,fusion_20260817T182528Z,1381,47921434,482766850903834
482766890000000,47941,-0.679,-0.039,-0.743,0.18,0.14,-0.19,1,imu01,fusion_20260817T182528Z,1382,47941430,482766870897280
482766906000000,47961,-0.679,-0.038,-0.735,0.15,-0.11,-0.32,1,imu01,fusion_20260817T182528Z,1383,47961434,482766890898725
482766921000000,47981,-0.677,-0.036,-0.741,-0.0,0.18,-0.17,1,imu01,fusion_20260817T182528Z,1384,47981430,482766910892170
482766937000000,48001,-0.676,-0.038,-0.727,-0.23,0.08,-0.31,1,imu01,fusion_20260817T182528Z,1385,48001434,482766930893615
482766968000000,48021,-0.676,-0.037,-0.73,-0.36,0.09,-0.0,1,imu01,fusion_20260817T182528Z,1386,48021430,482766950887060
482766984000000,48041,-0.675,-0.039,-0.733,-0.17,-0.1,-0.35,1,imu01,fusion_20260817T182528Z,1387,48041434,482766970888505
482767000000000,48061,-0.677,-0.038,-0.733,-0.19,0.08,-0.26,1,imu01,fusion_20260817T182528Z,1388,48061430,482766990881950
482767031000000,48081,-0.681,-0.04,-0.735,-0.1,0.08,-0.28,1,imu01,fusion_20260817T182528Z,1389,48081434,482767010883395
482767046000000,48101,-0.672,-0.038,-0.739,0.4,0.16,-0.35,1,imu01,fusion_20260817T182528Z,1390,48101430,482767030876841
482767062000000,48121,-0.673,-0.035,-0.733,0.13,0.25,-0.15,1,imu01,fusion_20260817T182528Z,1391,48121434,482767050878285
482767078000000,48141,-0.673,-0.035,-0.738,-0.02,0.19,-0.24,1,imu01,fusion_20260817T182528Z,1392,48141430,482767070871731
482767109000000,48161,-0.671,-0.037,-0.729,0.15,0.37,-0.37,1,imu01,fusion_20260817T182528Z,1393,48161434,482767090873175
482767125000000,48181,-0.678,-0.035,-0.735,-0.22,0.09,-0.22,1,imu01,fusion_20260817T182528Z,1394,48181430,482767110866621
482767140000000,48201,-0.677,-0.038,-0.729,-0.05,0.14,-0.27,1,imu01,fusion_20260817T182528Z,1395,48201434,482767130868065
482767156000000,48221,-0.675,-0.035,-0.735,0.3,0.01,-0.26,1,imu01,fusion_20260817T182528Z,1396,48221430,482767150861511
482767187000000,48241,-0.674,-0.033,-0.735,0.06,-0.24,-0.56,1,imu01,fusion_20260817T182528Z,1397,48241434,482767170862956
482767203000000,48261,-0.674,-0.037,-0.73,-0.04,-0.04,-0.25,1,imu01,fusion_20260817T182528Z,1398,48261430,482767190856401
482767218000000,48281,-0.676,-0.034,-0.733,-0.16,0.06,-0.06,1,imu01,fusion_20260817T182528Z,1399,48281434,482767210857846
482767250000000,48301,-0.676,-0.04,-0.737,-0.32,0.03,0.1,1,imu01,fusion_20260817T182528Z,1400,48301430,482767230851291
482767265000000,48321,-0.673,-0.036,-0.73,0.27,0.08,-0.37,1,imu01,fusion_20260817T182528Z,1401,48321434,482767250852736
482767281000000,48341,-0.675,-0.035,-0.737,-0.43,-0.04,-0.19,1,imu01,fusion_20260817T182528Z,1402,48341430,482767270846181
482767296000000,48361,-0.678,-0.036,-0.738,0.45,0.14,-0.4,1,imu01,fusion_20260817T182528Z,1403,48361434,482767290847626
482767328000000,48381,-0.673,-0.036,-0.737,-0.04,-0.02,-0.19,1,imu01,fusion_20260817T182528Z,1404,48381430,482767310841072
482767343000000,48401,-0.676,-0.034,-0.735,-0.04,-0.08,-0.51,1,imu01,fusion_20260817T182528Z,1405,48401434,482767330842516
482767359000000,48421,-0.673,-0.041,-0.734,-0.21,-0.21,-0.03,1,imu01,fusion_20260817T182528Z,1406,48421430,482767350835962
482767390000000,48441,-0.677,-0.037,-0.737,0.07,0.18,-0.07,1,imu01,fusion_20260817T182528Z,1407,48441434,482767370837406
482767406000000,48461,-0.673,-0.04,-0.735,-0.41,-0.12,-0.22,1,imu01,fusion_20260817T182528Z,1408,48461430,482767390830852
482767421000000,48481,-0.676,-0.035,-0.746,-0.26,0.43,-0.12,1,imu01,fusion_20260817T182528Z,1409,48481434,482767410832296
482767437000000,48501,-0.671,-0.041,-0.732,0.13,0.23,-0.27,1,imu01,fusion_20260817T182528Z,1410,48501430,482767430825742
482767468000000,48521,-0.674,-0.037,-0.731,-0.0,0.06,-0.24,1,imu01,fusion_20260817T182528Z,1411,48521434,482767450827186
482767484000000,48541,-0.679,-0.035,-0.737,-0.01,0.13,-0.16,1,imu01,fusion_20260817T182528Z,1412,48541430,482767470820632
482767500000000,48561,-0.675,-0.035,-0.735,0.06,0.05,-0.16,1,imu01,fusion_20260817T182528Z,1413,48561434,482767490822077
482767515000000,48581,-0.674,-0.041,-0.734,-0.06,0.43,-0.19,1,imu01,fusion_20260817T182528Z,1414,48581430,482767510815522
482767546000000,48601,-0.677,-0.036,-0.734,0.06,0.04,-0.16,1,imu01,fusion_20260817T182528Z,1415,48601434,482767530816967
482767562000000,48621,-0.674,-0.035,-0.737,0.01,0.25,-0.45,1,imu01,fusion_20260817T182528Z,1416,48621430,482767550810412
482767578000000,48641,-0.674,-0.037,-0.735,-0.28,-0.08,-0.44,1,imu01,fusion_20260817T182528Z,1417,48641434,482767570811857
482767609000000,48661,-0.679,-0.035,-0.731,-0.01,0.13,-0.25,1,imu01,fusion_20260817T182528Z,1418,48661430,482767590805302
482767625000000,48681,-0.675,-0.033,-0.738,0.0,0.26,-0.13,1,imu01,fusion_20260817T182528Z,1419,48681434,482767610806747
482767640000000,48701,-0.672,-0.039,-0.737,-0.1,0.06,-0.13,1,imu01,fusion_20260817T182528Z,1420,48701430,482767630800193
482767656000000,48721,-0.672,-0.034,-0.737,-0.2,-0.04,-0.22,1,imu01,fusion_20260817T182528Z,1421,48721434,482767650801637
482767687000000,48741,-0.674,-0.037,-0.734,-0.07,0.48,-0.14,1,imu01,fusion_20260817T182528Z,1422,48741430,482767670795083
482767703000000,48761,-0.677,-0.034,-0.737,-0.13,0.18,-0.51,1,imu01,fusion_20260817T182528Z,1423,48761434,482767690796527
482767718000000,48781,-0.678,-0.036,-0.732,0.11,0.01,-0.14,1,imu01,fusion_20260817T182528Z,1424,48781430,482767710789973
482767750000000,48801,-0.676,-0.034,-0.735,0.29,0.08,-0.1,1,imu01,fusion_20260817T182528Z,1425,48801434,482767730791417
482767765000000,48821,-0.677,-0.041,-0.731,0.06,0.08,-0.22,1,imu01,fusion_20260817T182528Z,1426,48821430,482767750784863
482767781000000,48841,-0.677,-0.036,-0.734,-0.1,0.08,-0.32,1,imu01,fusion_20260817T182528Z,1427,48841434,482767770786308
482767796000000,48861,-0.679,-0.037,-0.739,-0.06,0.17,-0.22,1,imu01,fusion_20260817T182528Z,1428,48861430,482767790779753
482767828000000,48881,-0.677,-0.038,-0.744,-0.14,0.01,-0.24,1,imu01,fusion_20260817T182528Z,1429,48881434,482767810781198
482767843000000,48901,-0.676,-0.036,-0.737,0.32,0.25,-0.37,1,imu01,fusion_20260817T182528Z,1430,48901430,482767830774643
482767859000000,48921,-0.672,-0.037,-0.728,-0.24,-0.04,-0.25,1,imu01,fusion_20260817T182528Z,1431,48921434,482767850776088
482767890000000,48941,-0.672,-0.036,-0.734,0.07,0.04,-0.23,1,imu01,fusion_20260817T182528Z,1432,48941430,482767870769533
482767906000000,48961,-0.677,-0.041,-0.732,0.2,0.3,-0.16,1,imu01,fusion_20260817T182528Z,1433,48961434,482767890770978
482767921000000,48981,-0.675,-0.036,-0.731,-0.16,0.04,-0.13,1,imu01,fusion_20260817T182528Z,1434,48981430,482767910764423
482767937000000,49001,-0.675,-0.039,-0.736,-0.13,-0.02,-0.27,1,imu01,fusion_20260817T182528Z,1435,49001434,482767930765868
482767968000000,49021,-0.674,-0.039,-0.736,-0.03,0.18,-0.3,1,imu01,fusion_20260817T182528Z,1436,49021430,482767950759314
482767984000000,49041,-0.675,-0.039,-0.74,-0.04,0.36,-0.17,1,imu01,fusion_20260817T182528Z,1437,49041434,482767970760758
482768000000000,49061,-0.673,-0.038,-0.732,0.01,0.23,-0.34,1,imu01,fusion_20260817T182528Z,1438,49061430,482767990754204
482768031000000,49081,-0.672,-0.036,-0.731,0.06,0.15,-0.19,1,imu01,fusion_20260817T182528Z,1439,49081434,482768010755648
482768046000000,49101,-0.677,-0.035,-0.739,-0.11,-0.03,-0.08,1,imu01,fusion_20260817T182528Z,1440,49101430,482768030749094
482768062000000,49121,-0.668,-0.041,-0.735,-0.1,0.17,-0.18,1,imu01,fusion_20260817T182528Z,1441,49121434,482768050750538
482768078000000,49141,-0.676,-0.033,-0.737,-0.55,-0.09,-0.24,1,imu01,fusion_20260817T182528Z,1442,49141430,482768070743984
482768109000000,49161,-0.673,-0.038,-0.739,0.03,0.22,-0.22,1,imu01,fusion_20260817T182528Z,1443,49161434,482768090745429
482768125000000,49181,-0.677,-0.036,-0.735,-0.16,0.17,-0.38,1,imu01,fusion_20260817T182528Z,1444,49181430,482768110738874
482768140000000,49201,-0.676,-0.033,-0.738,-0.08,0.22,-0.25,1,imu01,fusion_20260817T182528Z,1445,49201434,482768130740319
482768156000000,49221,-0.674,-0.04,-0.734,0.06,0.05,-0.35,1,imu01,fusion_20260817T182528Z,1446,49221430,482768150733764
482768187000000,49241,-0.68,-0.038,-0.728,-0.31,0.08,-0.46,1,imu01,fusion_20260817T182528Z,1447,49241434,482768170735209
482768203000000,49261,-0.675,-0.035,-0.737,-0.04,0.17,-0.2,1,imu01,fusion_20260817T182528Z,1448,49261430,482768190728654
482768218000000,49281,-0.677,-0.036,-0.735,0.12,0.03,-0.23,1,imu01,fusion_20260817T182528Z,1449,49281434,482768210730099
482768250000000,49301,-0.675,-0.036,-0.736,0.11,0.13,-0.26,1,imu01,fusion_20260817T182528Z,1450,49301430,482768230723544
482768265000000,49321,-0.672,-0.035,-0.733,0.08,-0.1,-0.26,1,imu01,fusion_20260817T182528Z,1451,49321434,482768250724989
482768281000000,49341,-0.675,-0.038,-0.738,0.09,0.29,0.0,1,imu01,fusion_20260817T182528Z,1452,49341430,482768270718435
482768296000000,49361,-0.677,-0.039,-0.735,0.62,0.34,-0.19,1,imu01,fusion_20260817T182528Z,1453,49361434,482768290719879
482768328000000,49381,-0.677,-0.034,-0.739,-0.28,0.02,-0.06,1,imu01,fusion_20260817T182528Z,1454,49381430,482768310713325
482768343000000,49401,-0.679,-0.037,-0.74,-0.19,0.26,-0.12,1,imu01,fusion_20260817T182528Z,1455,49401434,482768330714769
482768359000000,49421,-0.679,-0.036,-0.743,0.28,0.27,-0.7,1,imu01,fusion_20260817T182528Z,1456,49421430,482768350708215
482768390000000,49441,-0.672,-0.041,-0.732,0.4,0.52,-0.24,1,imu01,fusion_20260817T182528Z,1457,49441434,482768370709660
482768406000000,49461,-0.68,-0.039,-0.741,0.32,-0.13,-0.31,1,imu01,fusion_20260817T182528Z,1458,49461430,482768390703105
482768421000000,49481,-0.675,-0.034,-0.743,-0.0,-0.24,-0.06,1,imu01,fusion_20260817T182528Z,1459,49481434,482768410704550
482768437000000,49501,-0.678,-0.037,-0.732,0.2,0.1,-0.19,1,imu01,fusion_20260817T182528Z,1460,49501430,482768430697995
482768468000000,49521,-0.675,-0.042,-0.732,0.14,-0.11,-0.49,1,imu01,fusion_20260817T182528Z,1461,49521434,482768450699440
482768484000000,49541,-0.671,-0.039,-0.726,0.14,0.21,-0.2,1,imu01,fusion_20260817T182528Z,1462,49541430,482768470692885
482768500000000,49561,-0.675,-0.037,-0.733,-0.18,0.03,-0.3,1,imu01,fusion_20260817T182528Z,1463,49561434,482768490694330
482768531000000,49581,-0.679,-0.033,-0.734,-0.45,-0.03,-0.22,1,imu01,fusion_20260817T182528Z,1464,49581430,482768510687775
482768546000000,49601,-0.672,-0.036,-0.737,0.08,0.17,-0.17,1,imu01,fusion_20260817T182528Z,1465,49601434,482768530689220
482768562000000,49621,-0.673,-0.036,-0.74,0.36,0.27,-0.51,1,imu01,fusion_20260817T182528Z,1466,49621430,482768550682666
482768578000000,49641,-0.675,-0.036,-0.736,-0.0,0.42,-0.2,1,imu01,fusion_20260817T182528Z,1467,49641434,482768570684110
482768609000000,49661,-0.676,-0.038,-0.735,0.03,-0.13,-0.44,1,imu01,fusion_20260817T182528Z,1468,49661430,482768590677556
482768625000000,49681,-0.675,-0.039,-0.74,0.19,0.25,-0.17,1,imu01,fusion_20260817T182528Z,1469,49681434,482768610679000
482768640000000,49701,-0.677,-0.032,-0.736,0.06,0.24,-0.29,1,imu01,fusion_20260817T182528Z,1470,49701430,482768630672446
482768656000000,49721,-0.68,-0.033,-0.737,-0.12,-0.12,-0.16,1,imu01,fusion_20260817T182528Z,1471,49721434,482768650673890
482768687000000,49741,-0.674,-0.04,-0.729,-0.45,0.05,-0.31,1,imu01,fusion_20260817T182528Z,1472,49741430,482768670667336
482768703000000,49761,-0.674,-0.036,-0.734,-0.16,-0.23,-0.31,1,imu01,fusion_20260817T182528Z,1473,49761434,482768690668781
482768718000000,49781,-0.675,-0.034,-0.733,0.35,0.34,-0.31,1,imu01,fusion_20260817T182528Z,1474,49781430,482768710662226
482768750000000,49801,-0.673,-0.036,-0.733,-0.2,-0.12,-0.28,1,imu01,fusion_20260817T182528Z,1475,49801434,482768730663671
482768765000000,49821,-0.671,-0.034,-0.735,0.01,-0.01,-0.01,1,imu01,fusion_20260817T182528Z,1476,49821430,482768750657116
482768781000000,49841,-0.675,-0.036,-0.73,0.27,0.29,-0.17,1,imu01,fusion_20260817T182528Z,1477,49841434,482768770658561
482768796000000,49861,-0.677,-0.034,-0.736,-0.08,0.11,-0.16,1,imu01,fusion_20260817T182528Z,1478,49861430,482768790652006
482768828000000,49881,-0.672,-0.035,-0.738,-0.07,-0.15,-0.22,1,imu01,fusion_20260817T182528Z,1479,49881434,482768810653451
482768843000000,49901,-0.676,-0.036,-0.737,-0.16,0.09,-0.55,1,imu01,fusion_20260817T182528Z,1480,49901430,482768830646896
482768859000000,49921,-0.676,-0.037,-0.737,0.09,0.18,-0.21,1,imu01,fusion_20260817T182528Z,1481,49921434,482768850648341
482768890000000,49941,-0.674,-0.037,-0.737,-0.17,0.53,-0.35,1,imu01,fusion_20260817T182528Z,1482,49941430,482768870641787
482768906000000,49961,-0.675,-0.035,-0.736,0.23,0.02,-0.25,1,imu01,fusion_20260817T182528Z,1483,49961434,482768890643231
482768921000000,49981,-0.674,-0.037,-0.729,0.35,0.17,-0.34,1,imu01,fusion_20260817T182528Z,1484,49981430,482768910636677
482768937000000,50001,-0.676,-0.034,-0.734,0.48,0.17,-0.07,1,imu01,fusion_20260817T182528Z,1485,50001434,482768930638121
482768968000000,50021,-0.677,-0.039,-0.734,0.36,0.14,-0.42,1,imu01,fusion_20260817T182528Z,1486,50021430,482768950631567
482768984000000,50041,-0.672,-0.034,-0.738,-0.78,-0.5,-0.2,1,imu01,fusion_20260817T182528Z,1487,50041434,482768970633011
482769000000000,50061,-0.678,-0.037,-0.735,-0.47,-0.01,-0.25,1,imu01,fusion_20260817T182528Z,1488,50061430,482768990626457
482769031000000,50081,-0.678,-0.038,-0.74,-0.13,0.24,-0.21,1,imu01,fusion_20260817T182528Z,1489,50081434,482769010627902
482769046000000,50101,-0.676,-0.04,-0.74,0.11,0.28,-0.08,1,imu01,fusion_20260817T182528Z,1490,50101430,482769030621347
482769062000000,50121,-0.677,-0.035,-0.746,-0.27,-0.08,-0.44,1,imu01,fusion_20260817T182528Z,1491,50121434,482769050622792
482769078000000,50141,-0.672,-0.031,-0.734,0.02,-0.21,-0.32,1,imu01,fusion_20260817T182528Z,1492,50141430,482769070616237
482769109000000,50161,-0.677,-0.033,-0.744,0.02,0.37,-0.21,1,imu01,fusion_20260817T182528Z,1493,50161434,482769090617682
482769125000000,50181,-0.677,-0.034,-0.736,-0.27,-0.03,-0.32,1,imu01,fusion_20260817T182528Z,1494,50181430,482769110611127
482769140000000,50201,-0.674,-0.038,-0.733,-0.32,-0.05,-0.28,1,imu01,fusion_20260817T182528Z,1495,50201434,482769130612572
482769156000000,50221,-0.677,-0.037,-0.733,0.4,0.19,-0.29,1,imu01,fusion_20260817T182528Z,1496,50221430,482769150606018
482769187000000,50241,-0.674,-0.039,-0.732,0.28,0.23,-0.28,1,imu01,fusion_20260817T182528Z,1497,50241434,482769170607462
482769203000000,50261,-0.675,-0.038,-0.736,-0.26,0.14,-0.48,1,imu01,fusion_20260817T182528Z,1498,50261430,482769190600908
482769218000000,50281,-0.673,-0.036,-0.729,0.26,0.05,-0.23,1,imu01,fusion_20260817T182528Z,1499,50281434,482769210602352
482769250000000,50301,-0.676,-0.04,-0.731,0.0,-0.12,-0.15,1,imu01,fusion_20260817T182528Z,1500,50301430,482769230595798
482769265000000,50321,-0.677,-0.041,-0.732,0.38,0.34,-0.2,1,imu01,fusion_20260817T182528Z,1501,50321434,482769250597242
482769281000000,50341,-0.674,-0.034,-0.737,0.44,0.27,-0.31,1,imu01,fusion_20260817T182528Z,1502,50341430,482769270590688
482769296000000,50361,-0.673,-0.037,-0.732,0.21,0.42,-0.14,1,imu01,fusion_20260817T182528Z,1503,50361434,482769290592132
482769328000000,50381,-0.678,-0.032,-0.737,0.08,-0.08,-0.32,1,imu01,fusion_20260817T182528Z,1504,50381430,482769310585578
482769343000000,50401,-0.676,-0.034,-0.737,0.0,0.04,-0.24,1,imu01,fusion_20260817T182528Z,1505,50401434,482769330587023
482769359000000,50421,-0.675,-0.037,-0.728,-0.23,0.21,-0.03,1,imu01,fusion_20260817T182528Z,1506,50421430,482769350580468
482769390000000,50441,-0.674,-0.034,-0.744,0.02,-0.1,-0.16,1,imu01,fusion_20260817T182528Z,1507,50441434,482769370581913
482769406000000,50461,-0.679,-0.037,-0.736,-0.36,0.21,-0.4,1,imu01,fusion_20260817T182528Z,1508,50461430,482769390575358
482769421000000,50481,-0.673,-0.035,-0.733,-0.15,-0.06,0.0,1,imu01,fusion_20260817T182528Z,1509,50481434,482769410576803
482769437000000,50501,-0.674,-0.041,-0.73,-0.1,0.11,-0.35,1,imu01,fusion_20260817T182528Z,1510,50501430,482769430570248
482769468000000,50521,-0.674,-0.039,-0.738,-0.22,0.4,-0.2,1,imu01,fusion_20260817T182528Z,1511,50521434,482769450571693
482769484000000,50541,-0.678,-0.039,-0.728,0.25,0.2,-0.17,1,imu01,fusion_20260817T182528Z,1512,50541430,482769470565139
482769500000000,50561,-0.677,-0.037,-0.736,-0.66,-0.57,-0.45,1,imu01,fusion_20260817T182528Z,1513,50561434,482769490566583
482769531000000,50581,-0.675,-0.038,-0.732,0.39,0.17,-0.35,1,imu01,fusion_20260817T182528Z,1514,50581430,482769510560029
482769546000000,50601,-0.673,-0.035,-0.739,0.07,-0.18,-0.23,1,imu01,fusion_20260817T182528Z,1515,50601434,482769530561473
482769562000000,50621,-0.676,-0.037,-0.74,0.93,0.29,-0.64,1,imu01,fusion_20260817T182528Z,1516,50621430,482769550554919
482769578000000,50641,-0.673,-0.037,-0.739,0.22,-0.17,-0.37,1,imu01,fusion_20260817T182528Z,1517,50641434,482769570556363
482769609000000,50661,-0.672,-0.033,-0.738,-0.04,0.09,-0.45,1,imu01,fusion_20260817T182528Z,1518,50661430,482769590549809
482769625000000,50681,-0.676,-0.04,-0.741,0.19,0.02,-0.29,1,imu01,fusion_20260817T182528Z,1519,50681434,482769610551254
482769640000000,50701,-0.678,-0.039,-0.736,0.03,0.19,-0.1,1,imu01,fusion_20260817T182528Z,1520,50701430,482769630544699
482769671000000,50721,-0.678,-0.034,-0.731,0.09,0.35,-0.31,1,imu01,fusion_20260817T182528Z,1521,50721434,482769650546144
482769687000000,50741,-0.679,-0.038,-0.735,-0.24,-0.41,-0.32,1,imu01,fusion_20260817T182528Z,1522,50741430,482769670539589
482769703000000,50761,-0.675,-0.035,-0.733,-0.09,0.25,-0.33,1,imu01,fusion_20260817T182528Z,1523,50761434,482769690541034
482769718000000,50781,-0.673,-0.036,-0.732,0.07,0.23,-0.25,1,imu01,fusion_20260817T182528Z,1524,50781430,482769710534479
482769750000000,50801,-0.674,-0.039,-0.739,-0.03,-0.12,-0.42,1,imu01,fusion_20260817T182528Z,1525,50801434,482769730535924
482769765000000,50821,-0.674,-0.04,-0.736,-0.23,0.24,-0.26,1,imu01,fusion_20260817T182528Z,1526,50821430,482769750529370
482769781000000,50841,-0.676,-0.038,-0.734,-0.08,0.1,-0.32,1,imu01,fusion_20260817T182528Z,1527,50841434,482769770530814
482769796000000,50861,-0.673,-0.038,-0.734,0.57,0.27,-0.38,1,imu01,fusion_20260817T182528Z,1528,50861430,482769790524260
482769828000000,50881,-0.674,-0.038,-0.731,0.16,0.47,-0.46,1,imu01,fusion_20260817T182528Z,1529,50881434,482769810525704
482769843000000,50901,-0.675,-0.039,-0.735,-0.0,0.14,-0.24,1,imu01,fusion_20260817T182528Z,1530,50901430,482769830519150
482769859000000,50921,-0.674,-0.032,-0.742,0.01,0.24,-0.0,1,imu01,fusion_20260817T182528Z,1531,50921434,482769850520594
482769890000000,50941,-0.673,-0.036,-0.73,0.16,0.3,-0.45,1,imu01,fusion_20260817T182528Z,1532,50941430,482769870514040
482769906000000,50961,-0.679,-0.037,-0.735,0.3,0.24,-0.32,1,imu01,fusion_20260817T182528Z,1533,50961434,482769890515484
482769921000000,50981,-0.676,-0.036,-0.733,-0.29,0.1,-0.14,1,imu01,fusion_20260817T182528Z,1534,50981430,482769910508930
482769937000000,51001,-0.677,-0.037,-0.739,0.19,0.23,-0.38,1,imu01,fusion_20260817T182528Z,1535,51001434,482769930510375
482769968000000,51021,-0.674,-0.032,-0.73,-0.17,-0.02,-0.18,1,imu01,fusion_20260817T182528Z,1536,51021430,482769950503820
482769984000000,51041,-0.674,-0.038,-0.735,0.02,0.37,0.02,1,imu01,fusion_20260817T182528Z,1537,51041434,482769970505265
482770000000000,51061,-0.673,-0.036,-0.734,0.4,0.1,-0.27,1,imu01,fusion_20260817T182528Z,1538,51061430,482769990498710
482770031000000,51081,-0.677,-0.038,-0.731,-0.05,0.07,-0.32,1,imu01,fusion_20260817T182528Z,1539,51081434,482770010500155
482770046000000,51101,-0.673,-0.037,-0.74,-0.28,-0.02,-0.22,1,imu01,fusion_20260817T182528Z,1540,51101430,482770030493600
482770062000000,51121,-0.677,-0.038,-0.734,0.22,0.41,-0.2,1,imu01,fusion_20260817T182528Z,1541,51121434,482770050495045
482770078000000,51141,-0.677,-0.036,-0.734,0.3,-0.12,-0.0,1,imu01,fusion_20260817T182528Z,1542,51141430,482770070488491
482770109000000,51161,-0.676,-0.037,-0.734,0.04,0.27,-0.4,1,imu01,fusion_20260817T182528Z,1543,51161434,482770090489935
482770125000000,51181,-0.678,-0.034,-0.734,0.13,0.01,-0.24,1,imu01,fusion_20260817T182528Z,1544,51181430,482770110483381
482770140000000,51201,-0.673,-0.035,-0.737,-0.07,0.14,-0.58,1,imu01,fusion_20260817T182528Z,1545,51201434,482770130484825
482770171000000,51221,-0.673,-0.033,-0.731,0.27,0.2,-0.16,1,imu01,fusion_20260817T182528Z,1546,51221430,482770150478271
482770187000000,51241,-0.675,-0.037,-0.732,-0.0,0.03,-0.31,1,imu01,fusion_20260817T182528Z,1547,51241434,482770170479715
482770203000000,51261,-0.675,-0.037,-0.74,0.13,-0.25,-0.31,1,imu01,fusion_20260817T182528Z,1548,51261430,482770190473161
482770218000000,51281,-0.675,-0.036,-0.734,0.2,0.19,-0.42,1,imu01,fusion_20260817T182528Z,1549,51281434,482770210474606
482770250000000,51301,-0.675,-0.036,-0.729,0.26,0.09,-0.24,1,imu01,fusion_20260817T182528Z,1550,51301430,482770230468051
482770265000000,51321,-0.678,-0.037,-0.731,0.35,0.29,-0.35,1,imu01,fusion_20260817T182528Z,1551,51321434,482770250469496
482770281000000,51341,-0.677,-0.038,-0.734,-0.12,0.62,-0.19,1,imu01,fusion_20260817T182528Z,1552,51341430,482770270462941
482770296000000,51361,-0.674,-0.038,-0.734,0.29,0.57,-0.19,1,imu01,fusion_20260817T182528Z,1553,51361434,482770290464386
482770328000000,51381,-0.677,-0.034,-0.735,-0.21,-0.12,-0.18,1,imu01,fusion_20260817T182528Z,1554,51381430,482770310457831
482770343000000,51401,-0.676,-0.036,-0.728,-0.12,0.14,-0.41,1,imu01,fusion_20260817T182528Z,1555,51401434,482770330459276
482770359000000,51421,-0.674,-0.036,-0.734,0.25,0.15,-0.38,1,imu01,fusion_20260817T182528Z,1556,51421430,482770350452722
482770390000000,51441,-0.676,-0.033,-0.731,-0.17,0.17,-0.15,1,imu01,fusion_20260817T182528Z,1557,51441434,482770370454166
482770406000000,51461,-0.675,-0.037,-0.732,-0.08,0.11,-0.47,1,imu01,fusion_20260817T182528Z,1558,51461430,482770390447612
482770421000000,51481,-0.678,-0.036,-0.741,0.15,-0.08,-0.34,1,imu01,fusion_20260817T182528Z,1559,51481434,482770410449056
482770437000000,51501,-0.678,-0.04,-0.729,0.06,-0.15,-0.28,1,imu01,fusion_20260817T182528Z,1560,51501430,482770430442502
482770468000000,51521,-0.675,-0.036,-0.74,0.07,0.16,-0.16,1,imu01,fusion_20260817T182528Z,1561,51521434,482770450443946
482770484000000,51541,-0.677,-0.035,-0.745,0.17,-0.04,-0.32,1,imu01,fusion_20260817T182528Z,1562,51541430,482770470437392
482770500000000,51561,-0.675,-0.037,-0.735,0.14,-0.08,-0.27,1,imu01,fusion_20260817T182528Z,1563,51561434,482770490438836
482770531000000,51581,-0.678,-0.036,-0.73,-0.1,0.27,-0.19,1,imu01,fusion_20260817T182528Z,1564,51581430,482770510432282
482770546000000,51601,-0.675,-0.037,-0.735,-0.01,0.17,-0.03,1,imu01,fusion_20260817T182528Z,1565,51601434,482770530433727
482770562000000,51621,-0.68,-0.037,-0.728,0.29,-0.12,-0.33,1,imu01,fusion_20260817T182528Z,1566,51621430,482770550427172
482770578000000,51641,-0.676,-0.04,-0.735,-0.08,-0.08,-0.3,1,imu01,fusion_20260817T182528Z,1567,51641434,482770570428617
482770609000000,51661,-0.668,-0.033,-0.74,-0.05,0.15,-0.25,1,imu01,fusion_20260817T182528Z,1568,51661430,482770590422062
482770625000000,51681,-0.674,-0.038,-0.745,-0.02,0.01,-0.29,1,imu01,fusion_20260817T182528Z,1569,51681434,482770610423507
482770640000000,51701,-0.675,-0.036,-0.735,0.1,0.4,-0.13,1,imu01,fusion_20260817T182528Z,1570,51701430,482770630416952
482770656000000,51721,-0.675,-0.038,-0.736,0.29,-0.08,-0.14,1,imu01,fusion_20260817T182528Z,1571,51721434,482770650418397
482770687000000,51741,-0.675,-0.035,-0.728,0.32,0.17,-0.26,1,imu01,fusion_20260817T182528Z,1572,51741430,482770670411843
482770703000000,51761,-0.678,-0.037,-0.732,-0.02,0.16,-0.21,1,imu01,fusion_20260817T182528Z,1573,51761434,482770690413287
482770718000000,51781,-0.677,-0.037,-0.732,-0.26,0.18,-0.33,1,imu01,fusion_20260817T182528Z,1574,51781430,482770710406733
482770750000000,51801,-0.675,-0.034,-0.729,-0.1,0.14,-0.42,1,imu01,fusion_20260817T182528Z,1575,51801434,482770730408177
482770765000000,51821,-0.679,-0.04,-0.737,-0.08,0.05,-0.16,1,imu01,fusion_20260817T182528Z,1576,51821430,482770750401623
482770781000000,51841,-0.679,-0.038,-0.73,0.13,0.34,-0.17,1,imu01,fusion_20260817T182528Z,1577,51841434,482770770403067
482770796000000,51861,-0.678,-0.037,-0.733,0.06,0.33,-0.32,1,imu01,fusion_20260817T182528Z,1578,51861430,482770790396513
482770828000000,51881,-0.675,-0.032,-0.735,-0.08,0.34,-0.25,1,imu01,fusion_20260817T182528Z,1579,51881434,482770810397958
482770843000000,51901,-0.676,-0.035,-0.733,-0.34,0.3,-0.23,1,imu01,fusion_20260817T182528Z,1580,51901430,482770830391403
482770859000000,51921,-0.673,-0.037,-0.737,0.03,0.24,-0.06,1,imu01,fusion_20260817T182528Z,1581,51921434,482770850392848
482770890000000,51941,-0.675,-0.036,-0.737,0.1,0.1,-0.23,1,imu01,fusion_20260817T182528Z,1582,51941430,482770870386293
482770906000000,51961,-0.675,-0.033,-0.735,0.34,-0.0,0.03,1,imu01,fusion_20260817T182528Z,1583,51961434,482770890387738
482770921000000,51981,-0.676,-0.035,-0.736,-0.0,-0.05,-0.16,1,imu01,fusion_20260817T182528Z,1584,51981430,482770910381183
482770937000000,52001,-0.675,-0.039,-0.733,0.08,0.13,-0.35,1,imu01,fusion_20260817T182528Z,1585,52001434,482770930382628
482770968000000,52021,-0.671,-0.036,-0.734,-0.02,0.08,-0.0,1,imu01,fusion_20260817T182528Z,1586,52021430,482770950376074
482770984000000,52041,-0.676,-0.04,-0.737,-0.23,0.03,-0.29,1,imu01,fusion_20260817T182528Z,1587,52041434,482770970377518
482771000000000,52061,-0.677,-0.04,-0.744,0.23,0.37,-0.24,1,imu01,fusion_20260817T182528Z,1588,52061430,482770990370964
482771031000000,52081,-0.674,-0.037,-0.735,0.17,0.01,-0.21,1,imu01,fusion_20260817T182528Z,1589,52081434,482771010372408
482771046000000,52101,-0.68,-0.034,-0.732,-0.36,0.12,-0.35,1,imu01,fusion_20260817T182528Z,1590,52101430,482771030365854
482771062000000,52121,-0.675,-0.039,-0.734,0.21,0.14,-0.2,1,imu01,fusion_20260817T182528Z,1591,52121434,482771050367298
482771078000000,52141,-0.674,-0.037,-0.738,0.07,0.28,-0.19,1,imu01,fusion_20260817T182528Z,1592,52141430,482771070360744
482771109000000,52161,-0.674,-0.032,-0.739,-0.25,0.08,-0.18,1,imu01,fusion_20260817T182528Z,1593,52161434,482771090362188
482771125000000,52181,-0.673,-0.035,-0.74,-0.0,0.03,-0.19,1,imu01,fusion_20260817T182528Z,1594,52181430,482771110355634
482771140000000,52201,-0.676,-0.042,-0.738,-0.03,0.11,-0.36,1,imu01,fusion_20260817T182528Z,1595,52201434,482771130357079
482771156000000,52221,-0.675,-0.034,-0.737,0.03,-0.07,-0.44,1,imu01,fusion_20260817T182528Z,1596,52221430,482771150350524
482771187000000,52241,-0.678,-0.036,-0.734,-0.1,-0.01,-0.39,1,imu01,fusion_20260817T182528Z,1597,52241434,482771170351969
482771203000000,52261,-0.673,-0.039,-0.735,0.04,-0.11,-0.45,1,imu01,fusion_20260817T182528Z,1598,52261430,482771190345414
482771218000000,52281,-0.674,-0.037,-0.735,-0.3,-0.08,-0.3,1,imu01,fusion_20260817T182528Z,1599,52281434,482771210346859
482771250000000,52301,-0.673,-0.037,-0.728,-0.08,0.08,-0.42,1,imu01,fusion_20260817T182528Z,1600,52301430,482771230340304
482771265000000,52321,-0.675,-0.038,-0.728,0.01,0.08,-0.25,1,imu01,fusion_20260817T182528Z,1601,52321434,482771250341749
482771281000000,52341,-0.675,-0.034,-0.731,-0.25,-0.02,-0.19,1,imu01,fusion_20260817T182528Z,1602,52341430,482771270335195
482771296000000,52361,-0.673,-0.036,-0.743,-0.07,-0.08,-0.39,1,imu01,fusion_20260817T182528Z,1603,52361434,482771290336639
482771328000000,52381,-0.676,-0.031,-0.736,-0.05,0.01,-0.43,1,imu01,fusion_20260817T182528Z,1604,52381430,482771310330085
482771343000000,52401,-0.673,-0.037,-0.733,0.05,0.31,-0.24,1,imu01,fusion_20260817T182528Z,1605,52401434,482771330331529
482771359000000,52421,-0.677,-0.035,-0.735,-0.02,-0.15,-0.16,1,imu01,fusion_20260817T182528Z,1606,52421430,482771350324975
482771390000000,52441,-0.674,-0.038,-0.733,0.26,0.35,-0.32,1,imu01,fusion_20260817T182528Z,1607,52441434,482771370326419
482771406000000,52461,-0.676,-0.04,-0.738,0.41,0.33,-0.1,1,imu01,fusion_20260817T182528Z,1608,52461430,482771390319865
482771421000000,52481,-0.671,-0.037,-0.735,-0.1,-0.17,-0.15,1,imu01,fusion_20260817T182528Z,1609,52481434,482771410321310
482771437000000,52501,-0.674,-0.036,-0.738,0.05,0.17,-0.32,1,imu01,fusion_20260817T182528Z,1610,52501430,482771430314755
482771468000000,52521,-0.675,-0.037,-0.733,0.26,0.28,-0.25,1,imu01,fusion_20260817T182528Z,1611,52521434,482771450316200
482771484000000,52541,-0.678,-0.037,-0.735,-0.18,-0.04,-0.13,1,imu01,fusion_20260817T182528Z,1612,52541430,482771470309645
482771500000000,52561,-0.672,-0.037,-0.733,0.21,0.22,-0.39,1,imu01,fusion_20260817T182528Z,1613,52561434,482771490311090
482771515000000,52581,-0.674,-0.04,-0.734,-0.23,-0.0,-0.17,1,imu01,fusion_20260817T182528Z,1614,52581430,482771510304535
482771546000000,52601,-0.673,-0.039,-0.733,0.02,0.2,-0.25,1,imu01,fusion_20260817T182528Z,1615,52601434,482771530305980
482771562000000,52621,-0.676,-0.034,-0.736,0.1,0.11,-0.16,1,imu01,fusion_20260817T182528Z,1616,52621430,482771550299426
482771578000000,52641,-0.673,-0.035,-0.735,0.02,-0.07,-0.06,1,imu01,fusion_20260817T182528Z,1617,52641434,482771570300870
482771609000000,52661,-0.674,-0.034,-0.733,0.29,0.05,-0.06,1,imu01,fusion_20260817T182528Z,1618,52661430,482771590294316
482771625000000,52681,-0.674,-0.037,-0.73,-0.13,0.14,-0.29,1,imu01,fusion_20260817T182528Z,1619,52681434,482771610295760
482771640000000,52701,-0.674,-0.039,-0.732,-0.09,0.18,-0.33,1,imu01,fusion_20260817T182528Z,1620,52701430,482771630289206
482771656000000,52721,-0.678,-0.039,-0.735,-0.29,0.16,-0.32,1,imu01,fusion_20260817T182528Z,1621,52721434,482771650290650
482771687000000,52741,-0.676,-0.038,-0.739,-0.18,0.1,-0.24,1,imu01,fusion_20260817T182528Z,1622,52741430,482771670284096
482771703000000,52761,-0.678,-0.041,-0.738,-0.13,0.09,-0.19,1,imu01,fusion_20260817T182528Z,1623,52761434,482771690285540
482771718000000,52781,-0.673,-0.035,-0.736,0.16,0.01,-0.37,1,imu01,fusion_20260817T182528Z,1624,52781430,482771710278986
482771750000000,52801,-0.675,-0.037,-0.733,0.03,-0.05,-0.37,1,imu01,fusion_20260817T182528Z,1625,52801434,482771730280431
482771765000000,52821,-0.677,-0.039,-0.734,-0.13,0.24,-0.28,1,imu01,fusion_20260817T182528Z,1626,52821430,482771750273876
482771781000000,52841,-0.674,-0.037,-0.725,-0.06,0.3,-0.1,1,imu01,fusion_20260817T182528Z,1627,52841434,482771770275321
482771796000000,52861,-0.678,-0.038,-0.734,0.05,0.23,-0.3,1,imu01,fusion_20260817T182528Z,1628,52861430,482771790268766
482771828000000,52881,-0.674,-0.034,-0.74,-0.26,-0.31,-0.27,1,imu01,fusion_20260817T182528Z,1629,52881434,482771810270211
482771843000000,52901,-0.679,-0.037,-0.736,-0.15,-0.15,-0.4,1,imu01,fusion_20260817T182528Z,1630,52901430,482771830263656
482771859000000,52921,-0.676,-0.04,-0.738,0.13,0.43,-0.25,1,imu01,fusion_20260817T182528Z,1631,52921434,482771850265101
482771890000000,52941,-0.674,-0.034,-0.735,0.11,0.14,-0.02,1,imu01,fusion_20260817T182528Z,1632,52941430,482771870258547
482771906000000,52961,-0.675,-0.039,-0.739,-0.09,0.09,-0.29,1,imu01,fusion_20260817T182528Z,1633,52961434,482771890259991
482771921000000,52981,-0.676,-0.036,-0.743,-0.01,0.12,-0.25,1,imu01,fusion_20260817T182528Z,1634,52981430,482771910253437
482771937000000,53001,-0.674,-0.033,-0.729,0.2,0.01,-0.45,1,imu01,fusion_20260817T182528Z,1635,53001434,482771930254881
482771968000000,53021,-0.674,-0.036,-0.735,-0.1,-0.05,-0.07,1,imu01,fusion_20260817T182528Z,1636,53021430,482771950248327
482771984000000,53041,-0.681,-0.038,-0.735,-0.16,-0.08,-0.25,1,imu01,fusion_20260817T182528Z,1637,53041434,482771970249771
482772000000000,53061,-0.673,-0.035,-0.734,0.01,-0.49,-0.38,1,imu01,fusion_20260817T182528Z,1638,53061430,482771990243217
482772031000000,53081,-0.678,-0.031,-0.736,0.32,-0.31,-0.32,1,imu01,fusion_20260817T182528Z,1639,53081434,482772010244662
482772046000000,53101,-0.675,-0.038,-0.733,0.32,0.04,-0.3,1,imu01,fusion_20260817T182528Z,1640,53101430,482772030238107
482772062000000,53121,-0.677,-0.036,-0.734,-0.0,0.21,-0.33,1,imu01,fusion_20260817T182528Z,1641,53121434,482772050239552
482772078000000,53141,-0.674,-0.039,-0.739,0.14,0.47,-0.15,1,imu01,fusion_20260817T182528Z,1642,53141430,482772070232997
482772109000000,53161,-0.676,-0.039,-0.732,-0.52,-0.24,-0.14,1,imu01,fusion_20260817T182528Z,1643,53161434,482772090234442
482772125000000,53181,-0.673,-0.039,-0.728,0.16,0.34,-0.1,1,imu01,fusion_20260817T182528Z,1644,53181430,482772110227887
482772140000000,53201,-0.672,-0.036,-0.728,0.06,0.16,-0.09,1,imu01,fusion_20260817T182528Z,1645,53201434,482772130229332
482772156000000,53221,-0.674,-0.036,-0.737,0.28,0.08,-0.14,1,imu01,fusion_20260817T182528Z,1646,53221430,482772150222778
482772187000000,53241,-0.673,-0.034,-0.74,0.17,0.42,-0.32,1,imu01,fusion_20260817T182528Z,1647,53241434,482772170224222
482772203000000,53261,-0.677,-0.035,-0.744,-0.17,-0.24,-0.19,1,imu01,fusion_20260817T182528Z,1648,53261430,482772190217668
482772218000000,53281,-0.675,-0.038,-0.738,0.08,0.19,-0.15,1,imu01,fusion_20260817T182528Z,1649,53281434,482772210219112
482772250000000,53301,-0.675,-0.035,-0.738,-0.07,0.25,-0.41,1,imu01,fusion_20260817T182528Z,1650,53301430,482772230212558
482772265000000,53321,-0.675,-0.038,-0.736,0.02,0.24,-0.28,1,imu01,fusion_20260817T182528Z,1651,53321434,482772250214002
482772281000000,53341,-0.679,-0.035,-0.739,-0.06,0.39,-0.1,1,imu01,fusion_20260817T182528Z,1652,53341430,482772270207448
482772296000000,53361,-0.675,-0.035,-0.742,-0.25,0.21,-0.29,1,imu01,fusion_20260817T182528Z,1653,53361434,482772290208892
482772328000000,53381,-0.674,-0.034,-0.736,0.07,0.42,-0.46,1,imu01,fusion_20260817T182528Z,1654,53381430,482772310202338
482772343000000,53401,-0.675,-0.035,-0.733,0.18,0.05,-0.35,1,imu01,fusion_20260817T182528Z,1655,53401434,482772330203783
482772359000000,53421,-0.679,-0.037,-0.738,0.2,0.25,-0.37,1,imu01,fusion_20260817T182528Z,1656,53421430,482772350197228
482772390000000,53441,-0.674,-0.036,-0.73,-0.03,0.21,-0.4,1,imu01,fusion_20260817T182528Z,1657,53441434,482772370198673
482772406000000,53461,-0.674,-0.033,-0.735,0.42,0.17,-0.23,1,imu01,fusion_20260817T182528Z,1658,53461430,482772390192118
482772421000000,53481,-0.674,-0.034,-0.736,-0.2,-0.14,-0.32,1,imu01,fusion_20260817T182528Z,1659,53481434,482772410193563
482772437000000,53501,-0.676,-0.032,-0.728,-0.02,0.05,-0.2,1,imu01,fusion_20260817T182528Z,1660,53501430,482772430187008
482772468000000,53521,-0.676,-0.035,-0.731,0.0,0.01,-0.15,1,imu01,fusion_20260817T182528Z,1661,53521434,482772450188453
482772484000000,53541,-0.674,-0.036,-0.731,-0.13,0.08,-0.35,1,imu01,fusion_20260817T182528Z,1662,53541430,482772470181899
482772500000000,53561,-0.674,-0.034,-0.732,0.41,0.28,-0.17,1,imu01,fusion_20260817T182528Z,1663,53561434,482772490183343
482772531000000,53581,-0.677,-0.04,-0.734,0.11,-0.06,-0.18,1,imu01,fusion_20260817T182528Z,1664,53581430,482772510176789
482772546000000,53601,-0.674,-0.033,-0.732,0.15,0.07,-0.26,1,imu01,fusion_20260817T182528Z,1665,53601434,482772530178233
482772562000000,53621,-0.679,-0.037,-0.728,0.38,0.27,-0.26,1,imu01,fusion_20260817T182528Z,1666,53621430,482772550171679
482772578000000,53641,-0.677,-0.038,-0.728,0.22,0.01,-0.14,1,imu01,fusion_20260817T182528Z,1667,53641434,482772570173123
482772609000000,53661,-0.671,-0.036,-0.735,0.03,0.1,-0.29,1,imu01,fusion_20260817T182528Z,1668,53661430,482772590166569
482772625000000,53681,-0.674,-0.034,-0.735,-0.05,0.17,-0.35,1,imu01,fusion_20260817T182528Z,1669,53681434,482772610168014
482772640000000,53701,-0.673,-0.038,-0.735,-0.12,0.16,0.04,1,imu01,fusion_20260817T182528Z,1670,53701430,482772630161459
482772656000000,53721,-0.674,-0.038,-0.73,0.22,0.19,-0.26,1,imu01,fusion_20260817T182528Z,1671,53721434,482772650162904
482772687000000,53741,-0.675,-0.036,-0.735,-0.05,0.12,-0.21,1,imu01,fusion_20260817T182528Z,1672,53741430,482772670156349
482772703000000,53761,-0.677,-0.036,-0.738,0.13,0.11,-0.16,1,imu01,fusion_20260817T182528Z,1673,53761434,482772690157794
482772718000000,53781,-0.678,-0.038,-0.732,-0.07,0.03,-0.32,1,imu01,fusion_20260817T182528Z,1674,53781430,482772710151239
482772750000000,53801,-0.673,-0.035,-0.733,0.06,0.08,-0.26,1,imu01,fusion_20260817T182528Z,1675,53801434,482772730152684
482772765000000,53821,-0.675,-0.036,-0.733,0.13,0.28,-0.33,1,imu01,fusion_20260817T182528Z,1676,53821430,482772750146129
482772781000000,53841,-0.675,-0.035,-0.735,-0.23,0.09,-0.35,1,imu01,fusion_20260817T182528Z,1677,53841434,482772770147574
482772796000000,53861,-0.678,-0.038,-0.735,0.12,0.12,-0.13,1,imu01,fusion_20260817T182528Z,1678,53861430,482772790141020
482772828000000,53881,-0.675,-0.04,-0.733,-0.22,-0.04,-0.36,1,imu01,fusion_20260817T182528Z,1679,53881434,482772810142464
482772843000000,53901,-0.677,-0.034,-0.737,-0.03,0.21,-0.09,1,imu01,fusion_20260817T182528Z,1680,53901430,482772830135910
482772859000000,53921,-0.683,-0.036,-0.74,-0.03,0.1,-0.25,1,imu01,fusion_20260817T182528Z,1681,53921434,482772850137354
482772890000000,53941,-0.675,-0.03,-0.736,-0.09,0.08,-0.26,1,imu01,fusion_20260817T182528Z,1682,53941430,482772870130800
482772906000000,53961,-0.68,-0.036,-0.731,-0.19,-0.02,-0.48,1,imu01,fusion_20260817T182528Z,1683,53961434,482772890132244
482772921000000,53981,-0.678,-0.034,-0.739,-0.03,-0.09,-0.2,1,imu01,fusion_20260817T182528Z,1684,53981430,482772910125690
482772937000000,54001,-0.674,-0.035,-0.735,-0.08,0.11,-0.51,1,imu01,fusion_20260817T182528Z,1685,54001434,482772930127135
482772968000000,54021,-0.674,-0.034,-0.737,-0.32,0.24,-0.45,1,imu01,fusion_20260817T182528Z,1686,54021430,482772950120580
482772984000000,54041,-0.673,-0.034,-0.736,-0.16,-0.15,-0.38,1,imu01,fusion_20260817T182528Z,1687,54041434,482772970122025
482773000000000,54061,-0.676,-0.037,-0.74,0.0,0.19,-0.52,1,imu01,fusion_20260817T182528Z,1688,54061430,482772990115470
482773015000000,54081,-0.677,-0.036,-0.729,0.23,0.58,-0.25,1,imu01,fusion_20260817T182528Z,1689,54081434,482773010116915
482773046000000,54101,-0.674,-0.036,-0.728,-0.16,0.08,-0.29,1,imu01,fusion_20260817T182528Z,1690,54101430,482773030110360
482773062000000,54121,-0.674,-0.037,-0.737,-0.11,0.05,-0.16,1,imu01,fusion_20260817T182528Z,1691,54121434,482773050111805
482773078000000,54141,-0.675,-0.037,-0.734,-0.05,-0.1,-0.25,1,imu01,fusion_20260817T182528Z,1692,54141430,482773070105250
482773109000000,54161,-0.67,-0.034,-0.734,0.32,0.21,-0.12,1,imu01,fusion_20260817T182528Z,1693,54161434,482773090106695
482773125000000,54181,-0.679,-0.032,-0.733,-0.0,-0.11,-0.09,1,imu01,fusion_20260817T182528Z,1694,54181430,482773110100141
482773140000000,54201,-0.676,-0.036,-0.736,0.12,-0.07,-0.18,1,imu01,fusion_20260817T182528Z,1695,54201434,482773130101585
482773156000000,54221,-0.675,-0.035,-0.734,0.43,0.42,-0.3,1,imu01,fusion_20260817T182528Z,1696,54221430,482773150095031
482773187000000,54241,-0.676,-0.038,-0.727,-0.1,-0.05,-0.24,1,imu01,fusion_20260817T182528Z,1697,54241434,482773170096475
482773203000000,54261,-0.677,-0.033,-0.742,0.08,0.28,-0.35,1,imu01,fusion_20260817T182528Z,1698,54261430,482773190089921
482773218000000,54281,-0.676,-0.039,-0.738,0.25,0.18,-0.54,1,imu01,fusion_20260817T182528Z,1699,54281434,482773210091366
482773250000000,54301,-0.675,-0.037,-0.735,0.11,0.16,-0.29,1,imu01,fusion_20260817T182528Z,1700,54301430,482773230084811
482773265000000,54321,-0.675,-0.036,-0.735,-0.08,0.04,-0.09,1,imu01,fusion_20260817T182528Z,1701,54321434,482773250086256
482773281000000,54341,-0.671,-0.033,-0.739,0.45,0.17,-0.43,1,imu01,fusion_20260817T182528Z,1702,54341430,482773270079701
482773296000000,54361,-0.678,-0.039,-0.737,0.32,0.24,-0.19,1,imu01,fusion_20260817T182528Z,1703,54361434,482773290081146
482773328000000,54381,-0.673,-0.038,-0.738,0.36,-0.15,-0.21,1,imu01,fusion_20260817T182528Z,1704,54381430,482773310074591
482773343000000,54401,-0.675,-0.041,-0.733,-0.42,-0.28,-0.0,1,imu01,fusion_20260817T182528Z,1705,54401434,482773330076036
482773359000000,54421,-0.676,-0.039,-0.731,0.28,0.09,-0.22,1,imu01,fusion_20260817T182528Z,1706,54421430,482773350069481
482773390000000,54441,-0.675,-0.036,-0.739,-0.3,0.04,-0.22,1,imu01,fusion_20260817T182528Z,1707,54441434,482773370070926
482773406000000,54461,-0.676,-0.036,-0.739,0.22,0.54,-0.19,1,imu01,fusion_20260817T182528Z,1708,54461430,482773390064372
482773421000000,54481,-0.671,-0.036,-0.733,-0.44,-0.13,-0.06,1,imu01,fusion_20260817T182528Z,1709,54481434,482773410065816
482773437000000,54501,-0.674,-0.04,-0.744,0.0,0.09,-0.24,1,imu01,fusion_20260817T182528Z,1710,54501430,482773430059262
482773468000000,54521,-0.673,-0.037,-0.732,-0.11,-0.04,-0.19,1,imu01,fusion_20260817T182528Z,1711,54521434,482773450060706
482773484000000,54541,-0.679,-0.043,-0.737,-0.08,-0.05,-0.17,1,imu01,fusion_20260817T182528Z,1712,54541430,482773470054152
482773500000000,54561,-0.673,-0.032,-0.731,0.1,-0.12,-0.44,1,imu01,fusion_20260817T182528Z,1713,54561434,482773490055596
482773515000000,54581,-0.674,-0.033,-0.739,0.07,0.07,-0.11,1,imu01,fusion_20260817T182528Z,1714,54581430,482773510049042
482773546000000,54601,-0.673,-0.036,-0.729,0.0,-0.06,-0.19,1,imu01,fusion_20260817T182528Z,1715,54601434,482773530050486
482773562000000,54621,-0.673,-0.033,-0.727,-0.26,-0.21,-0.3,1,imu01,fusion_20260817T182528Z,1716,54621430,482773550043932
482773578000000,54641,-0.671,-0.038,-0.738,-0.05,0.23,-0.49,1,imu01,fusion_20260817T182528Z,1717,54641434,482773570045377
482773609000000,54661,-0.678,-0.036,-0.732,0.19,0.26,-0.5,1,imu01,fusion_20260817T182528Z,1718,54661430,482773590038822
482773625000000,54681,-0.678,-0.036,-0.73,-0.41,-0.24,-0.39,1,imu01,fusion_20260817T182528Z,1719,54681434,482773610040267
482773640000000,54701,-0.675,-0.034,-0.739,0.42,0.3,-0.35,1,imu01,fusion_20260817T182528Z,1720,54701430,482773630033712
482773656000000,54721,-0.671,-0.038,-0.734,-0.02,0.37,-0.22,1,imu01,fusion_20260817T182528Z,1721,54721434,482773650035157
482773687000000,54741,-0.676,-0.038,-0.729,-0.08,0.36,-0.45,1,imu01,fusion_20260817T182528Z,1722,54741430,482773670028602
482773703000000,54761,-0.675,-0.037,-0.739,0.7,0.2,-0.16,1,imu01,fusion_20260817T182528Z,1723,54761434,482773690030047
482773718000000,54781,-0.675,-0.034,-0.737,-0.03,0.13,-0.18,1,imu01,fusion_20260817T182528Z,1724,54781430,482773710023493
482773750000000,54801,-0.679,-0.036,-0.728,-0.02,0.1,-0.36,1,imu01,fusion_20260817T182528Z,1725,54801434,482773730024937
482773765000000,54821,-0.673,-0.036,-0.731,0.19,0.25,-0.21,1,imu01,fusion_20260817T182528Z,1726,54821430,482773750018383
482773781000000,54841,-0.676,-0.038,-0.74,-0.11,0.16,-0.25,1,imu01,fusion_20260817T182528Z,1727,54841434,482773770019827
482773796000000,54861,-0.676,-0.035,-0.73,0.16,0.16,-0.43,1,imu01,fusion_20260817T182528Z,1728,54861430,482773790013273
482773828000000,54881,-0.676,-0.036,-0.732,0.03,0.34,-0.36,1,imu01,fusion_20260817T182528Z,1729,54881434,482773810014717
482773843000000,54901,-0.679,-0.036,-0.738,0.03,0.33,-0.39,1,imu01,fusion_20260817T182528Z,1730,54901430,482773830008163
482773859000000,54921,-0.676,-0.036,-0.736,0.13,0.19,-0.37,1,imu01,fusion_20260817T182528Z,1731,54921434,482773850009608
482773890000000,54941,-0.676,-0.041,-0.733,-0.01,0.27,-0.13,1,imu01,fusion_20260817T182528Z,1732,54941430,482773870003053
482773906000000,54961,-0.68,-0.036,-0.737,-0.36,-0.02,-0.12,1,imu01,fusion_20260817T182528Z,1733,54961434,482773890004498
482773921000000,54981,-0.674,-0.038,-0.729,-0.1,-0.08,-0.27,1,imu01,fusion_20260817T182528Z,1734,54981430,482773909997943
482773937000000,55001,-0.678,-0.039,-0.739,0.03,0.34,-0.24,1,imu01,fusion_20260817T182528Z,1735,55001434,482773929999388
482773968000000,55021,-0.677,-0.033,-0.734,-0.03,0.14,-0.51,1,imu01,fusion_20260817T182528Z,1736,55021430,482773949992833
482773984000000,55041,-0.671,-0.035,-0.731,0.02,0.08,-0.27,1,imu01,fusion_20260817T182528Z,1737,55041434,482773969994278
482774000000000,55061,-0.677,-0.04,-0.737,-0.39,-0.17,-0.08,1,imu01,fusion_20260817T182528Z,1738,55061430,482773989987724
482774031000000,55081,-0.675,-0.036,-0.74,0.38,0.14,-0.1,1,imu01,fusion_20260817T182528Z,1739,55081434,482774009989168
482774046000000,55101,-0.678,-0.036,-0.739,-0.13,0.15,-0.35,1,imu01,fusion_20260817T182528Z,1740,55101430,482774029982614
482774062000000,55121,-0.674,-0.032,-0.733,0.38,0.76,-0.22,1,imu01,fusion_20260817T182528Z,1741,55121434,482774049984058
482774078000000,55141,-0.674,-0.033,-0.728,-0.81,-0.3,-0.41,1,imu01,fusion_20260817T182528Z,1742,55141430,482774069977504
482774109000000,55161,-0.68,-0.038,-0.734,-0.36,-0.28,-0.32,1,imu01,fusion_20260817T182528Z,1743,55161434,482774089978948
482774125000000,55181,-0.672,-0.036,-0.731,0.03,0.76,-0.25,1,imu01,fusion_20260817T182528Z,1744,55181430,482774109972394
482774140000000,55201,-0.676,-0.037,-0.731,0.05,0.28,-0.36,1,imu01,fusion_20260817T182528Z,1745,55201434,482774129973838
482774156000000,55221,-0.671,-0.042,-0.733,0.31,0.43,-0.32,1,imu01,fusion_20260817T182528Z,1746,55221430,482774149967284
482774187000000,55241,-0.678,-0.032,-0.735,-0.31,0.07,-0.22,1,imu01,fusion_20260817T182528Z,1747,55241434,482774169968729
482774203000000,55261,-0.679,-0.037,-0.736,-0.01,0.24,-0.32,1,imu01,fusion_20260817T182528Z,1748,55261430,482774189962174
482774218000000,55281,-0.679,-0.032,-0.73,0.42,0.24,-0.44,1,imu01,fusion_20260817T182528Z,1749,55281434,482774209963619
482774250000000,55301,-0.677,-0.034,-0.737,-0.13,0.05,-0.09,1,imu01,fusion_20260817T182528Z,1750,55301430,482774229957064
482774265000000,55321,-0.676,-0.038,-0.733,0.0,0.44,-0.07,1,imu01,fusion_20260817T182528Z,1751,55321434,482774249958509
482774281000000,55341,-0.678,-0.039,-0.732,-0.53,-0.31,-0.06,1,imu01,fusion_20260817T182528Z,1752,55341430,482774269951954
482774296000000,55361,-0.675,-0.04,-0.728,-0.66,-0.28,-0.23,1,imu01,fusion_20260817T182528Z,1753,55361434,482774289953399
482774328000000,55381,-0.681,-0.037,-0.739,0.64,0.05,-0.25,1,imu01,fusion_20260817T182528Z,1754,55381430,482774309946845
482774343000000,55401,-0.674,-0.038,-0.732,0.92,0.75,-0.29,1,imu01,fusion_20260817T182528Z,1755,55401434,482774329948289
482774359000000,55421,-0.671,-0.039,-0.733,-0.71,-0.02,-0.16,1,imu01,fusion_20260817T182528Z,1756,55421430,482774349941735
482774390000000,55441,-0.674,-0.032,-0.732,0.19,0.26,-0.38,1,imu01,fusion_20260817T182528Z,1757,55441434,482774369943179
482774406000000,55461,-0.674,-0.032,-0.724,0.03,-0.04,-0.4,1,imu01,fusion_20260817T182528Z,1758,55461430,482774389936625
482774421000000,55481,-0.677,-0.03,-0.73,0.55,0.05,-0.42,1,imu01,fusion_20260817T182528Z,1759,55481434,482774409938069
482774437000000,55501,-0.674,-0.033,-0.734,-0.24,-0.0,-0.38,1,imu01,fusion_20260817T182528Z,1760,55501430,482774429931515
482774468000000,55521,-0.673,-0.039,-0.734,0.01,-0.21,-0.06,1,imu01,fusion_20260817T182528Z,1761,55521434,482774449932960
482774484000000,55541,-0.674,-0.035,-0.734,-0.21,0.24,-0.14,1,imu01,fusion_20260817T182528Z,1762,55541430,482774469926405
482774500000000,55561,-0.677,-0.035,-0.728,-0.7,-0.23,-0.23,1,imu01,fusion_20260817T182528Z,1763,55561434,482774489927850
482774531000000,55581,-0.68,-0.04,-0.731,-0.12,0.14,-0.3,1,imu01,fusion_20260817T182528Z,1764,55581430,482774509921295
482774546000000,55601,-0.677,-0.035,-0.735,-0.0,0.39,-0.13,1,imu01,fusion_20260817T182528Z,1765,55601434,482774529922740
482774562000000,55621,-0.675,-0.037,-0.735,0.21,-0.02,-0.4,1,imu01,fusion_20260817T182528Z,1766,55621430,482774549916185
482774578000000,55641,-0.676,-0.038,-0.737,-0.16,0.01,-0.13,1,imu01,fusion_20260817T182528Z,1767,55641434,482774569917630
482774609000000,55661,-0.673,-0.037,-0.736,-0.52,-0.15,-0.55,1,imu01,fusion_20260817T182528Z,1768,55661430,482774589911076
482774625000000,55681,-0.679,-0.036,-0.734,-0.13,0.18,-0.24,1,imu01,fusion_20260817T182528Z,1769,55681434,482774609912520
482774640000000,55701,-0.673,-0.033,-0.734,-0.2,-0.05,-0.37,1,imu01,fusion_20260817T182528Z,1770,55701430,482774629905966
482774671000000,55721,-0.68,-0.032,-0.731,-0.03,0.27,-0.26,1,imu01,fusion_20260817T182528Z,1771,55721434,482774649907410
482774687000000,55741,-0.675,-0.039,-0.737,0.05,0.19,-0.07,1,imu01,fusion_20260817T182528Z,1772,55741430,482774669900856
482774703000000,55761,-0.677,-0.034,-0.734,-0.0,0.17,-0.22,1,imu01,fusion_20260817T182528Z,1773,55761434,482774689902300
482774718000000,55781,-0.674,-0.036,-0.737,0.25,0.19,-0.09,1,imu01,fusion_20260817T182528Z,1774,55781430,482774709895746
482774750000000,55801,-0.674,-0.037,-0.734,0.16,0.18,-0.22,1,imu01,fusion_20260817T182528Z,1775,55801434,482774729897190
482774765000000,55821,-0.679,-0.033,-0.733,0.07,0.08,-0.03,1,imu01,fusion_20260817T182528Z,1776,55821430,482774749890636
482774781000000,55841,-0.677,-0.037,-0.731,0.42,0.28,-0.58,1,imu01,fusion_20260817T182528Z,1777,55841434,482774769892081
482774796000000,55861,-0.674,-0.039,-0.73,0.03,-0.15,-0.25,1,imu01,fusion_20260817T182528Z,1778,55861430,482774789885526
482774828000000,55881,-0.674,-0.034,-0.74,0.29,0.4,-0.3,1,imu01,fusion_20260817T182528Z,1779,55881434,482774809886971
482774843000000,55901,-0.675,-0.039,-0.734,-0.19,0.35,-0.2,1,imu01,fusion_20260817T182528Z,1780,55901430,482774829880416
482774859000000,55921,-0.675,-0.035,-0.736,0.28,0.08,-0.19,1,imu01,fusion_20260817T182528Z,1781,55921434,482774849881861
482774890000000,55941,-0.676,-0.036,-0.73,0.06,0.06,-0.22,1,imu01,fusion_20260817T182528Z,1782,55941430,482774869875306
482774906000000,55961,-0.675,-0.036,-0.733,0.02,-0.34,-0.23,1,imu01,fusion_20260817T182528Z,1783,55961434,482774889876751
482774921000000,55981,-0.676,-0.033,-0.736,0.48,0.21,-0.38,1,imu01,fusion_20260817T182528Z,1784,55981430,482774909870197
482774937000000,56001,-0.677,-0.034,-0.732,-0.31,0.12,-0.2,1,imu01,fusion_20260817T182528Z,1785,56001434,482774929871641
482774968000000,56021,-0.675,-0.041,-0.734,-0.1,0.13,-0.39,1,imu01,fusion_20260817T182528Z,1786,56021430,482774949865087
482774984000000,56041,-0.672,-0.041,-0.735,0.35,0.37,-0.25,1,imu01,fusion_20260817T182528Z,1787,56041434,482774969866531
482775000000000,56061,-0.68,-0.037,-0.728,-0.13,-0.05,-0.4,1,imu01,fusion_20260817T182528Z,1788,56061430,482774989859977
482775015000000,56081,-0.674,-0.034,-0.739,0.17,0.17,-0.23,1,imu01,fusion_20260817T182528Z,1789,56081434,482775009861421
482775046000000,56101,-0.673,-0.037,-0.73,0.55,0.22,-0.23,1,imu01,fusion_20260817T182528Z,1790,56101430,482775029854867
482775062000000,56121,-0.675,-0.033,-0.736,0.09,-0.02,-0.38,1,imu01,fusion_20260817T182528Z,1791,56121434,482775049856312
482775078000000,56141,-0.676,-0.037,-0.733,-0.07,0.05,-0.32,1,imu01,fusion_20260817T182528Z,1792,56141430,482775069849757
482775109000000,56161,-0.675,-0.035,-0.733,0.1,0.4,-0.24,1,imu01,fusion_20260817T182528Z,1793,56161434,482775089851202
482775125000000,56181,-0.68,-0.039,-0.731,0.68,0.44,-0.41,1,imu01,fusion_20260817T182528Z,1794,56181430,482775109844647
482775140000000,56201,-0.674,-0.037,-0.735,-0.1,-0.05,-0.22,1,imu01,fusion_20260817T182528Z,1795,56201434,482775129846092
482775156000000,56221,-0.676,-0.037,-0.739,0.18,0.37,-0.45,1,imu01,fusion_20260817T182528Z,1796,56221430,482775149839537
482775187000000,56241,-0.676,-0.035,-0.737,-0.16,-0.36,-0.26,1,imu01,fusion_20260817T182528Z,1797,56241434,482775169840982
482775203000000,56261,-0.677,-0.036,-0.743,0.1,0.27,-0.28,1,imu01,fusion_20260817T182528Z,1798,56261430,482775189834428
482775218000000,56281,-0.677,-0.041,-0.736,0.27,0.09,-0.22,1,imu01,fusion_20260817T182528Z,1799,56281434,482775209835872
482775250000000,56301,-0.679,-0.041,-0.736,0.07,-0.01,-0.31,1,imu01,fusion_20260817T182528Z,1800,56301430,482775229829318
482775265000000,56321,-0.678,-0.038,-0.735,-0.22,0.2,-0.26,1,imu01,fusion_20260817T182528Z,1801,56321434,482775249830762
482775281000000,56341,-0.676,-0.032,-0.735,-0.21,-0.02,-0.21,1,imu01,fusion_20260817T182528Z,1802,56341430,482775269824208
482775296000000,56361,-0.678,-0.037,-0.736,0.01,0.38,-0.31,1,imu01,fusion_20260817T182528Z,1803,56361434,482775289825652
482775328000000,56381,-0.676,-0.035,-0.737,0.22,0.24,-0.38,1,imu01,fusion_20260817T182528Z,1804,56381430,482775309819098
482775343000000,56401,-0.675,-0.036,-0.736,0.07,-0.04,-0.29,1,imu01,fusion_20260817T182528Z,1805,56401434,482775329820542
482775359000000,56421,-0.674,-0.041,-0.73,0.0,0.14,-0.43,1,imu01,fusion_20260817T182528Z,1806,56421430,482775349813988
482775390000000,56441,-0.679,-0.039,-0.743,-0.02,0.11,-0.34,1,imu01,fusion_20260817T182528Z,1807,56441434,482775369815433
482775406000000,56461,-0.673,-0.036,-0.735,-0.16,0.27,0.0,1,imu01,fusion_20260817T182528Z,1808,56461430,482775389808878
482775421000000,56481,-0.675,-0.04,-0.731,0.01,0.16,-0.07,1,imu01,fusion_20260817T182528Z,1809,56481434,482775409810323
482775437000000,56501,-0.673,-0.036,-0.735,0.48,0.29,-0.45,1,imu01,fusion_20260817T182528Z,1810,56501430,482775429803768
482775468000000,56521,-0.677,-0.038,-0.733,0.44,0.43,-0.37,1,imu01,fusion_20260817T182528Z,1811,56521434,482775449805213
482775484000000,56541,-0.678,-0.034,-0.737,0.09,-0.19,-0.52,1,imu01,fusion_20260817T182528Z,1812,56541430,482775469798658
482775500000000,56561,-0.675,-0.036,-0.738,-0.14,0.11,-0.08,1,imu01,fusion_20260817T182528Z,1813,56561434,482775489800103
482775531000000,56581,-0.676,-0.04,-0.735,-0.05,0.33,-0.26,1,imu01,fusion_20260817T182528Z,1814,56581430,482775509793549
482775546000000,56601,-0.674,-0.039,-0.738,-0.08,0.08,-0.05,1,imu01,fusion_20260817T182528Z,1815,56601434,482775529794993
482775562000000,56621,-0.677,-0.038,-0.74,0.0,-0.01,-0.11,1,imu01,fusion_20260817T182528Z,1816,56621430,482775549788439
482775578000000,56641,-0.674,-0.04,-0.739,-0.15,-0.33,-0.04,1,imu01,fusion_20260817T182528Z,1817,56641434,482775569789883
482775609000000,56661,-0.677,-0.038,-0.734,0.25,-0.04,-0.46,1,imu01,fusion_20260817T182528Z,1818,56661430,482775589783329
482775625000000,56681,-0.674,-0.032,-0.742,0.16,0.14,-0.04,1,imu01,fusion_20260817T182528Z,1819,56681434,482775609784773
482775640000000,56701,-0.675,-0.036,-0.732,-0.27,-0.15,-0.17,1,imu01,fusion_20260817T182528Z,1820,56701430,482775629778219
482775671000000,56721,-0.676,-0.039,-0.737,-0.25,-0.13,-0.43,1,imu01,fusion_20260817T182528Z,1821,56721434,482775649779664
482775687000000,56741,-0.678,-0.038,-0.735,-0.26,-0.02,-0.25,1,imu01,fusion_20260817T182528Z,1822,56741430,482775669773109
482775703000000,56761,-0.672,-0.032,-0.737,0.16,0.08,-0.17,1,imu01,fusion_20260817T182528Z,1823,56761434,482775689774554
482775718000000,56781,-0.677,-0.04,-0.735,-0.06,-0.04,-0.14,1,imu01,fusion_20260817T182528Z,1824,56781430,482775709767999
482775750000000,56801,-0.674,-0.037,-0.737,0.04,0.22,-0.38,1,imu01,fusion_20260817T182528Z,1825,56801434,482775729769444
482775765000000,56821,-0.675,-0.036,-0.737,0.22,0.27,-0.25,1,imu01,fusion_20260817T182528Z,1826,56821430,482775749762889
482775781000000,56841,-0.678,-0.036,-0.736,-0.12,0.23,-0.34,1,imu01,fusion_20260817T182528Z,1827,56841434,482775769764334
482775796000000,56861,-0.677,-0.038,-0.734,-0.04,0.3,-0.31,1,imu01,fusion_20260817T182528Z,1828,56861430,482775789757780
482775828000000,56881,-0.675,-0.038,-0.74,-0.29,0.17,-0.37,1,imu01,fusion_20260817T182528Z,1829,56881434,482775809759224
482775843000000,56901,-0.675,-0.039,-0.736,0.03,-0.02,-0.24,1,imu01,fusion_20260817T182528Z,1830,56901430,482775829752670
482775859000000,56921,-0.673,-0.034,-0.74,0.07,0.11,-0.31,1,imu01,fusion_20260817T182528Z,1831,56921434,482775849754114
482775890000000,56941,-0.673,-0.036,-0.734,0.29,0.11,-0.31,1,imu01,fusion_20260817T182528Z,1832,56941430,482775869747560
482775906000000,56961,-0.679,-0.04,-0.731,0.26,0.28,-0.22,1,imu01,fusion_20260817T182528Z,1833,56961434,482775889749004
482775921000000,56981,-0.673,-0.036,-0.734,0.06,0.05,-0.27,1,imu01,fusion_20260817T182528Z,1834,56981430,482775909742450
482775937000000,57001,-0.673,-0.04,-0.735,0.27,0.02,-0.25,1,imu01,fusion_20260817T182528Z,1835,57001434,482775929743894
482775968000000,57021,-0.674,-0.04,-0.736,0.1,0.12,-0.4,1,imu01,fusion_20260817T182528Z,1836,57021430,482775949737340
482775984000000,57041,-0.677,-0.04,-0.739,0.0,-0.02,-0.42,1,imu01,fusion_20260817T182528Z,1837,57041434,482775969738785
482776000000000,57061,-0.678,-0.038,-0.73,0.04,0.03,-0.33,1,imu01,fusion_20260817T182528Z,1838,57061430,482775989732230
482776015000000,57081,-0.673,-0.036,-0.735,0.15,0.36,-0.37,1,imu01,fusion_20260817T182528Z,1839,57081434,482776009733675
482776046000000,57101,-0.675,-0.039,-0.739,-0.08,0.07,-0.19,1,imu01,fusion_20260817T182528Z,1840,57101430,482776029727120
482776062000000,57121,-0.674,-0.036,-0.732,0.18,-0.02,-0.05,1,imu01,fusion_20260817T182528Z,1841,57121434,482776049728565
482776078000000,57141,-0.674,-0.038,-0.734,0.13,0.02,0.15,1,imu01,fusion_20260817T182528Z,1842,57141430,482776069722010
482776109000000,57161,-0.675,-0.035,-0.739,0.09,0.23,-0.26,1,imu01,fusion_20260817T182528Z,1843,57161434,482776089723455
482776125000000,57181,-0.675,-0.033,-0.736,-0.05,0.24,-0.24,1,imu01,fusion_20260817T182528Z,1844,57181430,482776109716901
482776140000000,57201,-0.673,-0.038,-0.724,-0.03,-0.12,-0.2,1,imu01,fusion_20260817T182528Z,1845,57201434,482776129718345
482776171000000,57221,-0.676,-0.036,-0.736,0.14,-0.09,-0.18,1,imu01,fusion_20260817T182528Z,1846,57221430,482776149711791
482776187000000,57241,-0.678,-0.033,-0.741,0.16,0.19,-0.2,1,imu01,fusion_20260817T182528Z,1847,57241434,482776169713235
482776203000000,57261,-0.677,-0.032,-0.732,0.26,0.34,-0.27,1,imu01,fusion_20260817T182528Z,1848,57261430,482776189706681
482776218000000,57281,-0.673,-0.036,-0.737,0.12,0.4,-0.13,1,imu01,fusion_20260817T182528Z,1849,57281434,482776209708125
482776250000000,57301,-0.674,-0.04,-0.732,-0.07,0.18,-0.08,1,imu01,fusion_20260817T182528Z,1850,57301430,482776229701571
482776265000000,57321,-0.677,-0.038,-0.737,0.51,0.51,-0.28,1,imu01,fusion_20260817T182528Z,1851,57321434,482776249703016
482776281000000,57341,-0.673,-0.035,-0.737,-0.11,0.37,-0.2,1,imu01,fusion_20260817T182528Z,1852,57341430,482776269696461
482776296000000,57361,-0.671,-0.036,-0.739,0.14,0.01,-0.33,1,imu01,fusion_20260817T182528Z,1853,57361434,482776289697906
482776328000000,57381,-0.674,-0.037,-0.732,-0.09,0.01,-0.35,1,imu01,fusion_20260817T182528Z,1854,57381430,482776309691351
482776343000000,57401,-0.675,-0.034,-0.736,0.19,0.23,-0.15,1,imu01,fusion_20260817T182528Z,1855,57401434,482776329692796
482776359000000,57421,-0.675,-0.034,-0.731,-0.19,0.05,-0.25,1,imu01,fusion_20260817T182528Z,1856,57421430,482776349686241
482776390000000,57441,-0.678,-0.034,-0.741,-0.36,-0.18,-0.14,1,imu01,fusion_20260817T182528Z,1857,57441434,482776369687686
482776406000000,57461,-0.677,-0.035,-0.733,0.32,0.23,-0.17,1,imu01,fusion_20260817T182528Z,1858,57461430,482776389681132
482776421000000,57481,-0.677,-0.036,-0.728,-0.51,-0.16,-0.27,1,imu01,fusion_20260817T182528Z,1859,57481434,482776409682576
482776437000000,57501,-0.676,-0.035,-0.732,-0.04,0.41,-0.19,1,imu01,fusion_20260817T182528Z,1860,57501430,482776429676022
482776468000000,57521,-0.677,-0.039,-0.732,-0.38,0.07,-0.24,1,imu01,fusion_20260817T182528Z,1861,57521434,482776449677466
482776484000000,57541,-0.673,-0.035,-0.735,-0.02,0.26,-0.09,1,imu01,fusion_20260817T182528Z,1862,57541430,482776469670912
482776500000000,57561,-0.675,-0.035,-0.739,-0.07,0.07,-0.02,1,imu01,fusion_20260817T182528Z,1863,57561434,482776489672356
482776515000000,57581,-0.679,-0.04,-0.733,-0.05,0.06,-0.37,1,imu01,fusion_20260817T182528Z,1864,57581430,482776509665802
482776546000000,57601,-0.675,-0.035,-0.733,-0.26,0.02,-0.28,1,imu01,fusion_20260817T182528Z,1865,57601434,482776529667246
482776562000000,57621,-0.675,-0.031,-0.731,-0.05,0.14,-0.52,1,imu01,fusion_20260817T182528Z,1866,57621430,482776549660692
482776578000000,57641,-0.678,-0.036,-0.735,-0.05,0.2,-0.2,1,imu01,fusion_20260817T182528Z,1867,57641434,482776569662137
482776609000000,57661,-0.675,-0.037,-0.73,0.0,-0.15,-0.13,1,imu01,fusion_20260817T182528Z,1868,57661430,482776589655582
482776625000000,57681,-0.676,-0.04,-0.732,-0.25,0.09,-0.31,1,imu01,fusion_20260817T182528Z,1869,57681434,482776609657027
482776640000000,57701,-0.678,-0.036,-0.738,0.43,0.26,-0.12,1,imu01,fusion_20260817T182528Z,1870,57701430,482776629650472
482776656000000,57721,-0.672,-0.036,-0.737,0.22,0.13,-0.37,1,imu01,fusion_20260817T182528Z,1871,57721434,482776649651917
482776687000000,57741,-0.677,-0.034,-0.735,0.1,0.64,-0.24,1,imu01,fusion_20260817T182528Z,1872,57741430,482776669645362
482776703000000,57761,-0.675,-0.043,-0.733,0.4,0.18,-0.42,1,imu01,fusion_20260817T182528Z,1873,57761434,482776689646807
482776718000000,57781,-0.673,-0.033,-0.731,0.1,0.02,-0.17,1,imu01,fusion_20260817T182528Z,1874,57781430,482776709640253
482776750000000,57801,-0.678,-0.036,-0.739,-0.03,0.16,-0.34,1,imu01,fusion_20260817T182528Z,1875,57801434,482776729641697
482776765000000,57821,-0.675,-0.034,-0.724,0.07,0.17,-0.4,1,imu01,fusion_20260817T182528Z,1876,57821430,482776749635143
482776781000000,57841,-0.676,-0.039,-0.733,-0.16,0.11,-0.22,1,imu01,fusion_20260817T182528Z,1877,57841434,482776769636587
482776796000000,57861,-0.674,-0.039,-0.734,-0.22,-0.02,-0.37,1,imu01,fusion_20260817T182528Z,1878,57861430,482776789630033
482776828000000,57881,-0.68,-0.039,-0.734,-0.03,-0.02,-0.13,1,imu01,fusion_20260817T182528Z,1879,57881434,482776809631477
482776843000000,57901,-0.671,-0.035,-0.734,-0.32,0.01,-0.25,1,imu01,fusion_20260817T182528Z,1880,57901430,482776829624923
482776859000000,57921,-0.675,-0.034,-0.737,-0.07,0.06,-0.44,1,imu01,fusion_20260817T182528Z,1881,57921434,482776849626368
482776890000000,57941,-0.676,-0.038,-0.734,0.03,0.13,-0.12,1,imu01,fusion_20260817T182528Z,1882,57941430,482776869619813
482776906000000,57961,-0.672,-0.035,-0.737,0.1,0.4,-0.18,1,imu01,fusion_20260817T182528Z,1883,57961434,482776889621258
482776921000000,57981,-0.674,-0.039,-0.731,0.19,0.26,-0.34,1,imu01,fusion_20260817T182528Z,1884,57981430,482776909614703
482776937000000,58001,-0.677,-0.032,-0.738,-0.13,-0.24,-0.13,1,imu01,fusion_20260817T182528Z,1885,58001434,482776929616148
482776968000000,58021,-0.677,-0.035,-0.735,-0.15,-0.08,-0.17,1,imu01,fusion_20260817T182528Z,1886,58021430,482776949609593
482776984000000,58041,-0.674,-0.036,-0.732,-0.25,0.34,-0.18,1,imu01,fusion_20260817T182528Z,1887,58041434,482776969611038
482777000000000,58061,-0.674,-0.034,-0.739,0.3,0.27,-0.21,1,imu01,fusion_20260817T182528Z,1888,58061430,482776989604484
482777015000000,58081,-0.677,-0.036,-0.736,-0.21,0.34,-0.19,1,imu01,fusion_20260817T182528Z,1889,58081434,482777009605928
482777046000000,58101,-0.675,-0.037,-0.739,-0.15,0.19,-0.58,1,imu01,fusion_20260817T182528Z,1890,58101430,482777029599374
482777062000000,58121,-0.674,-0.035,-0.729,0.55,0.03,-0.35,1,imu01,fusion_20260817T182528Z,1891,58121434,482777049600818
482777078000000,58141,-0.673,-0.033,-0.74,-0.25,-0.0,-0.09,1,imu01,fusion_20260817T182528Z,1892,58141430,482777069594264
482777109000000,58161,-0.672,-0.035,-0.733,0.03,0.4,-0.19,1,imu01,fusion_20260817T182528Z,1893,58161434,482777089595708
482777125000000,58181,-0.674,-0.037,-0.74,-0.34,-0.19,-0.25,1,imu01,fusion_20260817T182528Z,1894,58181430,482777109589154
482777140000000,58201,-0.674,-0.039,-0.733,0.19,0.28,-0.23,1,imu01,fusion_20260817T182528Z,1895,58201434,482777129590598
482777156000000,58221,-0.673,-0.035,-0.733,0.05,0.06,-0.37,1,imu01,fusion_20260817T182528Z,1896,58221430,482777149584044
482777187000000,58241,-0.679,-0.033,-0.737,0.12,0.22,-0.06,1,imu01,fusion_20260817T182528Z,1897,58241434,482777169585489
482777203000000,58261,-0.68,-0.037,-0.729,0.13,0.17,-0.28,1,imu01,fusion_20260817T182528Z,1898,58261430,482777189578934
482777218000000,58281,-0.674,-0.038,-0.73,0.07,0.13,-0.29,1,imu01,fusion_20260817T182528Z,1899,58281434,482777209580379
482777250000000,58301,-0.676,-0.034,-0.733,0.39,-0.01,-0.22,1,imu01,fusion_20260817T182528Z,1900,58301430,482777229573824
482777265000000,58321,-0.675,-0.037,-0.736,-0.16,0.14,-0.48,1,imu01,fusion_20260817T182528Z,1901,58321434,482777249575269
482777281000000,58341,-0.676,-0.035,-0.734,-0.09,0.08,-0.13,1,imu01,fusion_20260817T182528Z,1902,58341430,482777269568714
482777296000000,58361,-0.675,-0.034,-0.733,-0.03,0.18,-0.33,1,imu01,fusion_20260817T182528Z,1903,58361434,482777289570159
482777328000000,58381,-0.674,-0.035,-0.739,0.08,0.21,-0.23,1,imu01,fusion_20260817T182528Z,1904,58381430,482777309563605
482777343000000,58401,-0.68,-0.038,-0.742,-0.13,-0.01,-0.1,1,imu01,fusion_20260817T182528Z,1905,58401434,482777329565049
482777359000000,58421,-0.673,-0.042,-0.736,0.06,-0.07,-0.31,1,imu01,fusion_20260817T182528Z,1906,58421430,482777349558495
482777390000000,58441,-0.677,-0.04,-0.733,0.19,0.05,-0.44,1,imu01,fusion_20260817T182528Z,1907,58441434,482777369559939
482777406000000,58461,-0.674,-0.037,-0.728,-0.03,-0.19,-0.45,1,imu01,fusion_20260817T182528Z,1908,58461430,482777389553385
482777421000000,58481,-0.68,-0.032,-0.734,0.06,-0.09,-0.08,1,imu01,fusion_20260817T182528Z,1909,58481434,482777409554829
482777437000000,58501,-0.673,-0.036,-0.736,-0.05,-0.08,-0.32,1,imu01,fusion_20260817T182528Z,1910,58501430,482777429548275
482777468000000,58521,-0.679,-0.038,-0.732,0.16,-0.02,-0.35,1,imu01,fusion_20260817T182528Z,1911,58521434,482777449549720
482777484000000,58541,-0.674,-0.037,-0.735,0.17,0.09,-0.19,1,imu01,fusion_20260817T182528Z,1912,58541430,482777469543165
482777500000000,58561,-0.677,-0.036,-0.733,0.22,0.08,-0.38,1,imu01,fusion_20260817T182528Z,1913,58561434,482777489544610
482777515000000,58581,-0.674,-0.039,-0.737,0.02,0.24,-0.35,1,imu01,fusion_20260817T182528Z,1914,58581430,482777509538055
482777546000000,58601,-0.673,-0.039,-0.733,0.19,0.43,-0.4,1,imu01,fusion_20260817T182528Z,1915,58601434,482777529539500
482777562000000,58621,-0.673,-0.036,-0.74,0.3,0.34,-0.45,1,imu01,fusion_20260817T182528Z,1916,58621430,482777549532945
482777578000000,58641,-0.671,-0.038,-0.735,-0.24,-0.3,-0.3,1,imu01,fusion_20260817T182528Z,1917,58641434,482777569534390
482777609000000,58661,-0.676,-0.043,-0.729,0.08,0.24,-0.4,1,imu01,fusion_20260817T182528Z,1918,58661430,482777589527835
482777625000000,58681,-0.673,-0.034,-0.736,-0.06,0.34,-0.31,1,imu01,fusion_20260817T182528Z,1919,58681434,482777609529280
482777640000000,58701,-0.676,-0.037,-0.737,-0.2,0.17,-0.3,1,imu01,fusion_20260817T182528Z,1920,58701430,482777629522726
482777656000000,58721,-0.676,-0.035,-0.734,-0.32,-0.23,-0.14,1,imu01,fusion_20260817T182528Z,1921,58721434,482777649524170
482777687000000,58741,-0.681,-0.039,-0.734,-0.31,0.05,-0.29,1,imu01,fusion_20260817T182528Z,1922,58741430,482777669517616
482777703000000,58761,-0.676,-0.038,-0.732,-0.02,0.27,-0.19,1,imu01,fusion_20260817T182528Z,1923,58761434,482777689519060
482777718000000,58781,-0.674,-0.038,-0.727,-0.24,0.15,-0.31,1,imu01,fusion_20260817T182528Z,1924,58781430,482777709512506
482777750000000,58801,-0.675,-0.038,-0.729,-0.15,0.08,-0.33,1,imu01,fusion_20260817T182528Z,1925,58801434,482777729513950
482777765000000,58821,-0.68,-0.04,-0.732,-0.52,-0.38,-0.4,1,imu01,fusion_20260817T182528Z,1926,58821430,482777749507396
482777781000000,58841,-0.674,-0.034,-0.734,-0.18,0.47,-0.04,1,imu01,fusion_20260817T182528Z,1927,58841434,482777769508841
482777796000000,58861,-0.679,-0.037,-0.73,-0.14,0.34,-0.2,1,imu01,fusion_20260817T182528Z,1928,58861430,482777789502286
482777828000000,58881,-0.676,-0.035,-0.733,0.06,0.14,-0.03,1,imu01,fusion_20260817T182528Z,1929,58881434,482777809503731
482777843000000,58901,-0.676,-0.037,-0.73,0.39,0.13,-0.39,1,imu01,fusion_20260817T182528Z,1930,58901430,482777829497176
482777859000000,58921,-0.676,-0.034,-0.733,-0.15,0.16,-0.19,1,imu01,fusion_20260817T182528Z,1931,58921434,482777849498621
482777875000000,58941,-0.671,-0.039,-0.732,0.12,0.15,-0.09,1,imu01,fusion_20260817T182528Z,1932,58941430,482777869492066
482777906000000,58961,-0.671,-0.032,-0.737,0.13,0.16,-0.41,1,imu01,fusion_20260817T182528Z,1933,58961434,482777889493511
482777921000000,58981,-0.673,-0.036,-0.732,-0.04,0.2,-0.13,1,imu01,fusion_20260817T182528Z,1934,58981430,482777909486956
482777937000000,59001,-0.671,-0.031,-0.735,-0.0,0.09,-0.25,1,imu01,fusion_20260817T182528Z,1935,59001434,482777929488401
482777968000000,59021,-0.675,-0.04,-0.735,0.26,0.17,-0.16,1,imu01,fusion_20260817T182528Z,1936,59021430,482777949481847
482777984000000,59041,-0.673,-0.039,-0.736,0.03,-0.05,-0.27,1,imu01,fusion_20260817T182528Z,1937,59041434,482777969483291
482778000000000,59061,-0.671,-0.037,-0.734,0.13,0.07,-0.03,1,imu01,fusion_20260817T182528Z,1938,59061430,482777989476737
482778031000000,59081,-0.674,-0.042,-0.734,-0.11,0.11,-0.25,1,imu01,fusion_20260817T182528Z,1939,59081434,482778009478181
482778046000000,59101,-0.672,-0.039,-0.733,0.14,0.33,-0.24,1,imu01,fusion_20260817T182528Z,1940,59101430,482778029471627
482778062000000,59121,-0.677,-0.037,-0.734,-0.22,0.23,-0.46,1,imu01,fusion_20260817T182528Z,1941,59121434,482778049473072
482778078000000,59141,-0.674,-0.038,-0.735,0.05,0.13,-0.16,1,imu01,fusion_20260817T182528Z,1942,59141430,482778069466517
482778109000000,59161,-0.676,-0.035,-0.743,-0.11,-0.02,-0.19,1,imu01,fusion_20260817T182528Z,1943,59161434,482778089467962
482778125000000,59181,-0.672,-0.038,-0.737,0.03,0.64,-0.16,1,imu01,fusion_20260817T182528Z,1944,59181430,482778109461407
482778140000000,59201,-0.677,-0.036,-0.733,0.01,0.14,-0.25,1,imu01,fusion_20260817T182528Z,1945,59201434,482778129462852
482778171000000,59221,-0.674,-0.038,-0.733,-0.26,-0.05,-0.27,1,imu01,fusion_20260817T182528Z,1946,59221430,482778149456297
482778187000000,59241,-0.674,-0.038,-0.741,-0.44,-0.14,-0.41,1,imu01,fusion_20260817T182528Z,1947,59241434,482778169457742
482778203000000,59261,-0.676,-0.034,-0.74,-0.22,0.23,-0.22,1,imu01,fusion_20260817T182528Z,1948,59261430,482778189451187
482778218000000,59281,-0.675,-0.036,-0.729,-0.26,0.05,-0.25,1,imu01,fusion_20260817T182528Z,1949,59281434,482778209452632
482778250000000,59301,-0.673,-0.038,-0.74,-0.29,0.39,-0.27,1,imu01,fusion_20260817T182528Z,1950,59301430,482778229446078
482778265000000,59321,-0.674,-0.035,-0.737,0.45,-0.04,-0.13,1,imu01,fusion_20260817T182528Z,1951,59321434,482778249447522
482778281000000,59341,-0.677,-0.036,-0.731,0.0,-0.02,-0.53,1,imu01,fusion_20260817T182528Z,1952,59341430,482778269440968
482778296000000,59361,-0.679,-0.036,-0.733,0.29,-0.01,-0.29,1,imu01,fusion_20260817T182528Z,1953,59361434,482778289442412
482778328000000,59381,-0.673,-0.038,-0.737,0.0,0.01,-0.1,1,imu01,fusion_20260817T182528Z,1954,59381430,482778309435858
482778343000000,59401,-0.675,-0.032,-0.732,0.26,-0.02,0.0,1,imu01,fusion_20260817T182528Z,1955,59401434,482778329437302
482778359000000,59421,-0.674,-0.038,-0.731,0.25,0.03,-0.19,1,imu01,fusion_20260817T182528Z,1956,59421430,482778349430748
482778390000000,59441,-0.676,-0.033,-0.73,0.05,0.05,-0.25,1,imu01,fusion_20260817T182528Z,1957,59441434,482778369432192
482778406000000,59461,-0.674,-0.035,-0.734,-0.11,0.24,-0.08,1,imu01,fusion_20260817T182528Z,1958,59461430,482778389425638
482778421000000,59481,-0.677,-0.035,-0.736,-0.14,-0.24,-0.22,1,imu01,fusion_20260817T182528Z,1959,59481434,482778409427083
482778437000000,59501,-0.676,-0.033,-0.733,0.43,0.15,-0.25,1,imu01,fusion_20260817T182528Z,1960,59501430,482778429420528
482778468000000,59521,-0.675,-0.037,-0.736,0.37,0.24,-0.45,1,imu01,fusion_20260817T182528Z,1961,59521434,482778449421973
482778484000000,59541,-0.674,-0.036,-0.731,-0.19,0.18,-0.29,1,imu01,fusion_20260817T182528Z,1962,59541430,482778469415418
482778500000000,59561,-0.678,-0.033,-0.732,-0.19,0.3,-0.25,1,imu01,fusion_20260817T182528Z,1963,59561434,482778489416863
482778531000000,59581,-0.678,-0.035,-0.728,-0.42,-0.02,-0.16,1,imu01,fusion_20260817T182528Z,1964,59581430,482778509410308
482778546000000,59601,-0.677,-0.034,-0.736,-0.39,0.21,-0.02,1,imu01,fusion_20260817T182528Z,1965,59601434,482778529411753
482778562000000,59621,-0.676,-0.034,-0.735,0.06,0.09,-0.45,1,imu01,fusion_20260817T182528Z,1966,59621430,482778549405199
482778578000000,59641,-0.678,-0.036,-0.733,-0.03,0.11,-0.28,1,imu01,fusion_20260817T182528Z,1967,59641434,482778569406643
482778609000000,59661,-0.676,-0.036,-0.73,0.16,0.39,-0.57,1,imu01,fusion_20260817T182528Z,1968,59661430,482778589400089
482778625000000,59681,-0.675,-0.038,-0.735,0.26,-0.07,-0.32,1,imu01,fusion_20260817T182528Z,1969,59681434,482778609401533
482778640000000,59701,-0.675,-0.036,-0.736,0.5,0.27,-0.44,1,imu01,fusion_20260817T182528Z,1970,59701430,482778629394979
482778671000000,59721,-0.675,-0.037,-0.735,-0.16,-0.04,-0.28,1,imu01,fusion_20260817T182528Z,1971,59721434,482778649396423
482778687000000,59741,-0.675,-0.034,-0.741,-0.14,0.03,-0.54,1,imu01,fusion_20260817T182528Z,1972,59741430,482778669389869
482778703000000,59761,-0.67,-0.039,-0.739,0.16,-0.08,-0.08,1,imu01,fusion_20260817T182528Z,1973,59761434,482778689391314
482778718000000,59781,-0.679,-0.039,-0.735,-0.36,-0.02,-0.58,1,imu01,fusion_20260817T182528Z,1974,59781430,482778709384759
482778750000000,59801,-0.676,-0.033,-0.727,-0.37,0.24,0.07,1,imu01,fusion_20260817T182528Z,1975,59801434,482778729386204
482778765000000,59821,-0.674,-0.037,-0.733,0.09,-0.06,-0.65,1,imu01,fusion_20260817T182528Z,1976,59821430,482778749379649
482778781000000,59841,-0.674,-0.036,-0.733,-0.1,-0.25,-0.15,1,imu01,fusion_20260817T182528Z,1977,59841434,482778769381094
482778796000000,59861,-0.671,-0.039,-0.736,-0.49,-0.02,-0.25,1,imu01,fusion_20260817T182528Z,1978,59861430,482778789374539
482778828000000,59881,-0.679,-0.037,-0.731,0.58,0.17,-0.31,1,imu01,fusion_20260817T182528Z,1979,59881434,482778809375984
482778843000000,59901,-0.676,-0.034,-0.741,-0.12,0.21,-0.31,1,imu01,fusion_20260817T182528Z,1980,59901430,482778829369430
482778859000000,59921,-0.675,-0.032,-0.737,0.51,0.02,-0.19,1,imu01,fusion_20260817T182528Z,1981,59921434,482778849370874
482778890000000,59941,-0.677,-0.034,-0.732,-0.4,0.2,-0.04,1,imu01,fusion_20260817T182528Z,1982,59941430,482778869364320
482778906000000,59961,-0.681,-0.036,-0.738,0.18,0.36,-0.25,1,imu01,fusion_20260817T182528Z,1983,59961434,482778889365764
482778921000000,59981,-0.674,-0.036,-0.731,0.23,0.4,-0.07,1,imu01,fusion_20260817T182528Z,1984,59981430,482778909359210
482778937000000,60001,-0.678,-0.038,-0.738,0.07,0.12,-0.26,1,imu01,fusion_20260817T182528Z,1985,60001434,482778929360654
482778968000000,60021,-0.676,-0.035,-0.728,0.18,0.01,-0.38,1,imu01,fusion_20260817T182528Z,1986,60021430,482778949354100
482778984000000,60041,-0.674,-0.037,-0.733,-0.18,0.4,0.11,1,imu01,fusion_20260817T182528Z,1987,60041434,482778969355544
482779000000000,60061,-0.678,-0.04,-0.738,-0.31,0.41,-0.29,1,imu01,fusion_20260817T182528Z,1988,60061430,482778989348990
482779015000000,60081,-0.676,-0.032,-0.734,0.27,0.34,-0.31,1,imu01,fusion_20260817T182528Z,1989,60081434,482779009350435
482779046000000,60101,-0.675,-0.038,-0.734,0.11,0.15,-0.44,1,imu01,fusion_20260817T182528Z,1990,60101430,482779029343880
482779062000000,60121,-0.678,-0.036,-0.728,-0.15,0.08,-0.16,1,imu01,fusion_20260817T182528Z,1991,60121434,482779049345325
482779078000000,60141,-0.675,-0.033,-0.73,0.45,0.3,-0.28,1,imu01,fusion_20260817T182528Z,1992,60141430,482779069338770
482779109000000,60161,-0.672,-0.035,-0.733,0.49,0.19,-0.31,1,imu01,fusion_20260817T182528Z,1993,60161434,482779089340215
482779125000000,60181,-0.674,-0.037,-0.736,-0.0,0.26,0.12,1,imu01,fusion_20260817T182528Z,1994,60181430,482779109333660
482779140000000,60201,-0.678,-0.041,-0.739,-0.08,0.17,-0.27,1,imu01,fusion_20260817T182528Z,1995,60201434,482779129335105
482779156000000,60221,-0.674,-0.033,-0.729,0.36,0.43,-0.16,1,imu01,fusion_20260817T182528Z,1996,60221430,482779149328551
482779187000000,60241,-0.677,-0.033,-0.741,0.25,0.34,-0.32,1,imu01,fusion_20260817T182528Z,1997,60241434,482779169329995
482779203000000,60261,-0.674,-0.035,-0.737,-0.04,-0.05,-0.1,1,imu01,fusion_20260817T182528Z,1998,60261430,482779189323441
482779218000000,60281,-0.675,-0.037,-0.733,0.09,-0.01,-0.42,1,imu01,fusion_20260817T182528Z,1999,60281434,482779209324885
482779250000000,60301,-0.679,-0.036,-0.734,0.39,0.34,-0.07,1,imu01,fusion_20260817T182528Z,2000,60301430,482779229318331
482779265000000,60321,-0.675,-0.034,-0.734,-0.64,-0.1,-0.09,1,imu01,fusion_20260817T182528Z,2001,60321434,482779249319775
482779281000000,60341,-0.677,-0.038,-0.733,-0.18,0.05,-0.3,1,imu01,fusion_20260817T182528Z,2002,60341430,482779269313221
482779296000000,60361,-0.678,-0.037,-0.736,-0.03,0.11,-0.22,1,imu01,fusion_20260817T182528Z,2003,60361434,482779289314666
482779328000000,60381,-0.673,-0.037,-0.737,-0.0,0.01,-0.23,1,imu01,fusion_20260817T182528Z,2004,60381430,482779309308111
482779343000000,60401,-0.67,-0.038,-0.741,0.3,0.21,-0.25,1,imu01,fusion_20260817T182528Z,2005,60401434,482779329309556
482779359000000,60421,-0.675,-0.032,-0.743,0.32,-0.2,-0.4,1,imu01,fusion_20260817T182528Z,2006,60421430,482779349303001
482779390000000,60441,-0.674,-0.034,-0.733,-0.52,-0.02,-0.34,1,imu01,fusion_20260817T182528Z,2007,60441434,482779369304446
482779406000000,60461,-0.674,-0.033,-0.738,-0.03,-0.16,-0.22,1,imu01,fusion_20260817T182528Z,2008,60461430,482779389297891
482779421000000,60481,-0.679,-0.037,-0.728,-0.0,0.2,-0.31,1,imu01,fusion_20260817T182528Z,2009,60481434,482779409299336
482779437000000,60501,-0.682,-0.037,-0.732,-0.4,0.3,-0.36,1,imu01,fusion_20260817T182528Z,2010,60501430,482779429292782
482779468000000,60521,-0.674,-0.036,-0.732,-0.16,0.21,-0.26,1,imu01,fusion_20260817T182528Z,2011,60521434,482779449294226
482779484000000,60541,-0.675,-0.037,-0.733,0.11,0.29,-0.3,1,imu01,fusion_20260817T182528Z,2012,60541430,482779469287672
482779500000000,60561,-0.68,-0.038,-0.735,-0.1,0.05,-0.33,1,imu01,fusion_20260817T182528Z,2013,60561434,482779489289116
482779515000000,60581,-0.674,-0.037,-0.733,0.12,-0.08,-0.16,1,imu01,fusion_20260817T182528Z,2014,60581430,482779509282562
482779546000000,60601,-0.677,-0.033,-0.733,0.03,-0.01,-0.5,1,imu01,fusion_20260817T182528Z,2015,60601434,482779529284006
482779562000000,60621,-0.674,-0.043,-0.735,-0.32,0.06,-0.11,1,imu01,fusion_20260817T182528Z,2016,60621430,482779549277452
482779578000000,60641,-0.676,-0.038,-0.73,-0.34,-0.2,-0.38,1,imu01,fusion_20260817T182528Z,2017,60641434,482779569278896
482779609000000,60661,-0.679,-0.035,-0.732,-0.52,-0.02,-0.42,1,imu01,fusion_20260817T182528Z,2018,60661430,482779589272342
482779625000000,60681,-0.678,-0.035,-0.734,-0.81,-0.59,-0.24,1,imu01,fusion_20260817T182528Z,2019,60681434,482779609273787
482779640000000,60701,-0.677,-0.033,-0.737,0.49,0.14,-0.51,1,imu01,fusion_20260817T182528Z,2020,60701430,482779629267232
482779656000000,60721,-0.679,-0.033,-0.735,0.07,-0.05,-0.35,1,imu01,fusion_20260817T182528Z,2021,60721434,482779649268677
482779687000000,60741,-0.676,-0.034,-0.732,0.0,-0.39,-0.14,1,imu01,fusion_20260817T182528Z,2022,60741430,482779669262122
482779703000000,60761,-0.68,-0.034,-0.737,0.19,0.26,-0.27,1,imu01,fusion_20260817T182528Z,2023,60761434,482779689263567
482779718000000,60781,-0.678,-0.03,-0.726,-0.64,-0.37,-0.19,1,imu01,fusion_20260817T182528Z,2024,60781430,482779709257012
482779750000000,60801,-0.674,-0.036,-0.734,0.03,-0.05,-0.25,1,imu01,fusion_20260817T182528Z,2025,60801434,482779729258457
482779765000000,60821,-0.679,-0.034,-0.74,0.03,-0.07,-0.33,1,imu01,fusion_20260817T182528Z,2026,60821430,482779749251903
482779781000000,60841,-0.674,-0.038,-0.732,0.08,0.27,-0.27,1,imu01,fusion_20260817T182528Z,2027,60841434,482779769253347
482779796000000,60861,-0.677,-0.042,-0.739,-0.74,-0.24,-0.16,1,imu01,fusion_20260817T182528Z,2028,60861430,482779789246793
482779828000000,60881,-0.673,-0.038,-0.735,0.66,0.56,-0.42,1,imu01,fusion_20260817T182528Z,2029,60881434,482779809248237
482779843000000,60901,-0.674,-0.033,-0.729,-0.08,0.02,-0.2,1,imu01,fusion_20260817T182528Z,2030,60901430,482779829241683
482779859000000,60921,-0.676,-0.035,-0.739,0.09,0.37,-0.28,1,imu01,fusion_20260817T182528Z,2031,60921434,482779849243127
482779875000000,60941,-0.675,-0.034,-0.733,-0.3,0.04,-0.31,1,imu01,fusion_20260817T182528Z,2032,60941430,482779869236573
482779906000000,60961,-0.677,-0.037,-0.737,-0.45,-0.15,-0.03,1,imu01,fusion_20260817T182528Z,2033,60961434,482779889238018
482779921000000,60981,-0.676,-0.033,-0.729,0.4,0.35,-0.25,1,imu01,fusion_20260817T182528Z,2034,60981430,482779909231463
482779937000000,61001,-0.677,-0.032,-0.731,0.28,0.34,-0.22,1,imu01,fusion_20260817T182528Z,2035,61001434,482779929232908
482779968000000,61021,-0.675,-0.033,-0.734,0.19,0.34,-0.42,1,imu01,fusion_20260817T182528Z,2036,61021430,482779949226353
482779984000000,61041,-0.677,-0.035,-0.741,-0.27,-0.04,-0.48,1,imu01,fusion_20260817T182528Z,2037,61041434,482779969227798
482780000000000,61061,-0.676,-0.033,-0.73,0.24,0.25,-0.25,1,imu01,fusion_20260817T182528Z,2038,61061430,482779989221243
482780015000000,61081,-0.675,-0.033,-0.736,0.08,0.3,-0.42,1,imu01,fusion_20260817T182528Z,2039,61081434,482780009222688
482780046000000,61101,-0.675,-0.036,-0.737,-0.02,0.02,-0.07,1,imu01,fusion_20260817T182528Z,2040,61101430,482780029216134
482780062000000,61121,-0.675,-0.036,-0.735,0.15,0.42,-0.46,1,imu01,fusion_20260817T182528Z,2041,61121434,482780049217578
482780078000000,61141,-0.676,-0.033,-0.738,0.06,0.43,-0.25,1,imu01,fusion_20260817T182528Z,2042,61141430,482780069211024
482780109000000,61161,-0.673,-0.034,-0.734,0.21,0.14,-0.24,1,imu01,fusion_20260817T182528Z,2043,61161434,482780089212468
482780125000000,61181,-0.675,-0.039,-0.737,-0.07,-0.01,-0.31,1,imu01,fusion_20260817T182528Z,2044,61181430,482780109205914
482780140000000,61201,-0.677,-0.035,-0.731,0.07,0.31,-0.29,1,imu01,fusion_20260817T182528Z,2045,61201434,482780129207358
482780156000000,61221,-0.676,-0.036,-0.729,-0.1,-0.12,-0.47,1,imu01,fusion_20260817T182528Z,2046,61221430,482780149200804
482780187000000,61241,-0.674,-0.038,-0.735,0.19,0.01,-0.23,1,imu01,fusion_20260817T182528Z,2047,61241434,482780169202248
482780203000000,61261,-0.671,-0.036,-0.732,-0.13,-0.02,-0.33,1,imu01,fusion_20260817T182528Z,2048,61261430,482780189195694
482780218000000,61281,-0.675,-0.034,-0.738,-0.81,-0.09,-0.03,1,imu01,fusion_20260817T182528Z,2049,61281434,482780209197139
482780250000000,61301,-0.673,-0.036,-0.734,-0.41,-0.26,-0.16,1,imu01,fusion_20260817T182528Z,2050,61301430,482780229190584
482780265000000,61321,-0.675,-0.036,-0.73,0.34,0.59,-0.48,1,imu01,fusion_20260817T182528Z,2051,61321434,482780249192029
482780281000000,61341,-0.674,-0.035,-0.726,-0.42,-0.24,-0.32,1,imu01,fusion_20260817T182528Z,2052,61341430,482780269185474
482780296000000,61361,-0.674,-0.039,-0.735,0.16,0.46,-0.18,1,imu01,fusion_20260817T182528Z,2053,61361434,482780289186919
482780328000000,61381,-0.677,-0.037,-0.738,0.24,0.17,-0.44,1,imu01,fusion_20260817T182528Z,2054,61381430,482780309180364
482780343000000,61401,-0.674,-0.034,-0.734,0.61,0.55,-0.07,1,imu01,fusion_20260817T182528Z,2055,61401434,482780329181809
482780359000000,61421,-0.674,-0.039,-0.733,-0.29,0.09,-0.29,1,imu01,fusion_20260817T182528Z,2056,61421430,482780349175255
482780375000000,61441,-0.673,-0.039,-0.735,0.08,0.21,-0.41,1,imu01,fusion_20260817T182528Z,2057,61441434,482780369176699
482780406000000,61461,-0.676,-0.035,-0.735,0.54,0.56,-0.26,1,imu01,fusion_20260817T182528Z,2058,61461430,482780389170145
482780421000000,61481,-0.675,-0.035,-0.736,0.03,-0.18,-0.28,1,imu01,fusion_20260817T182528Z,2059,61481434,482780409171589
482780437000000,61501,-0.676,-0.033,-0.736,-0.11,-0.15,-0.04,1,imu01,fusion_20260817T182528Z,2060,61501430,482780429165035
482780468000000,61521,-0.673,-0.029,-0.741,-0.16,0.05,-0.24,1,imu01,fusion_20260817T182528Z,2061,61521434,482780449166479
482780484000000,61541,-0.678,-0.036,-0.735,-0.48,-0.17,-0.3,1,imu01,fusion_20260817T182528Z,2062,61541430,482780469159925
482780500000000,61561,-0.678,-0.038,-0.737,-0.28,-0.03,-0.19,1,imu01,fusion_20260817T182528Z,2063,61561434,482780489161370
482780515000000,61581,-0.677,-0.036,-0.735,0.19,0.27,-0.2,1,imu01,fusion_20260817T182528Z,2064,61581430,482780509154815
482780546000000,61601,-0.672,-0.038,-0.737,0.25,-0.04,-0.08,1,imu01,fusion_20260817T182528Z,2065,61601434,482780529156260
482780562000000,61621,-0.677,-0.039,-0.735,0.39,0.16,-0.34,1,imu01,fusion_20260817T182528Z,2066,61621430,482780549149705
482780578000000,61641,-0.675,-0.036,-0.732,0.19,-0.08,-0.29,1,imu01,fusion_20260817T182528Z,2067,61641434,482780569151150
482780609000000,61661,-0.674,-0.037,-0.739,-0.1,0.46,-0.43,1,imu01,fusion_20260817T182528Z,2068,61661430,482780589144595
482780625000000,61681,-0.674,-0.038,-0.737,0.06,0.12,-0.42,1,imu01,fusion_20260817T182528Z,2069,61681434,482780609146040
482780640000000,61701,-0.681,-0.036,-0.737,-0.06,0.08,-0.25,1,imu01,fusion_20260817T182528Z,2070,61701430,482780629139486
482780656000000,61721,-0.677,-0.032,-0.733,-0.46,0.14,-0.48,1,imu01,fusion_20260817T182528Z,2071,61721434,482780649140930
482780687000000,61741,-0.677,-0.042,-0.731,0.04,0.32,-0.51,1,imu01,fusion_20260817T182528Z,2072,61741430,482780669134376
482780703000000,61761,-0.675,-0.034,-0.727,0.22,0.29,-0.48,1,imu01,fusion_20260817T182528Z,2073,61761434,482780689135820
482780718000000,61781,-0.674,-0.035,-0.735,-0.1,-0.02,-0.38,1,imu01,fusion_20260817T182528Z,2074,61781430,482780709129266
482780750000000,61801,-0.671,-0.038,-0.741,-0.08,0.35,-0.25,1,imu01,fusion_20260817T182528Z,2075,61801434,482780729130710
482780765000000,61821,-0.677,-0.033,-0.739,0.33,-0.02,-0.52,1,imu01,fusion_20260817T182528Z,2076,61821430,482780749124156
482780781000000,61841,-0.676,-0.037,-0.735,0.26,0.17,-0.06,1,imu01,fusion_20260817T182528Z,2077,61841434,482780769125600
482780796000000,61861,-0.677,-0.034,-0.736,-0.2,0.17,-0.25,1,imu01,fusion_20260817T182528Z,2078,61861430,482780789119046
482780828000000,61881,-0.673,-0.037,-0.733,0.13,0.07,-0.11,1,imu01,fusion_20260817T182528Z,2079,61881434,482780809120491
482780843000000,61901,-0.68,-0.037,-0.736,-0.06,0.09,-0.4,1,imu01,fusion_20260817T182528Z,2080,61901430,482780829113936
482780859000000,61921,-0.674,-0.034,-0.73,-0.36,0.16,-0.49,1,imu01,fusion_20260817T182528Z,2081,61921434,482780849115381
482780890000000,61941,-0.678,-0.037,-0.738,0.21,0.05,-0.21,1,imu01,fusion_20260817T182528Z,2082,61941430,482780869108826
482780906000000,61961,-0.677,-0.039,-0.734,0.05,0.24,-0.21,1,imu01,fusion_20260817T182528Z,2083,61961434,482780889110271
482780921000000,61981,-0.673,-0.038,-0.735,-0.07,0.24,-0.13,1,imu01,fusion_20260817T182528Z,2084,61981430,482780909103716
482780937000000,62001,-0.677,-0.038,-0.736,-0.15,0.29,-0.12,1,imu01,fusion_20260817T182528Z,2085,62001434,482780929105161
482780968000000,62021,-0.673,-0.04,-0.734,-0.29,-0.24,-0.27,1,imu01,fusion_20260817T182528Z,2086,62021430,482780949098607
482780984000000,62041,-0.673,-0.034,-0.734,0.19,-0.02,-0.28,1,imu01,fusion_20260817T182528Z,2087,62041434,482780969100051
482781000000000,62061,-0.672,-0.035,-0.732,-0.33,0.14,0.04,1,imu01,fusion_20260817T182528Z,2088,62061430,482780989093497
482781015000000,62081,-0.678,-0.035,-0.734,0.22,0.23,-0.33,1,imu01,fusion_20260817T182528Z,2089,62081434,482781009094941
482781046000000,62101,-0.681,-0.039,-0.734,0.19,0.41,-0.13,1,imu01,fusion_20260817T182528Z,2090,62101430,482781029088387
482781062000000,62121,-0.672,-0.038,-0.727,-0.05,0.41,-0.27,1,imu01,fusion_20260817T182528Z,2091,62121434,482781049089831
482781078000000,62141,-0.674,-0.036,-0.736,0.02,0.13,-0.14,1,imu01,fusion_20260817T182528Z,2092,62141430,482781069083277
482781109000000,62161,-0.674,-0.037,-0.735,0.04,0.2,-0.29,1,imu01,fusion_20260817T182528Z,2093,62161434,482781089084722
482781125000000,62181,-0.675,-0.036,-0.734,-0.1,0.17,0.1,1,imu01,fusion_20260817T182528Z,2094,62181430,482781109078167
482781140000000,62201,-0.675,-0.038,-0.733,0.07,-0.07,-0.32,1,imu01,fusion_20260817T182528Z,2095,62201434,482781129079612
482781156000000,62221,-0.675,-0.034,-0.738,0.13,0.01,-0.08,1,imu01,fusion_20260817T182528Z,2096,62221430,482781149073057
482781187000000,62241,-0.674,-0.035,-0.736,0.04,0.24,-0.24,1,imu01,fusion_20260817T182528Z,2097,62241434,482781169074502
482781203000000,62261,-0.673,-0.039,-0.733,-0.1,0.32,-0.46,1,imu01,fusion_20260817T182528Z,2098,62261430,482781189067947
482781218000000,62281,-0.678,-0.036,-0.74,0.04,0.16,-0.04,1,imu01,fusion_20260817T182528Z,2099,62281434,482781209069392
482781250000000,62301,-0.673,-0.035,-0.742,0.07,-0.08,-0.5,1,imu01,fusion_20260817T182528Z,2100,62301430,482781229062838
482781265000000,62321,-0.673,-0.037,-0.735,0.33,0.03,-0.48,1,imu01,fusion_20260817T182528Z,2101,62321434,482781249064282
482781281000000,62341,-0.678,-0.036,-0.738,-0.16,0.27,-0.38,1,imu01,fusion_20260817T182528Z,2102,62341430,482781269057728
482781296000000,62361,-0.674,-0.039,-0.732,0.14,0.16,-0.22,1,imu01,fusion_20260817T182528Z,2103,62361434,482781289059172
482781328000000,62381,-0.673,-0.038,-0.736,0.18,0.24,-0.31,1,imu01,fusion_20260817T182528Z,2104,62381430,482781309052618
482781343000000,62401,-0.678,-0.034,-0.738,-0.17,0.39,-0.14,1,imu01,fusion_20260817T182528Z,2105,62401434,482781329054062
482781359000000,62421,-0.675,-0.034,-0.736,-0.09,0.07,-0.27,1,imu01,fusion_20260817T182528Z,2106,62421430,482781349047508
482781375000000,62441,-0.672,-0.037,-0.734,0.29,0.54,-0.2,1,imu01,fusion_20260817T182528Z,2107,62441434,482781369048952
482781406000000,62461,-0.676,-0.036,-0.736,-0.1,-0.16,-0.24,1,imu01,fusion_20260817T182528Z,2108,62461430,482781389042398
482781421000000,62481,-0.676,-0.035,-0.732,0.39,0.17,-0.13,1,imu01,fusion_20260817T182528Z,2109,62481434,482781409043843
482781437000000,62501,-0.678,-0.034,-0.734,-0.03,0.47,-0.49,1,imu01,fusion_20260817T182528Z,2110,62501430,482781429037288
482781468000000,62521,-0.677,-0.036,-0.736,0.42,0.59,-0.44,1,imu01,fusion_20260817T182528Z,2111,62521434,482781449038733
482781484000000,62541,-0.673,-0.038,-0.737,0.15,0.21,-0.31,1,imu01,fusion_20260817T182528Z,2112,62541430,482781469032178
482781500000000,62561,-0.674,-0.036,-0.735,-0.36,0.21,-0.38,1,imu01,fusion_20260817T182528Z,2113,62561434,482781489033623
482781515000000,62581,-0.678,-0.036,-0.735,0.02,-0.08,-0.48,1,imu01,fusion_20260817T182528Z,2114,62581430,482781509027068
482781546000000,62601,-0.674,-0.034,-0.745,0.1,0.14,-0.26,1,imu01,fusion_20260817T182528Z,2115,62601434,482781529028513
482781562000000,62621,-0.678,-0.034,-0.732,0.0,0.18,-0.25,1,imu01,fusion_20260817T182528Z,2116,62621430,482781549021959
482781578000000,62641,-0.671,-0.04,-0.739,-0.24,0.34,-0.23,1,imu01,fusion_20260817T182528Z,2117,62641434,482781569023403
482781609000000,62661,-0.678,-0.035,-0.737,0.06,0.01,-0.19,1,imu01,fusion_20260817T182528Z,2118,62661430,482781589016849
482781625000000,62681,-0.675,-0.034,-0.732,0.24,0.34,-0.28,1,imu01,fusion_20260817T182528Z,2119,62681434,482781609018293
482781640000000,62701,-0.677,-0.037,-0.732,0.27,0.27,-0.16,1,imu01,fusion_20260817T182528Z,2120,62701430,482781629011739
482781656000000,62721,-0.674,-0.033,-0.74,0.02,0.15,-0.63,1,imu01,fusion_20260817T182528Z,2121,62721434,482781649013183
482781687000000,62741,-0.674,-0.036,-0.732,-0.15,0.11,-0.21,1,imu01,fusion_20260817T182528Z,2122,62741430,482781669006629
482781703000000,62761,-0.674,-0.036,-0.734,0.02,0.06,-0.29,1,imu01,fusion_20260817T182528Z,2123,62761434,482781689008074
482781718000000,62781,-0.671,-0.042,-0.734,0.16,0.26,-0.28,1,imu01,fusion_20260817T182528Z,2124,62781430,482781709001519
482781750000000,62801,-0.675,-0.039,-0.734,0.17,0.23,-0.27,1,imu01,fusion_20260817T182528Z,2125,62801434,482781729002964
482781765000000,62821,-0.677,-0.036,-0.735,0.03,-0.18,-0.29,1,imu01,fusion_20260817T182528Z,2126,62821430,482781748996409
482781781000000,62841,-0.675,-0.032,-0.732,0.07,0.19,-0.44,1,imu01,fusion_20260817T182528Z,2127,62841434,482781768997854
482781796000000,62861,-0.677,-0.04,-0.734,0.23,-0.18,-0.19,1,imu01,fusion_20260817T182528Z,2128,62861430,482781788991299
482781828000000,62881,-0.671,-0.035,-0.736,0.19,-0.19,-0.31,1,imu01,fusion_20260817T182528Z,2129,62881434,482781808992744
482781843000000,62901,-0.673,-0.038,-0.729,0.26,-0.05,-0.13,1,imu01,fusion_20260817T182528Z,2130,62901430,482781828986190
482781859000000,62921,-0.673,-0.036,-0.741,-0.16,0.1,-0.32,1,imu01,fusion_20260817T182528Z,2131,62921434,482781848987634
482781890000000,62941,-0.674,-0.037,-0.74,-0.1,0.05,-0.29,1,imu01,fusion_20260817T182528Z,2132,62941430,482781868981080
482781906000000,62961,-0.678,-0.033,-0.734,-0.13,0.17,-0.23,1,imu01,fusion_20260817T182528Z,2133,62961434,482781888982524
482781921000000,62981,-0.671,-0.033,-0.734,-0.28,-0.04,-0.1,1,imu01,fusion_20260817T182528Z,2134,62981430,482781908975970
482781937000000,63001,-0.673,-0.032,-0.732,0.02,-0.03,-0.22,1,imu01,fusion_20260817T182528Z,2135,63001434,482781928977414
482781968000000,63021,-0.675,-0.034,-0.736,-0.03,-0.05,-0.15,1,imu01,fusion_20260817T182528Z,2136,63021430,482781948970860
482781984000000,63041,-0.675,-0.036,-0.74,0.22,0.27,-0.35,1,imu01,fusion_20260817T182528Z,2137,63041434,482781968972304
482782000000000,63061,-0.677,-0.037,-0.733,0.09,0.03,-0.22,1,imu01,fusion_20260817T182528Z,2138,63061430,482781988965750
482782015000000,63081,-0.674,-0.034,-0.734,0.03,0.24,-0.35,1,imu01,fusion_20260817T182528Z,2139,63081434,482782008967195
482782046000000,63101,-0.679,-0.04,-0.734,-0.04,0.29,-0.24,1,imu01,fusion_20260817T182528Z,2140,63101430,482782028960640
482782062000000,63121,-0.675,-0.038,-0.742,0.08,0.24,-0.32,1,imu01,fusion_20260817T182528Z,2141,63121434,482782048962085
482782078000000,63141,-0.676,-0.036,-0.737,0.26,0.29,-0.25,1,imu01,fusion_20260817T182528Z,2142,63141430,482782068955530
482782109000000,63161,-0.675,-0.034,-0.737,-0.12,0.13,-0.27,1,imu01,fusion_20260817T182528Z,2143,63161434,482782088956975
482782125000000,63181,-0.68,-0.038,-0.736,-0.09,-0.04,-0.2,1,imu01,fusion_20260817T182528Z,2144,63181430,482782108950420
482782140000000,63201,-0.676,-0.032,-0.735,-0.04,-0.04,-0.23,1,imu01,fusion_20260817T182528Z,2145,63201434,482782128951865
482782156000000,63221,-0.677,-0.034,-0.736,-0.15,0.07,-0.42,1,imu01,fusion_20260817T182528Z,2146,63221430,482782148945311
482782187000000,63241,-0.676,-0.036,-0.738,-0.03,0.13,-0.25,1,imu01,fusion_20260817T182528Z,2147,63241434,482782168946755
482782203000000,63261,-0.675,-0.035,-0.735,0.09,-0.03,-0.13,1,imu01,fusion_20260817T182528Z,2148,63261430,482782188940201
482782218000000,63281,-0.678,-0.038,-0.732,0.02,0.21,-0.29,1,imu01,fusion_20260817T182528Z,2149,63281434,482782208941645
482782250000000,63301,-0.673,-0.037,-0.74,0.04,0.01,-0.19,1,imu01,fusion_20260817T182528Z,2150,63301430,482782228935091
482782265000000,63321,-0.672,-0.035,-0.728,-0.07,-0.02,-0.06,1,imu01,fusion_20260817T182528Z,2151,63321434,482782248936535
482782281000000,63341,-0.675,-0.036,-0.736,-0.13,-0.11,-0.16,1,imu01,fusion_20260817T182528Z,2152,63341430,482782268929981
482782296000000,63361,-0.673,-0.039,-0.736,0.06,0.11,-0.13,1,imu01,fusion_20260817T182528Z,2153,63361434,482782288931426
482782328000000,63381,-0.673,-0.042,-0.726,0.26,-0.05,-0.38,1,imu01,fusion_20260817T182528Z,2154,63381430,482782308924871
482782343000000,63401,-0.676,-0.035,-0.733,-0.23,-0.08,-0.16,1,imu01,fusion_20260817T182528Z,2155,63401434,482782328926316
482782359000000,63421,-0.676,-0.038,-0.737,0.22,-0.14,-0.39,1,imu01,fusion_20260817T182528Z,2156,63421430,482782348919761
482782375000000,63441,-0.678,-0.035,-0.736,0.31,0.24,-0.32,1,imu01,fusion_20260817T182528Z,2157,63441434,482782368921206
482782406000000,63461,-0.674,-0.038,-0.742,-0.01,-0.05,-0.46,1,imu01,fusion_20260817T182528Z,2158,63461430,482782388914651
482782421000000,63481,-0.669,-0.037,-0.739,-0.28,-0.03,-0.36,1,imu01,fusion_20260817T182528Z,2159,63481434,482782408916096
482782437000000,63501,-0.677,-0.031,-0.739,-0.04,0.32,-0.25,1,imu01,fusion_20260817T182528Z,2160,63501430,482782428909541
482782468000000,63521,-0.676,-0.043,-0.727,0.3,0.14,-0.41,1,imu01,fusion_20260817T182528Z,2161,63521434,482782448910986
482782484000000,63541,-0.678,-0.035,-0.739,-0.26,0.05,-0.27,1,imu01,fusion_20260817T182528Z,2162,63541430,482782468904432
482782500000000,63561,-0.673,-0.033,-0.737,-0.13,0.19,-0.22,1,imu01,fusion_20260817T182528Z,2163,63561434,482782488905876
482782515000000,63581,-0.674,-0.034,-0.737,0.06,0.35,-0.09,1,imu01,fusion_20260817T182528Z,2164,63581430,482782508899322
482782546000000,63601,-0.678,-0.038,-0.739,-0.32,-0.05,-0.23,1,imu01,fusion_20260817T182528Z,2165,63601434,482782528900766
482782562000000,63621,-0.676,-0.039,-0.74,0.03,0.39,-0.19,1,imu01,fusion_20260817T182528Z,2166,63621430,482782548894212
482782578000000,63641,-0.673,-0.04,-0.734,0.3,0.01,-0.19,1,imu01,fusion_20260817T182528Z,2167,63641434,482782568895656
482782609000000,63661,-0.675,-0.035,-0.733,-0.25,0.05,-0.26,1,imu01,fusion_20260817T182528Z,2168,63661430,482782588889102
482782625000000,63681,-0.678,-0.036,-0.734,0.02,0.23,-0.31,1,imu01,fusion_20260817T182528Z,2169,63681434,482782608890547
482782640000000,63701,-0.677,-0.037,-0.734,-0.03,-0.1,-0.47,1,imu01,fusion_20260817T182528Z,2170,63701430,482782628883992
482782656000000,63721,-0.675,-0.033,-0.733,-0.08,0.33,-0.33,1,imu01,fusion_20260817T182528Z,2171,63721434,482782648885437
482782687000000,63741,-0.678,-0.038,-0.738,-0.09,0.21,-0.55,1,imu01,fusion_20260817T182528Z,2172,63741430,482782668878882
482782703000000,63761,-0.676,-0.038,-0.739,-0.02,-0.02,-0.32,1,imu01,fusion_20260817T182528Z,2173,63761434,482782688880327
482782718000000,63781,-0.674,-0.037,-0.732,0.15,0.27,-0.44,1,imu01,fusion_20260817T182528Z,2174,63781430,482782708873772
482782750000000,63801,-0.675,-0.035,-0.734,0.19,0.03,-0.29,1,imu01,fusion_20260817T182528Z,2175,63801434,482782728875217
482782765000000,63821,-0.674,-0.034,-0.731,0.23,0.17,-0.09,1,imu01,fusion_20260817T182528Z,2176,63821430,482782748868662
482782781000000,63841,-0.674,-0.034,-0.739,-0.17,-0.13,-0.09,1,imu01,fusion_20260817T182528Z,2177,63841434,482782768870107
482782796000000,63861,-0.674,-0.036,-0.732,-0.18,0.13,-0.46,1,imu01,fusion_20260817T182528Z,2178,63861430,482782788863553
482782828000000,63881,-0.677,-0.039,-0.739,-0.14,0.11,-0.42,1,imu01,fusion_20260817T182528Z,2179,63881434,482782808864997
482782843000000,63901,-0.676,-0.033,-0.741,0.0,0.32,-0.42,1,imu01,fusion_20260817T182528Z,2180,63901430,482782828858443
482782859000000,63921,-0.676,-0.035,-0.724,-0.26,0.24,-0.19,1,imu01,fusion_20260817T182528Z,2181,63921434,482782848859887
482782890000000,63941,-0.678,-0.038,-0.737,-0.11,0.01,-0.46,1,imu01,fusion_20260817T182528Z,2182,63941430,482782868853333
482782906000000,63961,-0.673,-0.035,-0.735,-0.1,0.05,-0.27,1,imu01,fusion_20260817T182528Z,2183,63961434,482782888854777
482782921000000,63981,-0.68,-0.036,-0.734,-0.02,0.06,-0.37,1,imu01,fusion_20260817T182528Z,2184,63981430,482782908848223
482782937000000,64001,-0.673,-0.036,-0.733,0.07,0.08,-0.23,1,imu01,fusion_20260817T182528Z,2185,64001434,482782928849668
482782968000000,64021,-0.678,-0.038,-0.732,0.06,0.23,-0.12,1,imu01,fusion_20260817T182528Z,2186,64021430,482782948843113
482782984000000,64041,-0.674,-0.035,-0.735,0.16,0.27,-0.23,1,imu01,fusion_20260817T182528Z,2187,64041434,482782968844558
482783000000000,64061,-0.676,-0.037,-0.731,-0.34,-0.08,-0.19,1,imu01,fusion_20260817T182528Z,2188,64061430,482782988838003
482783031000000,64081,-0.679,-0.041,-0.729,0.07,0.11,-0.29,1,imu01,fusion_20260817T182528Z,2189,64081434,482783008839448
482783046000000,64101,-0.676,-0.036,-0.73,-0.1,0.42,-0.4,1,imu01,fusion_20260817T182528Z,2190,64101430,482783028832893
482783062000000,64121,-0.673,-0.035,-0.74,0.05,0.29,-0.16,1,imu01,fusion_20260817T182528Z,2191,64121434,482783048834338
482783078000000,64141,-0.674,-0.037,-0.739,-0.26,0.21,-0.28,1,imu01,fusion_20260817T182528Z,2192,64141430,482783068827784
482783109000000,64161,-0.675,-0.037,-0.736,-0.21,0.09,0.05,1,imu01,fusion_20260817T182528Z,2193,64161434,482783088829228
482783125000000,64181,-0.676,-0.037,-0.734,0.02,0.28,-0.5,1,imu01,fusion_20260817T182528Z,2194,64181430,482783108822674
482783140000000,64201,-0.674,-0.036,-0.732,-0.2,0.14,-0.21,1,imu01,fusion_20260817T182528Z,2195,64201434,482783128824118
482783156000000,64221,-0.674,-0.04,-0.734,0.13,-0.0,-0.35,1,imu01,fusion_20260817T182528Z,2196,64221430,482783148817564
482783187000000,64241,-0.679,-0.033,-0.731,-0.17,0.08,-0.22,1,imu01,fusion_20260817T182528Z,2197,64241434,482783168819008
482783203000000,64261,-0.676,-0.039,-0.736,0.35,0.09,-0.11,1,imu01,fusion_20260817T182528Z,2198,64261430,482783188812454
482783218000000,64281,-0.671,-0.042,-0.74,-0.08,0.19,-0.54,1,imu01,fusion_20260817T182528Z,2199,64281434,482783208813898
482783250000000,64301,-0.674,-0.042,-0.736,-0.24,0.15,-0.42,1,imu01,fusion_20260817T182528Z,2200,64301430,482783228807344
482783265000000,64321,-0.677,-0.036,-0.737,-0.06,0.35,-0.06,1,imu01,fusion_20260817T182528Z,2201,64321434,482783248808789
482783281000000,64341,-0.676,-0.038,-0.729,-0.16,0.19,-0.47,1,imu01,fusion_20260817T182528Z,2202,64341430,482783268802234
482783296000000,64361,-0.673,-0.037,-0.739,0.09,-0.02,-0.23,1,imu01,fusion_20260817T182528Z,2203,64361434,482783288803679
482783328000000,64381,-0.675,-0.033,-0.739,-0.03,0.08,-0.27,1,imu01,fusion_20260817T182528Z,2204,64381430,482783308797124
482783343000000,64401,-0.67,-0.035,-0.742,-0.05,0.24,-0.32,1,imu01,fusion_20260817T182528Z,2205,64401434,482783328798569
482783359000000,64421,-0.674,-0.036,-0.736,-0.03,0.06,-0.38,1,imu01,fusion_20260817T182528Z,2206,64421430,482783348792014
482783375000000,64441,-0.677,-0.035,-0.732,0.03,0.08,-0.05,1,imu01,fusion_20260817T182528Z,2207,64441434,482783368793459
482783406000000,64461,-0.675,-0.035,-0.737,0.27,0.4,-0.54,1,imu01,fusion_20260817T182528Z,2208,64461430,482783388786905
482783421000000,64481,-0.674,-0.038,-0.742,0.03,0.1,-0.12,1,imu01,fusion_20260817T182528Z,2209,64481434,482783408788349
482783437000000,64501,-0.671,-0.038,-0.731,-0.08,0.02,-0.08,1,imu01,fusion_20260817T182528Z,2210,64501430,482783428781795
482783468000000,64521,-0.676,-0.031,-0.726,0.1,0.09,-0.25,1,imu01,fusion_20260817T182528Z,2211,64521434,482783448783239
482783484000000,64541,-0.678,-0.037,-0.736,0.17,0.01,-0.34,1,imu01,fusion_20260817T182528Z,2212,64541430,482783468776685
482783500000000,64561,-0.675,-0.037,-0.727,0.02,0.08,-0.46,1,imu01,fusion_20260817T182528Z,2213,64561434,482783488778129
482783515000000,64581,-0.676,-0.038,-0.738,-0.13,0.06,-0.36,1,imu01,fusion_20260817T182528Z,2214,64581430,482783508771575
482783546000000,64601,-0.678,-0.039,-0.734,0.16,0.11,-0.06,1,imu01,fusion_20260817T182528Z,2215,64601434,482783528773020
482783562000000,64621,-0.674,-0.039,-0.733,-0.15,0.14,-0.38,1,imu01,fusion_20260817T182528Z,2216,64621430,482783548766465
482783578000000,64641,-0.674,-0.034,-0.734,-0.03,0.32,-0.09,1,imu01,fusion_20260817T182528Z,2217,64641434,482783568767910
482783609000000,64661,-0.677,-0.037,-0.733,-0.04,0.11,-0.17,1,imu01,fusion_20260817T182528Z,2218,64661430,482783588761355
482783625000000,64681,-0.673,-0.039,-0.732,-0.12,0.33,-0.14,1,imu01,fusion_20260817T182528Z,2219,64681434,482783608762800
482783640000000,64701,-0.679,-0.033,-0.737,0.14,0.42,-0.23,1,imu01,fusion_20260817T182528Z,2220,64701430,482783628756245
482783656000000,64721,-0.678,-0.034,-0.735,-0.16,0.14,-0.13,1,imu01,fusion_20260817T182528Z,2221,64721434,482783648757690
482783687000000,64741,-0.672,-0.034,-0.735,0.1,0.09,-0.2,1,imu01,fusion_20260817T182528Z,2222,64741430,482783668751136
482783703000000,64761,-0.674,-0.034,-0.741,-0.09,0.12,-0.16,1,imu01,fusion_20260817T182528Z,2223,64761434,482783688752580
482783718000000,64781,-0.673,-0.033,-0.733,-0.01,0.07,-0.29,1,imu01,fusion_20260817T182528Z,2224,64781430,482783708746026
482783750000000,64801,-0.678,-0.038,-0.73,0.13,-0.01,-0.27,1,imu01,fusion_20260817T182528Z,2225,64801434,482783728747470
482783765000000,64821,-0.678,-0.029,-0.731,0.15,0.22,-0.26,1,imu01,fusion_20260817T182528Z,2226,64821430,482783748740916
482783781000000,64841,-0.672,-0.037,-0.733,-0.09,-0.08,-0.29,1,imu01,fusion_20260817T182528Z,2227,64841434,482783768742360
482783796000000,64861,-0.674,-0.037,-0.731,-0.18,0.21,-0.34,1,imu01,fusion_20260817T182528Z,2228,64861430,482783788735806
482783828000000,64881,-0.677,-0.032,-0.732,0.05,0.08,-0.48,1,imu01,fusion_20260817T182528Z,2229,64881434,482783808737250
482783843000000,64901,-0.672,-0.039,-0.736,0.04,-0.1,-0.13,1,imu01,fusion_20260817T182528Z,2230,64901430,482783828730696
482783859000000,64921,-0.673,-0.035,-0.731,-0.07,0.33,-0.49,1,imu01,fusion_20260817T182528Z,2231,64921434,482783848732141
482783875000000,64941,-0.681,-0.035,-0.74,-0.07,0.07,-0.19,1,imu01,fusion_20260817T182528Z,2232,64941430,482783868725586
482783906000000,64961,-0.677,-0.036,-0.726,-0.3,-0.18,-0.22,1,imu01,fusion_20260817T182528Z,2233,64961434,482783888727031
482783921000000,64981,-0.675,-0.037,-0.733,-0.13,-0.21,-0.16,1,imu01,fusion_20260817T182528Z,2234,64981430,482783908720476
482783937000000,65001,-0.674,-0.032,-0.736,0.13,-0.08,-0.05,1,imu01,fusion_20260817T182528Z,2235,65001434,482783928721921
482783968000000,65021,-0.677,-0.036,-0.729,0.26,0.38,-0.16,1,imu01,fusion_20260817T182528Z,2236,65021430,482783948715366
482783984000000,65041,-0.676,-0.034,-0.731,-0.25,-0.02,-0.06,1,imu01,fusion_20260817T182528Z,2237,65041434,482783968716811
482784000000000,65061,-0.673,-0.035,-0.733,-0.08,0.16,-0.25,1,imu01,fusion_20260817T182528Z,2238,65061430,482783988710257
482784015000000,65081,-0.677,-0.037,-0.729,-0.03,0.63,-0.19,1,imu01,fusion_20260817T182528Z,2239,65081434,482784008711701
482784046000000,65101,-0.672,-0.035,-0.728,0.25,0.21,-0.09,1,imu01,fusion_20260817T182528Z,2240,65101430,482784028705147
482784062000000,65121,-0.675,-0.031,-0.735,-0.2,0.15,-0.32,1,imu01,fusion_20260817T182528Z,2241,65121434,482784048706591
482784078000000,65141,-0.68,-0.037,-0.734,0.13,0.41,-0.13,1,imu01,fusion_20260817T182528Z,2242,65141430,482784068700037
482784109000000,65161,-0.678,-0.034,-0.733,-0.1,0.12,-0.22,1,imu01,fusion_20260817T182528Z,2243,65161434,482784088701481
482784125000000,65181,-0.677,-0.039,-0.727,0.16,-0.03,-0.29,1,imu01,fusion_20260817T182528Z,2244,65181430,482784108694927
482784140000000,65201,-0.678,-0.032,-0.734,0.04,0.15,-0.41,1,imu01,fusion_20260817T182528Z,2245,65201434,482784128696372
482784156000000,65221,-0.676,-0.036,-0.731,-0.29,0.07,-0.03,1,imu01,fusion_20260817T182528Z,2246,65221430,482784148689817
482784187000000,65241,-0.677,-0.031,-0.729,0.19,0.17,-0.42,1,imu01,fusion_20260817T182528Z,2247,65241434,482784168691262
482784203000000,65261,-0.676,-0.036,-0.736,-0.01,0.11,-0.09,1,imu01,fusion_20260817T182528Z,2248,65261430,482784188684707
482784218000000,65281,-0.675,-0.033,-0.734,0.1,0.1,-0.25,1,imu01,fusion_20260817T182528Z,2249,65281434,482784208686152
482784250000000,65301,-0.677,-0.032,-0.732,0.01,0.18,-0.38,1,imu01,fusion_20260817T182528Z,2250,65301430,482784228679597
482784265000000,65321,-0.674,-0.034,-0.733,0.07,0.07,-0.38,1,imu01,fusion_20260817T182528Z,2251,65321434,482784248681042
482784281000000,65341,-0.675,-0.034,-0.724,0.0,0.21,-0.18,1,imu01,fusion_20260817T182528Z,2252,65341430,482784268674488
482784296000000,65361,-0.676,-0.036,-0.738,0.06,-0.08,-0.25,1,imu01,fusion_20260817T182528Z,2253,65361434,482784288675932
482784328000000,65381,-0.679,-0.036,-0.729,0.04,0.21,-0.29,1,imu01,fusion_20260817T182528Z,2254,65381430,482784308669378
482784343000000,65401,-0.673,-0.035,-0.735,-0.06,-0.06,-0.3,1,imu01,fusion_20260817T182528Z,2255,65401434,482784328670822
482784359000000,65421,-0.678,-0.036,-0.737,-0.1,0.05,-0.23,1,imu01,fusion_20260817T182528Z,2256,65421430,482784348664268
482784375000000,65441,-0.672,-0.039,-0.735,-0.27,-0.02,-0.19,1,imu01,fusion_20260817T182528Z,2257,65441434,482784368665712
482784406000000,65461,-0.673,-0.036,-0.737,0.16,0.38,-0.17,1,imu01,fusion_20260817T182528Z,2258,65461430,482784388659158
482784421000000,65481,-0.674,-0.034,-0.735,-0.13,0.14,-0.17,1,imu01,fusion_20260817T182528Z,2259,65481434,482784408660602
482784437000000,65501,-0.675,-0.036,-0.728,-0.35,0.1,-0.21,1,imu01,fusion_20260817T182528Z,2260,65501430,482784428654048
482784468000000,65521,-0.677,-0.036,-0.733,-0.06,0.19,-0.3,1,imu01,fusion_20260817T182528Z,2261,65521434,482784448655493
482784484000000,65541,-0.679,-0.033,-0.734,0.1,-0.12,-0.19,1,imu01,fusion_20260817T182528Z,2262,65541430,482784468648938
482784500000000,65561,-0.677,-0.037,-0.744,0.03,0.15,-0.17,1,imu01,fusion_20260817T182528Z,2263,65561434,482784488650383
482784515000000,65581,-0.674,-0.033,-0.741,0.13,-0.1,-0.35,1,imu01,fusion_20260817T182528Z,2264,65581430,482784508643828
482784546000000,65601,-0.676,-0.037,-0.737,0.26,0.11,-0.22,1,imu01,fusion_20260817T182528Z,2265,65601434,482784528645273
482784562000000,65621,-0.677,-0.039,-0.733,-0.39,-0.24,-0.4,1,imu01,fusion_20260817T182528Z,2266,65621430,482784548638718
482784578000000,65641,-0.672,-0.038,-0.734,-0.01,0.39,-0.13,1,imu01,fusion_20260817T182528Z,2267,65641434,482784568640163
482784609000000,65661,-0.676,-0.036,-0.738,-0.12,-0.02,-0.24,1,imu01,fusion_20260817T182528Z,2268,65661430,482784588633609
482784625000000,65681,-0.673,-0.034,-0.735,0.06,-0.08,-0.11,1,imu01,fusion_20260817T182528Z,2269,65681434,482784608635053
482784640000000,65701,-0.676,-0.038,-0.742,-0.03,0.26,-0.03,1,imu01,fusion_20260817T182528Z,2270,65701430,482784628628499
482784656000000,65721,-0.675,-0.033,-0.733,-0.48,0.16,-0.19,1,imu01,fusion_20260817T182528Z,2271,65721434,482784648629943
482784687000000,65741,-0.675,-0.037,-0.737,-0.03,0.05,-0.34,1,imu01,fusion_20260817T182528Z,2272,65741430,482784668623389
482784703000000,65761,-0.677,-0.034,-0.727,-0.29,0.11,-0.26,1,imu01,fusion_20260817T182528Z,2273,65761434,482784688624833
482784718000000,65781,-0.672,-0.034,-0.735,-0.42,-0.34,-0.16,1,imu01,fusion_20260817T182528Z,2274,65781430,482784708618279
482784734000000,65801,-0.677,-0.035,-0.735,0.5,0.83,-0.33,1,imu01,fusion_20260817T182528Z,2275,65801434,482784728619724
482784765000000,65821,-0.678,-0.039,-0.735,0.2,0.07,-0.31,1,imu01,fusion_20260817T182528Z,2276,65821430,482784748613169
482784781000000,65841,-0.676,-0.037,-0.735,0.09,0.5,0.01,1,imu01,fusion_20260817T182528Z,2277,65841434,482784768614614
482784796000000,65861,-0.675,-0.035,-0.737,0.42,0.49,-0.25,1,imu01,fusion_20260817T182528Z,2278,65861430,482784788608059
482784828000000,65881,-0.677,-0.033,-0.735,0.34,0.24,-0.24,1,imu01,fusion_20260817T182528Z,2279,65881434,482784808609504
482784843000000,65901,-0.672,-0.037,-0.736,0.35,0.35,-0.33,1,imu01,fusion_20260817T182528Z,2280,65901430,482784828602949
482784859000000,65921,-0.677,-0.037,-0.735,0.18,0.34,-0.15,1,imu01,fusion_20260817T182528Z,2281,65921434,482784848604394
482784875000000,65941,-0.675,-0.035,-0.728,-0.43,-0.62,-0.18,1,imu01,fusion_20260817T182528Z,2282,65941430,482784868597840
482784906000000,65961,-0.677,-0.037,-0.739,0.06,0.21,-0.3,1,imu01,fusion_20260817T182528Z,2283,65961434,482784888599284
482784921000000,65981,-0.672,-0.034,-0.736,0.25,0.3,-0.34,1,imu01,fusion_20260817T182528Z,2284,65981430,482784908592730
482784937000000,66001,-0.677,-0.034,-0.733,-0.25,0.14,-0.57,1,imu01,fusion_20260817T182528Z,2285,66001434,482784928594174
482784968000000,66021,-0.676,-0.034,-0.73,-0.23,0.04,-0.42,1,imu01,fusion_20260817T182528Z,2286,66021430,482784948587620
482784984000000,66041,-0.676,-0.033,-0.731,0.27,0.14,-0.45,1,imu01,fusion_20260817T182528Z,2287,66041434,482784968589064
482785000000000,66061,-0.675,-0.036,-0.731,0.37,0.27,-0.22,1,imu01,fusion_20260817T182528Z,2288,66061430,482784988582510
482785015000000,66081,-0.674,-0.038,-0.73,0.03,0.19,-0.09,1,imu01,fusion_20260817T182528Z,2289,66081434,482785008583954
482785046000000,66101,-0.68,-0.038,-0.733,0.42,0.43,-0.22,1,imu01,fusion_20260817T182528Z,2290,66101430,482785028577400
482785062000000,66121,-0.673,-0.031,-0.741,0.09,0.14,-0.34,1,imu01,fusion_20260817T182528Z,2291,66121434,482785048578845
482785078000000,66141,-0.677,-0.038,-0.735,0.32,0.3,-0.24,1,imu01,fusion_20260817T182528Z,2292,66141430,482785068572290
482785109000000,66161,-0.68,-0.037,-0.73,0.14,0.25,-0.21,1,imu01,fusion_20260817T182528Z,2293,66161434,482785088573735
482785125000000,66181,-0.677,-0.035,-0.738,0.07,0.24,-0.03,1,imu01,fusion_20260817T182528Z,2294,66181430,482785108567180
482785140000000,66201,-0.675,-0.033,-0.732,-0.12,0.01,-0.3,1,imu01,fusion_20260817T182528Z,2295,66201434,482785128568625
482785156000000,66221,-0.668,-0.036,-0.732,0.08,0.06,-0.23,1,imu01,fusion_20260817T182528Z,2296,66221430,482785148562070
482785187000000,66241,-0.676,-0.034,-0.733,0.16,-0.05,-0.3,1,imu01,fusion_20260817T182528Z,2297,66241434,482785168563515
482785203000000,66261,-0.675,-0.035,-0.741,-0.29,-0.03,-0.21,1,imu01,fusion_20260817T182528Z,2298,66261430,482785188556961
482785218000000,66281,-0.677,-0.033,-0.74,-0.03,0.23,-0.22,1,imu01,fusion_20260817T182528Z,2299,66281434,482785208558405
482785250000000,66301,-0.676,-0.034,-0.739,0.0,-0.04,-0.17,1,imu01,fusion_20260817T182528Z,2300,66301430,482785228551851
482785265000000,66321,-0.675,-0.038,-0.733,-0.0,0.11,-0.09,1,imu01,fusion_20260817T182528Z,2301,66321434,482785248553295
482785281000000,66341,-0.676,-0.039,-0.737,-0.14,0.25,-0.14,1,imu01,fusion_20260817T182528Z,2302,66341430,482785268546741
482785296000000,66361,-0.676,-0.035,-0.737,-0.21,0.21,-0.27,1,imu01,fusion_20260817T182528Z,2303,66361434,482785288548185
482785328000000,66381,-0.674,-0.038,-0.739,-0.31,0.05,-0.51,1,imu01,fusion_20260817T182528Z,2304,66381430,482785308541631
482785343000000,66401,-0.676,-0.041,-0.733,-0.0,0.26,-0.38,1,imu01,fusion_20260817T182528Z,2305,66401434,482785328543076
482785359000000,66421,-0.676,-0.033,-0.739,0.26,0.12,-0.24,1,imu01,fusion_20260817T182528Z,2306,66421430,482785348536521
482785390000000,66441,-0.68,-0.035,-0.739,-0.22,0.03,-0.25,1,imu01,fusion_20260817T182528Z,2307,66441434,482785368537966
482785406000000,66461,-0.677,-0.038,-0.737,0.22,-0.03,-0.35,1,imu01,fusion_20260817T182528Z,2308,66461430,482785388531411
482785421000000,66481,-0.675,-0.035,-0.738,0.43,0.36,-0.22,1,imu01,fusion_20260817T182528Z,2309,66481434,482785408532856
482785437000000,66501,-0.675,-0.034,-0.733,-0.02,0.34,-0.41,1,imu01,fusion_20260817T182528Z,2310,66501430,482785428526301
482785468000000,66521,-0.674,-0.037,-0.736,-0.49,0.02,-0.32,1,imu01,fusion_20260817T182528Z,2311,66521434,482785448527746
482785484000000,66541,-0.675,-0.036,-0.734,-0.36,-0.32,-0.54,1,imu01,fusion_20260817T182528Z,2312,66541430,482785468521192
482785500000000,66561,-0.68,-0.039,-0.729,-1.1,-0.74,-0.25,1,imu01,fusion_20260817T182528Z,2313,66561434,482785488522636
482785515000000,66581,-0.676,-0.033,-0.731,-0.58,-0.18,-0.14,1,imu01,fusion_20260817T182528Z,2314,66581430,482785508516082
482785546000000,66601,-0.675,-0.034,-0.729,0.06,0.08,-0.32,1,imu01,fusion_20260817T182528Z,2315,66601434,482785528517526
482785562000000,66621,-0.675,-0.041,-0.739,0.82,0.69,-0.53,1,imu01,fusion_20260817T182528Z,2316,66621430,482785548510972
482785578000000,66641,-0.682,-0.033,-0.738,-0.16,0.04,-0.43,1,imu01,fusion_20260817T182528Z,2317,66641434,482785568512416
482785609000000,66661,-0.677,-0.037,-0.733,0.02,-0.23,-0.34,1,imu01,fusion_20260817T182528Z,2318,66661430,482785588505862
482785625000000,66681,-0.676,-0.037,-0.735,0.03,0.66,-0.32,1,imu01,fusion_20260817T182528Z,2319,66681434,482785608507306
482785640000000,66701,-0.678,-0.036,-0.735,-0.2,0.03,-0.15,1,imu01,fusion_20260817T182528Z,2320,66701430,482785628500752
482785656000000,66721,-0.674,-0.034,-0.733,-0.16,-0.28,-0.43,1,imu01,fusion_20260817T182528Z,2321,66721434,482785648502197
482785687000000,66741,-0.674,-0.034,-0.734,-0.03,0.08,-0.32,1,imu01,fusion_20260817T182528Z,2322,66741430,482785668495642
482785703000000,66761,-0.674,-0.037,-0.736,-0.77,-0.24,-0.17,1,imu01,fusion_20260817T182528Z,2323,66761434,482785688497087
482785718000000,66781,-0.678,-0.036,-0.736,0.43,0.53,-0.19,1,imu01,fusion_20260817T182528Z,2324,66781430,482785708490532
482785750000000,66801,-0.675,-0.037,-0.734,0.45,0.36,-0.3,1,imu01,fusion_20260817T182528Z,2325,66801434,482785728491977
482785765000000,66821,-0.676,-0.036,-0.734,0.21,0.08,-0.09,1,imu01,fusion_20260817T182528Z,2326,66821430,482785748485422
482785781000000,66841,-0.676,-0.038,-0.731,0.1,0.21,-0.19,1,imu01,fusion_20260817T182528Z,2327,66841434,482785768486867
482785796000000,66861,-0.675,-0.035,-0.729,-0.42,0.17,-0.03,1,imu01,fusion_20260817T182528Z,2328,66861430,482785788480313
482785828000000,66881,-0.671,-0.034,-0.732,0.42,0.4,-0.08,1,imu01,fusion_20260817T182528Z,2329,66881434,482785808481757
482785843000000,66901,-0.67,-0.04,-0.732,-0.09,0.3,-0.24,1,imu01,fusion_20260817T182528Z,2330,66901430,482785828475203
482785859000000,66921,-0.674,-0.034,-0.732,-0.08,-0.09,-0.13,1,imu01,fusion_20260817T182528Z,2331,66921434,482785848476647
482785890000000,66941,-0.679,-0.035,-0.733,0.25,0.09,-0.14,1,imu01,fusion_20260817T182528Z,2332,66941430,482785868470093
482785906000000,66961,-0.679,-0.032,-0.731,0.18,0.03,-0.43,1,imu01,fusion_20260817T182528Z,2333,66961434,482785888471537
482785921000000,66981,-0.675,-0.036,-0.732,-0.12,0.1,0.0,1,imu01,fusion_20260817T182528Z,2334,66981430,482785908464983
482785937000000,67001,-0.675,-0.035,-0.737,-0.68,-0.12,-0.14,1,imu01,fusion_20260817T182528Z,2335,67001434,482785928466428
482785968000000,67021,-0.672,-0.039,-0.731,0.08,0.26,0.19,1,imu01,fusion_20260817T182528Z,2336,67021430,482785948459873
482785984000000,67041,-0.678,-0.036,-0.737,-0.01,0.01,-0.23,1,imu01,fusion_20260817T182528Z,2337,67041434,482785968461318
482786000000000,67061,-0.669,-0.039,-0.729,-0.03,0.43,-0.0,1,imu01,fusion_20260817T182528Z,2338,67061430,482785988454763
482786015000000,67081,-0.673,-0.035,-0.734,0.03,0.21,-0.61,1,imu01,fusion_20260817T182528Z,2339,67081434,482786008456208
482786046000000,67101,-0.676,-0.039,-0.735,-0.33,0.05,-0.23,1,imu01,fusion_20260817T182528Z,2340,67101430,482786028449653
482786062000000,67121,-0.674,-0.038,-0.734,-0.18,-0.0,-0.38,1,imu01,fusion_20260817T182528Z,2341,67121434,482786048451098
482786078000000,67141,-0.675,-0.036,-0.733,-0.07,-0.36,-0.42,1,imu01,fusion_20260817T182528Z,2342,67141430,482786068444544
482786109000000,67161,-0.678,-0.033,-0.734,-0.02,0.01,0.1,1,imu01,fusion_20260817T182528Z,2343,67161434,482786088445988
482786125000000,67181,-0.676,-0.034,-0.736,-0.57,-0.53,-0.19,1,imu01,fusion_20260817T182528Z,2344,67181430,482786108439434
482786140000000,67201,-0.679,-0.034,-0.739,-0.63,-0.34,-0.18,1,imu01,fusion_20260817T182528Z,2345,67201434,482786128440878
482786156000000,67221,-0.674,-0.037,-0.735,0.57,0.25,-0.25,1,imu01,fusion_20260817T182528Z,2346,67221430,482786148434324
482786187000000,67241,-0.676,-0.035,-0.733,-0.32,-0.29,0.01,1,imu01,fusion_20260817T182528Z,2347,67241434,482786168435768
482786203000000,67261,-0.68,-0.036,-0.738,0.43,0.3,-0.45,1,imu01,fusion_20260817T182528Z,2348,67261430,482786188429214
482786218000000,67281,-0.678,-0.032,-0.737,0.33,0.26,-0.19,1,imu01,fusion_20260817T182528Z,2349,67281434,482786208430658
482786250000000,67301,-0.677,-0.035,-0.732,0.12,0.46,-0.14,1,imu01,fusion_20260817T182528Z,2350,67301430,482786228424104
482786265000000,67321,-0.671,-0.04,-0.731,0.15,0.37,-0.17,1,imu01,fusion_20260817T182528Z,2351,67321434,482786248425549
482786281000000,67341,-0.676,-0.039,-0.737,-0.01,0.05,-0.46,1,imu01,fusion_20260817T182528Z,2352,67341430,482786268418994
482786296000000,67361,-0.671,-0.039,-0.74,0.22,0.13,-0.48,1,imu01,fusion_20260817T182528Z,2353,67361434,482786288420439
482786328000000,67381,-0.676,-0.033,-0.734,-0.26,-0.02,-0.01,1,imu01,fusion_20260817T182528Z,2354,67381430,482786308413884
482786343000000,67401,-0.674,-0.036,-0.734,-0.2,0.29,0.03,1,imu01,fusion_20260817T182528Z,2355,67401434,482786328415329
482786359000000,67421,-0.674,-0.036,-0.738,-0.37,-0.2,-0.38,1,imu01,fusion_20260817T182528Z,2356,67421430,482786348408774
482786390000000,67441,-0.674,-0.03,-0.738,0.33,0.09,-0.19,1,imu01,fusion_20260817T182528Z,2357,67441434,482786368410219
482786406000000,67461,-0.676,-0.031,-0.731,-0.24,0.34,-0.23,1,imu01,fusion_20260817T182528Z,2358,67461430,482786388403665
482786421000000,67481,-0.675,-0.035,-0.736,-0.38,-0.15,-0.16,1,imu01,fusion_20260817T182528Z,2359,67481434,482786408405109
482786437000000,67501,-0.676,-0.033,-0.736,0.46,0.23,-0.22,1,imu01,fusion_20260817T182528Z,2360,67501430,482786428398555
482786468000000,67521,-0.678,-0.034,-0.729,-0.18,0.3,-0.26,1,imu01,fusion_20260817T182528Z,2361,67521434,482786448399999
482786484000000,67541,-0.677,-0.035,-0.735,0.28,0.17,-0.36,1,imu01,fusion_20260817T182528Z,2362,67541430,482786468393445
482786500000000,67561,-0.675,-0.04,-0.734,-0.28,0.11,-0.41,1,imu01,fusion_20260817T182528Z,2363,67561434,482786488394889
482786515000000,67581,-0.676,-0.033,-0.736,0.48,0.27,-0.12,1,imu01,fusion_20260817T182528Z,2364,67581430,482786508388335
482786546000000,67601,-0.676,-0.032,-0.732,-0.05,0.08,-0.25,1,imu01,fusion_20260817T182528Z,2365,67601434,482786528389780
482786562000000,67621,-0.677,-0.04,-0.738,0.3,0.14,-0.38,1,imu01,fusion_20260817T182528Z,2366,67621430,482786548383225
482786578000000,67641,-0.676,-0.037,-0.736,-0.3,-0.19,-0.32,1,imu01,fusion_20260817T182528Z,2367,67641434,482786568384670
482786609000000,67661,-0.675,-0.035,-0.728,-0.15,-0.15,-0.42,1,imu01,fusion_20260817T182528Z,2368,67661430,482786588378115
482786625000000,67681,-0.675,-0.036,-0.731,0.38,0.37,-0.32,1,imu01,fusion_20260817T182528Z,2369,67681434,482786608379560
482786640000000,67701,-0.678,-0.035,-0.731,0.09,0.14,-0.29,1,imu01,fusion_20260817T182528Z,2370,67701430,482786628373005
482786656000000,67721,-0.674,-0.03,-0.73,-0.27,0.22,-0.08,1,imu01,fusion_20260817T182528Z,2371,67721434,482786648374450
482786687000000,67741,-0.676,-0.038,-0.741,0.17,0.14,-0.16,1,imu01,fusion_20260817T182528Z,2372,67741430,482786668367896
482786703000000,67761,-0.677,-0.036,-0.73,0.33,0.43,-0.24,1,imu01,fusion_20260817T182528Z,2373,67761434,482786688369340
482786718000000,67781,-0.673,-0.036,-0.727,-0.9,-0.47,-0.2,1,imu01,fusion_20260817T182528Z,2374,67781430,482786708362786
482786750000000,67801,-0.676,-0.036,-0.731,0.19,0.38,-0.27,1,imu01,fusion_20260817T182528Z,2375,67801434,482786728364230
482786765000000,67821,-0.677,-0.036,-0.74,-0.19,-0.12,-0.26,1,imu01,fusion_20260817T182528Z,2376,67821430,482786748357676
482786781000000,67841,-0.675,-0.032,-0.732,-0.14,0.13,-0.25,1,imu01,fusion_20260817T182528Z,2377,67841434,482786768359120
482786796000000,67861,-0.674,-0.037,-0.732,0.2,0.19,-0.24,1,imu01,fusion_20260817T182528Z,2378,67861430,482786788352566
482786828000000,67881,-0.681,-0.038,-0.738,0.47,-0.0,-0.48,1,imu01,fusion_20260817T182528Z,2379,67881434,482786808354010
482786843000000,67901,-0.676,-0.038,-0.73,-0.02,0.07,-0.36,1,imu01,fusion_20260817T182528Z,2380,67901430,482786828347456
482786859000000,67921,-0.674,-0.038,-0.732,-0.36,0.08,-0.42,1,imu01,fusion_20260817T182528Z,2381,67921434,482786848348901
482786875000000,67941,-0.676,-0.035,-0.733,-0.32,-0.1,-0.39,1,imu01,fusion_20260817T182528Z,2382,67941430,482786868342346
482786906000000,67961,-0.678,-0.04,-0.734,0.08,0.13,-0.24,1,imu01,fusion_20260817T182528Z,2383,67961434,482786888343791
482786921000000,67981,-0.675,-0.036,-0.731,-0.0,0.12,-0.38,1,imu01,fusion_20260817T182528Z,2384,67981430,482786908337236
482786937000000,68001,-0.676,-0.038,-0.738,-0.32,0.12,-0.25,1,imu01,fusion_20260817T182528Z,2385,68001434,482786928338681
482786968000000,68021,-0.673,-0.038,-0.735,-0.01,0.06,-0.21,1,imu01,fusion_20260817T182528Z,2386,68021430,482786948332126
482786984000000,68041,-0.678,-0.036,-0.732,0.67,0.35,-0.38,1,imu01,fusion_20260817T182528Z,2387,68041434,482786968333571
482787000000000,68061,-0.67,-0.038,-0.732,0.07,-0.06,-0.31,1,imu01,fusion_20260817T182528Z,2388,68061430,482786988327016
482787015000000,68081,-0.676,-0.037,-0.734,-0.71,-0.37,-0.31,1,imu01,fusion_20260817T182528Z,2389,68081434,482787008328461
482787046000000,68101,-0.678,-0.035,-0.728,0.1,0.05,-0.29,1,imu01,fusion_20260817T182528Z,2390,68101430,482787028321907
482787062000000,68121,-0.678,-0.035,-0.736,-0.12,-0.18,-0.22,1,imu01,fusion_20260817T182528Z,2391,68121434,482787048323351
482787078000000,68141,-0.674,-0.034,-0.735,-0.53,-0.24,0.01,1,imu01,fusion_20260817T182528Z,2392,68141430,482787068316797
482787109000000,68161,-0.674,-0.035,-0.738,0.41,-0.07,-0.13,1,imu01,fusion_20260817T182528Z,2393,68161434,482787088318241
482787125000000,68181,-0.677,-0.04,-0.735,-0.18,-0.3,-0.43,1,imu01,fusion_20260817T182528Z,2394,68181430,482787108311687
482787140000000,68201,-0.674,-0.036,-0.741,-0.42,-0.14,-0.09,1,imu01,fusion_20260817T182528Z,2395,68201434,482787128313132
482787156000000,68221,-0.674,-0.034,-0.738,-0.59,-0.32,-0.43,1,imu01,fusion_20260817T182528Z,2396,68221430,482787148306577
482787187000000,68241,-0.674,-0.039,-0.729,0.64,0.79,-0.45,1,imu01,fusion_20260817T182528Z,2397,68241434,482787168308022
482787203000000,68261,-0.674,-0.035,-0.738,0.09,0.36,-0.25,1,imu01,fusion_20260817T182528Z,2398,68261430,482787188301467
482787218000000,68281,-0.676,-0.036,-0.732,-0.16,0.08,-0.26,1,imu01,fusion_20260817T182528Z,2399,68281434,482787208302912
482787250000000,68301,-0.674,-0.037,-0.73,0.6,0.35,-0.18,1,imu01,fusion_20260817T182528Z,2400,68301430,482787228296357
482787265000000,68321,-0.672,-0.036,-0.734,-0.31,-0.52,-0.5,1,imu01,fusion_20260817T182528Z,2401,68321434,482787248297802
482787281000000,68341,-0.677,-0.039,-0.739,0.13,0.32,-0.25,1,imu01,fusion_20260817T182528Z,2402,68341430,482787268291247
482787296000000,68361,-0.673,-0.041,-0.736,0.37,0.12,-0.27,1,imu01,fusion_20260817T182528Z,2403,68361434,482787288292692
482787328000000,68381,-0.678,-0.035,-0.731,0.22,0.26,-0.2,1,imu01,fusion_20260817T182528Z,2404,68381430,482787308286138
482787343000000,68401,-0.674,-0.035,-0.73,-0.16,0.12,-0.13,1,imu01,fusion_20260817T182528Z,2405,68401434,482787328287582
482787359000000,68421,-0.675,-0.032,-0.74,0.27,0.25,-0.11,1,imu01,fusion_20260817T182528Z,2406,68421430,482787348281028
482787390000000,68441,-0.676,-0.038,-0.731,0.03,0.23,-0.38,1,imu01,fusion_20260817T182528Z,2407,68441434,482787368282472
482787406000000,68461,-0.677,-0.038,-0.742,0.2,0.2,-0.21,1,imu01,fusion_20260817T182528Z,2408,68461430,482787388275918
482787421000000,68481,-0.677,-0.039,-0.733,0.01,-0.21,-0.23,1,imu01,fusion_20260817T182528Z,2409,68481434,482787408277362
482787437000000,68501,-0.674,-0.041,-0.735,0.16,0.11,-0.29,1,imu01,fusion_20260817T182528Z,2410,68501430,482787428270808
482787468000000,68521,-0.672,-0.036,-0.731,0.38,0.33,-0.19,1,imu01,fusion_20260817T182528Z,2411,68521434,482787448272253
482787484000000,68541,-0.678,-0.038,-0.734,0.07,-0.17,-0.05,1,imu01,fusion_20260817T182528Z,2412,68541430,482787468265698
482787500000000,68561,-0.675,-0.031,-0.73,-0.01,-0.06,-0.38,1,imu01,fusion_20260817T182528Z,2413,68561434,482787488267143
482787515000000,68581,-0.676,-0.034,-0.733,-0.23,-0.03,-0.25,1,imu01,fusion_20260817T182528Z,2414,68581430,482787508260588
482787546000000,68601,-0.674,-0.036,-0.738,-0.07,0.2,-0.47,1,imu01,fusion_20260817T182528Z,2415,68601434,482787528262033
482787562000000,68621,-0.671,-0.037,-0.738,-0.2,0.08,-0.24,1,imu01,fusion_20260817T182528Z,2416,68621430,482787548255478
482787578000000,68641,-0.676,-0.035,-0.733,0.0,0.39,-0.27,1,imu01,fusion_20260817T182528Z,2417,68641434,482787568256923
482787609000000,68661,-0.674,-0.034,-0.737,0.33,0.16,-0.37,1,imu01,fusion_20260817T182528Z,2418,68661430,482787588250368
482787625000000,68681,-0.673,-0.04,-0.736,0.15,0.21,-0.22,1,imu01,fusion_20260817T182528Z,2419,68681434,482787608251813
482787640000000,68701,-0.674,-0.035,-0.734,-0.03,-0.12,-0.22,1,imu01,fusion_20260817T182528Z,2420,68701430,482787628245259
482787656000000,68721,-0.675,-0.038,-0.739,0.03,0.08,-0.26,1,imu01,fusion_20260817T182528Z,2421,68721434,482787648246703
482787687000000,68741,-0.672,-0.036,-0.727,-0.23,0.08,-0.22,1,imu01,fusion_20260817T182528Z,2422,68741430,482787668240149
482787703000000,68761,-0.679,-0.032,-0.738,-0.23,0.21,-0.14,1,imu01,fusion_20260817T182528Z,2423,68761434,482787688241593
482787718000000,68781,-0.681,-0.03,-0.741,-0.2,-0.13,-0.32,1,imu01,fusion_20260817T182528Z,2424,68781430,482787708235039
482787750000000,68801,-0.678,-0.033,-0.735,0.5,0.4,-0.29,1,imu01,fusion_20260817T182528Z,2425,68801434,482787728236483
482787765000000,68821,-0.672,-0.033,-0.736,0.21,0.21,-0.32,1,imu01,fusion_20260817T182528Z,2426,68821430,482787748229929
482787781000000,68841,-0.674,-0.032,-0.737,-0.98,-0.08,-0.2,1,imu01,fusion_20260817T182528Z,2427,68841434,482787768231374
482787796000000,68861,-0.681,-0.04,-0.73,-0.19,-0.07,-0.38,1,imu01,fusion_20260817T182528Z,2428,68861430,482787788224819
482787828000000,68881,-0.679,-0.036,-0.728,-0.15,0.08,-0.09,1,imu01,fusion_20260817T182528Z,2429,68881434,482787808226264
482787843000000,68901,-0.677,-0.034,-0.731,0.54,0.5,-0.38,1,imu01,fusion_20260817T182528Z,2430,68901430,482787828219709
482787859000000,68921,-0.674,-0.035,-0.735,-0.02,0.11,-0.6,1,imu01,fusion_20260817T182528Z,2431,68921434,482787848221154
482787890000000,68941,-0.675,-0.037,-0.733,0.1,0.17,-0.42,1,imu01,fusion_20260817T182528Z,2432,68941430,482787868214599
482787906000000,68961,-0.675,-0.036,-0.734,0.4,0.45,-0.39,1,imu01,fusion_20260817T182528Z,2433,68961434,482787888216044
482787921000000,68981,-0.673,-0.036,-0.729,-0.25,-0.0,-0.24,1,imu01,fusion_20260817T182528Z,2434,68981430,482787908209490
482787937000000,69001,-0.674,-0.031,-0.738,0.15,0.27,-0.52,1,imu01,fusion_20260817T182528Z,2435,69001434,482787928210934
482787968000000,69021,-0.675,-0.033,-0.739,-0.14,0.1,0.11,1,imu01,fusion_20260817T182528Z,2436,69021430,482787948204380
482787984000000,69041,-0.676,-0.039,-0.731,-0.13,0.11,-0.15,1,imu01,fusion_20260817T182528Z,2437,69041434,482787968205824
482788000000000,69061,-0.673,-0.038,-0.738,-0.15,-0.03,-0.24,1,imu01,fusion_20260817T182528Z,2438,69061430,482787988199270
482788015000000,69081,-0.669,-0.037,-0.736,-0.01,0.25,-0.42,1,imu01,fusion_20260817T182528Z,2439,69081434,482788008200714
482788046000000,69101,-0.672,-0.038,-0.738,-0.03,0.17,-0.3,1,imu01,fusion_20260817T182528Z,2440,69101430,482788028194160
482788062000000,69121,-0.674,-0.034,-0.734,-0.01,0.13,-0.28,1,imu01,fusion_20260817T182528Z,2441,69121434,482788048195604
482788078000000,69141,-0.677,-0.032,-0.735,0.47,0.09,-0.51,1,imu01,fusion_20260817T182528Z,2442,69141430,482788068189050
482788109000000,69161,-0.674,-0.033,-0.725,-0.25,-0.12,-0.19,1,imu01,fusion_20260817T182528Z,2443,69161434,482788088190495
482788125000000,69181,-0.673,-0.036,-0.738,-0.07,0.17,-0.12,1,imu01,fusion_20260817T182528Z,2444,69181430,482788108183940
482788140000000,69201,-0.676,-0.037,-0.728,0.39,0.53,-0.21,1,imu01,fusion_20260817T182528Z,2445,69201434,482788128185385
482788156000000,69221,-0.677,-0.04,-0.736,-0.03,0.21,-0.45,1,imu01,fusion_20260817T182528Z,2446,69221430,482788148178830
482788187000000,69241,-0.673,-0.036,-0.74,-0.13,0.2,-0.23,1,imu01,fusion_20260817T182528Z,2447,69241434,482788168180275
482788203000000,69261,-0.674,-0.033,-0.736,0.09,0.27,-0.16,1,imu01,fusion_20260817T182528Z,2448,69261430,482788188173720
482788218000000,69281,-0.677,-0.035,-0.735,-0.24,0.13,-0.16,1,imu01,fusion_20260817T182528Z,2449,69281434,482788208175165
482788250000000,69301,-0.673,-0.039,-0.739,-0.21,0.05,-0.26,1,imu01,fusion_20260817T182528Z,2450,69301430,482788228168611
482788265000000,69321,-0.674,-0.032,-0.736,0.08,0.07,-0.32,1,imu01,fusion_20260817T182528Z,2451,69321434,482788248170055
482788281000000,69341,-0.673,-0.037,-0.726,-0.25,0.11,-0.2,1,imu01,fusion_20260817T182528Z,2452,69341430,482788268163501
482788296000000,69361,-0.674,-0.034,-0.739,0.14,0.16,-0.12,1,imu01,fusion_20260817T182528Z,2453,69361434,482788288164945
482788328000000,69381,-0.675,-0.037,-0.728,0.09,0.28,-0.29,1,imu01,fusion_20260817T182528Z,2454,69381430,482788308158391
482788343000000,69401,-0.674,-0.038,-0.741,-0.2,0.18,-0.05,1,imu01,fusion_20260817T182528Z,2455,69401434,482788328159835
482788359000000,69421,-0.674,-0.035,-0.73,0.26,0.04,-0.19,1,imu01,fusion_20260817T182528Z,2456,69421430,482788348153281
482788390000000,69441,-0.675,-0.032,-0.736,-0.02,-0.19,-0.28,1,imu01,fusion_20260817T182528Z,2457,69441434,482788368154726
482788406000000,69461,-0.676,-0.036,-0.733,-0.12,0.15,-0.24,1,imu01,fusion_20260817T182528Z,2458,69461430,482788388148171
482788421000000,69481,-0.676,-0.031,-0.731,-0.16,-0.05,-0.22,1,imu01,fusion_20260817T182528Z,2459,69481434,482788408149616
482788437000000,69501,-0.676,-0.034,-0.734,-0.06,0.14,-0.48,1,imu01,fusion_20260817T182528Z,2460,69501430,482788428143061
482788468000000,69521,-0.674,-0.035,-0.735,-0.29,0.07,-0.18,1,imu01,fusion_20260817T182528Z,2461,69521434,482788448144506
482788484000000,69541,-0.675,-0.038,-0.739,0.0,0.28,-0.45,1,imu01,fusion_20260817T182528Z,2462,69541430,482788468137951
482788500000000,69561,-0.679,-0.035,-0.736,0.01,0.11,-0.25,1,imu01,fusion_20260817T182528Z,2463,69561434,482788488139396
482788515000000,69581,-0.672,-0.037,-0.739,-0.11,-0.11,-0.31,1,imu01,fusion_20260817T182528Z,2464,69581430,482788508132842
482788546000000,69601,-0.678,-0.036,-0.744,0.02,-0.08,-0.45,1,imu01,fusion_20260817T182528Z,2465,69601434,482788528134286
482788562000000,69621,-0.676,-0.031,-0.732,0.15,-0.05,-0.25,1,imu01,fusion_20260817T182528Z,2466,69621430,482788548127732
482788578000000,69641,-0.677,-0.03,-0.743,-0.34,-0.18,-0.34,1,imu01,fusion_20260817T182528Z,2467,69641434,482788568129176
482788609000000,69661,-0.676,-0.035,-0.743,-0.04,0.14,-0.13,1,imu01,fusion_20260817T182528Z,2468,69661430,482788588122622
482788625000000,69681,-0.674,-0.036,-0.733,-0.73,-0.7,-0.03,1,imu01,fusion_20260817T182528Z,2469,69681434,482788608124066
482788640000000,69701,-0.677,-0.033,-0.737,-0.23,0.09,-0.26,1,imu01,fusion_20260817T182528Z,2470,69701430,482788628117512
482788656000000,69721,-0.679,-0.039,-0.734,-0.13,0.17,-0.37,1,imu01,fusion_20260817T182528Z,2471,69721434,482788648118956
482788687000000,69741,-0.676,-0.036,-0.737,-0.03,0.08,-0.25,1,imu01,fusion_20260817T182528Z,2472,69741430,482788668112402
482788703000000,69761,-0.676,-0.035,-0.739,0.19,-0.11,-0.32,1,imu01,fusion_20260817T182528Z,2473,69761434,482788688113847
482788718000000,69781,-0.679,-0.037,-0.741,0.06,-0.12,-0.21,1,imu01,fusion_20260817T182528Z,2474,69781430,482788708107292
482788750000000,69801,-0.678,-0.034,-0.737,0.68,0.13,-0.22,1,imu01,fusion_20260817T182528Z,2475,69801434,482788728108737
482788765000000,69821,-0.671,-0.035,-0.732,-0.1,0.13,-0.18,1,imu01,fusion_20260817T182528Z,2476,69821430,482788748102182
482788781000000,69841,-0.674,-0.034,-0.726,0.53,0.29,-0.34,1,imu01,fusion_20260817T182528Z,2477,69841434,482788768103627
482788796000000,69861,-0.678,-0.036,-0.734,0.12,-0.12,-0.14,1,imu01,fusion_20260817T182528Z,2478,69861430,482788788097072
482788828000000,69881,-0.676,-0.036,-0.736,0.3,-0.06,-0.3,1,imu01,fusion_20260817T182528Z,2479,69881434,482788808098517
482788843000000,69901,-0.681,-0.039,-0.738,0.25,0.05,-0.42,1,imu01,fusion_20260817T182528Z,2480,69901430,482788828091963
482788859000000,69921,-0.674,-0.033,-0.729,-0.34,-0.18,-0.16,1,imu01,fusion_20260817T182528Z,2481,69921434,482788848093407
482788890000000,69941,-0.68,-0.035,-0.74,-0.13,0.15,-0.36,1,imu01,fusion_20260817T182528Z,2482,69941430,482788868086853
482788906000000,69961,-0.68,-0.038,-0.731,0.07,0.41,-0.27,1,imu01,fusion_20260817T182528Z,2483,69961434,482788888088297
482788921000000,69981,-0.674,-0.039,-0.729,0.14,0.15,-0.38,1,imu01,fusion_20260817T182528Z,2484,69981430,482788908081743
482788937000000,70001,-0.674,-0.036,-0.73,0.26,0.14,-0.55,1,imu01,fusion_20260817T182528Z,2485,70001434,482788928083187
482788968000000,70021,-0.674,-0.034,-0.733,0.1,0.07,-0.19,1,imu01,fusion_20260817T182528Z,2486,70021430,482788948076633
482788984000000,70041,-0.673,-0.037,-0.729,0.45,0.08,-0.26,1,imu01,fusion_20260817T182528Z,2487,70041434,482788968078078
482789000000000,70061,-0.677,-0.036,-0.734,-0.27,-0.13,-0.42,1,imu01,fusion_20260817T182528Z,2488,70061430,482788988071523
482789015000000,70081,-0.674,-0.036,-0.734,-0.15,-0.05,-0.28,1,imu01,fusion_20260817T182528Z,2489,70081434,482789008072968
482789046000000,70101,-0.676,-0.035,-0.736,-0.14,-0.07,-0.38,1,imu01,fusion_20260817T182528Z,2490,70101430,482789028066413
482789062000000,70121,-0.675,-0.037,-0.734,0.08,0.05,-0.29,1,imu01,fusion_20260817T182528Z,2491,70121434,482789048067858
482789078000000,70141,-0.674,-0.035,-0.737,-0.12,0.01,-0.31,1,imu01,fusion_20260817T182528Z,2492,70141430,482789068061303
482789109000000,70161,-0.677,-0.036,-0.741,-0.03,0.08,-0.42,1,imu01,fusion_20260817T182528Z,2493,70161434,482789088062748
482789125000000,70181,-0.674,-0.036,-0.73,-0.13,-0.18,-0.52,1,imu01,fusion_20260817T182528Z,2494,70181430,482789108056194
482789140000000,70201,-0.679,-0.038,-0.73,0.06,-0.08,-0.07,1,imu01,fusion_20260817T182528Z,2495,70201434,482789128057638
482789156000000,70221,-0.676,-0.031,-0.734,0.17,0.23,-0.08,1,imu01,fusion_20260817T182528Z,2496,70221430,482789148051084
482789187000000,70241,-0.675,-0.034,-0.731,0.07,0.26,-0.11,1,imu01,fusion_20260817T182528Z,2497,70241434,482789168052528
482789203000000,70261,-0.676,-0.034,-0.73,0.46,0.47,-0.22,1,imu01,fusion_20260817T182528Z,2498,70261430,482789188045974
482789218000000,70281,-0.675,-0.033,-0.741,-0.04,0.06,-0.23,1,imu01,fusion_20260817T182528Z,2499,70281434,482789208047418
482789250000000,70301,-0.677,-0.036,-0.732,0.11,-0.08,-0.1,1,imu01,fusion_20260817T182528Z,2500,70301430,482789228040864
482789265000000,70321,-0.68,-0.037,-0.743,0.22,0.07,-0.4,1,imu01,fusion_20260817T182528Z,2501,70321434,482789248042308
482789281000000,70341,-0.674,-0.034,-0.746,-0.06,0.02,-0.21,1,imu01,fusion_20260817T182528Z,2502,70341430,482789268035754
482789296000000,70361,-0.674,-0.034,-0.737,-0.1,0.09,-0.09,1,imu01,fusion_20260817T182528Z,2503,70361434,482789288037199
482789328000000,70381,-0.672,-0.037,-0.735,0.15,0.12,-0.19,1,imu01,fusion_20260817T182528Z,2504,70381430,482789308030644
482789343000000,70401,-0.673,-0.034,-0.734,0.18,0.17,-0.48,1,imu01,fusion_20260817T182528Z,2505,70401434,482789328032089
482789359000000,70421,-0.679,-0.036,-0.734,0.16,0.07,-0.21,1,imu01,fusion_20260817T182528Z,2506,70421430,482789348025534
482789375000000,70441,-0.672,-0.035,-0.734,0.35,0.32,-0.42,1,imu01,fusion_20260817T182528Z,2507,70441434,482789368026979
482789406000000,70461,-0.672,-0.034,-0.736,-0.03,0.18,-0.27,1,imu01,fusion_20260817T182528Z,2508,70461430,482789388020424
482789421000000,70481,-0.676,-0.034,-0.735,0.02,0.16,-0.32,1,imu01,fusion_20260817T182528Z,2509,70481434,482789408021869
482789437000000,70501,-0.674,-0.035,-0.734,-0.01,0.11,-0.35,1,imu01,fusion_20260817T182528Z,2510,70501430,482789428015315
482789468000000,70521,-0.677,-0.034,-0.742,-0.41,-0.03,-0.36,1,imu01,fusion_20260817T182528Z,2511,70521434,482789448016759
482789484000000,70541,-0.676,-0.035,-0.737,-0.09,0.42,-0.25,1,imu01,fusion_20260817T182528Z,2512,70541430,482789468010205
482789500000000,70561,-0.679,-0.036,-0.731,0.2,0.17,-0.39,1,imu01,fusion_20260817T182528Z,2513,70561434,482789488011649
482789515000000,70581,-0.678,-0.035,-0.733,-0.04,0.02,-0.22,1,imu01,fusion_20260817T182528Z,2514,70581430,482789508005095
482789546000000,70601,-0.682,-0.033,-0.737,-0.13,0.3,-0.33,1,imu01,fusion_20260817T182528Z,2515,70601434,482789528006539
482789562000000,70621,-0.674,-0.037,-0.733,-0.02,0.27,-0.38,1,imu01,fusion_20260817T182528Z,2516,70621430,482789547999985
482789578000000,70641,-0.674,-0.032,-0.734,-0.08,0.08,-0.27,1,imu01,fusion_20260817T182528Z,2517,70641434,482789568001430
482789609000000,70661,-0.673,-0.037,-0.732,-0.01,0.21,-0.32,1,imu01,fusion_20260817T182528Z,2518,70661430,482789587994875
482789625000000,70681,-0.677,-0.038,-0.733,-0.0,0.21,-0.13,1,imu01,fusion_20260817T182528Z,2519,70681434,482789607996320
482789640000000,70701,-0.675,-0.036,-0.736,0.34,0.06,-0.21,1,imu01,fusion_20260817T182528Z,2520,70701430,482789627989765
482789656000000,70721,-0.671,-0.036,-0.729,0.32,0.35,-0.31,1,imu01,fusion_20260817T182528Z,2521,70721434,482789647991210
482789687000000,70741,-0.679,-0.03,-0.739,-0.13,-0.04,-0.5,1,imu01,fusion_20260817T182528Z,2522,70741430,482789667984655
482789703000000,70761,-0.675,-0.034,-0.732,-0.22,-0.12,-0.27,1,imu01,fusion_20260817T182528Z,2523,70761434,482789687986100
482789718000000,70781,-0.672,-0.033,-0.731,-0.29,-0.18,-0.45,1,imu01,fusion_20260817T182528Z,2524,70781430,482789707979546
482789750000000,70801,-0.671,-0.038,-0.738,-0.07,0.34,-0.31,1,imu01,fusion_20260817T182528Z,2525,70801434,482789727980990
482789765000000,70821,-0.675,-0.038,-0.74,0.03,0.11,-0.13,1,imu01,fusion_20260817T182528Z,2526,70821430,482789747974436
482789781000000,70841,-0.676,-0.035,-0.731,0.07,0.05,-0.51,1,imu01,fusion_20260817T182528Z,2527,70841434,482789767975880
482789796000000,70861,-0.675,-0.043,-0.727,0.0,0.03,-0.39,1,imu01,fusion_20260817T182528Z,2528,70861430,482789787969326
482789828000000,70881,-0.671,-0.036,-0.727,-0.03,0.26,-0.51,1,imu01,fusion_20260817T182528Z,2529,70881434,482789807970770
482789843000000,70901,-0.676,-0.038,-0.732,-0.1,-0.1,-0.48,1,imu01,fusion_20260817T182528Z,2530,70901430,482789827964216
482789859000000,70921,-0.674,-0.036,-0.736,0.09,0.02,-0.37,1,imu01,fusion_20260817T182528Z,2531,70921434,482789847965660
482789890000000,70941,-0.678,-0.032,-0.737,0.14,-0.16,-0.21,1,imu01,fusion_20260817T182528Z,2532,70941430,482789867959106
482789906000000,70961,-0.679,-0.033,-0.736,-0.09,-0.12,-0.09,1,imu01,fusion_20260817T182528Z,2533,70961434,482789887960551
482789921000000,70981,-0.675,-0.038,-0.741,0.1,0.18,-0.33,1,imu01,fusion_20260817T182528Z,2534,70981430,482789907953996
482789937000000,71001,-0.676,-0.034,-0.737,0.01,-0.1,-0.59,1,imu01,fusion_20260817T182528Z,2535,71001434,482789927955441
482789968000000,71021,-0.675,-0.035,-0.732,0.04,-0.09,-0.21,1,imu01,fusion_20260817T182528Z,2536,71021430,482789947948886
482789984000000,71041,-0.67,-0.039,-0.741,-0.18,0.33,-0.38,1,imu01,fusion_20260817T182528Z,2537,71041434,482789967950331
482790000000000,71061,-0.675,-0.038,-0.734,0.0,0.3,-0.22,1,imu01,fusion_20260817T182528Z,2538,71061430,482789987943776
482790015000000,71081,-0.674,-0.035,-0.729,-0.1,0.25,-0.08,1,imu01,fusion_20260817T182528Z,2539,71081434,482790007945221
482790046000000,71101,-0.677,-0.035,-0.736,-0.06,0.08,-0.13,1,imu01,fusion_20260817T182528Z,2540,71101430,482790027938667
482790062000000,71121,-0.675,-0.037,-0.732,0.38,0.13,0.02,1,imu01,fusion_20260817T182528Z,2541,71121434,482790047940111
482790078000000,71141,-0.674,-0.036,-0.73,0.19,0.37,-0.33,1,imu01,fusion_20260817T182528Z,2542,71141430,482790067933557
482790109000000,71161,-0.673,-0.038,-0.737,0.03,0.34,-0.39,1,imu01,fusion_20260817T182528Z,2543,71161434,482790087935001
482790125000000,71181,-0.679,-0.036,-0.736,0.29,0.25,-0.06,1,imu01,fusion_20260817T182528Z,2544,71181430,482790107928447
482790140000000,71201,-0.675,-0.037,-0.738,0.05,-0.17,-0.22,1,imu01,fusion_20260817T182528Z,2545,71201434,482790127929891
482790156000000,71221,-0.674,-0.036,-0.735,-0.38,0.13,-0.37,1,imu01,fusion_20260817T182528Z,2546,71221430,482790147923337
482790187000000,71241,-0.677,-0.038,-0.734,0.16,0.11,-0.19,1,imu01,fusion_20260817T182528Z,2547,71241434,482790167924782
482790203000000,71261,-0.676,-0.038,-0.735,0.25,0.12,-0.09,1,imu01,fusion_20260817T182528Z,2548,71261430,482790187918227
482790218000000,71281,-0.674,-0.036,-0.733,0.03,0.27,-0.03,1,imu01,fusion_20260817T182528Z,2549,71281434,482790207919672
482790250000000,71301,-0.673,-0.037,-0.733,-0.27,0.11,-0.14,1,imu01,fusion_20260817T182528Z,2550,71301430,482790227913117
482790265000000,71321,-0.678,-0.039,-0.736,-0.29,0.22,-0.3,1,imu01,fusion_20260817T182528Z,2551,71321434,482790247914562
482790281000000,71341,-0.677,-0.037,-0.738,-0.28,0.01,-0.14,1,imu01,fusion_20260817T182528Z,2552,71341430,482790267908007
482790296000000,71361,-0.676,-0.033,-0.736,-0.03,0.17,-0.29,1,imu01,fusion_20260817T182528Z,2553,71361434,482790287909452
482790328000000,71381,-0.676,-0.034,-0.731,-0.26,0.07,-0.4,1,imu01,fusion_20260817T182528Z,2554,71381430,482790307902898
482790343000000,71401,-0.673,-0.036,-0.734,0.57,0.57,-0.09,1,imu01,fusion_20260817T182528Z,2555,71401434,482790327904342
482790359000000,71421,-0.675,-0.036,-0.738,-0.43,-0.37,-0.56,1,imu01,fusion_20260817T182528Z,2556,71421430,482790347897788
482790390000000,71441,-0.675,-0.034,-0.736,-0.66,-0.35,-0.29,1,imu01,fusion_20260817T182528Z,2557,71441434,482790367899232
482790406000000,71461,-0.676,-0.036,-0.73,-0.07,0.03,-0.11,1,imu01,fusion_20260817T182528Z,2558,71461430,482790387892678
482790421000000,71481,-0.675,-0.03,-0.731,-0.35,-0.48,-0.39,1,imu01,fusion_20260817T182528Z,2559,71481434,482790407894122
482790437000000,71501,-0.68,-0.033,-0.738,0.25,0.26,-0.29,1,imu01,fusion_20260817T182528Z,2560,71501430,482790427887568
482790468000000,71521,-0.674,-0.035,-0.741,-0.15,-0.02,0.02,1,imu01,fusion_20260817T182528Z,2561,71521434,482790447889012
482790484000000,71541,-0.676,-0.036,-0.734,-0.39,-0.35,-0.26,1,imu01,fusion_20260817T182528Z,2562,71541430,482790467882458
482790500000000,71561,-0.678,-0.036,-0.735,0.1,-0.19,-0.14,1,imu01,fusion_20260817T182528Z,2563,71561434,482790487883903
482790515000000,71581,-0.675,-0.038,-0.732,0.44,0.32,-0.44,1,imu01,fusion_20260817T182528Z,2564,71581430,482790507877348
482790546000000,71601,-0.674,-0.037,-0.731,-0.54,0.01,-0.17,1,imu01,fusion_20260817T182528Z,2565,71601434,482790527878793
482790562000000,71621,-0.674,-0.038,-0.738,0.07,0.19,-0.2,1,imu01,fusion_20260817T182528Z,2566,71621430,482790547872238
482790578000000,71641,-0.676,-0.031,-0.725,0.87,0.53,-0.34,1,imu01,fusion_20260817T182528Z,2567,71641434,482790567873683
482790609000000,71661,-0.678,-0.041,-0.731,0.61,0.4,-0.22,1,imu01,fusion_20260817T182528Z,2568,71661430,482790587867128
482790625000000,71681,-0.671,-0.036,-0.737,-0.55,-0.61,-0.24,1,imu01,fusion_20260817T182528Z,2569,71681434,482790607868573
482790640000000,71701,-0.677,-0.038,-0.732,0.07,-0.02,-0.24,1,imu01,fusion_20260817T182528Z,2570,71701430,482790627862019
482790656000000,71721,-0.675,-0.04,-0.73,0.12,-0.21,-0.48,1,imu01,fusion_20260817T182528Z,2571,71721434,482790647863463
482790687000000,71741,-0.676,-0.038,-0.74,-0.23,-0.25,-0.25,1,imu01,fusion_20260817T182528Z,2572,71741430,482790667856909
482790703000000,71761,-0.674,-0.035,-0.727,-0.35,-0.24,-0.33,1,imu01,fusion_20260817T182528Z,2573,71761434,482790687858353
482790718000000,71781,-0.674,-0.032,-0.735,-0.09,-0.02,-0.29,1,imu01,fusion_20260817T182528Z,2574,71781430,482790707851799
482790750000000,71801,-0.673,-0.037,-0.729,0.15,0.3,-0.13,1,imu01,fusion_20260817T182528Z,2575,71801434,482790727853243
482790765000000,71821,-0.677,-0.039,-0.732,-0.49,-0.16,-0.22,1,imu01,fusion_20260817T182528Z,2576,71821430,482790747846689
482790781000000,71841,-0.672,-0.037,-0.735,0.16,0.14,-0.35,1,imu01,fusion_20260817T182528Z,2577,71841434,482790767848134
482790796000000,71861,-0.675,-0.03,-0.739,-0.79,-0.21,-0.14,1,imu01,fusion_20260817T182528Z,2578,71861430,482790787841579
482790828000000,71881,-0.678,-0.032,-0.738,0.58,0.5,-0.16,1,imu01,fusion_20260817T182528Z,2579,71881434,482790807843024
482790843000000,71901,-0.675,-0.033,-0.734,0.32,-0.05,-0.45,1,imu01,fusion_20260817T182528Z,2580,71901430,482790827836469
482790859000000,71921,-0.679,-0.039,-0.741,0.51,0.4,-0.23,1,imu01,fusion_20260817T182528Z,2581,71921434,482790847837914
482790890000000,71941,-0.669,-0.033,-0.731,0.08,0.23,-0.22,1,imu01,fusion_20260817T182528Z,2582,71941430,482790867831359
482790906000000,71961,-0.676,-0.034,-0.739,0.17,0.35,-0.2,1,imu01,fusion_20260817T182528Z,2583,71961434,482790887832804
482790921000000,71981,-0.675,-0.035,-0.742,0.03,0.3,-0.09,1,imu01,fusion_20260817T182528Z,2584,71981430,482790907826250
482790937000000,72001,-0.68,-0.038,-0.737,0.03,0.17,-0.19,1,imu01,fusion_20260817T182528Z,2585,72001434,482790927827694
482790968000000,72021,-0.675,-0.039,-0.731,-0.42,0.23,-0.1,1,imu01,fusion_20260817T182528Z,2586,72021430,482790947821140
482790984000000,72041,-0.672,-0.036,-0.74,0.57,0.68,-0.23,1,imu01,fusion_20260817T182528Z,2587,72041434,482790967822584
482791000000000,72061,-0.678,-0.031,-0.738,-0.32,0.24,-0.03,1,imu01,fusion_20260817T182528Z,2588,72061430,482790987816030
482791015000000,72081,-0.681,-0.034,-0.734,-0.03,-0.0,-0.45,1,imu01,fusion_20260817T182528Z,2589,72081434,482791007817474
482791046000000,72101,-0.677,-0.034,-0.736,0.66,0.79,-0.16,1,imu01,fusion_20260817T182528Z,2590,72101430,482791027810920
482791062000000,72121,-0.676,-0.037,-0.729,0.52,0.44,-0.11,1,imu01,fusion_20260817T182528Z,2591,72121434,482791047812364
482791078000000,72141,-0.681,-0.037,-0.737,0.16,0.21,-0.46,1,imu01,fusion_20260817T182528Z,2592,72141430,482791067805810
482791109000000,72161,-0.677,-0.033,-0.737,0.48,0.63,-0.19,1,imu01,fusion_20260817T182528Z,2593,72161434,482791087807255
482791125000000,72181,-0.674,-0.033,-0.734,0.32,0.03,-0.32,1,imu01,fusion_20260817T182528Z,2594,72181430,482791107800700
482791140000000,72201,-0.675,-0.034,-0.743,0.03,-0.01,-0.2,1,imu01,fusion_20260817T182528Z,2595,72201434,482791127802145
482791156000000,72221,-0.677,-0.034,-0.736,0.19,0.11,-0.39,1,imu01,fusion_20260817T182528Z,2596,72221430,482791147795590
482791187000000,72241,-0.678,-0.037,-0.733,-0.05,0.02,-0.31,1,imu01,fusion_20260817T182528Z,2597,72241434,482791167797035
482791203000000,72261,-0.672,-0.04,-0.735,-0.25,0.22,-0.08,1,imu01,fusion_20260817T182528Z,2598,72261430,482791187790480
482791218000000,72281,-0.677,-0.039,-0.731,0.01,0.06,-0.35,1,imu01,fusion_20260817T182528Z,2599,72281434,482791207791925
482791250000000,72301,-0.677,-0.039,-0.74,-0.06,0.46,-0.04,1,imu01,fusion_20260817T182528Z,2600,72301430,482791227785371
482791265000000,72321,-0.675,-0.04,-0.731,-0.31,-0.07,-0.21,1,imu01,fusion_20260817T182528Z,2601,72321434,482791247786815
482791281000000,72341,-0.678,-0.038,-0.741,0.91,0.51,-0.2,1,imu01,fusion_20260817T182528Z,2602,72341430,482791267780261
482791296000000,72361,-0.672,-0.038,-0.738,-0.37,0.03,-0.09,1,imu01,fusion_20260817T182528Z,2603,72361434,482791287781705
482791328000000,72381,-0.669,-0.036,-0.744,-0.5,-0.09,-0.06,1,imu01,fusion_20260817T182528Z,2604,72381430,482791307775151
482791343000000,72401,-0.677,-0.035,-0.734,0.66,0.08,-0.26,1,imu01,fusion_20260817T182528Z,2605,72401434,482791327776595
482791359000000,72421,-0.678,-0.033,-0.736,-0.53,-0.5,-0.22,1,imu01,fusion_20260817T182528Z,2606,72421430,482791347770041
482791375000000,72441,-0.678,-0.035,-0.741,-0.13,0.34,-0.23,1,imu01,fusion_20260817T182528Z,2607,72441434,482791367771486
482791406000000,72461,-0.679,-0.035,-0.729,-0.06,0.24,0.02,1,imu01,fusion_20260817T182528Z,2608,72461430,482791387764931
482791421000000,72481,-0.672,-0.039,-0.734,0.45,0.27,-0.71,1,imu01,fusion_20260817T182528Z,2609,72481434,482791407766376
482791437000000,72501,-0.673,-0.034,-0.734,-0.35,-0.22,-0.41,1,imu01,fusion_20260817T182528Z,2610,72501430,482791427759821
482791468000000,72521,-0.677,-0.038,-0.74,0.26,0.48,0.03,1,imu01,fusion_20260817T182528Z,2611,72521434,482791447761266
482791484000000,72541,-0.677,-0.04,-0.728,0.2,0.33,-0.39,1,imu01,fusion_20260817T182528Z,2612,72541430,482791467754711
482791500000000,72561,-0.676,-0.038,-0.738,0.16,-0.1,-0.25,1,imu01,fusion_20260817T182528Z,2613,72561434,482791487756156
482791515000000,72581,-0.677,-0.037,-0.732,-0.23,-0.02,-0.48,1,imu01,fusion_20260817T182528Z,2614,72581430,482791507749602
482791546000000,72601,-0.679,-0.04,-0.736,0.47,0.76,-0.11,1,imu01,fusion_20260817T182528Z,2615,72601434,482791527751046
482791562000000,72621,-0.674,-0.038,-0.732,-0.45,-0.06,-0.25,1,imu01,fusion_20260817T182528Z,2616,72621430,482791547744492
482791578000000,72641,-0.677,-0.035,-0.744,-0.13,-0.29,-0.42,1,imu01,fusion_20260817T182528Z,2617,72641434,482791567745936
482791609000000,72661,-0.674,-0.037,-0.736,0.16,0.24,-0.31,1,imu01,fusion_20260817T182528Z,2618,72661430,482791587739382
482791625000000,72681,-0.678,-0.034,-0.734,-0.21,0.1,-0.26,1,imu01,fusion_20260817T182528Z,2619,72681434,482791607740826
482791640000000,72701,-0.677,-0.032,-0.736,0.07,0.12,0.13,1,imu01,fusion_20260817T182528Z,2620,72701430,482791627734272
482791656000000,72721,-0.675,-0.035,-0.735,-0.07,-0.14,-0.45,1,imu01,fusion_20260817T182528Z,2621,72721434,482791647735716
482791687000000,72741,-0.674,-0.036,-0.732,0.35,0.2,-0.22,1,imu01,fusion_20260817T182528Z,2622,72741430,482791667729162
482791703000000,72761,-0.674,-0.038,-0.742,0.8,0.36,-0.14,1,imu01,fusion_20260817T182528Z,2623,72761434,482791687730607
482791718000000,72781,-0.675,-0.032,-0.747,0.29,0.05,-0.4,1,imu01,fusion_20260817T182528Z,2624,72781430,482791707724052
482791750000000,72801,-0.673,-0.036,-0.731,-0.02,0.17,-0.09,1,imu01,fusion_20260817T182528Z,2625,72801434,482791727725497
482791765000000,72821,-0.675,-0.038,-0.74,0.22,0.19,-0.36,1,imu01,fusion_20260817T182528Z,2626,72821430,482791747718942
482791781000000,72841,-0.677,-0.039,-0.734,0.06,0.13,-0.22,1,imu01,fusion_20260817T182528Z,2627,72841434,482791767720387
482791796000000,72861,-0.674,-0.037,-0.734,-0.16,0.11,-0.1,1,imu01,fusion_20260817T182528Z,2628,72861430,482791787713832
482791828000000,72881,-0.68,-0.039,-0.733,-0.1,0.11,-0.29,1,imu01,fusion_20260817T182528Z,2629,72881434,482791807715277
482791843000000,72901,-0.677,-0.037,-0.729,0.26,0.59,-0.24,1,imu01,fusion_20260817T182528Z,2630,72901430,482791827708722
482791859000000,72921,-0.669,-0.039,-0.735,-0.16,-0.15,-0.21,1,imu01,fusion_20260817T182528Z,2631,72921434,482791847710167
482791890000000,72941,-0.677,-0.037,-0.736,0.31,0.46,-0.35,1,imu01,fusion_20260817T182528Z,2632,72941430,482791867703613
482791906000000,72961,-0.677,-0.035,-0.735,0.19,0.24,-0.04,1,imu01,fusion_20260817T182528Z,2633,72961434,482791887705057
482791921000000,72981,-0.678,-0.038,-0.738,0.04,0.02,-0.24,1,imu01,fusion_20260817T182528Z,2634,72981430,482791907698503
482791937000000,73001,-0.674,-0.036,-0.736,0.28,0.21,-0.52,1,imu01,fusion_20260817T182528Z,2635,73001434,482791927699947
482791968000000,73021,-0.674,-0.04,-0.735,-0.06,0.05,-0.25,1,imu01,fusion_20260817T182528Z,2636,73021430,482791947693393
482791984000000,73041,-0.674,-0.04,-0.729,0.44,0.3,-0.19,1,imu01,fusion_20260817T182528Z,2637,73041434,482791967694838
482792000000000,73061,-0.674,-0.037,-0.734,0.17,-0.04,-0.4,1,imu01,fusion_20260817T182528Z,2638,73061430,482791987688283
482792015000000,73081,-0.679,-0.033,-0.747,-0.34,-0.37,-0.24,1,imu01,fusion_20260817T182528Z,2639,73081434,482792007689728
482792046000000,73101,-0.679,-0.038,-0.737,0.39,0.36,-0.32,1,imu01,fusion_20260817T182528Z,2640,73101430,482792027683173
482792062000000,73121,-0.679,-0.033,-0.73,0.16,0.4,-0.19,1,imu01,fusion_20260817T182528Z,2641,73121434,482792047684618
482792078000000,73141,-0.68,-0.035,-0.736,-0.16,0.1,-0.21,1,imu01,fusion_20260817T182528Z,2642,73141430,482792067678063
482792109000000,73161,-0.677,-0.034,-0.733,0.11,0.38,-0.14,1,imu01,fusion_20260817T182528Z,2643,73161434,482792087679508
482792125000000,73181,-0.673,-0.036,-0.733,0.14,0.11,-0.42,1,imu01,fusion_20260817T182528Z,2644,73181430,482792107672953
482792140000000,73201,-0.674,-0.038,-0.733,-0.32,-0.38,-0.03,1,imu01,fusion_20260817T182528Z,2645,73201434,482792127674398
482792156000000,73221,-0.674,-0.039,-0.735,0.02,0.28,-0.36,1,imu01,fusion_20260817T182528Z,2646,73221430,482792147667844
482792187000000,73241,-0.676,-0.039,-0.731,-0.26,0.32,-0.38,1,imu01,fusion_20260817T182528Z,2647,73241434,482792167669288
482792203000000,73261,-0.673,-0.035,-0.743,-0.4,-0.06,-0.56,1,imu01,fusion_20260817T182528Z,2648,73261430,482792187662734
482792218000000,73281,-0.675,-0.039,-0.732,0.06,0.14,-0.19,1,imu01,fusion_20260817T182528Z,2649,73281434,482792207664178
482792250000000,73301,-0.677,-0.037,-0.731,-0.29,-0.0,-0.17,1,imu01,fusion_20260817T182528Z,2650,73301430,482792227657624
482792265000000,73321,-0.674,-0.038,-0.734,0.08,0.55,-0.46,1,imu01,fusion_20260817T182528Z,2651,73321434,482792247659068
482792281000000,73341,-0.675,-0.034,-0.734,0.23,0.08,-0.23,1,imu01,fusion_20260817T182528Z,2652,73341430,482792267652514
482792296000000,73361,-0.68,-0.042,-0.733,0.06,0.37,-0.06,1,imu01,fusion_20260817T182528Z,2653,73361434,482792287653959
482792328000000,73381,-0.674,-0.04,-0.734,-0.19,-0.01,-0.46,1,imu01,fusion_20260817T182528Z,2654,73381430,482792307647404
482792343000000,73401,-0.678,-0.038,-0.736,0.16,0.3,-0.14,1,imu01,fusion_20260817T182528Z,2655,73401434,482792327648849
482792359000000,73421,-0.672,-0.035,-0.737,0.26,0.22,-0.38,1,imu01,fusion_20260817T182528Z,2656,73421430,482792347642294
482792390000000,73441,-0.678,-0.036,-0.732,-0.1,0.22,-0.27,1,imu01,fusion_20260817T182528Z,2657,73441434,482792367643739
482792406000000,73461,-0.673,-0.041,-0.737,0.39,0.32,-0.19,1,imu01,fusion_20260817T182528Z,2658,73461430,482792387637184
482792421000000,73481,-0.673,-0.04,-0.73,-0.64,-0.19,-0.12,1,imu01,fusion_20260817T182528Z,2659,73481434,482792407638629
482792437000000,73501,-0.677,-0.036,-0.736,-0.63,0.12,-0.17,1,imu01,fusion_20260817T182528Z,2660,73501430,482792427632074
482792468000000,73521,-0.675,-0.033,-0.74,0.55,0.53,-0.17,1,imu01,fusion_20260817T182528Z,2661,73521434,482792447633519
482792484000000,73541,-0.673,-0.038,-0.73,0.34,0.18,-0.19,1,imu01,fusion_20260817T182528Z,2662,73541430,482792467626965
482792500000000,73561,-0.677,-0.034,-0.732,0.1,0.11,-0.1,1,imu01,fusion_20260817T182528Z,2663,73561434,482792487628409
482792515000000,73581,-0.675,-0.031,-0.739,0.06,-0.02,-0.25,1,imu01,fusion_20260817T182528Z,2664,73581430,482792507621855
482792546000000,73601,-0.676,-0.04,-0.735,-0.12,0.16,-0.43,1,imu01,fusion_20260817T182528Z,2665,73601434,482792527623299
482792562000000,73621,-0.674,-0.037,-0.734,-0.14,-0.0,-0.22,1,imu01,fusion_20260817T182528Z,2666,73621430,482792547616745
482792578000000,73641,-0.675,-0.034,-0.738,0.13,-0.0,-0.11,1,imu01,fusion_20260817T182528Z,2667,73641434,482792567618189
482792609000000,73661,-0.679,-0.034,-0.735,0.38,0.08,-0.19,1,imu01,fusion_20260817T182528Z,2668,73661430,482792587611635
482792625000000,73681,-0.676,-0.036,-0.741,0.01,0.13,-0.34,1,imu01,fusion_20260817T182528Z,2669,73681434,482792607613080
482792640000000,73701,-0.676,-0.04,-0.736,0.02,0.21,-0.18,1,imu01,fusion_20260817T182528Z,2670,73701430,482792627606525
482792656000000,73721,-0.674,-0.034,-0.733,0.29,0.07,-0.26,1,imu01,fusion_20260817T182528Z,2671,73721434,482792647607970
482792687000000,73741,-0.676,-0.038,-0.74,-0.23,0.18,-0.45,1,imu01,fusion_20260817T182528Z,2672,73741430,482792667601415
482792703000000,73761,-0.678,-0.036,-0.735,-0.04,0.27,-0.21,1,imu01,fusion_20260817T182528Z,2673,73761434,482792687602860
482792718000000,73781,-0.676,-0.031,-0.74,-0.05,-0.06,-0.19,1,imu01,fusion_20260817T182528Z,2674,73781430,482792707596305
482792750000000,73801,-0.677,-0.035,-0.735,-0.5,-0.18,-0.24,1,imu01,fusion_20260817T182528Z,2675,73801434,482792727597750
482792765000000,73821,-0.672,-0.037,-0.735,-0.32,-0.03,-0.34,1,imu01,fusion_20260817T182528Z,2676,73821430,482792747591196
482792781000000,73841,-0.674,-0.038,-0.731,-0.01,0.24,-0.5,1,imu01,fusion_20260817T182528Z,2677,73841434,482792767592640
482792796000000,73861,-0.677,-0.035,-0.737,0.1,-0.2,-0.3,1,imu01,fusion_20260817T182528Z,2678,73861430,482792787586086
482792828000000,73881,-0.679,-0.034,-0.733,0.13,0.23,-0.25,1,imu01,fusion_20260817T182528Z,2679,73881434,482792807587530
482792843000000,73901,-0.675,-0.036,-0.735,0.36,0.1,-0.16,1,imu01,fusion_20260817T182528Z,2680,73901430,482792827580976
482792859000000,73921,-0.671,-0.034,-0.735,-0.56,0.21,-0.13,1,imu01,fusion_20260817T182528Z,2681,73921434,482792847582420
482792875000000,73941,-0.672,-0.036,-0.742,0.39,0.1,-0.5,1,imu01,fusion_20260817T182528Z,2682,73941430,482792867575866
482792906000000,73961,-0.679,-0.038,-0.733,0.2,0.19,-0.38,1,imu01,fusion_20260817T182528Z,2683,73961434,482792887577310
482792921000000,73981,-0.674,-0.035,-0.735,0.12,0.26,-0.25,1,imu01,fusion_20260817T182528Z,2684,73981430,482792907570756
482792937000000,74001,-0.674,-0.033,-0.733,-0.0,0.39,-0.18,1,imu01,fusion_20260817T182528Z,2685,74001434,482792927572201
482792968000000,74021,-0.677,-0.038,-0.728,-0.19,0.04,-0.29,1,imu01,fusion_20260817T182528Z,2686,74021430,482792947565646
482792984000000,74041,-0.674,-0.034,-0.737,0.03,0.28,-0.03,1,imu01,fusion_20260817T182528Z,2687,74041434,482792967567091
482793000000000,74061,-0.675,-0.035,-0.741,-0.01,0.25,-0.06,1,imu01,fusion_20260817T182528Z,2688,74061430,482792987560536
482793015000000,74081,-0.674,-0.034,-0.738,0.29,0.19,-0.27,1,imu01,fusion_20260817T182528Z,2689,74081434,482793007561981
482793046000000,74101,-0.675,-0.035,-0.728,-0.39,0.02,-0.34,1,imu01,fusion_20260817T182528Z,2690,74101430,482793027555426
482793062000000,74121,-0.678,-0.039,-0.732,0.12,0.22,-0.16,1,imu01,fusion_20260817T182528Z,2691,74121434,482793047556871
482793078000000,74141,-0.676,-0.032,-0.73,-0.22,0.16,-0.25,1,imu01,fusion_20260817T182528Z,2692,74141430,482793067550317
482793109000000,74161,-0.673,-0.037,-0.735,0.01,0.36,0.06,1,imu01,fusion_20260817T182528Z,2693,74161434,482793087551761
482793125000000,74181,-0.677,-0.039,-0.734,-0.45,0.08,-0.03,1,imu01,fusion_20260817T182528Z,2694,74181430,482793107545207
482793140000000,74201,-0.677,-0.037,-0.732,0.43,0.53,-0.16,1,imu01,fusion_20260817T182528Z,2695,74201434,482793127546651
482793156000000,74221,-0.675,-0.036,-0.73,-0.2,0.53,-0.11,1,imu01,fusion_20260817T182528Z,2696,74221430,482793147540097
482793187000000,74241,-0.681,-0.033,-0.735,0.25,0.45,-0.18,1,imu01,fusion_20260817T182528Z,2697,74241434,482793167541541
482793203000000,74261,-0.676,-0.036,-0.739,-0.74,-0.16,-0.03,1,imu01,fusion_20260817T182528Z,2698,74261430,482793187534987
482793218000000,74281,-0.675,-0.037,-0.74,-0.18,-0.03,-0.14,1,imu01,fusion_20260817T182528Z,2699,74281434,482793207536432
482793250000000,74301,-0.674,-0.038,-0.733,-0.33,-0.02,-0.08,1,imu01,fusion_20260817T182528Z,2700,74301430,482793227529877
482793265000000,74321,-0.674,-0.04,-0.736,-0.05,0.11,0.04,1,imu01,fusion_20260817T182528Z,2701,74321434,482793247531322
482793281000000,74341,-0.677,-0.033,-0.738,0.22,0.33,-0.38,1,imu01,fusion_20260817T182528Z,2702,74341430,482793267524767
482793296000000,74361,-0.673,-0.036,-0.739,-0.19,0.08,-0.23,1,imu01,fusion_20260817T182528Z,2703,74361434,482793287526212
482793328000000,74381,-0.678,-0.039,-0.737,0.35,0.35,-0.22,1,imu01,fusion_20260817T182528Z,2704,74381430,482793307519657
482793343000000,74401,-0.671,-0.037,-0.73,-0.18,0.24,-0.45,1,imu01,fusion_20260817T182528Z,2705,74401434,482793327521102
482793359000000,74421,-0.674,-0.035,-0.736,0.1,0.3,-0.31,1,imu01,fusion_20260817T182528Z,2706,74421430,482793347514548
482793375000000,74441,-0.676,-0.036,-0.734,0.16,0.43,-0.39,1,imu01,fusion_20260817T182528Z,2707,74441434,482793367515992
482793406000000,74461,-0.674,-0.04,-0.731,0.25,0.25,-0.04,1,imu01,fusion_20260817T182528Z,2708,74461430,482793387509438
482793421000000,74481,-0.68,-0.037,-0.731,0.03,0.08,-0.33,1,imu01,fusion_20260817T182528Z,2709,74481434,482793407510882
482793437000000,74501,-0.675,-0.036,-0.737,-0.07,0.19,-0.13,1,imu01,fusion_20260817T182528Z,2710,74501430,482793427504328
482793468000000,74521,-0.671,-0.034,-0.736,-0.07,0.35,-0.06,1,imu01,fusion_20260817T182528Z,2711,74521434,482793447505772
482793484000000,74541,-0.672,-0.04,-0.741,-0.26,-0.15,-0.0,1,imu01,fusion_20260817T182528Z,2712,74541430,482793467499218
482793500000000,74561,-0.675,-0.032,-0.732,-0.02,0.08,-0.61,1,imu01,fusion_20260817T182528Z,2713,74561434,482793487500662
482793515000000,74581,-0.676,-0.039,-0.727,-0.36,0.25,-0.08,1,imu01,fusion_20260817T182528Z,2714,74581430,482793507494108
482793546000000,74601,-0.676,-0.039,-0.737,-0.1,0.01,-0.25,1,imu01,fusion_20260817T182528Z,2715,74601434,482793527495553
482793562000000,74621,-0.674,-0.039,-0.731,-0.23,0.15,-0.22,1,imu01,fusion_20260817T182528Z,2716,74621430,482793547488998
482793578000000,74641,-0.675,-0.036,-0.74,0.03,0.07,-0.48,1,imu01,fusion_20260817T182528Z,2717,74641434,482793567490443
482793609000000,74661,-0.672,-0.035,-0.735,0.51,0.09,-0.37,1,imu01,fusion_20260817T182528Z,2718,74661430,482793587483888
482793625000000,74681,-0.675,-0.035,-0.733,0.33,0.21,-0.12,1,imu01,fusion_20260817T182528Z,2719,74681434,482793607485333
482793640000000,74701,-0.682,-0.039,-0.735,-0.31,0.2,-0.13,1,imu01,fusion_20260817T182528Z,2720,74701430,482793627478778
482793656000000,74721,-0.674,-0.037,-0.733,0.01,0.11,-0.39,1,imu01,fusion_20260817T182528Z,2721,74721434,482793647480223
482793687000000,74741,-0.674,-0.038,-0.731,-0.29,-0.25,-0.21,1,imu01,fusion_20260817T182528Z,2722,74741430,482793667473669
482793703000000,74761,-0.674,-0.037,-0.737,0.32,0.2,-0.28,1,imu01,fusion_20260817T182528Z,2723,74761434,482793687475113
482793718000000,74781,-0.68,-0.036,-0.726,-0.07,0.46,-0.39,1,imu01,fusion_20260817T182528Z,2724,74781430,482793707468559
482793750000000,74801,-0.676,-0.034,-0.736,0.34,0.36,-0.2,1,imu01,fusion_20260817T182528Z,2725,74801434,482793727470003
482793765000000,74821,-0.675,-0.035,-0.731,0.51,0.35,-0.19,1,imu01,fusion_20260817T182528Z,2726,74821430,482793747463449
482793781000000,74841,-0.674,-0.034,-0.739,-0.16,-0.15,-0.38,1,imu01,fusion_20260817T182528Z,2727,74841434,482793767464893
482793796000000,74861,-0.675,-0.038,-0.735,0.29,0.3,-0.3,1,imu01,fusion_20260817T182528Z,2728,74861430,482793787458339
482793828000000,74881,-0.678,-0.035,-0.733,-0.38,0.21,-0.17,1,imu01,fusion_20260817T182528Z,2729,74881434,482793807459784
482793843000000,74901,-0.675,-0.037,-0.732,-0.17,0.44,-0.16,1,imu01,fusion_20260817T182528Z,2730,74901430,482793827453229
482793859000000,74921,-0.674,-0.035,-0.735,0.03,-0.34,-0.42,1,imu01,fusion_20260817T182528Z,2731,74921434,482793847454674
482793875000000,74941,-0.672,-0.041,-0.733,-0.07,0.4,-0.4,1,imu01,fusion_20260817T182528Z,2732,74941430,482793867448119
482793906000000,74961,-0.673,-0.033,-0.735,0.11,0.13,-0.32,1,imu01,fusion_20260817T182528Z,2733,74961434,482793887449564
482793921000000,74981,-0.678,-0.037,-0.733,0.15,0.21,-0.08,1,imu01,fusion_20260817T182528Z,2734,74981430,482793907443009
482793937000000,75001,-0.675,-0.036,-0.731,-0.06,0.19,-0.14,1,imu01,fusion_20260817T182528Z,2735,75001434,482793927444454
482793968000000,75021,-0.673,-0.035,-0.738,-0.16,0.27,-0.45,1,imu01,fusion_20260817T182528Z,2736,75021430,482793947437900
482793984000000,75041,-0.675,-0.039,-0.73,0.29,0.15,-0.42,1,imu01,fusion_20260817T182528Z,2737,75041434,482793967439344
482794000000000,75061,-0.674,-0.038,-0.735,0.16,0.23,-0.29,1,imu01,fusion_20260817T182528Z,2738,75061430,482793987432790
482794015000000,75081,-0.675,-0.037,-0.736,0.19,0.3,-0.29,1,imu01,fusion_20260817T182528Z,2739,75081434,482794007434234
482794046000000,75101,-0.675,-0.036,-0.739,0.19,0.33,-0.23,1,imu01,fusion_20260817T182528Z,2740,75101430,482794027427680
482794062000000,75121,-0.678,-0.036,-0.729,-0.0,-0.02,-0.19,1,imu01,fusion_20260817T182528Z,2741,75121434,482794047429124
482794078000000,75141,-0.677,-0.04,-0.732,-0.27,0.24,-0.14,1,imu01,fusion_20260817T182528Z,2742,75141430,482794067422570
482794109000000,75161,-0.679,-0.034,-0.735,0.24,0.16,-0.22,1,imu01,fusion_20260817T182528Z,2743,75161434,482794087424014
482794125000000,75181,-0.672,-0.035,-0.731,-0.22,0.16,-0.03,1,imu01,fusion_20260817T182528Z,2744,75181430,482794107417460
482794140000000,75201,-0.675,-0.034,-0.733,0.26,0.32,-0.16,1,imu01,fusion_20260817T182528Z,2745,75201434,482794127418905
482794156000000,75221,-0.675,-0.036,-0.732,0.13,0.04,0.1,1,imu01,fusion_20260817T182528Z,2746,75221430,482794147412350
482794187000000,75241,-0.676,-0.038,-0.733,-0.18,0.26,-0.22,1,imu01,fusion_20260817T182528Z,2747,75241434,482794167413795
482794203000000,75261,-0.677,-0.036,-0.739,0.22,0.37,-0.4,1,imu01,fusion_20260817T182528Z,2748,75261430,482794187407240
482794218000000,75281,-0.676,-0.04,-0.735,-0.08,0.3,-0.12,1,imu01,fusion_20260817T182528Z,2749,75281434,482794207408685
482794250000000,75301,-0.675,-0.036,-0.732,-0.18,0.32,-0.38,1,imu01,fusion_20260817T182528Z,2750,75301430,482794227402130
482794265000000,75321,-0.675,-0.037,-0.734,-0.03,0.45,-0.29,1,imu01,fusion_20260817T182528Z,2751,75321434,482794247403575
482794281000000,75341,-0.677,-0.038,-0.734,0.27,-0.02,-0.13,1,imu01,fusion_20260817T182528Z,2752,75341430,482794267397021
482794296000000,75361,-0.674,-0.036,-0.736,-0.12,0.11,-0.16,1,imu01,fusion_20260817T182528Z,2753,75361434,482794287398465
482794328000000,75381,-0.674,-0.039,-0.735,-0.41,-0.15,-0.06,1,imu01,fusion_20260817T182528Z,2754,75381430,482794307391911
482794343000000,75401,-0.677,-0.035,-0.733,0.48,0.23,-0.33,1,imu01,fusion_20260817T182528Z,2755,75401434,482794327393355
482794359000000,75421,-0.678,-0.038,-0.73,-0.2,-0.12,-0.45,1,imu01,fusion_20260817T182528Z,2756,75421430,482794347386801
482794390000000,75441,-0.676,-0.034,-0.724,0.22,0.04,-0.42,1,imu01,fusion_20260817T182528Z,2757,75441434,482794367388245
482794406000000,75461,-0.677,-0.04,-0.732,0.1,0.04,-0.21,1,imu01,fusion_20260817T182528Z,2758,75461430,482794387381691
482794421000000,75481,-0.678,-0.04,-0.738,-0.32,0.2,-0.15,1,imu01,fusion_20260817T182528Z,2759,75481434,482794407383136
482794437000000,75501,-0.674,-0.032,-0.735,0.1,-0.12,-0.25,1,imu01,fusion_20260817T182528Z,2760,75501430,482794427376581
482794468000000,75521,-0.678,-0.037,-0.735,-0.07,-0.08,-0.41,1,imu01,fusion_20260817T182528Z,2761,75521434,482794447378026
482794484000000,75541,-0.671,-0.032,-0.732,-0.23,0.01,-0.4,1,imu01,fusion_20260817T182528Z,2762,75541430,482794467371471
482794500000000,75561,-0.676,-0.04,-0.742,-0.07,0.08,-0.11,1,imu01,fusion_20260817T182528Z,2763,75561434,482794487372916
482794515000000,75581,-0.674,-0.036,-0.729,-0.59,0.14,-0.02,1,imu01,fusion_20260817T182528Z,2764,75581430,482794507366361
482794546000000,75601,-0.673,-0.038,-0.738,-0.65,0.31,-0.19,1,imu01,fusion_20260817T182528Z,2765,75601434,482794527367806
482794562000000,75621,-0.672,-0.033,-0.728,0.26,0.23,-0.07,1,imu01,fusion_20260817T182528Z,2766,75621430,482794547361252
482794578000000,75641,-0.675,-0.035,-0.729,-0.06,0.07,-0.31,1,imu01,fusion_20260817T182528Z,2767,75641434,482794567362696
482794609000000,75661,-0.677,-0.038,-0.738,0.15,0.01,-0.37,1,imu01,fusion_20260817T182528Z,2768,75661430,482794587356142
482794625000000,75681,-0.674,-0.04,-0.73,-0.15,0.3,-0.34,1,imu01,fusion_20260817T182528Z,2769,75681434,482794607357586
482794640000000,75701,-0.676,-0.033,-0.727,-0.07,0.14,-0.32,1,imu01,fusion_20260817T182528Z,2770,75701430,482794627351032
482794656000000,75721,-0.673,-0.035,-0.739,0.32,0.42,-0.25,1,imu01,fusion_20260817T182528Z,2771,75721434,482794647352476
482794687000000,75741,-0.674,-0.032,-0.733,0.15,0.27,-0.35,1,imu01,fusion_20260817T182528Z,2772,75741430,482794667345922
482794703000000,75761,-0.673,-0.034,-0.74,-0.16,-0.28,-0.15,1,imu01,fusion_20260817T182528Z,2773,75761434,482794687347366
482794718000000,75781,-0.677,-0.04,-0.737,-0.09,0.07,-0.25,1,imu01,fusion_20260817T182528Z,2774,75781430,482794707340812
482794750000000,75801,-0.681,-0.036,-0.733,0.3,0.15,-0.32,1,imu01,fusion_20260817T182528Z,2775,75801434,482794727342257
482794765000000,75821,-0.673,-0.037,-0.734,-0.06,0.38,-0.22,1,imu01,fusion_20260817T182528Z,2776,75821430,482794747335702
482794781000000,75841,-0.677,-0.037,-0.723,0.1,-0.12,-0.01,1,imu01,fusion_20260817T182528Z,2777,75841434,482794767337147
482794796000000,75861,-0.679,-0.037,-0.734,-0.13,0.4,-0.09,1,imu01,fusion_20260817T182528Z,2778,75861430,482794787330592
482794828000000,75881,-0.675,-0.035,-0.733,0.16,0.11,-0.27,1,imu01,fusion_20260817T182528Z,2779,75881434,482794807332037
482794843000000,75901,-0.676,-0.037,-0.733,0.1,-0.02,-0.18,1,imu01,fusion_20260817T182528Z,2780,75901430,482794827325482
482794859000000,75921,-0.675,-0.034,-0.734,0.01,-0.12,-0.15,1,imu01,fusion_20260817T182528Z,2781,75921434,482794847326927
482794890000000,75941,-0.676,-0.034,-0.734,-0.01,0.11,-0.35,1,imu01,fusion_20260817T182528Z,2782,75941430,482794867320373
482794906000000,75961,-0.674,-0.036,-0.729,-0.03,0.38,-0.35,1,imu01,fusion_20260817T182528Z,2783,75961434,482794887321817
482794921000000,75981,-0.67,-0.036,-0.729,0.14,0.03,-0.03,1,imu01,fusion_20260817T182528Z,2784,75981430,482794907315263
482794937000000,76001,-0.675,-0.04,-0.733,0.1,0.12,-0.34,1,imu01,fusion_20260817T182528Z,2785,76001434,482794927316707
482794968000000,76021,-0.677,-0.036,-0.737,-0.0,0.2,-0.38,1,imu01,fusion_20260817T182528Z,2786,76021430,482794947310153
482794984000000,76041,-0.675,-0.037,-0.731,-0.2,-0.3,-0.17,1,imu01,fusion_20260817T182528Z,2787,76041434,482794967311597
482795000000000,76061,-0.677,-0.036,-0.738,0.16,0.11,-0.58,1,imu01,fusion_20260817T182528Z,2788,76061430,482794987305043
482795015000000,76081,-0.678,-0.036,-0.736,-0.26,0.17,-0.34,1,imu01,fusion_20260817T182528Z,2789,76081434,482795007306488
482795046000000,76101,-0.674,-0.033,-0.726,-0.24,0.12,-0.41,1,imu01,fusion_20260817T182528Z,2790,76101430,482795027299933
482795062000000,76121,-0.675,-0.035,-0.736,0.37,0.35,-0.25,1,imu01,fusion_20260817T182528Z,2791,76121434,482795047301378
482795078000000,76141,-0.674,-0.034,-0.734,0.03,0.15,-0.36,1,imu01,fusion_20260817T182528Z,2792,76141430,482795067294823
482795109000000,76161,-0.679,-0.038,-0.73,0.11,0.24,-0.29,1,imu01,fusion_20260817T182528Z,2793,76161434,482795087296268
482795125000000,76181,-0.674,-0.034,-0.73,0.29,0.14,-0.59,1,imu01,fusion_20260817T182528Z,2794,76181430,482795107289713
482795140000000,76201,-0.678,-0.038,-0.737,0.34,-0.18,-0.16,1,imu01,fusion_20260817T182528Z,2795,76201434,482795127291158
482795156000000,76221,-0.679,-0.036,-0.745,0.12,0.22,-0.31,1,imu01,fusion_20260817T182528Z,2796,76221430,482795147284604
482795187000000,76241,-0.676,-0.038,-0.741,-0.32,0.03,-0.38,1,imu01,fusion_20260817T182528Z,2797,76241434,482795167286048
482795203000000,76261,-0.677,-0.037,-0.738,-0.07,0.43,-0.03,1,imu01,fusion_20260817T182528Z,2798,76261430,482795187279494
482795218000000,76281,-0.677,-0.033,-0.738,-0.0,-0.12,-0.0,1,imu01,fusion_20260817T182528Z,2799,76281434,482795207280938
482795250000000,76301,-0.676,-0.037,-0.73,0.21,0.11,-0.35,1,imu01,fusion_20260817T182528Z,2800,76301430,482795227274384
482795265000000,76321,-0.674,-0.039,-0.735,0.25,0.21,-0.22,1,imu01,fusion_20260817T182528Z,2801,76321434,482795247275828
482795281000000,76341,-0.675,-0.035,-0.739,-0.0,0.01,-0.13,1,imu01,fusion_20260817T182528Z,2802,76341430,482795267269274
482795296000000,76361,-0.676,-0.041,-0.738,0.0,0.21,-0.52,1,imu01,fusion_20260817T182528Z,2803,76361434,482795287270718
482795328000000,76381,-0.673,-0.035,-0.729,0.06,0.17,-0.01,1,imu01,fusion_20260817T182528Z,2804,76381430,482795307264164
482795343000000,76401,-0.675,-0.035,-0.723,0.18,-0.13,-0.22,1,imu01,fusion_20260817T182528Z,2805,76401434,482795327265609
482795359000000,76421,-0.678,-0.036,-0.729,0.29,0.08,-0.3,1,imu01,fusion_20260817T182528Z,2806,76421430,482795347259054
482795375000000,76441,-0.673,-0.036,-0.736,0.02,-0.17,-0.25,1,imu01,fusion_20260817T182528Z,2807,76441434,482795367260499
482795406000000,76461,-0.677,-0.037,-0.736,-0.28,-0.19,-0.12,1,imu01,fusion_20260817T182528Z,2808,76461430,482795387253944
482795421000000,76481,-0.674,-0.035,-0.73,-0.17,0.39,-0.33,1,imu01,fusion_20260817T182528Z,2809,76481434,482795407255389
482795437000000,76501,-0.669,-0.037,-0.736,0.27,0.4,-0.28,1,imu01,fusion_20260817T182528Z,2810,76501430,482795427248834
482795468000000,76521,-0.678,-0.035,-0.73,-0.3,0.06,-0.2,1,imu01,fusion_20260817T182528Z,2811,76521434,482795447250279
482795484000000,76541,-0.675,-0.033,-0.738,-0.35,-0.0,-0.16,1,imu01,fusion_20260817T182528Z,2812,76541430,482795467243725
482795500000000,76561,-0.679,-0.034,-0.737,0.15,0.1,-0.44,1,imu01,fusion_20260817T182528Z,2813,76561434,482795487245169
482795515000000,76581,-0.674,-0.035,-0.736,-0.12,0.03,-0.54,1,imu01,fusion_20260817T182528Z,2814,76581430,482795507238615
482795546000000,76601,-0.681,-0.037,-0.73,-0.32,-0.13,-0.3,1,imu01,fusion_20260817T182528Z,2815,76601434,482795527240059
482795562000000,76621,-0.678,-0.033,-0.736,-0.12,-0.14,-0.62,1,imu01,fusion_20260817T182528Z,2816,76621430,482795547233505
482795578000000,76641,-0.675,-0.036,-0.733,-0.08,-0.06,-0.25,1,imu01,fusion_20260817T182528Z,2817,76641434,482795567234949
482795609000000,76661,-0.677,-0.037,-0.732,0.29,-0.05,-0.25,1,imu01,fusion_20260817T182528Z,2818,76661430,482795587228395
482795625000000,76681,-0.674,-0.036,-0.738,0.31,0.3,-0.12,1,imu01,fusion_20260817T182528Z,2819,76681434,482795607229840
482795640000000,76701,-0.679,-0.037,-0.736,-0.3,-0.08,-0.19,1,imu01,fusion_20260817T182528Z,2820,76701430,482795627223285
482795656000000,76721,-0.675,-0.036,-0.736,-0.2,-0.05,-0.13,1,imu01,fusion_20260817T182528Z,2821,76721434,482795647224730
482795687000000,76741,-0.675,-0.037,-0.733,0.29,0.59,-0.41,1,imu01,fusion_20260817T182528Z,2822,76741430,482795667218175
482795703000000,76761,-0.672,-0.035,-0.733,-0.04,0.1,-0.29,1,imu01,fusion_20260817T182528Z,2823,76761434,482795687219620
482795718000000,76781,-0.673,-0.036,-0.729,-0.09,-0.03,-0.23,1,imu01,fusion_20260817T182528Z,2824,76781430,482795707213065
482795750000000,76801,-0.674,-0.035,-0.735,-0.14,-0.01,-0.34,1,imu01,fusion_20260817T182528Z,2825,76801434,482795727214510
482795765000000,76821,-0.678,-0.036,-0.732,0.29,0.35,-0.58,1,imu01,fusion_20260817T182528Z,2826,76821430,482795747207956
482795781000000,76841,-0.675,-0.04,-0.737,0.26,0.37,-0.28,1,imu01,fusion_20260817T182528Z,2827,76841434,482795767209400
482795796000000,76861,-0.676,-0.036,-0.739,-0.49,-0.03,-0.35,1,imu01,fusion_20260817T182528Z,2828,76861430,482795787202846
482795828000000,76881,-0.676,-0.034,-0.732,0.07,-0.08,-0.27,1,imu01,fusion_20260817T182528Z,2829,76881434,482795807204290
482795843000000,76901,-0.679,-0.034,-0.737,0.35,0.22,-0.08,1,imu01,fusion_20260817T182528Z,2830,76901430,482795827197736
482795859000000,76921,-0.677,-0.038,-0.729,0.17,0.05,-0.23,1,imu01,fusion_20260817T182528Z,2831,76921434,482795847199180
482795890000000,76941,-0.675,-0.033,-0.737,-0.14,-0.01,-0.42,1,imu01,fusion_20260817T182528Z,2832,76941430,482795867192626
482795906000000,76961,-0.673,-0.036,-0.732,-0.24,0.14,-0.16,1,imu01,fusion_20260817T182528Z,2833,76961434,482795887194070
482795921000000,76981,-0.674,-0.038,-0.739,-0.13,0.24,-0.18,1,imu01,fusion_20260817T182528Z,2834,76981430,482795907187516
482795937000000,77001,-0.677,-0.031,-0.739,0.59,0.43,-0.04,1,imu01,fusion_20260817T182528Z,2835,77001434,482795927188961
482795968000000,77021,-0.675,-0.033,-0.727,-0.29,0.11,-0.25,1,imu01,fusion_20260817T182528Z,2836,77021430,482795947182406
482795984000000,77041,-0.677,-0.032,-0.739,0.26,0.24,-0.35,1,imu01,fusion_20260817T182528Z,2837,77041434,482795967183851
482796000000000,77061,-0.674,-0.033,-0.735,0.22,-0.03,-0.16,1,imu01,fusion_20260817T182528Z,2838,77061430,482795987177296
482796015000000,77081,-0.679,-0.036,-0.733,-0.16,-0.15,-0.28,1,imu01,fusion_20260817T182528Z,2839,77081434,482796007178741
482796046000000,77101,-0.675,-0.038,-0.733,0.16,0.32,-0.35,1,imu01,fusion_20260817T182528Z,2840,77101430,482796027172186
482796062000000,77121,-0.68,-0.035,-0.735,0.13,0.31,-0.25,1,imu01,fusion_20260817T182528Z,2841,77121434,482796047173631
482796078000000,77141,-0.674,-0.037,-0.733,-0.0,-0.12,-0.39,1,imu01,fusion_20260817T182528Z,2842,77141430,482796067167077
482796109000000,77161,-0.677,-0.037,-0.737,-0.32,0.12,-0.37,1,imu01,fusion_20260817T182528Z,2843,77161434,482796087168521
482796125000000,77181,-0.681,-0.04,-0.734,0.42,0.4,-0.15,1,imu01,fusion_20260817T182528Z,2844,77181430,482796107161967
482796140000000,77201,-0.675,-0.035,-0.741,0.16,0.05,-0.16,1,imu01,fusion_20260817T182528Z,2845,77201434,482796127163411
482796156000000,77221,-0.677,-0.033,-0.735,-0.29,0.16,-0.2,1,imu01,fusion_20260817T182528Z,2846,77221430,482796147156857
482796187000000,77241,-0.671,-0.036,-0.736,0.01,0.21,-0.19,1,imu01,fusion_20260817T182528Z,2847,77241434,482796167158301
482796203000000,77261,-0.676,-0.034,-0.734,0.3,0.29,-0.31,1,imu01,fusion_20260817T182528Z,2848,77261430,482796187151747
482796218000000,77281,-0.681,-0.036,-0.734,0.12,0.37,-0.38,1,imu01,fusion_20260817T182528Z,2849,77281434,482796207153192
482796250000000,77301,-0.677,-0.037,-0.735,-0.2,-0.15,-0.35,1,imu01,fusion_20260817T182528Z,2850,77301430,482796227146637
482796265000000,77321,-0.678,-0.034,-0.734,-0.46,0.11,-0.3,1,imu01,fusion_20260817T182528Z,2851,77321434,482796247148082
482796281000000,77341,-0.676,-0.039,-0.735,-0.28,0.17,-0.16,1,imu01,fusion_20260817T182528Z,2852,77341430,482796267141527
482796296000000,77361,-0.675,-0.036,-0.734,-0.1,0.01,-0.33,1,imu01,fusion_20260817T182528Z,2853,77361434,482796287142972
482796328000000,77381,-0.679,-0.037,-0.727,-0.11,0.03,0.01,1,imu01,fusion_20260817T182528Z,2854,77381430,482796307136417
482796343000000,77401,-0.677,-0.036,-0.732,-0.18,-0.11,-0.42,1,imu01,fusion_20260817T182528Z,2855,77401434,482796327137862
482796359000000,77421,-0.675,-0.033,-0.736,-0.16,0.31,-0.32,1,imu01,fusion_20260817T182528Z,2856,77421430,482796347131308
482796375000000,77441,-0.677,-0.037,-0.726,0.02,0.14,-0.09,1,imu01,fusion_20260817T182528Z,2857,77441434,482796367132752
482796406000000,77461,-0.676,-0.038,-0.731,-0.12,0.21,-0.13,1,imu01,fusion_20260817T182528Z,2858,77461430,482796387126198
482796421000000,77481,-0.674,-0.039,-0.731,-0.15,-0.05,-0.48,1,imu01,fusion_20260817T182528Z,2859,77481434,482796407127642
482796437000000,77501,-0.679,-0.037,-0.74,0.21,0.43,-0.3,1,imu01,fusion_20260817T182528Z,2860,77501430,482796427121088
482796468000000,77521,-0.674,-0.034,-0.736,0.24,0.18,-0.25,1,imu01,fusion_20260817T182528Z,2861,77521434,482796447122532
482796484000000,77541,-0.675,-0.037,-0.737,-0.11,0.08,-0.3,1,imu01,fusion_20260817T182528Z,2862,77541430,482796467115978
482796500000000,77561,-0.68,-0.035,-0.733,-0.07,0.27,-0.12,1,imu01,fusion_20260817T182528Z,2863,77561434,482796487117422
482796515000000,77581,-0.675,-0.035,-0.74,-0.07,0.2,-0.26,1,imu01,fusion_20260817T182528Z,2864,77581430,482796507110868
482796546000000,77601,-0.678,-0.029,-0.734,0.04,0.05,-0.24,1,imu01,fusion_20260817T182528Z,2865,77601434,482796527112313
482796562000000,77621,-0.674,-0.035,-0.73,0.38,0.12,-0.35,1,imu01,fusion_20260817T182528Z,2866,77621430,482796547105758
482796578000000,77641,-0.673,-0.034,-0.733,-0.02,0.01,-0.13,1,imu01,fusion_20260817T182528Z,2867,77641434,482796567107203
482796609000000,77661,-0.674,-0.033,-0.732,-0.26,-0.08,-0.26,1,imu01,fusion_20260817T182528Z,2868,77661430,482796587100648
482796625000000,77681,-0.672,-0.038,-0.732,-0.13,0.45,-0.19,1,imu01,fusion_20260817T182528Z,2869,77681434,482796607102093
482796640000000,77701,-0.675,-0.039,-0.736,-0.01,0.22,-0.25,1,imu01,fusion_20260817T182528Z,2870,77701430,482796627095538
482796656000000,77721,-0.669,-0.036,-0.731,0.06,0.12,-0.24,1,imu01,fusion_20260817T182528Z,2871,77721434,482796647096983
482796687000000,77741,-0.671,-0.034,-0.734,-0.01,-0.08,-0.09,1,imu01,fusion_20260817T182528Z,2872,77741430,482796667090428
482796703000000,77761,-0.677,-0.037,-0.729,0.0,0.36,-0.34,1,imu01,fusion_20260817T182528Z,2873,77761434,482796687091873
482796718000000,77781,-0.676,-0.036,-0.735,-0.07,0.14,-0.15,1,imu01,fusion_20260817T182528Z,2874,77781430,482796707085319
482796750000000,77801,-0.675,-0.037,-0.744,0.18,0.11,-0.15,1,imu01,fusion_20260817T182528Z,2875,77801434,482796727086763
482796765000000,77821,-0.67,-0.032,-0.732,0.3,-0.03,-0.23,1,imu01,fusion_20260817T182528Z,2876,77821430,482796747080209
482796781000000,77841,-0.674,-0.034,-0.734,0.33,0.13,-0.41,1,imu01,fusion_20260817T182528Z,2877,77841434,482796767081653
482796796000000,77861,-0.675,-0.033,-0.733,0.19,-0.04,-0.52,1,imu01,fusion_20260817T182528Z,2878,77861430,482796787075099
482796828000000,77881,-0.674,-0.04,-0.738,0.22,0.39,-0.42,1,imu01,fusion_20260817T182528Z,2879,77881434,482796807076544
482796843000000,77901,-0.677,-0.038,-0.736,-0.21,0.16,-0.08,1,imu01,fusion_20260817T182528Z,2880,77901430,482796827069989
482796859000000,77921,-0.676,-0.039,-0.735,-0.04,0.3,-0.3,1,imu01,fusion_20260817T182528Z,2881,77921434,482796847071434
482796875000000,77941,-0.671,-0.036,-0.73,0.24,0.14,-0.24,1,imu01,fusion_20260817T182528Z,2882,77941430,482796867064879
482796906000000,77961,-0.674,-0.039,-0.735,0.19,0.14,-0.37,1,imu01,fusion_20260817T182528Z,2883,77961434,482796887066324
482796921000000,77981,-0.674,-0.036,-0.733,-0.27,-0.03,-0.5,1,imu01,fusion_20260817T182528Z,2884,77981430,482796907059769
482796937000000,78001,-0.673,-0.036,-0.734,-0.21,-0.02,-0.31,1,imu01,fusion_20260817T182528Z,2885,78001434,482796927061214
482796968000000,78021,-0.678,-0.034,-0.729,-0.26,0.28,0.06,1,imu01,fusion_20260817T182528Z,2886,78021430,482796947054659
482796984000000,78041,-0.671,-0.036,-0.728,-0.12,-0.13,-0.64,1,imu01,fusion_20260817T182528Z,2887,78041434,482796967056104
482797000000000,78061,-0.672,-0.034,-0.736,-0.09,-0.21,-0.36,1,imu01,fusion_20260817T182528Z,2888,78061430,482796987049550
482797015000000,78081,-0.673,-0.032,-0.738,0.12,0.03,-0.45,1,imu01,fusion_20260817T182528Z,2889,78081434,482797007050994
482797046000000,78101,-0.681,-0.037,-0.736,-0.37,-0.08,-0.08,1,imu01,fusion_20260817T182528Z,2890,78101430,482797027044440
482797062000000,78121,-0.677,-0.038,-0.732,-0.29,0.29,-0.13,1,imu01,fusion_20260817T182528Z,2891,78121434,482797047045884
482797078000000,78141,-0.676,-0.035,-0.734,-0.11,-0.1,-0.0,1,imu01,fusion_20260817T182528Z,2892,78141430,482797067039330
482797109000000,78161,-0.674,-0.036,-0.731,-0.02,-0.02,-0.32,1,imu01,fusion_20260817T182528Z,2893,78161434,482797087040774
482797125000000,78181,-0.676,-0.033,-0.74,-0.09,0.01,-0.44,1,imu01,fusion_20260817T182528Z,2894,78181430,482797107034220
482797140000000,78201,-0.677,-0.036,-0.732,-0.22,0.31,-0.44,1,imu01,fusion_20260817T182528Z,2895,78201434,482797127035665
482797156000000,78221,-0.676,-0.037,-0.731,0.02,0.23,0.0,1,imu01,fusion_20260817T182528Z,2896,78221430,482797147029110
482797187000000,78241,-0.673,-0.04,-0.735,-0.39,0.11,-0.09,1,imu01,fusion_20260817T182528Z,2897,78241434,482797167030555
482797203000000,78261,-0.676,-0.033,-0.734,-0.31,-0.0,-0.35,1,imu01,fusion_20260817T182528Z,2898,78261430,482797187024000
482797218000000,78281,-0.681,-0.037,-0.734,0.35,-0.33,-0.46,1,imu01,fusion_20260817T182528Z,2899,78281434,482797207025445
482797250000000,78301,-0.673,-0.034,-0.737,0.21,0.19,-0.16,1,imu01,fusion_20260817T182528Z,2900,78301430,482797227018890
482797265000000,78321,-0.678,-0.037,-0.735,-0.09,-0.0,-0.07,1,imu01,fusion_20260817T182528Z,2901,78321434,482797247020335
482797281000000,78341,-0.678,-0.035,-0.74,-1.09,-0.32,-0.28,1,imu01,fusion_20260817T182528Z,2902,78341430,482797267013780
482797296000000,78361,-0.674,-0.036,-0.73,0.07,0.69,-0.16,1,imu01,fusion_20260817T182528Z,2903,78361434,482797287015225
482797328000000,78381,-0.672,-0.032,-0.728,-0.04,-0.13,-0.28,1,imu01,fusion_20260817T182528Z,2904,78381430,482797307008671
482797343000000,78401,-0.677,-0.035,-0.739,0.2,0.24,-0.47,1,imu01,fusion_20260817T182528Z,2905,78401434,482797327010115
482797359000000,78421,-0.681,-0.035,-0.731,0.24,0.22,-0.1,1,imu01,fusion_20260817T182528Z,2906,78421430,482797347003561
482797390000000,78441,-0.673,-0.035,-0.73,0.1,0.39,-0.16,1,imu01,fusion_20260817T182528Z,2907,78441434,482797367005005
482797406000000,78461,-0.674,-0.034,-0.728,0.42,0.48,-0.51,1,imu01,fusion_20260817T182528Z,2908,78461430,482797386998451
482797421000000,78481,-0.675,-0.038,-0.736,0.1,-0.04,-0.4,1,imu01,fusion_20260817T182528Z,2909,78481434,482797406999895
482797437000000,78501,-0.674,-0.032,-0.732,0.46,-0.0,-0.62,1,imu01,fusion_20260817T182528Z,2910,78501430,482797426993341
482797468000000,78521,-0.678,-0.035,-0.731,0.11,-0.02,-0.54,1,imu01,fusion_20260817T182528Z,2911,78521434,482797446994786
482797484000000,78541,-0.674,-0.035,-0.732,0.33,0.08,-0.28,1,imu01,fusion_20260817T182528Z,2912,78541430,482797466988231
482797500000000,78561,-0.68,-0.034,-0.744,-0.4,-0.13,-0.16,1,imu01,fusion_20260817T182528Z,2913,78561434,482797486989676
482797515000000,78581,-0.673,-0.033,-0.736,-0.39,0.21,-0.06,1,imu01,fusion_20260817T182528Z,2914,78581430,482797506983121
482797546000000,78601,-0.672,-0.035,-0.728,-0.22,0.15,-0.1,1,imu01,fusion_20260817T182528Z,2915,78601434,482797526984566
482797562000000,78621,-0.675,-0.033,-0.739,0.03,0.46,-0.22,1,imu01,fusion_20260817T182528Z,2916,78621430,482797546978011
482797578000000,78641,-0.675,-0.034,-0.736,-0.03,0.14,-0.17,1,imu01,fusion_20260817T182528Z,2917,78641434,482797566979456
482797609000000,78661,-0.677,-0.038,-0.738,0.03,0.05,-0.06,1,imu01,fusion_20260817T182528Z,2918,78661430,482797586972902
482797625000000,78681,-0.677,-0.037,-0.73,-0.0,0.01,-0.37,1,imu01,fusion_20260817T182528Z,2919,78681434,482797606974346
482797640000000,78701,-0.675,-0.036,-0.732,0.08,0.24,-0.24,1,imu01,fusion_20260817T182528Z,2920,78701430,482797626967792
482797656000000,78721,-0.676,-0.033,-0.734,-0.0,-0.15,-0.22,1,imu01,fusion_20260817T182528Z,2921,78721434,482797646969236
482797687000000,78741,-0.673,-0.034,-0.73,-0.08,0.17,-0.42,1,imu01,fusion_20260817T182528Z,2922,78741430,482797666962682
482797703000000,78761,-0.677,-0.036,-0.732,-0.52,0.01,-0.34,1,imu01,fusion_20260817T182528Z,2923,78761434,482797686964126
482797718000000,78781,-0.677,-0.035,-0.731,-0.21,-0.1,-0.26,1,imu01,fusion_20260817T182528Z,2924,78781430,482797706957572
482797750000000,78801,-0.674,-0.032,-0.737,0.16,0.44,-0.36,1,imu01,fusion_20260817T182528Z,2925,78801434,482797726959016
482797765000000,78821,-0.676,-0.038,-0.736,0.19,0.08,-0.29,1,imu01,fusion_20260817T182528Z,2926,78821430,482797746952462
482797781000000,78841,-0.675,-0.037,-0.734,-0.18,0.21,-0.21,1,imu01,fusion_20260817T182528Z,2927,78841434,482797766953907
482797796000000,78861,-0.674,-0.038,-0.735,-0.13,0.6,-0.48,1,imu01,fusion_20260817T182528Z,2928,78861430,482797786947352
482797828000000,78881,-0.672,-0.036,-0.738,-0.2,0.29,-0.34,1,imu01,fusion_20260817T182528Z,2929,78881434,482797806948797
482797843000000,78901,-0.674,-0.033,-0.737,0.22,0.29,-0.36,1,imu01,fusion_20260817T182528Z,2930,78901430,482797826942242
482797859000000,78921,-0.673,-0.036,-0.734,0.18,0.05,-0.14,1,imu01,fusion_20260817T182528Z,2931,78921434,482797846943687
482797890000000,78941,-0.678,-0.036,-0.734,0.29,0.36,-0.14,1,imu01,fusion_20260817T182528Z,2932,78941430,482797866937132
482797906000000,78961,-0.675,-0.034,-0.736,-0.26,-0.1,-0.32,1,imu01,fusion_20260817T182528Z,2933,78961434,482797886938577
482797921000000,78981,-0.675,-0.036,-0.729,0.49,0.24,-0.33,1,imu01,fusion_20260817T182528Z,2934,78981430,482797906932023
482797937000000,79001,-0.675,-0.037,-0.736,0.26,-0.09,-0.24,1,imu01,fusion_20260817T182528Z,2935,79001434,482797926933467
482797968000000,79021,-0.674,-0.039,-0.732,0.06,-0.14,-0.18,1,imu01,fusion_20260817T182528Z,2936,79021430,482797946926913
482797984000000,79041,-0.682,-0.036,-0.738,-0.37,0.13,0.07,1,imu01,fusion_20260817T182528Z,2937,79041434,482797966928357
482798000000000,79061,-0.672,-0.03,-0.737,-0.22,0.51,-0.16,1,imu01,fusion_20260817T182528Z,2938,79061430,482797986921803
482798015000000,79081,-0.672,-0.035,-0.737,-0.19,-0.0,-0.28,1,imu01,fusion_20260817T182528Z,2939,79081434,482798006923247
482798046000000,79101,-0.674,-0.037,-0.732,-0.17,-0.0,-0.28,1,imu01,fusion_20260817T182528Z,2940,79101430,482798026916693
482798062000000,79121,-0.672,-0.04,-0.741,0.33,0.24,-0.34,1,imu01,fusion_20260817T182528Z,2941,79121434,482798046918138
482798078000000,79141,-0.675,-0.037,-0.738,-0.47,-0.16,-0.27,1,imu01,fusion_20260817T182528Z,2942,79141430,482798066911583
482798109000000,79161,-0.676,-0.034,-0.734,0.03,0.3,-0.21,1,imu01,fusion_20260817T182528Z,2943,79161434,482798086913028
482798125000000,79181,-0.676,-0.035,-0.731,0.0,0.01,-0.24,1,imu01,fusion_20260817T182528Z,2944,79181430,482798106906473
482798140000000,79201,-0.676,-0.037,-0.735,0.01,-0.18,-0.26,1,imu01,fusion_20260817T182528Z,2945,79201434,482798126907918
482798156000000,79221,-0.677,-0.033,-0.74,0.51,0.01,-0.32,1,imu01,fusion_20260817T182528Z,2946,79221430,482798146901363
482798187000000,79241,-0.676,-0.03,-0.739,-0.03,0.36,-0.34,1,imu01,fusion_20260817T182528Z,2947,79241434,482798166902808
482798203000000,79261,-0.668,-0.035,-0.74,-0.07,0.08,-0.19,1,imu01,fusion_20260817T182528Z,2948,79261430,482798186896254
482798218000000,79281,-0.67,-0.036,-0.736,-0.03,0.27,-0.25,1,imu01,fusion_20260817T182528Z,2949,79281434,482798206897698
482798250000000,79301,-0.679,-0.037,-0.731,0.26,0.37,-0.27,1,imu01,fusion_20260817T182528Z,2950,79301430,482798226891144
482798265000000,79321,-0.676,-0.035,-0.735,-0.08,0.11,-0.35,1,imu01,fusion_20260817T182528Z,2951,79321434,482798246892588
482798281000000,79341,-0.674,-0.034,-0.733,-0.01,0.12,-0.3,1,imu01,fusion_20260817T182528Z,2952,79341430,482798266886034
482798296000000,79361,-0.671,-0.033,-0.735,0.27,0.08,-0.31,1,imu01,fusion_20260817T182528Z,2953,79361434,482798286887478
482798328000000,79381,-0.677,-0.037,-0.732,0.35,-0.03,-0.61,1,imu01,fusion_20260817T182528Z,2954,79381430,482798306880924
482798343000000,79401,-0.67,-0.037,-0.739,0.06,-0.03,-0.29,1,imu01,fusion_20260817T182528Z,2955,79401434,482798326882368
482798359000000,79421,-0.674,-0.037,-0.735,-0.16,-0.15,-0.54,1,imu01,fusion_20260817T182528Z,2956,79421430,482798346875814
482798390000000,79441,-0.68,-0.035,-0.737,-0.13,0.14,-0.37,1,imu01,fusion_20260817T182528Z,2957,79441434,482798366877259
482798406000000,79461,-0.678,-0.033,-0.734,-0.17,-0.11,-0.27,1,imu01,fusion_20260817T182528Z,2958,79461430,482798386870704
482798421000000,79481,-0.676,-0.034,-0.737,-0.1,0.13,-0.22,1,imu01,fusion_20260817T182528Z,2959,79481434,482798406872149
482798437000000,79501,-0.675,-0.036,-0.74,0.05,-0.03,-0.19,1,imu01,fusion_20260817T182528Z,2960,79501430,482798426865594
482798468000000,79521,-0.674,-0.038,-0.733,0.48,0.5,-0.22,1,imu01,fusion_20260817T182528Z,2961,79521434,482798446867039
482798484000000,79541,-0.677,-0.036,-0.735,-0.43,-0.31,-0.27,1,imu01,fusion_20260817T182528Z,2962,79541430,482798466860484
482798500000000,79561,-0.671,-0.033,-0.733,-0.48,-0.39,0.0,1,imu01,fusion_20260817T182528Z,2963,79561434,482798486861929
482798515000000,79581,-0.67,-0.034,-0.738,0.55,0.21,-0.16,1,imu01,fusion_20260817T182528Z,2964,79581430,482798506855375
482798546000000,79601,-0.679,-0.035,-0.734,0.42,0.46,-0.5,1,imu01,fusion_20260817T182528Z,2965,79601434,482798526856819
482798562000000,79621,-0.673,-0.042,-0.732,-0.36,0.17,-0.45,1,imu01,fusion_20260817T182528Z,2966,79621430,482798546850265
482798578000000,79641,-0.676,-0.036,-0.733,0.21,0.21,-0.2,1,imu01,fusion_20260817T182528Z,2967,79641434,482798566851709
482798609000000,79661,-0.676,-0.034,-0.728,0.39,0.05,-0.13,1,imu01,fusion_20260817T182528Z,2968,79661430,482798586845155
482798625000000,79681,-0.674,-0.037,-0.744,0.77,0.17,-0.38,1,imu01,fusion_20260817T182528Z,2969,79681434,482798606846599
482798640000000,79701,-0.673,-0.034,-0.735,0.03,-0.24,-0.22,1,imu01,fusion_20260817T182528Z,2970,79701430,482798626840045
482798656000000,79721,-0.675,-0.035,-0.74,-0.42,-0.24,-0.02,1,imu01,fusion_20260817T182528Z,2971,79721434,482798646841490
482798687000000,79741,-0.672,-0.035,-0.728,0.06,0.1,-0.28,1,imu01,fusion_20260817T182528Z,2972,79741430,482798666834935
482798703000000,79761,-0.674,-0.04,-0.732,0.07,0.26,-0.09,1,imu01,fusion_20260817T182528Z,2973,79761434,482798686836380
482798718000000,79781,-0.673,-0.037,-0.722,-0.1,-0.15,-0.07,1,imu01,fusion_20260817T182528Z,2974,79781430,482798706829825
482798750000000,79801,-0.679,-0.026,-0.733,-0.43,-0.04,-0.23,1,imu01,fusion_20260817T182528Z,2975,79801434,482798726831270
482798765000000,79821,-0.674,-0.027,-0.731,-0.03,0.27,-0.32,1,imu01,fusion_20260817T182528Z,2976,79821430,482798746824715
482798781000000,79841,-0.671,-0.036,-0.733,-0.06,0.43,-0.42,1,imu01,fusion_20260817T182528Z,2977,79841434,482798766826160
482798796000000,79861,-0.676,-0.042,-0.738,0.25,0.4,-0.34,1,imu01,fusion_20260817T182528Z,2978,79861430,482798786819606
482798828000000,79881,-0.675,-0.04,-0.733,-0.38,0.06,-0.12,1,imu01,fusion_20260817T182528Z,2979,79881434,482798806821050
482798843000000,79901,-0.673,-0.04,-0.725,0.16,-0.1,-0.32,1,imu01,fusion_20260817T182528Z,2980,79901430,482798826814496
482798859000000,79921,-0.672,-0.033,-0.741,0.22,-0.08,-0.29,1,imu01,fusion_20260817T182528Z,2981,79921434,482798846815940
482798890000000,79941,-0.675,-0.034,-0.736,0.43,0.45,-0.48,1,imu01,fusion_20260817T182528Z,2982,79941430,482798866809386
482798906000000,79961,-0.68,-0.038,-0.731,0.05,0.1,-0.26,1,imu01,fusion_20260817T182528Z,2983,79961434,482798886810830
482798921000000,79981,-0.675,-0.035,-0.735,0.21,0.14,-0.35,1,imu01,fusion_20260817T182528Z,2984,79981430,482798906804276
482798937000000,80001,-0.677,-0.03,-0.735,-0.02,0.12,-0.26,1,imu01,fusion_20260817T182528Z,2985,80001434,482798926805720
482798968000000,80021,-0.68,-0.034,-0.733,0.38,0.67,-0.25,1,imu01,fusion_20260817T182528Z,2986,80021430,482798946799166
482798984000000,80041,-0.675,-0.04,-0.733,0.13,0.12,-0.15,1,imu01,fusion_20260817T182528Z,2987,80041434,482798966800611
482799000000000,80061,-0.673,-0.036,-0.741,-0.24,0.08,-0.2,1,imu01,fusion_20260817T182528Z,2988,80061430,482798986794056
482799015000000,80081,-0.679,-0.036,-0.74,-0.02,0.34,-0.33,1,imu01,fusion_20260817T182528Z,2989,80081434,482799006795501
482799046000000,80101,-0.679,-0.034,-0.734,0.24,-0.13,-0.22,1,imu01,fusion_20260817T182528Z,2990,80101430,482799026788946
482799062000000,80121,-0.677,-0.032,-0.728,0.12,0.14,-0.32,1,imu01,fusion_20260817T182528Z,2991,80121434,482799046790391
482799078000000,80141,-0.676,-0.036,-0.733,-0.07,-0.12,-0.51,1,imu01,fusion_20260817T182528Z,2992,80141430,482799066783836
482799109000000,80161,-0.676,-0.036,-0.735,-0.1,0.4,-0.2,1,imu01,fusion_20260817T182528Z,2993,80161434,482799086785281
482799125000000,80181,-0.676,-0.038,-0.728,-0.21,-0.02,-0.14,1,imu01,fusion_20260817T182528Z,2994,80181430,482799106778727
482799140000000,80201,-0.669,-0.032,-0.734,-0.23,0.12,-0.36,1,imu01,fusion_20260817T182528Z,2995,80201434,482799126780171
482799156000000,80221,-0.676,-0.036,-0.732,-0.09,0.07,-0.18,1,imu01,fusion_20260817T182528Z,2996,80221430,482799146773617
482799187000000,80241,-0.676,-0.039,-0.737,-0.19,0.12,-0.45,1,imu01,fusion_20260817T182528Z,2997,80241434,482799166775061
482799203000000,80261,-0.674,-0.04,-0.74,-0.13,0.01,-0.35,1,imu01,fusion_20260817T182528Z,2998,80261430,482799186768507
482799218000000,80281,-0.672,-0.035,-0.727,-0.15,0.05,-0.25,1,imu01,fusion_20260817T182528Z,2999,80281434,482799206769951
482799250000000,80301,-0.677,-0.034,-0.742,0.61,0.5,-0.24,1,imu01,fusion_20260817T182528Z,3000,80301430,482799226763397
482799265000000,80321,-0.677,-0.035,-0.733,0.26,-0.0,-0.48,1,imu01,fusion_20260817T182528Z,3001,80321434,482799246764842
482799281000000,80341,-0.678,-0.033,-0.732,-0.03,0.01,-0.16,1,imu01,fusion_20260817T182528Z,3002,80341430,482799266758287
482799296000000,80361,-0.677,-0.035,-0.732,0.06,0.13,0.04,1,imu01,fusion_20260817T182528Z,3003,80361434,482799286759732
482799328000000,80381,-0.674,-0.039,-0.742,-0.39,-0.14,-0.09,1,imu01,fusion_20260817T182528Z,3004,80381430,482799306753177
482799343000000,80401,-0.673,-0.032,-0.735,0.09,0.08,-0.36,1,imu01,fusion_20260817T182528Z,3005,80401434,482799326754622
482799359000000,80421,-0.672,-0.041,-0.733,-0.18,0.33,-0.12,1,imu01,fusion_20260817T182528Z,3006,80421430,482799346748067
482799375000000,80441,-0.673,-0.034,-0.733,0.19,0.06,-0.45,1,imu01,fusion_20260817T182528Z,3007,80441434,482799366749512
482799406000000,80461,-0.675,-0.037,-0.744,0.31,0.24,-0.29,1,imu01,fusion_20260817T182528Z,3008,80461430,482799386742958
482799421000000,80481,-0.681,-0.032,-0.738,-0.53,0.08,-0.13,1,imu01,fusion_20260817T182528Z,3009,80481434,482799406744402
482799437000000,80501,-0.678,-0.039,-0.739,0.21,0.3,-0.41,1,imu01,fusion_20260817T182528Z,3010,80501430,482799426737848
482799468000000,80521,-0.675,-0.036,-0.737,0.11,0.21,-0.21,1,imu01,fusion_20260817T182528Z,3011,80521434,482799446739292
482799484000000,80541,-0.672,-0.038,-0.737,0.12,-0.16,-0.4,1,imu01,fusion_20260817T182528Z,3012,80541430,482799466732738
482799500000000,80561,-0.674,-0.036,-0.731,0.16,0.11,-0.42,1,imu01,fusion_20260817T182528Z,3013,80561434,482799486734182
482799515000000,80581,-0.675,-0.036,-0.744,0.59,0.64,-0.37,1,imu01,fusion_20260817T182528Z,3014,80581430,482799506727628
482799546000000,80601,-0.67,-0.038,-0.739,0.37,0.36,-0.38,1,imu01,fusion_20260817T182528Z,3015,80601434,482799526729072
482799562000000,80621,-0.675,-0.037,-0.729,-0.17,0.01,-0.21,1,imu01,fusion_20260817T182528Z,3016,80621430,482799546722518
482799578000000,80641,-0.68,-0.04,-0.737,-0.12,0.31,-0.16,1,imu01,fusion_20260817T182528Z,3017,80641434,482799566723963
482799609000000,80661,-0.674,-0.036,-0.741,0.34,-0.03,-0.54,1,imu01,fusion_20260817T182528Z,3018,80661430,482799586717408
482799625000000,80681,-0.674,-0.032,-0.734,-0.05,0.55,-0.24,1,imu01,fusion_20260817T182528Z,3019,80681434,482799606718853
482799640000000,80701,-0.677,-0.038,-0.732,0.22,0.19,-0.25,1,imu01,fusion_20260817T182528Z,3020,80701430,482799626712298
482799656000000,80721,-0.676,-0.033,-0.729,0.07,0.13,-0.15,1,imu01,fusion_20260817T182528Z,3021,80721434,482799646713743
482799687000000,80741,-0.675,-0.028,-0.733,-0.0,0.18,-0.25,1,imu01,fusion_20260817T182528Z,3022,80741430,482799666707188
482799703000000,80761,-0.676,-0.033,-0.727,-0.33,0.15,-0.09,1,imu01,fusion_20260817T182528Z,3023,80761434,482799686708633
482799718000000,80781,-0.678,-0.036,-0.731,0.09,0.29,-0.32,1,imu01,fusion_20260817T182528Z,3024,80781430,482799706702079
482799750000000,80801,-0.676,-0.043,-0.729,-0.1,0.29,-0.26,1,imu01,fusion_20260817T182528Z,3025,80801434,482799726703523
482799765000000,80821,-0.677,-0.035,-0.736,0.02,0.21,-0.39,1,imu01,fusion_20260817T182528Z,3026,80821430,482799746696969
482799781000000,80841,-0.675,-0.033,-0.735,-0.16,0.15,-0.32,1,imu01,fusion_20260817T182528Z,3027,80841434,482799766698413
