host_monotonic_ns,t_ms,ax_g,ay_g,az_g,gx_dps,gy_dps,gz_dps,schema_version,device_id,session_id,sequence,device_timestamp_us
480124234000000,5764,-0.595,-0.022,-0.802,0.04,-0.16,-0.01,1,imu01,imu_20260817T174209Z,0,5764121
480124250000000,5784,-0.59,-0.023,-0.804,0.08,-0.13,-0.09,1,imu01,imu_20260817T174209Z,1,5784123
480124281000000,5804,-0.596,-0.025,-0.805,0.09,-0.0,-0.13,1,imu01,imu_20260817T174209Z,2,5804120
480124296000000,5824,-0.593,-0.021,-0.803,0.04,0.0,0.04,1,imu01,imu_20260817T174209Z,3,5824123
480124312000000,5844,-0.591,-0.021,-0.805,0.06,-0.04,-0.03,1,imu01,imu_20260817T174209Z,4,5844120
480124328000000,5864,-0.595,-0.022,-0.815,0.06,0.01,-0.01,1,imu01,imu_20260817T174209Z,5,5864123
480124359000000,5884,-0.592,-0.021,-0.81,0.04,0.19,0.14,1,imu01,imu_20260817T174209Z,6,5884120
480124375000000,5904,-0.59,-0.02,-0.805,-0.06,-0.08,0.06,1,imu01,imu_20260817T174209Z,7,5904123
480124390000000,5924,-0.592,-0.023,-0.809,-0.0,-0.11,-0.09,1,imu01,imu_20260817T174209Z,8,5924120
480124421000000,5944,-0.585,-0.023,-0.807,0.09,-0.19,0.04,1,imu01,imu_20260817T174209Z,9,5944123
480124437000000,5964,-0.593,-0.021,-0.803,0.02,0.01,0.1,1,imu01,imu_20260817T174209Z,10,5964120
480124453000000,5984,-0.592,-0.022,-0.803,-0.06,-0.03,-0.05,1,imu01,imu_20260817T174209Z,11,5984123
480124468000000,6004,-0.589,-0.024,-0.805,0.07,-0.11,-0.03,1,imu01,imu_20260817T174209Z,12,6004120
480124500000000,6024,-0.596,-0.024,-0.809,-0.03,-0.0,0.07,1,imu01,imu_20260817T174209Z,13,6024123
480124515000000,6044,-0.595,-0.023,-0.8,0.01,0.28,-0.0,1,imu01,imu_20260817T174209Z,14,6044120
480124531000000,6064,-0.592,-0.022,-0.812,-0.01,-0.03,-0.16,1,imu01,imu_20260817T174209Z,15,6064123
480124562000000,6084,-0.594,-0.022,-0.804,-0.02,0.09,0.02,1,imu01,imu_20260817T174209Z,16,6084120
480124578000000,6104,-0.585,-0.023,-0.81,-0.02,0.25,0.03,1,imu01,imu_20260817T174209Z,17,6104123
480124593000000,6124,-0.589,-0.018,-0.803,-0.03,0.23,-0.07,1,imu01,imu_20260817T174209Z,18,6124120
480124609000000,6144,-0.59,-0.021,-0.802,-0.03,0.06,0.07,1,imu01,imu_20260817T174209Z,19,6144123
480124640000000,6164,-0.59,-0.019,-0.807,-0.02,0.02,0.1,1,imu01,imu_20260817T174209Z,20,6164120
480124656000000,6184,-0.591,-0.02,-0.801,0.01,0.15,0.03,1,imu01,imu_20260817T174209Z,21,6184123
480124671000000,6204,-0.593,-0.02,-0.806,-0.01,0.26,-0.06,1,imu01,imu_20260817T174209Z,22,6204120
480124687000000,6224,-0.587,-0.023,-0.797,0.03,-0.07,-0.06,1,imu01,imu_20260817T174209Z,23,6224123
480124718000000,6244,-0.596,-0.02,-0.81,0.01,-0.09,0.0,1,imu01,imu_20260817T174209Z,24,6244120
480124734000000,6264,-0.594,-0.022,-0.812,-0.02,0.19,-0.06,1,imu01,imu_20260817T174209Z,25,6264123
480124750000000,6284,-0.595,-0.02,-0.808,0.06,0.09,0.02,1,imu01,imu_20260817T174209Z,26,6284120
480124781000000,6304,-0.592,-0.022,-0.801,0.05,-0.07,0.08,1,imu01,imu_20260817T174209Z,27,6304123
480124796000000,6324,-0.589,-0.023,-0.811,0.06,-0.1,0.05,1,imu01,imu_20260817T174209Z,28,6324120
480124812000000,6344,-0.589,-0.024,-0.804,-0.02,0.09,0.05,1,imu01,imu_20260817T174209Z,29,6344123
480124828000000,6364,-0.59,-0.021,-0.806,0.01,-0.05,0.02,1,imu01,imu_20260817T174209Z,30,6364120
480124859000000,6384,-0.588,-0.022,-0.803,0.03,-0.0,0.04,1,imu01,imu_20260817T174209Z,31,6384123
480124875000000,6404,-0.593,-0.022,-0.803,0.04,-0.1,-0.14,1,imu01,imu_20260817T174209Z,32,6404120
480124890000000,6424,-0.595,-0.022,-0.8,-0.02,0.05,0.13,1,imu01,imu_20260817T174209Z,33,6424123
480124921000000,6444,-0.592,-0.02,-0.803,0.03,-0.04,0.08,1,imu01,imu_20260817T174209Z,34,6444120
480124937000000,6464,-0.591,-0.018,-0.806,0.16,-0.11,-0.03,1,imu01,imu_20260817T174209Z,35,6464123
480124953000000,6484,-0.596,-0.02,-0.801,0.03,-0.0,-0.02,1,imu01,imu_20260817T174209Z,36,6484120
480124968000000,6504,-0.594,-0.021,-0.801,-0.05,0.04,0.09,1,imu01,imu_20260817T174209Z,37,6504123
480125000000000,6524,-0.591,-0.019,-0.801,-0.02,-0.06,-0.05,1,imu01,imu_20260817T174209Z,38,6524120
480125015000000,6544,-0.593,-0.021,-0.805,0.17,-0.13,-0.0,1,imu01,imu_20260817T174209Z,39,6544123
480125031000000,6564,-0.592,-0.022,-0.804,-0.04,0.03,0.04,1,imu01,imu_20260817T174209Z,40,6564120
480125046000000,6584,-0.595,-0.02,-0.804,0.04,-0.09,0.0,1,imu01,imu_20260817T174209Z,41,6584123
480125078000000,6604,-0.593,-0.019,-0.807,-0.03,-0.03,-0.11,1,imu01,imu_20260817T174209Z,42,6604120
480125093000000,6624,-0.594,-0.02,-0.804,-0.0,-0.0,0.04,1,imu01,imu_20260817T174209Z,43,6624123
480125109000000,6644,-0.591,-0.022,-0.806,0.06,0.18,0.08,1,imu01,imu_20260817T174209Z,44,6644120
480125140000000,6664,-0.593,-0.021,-0.807,-0.08,-0.04,-0.02,1,imu01,imu_20260817T174209Z,45,6664123
480125156000000,6684,-0.592,-0.018,-0.805,-0.04,-0.03,-0.06,1,imu01,imu_20260817T174209Z,46,6684120
480125171000000,6704,-0.592,-0.024,-0.802,-0.0,-0.02,0.15,1,imu01,imu_20260817T174209Z,47,6704123
480125187000000,6724,-0.593,-0.025,-0.801,-0.02,0.15,0.0,1,imu01,imu_20260817T174209Z,48,6724120
480125218000000,6744,-0.593,-0.027,-0.806,-0.08,0.07,-0.07,1,imu01,imu_20260817T174209Z,49,6744123
480125234000000,6764,-0.589,-0.023,-0.806,-0.05,0.16,0.0,1,imu01,imu_20260817T174209Z,50,6764120
480125250000000,6784,-0.589,-0.02,-0.806,0.05,0.21,-0.0,1,imu01,imu_20260817T174209Z,51,6784123
480125281000000,6804,-0.594,-0.02,-0.806,0.01,0.19,0.02,1,imu01,imu_20260817T174209Z,52,6804120
480125296000000,6824,-0.586,-0.018,-0.806,0.05,-0.02,-0.05,1,imu01,imu_20260817T174209Z,53,6824123
480125312000000,6844,-0.591,-0.02,-0.807,0.01,-0.08,-0.0,1,imu01,imu_20260817T174209Z,54,6844120
480125328000000,6864,-0.592,-0.023,-0.808,-0.01,0.16,-0.01,1,imu01,imu_20260817T174209Z,55,6864123
480125359000000,6884,-0.592,-0.018,-0.807,-0.04,0.08,-0.01,1,imu01,imu_20260817T174209Z,56,6884120
480125375000000,6904,-0.594,-0.023,-0.804,-0.06,0.0,0.0,1,imu01,imu_20260817T174209Z,57,6904123
480125390000000,6924,-0.589,-0.024,-0.808,-0.01,-0.03,0.07,1,imu01,imu_20260817T174209Z,58,6924120
480125421000000,6944,-0.598,-0.025,-0.808,-0.04,0.1,0.02,1,imu01,imu_20260817T174209Z,59,6944123
480125437000000,6964,-0.592,-0.021,-0.805,-0.0,0.05,0.07,1,imu01,imu_20260817T174209Z,60,6964120
480125453000000,6984,-0.594,-0.019,-0.804,0.05,-0.03,0.06,1,imu01,imu_20260817T174209Z,61,6984123
480125468000000,7004,-0.592,-0.023,-0.809,0.14,0.02,-0.04,1,imu01,imu_20260817T174209Z,62,7004120
480125500000000,7024,-0.594,-0.025,-0.807,-0.09,0.08,0.05,1,imu01,imu_20260817T174209Z,63,7024123
480125515000000,7044,-0.592,-0.022,-0.803,0.02,0.01,0.04,1,imu01,imu_20260817T174209Z,64,7044120
480125531000000,7064,-0.592,-0.021,-0.803,0.01,-0.13,0.06,1,imu01,imu_20260817T174209Z,65,7064123
480125562000000,7084,-0.595,-0.026,-0.801,0.11,-0.12,-0.1,1,imu01,imu_20260817T174209Z,66,7084120
480125578000000,7104,-0.592,-0.024,-0.804,0.1,0.03,0.16,1,imu01,imu_20260817T174209Z,67,7104123
480125593000000,7124,-0.589,-0.025,-0.802,0.02,-0.02,0.14,1,imu01,imu_20260817T174209Z,68,7124120
480125609000000,7144,-0.594,-0.022,-0.801,0.06,-0.16,-0.04,1,imu01,imu_20260817T174209Z,69,7144123
480125640000000,7164,-0.592,-0.025,-0.808,0.14,-0.06,0.02,1,imu01,imu_20260817T174209Z,70,7164120
480125656000000,7184,-0.593,-0.022,-0.806,0.09,-0.06,0.1,1,imu01,imu_20260817T174209Z,71,7184123
480125671000000,7204,-0.589,-0.022,-0.8,0.09,-0.06,-0.06,1,imu01,imu_20260817T174209Z,72,7204120
480125687000000,7224,-0.591,-0.022,-0.809,0.21,-0.16,-0.04,1,imu01,imu_20260817T174209Z,73,7224123
480125718000000,7244,-0.595,-0.019,-0.813,0.01,0.04,-0.0,1,imu01,imu_20260817T174209Z,74,7244120
480125734000000,7264,-0.594,-0.024,-0.805,-0.04,-0.1,0.07,1,imu01,imu_20260817T174209Z,75,7264123
480125750000000,7284,-0.59,-0.024,-0.802,0.07,0.0,-0.02,1,imu01,imu_20260817T174209Z,76,7284120
480125781000000,7304,-0.596,-0.024,-0.804,0.01,-0.03,0.07,1,imu01,imu_20260817T174209Z,77,7304123
480125796000000,7324,-0.591,-0.023,-0.801,0.04,0.1,0.07,1,imu01,imu_20260817T174209Z,78,7324120
480125812000000,7344,-0.594,-0.022,-0.807,0.01,-0.01,-0.12,1,imu01,imu_20260817T174209Z,79,7344123
480125828000000,7364,-0.598,-0.021,-0.802,0.02,-0.03,0.07,1,imu01,imu_20260817T174209Z,80,7364120
480125859000000,7384,-0.59,-0.023,-0.803,0.08,0.06,0.1,1,imu01,imu_20260817T174209Z,81,7384123
480125875000000,7404,-0.59,-0.022,-0.806,-0.01,0.09,0.0,1,imu01,imu_20260817T174209Z,82,7404120
480125890000000,7424,-0.592,-0.026,-0.803,-0.05,0.02,-0.04,1,imu01,imu_20260817T174209Z,83,7424123
480125921000000,7444,-0.596,-0.021,-0.811,-0.03,-0.04,-0.1,1,imu01,imu_20260817T174209Z,84,7444120
480125937000000,7464,-0.593,-0.023,-0.797,0.01,0.07,0.02,1,imu01,imu_20260817T174209Z,85,7464123
480125953000000,7484,-0.59,-0.02,-0.805,-0.0,0.06,-0.1,1,imu01,imu_20260817T174209Z,86,7484120
480125968000000,7504,-0.592,-0.019,-0.803,0.02,-0.07,-0.02,1,imu01,imu_20260817T174209Z,87,7504123
480126000000000,7524,-0.591,-0.019,-0.803,0.02,-0.1,0.04,1,imu01,imu_20260817T174209Z,88,7524120
480126015000000,7544,-0.589,-0.022,-0.806,0.01,0.19,0.08,1,imu01,imu_20260817T174209Z,89,7544123
480126031000000,7564,-0.592,-0.021,-0.806,-0.04,0.16,0.0,1,imu01,imu_20260817T174209Z,90,7564120
480126046000000,7584,-0.595,-0.021,-0.801,-0.02,-0.02,-0.01,1,imu01,imu_20260817T174209Z,91,7584123
480126078000000,7604,-0.588,-0.018,-0.791,0.01,0.05,-0.04,1,imu01,imu_20260817T174209Z,92,7604120
480126093000000,7624,-0.595,-0.026,-0.81,-0.02,0.1,-0.06,1,imu01,imu_20260817T174209Z,93,7624123
480126109000000,7644,-0.598,-0.021,-0.808,-0.04,0.02,0.04,1,imu01,imu_20260817T174209Z,94,7644120
480126140000000,7664,-0.589,-0.026,-0.81,-0.05,0.02,0.04,1,imu01,imu_20260817T174209Z,95,7664123
480126156000000,7684,-0.592,-0.024,-0.81,0.04,-0.1,0.07,1,imu01,imu_20260817T174209Z,96,7684120
480126171000000,7704,-0.592,-0.019,-0.813,-0.05,0.1,0.12,1,imu01,imu_20260817T174209Z,97,7704123
480126187000000,7724,-0.588,-0.022,-0.8,-0.01,-0.03,0.03,1,imu01,imu_20260817T174209Z,98,7724120
480126218000000,7744,-0.592,-0.021,-0.809,0.06,-0.04,0.04,1,imu01,imu_20260817T174209Z,99,7744123
480126234000000,7764,-0.589,-0.018,-0.807,0.16,-0.17,-0.06,1,imu01,imu_20260817T174209Z,100,7764120
480126250000000,7784,-0.595,-0.022,-0.807,0.07,-0.13,0.08,1,imu01,imu_20260817T174209Z,101,7784123
480126281000000,7804,-0.595,-0.022,-0.806,0.05,-0.27,0.04,1,imu01,imu_20260817T174209Z,102,7804120
480126296000000,7824,-0.588,-0.022,-0.798,0.01,0.02,-0.1,1,imu01,imu_20260817T174209Z,103,7824123
480126312000000,7844,-0.588,-0.021,-0.8,0.1,0.03,0.09,1,imu01,imu_20260817T174209Z,104,7844120
480126328000000,7864,-0.592,-0.022,-0.809,0.05,-0.04,0.07,1,imu01,imu_20260817T174209Z,105,7864123
480126359000000,7884,-0.593,-0.02,-0.811,0.02,-0.03,-0.08,1,imu01,imu_20260817T174209Z,106,7884120
480126375000000,7904,-0.592,-0.024,-0.803,0.01,0.03,-0.03,1,imu01,imu_20260817T174209Z,107,7904123
480126390000000,7924,-0.59,-0.022,-0.804,0.06,0.02,0.09,1,imu01,imu_20260817T174209Z,108,7924120
480126421000000,7944,-0.591,-0.023,-0.805,0.04,-0.16,0.08,1,imu01,imu_20260817T174209Z,109,7944123
480126437000000,7964,-0.591,-0.022,-0.808,0.02,-0.17,-0.07,1,imu01,imu_20260817T174209Z,110,7964120
480126453000000,7984,-0.596,-0.021,-0.797,0.09,-0.15,0.07,1,imu01,imu_20260817T174209Z,111,7984123
480126468000000,8004,-0.592,-0.023,-0.805,0.01,-0.05,0.08,1,imu01,imu_20260817T174209Z,112,8004120
480126500000000,8024,-0.595,-0.02,-0.805,-0.02,-0.19,-0.08,1,imu01,imu_20260817T174209Z,113,8024123
480126515000000,8044,-0.596,-0.021,-0.801,-0.05,-0.1,-0.04,1,imu01,imu_20260817T174209Z,114,8044120
480126531000000,8064,-0.588,-0.022,-0.805,-0.0,0.2,0.11,1,imu01,imu_20260817T174209Z,115,8064123
480126546000000,8084,-0.594,-0.022,-0.804,0.03,0.19,0.08,1,imu01,imu_20260817T174209Z,116,8084120
480126578000000,8104,-0.592,-0.02,-0.807,-0.02,0.04,-0.07,1,imu01,imu_20260817T174209Z,117,8104123
480126593000000,8124,-0.587,-0.021,-0.8,0.01,0.13,0.04,1,imu01,imu_20260817T174209Z,118,8124120
480126609000000,8144,-0.594,-0.019,-0.807,-0.08,0.19,0.07,1,imu01,imu_20260817T174209Z,119,8144123
480126640000000,8164,-0.59,-0.021,-0.804,-0.02,0.19,0.02,1,imu01,imu_20260817T174209Z,120,8164120
480126656000000,8184,-0.592,-0.023,-0.808,-0.05,-0.06,-0.12,1,imu01,imu_20260817T174209Z,121,8184123
480126671000000,8204,-0.59,-0.022,-0.802,0.02,0.06,-0.03,1,imu01,imu_20260817T174209Z,122,8204120
480126687000000,8224,-0.589,-0.022,-0.804,-0.02,0.14,-0.0,1,imu01,imu_20260817T174209Z,123,8224123
480126718000000,8244,-0.59,-0.025,-0.805,0.02,0.13,-0.01,1,imu01,imu_20260817T174209Z,124,8244120
480126734000000,8264,-0.594,-0.024,-0.811,0.01,-0.06,-0.07,1,imu01,imu_20260817T174209Z,125,8264123
480126750000000,8284,-0.592,-0.02,-0.809,0.07,0.04,-0.05,1,imu01,imu_20260817T174209Z,126,8284120
480126781000000,8304,-0.59,-0.023,-0.816,-0.02,0.12,0.01,1,imu01,imu_20260817T174209Z,127,8304123
480126796000000,8324,-0.589,-0.019,-0.799,0.03,0.11,-0.02,1,imu01,imu_20260817T174209Z,128,8324120
480126812000000,8344,-0.595,-0.02,-0.804,-0.02,-0.07,-0.08,1,imu01,imu_20260817T174209Z,129,8344123
480126828000000,8364,-0.595,-0.022,-0.807,0.02,-0.08,-0.09,1,imu01,imu_20260817T174209Z,130,8364120
480126859000000,8384,-0.591,-0.021,-0.803,0.07,0.01,0.02,1,imu01,imu_20260817T174209Z,131,8384123
480126875000000,8404,-0.591,-0.022,-0.798,-0.01,-0.07,0.2,1,imu01,imu_20260817T174209Z,132,8404120
480126890000000,8424,-0.59,-0.021,-0.806,0.01,-0.06,0.04,1,imu01,imu_20260817T174209Z,133,8424123
480126921000000,8444,-0.592,-0.024,-0.802,0.02,-0.13,0.0,1,imu01,imu_20260817T174209Z,134,8444120
480126937000000,8464,-0.592,-0.028,-0.8,0.02,-0.0,-0.0,1,imu01,imu_20260817T174209Z,135,8464123
480126953000000,8484,-0.592,-0.02,-0.799,-0.0,0.02,0.16,1,imu01,imu_20260817T174209Z,136,8484120
480126968000000,8504,-0.593,-0.028,-0.813,0.05,-0.06,-0.03,1,imu01,imu_20260817T174209Z,137,8504123
480127000000000,8524,-0.595,-0.019,-0.804,0.08,-0.12,0.0,1,imu01,imu_20260817T174209Z,138,8524120
480127015000000,8544,-0.586,-0.024,-0.809,0.01,0.09,0.11,1,imu01,imu_20260817T174209Z,139,8544123
480127031000000,8564,-0.591,-0.023,-0.812,-0.05,-0.13,-0.03,1,imu01,imu_20260817T174209Z,140,8564120
480127062000000,8584,-0.594,-0.02,-0.807,0.06,-0.1,0.05,1,imu01,imu_20260817T174209Z,141,8584123
480127078000000,8604,-0.589,-0.019,-0.808,-0.03,0.0,0.06,1,imu01,imu_20260817T174209Z,142,8604120
480127093000000,8624,-0.591,-0.028,-0.808,-0.02,-0.06,0.02,1,imu01,imu_20260817T174209Z,143,8624123
480127109000000,8644,-0.592,-0.019,-0.812,-0.0,-0.07,0.01,1,imu01,imu_20260817T174209Z,144,8644120
480127140000000,8664,-0.596,-0.021,-0.81,0.08,-0.11,-0.02,1,imu01,imu_20260817T174209Z,145,8664123
480127156000000,8684,-0.592,-0.022,-0.803,-0.05,0.13,0.06,1,imu01,imu_20260817T174209Z,146,8684120
480127171000000,8704,-0.587,-0.023,-0.806,-0.01,0.0,-0.08,1,imu01,imu_20260817T174209Z,147,8704123
480127187000000,8724,-0.592,-0.021,-0.805,-0.0,0.04,0.04,1,imu01,imu_20260817T174209Z,148,8724120
480127218000000,8744,-0.596,-0.019,-0.811,0.04,0.09,0.07,1,imu01,imu_20260817T174209Z,149,8744123
480127234000000,8764,-0.593,-0.021,-0.805,-0.03,0.25,-0.03,1,imu01,imu_20260817T174209Z,150,8764120
480127250000000,8784,-0.593,-0.022,-0.803,-0.15,0.05,-0.12,1,imu01,imu_20260817T174209Z,151,8784123
480127281000000,8804,-0.591,-0.021,-0.797,-0.1,0.02,0.05,1,imu01,imu_20260817T174209Z,152,8804120
480127296000000,8824,-0.59,-0.023,-0.806,0.01,0.09,-0.0,1,imu01,imu_20260817T174209Z,153,8824123
480127312000000,8844,-0.589,-0.023,-0.802,-0.01,0.12,-0.03,1,imu01,imu_20260817T174209Z,154,8844120
480127328000000,8864,-0.591,-0.022,-0.802,0.01,-0.01,-0.04,1,imu01,imu_20260817T174209Z,155,8864123
480127359000000,8884,-0.593,-0.022,-0.803,-0.04,-0.05,0.0,1,imu01,imu_20260817T174209Z,156,8884120
480127375000000,8904,-0.59,-0.018,-0.803,-0.02,0.12,0.01,1,imu01,imu_20260817T174209Z,157,8904123
480127390000000,8924,-0.597,-0.017,-0.808,-0.04,0.26,-0.06,1,imu01,imu_20260817T174209Z,158,8924120
480127421000000,8944,-0.589,-0.022,-0.804,-0.05,0.02,0.03,1,imu01,imu_20260817T174209Z,159,8944123
480127437000000,8964,-0.588,-0.022,-0.805,-0.03,0.03,0.05,1,imu01,imu_20260817T174209Z,160,8964120
480127453000000,8984,-0.589,-0.022,-0.799,-0.04,0.14,-0.06,1,imu01,imu_20260817T174209Z,161,8984123
480127468000000,9004,-0.598,-0.024,-0.806,-0.06,0.14,-0.0,1,imu01,imu_20260817T174209Z,162,9004120
480127500000000,9024,-0.589,-0.024,-0.806,-0.08,0.07,0.02,1,imu01,imu_20260817T174209Z,163,9024123
480127515000000,9044,-0.593,-0.024,-0.812,-0.01,-0.1,0.0,1,imu01,imu_20260817T174209Z,164,9044120
480127531000000,9064,-0.59,-0.025,-0.813,-0.03,0.07,0.0,1,imu01,imu_20260817T174209Z,165,9064123
480127546000000,9084,-0.591,-0.019,-0.805,-0.05,-0.12,0.04,1,imu01,imu_20260817T174209Z,166,9084120
480127578000000,9104,-0.589,-0.019,-0.805,0.01,-0.04,0.02,1,imu01,imu_20260817T174209Z,167,9104123
480127593000000,9124,-0.591,-0.027,-0.8,0.14,-0.05,-0.06,1,imu01,imu_20260817T174209Z,168,9124120
480127609000000,9144,-0.588,-0.02,-0.807,0.06,-0.1,-0.0,1,imu01,imu_20260817T174209Z,169,9144123
480127640000000,9164,-0.597,-0.023,-0.814,0.06,-0.1,0.04,1,imu01,imu_20260817T174209Z,170,9164120
480127656000000,9184,-0.591,-0.022,-0.803,0.11,-0.16,-0.13,1,imu01,imu_20260817T174209Z,171,9184123
480127671000000,9204,-0.592,-0.019,-0.804,0.04,-0.07,0.04,1,imu01,imu_20260817T174209Z,172,9204120
480127687000000,9224,-0.593,-0.022,-0.802,0.03,-0.04,0.05,1,imu01,imu_20260817T174209Z,173,9224123
480127718000000,9244,-0.592,-0.022,-0.8,-0.02,-0.1,0.03,1,imu01,imu_20260817T174209Z,174,9244120
480127734000000,9264,-0.591,-0.022,-0.812,0.07,-0.23,-0.07,1,imu01,imu_20260817T174209Z,175,9264123
480127750000000,9284,-0.595,-0.024,-0.804,0.1,-0.17,-0.03,1,imu01,imu_20260817T174209Z,176,9284120
480127781000000,9304,-0.587,-0.026,-0.807,-0.04,-0.03,0.04,1,imu01,imu_20260817T174209Z,177,9304123
480127796000000,9324,-0.593,-0.017,-0.813,-0.02,-0.08,0.03,1,imu01,imu_20260817T174209Z,178,9324120
480127812000000,9344,-0.594,-0.021,-0.802,0.03,-0.05,-0.03,1,imu01,imu_20260817T174209Z,179,9344123
480127828000000,9364,-0.587,-0.022,-0.806,-0.04,0.13,0.09,1,imu01,imu_20260817T174209Z,180,9364120
480127859000000,9384,-0.591,-0.025,-0.809,0.02,0.02,-0.05,1,imu01,imu_20260817T174209Z,181,9384123
480127875000000,9404,-0.587,-0.02,-0.806,-0.07,0.05,0.08,1,imu01,imu_20260817T174209Z,182,9404120
480127890000000,9424,-0.593,-0.024,-0.806,0.05,0.1,0.07,1,imu01,imu_20260817T174209Z,183,9424123
480127921000000,9444,-0.594,-0.02,-0.802,-0.01,0.16,-0.05,1,imu01,imu_20260817T174209Z,184,9444120
480127937000000,9464,-0.588,-0.023,-0.802,-0.06,-0.03,-0.03,1,imu01,imu_20260817T174209Z,185,9464123
480127953000000,9484,-0.594,-0.022,-0.805,-0.05,-0.05,-0.01,1,imu01,imu_20260817T174209Z,186,9484120
480127968000000,9504,-0.592,-0.024,-0.802,0.05,0.05,0.04,1,imu01,imu_20260817T174209Z,187,9504123
480128000000000,9524,-0.589,-0.024,-0.8,-0.1,0.1,0.01,1,imu01,imu_20260817T174209Z,188,9524120
480128015000000,9544,-0.59,-0.022,-0.809,-0.07,-0.03,-0.07,1,imu01,imu_20260817T174209Z,189,9544123
480128031000000,9564,-0.592,-0.02,-0.812,-0.05,-0.05,-0.03,1,imu01,imu_20260817T174209Z,190,9564120
480128046000000,9584,-0.585,-0.02,-0.803,-0.06,0.19,0.05,1,imu01,imu_20260817T174209Z,191,9584123
480128078000000,9604,-0.59,-0.019,-0.807,-0.05,0.1,-0.1,1,imu01,imu_20260817T174209Z,192,9604120
480128093000000,9624,-0.593,-0.021,-0.801,0.01,0.09,0.02,1,imu01,imu_20260817T174209Z,193,9624123
480128109000000,9644,-0.593,-0.022,-0.799,-0.01,-0.02,0.09,1,imu01,imu_20260817T174209Z,194,9644120
480128140000000,9664,-0.589,-0.025,-0.802,-0.03,0.16,-0.02,1,imu01,imu_20260817T174209Z,195,9664123
480128156000000,9684,-0.59,-0.02,-0.802,-0.02,0.12,-0.02,1,imu01,imu_20260817T174209Z,196,9684120
480128171000000,9704,-0.592,-0.021,-0.803,-0.03,-0.03,0.04,1,imu01,imu_20260817T174209Z,197,9704123
480128187000000,9724,-0.59,-0.022,-0.803,-0.0,0.03,-0.04,1,imu01,imu_20260817T174209Z,198,9724120
480128218000000,9744,-0.596,-0.02,-0.811,0.01,0.13,-0.07,1,imu01,imu_20260817T174209Z,199,9744123
480128234000000,9764,-0.593,-0.022,-0.809,-0.05,0.03,0.07,1,imu01,imu_20260817T174209Z,200,9764120
480128250000000,9784,-0.586,-0.025,-0.806,-0.0,0.05,0.04,1,imu01,imu_20260817T174209Z,201,9784123
480128281000000,9804,-0.592,-0.019,-0.804,0.02,-0.11,-0.07,1,imu01,imu_20260817T174209Z,202,9804120
480128296000000,9824,-0.592,-0.022,-0.802,-0.01,-0.01,0.07,1,imu01,imu_20260817T174209Z,203,9824123
480128312000000,9844,-0.593,-0.019,-0.801,0.04,-0.25,0.1,1,imu01,imu_20260817T174209Z,204,9844120
480128328000000,9864,-0.593,-0.019,-0.805,0.17,-0.26,-0.18,1,imu01,imu_20260817T174209Z,205,9864123
480128359000000,9884,-0.589,-0.02,-0.802,0.13,-0.13,0.04,1,imu01,imu_20260817T174209Z,206,9884120
480128375000000,9904,-0.592,-0.018,-0.8,-0.05,-0.13,0.12,1,imu01,imu_20260817T174209Z,207,9904123
480128390000000,9924,-0.591,-0.024,-0.802,-0.02,-0.14,0.01,1,imu01,imu_20260817T174209Z,208,9924120
480128421000000,9944,-0.592,-0.023,-0.808,0.1,-0.25,-0.03,1,imu01,imu_20260817T174209Z,209,9944123
480128437000000,9964,-0.59,-0.022,-0.807,-0.0,0.02,0.1,1,imu01,imu_20260817T174209Z,210,9964120
480128453000000,9984,-0.595,-0.024,-0.807,-0.06,-0.0,0.07,1,imu01,imu_20260817T174209Z,211,9984123
480128468000000,10004,-0.595,-0.023,-0.808,0.02,-0.07,-0.11,1,imu01,imu_20260817T174209Z,212,10004120
480128500000000,10024,-0.592,-0.019,-0.808,0.05,-0.03,0.06,1,imu01,imu_20260817T174209Z,213,10024123
480128515000000,10044,-0.591,-0.023,-0.809,0.01,0.05,0.04,1,imu01,imu_20260817T174209Z,214,10044120
480128531000000,10064,-0.592,-0.021,-0.811,0.05,-0.04,-0.01,1,imu01,imu_20260817T174209Z,215,10064123
480128562000000,10084,-0.588,-0.018,-0.8,0.06,-0.06,-0.08,1,imu01,imu_20260817T174209Z,216,10084120
480128578000000,10104,-0.597,-0.021,-0.801,-0.01,-0.06,-0.03,1,imu01,imu_20260817T174209Z,217,10104123
480128593000000,10124,-0.593,-0.02,-0.808,-0.01,0.17,0.08,1,imu01,imu_20260817T174209Z,218,10124120
480128609000000,10144,-0.589,-0.022,-0.806,0.01,-0.03,-0.03,1,imu01,imu_20260817T174209Z,219,10144123
480128640000000,10164,-0.592,-0.028,-0.811,0.01,-0.0,-0.11,1,imu01,imu_20260817T174209Z,220,10164120
480128656000000,10184,-0.593,-0.026,-0.807,-0.03,-0.04,-0.07,1,imu01,imu_20260817T174209Z,221,10184123
480128671000000,10204,-0.591,-0.024,-0.807,-0.05,0.1,-0.03,1,imu01,imu_20260817T174209Z,222,10204120
480128687000000,10224,-0.593,-0.024,-0.803,-0.05,0.16,0.0,1,imu01,imu_20260817T174209Z,223,10224123
480128718000000,10244,-0.589,-0.022,-0.802,0.02,0.12,-0.09,1,imu01,imu_20260817T174209Z,224,10244120
480128734000000,10264,-0.591,-0.022,-0.808,-0.08,0.09,0.01,1,imu01,imu_20260817T174209Z,225,10264123
480128750000000,10284,-0.596,-0.021,-0.806,-0.09,0.08,-0.03,1,imu01,imu_20260817T174209Z,226,10284120
480128781000000,10304,-0.597,-0.021,-0.804,-0.07,-0.13,-0.15,1,imu01,imu_20260817T174209Z,227,10304123
480128796000000,10324,-0.597,-0.016,-0.81,-0.0,-0.06,0.03,1,imu01,imu_20260817T174209Z,228,10324120
480128812000000,10344,-0.587,-0.022,-0.807,-0.02,0.13,-0.02,1,imu01,imu_20260817T174209Z,229,10344123
480128828000000,10364,-0.593,-0.022,-0.806,-0.03,0.1,0.05,1,imu01,imu_20260817T174209Z,230,10364120
480128859000000,10384,-0.594,-0.024,-0.804,-0.03,-0.06,-0.01,1,imu01,imu_20260817T174209Z,231,10384123
480128875000000,10404,-0.593,-0.018,-0.814,-0.05,0.02,0.0,1,imu01,imu_20260817T174209Z,232,10404120
480128890000000,10424,-0.594,-0.022,-0.803,-0.07,0.1,-0.02,1,imu01,imu_20260817T174209Z,233,10424123
480128921000000,10444,-0.591,-0.021,-0.804,-0.02,0.08,0.04,1,imu01,imu_20260817T174209Z,234,10444120
480128937000000,10464,-0.593,-0.016,-0.804,-0.03,0.03,0.05,1,imu01,imu_20260817T174209Z,235,10464123
480128953000000,10484,-0.588,-0.022,-0.807,0.06,-0.06,-0.01,1,imu01,imu_20260817T174209Z,236,10484120
480128968000000,10504,-0.588,-0.022,-0.809,-0.08,0.04,0.13,1,imu01,imu_20260817T174209Z,237,10504123
480129000000000,10524,-0.587,-0.019,-0.807,-0.03,0.06,0.06,1,imu01,imu_20260817T174209Z,238,10524120
480129015000000,10544,-0.592,-0.024,-0.817,0.02,-0.0,-0.01,1,imu01,imu_20260817T174209Z,239,10544123
480129031000000,10564,-0.591,-0.017,-0.802,-0.04,-0.16,-0.11,1,imu01,imu_20260817T174209Z,240,10564120
480129046000000,10584,-0.588,-0.021,-0.81,0.04,-0.01,0.07,1,imu01,imu_20260817T174209Z,241,10584123
480129078000000,10604,-0.591,-0.022,-0.805,0.04,0.05,-0.03,1,imu01,imu_20260817T174209Z,242,10604120
480129093000000,10624,-0.596,-0.025,-0.804,0.11,-0.07,-0.03,1,imu01,imu_20260817T174209Z,243,10624123
480129109000000,10644,-0.591,-0.026,-0.809,0.09,0.0,0.11,1,imu01,imu_20260817T174209Z,244,10644120
480129140000000,10664,-0.594,-0.022,-0.804,-0.0,-0.02,0.1,1,imu01,imu_20260817T174209Z,245,10664123
480129156000000,10684,-0.59,-0.02,-0.805,-0.04,-0.02,-0.0,1,imu01,imu_20260817T174209Z,246,10684120
480129171000000,10704,-0.589,-0.019,-0.802,0.07,-0.08,-0.02,1,imu01,imu_20260817T174209Z,247,10704123
480129187000000,10724,-0.592,-0.019,-0.803,0.08,0.03,0.1,1,imu01,imu_20260817T174209Z,248,10724120
480129218000000,10744,-0.59,-0.023,-0.804,0.01,-0.07,-0.0,1,imu01,imu_20260817T174209Z,249,10744123
480129234000000,10764,-0.592,-0.021,-0.803,0.07,-0.19,-0.14,1,imu01,imu_20260817T174209Z,250,10764120
480129250000000,10784,-0.592,-0.021,-0.806,0.05,-0.15,0.01,1,imu01,imu_20260817T174209Z,251,10784123
480129281000000,10804,-0.59,-0.021,-0.806,-0.01,0.07,-0.0,1,imu01,imu_20260817T174209Z,252,10804120
480129296000000,10824,-0.592,-0.016,-0.801,0.05,-0.02,-0.06,1,imu01,imu_20260817T174209Z,253,10824123
480129312000000,10844,-0.591,-0.016,-0.806,-0.08,0.02,-0.05,1,imu01,imu_20260817T174209Z,254,10844120
480129328000000,10864,-0.589,-0.024,-0.805,-0.01,0.19,0.04,1,imu01,imu_20260817T174209Z,255,10864123
480129359000000,10884,-0.592,-0.023,-0.806,-0.05,0.13,-0.0,1,imu01,imu_20260817T174209Z,256,10884120
480129375000000,10904,-0.591,-0.02,-0.803,-0.04,-0.03,-0.06,1,imu01,imu_20260817T174209Z,257,10904123
480129390000000,10924,-0.589,-0.023,-0.804,0.03,-0.1,-0.03,1,imu01,imu_20260817T174209Z,258,10924120
480129421000000,10944,-0.591,-0.022,-0.803,-0.05,0.05,0.04,1,imu01,imu_20260817T174209Z,259,10944123
480129437000000,10964,-0.596,-0.027,-0.808,-0.05,0.18,-0.05,1,imu01,imu_20260817T174209Z,260,10964120
480129453000000,10984,-0.589,-0.023,-0.804,-0.08,0.1,0.04,1,imu01,imu_20260817T174209Z,261,10984123
480129468000000,11004,-0.593,-0.025,-0.803,0.03,-0.04,0.04,1,imu01,imu_20260817T174209Z,262,11004120
480129500000000,11024,-0.594,-0.019,-0.807,0.05,0.13,-0.03,1,imu01,imu_20260817T174209Z,263,11024123
480129515000000,11044,-0.597,-0.021,-0.807,0.01,0.17,-0.03,1,imu01,imu_20260817T174209Z,264,11044120
480129531000000,11064,-0.596,-0.02,-0.807,-0.03,-0.0,0.03,1,imu01,imu_20260817T174209Z,265,11064123
480129562000000,11084,-0.591,-0.023,-0.8,-0.0,-0.02,-0.01,1,imu01,imu_20260817T174209Z,266,11084120
480129578000000,11104,-0.596,-0.022,-0.805,-0.02,0.11,-0.03,1,imu01,imu_20260817T174209Z,267,11104123
480129593000000,11124,-0.589,-0.023,-0.806,-0.02,0.03,0.0,1,imu01,imu_20260817T174209Z,268,11124120
480129609000000,11144,-0.595,-0.021,-0.806,-0.02,-0.0,0.04,1,imu01,imu_20260817T174209Z,269,11144123
480129640000000,11164,-0.592,-0.025,-0.808,0.09,-0.09,-0.06,1,imu01,imu_20260817T174209Z,270,11164120
480129656000000,11184,-0.589,-0.02,-0.809,0.06,-0.06,0.06,1,imu01,imu_20260817T174209Z,271,11184123
480129671000000,11204,-0.593,-0.022,-0.808,-0.05,-0.0,0.08,1,imu01,imu_20260817T174209Z,272,11204120
480129687000000,11224,-0.593,-0.025,-0.807,0.01,-0.02,0.0,1,imu01,imu_20260817T174209Z,273,11224123
480129718000000,11244,-0.594,-0.02,-0.801,0.03,-0.11,-0.03,1,imu01,imu_20260817T174209Z,274,11244120
480129734000000,11264,-0.589,-0.024,-0.801,0.05,-0.03,0.15,1,imu01,imu_20260817T174209Z,275,11264123
480129750000000,11284,-0.596,-0.024,-0.807,-0.02,-0.0,0.04,1,imu01,imu_20260817T174209Z,276,11284120
480129781000000,11304,-0.596,-0.021,-0.804,0.03,-0.13,-0.03,1,imu01,imu_20260817T174209Z,277,11304123
480129796000000,11324,-0.594,-0.023,-0.814,0.07,-0.03,0.09,1,imu01,imu_20260817T174209Z,278,11324120
480129812000000,11344,-0.594,-0.021,-0.805,0.07,-0.02,0.16,1,imu01,imu_20260817T174209Z,279,11344123
480129828000000,11364,-0.592,-0.021,-0.807,-0.02,-0.05,-0.06,1,imu01,imu_20260817T174209Z,280,11364120
480129859000000,11384,-0.59,-0.021,-0.805,0.05,-0.04,0.04,1,imu01,imu_20260817T174209Z,281,11384123
480129875000000,11404,-0.596,-0.027,-0.804,0.04,0.07,0.07,1,imu01,imu_20260817T174209Z,282,11404120
480129890000000,11424,-0.596,-0.027,-0.807,-0.07,-0.04,-0.02,1,imu01,imu_20260817T174209Z,283,11424123
480129921000000,11444,-0.594,-0.021,-0.807,-0.08,0.03,-0.09,1,imu01,imu_20260817T174209Z,284,11444120
480129937000000,11464,-0.595,-0.023,-0.803,0.05,-0.04,-0.1,1,imu01,imu_20260817T174209Z,285,11464123
480129953000000,11484,-0.588,-0.022,-0.806,0.03,0.09,-0.05,1,imu01,imu_20260817T174209Z,286,11484120
480129968000000,11504,-0.594,-0.023,-0.799,-0.02,-0.07,-0.03,1,imu01,imu_20260817T174209Z,287,11504123
480130000000000,11524,-0.593,-0.022,-0.799,-0.02,-0.04,-0.04,1,imu01,imu_20260817T174209Z,288,11524120
480130015000000,11544,-0.593,-0.023,-0.801,-0.07,0.15,-0.01,1,imu01,imu_20260817T174209Z,289,11544123
480130031000000,11564,-0.59,-0.018,-0.809,-0.02,0.18,0.02,1,imu01,imu_20260817T174209Z,290,11564120
480130062000000,11584,-0.591,-0.023,-0.801,0.01,0.04,-0.11,1,imu01,imu_20260817T174209Z,291,11584123
480130078000000,11604,-0.593,-0.023,-0.807,-0.01,0.02,-0.01,1,imu01,imu_20260817T174209Z,292,11604120
480130093000000,11624,-0.592,-0.018,-0.811,-0.02,0.09,0.04,1,imu01,imu_20260817T174209Z,293,11624123
480130109000000,11644,-0.594,-0.022,-0.804,-0.03,0.09,0.01,1,imu01,imu_20260817T174209Z,294,11644120
480130140000000,11664,-0.593,-0.021,-0.802,0.02,-0.04,-0.06,1,imu01,imu_20260817T174209Z,295,11664123
480130156000000,11684,-0.59,-0.024,-0.809,0.08,-0.06,-0.02,1,imu01,imu_20260817T174209Z,296,11684120
480130171000000,11704,-0.591,-0.026,-0.804,0.01,0.06,-0.06,1,imu01,imu_20260817T174209Z,297,11704123
480130187000000,11724,-0.593,-0.021,-0.808,-0.02,0.1,-0.09,1,imu01,imu_20260817T174209Z,298,11724120
480130218000000,11744,-0.594,-0.021,-0.809,0.04,-0.1,-0.06,1,imu01,imu_20260817T174209Z,299,11744123
480130234000000,11764,-0.592,-0.021,-0.808,0.11,-0.08,-0.1,1,imu01,imu_20260817T174209Z,300,11764120
480130250000000,11784,-0.589,-0.021,-0.805,-0.02,0.13,0.04,1,imu01,imu_20260817T174209Z,301,11784123
480130281000000,11804,-0.589,-0.02,-0.805,0.07,-0.03,0.0,1,imu01,imu_20260817T174209Z,302,11804120
480130296000000,11824,-0.588,-0.022,-0.802,-0.02,0.02,0.06,1,imu01,imu_20260817T174209Z,303,11824123
480130312000000,11844,-0.59,-0.022,-0.81,0.08,-0.1,0.05,1,imu01,imu_20260817T174209Z,304,11844120
480130328000000,11864,-0.595,-0.024,-0.799,-0.05,0.04,-0.02,1,imu01,imu_20260817T174209Z,305,11864123
480130359000000,11884,-0.597,-0.024,-0.804,-0.09,0.01,0.04,1,imu01,imu_20260817T174209Z,306,11884120
480130375000000,11904,-0.591,-0.023,-0.8,0.03,-0.09,0.01,1,imu01,imu_20260817T174209Z,307,11904123
480130390000000,11924,-0.59,-0.026,-0.802,0.08,-0.07,-0.09,1,imu01,imu_20260817T174209Z,308,11924120
480130421000000,11944,-0.593,-0.022,-0.81,0.03,0.02,0.03,1,imu01,imu_20260817T174209Z,309,11944123
480130437000000,11964,-0.595,-0.022,-0.807,0.01,-0.05,0.07,1,imu01,imu_20260817T174209Z,310,11964120
480130453000000,11984,-0.59,-0.02,-0.809,0.08,-0.1,-0.03,1,imu01,imu_20260817T174209Z,311,11984123
480130468000000,12004,-0.591,-0.024,-0.813,0.14,-0.05,0.06,1,imu01,imu_20260817T174209Z,312,12004120
480130500000000,12024,-0.592,-0.022,-0.806,0.1,-0.08,0.12,1,imu01,imu_20260817T174209Z,313,12024123
480130515000000,12044,-0.59,-0.022,-0.802,-0.03,-0.05,-0.03,1,imu01,imu_20260817T174209Z,314,12044120
480130531000000,12064,-0.59,-0.018,-0.805,0.14,-0.03,-0.1,1,imu01,imu_20260817T174209Z,315,12064123
480130562000000,12084,-0.592,-0.02,-0.807,0.03,0.02,-0.03,1,imu01,imu_20260817T174209Z,316,12084120
480130578000000,12104,-0.592,-0.025,-0.802,-0.01,0.13,0.07,1,imu01,imu_20260817T174209Z,317,12104123
480130593000000,12124,-0.592,-0.023,-0.807,-0.06,-0.03,0.04,1,imu01,imu_20260817T174209Z,318,12124120
480130609000000,12144,-0.593,-0.026,-0.81,-0.01,-0.03,-0.04,1,imu01,imu_20260817T174209Z,319,12144123
480130640000000,12164,-0.595,-0.024,-0.808,-0.01,0.13,0.02,1,imu01,imu_20260817T174209Z,320,12164120
480130656000000,12184,-0.59,-0.019,-0.806,-0.02,0.02,-0.03,1,imu01,imu_20260817T174209Z,321,12184123
480130671000000,12204,-0.594,-0.02,-0.803,-0.01,-0.06,-0.05,1,imu01,imu_20260817T174209Z,322,12204120
480130687000000,12224,-0.593,-0.022,-0.798,-0.02,0.06,0.11,1,imu01,imu_20260817T174209Z,323,12224123
480130718000000,12244,-0.591,-0.016,-0.804,-0.06,0.1,0.04,1,imu01,imu_20260817T174209Z,324,12244120
480130734000000,12264,-0.593,-0.021,-0.801,-0.02,-0.03,-0.01,1,imu01,imu_20260817T174209Z,325,12264123
480130750000000,12284,-0.591,-0.021,-0.801,-0.01,-0.13,-0.05,1,imu01,imu_20260817T174209Z,326,12284120
480130781000000,12304,-0.589,-0.022,-0.805,-0.03,0.02,-0.03,1,imu01,imu_20260817T174209Z,327,12304123
480130796000000,12324,-0.589,-0.025,-0.805,-0.05,0.16,-0.0,1,imu01,imu_20260817T174209Z,328,12324120
480130812000000,12344,-0.589,-0.02,-0.809,-0.04,0.03,-0.08,1,imu01,imu_20260817T174209Z,329,12344123
480130828000000,12364,-0.591,-0.018,-0.805,-0.0,-0.03,0.01,1,imu01,imu_20260817T174209Z,330,12364120
480130859000000,12384,-0.595,-0.02,-0.809,-0.08,0.1,-0.05,1,imu01,imu_20260817T174209Z,331,12384123
480130875000000,12404,-0.588,-0.024,-0.801,-0.01,0.19,-0.03,1,imu01,imu_20260817T174209Z,332,12404120
480130890000000,12424,-0.593,-0.018,-0.804,-0.04,0.04,-0.03,1,imu01,imu_20260817T174209Z,333,12424123
480130921000000,12444,-0.589,-0.021,-0.805,0.02,-0.05,0.03,1,imu01,imu_20260817T174209Z,334,12444120
480130937000000,12464,-0.59,-0.02,-0.8,-0.06,0.04,0.0,1,imu01,imu_20260817T174209Z,335,12464123
480130953000000,12484,-0.596,-0.021,-0.807,-0.02,0.13,0.07,1,imu01,imu_20260817T174209Z,336,12484120
480130968000000,12504,-0.591,-0.022,-0.804,-0.02,0.04,0.04,1,imu01,imu_20260817T174209Z,337,12504123
480131000000000,12524,-0.591,-0.023,-0.799,0.08,-0.15,-0.06,1,imu01,imu_20260817T174209Z,338,12524120
480131015000000,12544,-0.586,-0.019,-0.805,-0.04,-0.06,-0.03,1,imu01,imu_20260817T174209Z,339,12544123
480131031000000,12564,-0.593,-0.022,-0.808,0.01,-0.07,0.06,1,imu01,imu_20260817T174209Z,340,12564120
480131046000000,12584,-0.594,-0.025,-0.798,0.05,-0.05,-0.0,1,imu01,imu_20260817T174209Z,341,12584123
480131078000000,12604,-0.591,-0.019,-0.804,0.13,-0.1,0.01,1,imu01,imu_20260817T174209Z,342,12604120
480131093000000,12624,-0.587,-0.022,-0.804,0.05,0.03,0.02,1,imu01,imu_20260817T174209Z,343,12624123
480131109000000,12644,-0.593,-0.023,-0.812,0.08,-0.08,0.03,1,imu01,imu_20260817T174209Z,344,12644120
480131140000000,12664,-0.592,-0.023,-0.806,0.13,-0.13,0.03,1,imu01,imu_20260817T174209Z,345,12664123
480131156000000,12684,-0.592,-0.024,-0.805,-0.02,-0.05,0.03,1,imu01,imu_20260817T174209Z,346,12684120
480131171000000,12704,-0.592,-0.022,-0.802,0.08,-0.09,0.07,1,imu01,imu_20260817T174209Z,347,12704123
480131187000000,12724,-0.593,-0.022,-0.799,-0.04,0.05,-0.01,1,imu01,imu_20260817T174209Z,348,12724120
480131218000000,12744,-0.592,-0.022,-0.812,0.02,-0.04,-0.01,1,imu01,imu_20260817T174209Z,349,12744123
480131234000000,12764,-0.59,-0.024,-0.803,0.02,-0.01,0.01,1,imu01,imu_20260817T174209Z,350,12764120
480131250000000,12784,-0.592,-0.024,-0.802,-0.06,0.01,0.08,1,imu01,imu_20260817T174209Z,351,12784123
480131281000000,12804,-0.59,-0.022,-0.805,-0.02,-0.04,-0.03,1,imu01,imu_20260817T174209Z,352,12804120
480131296000000,12824,-0.591,-0.016,-0.804,0.04,0.04,0.03,1,imu01,imu_20260817T174209Z,353,12824123
480131312000000,12844,-0.593,-0.021,-0.806,-0.01,0.15,0.04,1,imu01,imu_20260817T174209Z,354,12844120
480131328000000,12864,-0.595,-0.021,-0.803,-0.05,0.1,0.0,1,imu01,imu_20260817T174209Z,355,12864123
480131359000000,12884,-0.595,-0.018,-0.808,-0.05,-0.07,-0.06,1,imu01,imu_20260817T174209Z,356,12884120
480131375000000,12904,-0.591,-0.022,-0.806,-0.09,0.05,-0.03,1,imu01,imu_20260817T174209Z,357,12904123
480131390000000,12924,-0.592,-0.021,-0.81,0.01,0.14,-0.04,1,imu01,imu_20260817T174209Z,358,12924120
480131421000000,12944,-0.595,-0.022,-0.81,-0.11,0.08,-0.08,1,imu01,imu_20260817T174209Z,359,12944123
480131437000000,12964,-0.593,-0.022,-0.805,-0.02,-0.06,0.01,1,imu01,imu_20260817T174209Z,360,12964120
480131453000000,12984,-0.59,-0.019,-0.809,-0.0,0.06,-0.03,1,imu01,imu_20260817T174209Z,361,12984123
480131468000000,13004,-0.593,-0.017,-0.811,-0.08,0.13,0.03,1,imu01,imu_20260817T174209Z,362,13004120
480131500000000,13024,-0.599,-0.018,-0.813,-0.07,0.04,-0.04,1,imu01,imu_20260817T174209Z,363,13024123
480131515000000,13044,-0.593,-0.018,-0.8,-0.07,-0.08,0.06,1,imu01,imu_20260817T174209Z,364,13044120
480131531000000,13064,-0.586,-0.023,-0.802,0.03,0.06,-0.05,1,imu01,imu_20260817T174209Z,365,13064123
480131562000000,13084,-0.591,-0.019,-0.805,0.01,0.16,-0.09,1,imu01,imu_20260817T174209Z,366,13084120
480131578000000,13104,-0.597,-0.022,-0.809,-0.01,-0.04,-0.01,1,imu01,imu_20260817T174209Z,367,13104123
480131593000000,13124,-0.59,-0.024,-0.809,0.07,-0.05,-0.06,1,imu01,imu_20260817T174209Z,368,13124120
480131609000000,13144,-0.592,-0.019,-0.81,-0.03,0.07,-0.05,1,imu01,imu_20260817T174209Z,369,13144123
480131640000000,13164,-0.591,-0.023,-0.802,0.01,0.07,0.0,1,imu01,imu_20260817T174209Z,370,13164120
480131656000000,13184,-0.59,-0.024,-0.799,0.05,-0.02,0.07,1,imu01,imu_20260817T174209Z,371,13184123
480131671000000,13204,-0.588,-0.02,-0.799,0.06,-0.05,0.04,1,imu01,imu_20260817T174209Z,372,13204120
480131687000000,13224,-0.591,-0.024,-0.805,0.05,-0.01,-0.0,1,imu01,imu_20260817T174209Z,373,13224123
480131718000000,13244,-0.589,-0.022,-0.804,0.05,-0.06,0.07,1,imu01,imu_20260817T174209Z,374,13244120
480131734000000,13264,-0.596,-0.024,-0.805,0.05,-0.11,0.02,1,imu01,imu_20260817T174209Z,375,13264123
480131750000000,13284,-0.59,-0.022,-0.806,0.07,-0.16,-0.02,1,imu01,imu_20260817T174209Z,376,13284120
480131781000000,13304,-0.594,-0.021,-0.807,0.01,-0.06,0.08,1,imu01,imu_20260817T174209Z,377,13304123
480131796000000,13324,-0.59,-0.016,-0.807,-0.04,-0.04,0.04,1,imu01,imu_20260817T174209Z,378,13324120
480131812000000,13344,-0.596,-0.019,-0.802,0.01,-0.1,-0.03,1,imu01,imu_20260817T174209Z,379,13344123
480131828000000,13364,-0.593,-0.018,-0.8,0.06,0.01,0.05,1,imu01,imu_20260817T174209Z,380,13364120
480131859000000,13384,-0.593,-0.024,-0.801,0.01,-0.1,0.04,1,imu01,imu_20260817T174209Z,381,13384123
480131875000000,13404,-0.591,-0.025,-0.807,-0.01,-0.16,0.04,1,imu01,imu_20260817T174209Z,382,13404120
480131890000000,13424,-0.595,-0.022,-0.811,0.1,-0.16,0.03,1,imu01,imu_20260817T174209Z,383,13424123
480131921000000,13444,-0.592,-0.025,-0.807,0.05,0.03,0.1,1,imu01,imu_20260817T174209Z,384,13444120
480131937000000,13464,-0.594,-0.02,-0.811,0.08,-0.13,0.0,1,imu01,imu_20260817T174209Z,385,13464123
480131953000000,13484,-0.593,-0.016,-0.804,0.05,-0.1,-0.02,1,imu01,imu_20260817T174209Z,386,13484120
480131968000000,13504,-0.597,-0.021,-0.81,0.08,-0.12,-0.03,1,imu01,imu_20260817T174209Z,387,13504123
480132000000000,13524,-0.591,-0.024,-0.809,0.06,-0.06,-0.02,1,imu01,imu_20260817T174209Z,388,13524120
480132015000000,13544,-0.582,-0.027,-0.807,-0.05,0.09,0.03,1,imu01,imu_20260817T174209Z,389,13544123
480132031000000,13564,-0.595,-0.014,-0.801,-0.04,0.03,0.02,1,imu01,imu_20260817T174209Z,390,13564120
480132046000000,13584,-0.59,-0.023,-0.799,-0.04,0.04,0.04,1,imu01,imu_20260817T174209Z,391,13584123
480132078000000,13604,-0.591,-0.025,-0.808,0.01,0.06,0.06,1,imu01,imu_20260817T174209Z,392,13604120
480132093000000,13624,-0.583,-0.025,-0.8,0.01,0.11,0.0,1,imu01,imu_20260817T174209Z,393,13624123
480132109000000,13644,-0.596,-0.029,-0.805,-0.02,-0.15,-0.06,1,imu01,imu_20260817T174209Z,394,13644120
480132140000000,13664,-0.587,-0.024,-0.81,-0.02,-0.15,-0.13,1,imu01,imu_20260817T174209Z,395,13664123
480132156000000,13684,-0.591,-0.027,-0.81,-0.01,0.03,-0.06,1,imu01,imu_20260817T174209Z,396,13684120
480132171000000,13704,-0.591,-0.025,-0.815,-0.08,0.11,-0.08,1,imu01,imu_20260817T174209Z,397,13704123
480132187000000,13724,-0.598,-0.022,-0.807,-0.0,0.0,0.04,1,imu01,imu_20260817T174209Z,398,13724120
480132218000000,13744,-0.592,-0.026,-0.809,-0.08,0.18,-0.01,1,imu01,imu_20260817T174209Z,399,13744123
480132234000000,13764,-0.585,-0.019,-0.806,-0.05,0.16,0.01,1,imu01,imu_20260817T174209Z,400,13764120
480132250000000,13784,-0.589,-0.014,-0.81,-0.08,0.13,0.06,1,imu01,imu_20260817T174209Z,401,13784123
480132281000000,13804,-0.592,-0.02,-0.809,-0.08,0.03,0.03,1,imu01,imu_20260817T174209Z,402,13804120
480132296000000,13824,-0.599,-0.014,-0.812,0.01,0.06,-0.02,1,imu01,imu_20260817T174209Z,403,13824123
480132312000000,13844,-0.581,-0.027,-0.804,0.01,0.11,0.03,1,imu01,imu_20260817T174209Z,404,13844120
480132328000000,13864,-0.598,-0.008,-0.805,-0.02,-0.03,0.05,1,imu01,imu_20260817T174209Z,405,13864123
480132359000000,13884,-0.594,-0.018,-0.801,0.01,-0.03,-0.04,1,imu01,imu_20260817T174209Z,406,13884120
480132375000000,13904,-0.592,-0.02,-0.807,0.01,0.0,-0.06,1,imu01,imu_20260817T174209Z,407,13904123
480132390000000,13924,-0.593,-0.026,-0.81,-0.02,-0.05,0.1,1,imu01,imu_20260817T174209Z,408,13924120
480132421000000,13944,-0.59,-0.019,-0.808,0.01,-0.05,-0.04,1,imu01,imu_20260817T174209Z,409,13944123
480132437000000,13964,-0.588,-0.025,-0.808,0.01,-0.1,0.03,1,imu01,imu_20260817T174209Z,410,13964120
480132453000000,13984,-0.59,-0.016,-0.802,0.08,-0.16,-0.03,1,imu01,imu_20260817T174209Z,411,13984123
480132468000000,14004,-0.602,-0.019,-0.802,-0.05,-0.04,0.03,1,imu01,imu_20260817T174209Z,412,14004120
480132500000000,14024,-0.594,-0.028,-0.806,0.04,-0.08,-0.03,1,imu01,imu_20260817T174209Z,413,14024123
480132515000000,14044,-0.596,-0.018,-0.809,0.11,-0.09,-0.04,1,imu01,imu_20260817T174209Z,414,14044120
480132531000000,14064,-0.599,-0.032,-0.803,0.09,0.01,0.02,1,imu01,imu_20260817T174209Z,415,14064123
480132562000000,14084,-0.581,-0.022,-0.801,-0.03,-0.07,-0.02,1,imu01,imu_20260817T174209Z,416,14084120
480132578000000,14104,-0.589,-0.027,-0.813,0.07,-0.04,0.0,1,imu01,imu_20260817T174209Z,417,14104123
480132593000000,14124,-0.588,-0.033,-0.8,0.08,-0.04,-0.04,1,imu01,imu_20260817T174209Z,418,14124120
480132609000000,14144,-0.595,-0.022,-0.81,0.04,-0.01,0.04,1,imu01,imu_20260817T174209Z,419,14144123
480132640000000,14164,-0.59,-0.015,-0.795,-0.0,-0.13,0.03,1,imu01,imu_20260817T174209Z,420,14164120
480132656000000,14184,-0.59,-0.015,-0.808,0.01,-0.03,0.01,1,imu01,imu_20260817T174209Z,421,14184123
480132671000000,14204,-0.594,-0.022,-0.808,0.02,0.04,0.02,1,imu01,imu_20260817T174209Z,422,14204120
480132687000000,14224,-0.597,-0.019,-0.803,-0.0,0.1,-0.02,1,imu01,imu_20260817T174209Z,423,14224123
480132718000000,14244,-0.584,-0.018,-0.792,-0.01,-0.08,-0.02,1,imu01,imu_20260817T174209Z,424,14244120
480132734000000,14264,-0.589,-0.027,-0.794,-0.01,-0.05,0.01,1,imu01,imu_20260817T174209Z,425,14264123
480132750000000,14284,-0.596,-0.028,-0.807,-0.0,0.07,0.02,1,imu01,imu_20260817T174209Z,426,14284120
480132781000000,14304,-0.583,-0.018,-0.796,-0.02,0.05,-0.03,1,imu01,imu_20260817T174209Z,427,14304123
480132796000000,14324,-0.595,-0.017,-0.81,-0.13,0.06,-0.05,1,imu01,imu_20260817T174209Z,428,14324120
480132812000000,14344,-0.601,-0.019,-0.802,-0.14,-0.04,0.0,1,imu01,imu_20260817T174209Z,429,14344123
480132828000000,14364,-0.598,-0.021,-0.812,0.01,0.15,-0.02,1,imu01,imu_20260817T174209Z,430,14364120
480132859000000,14384,-0.594,-0.022,-0.81,-0.05,0.18,-0.05,1,imu01,imu_20260817T174209Z,431,14384123
480132875000000,14404,-0.597,-0.017,-0.795,-0.0,0.06,-0.04,1,imu01,imu_20260817T174209Z,432,14404120
480132890000000,14424,-0.595,-0.023,-0.816,0.07,0.02,-0.04,1,imu01,imu_20260817T174209Z,433,14424123
480132921000000,14444,-0.586,-0.019,-0.796,-0.04,0.19,-0.03,1,imu01,imu_20260817T174209Z,434,14444120
480132937000000,14464,-0.589,-0.017,-0.797,-0.05,0.13,-0.03,1,imu01,imu_20260817T174209Z,435,14464123
480132953000000,14484,-0.589,-0.007,-0.793,-0.02,-0.04,0.0,1,imu01,imu_20260817T174209Z,436,14484120
480132968000000,14504,-0.588,-0.014,-0.813,-0.01,-0.03,0.04,1,imu01,imu_20260817T174209Z,437,14504123
480133000000000,14524,-0.592,-0.029,-0.806,-0.04,0.13,-0.03,1,imu01,imu_20260817T174209Z,438,14524120
480133015000000,14544,-0.585,-0.018,-0.797,-0.08,0.05,-0.09,1,imu01,imu_20260817T174209Z,439,14544123
480133031000000,14564,-0.578,-0.019,-0.79,0.07,-0.15,-0.0,1,imu01,imu_20260817T174209Z,440,14564120
480133046000000,14584,-0.583,-0.015,-0.8,-0.04,-0.03,-0.0,1,imu01,imu_20260817T174209Z,441,14584123
480133078000000,14604,-0.586,-0.024,-0.817,0.01,-0.01,0.04,1,imu01,imu_20260817T174209Z,442,14604120
480133093000000,14624,-0.606,-0.034,-0.797,0.07,-0.03,0.04,1,imu01,imu_20260817T174209Z,443,14624123
480133109000000,14644,-0.575,-0.016,-0.8,0.01,0.04,-0.04,1,imu01,imu_20260817T174209Z,444,14644120
480133140000000,14664,-0.595,-0.02,-0.799,0.01,-0.09,-0.04,1,imu01,imu_20260817T174209Z,445,14664123
480133156000000,14684,-0.589,-0.009,-0.794,-0.03,-0.05,0.06,1,imu01,imu_20260817T174209Z,446,14684120
480133171000000,14704,-0.599,-0.031,-0.789,-0.02,-0.06,0.08,1,imu01,imu_20260817T174209Z,447,14704123
480133187000000,14724,-0.6,-0.023,-0.8,0.07,-0.08,-0.03,1,imu01,imu_20260817T174209Z,448,14724120
480133218000000,14744,-0.605,-0.027,-0.812,-0.0,0.01,-0.05,1,imu01,imu_20260817T174209Z,449,14744123
480133234000000,14764,-0.602,-0.026,-0.803,0.03,-0.03,0.13,1,imu01,imu_20260817T174209Z,450,14764120
480133250000000,14784,-0.59,-0.022,-0.801,0.11,-0.01,0.0,1,imu01,imu_20260817T174209Z,451,14784123
480133281000000,14804,-0.573,-0.019,-0.785,0.06,-0.1,0.04,1,imu01,imu_20260817T174209Z,452,14804120
480133296000000,14824,-0.595,-0.034,-0.807,0.02,0.08,0.05,1,imu01,imu_20260817T174209Z,453,14824123
480133312000000,14844,-0.588,-0.031,-0.792,-0.04,-0.03,0.0,1,imu01,imu_20260817T174209Z,454,14844120
480133328000000,14864,-0.614,-0.027,-0.807,-0.02,-0.11,-0.14,1,imu01,imu_20260817T174209Z,455,14864123
480133359000000,14884,-0.599,-0.018,-0.794,0.04,-0.02,0.0,1,imu01,imu_20260817T174209Z,456,14884120
480133375000000,14904,-0.591,-0.02,-0.797,-0.03,-0.01,-0.04,1,imu01,imu_20260817T174209Z,457,14904123
480133390000000,14924,-0.581,-0.024,-0.824,-0.07,-0.06,-0.03,1,imu01,imu_20260817T174209Z,458,14924120
480133421000000,14944,-0.593,-0.021,-0.804,-0.01,-0.0,-0.03,1,imu01,imu_20260817T174209Z,459,14944123
480133437000000,14964,-0.6,-0.013,-0.807,0.04,0.08,0.02,1,imu01,imu_20260817T174209Z,460,14964120
480133453000000,14984,-0.609,-0.012,-0.797,-0.05,0.21,0.04,1,imu01,imu_20260817T174209Z,461,14984123
480133468000000,15004,-0.578,-0.03,-0.803,-0.08,-0.05,-0.04,1,imu01,imu_20260817T174209Z,462,15004120
480133500000000,15024,-0.59,-0.035,-0.801,-0.02,0.04,-0.06,1,imu01,imu_20260817T174209Z,463,15024123
480133515000000,15044,-0.578,-0.031,-0.792,-0.03,0.12,0.05,1,imu01,imu_20260817T174209Z,464,15044120
480133531000000,15064,-0.586,-0.018,-0.787,-0.01,0.06,-0.03,1,imu01,imu_20260817T174209Z,465,15064123
480133562000000,15084,-0.599,-0.03,-0.803,0.01,-0.03,-0.01,1,imu01,imu_20260817T174209Z,466,15084120
480133578000000,15104,-0.589,-0.015,-0.804,-0.08,-0.08,-0.03,1,imu01,imu_20260817T174209Z,467,15104123
480133593000000,15124,-0.59,-0.011,-0.798,-0.04,0.07,0.05,1,imu01,imu_20260817T174209Z,468,15124120
480133609000000,15144,-0.598,-0.025,-0.805,-0.05,0.07,0.04,1,imu01,imu_20260817T174209Z,469,15144123
480133640000000,15164,-0.597,-0.016,-0.806,-0.1,-0.11,-0.04,1,imu01,imu_20260817T174209Z,470,15164120
480133656000000,15184,-0.589,-0.021,-0.817,-0.01,-0.1,-0.02,1,imu01,imu_20260817T174209Z,471,15184123
480133671000000,15204,-0.582,-0.019,-0.803,-0.11,0.13,-0.06,1,imu01,imu_20260817T174209Z,472,15204120
480133687000000,15224,-0.59,-0.022,-0.808,-0.01,0.06,-0.0,1,imu01,imu_20260817T174209Z,473,15224123
480133718000000,15244,-0.593,-0.022,-0.791,0.07,-0.08,-0.03,1,imu01,imu_20260817T174209Z,474,15244120
480133734000000,15264,-0.594,-0.019,-0.807,0.1,-0.07,-0.06,1,imu01,imu_20260817T174209Z,475,15264123
480133750000000,15284,-0.595,-0.016,-0.805,-0.02,-0.02,-0.03,1,imu01,imu_20260817T174209Z,476,15284120
480133781000000,15304,-0.588,-0.027,-0.805,-0.07,-0.14,0.06,1,imu01,imu_20260817T174209Z,477,15304123
480133796000000,15324,-0.599,-0.02,-0.817,0.08,-0.13,0.04,1,imu01,imu_20260817T174209Z,478,15324120
480133812000000,15344,-0.579,-0.018,-0.788,0.11,-0.19,-0.07,1,imu01,imu_20260817T174209Z,479,15344123
480133828000000,15364,-0.596,-0.021,-0.803,-0.05,0.01,0.11,1,imu01,imu_20260817T174209Z,480,15364120
480133859000000,15384,-0.592,-0.034,-0.795,0.1,-0.07,-0.08,1,imu01,imu_20260817T174209Z,481,15384123
480133875000000,15404,-0.598,-0.032,-0.797,0.05,-0.1,-0.1,1,imu01,imu_20260817T174209Z,482,15404120
480133890000000,15424,-0.597,-0.023,-0.804,0.12,-0.06,-0.0,1,imu01,imu_20260817T174209Z,483,15424123
480133921000000,15444,-0.593,-0.023,-0.809,-0.0,-0.03,-0.0,1,imu01,imu_20260817T174209Z,484,15444120
480133937000000,15464,-0.594,-0.012,-0.797,-0.02,-0.19,-0.06,1,imu01,imu_20260817T174209Z,485,15464123
480133953000000,15484,-0.597,-0.018,-0.8,0.11,-0.1,-0.04,1,imu01,imu_20260817T174209Z,486,15484120
480133968000000,15504,-0.6,-0.027,-0.808,0.01,-0.08,0.02,1,imu01,imu_20260817T174209Z,487,15504123
480134000000000,15524,-0.58,-0.02,-0.803,0.01,-0.17,-0.03,1,imu01,imu_20260817T174209Z,488,15524120
480134015000000,15544,-0.592,-0.023,-0.8,-0.05,-0.03,-0.13,1,imu01,imu_20260817T174209Z,489,15544123
480134031000000,15564,-0.594,-0.012,-0.805,0.01,0.07,0.07,1,imu01,imu_20260817T174209Z,490,15564120
480134062000000,15584,-0.601,-0.012,-0.814,-0.08,0.12,-0.03,1,imu01,imu_20260817T174209Z,491,15584123
480134078000000,15604,-0.596,-0.027,-0.814,0.01,-0.05,-0.0,1,imu01,imu_20260817T174209Z,492,15604120
480134093000000,15624,-0.593,-0.03,-0.796,-0.05,-0.06,-0.05,1,imu01,imu_20260817T174209Z,493,15624123
480134109000000,15644,-0.591,-0.017,-0.811,0.06,0.15,0.04,1,imu01,imu_20260817T174209Z,494,15644120
480134140000000,15664,-0.594,-0.019,-0.801,-0.05,0.1,0.06,1,imu01,imu_20260817T174209Z,495,15664123
480134156000000,15684,-0.591,-0.025,-0.796,0.01,-0.2,-0.06,1,imu01,imu_20260817T174209Z,496,15684120
480134171000000,15704,-0.59,-0.024,-0.796,0.03,-0.09,-0.03,1,imu01,imu_20260817T174209Z,497,15704123
480134187000000,15724,-0.59,-0.019,-0.803,-0.08,0.08,0.01,1,imu01,imu_20260817T174209Z,498,15724120
480134218000000,15744,-0.601,-0.032,-0.797,0.03,0.12,-0.01,1,imu01,imu_20260817T174209Z,499,15744123
480134234000000,15764,-0.6,-0.024,-0.807,-0.02,-0.09,-0.13,1,imu01,imu_20260817T174209Z,500,15764120
480134250000000,15784,-0.589,-0.021,-0.795,-0.04,-0.19,-0.03,1,imu01,imu_20260817T174209Z,501,15784123
480134281000000,15804,-0.594,-0.026,-0.798,-0.05,-0.1,-0.06,1,imu01,imu_20260817T174209Z,502,15804120
480134296000000,15824,-0.582,-0.026,-0.805,-0.04,0.05,0.0,1,imu01,imu_20260817T174209Z,503,15824123
480134312000000,15844,-0.604,-0.016,-0.814,0.08,-0.01,-0.11,1,imu01,imu_20260817T174209Z,504,15844120
480134328000000,15864,-0.595,-0.014,-0.796,0.09,-0.23,0.07,1,imu01,imu_20260817T174209Z,505,15864123
480134359000000,15884,-0.595,-0.026,-0.789,-0.03,-0.01,-0.03,1,imu01,imu_20260817T174209Z,506,15884120
480134375000000,15904,-0.596,-0.021,-0.808,0.06,-0.03,0.02,1,imu01,imu_20260817T174209Z,507,15904123
480134390000000,15924,-0.595,-0.028,-0.803,-0.07,-0.06,0.05,1,imu01,imu_20260817T174209Z,508,15924120
480134406000000,15944,-0.592,-0.019,-0.797,0.17,-0.3,-0.02,1,imu01,imu_20260817T174209Z,509,15944123
480134437000000,15964,-0.594,-0.018,-0.802,0.01,-0.09,-0.03,1,imu01,imu_20260817T174209Z,510,15964120
480134453000000,15984,-0.59,-0.022,-0.794,-0.02,-0.17,0.04,1,imu01,imu_20260817T174209Z,511,15984123
480134468000000,16004,-0.596,-0.022,-0.801,0.08,-0.05,-0.06,1,imu01,imu_20260817T174209Z,512,16004120
480134500000000,16024,-0.602,-0.019,-0.804,0.12,-0.04,0.01,1,imu01,imu_20260817T174209Z,513,16024123
480134515000000,16044,-0.583,-0.027,-0.809,-0.03,0.06,0.15,1,imu01,imu_20260817T174209Z,514,16044120
480134531000000,16064,-0.588,-0.019,-0.798,-0.15,-0.03,0.04,1,imu01,imu_20260817T174209Z,515,16064123
480134562000000,16084,-0.59,-0.019,-0.808,0.14,-0.12,-0.09,1,imu01,imu_20260817T174209Z,516,16084120
480134578000000,16104,-0.591,-0.024,-0.808,0.11,-0.01,0.06,1,imu01,imu_20260817T174209Z,517,16104123
480134593000000,16124,-0.587,-0.021,-0.797,-0.05,-0.1,0.04,1,imu01,imu_20260817T174209Z,518,16124120
480134609000000,16144,-0.586,-0.022,-0.805,-0.08,0.03,-0.0,1,imu01,imu_20260817T174209Z,519,16144123
480134640000000,16164,-0.589,-0.024,-0.811,0.04,-0.02,-0.03,1,imu01,imu_20260817T174209Z,520,16164120
480134656000000,16184,-0.595,-0.022,-0.809,-0.07,0.15,0.15,1,imu01,imu_20260817T174209Z,521,16184123
480134671000000,16204,-0.592,-0.015,-0.808,0.05,-0.07,-0.03,1,imu01,imu_20260817T174209Z,522,16204120
480134687000000,16224,-0.594,-0.023,-0.815,-0.05,-0.04,-0.1,1,imu01,imu_20260817T174209Z,523,16224123
480134718000000,16244,-0.592,-0.025,-0.81,-0.02,0.06,0.0,1,imu01,imu_20260817T174209Z,524,16244120
480134734000000,16264,-0.593,-0.025,-0.813,0.06,0.13,-0.02,1,imu01,imu_20260817T174209Z,525,16264123
480134750000000,16284,-0.596,-0.02,-0.806,-0.01,-0.0,-0.01,1,imu01,imu_20260817T174209Z,526,16284120
480134781000000,16304,-0.592,-0.019,-0.807,-0.05,-0.0,-0.06,1,imu01,imu_20260817T174209Z,527,16304123
480134796000000,16324,-0.591,-0.023,-0.815,0.09,0.18,0.22,1,imu01,imu_20260817T174209Z,528,16324120
480134812000000,16344,-0.592,-0.023,-0.806,0.03,0.27,-0.02,1,imu01,imu_20260817T174209Z,529,16344123
480134828000000,16364,-0.592,-0.023,-0.81,-0.0,-0.09,-0.1,1,imu01,imu_20260817T174209Z,530,16364120
480134859000000,16384,-0.591,-0.021,-0.804,0.02,-0.01,-0.03,1,imu01,imu_20260817T174209Z,531,16384123
480134875000000,16404,-0.59,-0.02,-0.81,-0.07,0.01,-0.02,1,imu01,imu_20260817T174209Z,532,16404120
480134890000000,16424,-0.592,-0.025,-0.81,-0.03,0.11,-0.04,1,imu01,imu_20260817T174209Z,533,16424123
480134921000000,16444,-0.591,-0.02,-0.805,-0.05,-0.01,-0.02,1,imu01,imu_20260817T174209Z,534,16444120
480134937000000,16464,-0.591,-0.023,-0.807,0.04,-0.04,0.03,1,imu01,imu_20260817T174209Z,535,16464123
480134953000000,16484,-0.59,-0.02,-0.805,-0.05,0.17,-0.04,1,imu01,imu_20260817T174209Z,536,16484120
480134968000000,16504,-0.594,-0.024,-0.8,-0.03,0.02,-0.02,1,imu01,imu_20260817T174209Z,537,16504123
480135000000000,16524,-0.593,-0.024,-0.805,-0.05,-0.09,0.06,1,imu01,imu_20260817T174209Z,538,16524120
480135015000000,16544,-0.596,-0.024,-0.808,-0.0,-0.12,0.08,1,imu01,imu_20260817T174209Z,539,16544123
480135031000000,16564,-0.59,-0.022,-0.8,-0.03,0.15,0.05,1,imu01,imu_20260817T174209Z,540,16564120
480135062000000,16584,-0.592,-0.022,-0.809,-0.11,-0.01,0.04,1,imu01,imu_20260817T174209Z,541,16584123
480135078000000,16604,-0.59,-0.022,-0.809,0.04,-0.03,0.11,1,imu01,imu_20260817T174209Z,542,16604120
480135093000000,16624,-0.593,-0.021,-0.801,0.07,-0.16,-0.0,1,imu01,imu_20260817T174209Z,543,16624123
480135109000000,16644,-0.594,-0.025,-0.801,-0.01,0.1,-0.06,1,imu01,imu_20260817T174209Z,544,16644120
480135140000000,16664,-0.593,-0.023,-0.806,0.04,-0.09,0.12,1,imu01,imu_20260817T174209Z,545,16664123
480135156000000,16684,-0.595,-0.023,-0.806,0.08,-0.12,0.07,1,imu01,imu_20260817T174209Z,546,16684120
480135171000000,16704,-0.591,-0.016,-0.809,0.05,-0.05,0.15,1,imu01,imu_20260817T174209Z,547,16704123
480135187000000,16724,-0.592,-0.021,-0.807,-0.0,-0.1,-0.01,1,imu01,imu_20260817T174209Z,548,16724120
480135218000000,16744,-0.594,-0.021,-0.804,0.09,-0.05,0.04,1,imu01,imu_20260817T174209Z,549,16744123
480135234000000,16764,-0.592,-0.022,-0.803,0.13,-0.1,0.07,1,imu01,imu_20260817T174209Z,550,16764120
480135250000000,16784,-0.588,-0.024,-0.804,0.01,-0.09,-0.02,1,imu01,imu_20260817T174209Z,551,16784123
480135281000000,16804,-0.591,-0.022,-0.804,0.05,-0.03,0.01,1,imu01,imu_20260817T174209Z,552,16804120
480135296000000,16824,-0.592,-0.018,-0.807,0.05,0.06,0.0,1,imu01,imu_20260817T174209Z,553,16824123
480135312000000,16844,-0.596,-0.017,-0.81,0.01,0.05,0.04,1,imu01,imu_20260817T174209Z,554,16844120
480135328000000,16864,-0.591,-0.025,-0.808,-0.07,-0.15,-0.04,1,imu01,imu_20260817T174209Z,555,16864123
480135359000000,16884,-0.591,-0.024,-0.798,-0.02,0.03,-0.06,1,imu01,imu_20260817T174209Z,556,16884120
480135375000000,16904,-0.589,-0.022,-0.792,-0.01,-0.04,0.02,1,imu01,imu_20260817T174209Z,557,16904123
480135390000000,16924,-0.591,-0.023,-0.801,-0.04,0.18,0.07,1,imu01,imu_20260817T174209Z,558,16924120
480135421000000,16944,-0.593,-0.018,-0.806,0.02,-0.01,-0.03,1,imu01,imu_20260817T174209Z,559,16944123
480135437000000,16964,-0.596,-0.02,-0.808,-0.06,0.0,-0.12,1,imu01,imu_20260817T174209Z,560,16964120
480135453000000,16984,-0.593,-0.018,-0.81,0.11,0.13,-0.02,1,imu01,imu_20260817T174209Z,561,16984123
480135468000000,17004,-0.596,-0.017,-0.813,-0.01,0.1,-0.02,1,imu01,imu_20260817T174209Z,562,17004120
480135500000000,17024,-0.593,-0.026,-0.808,0.01,-0.06,-0.01,1,imu01,imu_20260817T174209Z,563,17024123
480135515000000,17044,-0.599,-0.022,-0.808,-0.06,-0.0,-0.05,1,imu01,imu_20260817T174209Z,564,17044120
480135531000000,17064,-0.59,-0.021,-0.804,-0.05,0.1,0.01,1,imu01,imu_20260817T174209Z,565,17064123
480135546000000,17084,-0.59,-0.022,-0.804,-0.1,-0.0,-0.03,1,imu01,imu_20260817T174209Z,566,17084120
480135578000000,17104,-0.594,-0.022,-0.808,-0.04,0.02,-0.05,1,imu01,imu_20260817T174209Z,567,17104123
480135593000000,17124,-0.59,-0.022,-0.802,-0.02,-0.07,0.07,1,imu01,imu_20260817T174209Z,568,17124120
480135609000000,17144,-0.593,-0.022,-0.807,-0.03,0.1,-0.06,1,imu01,imu_20260817T174209Z,569,17144123
480135640000000,17164,-0.594,-0.02,-0.801,0.01,-0.08,0.05,1,imu01,imu_20260817T174209Z,570,17164120
480135656000000,17184,-0.592,-0.023,-0.804,-0.04,0.0,0.04,1,imu01,imu_20260817T174209Z,571,17184123
480135671000000,17204,-0.59,-0.022,-0.807,-0.02,-0.0,0.03,1,imu01,imu_20260817T174209Z,572,17204120
480135687000000,17224,-0.59,-0.021,-0.804,-0.02,0.18,-0.02,1,imu01,imu_20260817T174209Z,573,17224123
480135718000000,17244,-0.59,-0.024,-0.808,-0.02,-0.01,0.04,1,imu01,imu_20260817T174209Z,574,17244120
480135734000000,17264,-0.594,-0.022,-0.804,0.03,-0.0,-0.06,1,imu01,imu_20260817T174209Z,575,17264123
480135750000000,17284,-0.592,-0.022,-0.807,0.08,-0.05,-0.12,1,imu01,imu_20260817T174209Z,576,17284120
480135781000000,17304,-0.588,-0.024,-0.811,0.02,-0.01,0.13,1,imu01,imu_20260817T174209Z,577,17304123
480135796000000,17324,-0.592,-0.02,-0.806,0.03,-0.13,0.04,1,imu01,imu_20260817T174209Z,578,17324120
480135812000000,17344,-0.594,-0.022,-0.807,0.01,-0.07,-0.02,1,imu01,imu_20260817T174209Z,579,17344123
480135828000000,17364,-0.588,-0.023,-0.798,0.12,-0.07,-0.06,1,imu01,imu_20260817T174209Z,580,17364120
480135859000000,17384,-0.59,-0.017,-0.803,0.02,-0.1,0.14,1,imu01,imu_20260817T174209Z,581,17384123
480135875000000,17404,-0.591,-0.021,-0.803,0.06,-0.14,-0.0,1,imu01,imu_20260817T174209Z,582,17404120
480135890000000,17424,-0.592,-0.023,-0.802,0.13,-0.16,-0.06,1,imu01,imu_20260817T174209Z,583,17424123
480135921000000,17444,-0.592,-0.018,-0.807,0.02,0.0,0.03,1,imu01,imu_20260817T174209Z,584,17444120
480135937000000,17464,-0.591,-0.017,-0.796,-0.02,0.01,0.14,1,imu01,imu_20260817T174209Z,585,17464123
480135953000000,17484,-0.594,-0.025,-0.807,-0.08,-0.05,-0.01,1,imu01,imu_20260817T174209Z,586,17484120
480135968000000,17504,-0.589,-0.025,-0.807,0.02,-0.09,0.02,1,imu01,imu_20260817T174209Z,587,17504123
480136000000000,17524,-0.589,-0.022,-0.808,0.01,-0.02,0.04,1,imu01,imu_20260817T174209Z,588,17524120
480136015000000,17544,-0.594,-0.018,-0.806,0.07,-0.08,-0.05,1,imu01,imu_20260817T174209Z,589,17544123
480136031000000,17564,-0.592,-0.017,-0.811,-0.05,-0.13,-0.09,1,imu01,imu_20260817T174209Z,590,17564120
480136046000000,17584,-0.596,-0.021,-0.812,0.08,-0.16,-0.01,1,imu01,imu_20260817T174209Z,591,17584123
480136078000000,17604,-0.588,-0.025,-0.8,-0.04,-0.08,-0.07,1,imu01,imu_20260817T174209Z,592,17604120
480136093000000,17624,-0.592,-0.022,-0.811,0.03,-0.03,-0.0,1,imu01,imu_20260817T174209Z,593,17624123
480136109000000,17644,-0.596,-0.025,-0.804,-0.07,-0.11,-0.12,1,imu01,imu_20260817T174209Z,594,17644120
480136140000000,17664,-0.59,-0.02,-0.807,0.02,-0.06,-0.04,1,imu01,imu_20260817T174209Z,595,17664123
480136156000000,17684,-0.591,-0.021,-0.812,-0.05,0.04,0.02,1,imu01,imu_20260817T174209Z,596,17684120
480136171000000,17704,-0.594,-0.024,-0.81,-0.06,-0.02,-0.07,1,imu01,imu_20260817T174209Z,597,17704123
480136187000000,17724,-0.59,-0.026,-0.805,0.1,0.1,0.03,1,imu01,imu_20260817T174209Z,598,17724120
480136218000000,17744,-0.589,-0.022,-0.806,-0.01,0.12,0.04,1,imu01,imu_20260817T174209Z,599,17744123
480136234000000,17764,-0.59,-0.017,-0.81,-0.12,0.11,0.04,1,imu01,imu_20260817T174209Z,600,17764120
480136250000000,17784,-0.593,-0.021,-0.81,-0.13,0.02,-0.0,1,imu01,imu_20260817T174209Z,601,17784123
480136281000000,17804,-0.591,-0.024,-0.808,-0.02,-0.11,0.04,1,imu01,imu_20260817T174209Z,602,17804120
480136296000000,17824,-0.59,-0.02,-0.806,0.01,0.02,-0.09,1,imu01,imu_20260817T174209Z,603,17824123
480136312000000,17844,-0.595,-0.022,-0.803,0.05,-0.13,0.01,1,imu01,imu_20260817T174209Z,604,17844120
480136328000000,17864,-0.591,-0.021,-0.804,0.01,0.07,-0.03,1,imu01,imu_20260817T174209Z,605,17864123
480136359000000,17884,-0.593,-0.021,-0.805,0.1,-0.16,0.04,1,imu01,imu_20260817T174209Z,606,17884120
480136375000000,17904,-0.594,-0.021,-0.8,0.05,-0.03,-0.1,1,imu01,imu_20260817T174209Z,607,17904123
480136390000000,17924,-0.591,-0.021,-0.801,0.01,0.05,0.1,1,imu01,imu_20260817T174209Z,608,17924120
480136421000000,17944,-0.591,-0.024,-0.812,-0.06,-0.13,0.08,1,imu01,imu_20260817T174209Z,609,17944123
480136437000000,17964,-0.594,-0.02,-0.806,0.05,-0.1,0.01,1,imu01,imu_20260817T174209Z,610,17964120
480136453000000,17984,-0.594,-0.02,-0.815,-0.02,0.05,0.07,1,imu01,imu_20260817T174209Z,611,17984123
480136468000000,18004,-0.589,-0.022,-0.8,0.04,-0.0,0.1,1,imu01,imu_20260817T174209Z,612,18004120
480136500000000,18024,-0.595,-0.022,-0.812,0.08,-0.06,-0.03,1,imu01,imu_20260817T174209Z,613,18024123
480136515000000,18044,-0.593,-0.024,-0.799,0.11,-0.01,-0.01,1,imu01,imu_20260817T174209Z,614,18044120
480136531000000,18064,-0.591,-0.021,-0.808,0.1,0.06,0.08,1,imu01,imu_20260817T174209Z,615,18064123
480136546000000,18084,-0.589,-0.018,-0.806,-0.01,-0.03,-0.01,1,imu01,imu_20260817T174209Z,616,18084120
480136578000000,18104,-0.598,-0.021,-0.811,0.11,-0.04,-0.1,1,imu01,imu_20260817T174209Z,617,18104123
480136593000000,18124,-0.588,-0.021,-0.798,-0.0,0.08,0.03,1,imu01,imu_20260817T174209Z,618,18124120
480136609000000,18144,-0.59,-0.022,-0.807,-0.02,-0.04,0.15,1,imu01,imu_20260817T174209Z,619,18144123
480136640000000,18164,-0.591,-0.024,-0.798,-0.08,-0.07,-0.02,1,imu01,imu_20260817T174209Z,620,18164120
480136656000000,18184,-0.59,-0.019,-0.804,0.08,-0.12,0.13,1,imu01,imu_20260817T174209Z,621,18184123
480136671000000,18204,-0.591,-0.022,-0.807,0.05,0.06,0.09,1,imu01,imu_20260817T174209Z,622,18204120
480136687000000,18224,-0.593,-0.022,-0.808,-0.04,-0.07,-0.08,1,imu01,imu_20260817T174209Z,623,18224123
480136718000000,18244,-0.592,-0.023,-0.812,-0.06,-0.06,-0.03,1,imu01,imu_20260817T174209Z,624,18244120
480136734000000,18264,-0.593,-0.02,-0.804,0.03,0.05,0.08,1,imu01,imu_20260817T174209Z,625,18264123
480136750000000,18284,-0.596,-0.019,-0.805,-0.02,0.16,0.1,1,imu01,imu_20260817T174209Z,626,18284120
480136781000000,18304,-0.59,-0.022,-0.799,-0.05,-0.19,-0.21,1,imu01,imu_20260817T174209Z,627,18304123
480136796000000,18324,-0.59,-0.02,-0.804,-0.03,0.05,0.04,1,imu01,imu_20260817T174209Z,628,18324120
480136812000000,18344,-0.587,-0.021,-0.805,0.08,0.07,0.12,1,imu01,imu_20260817T174209Z,629,18344123
480136828000000,18364,-0.593,-0.021,-0.804,-0.06,0.16,-0.05,1,imu01,imu_20260817T174209Z,630,18364120
480136859000000,18384,-0.596,-0.026,-0.815,0.01,-0.1,-0.09,1,imu01,imu_20260817T174209Z,631,18384123
480136875000000,18404,-0.592,-0.023,-0.807,-0.0,0.0,0.07,1,imu01,imu_20260817T174209Z,632,18404120
480136890000000,18424,-0.592,-0.022,-0.803,-0.08,0.14,-0.05,1,imu01,imu_20260817T174209Z,633,18424123
480136921000000,18444,-0.59,-0.024,-0.808,0.03,0.14,-0.06,1,imu01,imu_20260817T174209Z,634,18444120
480136937000000,18464,-0.59,-0.023,-0.802,0.01,0.06,0.12,1,imu01,imu_20260817T174209Z,635,18464123
480136953000000,18484,-0.591,-0.021,-0.806,0.02,-0.06,0.11,1,imu01,imu_20260817T174209Z,636,18484120
480136968000000,18504,-0.596,-0.027,-0.807,-0.08,0.11,-0.08,1,imu01,imu_20260817T174209Z,637,18504123
480137000000000,18524,-0.595,-0.017,-0.811,0.05,0.01,0.07,1,imu01,imu_20260817T174209Z,638,18524120
480137015000000,18544,-0.599,-0.024,-0.808,0.1,-0.06,0.05,1,imu01,imu_20260817T174209Z,639,18544123
480137031000000,18564,-0.591,-0.02,-0.808,0.07,-0.03,0.08,1,imu01,imu_20260817T174209Z,640,18564120
480137046000000,18584,-0.592,-0.024,-0.797,-0.0,0.13,-0.02,1,imu01,imu_20260817T174209Z,641,18584123
480137078000000,18604,-0.594,-0.022,-0.806,0.05,0.04,0.01,1,imu01,imu_20260817T174209Z,642,18604120
480137093000000,18624,-0.588,-0.024,-0.801,-0.03,-0.11,0.07,1,imu01,imu_20260817T174209Z,643,18624123
480137109000000,18644,-0.589,-0.015,-0.809,0.09,-0.1,0.0,1,imu01,imu_20260817T174209Z,644,18644120
480137140000000,18664,-0.588,-0.019,-0.802,0.04,-0.01,-0.03,1,imu01,imu_20260817T174209Z,645,18664123
480137156000000,18684,-0.593,-0.022,-0.8,-0.01,-0.16,0.13,1,imu01,imu_20260817T174209Z,646,18684120
480137171000000,18704,-0.597,-0.022,-0.805,0.04,-0.06,-0.0,1,imu01,imu_20260817T174209Z,647,18704123
480137187000000,18724,-0.591,-0.023,-0.809,0.1,-0.06,-0.01,1,imu01,imu_20260817T174209Z,648,18724120
480137218000000,18744,-0.593,-0.024,-0.807,-0.01,-0.02,0.07,1,imu01,imu_20260817T174209Z,649,18744123
480137234000000,18764,-0.592,-0.019,-0.812,0.05,-0.03,-0.03,1,imu01,imu_20260817T174209Z,650,18764120
480137250000000,18784,-0.588,-0.023,-0.81,0.09,-0.04,-0.03,1,imu01,imu_20260817T174209Z,651,18784123
480137281000000,18804,-0.593,-0.021,-0.807,0.04,-0.08,-0.03,1,imu01,imu_20260817T174209Z,652,18804120
480137296000000,18824,-0.589,-0.02,-0.807,-0.03,-0.13,0.03,1,imu01,imu_20260817T174209Z,653,18824123
480137312000000,18844,-0.587,-0.017,-0.802,0.09,-0.23,-0.15,1,imu01,imu_20260817T174209Z,654,18844120
480137328000000,18864,-0.591,-0.02,-0.804,0.08,-0.13,0.12,1,imu01,imu_20260817T174209Z,655,18864123
480137359000000,18884,-0.588,-0.022,-0.806,0.01,0.03,0.14,1,imu01,imu_20260817T174209Z,656,18884120
480137375000000,18904,-0.593,-0.023,-0.807,-0.08,-0.02,-0.01,1,imu01,imu_20260817T174209Z,657,18904123
480137390000000,18924,-0.592,-0.02,-0.798,-0.03,-0.05,-0.08,1,imu01,imu_20260817T174209Z,658,18924120
480137421000000,18944,-0.593,-0.02,-0.801,0.01,0.0,0.03,1,imu01,imu_20260817T174209Z,659,18944123
480137437000000,18964,-0.592,-0.021,-0.803,-0.1,0.11,0.05,1,imu01,imu_20260817T174209Z,660,18964120
480137453000000,18984,-0.594,-0.023,-0.806,-0.04,-0.06,-0.16,1,imu01,imu_20260817T174209Z,661,18984123
480137468000000,19004,-0.591,-0.023,-0.803,0.03,0.07,0.0,1,imu01,imu_20260817T174209Z,662,19004120
480137500000000,19024,-0.591,-0.026,-0.803,0.02,0.19,0.01,1,imu01,imu_20260817T174209Z,663,19024123
480137515000000,19044,-0.593,-0.021,-0.803,-0.08,0.23,-0.04,1,imu01,imu_20260817T174209Z,664,19044120
480137531000000,19064,-0.592,-0.02,-0.808,-0.09,-0.02,-0.21,1,imu01,imu_20260817T174209Z,665,19064123
480137562000000,19084,-0.593,-0.022,-0.81,0.01,0.02,0.07,1,imu01,imu_20260817T174209Z,666,19084120
480137578000000,19104,-0.59,-0.022,-0.809,0.05,0.01,-0.0,1,imu01,imu_20260817T174209Z,667,19104123
480137593000000,19124,-0.595,-0.023,-0.795,-0.06,0.08,-0.04,1,imu01,imu_20260817T174209Z,668,19124120
480137609000000,19144,-0.591,-0.021,-0.805,-0.08,-0.11,-0.03,1,imu01,imu_20260817T174209Z,669,19144123
480137640000000,19164,-0.587,-0.02,-0.804,0.02,-0.07,0.0,1,imu01,imu_20260817T174209Z,670,19164120
480137656000000,19184,-0.59,-0.025,-0.807,0.01,0.21,-0.03,1,imu01,imu_20260817T174209Z,671,19184123
480137671000000,19204,-0.591,-0.023,-0.811,-0.04,0.12,0.02,1,imu01,imu_20260817T174209Z,672,19204120
480137687000000,19224,-0.591,-0.025,-0.801,0.02,0.04,-0.02,1,imu01,imu_20260817T174209Z,673,19224123
480137718000000,19244,-0.594,-0.024,-0.801,0.01,-0.07,0.02,1,imu01,imu_20260817T174209Z,674,19244120
480137734000000,19264,-0.59,-0.024,-0.811,-0.1,0.1,-0.0,1,imu01,imu_20260817T174209Z,675,19264123
480137750000000,19284,-0.589,-0.024,-0.804,0.07,0.04,0.02,1,imu01,imu_20260817T174209Z,676,19284120
480137781000000,19304,-0.593,-0.021,-0.805,0.05,-0.01,0.01,1,imu01,imu_20260817T174209Z,677,19304123
480137796000000,19324,-0.595,-0.019,-0.814,0.14,-0.11,-0.05,1,imu01,imu_20260817T174209Z,678,19324120
480137812000000,19344,-0.592,-0.018,-0.81,-0.12,0.07,-0.03,1,imu01,imu_20260817T174209Z,679,19344123
480137828000000,19364,-0.598,-0.025,-0.812,0.03,-0.02,0.04,1,imu01,imu_20260817T174209Z,680,19364120
480137859000000,19384,-0.592,-0.02,-0.804,0.14,-0.11,-0.03,1,imu01,imu_20260817T174209Z,681,19384123
480137875000000,19404,-0.589,-0.02,-0.799,0.11,-0.08,-0.05,1,imu01,imu_20260817T174209Z,682,19404120
480137890000000,19424,-0.597,-0.024,-0.806,-0.0,-0.04,0.1,1,imu01,imu_20260817T174209Z,683,19424123
480137921000000,19444,-0.59,-0.022,-0.807,-0.03,0.03,0.09,1,imu01,imu_20260817T174209Z,684,19444120
480137937000000,19464,-0.588,-0.025,-0.799,0.08,-0.09,-0.03,1,imu01,imu_20260817T174209Z,685,19464123
480137953000000,19484,-0.594,-0.02,-0.803,0.13,-0.03,0.05,1,imu01,imu_20260817T174209Z,686,19484120
480137968000000,19504,-0.594,-0.022,-0.81,-0.01,-0.08,0.22,1,imu01,imu_20260817T174209Z,687,19504123
480138000000000,19524,-0.594,-0.016,-0.812,-0.0,-0.18,0.01,1,imu01,imu_20260817T174209Z,688,19524120
480138015000000,19544,-0.589,-0.022,-0.802,0.14,-0.14,0.08,1,imu01,imu_20260817T174209Z,689,19544123
480138031000000,19564,-0.594,-0.02,-0.809,-0.02,-0.0,0.02,1,imu01,imu_20260817T174209Z,690,19564120
480138046000000,19584,-0.595,-0.019,-0.809,-0.02,-0.11,-0.03,1,imu01,imu_20260817T174209Z,691,19584123
480138078000000,19604,-0.592,-0.024,-0.802,0.01,-0.16,-0.06,1,imu01,imu_20260817T174209Z,692,19604120
480138093000000,19624,-0.591,-0.022,-0.809,0.1,-0.06,0.01,1,imu01,imu_20260817T174209Z,693,19624123
480138109000000,19644,-0.59,-0.022,-0.809,-0.02,0.15,0.12,1,imu01,imu_20260817T174209Z,694,19644120
480138140000000,19664,-0.598,-0.018,-0.811,-0.06,-0.04,-0.09,1,imu01,imu_20260817T174209Z,695,19664123
480138156000000,19684,-0.593,-0.022,-0.809,-0.08,0.01,0.1,1,imu01,imu_20260817T174209Z,696,19684120
480138171000000,19704,-0.592,-0.023,-0.804,-0.02,0.05,0.14,1,imu01,imu_20260817T174209Z,697,19704123
480138187000000,19724,-0.594,-0.019,-0.799,-0.02,0.13,-0.03,1,imu01,imu_20260817T174209Z,698,19724120
480138218000000,19744,-0.59,-0.021,-0.805,-0.02,-0.1,-0.09,1,imu01,imu_20260817T174209Z,699,19744123
480138234000000,19764,-0.594,-0.02,-0.807,-0.05,0.06,0.02,1,imu01,imu_20260817T174209Z,700,19764120
480138250000000,19784,-0.591,-0.023,-0.807,-0.02,0.12,0.0,1,imu01,imu_20260817T174209Z,701,19784123
480138281000000,19804,-0.595,-0.021,-0.802,-0.07,0.13,-0.03,1,imu01,imu_20260817T174209Z,702,19804120
480138296000000,19824,-0.588,-0.02,-0.807,-0.1,-0.14,-0.0,1,imu01,imu_20260817T174209Z,703,19824123
480138312000000,19844,-0.595,-0.021,-0.81,-0.02,-0.01,-0.03,1,imu01,imu_20260817T174209Z,704,19844120
480138328000000,19864,-0.589,-0.022,-0.802,-0.02,0.1,-0.01,1,imu01,imu_20260817T174209Z,705,19864123
480138359000000,19884,-0.589,-0.02,-0.81,-0.02,0.04,-0.01,1,imu01,imu_20260817T174209Z,706,19884120
480138375000000,19904,-0.59,-0.021,-0.804,-0.0,-0.1,-0.03,1,imu01,imu_20260817T174209Z,707,19904123
480138390000000,19924,-0.592,-0.022,-0.805,0.11,-0.15,-0.07,1,imu01,imu_20260817T174209Z,708,19924120
480138421000000,19944,-0.594,-0.022,-0.803,-0.05,-0.01,-0.1,1,imu01,imu_20260817T174209Z,709,19944123
480138437000000,19964,-0.592,-0.024,-0.811,0.05,-0.02,0.1,1,imu01,imu_20260817T174209Z,710,19964120
480138453000000,19984,-0.588,-0.02,-0.802,0.03,-0.07,-0.05,1,imu01,imu_20260817T174209Z,711,19984123
480138468000000,20004,-0.595,-0.02,-0.801,0.11,-0.2,-0.03,1,imu01,imu_20260817T174209Z,712,20004120
480138500000000,20024,-0.591,-0.021,-0.807,-0.02,-0.03,0.07,1,imu01,imu_20260817T174209Z,713,20024123
480138515000000,20044,-0.593,-0.019,-0.809,0.08,-0.13,0.13,1,imu01,imu_20260817T174209Z,714,20044120
480138531000000,20064,-0.591,-0.02,-0.812,0.03,-0.02,-0.04,1,imu01,imu_20260817T174209Z,715,20064123
480138562000000,20084,-0.589,-0.023,-0.801,0.09,-0.13,-0.07,1,imu01,imu_20260817T174209Z,716,20084120
480138578000000,20104,-0.592,-0.022,-0.808,-0.02,0.0,0.12,1,imu01,imu_20260817T174209Z,717,20104123
480138593000000,20124,-0.59,-0.021,-0.803,-0.04,0.0,0.08,1,imu01,imu_20260817T174209Z,718,20124120
480138609000000,20144,-0.589,-0.022,-0.809,0.14,-0.14,-0.04,1,imu01,imu_20260817T174209Z,719,20144123
480138640000000,20164,-0.593,-0.024,-0.809,0.11,-0.0,0.04,1,imu01,imu_20260817T174209Z,720,20164120
480138656000000,20184,-0.591,-0.021,-0.807,0.04,-0.08,0.15,1,imu01,imu_20260817T174209Z,721,20184123
480138671000000,20204,-0.592,-0.025,-0.807,0.02,-0.17,-0.1,1,imu01,imu_20260817T174209Z,722,20204120
480138687000000,20224,-0.586,-0.016,-0.81,-0.05,-0.06,0.04,1,imu01,imu_20260817T174209Z,723,20224123
480138718000000,20244,-0.591,-0.021,-0.806,-0.04,0.1,0.06,1,imu01,imu_20260817T174209Z,724,20244120
480138734000000,20264,-0.591,-0.022,-0.803,-0.09,-0.14,-0.04,1,imu01,imu_20260817T174209Z,725,20264123
480138750000000,20284,-0.594,-0.023,-0.804,-0.05,-0.11,-0.05,1,imu01,imu_20260817T174209Z,726,20284120
480138781000000,20304,-0.593,-0.016,-0.803,0.03,0.03,0.05,1,imu01,imu_20260817T174209Z,727,20304123
480138796000000,20324,-0.593,-0.018,-0.805,-0.12,0.14,-0.03,1,imu01,imu_20260817T174209Z,728,20324120
480138812000000,20344,-0.593,-0.024,-0.806,-0.04,-0.16,-0.13,1,imu01,imu_20260817T174209Z,729,20344123
480138828000000,20364,-0.595,-0.025,-0.806,0.03,0.07,0.02,1,imu01,imu_20260817T174209Z,730,20364120
480138859000000,20384,-0.591,-0.023,-0.812,0.01,0.03,0.1,1,imu01,imu_20260817T174209Z,731,20384123
480138875000000,20404,-0.589,-0.021,-0.811,-0.03,0.06,-0.02,1,imu01,imu_20260817T174209Z,732,20404120
480138890000000,20424,-0.593,-0.02,-0.806,-0.01,-0.18,-0.09,1,imu01,imu_20260817T174209Z,733,20424123
480138921000000,20444,-0.593,-0.02,-0.81,-0.02,0.19,-0.01,1,imu01,imu_20260817T174209Z,734,20444120
480138937000000,20464,-0.593,-0.02,-0.807,-0.01,0.16,0.04,1,imu01,imu_20260817T174209Z,735,20464123
480138953000000,20484,-0.591,-0.022,-0.807,-0.14,0.26,0.04,1,imu01,imu_20260817T174209Z,736,20484120
480138968000000,20504,-0.587,-0.027,-0.803,-0.08,-0.02,-0.08,1,imu01,imu_20260817T174209Z,737,20504123
480139000000000,20524,-0.598,-0.027,-0.802,-0.02,0.13,-0.04,1,imu01,imu_20260817T174209Z,738,20524120
480139015000000,20544,-0.593,-0.022,-0.807,-0.0,0.23,-0.03,1,imu01,imu_20260817T174209Z,739,20544123
480139031000000,20564,-0.597,-0.021,-0.804,-0.04,0.1,-0.02,1,imu01,imu_20260817T174209Z,740,20564120
480139062000000,20584,-0.593,-0.017,-0.81,-0.05,-0.01,-0.0,1,imu01,imu_20260817T174209Z,741,20584123
480139078000000,20604,-0.592,-0.023,-0.804,-0.05,-0.03,-0.04,1,imu01,imu_20260817T174209Z,742,20604120
480139093000000,20624,-0.595,-0.022,-0.803,-0.01,0.13,0.0,1,imu01,imu_20260817T174209Z,743,20624123
480139109000000,20644,-0.592,-0.022,-0.812,-0.05,0.04,0.1,1,imu01,imu_20260817T174209Z,744,20644120
480139140000000,20664,-0.593,-0.023,-0.806,0.01,-0.01,-0.02,1,imu01,imu_20260817T174209Z,745,20664123
480139156000000,20684,-0.596,-0.022,-0.806,0.09,-0.2,-0.06,1,imu01,imu_20260817T174209Z,746,20684120
480139171000000,20704,-0.589,-0.021,-0.802,0.05,-0.06,0.05,1,imu01,imu_20260817T174209Z,747,20704123
480139187000000,20724,-0.589,-0.025,-0.802,0.04,-0.08,0.16,1,imu01,imu_20260817T174209Z,748,20724120
480139218000000,20744,-0.591,-0.02,-0.8,0.08,-0.03,0.08,1,imu01,imu_20260817T174209Z,749,20744123
480139234000000,20764,-0.596,-0.023,-0.804,0.16,-0.08,-0.1,1,imu01,imu_20260817T174209Z,750,20764120
480139250000000,20784,-0.595,-0.022,-0.807,-0.02,0.11,0.0,1,imu01,imu_20260817T174209Z,751,20784123
480139281000000,20804,-0.593,-0.022,-0.805,-0.0,-0.03,-0.07,1,imu01,imu_20260817T174209Z,752,20804120
480139296000000,20824,-0.589,-0.017,-0.805,0.05,-0.02,-0.05,1,imu01,imu_20260817T174209Z,753,20824123
480139312000000,20844,-0.593,-0.019,-0.808,0.07,0.12,0.04,1,imu01,imu_20260817T174209Z,754,20844120
480139328000000,20864,-0.589,-0.022,-0.809,0.04,-0.13,0.08,1,imu01,imu_20260817T174209Z,755,20864123
480139359000000,20884,-0.593,-0.02,-0.802,0.08,-0.03,-0.05,1,imu01,imu_20260817T174209Z,756,20884120
480139375000000,20904,-0.589,-0.019,-0.807,0.05,-0.08,-0.03,1,imu01,imu_20260817T174209Z,757,20904123
480139390000000,20924,-0.594,-0.022,-0.807,-0.01,0.02,0.13,1,imu01,imu_20260817T174209Z,758,20924120
480139421000000,20944,-0.59,-0.019,-0.799,-0.0,-0.06,-0.03,1,imu01,imu_20260817T174209Z,759,20944123
480139437000000,20964,-0.592,-0.022,-0.806,-0.09,-0.09,-0.1,1,imu01,imu_20260817T174209Z,760,20964120
480139453000000,20984,-0.593,-0.019,-0.808,-0.02,-0.03,-0.02,1,imu01,imu_20260817T174209Z,761,20984123
480139468000000,21004,-0.59,-0.022,-0.807,-0.08,0.12,-0.03,1,imu01,imu_20260817T174209Z,762,21004120
480139500000000,21024,-0.594,-0.023,-0.81,-0.02,0.02,-0.02,1,imu01,imu_20260817T174209Z,763,21024123
480139515000000,21044,-0.592,-0.019,-0.812,-0.01,-0.07,-0.0,1,imu01,imu_20260817T174209Z,764,21044120
480139531000000,21064,-0.598,-0.021,-0.808,-0.02,-0.0,0.01,1,imu01,imu_20260817T174209Z,765,21064123
480139562000000,21084,-0.593,-0.022,-0.807,-0.02,0.25,-0.09,1,imu01,imu_20260817T174209Z,766,21084120
480139578000000,21104,-0.593,-0.021,-0.804,-0.04,0.1,0.04,1,imu01,imu_20260817T174209Z,767,21104123
480139593000000,21124,-0.591,-0.019,-0.801,-0.03,-0.07,0.0,1,imu01,imu_20260817T174209Z,768,21124120
480139609000000,21144,-0.588,-0.02,-0.801,-0.05,0.13,-0.08,1,imu01,imu_20260817T174209Z,769,21144123
480139640000000,21164,-0.591,-0.026,-0.807,-0.02,0.07,-0.05,1,imu01,imu_20260817T174209Z,770,21164120
480139656000000,21184,-0.593,-0.025,-0.806,-0.03,0.06,0.03,1,imu01,imu_20260817T174209Z,771,21184123
480139671000000,21204,-0.591,-0.022,-0.807,0.08,-0.13,-0.01,1,imu01,imu_20260817T174209Z,772,21204120
480139687000000,21224,-0.592,-0.021,-0.806,-0.0,0.08,-0.07,1,imu01,imu_20260817T174209Z,773,21224123
480139718000000,21244,-0.593,-0.022,-0.809,0.01,-0.0,0.08,1,imu01,imu_20260817T174209Z,774,21244120
480139734000000,21264,-0.593,-0.02,-0.805,0.04,-0.06,0.03,1,imu01,imu_20260817T174209Z,775,21264123
480139750000000,21284,-0.594,-0.021,-0.805,0.06,-0.14,-0.0,1,imu01,imu_20260817T174209Z,776,21284120
480139781000000,21304,-0.589,-0.023,-0.809,-0.02,0.12,-0.03,1,imu01,imu_20260817T174209Z,777,21304123
480139796000000,21324,-0.591,-0.023,-0.804,0.01,-0.04,0.02,1,imu01,imu_20260817T174209Z,778,21324120
480139812000000,21344,-0.59,-0.02,-0.807,0.02,-0.09,0.04,1,imu01,imu_20260817T174209Z,779,21344123
480139828000000,21364,-0.591,-0.02,-0.806,0.11,-0.19,0.02,1,imu01,imu_20260817T174209Z,780,21364120
480139859000000,21384,-0.593,-0.02,-0.802,0.1,-0.1,0.0,1,imu01,imu_20260817T174209Z,781,21384123
480139875000000,21404,-0.593,-0.023,-0.807,0.06,-0.15,0.09,1,imu01,imu_20260817T174209Z,782,21404120
480139890000000,21424,-0.593,-0.021,-0.809,-0.11,0.03,0.02,1,imu01,imu_20260817T174209Z,783,21424123
480139906000000,21444,-0.593,-0.02,-0.8,-0.02,0.03,-0.03,1,imu01,imu_20260817T174209Z,784,21444120
480139937000000,21464,-0.596,-0.021,-0.81,-0.05,0.02,0.07,1,imu01,imu_20260817T174209Z,785,21464123
480139953000000,21484,-0.588,-0.023,-0.8,-0.02,-0.06,-0.0,1,imu01,imu_20260817T174209Z,786,21484120
480139968000000,21504,-0.589,-0.02,-0.807,0.07,-0.22,-0.06,1,imu01,imu_20260817T174209Z,787,21504123
480140000000000,21524,-0.59,-0.02,-0.8,0.07,-0.06,0.04,1,imu01,imu_20260817T174209Z,788,21524120
480140015000000,21544,-0.59,-0.02,-0.802,0.01,-0.13,0.03,1,imu01,imu_20260817T174209Z,789,21544123
480140031000000,21564,-0.589,-0.022,-0.804,-0.03,-0.01,-0.06,1,imu01,imu_20260817T174209Z,790,21564120
480140046000000,21584,-0.59,-0.019,-0.812,-0.0,-0.03,0.1,1,imu01,imu_20260817T174209Z,791,21584123
480140078000000,21604,-0.587,-0.024,-0.799,-0.0,0.06,0.05,1,imu01,imu_20260817T174209Z,792,21604120
480140093000000,21624,-0.591,-0.022,-0.806,0.05,-0.16,0.01,1,imu01,imu_20260817T174209Z,793,21624123
480140109000000,21644,-0.59,-0.024,-0.806,-0.16,0.15,0.06,1,imu01,imu_20260817T174209Z,794,21644120
480140140000000,21664,-0.589,-0.026,-0.807,0.01,0.06,0.04,1,imu01,imu_20260817T174209Z,795,21664123
480140156000000,21684,-0.599,-0.022,-0.809,-0.04,0.2,0.07,1,imu01,imu_20260817T174209Z,796,21684120
480140171000000,21704,-0.589,-0.023,-0.808,-0.02,-0.07,-0.08,1,imu01,imu_20260817T174209Z,797,21704123
480140187000000,21724,-0.596,-0.021,-0.803,-0.08,0.1,-0.0,1,imu01,imu_20260817T174209Z,798,21724120
480140218000000,21744,-0.59,-0.022,-0.807,-0.01,0.35,0.14,1,imu01,imu_20260817T174209Z,799,21744123
480140234000000,21764,-0.589,-0.024,-0.81,-0.05,0.23,-0.02,1,imu01,imu_20260817T174209Z,800,21764120
480140250000000,21784,-0.592,-0.025,-0.808,-0.02,0.04,-0.02,1,imu01,imu_20260817T174209Z,801,21784123
480140281000000,21804,-0.592,-0.023,-0.801,-0.03,-0.09,0.02,1,imu01,imu_20260817T174209Z,802,21804120
480140296000000,21824,-0.593,-0.024,-0.799,-0.05,0.12,-0.03,1,imu01,imu_20260817T174209Z,803,21824123
480140312000000,21844,-0.594,-0.026,-0.805,-0.01,0.13,-0.03,1,imu01,imu_20260817T174209Z,804,21844120
480140328000000,21864,-0.592,-0.022,-0.813,-0.07,-0.05,0.03,1,imu01,imu_20260817T174209Z,805,21864123
480140359000000,21884,-0.592,-0.018,-0.805,0.08,-0.03,-0.07,1,imu01,imu_20260817T174209Z,806,21884120
480140375000000,21904,-0.587,-0.023,-0.801,-0.03,0.08,-0.03,1,imu01,imu_20260817T174209Z,807,21904123
480140390000000,21924,-0.597,-0.023,-0.803,-0.03,0.09,-0.09,1,imu01,imu_20260817T174209Z,808,21924120
480140421000000,21944,-0.595,-0.023,-0.806,0.03,-0.08,-0.03,1,imu01,imu_20260817T174209Z,809,21944123
480140437000000,21964,-0.59,-0.024,-0.807,0.08,-0.1,-0.0,1,imu01,imu_20260817T174209Z,810,21964120
480140453000000,21984,-0.585,-0.023,-0.805,-0.06,0.1,0.04,1,imu01,imu_20260817T174209Z,811,21984123
480140468000000,22004,-0.588,-0.024,-0.806,-0.04,0.03,0.14,1,imu01,imu_20260817T174209Z,812,22004120
480140500000000,22024,-0.589,-0.023,-0.802,-0.01,0.01,0.04,1,imu01,imu_20260817T174209Z,813,22024123
480140515000000,22044,-0.593,-0.02,-0.812,0.1,-0.06,-0.09,1,imu01,imu_20260817T174209Z,814,22044120
480140531000000,22064,-0.588,-0.022,-0.81,-0.0,-0.1,0.02,1,imu01,imu_20260817T174209Z,815,22064123
480140546000000,22084,-0.594,-0.014,-0.806,-0.02,-0.16,0.02,1,imu01,imu_20260817T174209Z,816,22084120
480140578000000,22104,-0.589,-0.016,-0.813,0.08,-0.02,0.04,1,imu01,imu_20260817T174209Z,817,22104123
480140593000000,22124,-0.593,-0.015,-0.804,0.12,-0.03,-0.03,1,imu01,imu_20260817T174209Z,818,22124120
480140609000000,22144,-0.589,-0.02,-0.807,0.01,-0.14,0.0,1,imu01,imu_20260817T174209Z,819,22144123
480140640000000,22164,-0.591,-0.024,-0.802,0.07,-0.1,-0.0,1,imu01,imu_20260817T174209Z,820,22164120
480140656000000,22184,-0.596,-0.018,-0.801,0.05,-0.13,-0.07,1,imu01,imu_20260817T174209Z,821,22184123
480140671000000,22204,-0.588,-0.024,-0.81,-0.08,0.04,0.08,1,imu01,imu_20260817T174209Z,822,22204120
480140687000000,22224,-0.595,-0.023,-0.807,-0.01,-0.11,0.07,1,imu01,imu_20260817T174209Z,823,22224123
480140718000000,22244,-0.59,-0.024,-0.803,-0.02,-0.14,-0.08,1,imu01,imu_20260817T174209Z,824,22244120
480140734000000,22264,-0.592,-0.025,-0.807,0.02,-0.11,0.03,1,imu01,imu_20260817T174209Z,825,22264123
480140750000000,22284,-0.59,-0.023,-0.807,0.03,0.03,-0.0,1,imu01,imu_20260817T174209Z,826,22284120
480140781000000,22304,-0.592,-0.027,-0.805,-0.05,-0.11,-0.04,1,imu01,imu_20260817T174209Z,827,22304123
480140796000000,22324,-0.59,-0.02,-0.803,-0.05,0.01,0.02,1,imu01,imu_20260817T174209Z,828,22324120
480140812000000,22344,-0.592,-0.023,-0.806,0.02,0.13,0.07,1,imu01,imu_20260817T174209Z,829,22344123
480140828000000,22364,-0.592,-0.023,-0.803,-0.08,0.15,0.05,1,imu01,imu_20260817T174209Z,830,22364120
480140859000000,22384,-0.591,-0.023,-0.803,-0.05,-0.0,-0.09,1,imu01,imu_20260817T174209Z,831,22384123
480140875000000,22404,-0.591,-0.024,-0.806,-0.03,0.06,0.04,1,imu01,imu_20260817T174209Z,832,22404120
480140890000000,22424,-0.591,-0.021,-0.81,-0.05,0.03,0.04,1,imu01,imu_20260817T174209Z,833,22424123
480140921000000,22444,-0.589,-0.02,-0.806,-0.06,0.07,-0.04,1,imu01,imu_20260817T174209Z,834,22444120
480140937000000,22464,-0.593,-0.018,-0.804,-0.02,0.01,0.0,1,imu01,imu_20260817T174209Z,835,22464123
480140953000000,22484,-0.59,-0.023,-0.802,-0.08,-0.09,0.02,1,imu01,imu_20260817T174209Z,836,22484120
480140968000000,22504,-0.589,-0.021,-0.81,-0.08,0.13,0.02,1,imu01,imu_20260817T174209Z,837,22504123
480141000000000,22524,-0.593,-0.02,-0.812,-0.12,0.13,-0.05,1,imu01,imu_20260817T174209Z,838,22524120
480141015000000,22544,-0.592,-0.02,-0.81,-0.01,-0.03,-0.03,1,imu01,imu_20260817T174209Z,839,22544123
480141031000000,22564,-0.59,-0.023,-0.806,0.09,-0.03,-0.05,1,imu01,imu_20260817T174209Z,840,22564120
480141046000000,22584,-0.592,-0.023,-0.799,-0.02,0.13,0.0,1,imu01,imu_20260817T174209Z,841,22584123
480141078000000,22604,-0.592,-0.023,-0.805,-0.03,-0.0,-0.02,1,imu01,imu_20260817T174209Z,842,22604120
480141093000000,22624,-0.592,-0.021,-0.804,-0.01,-0.09,0.02,1,imu01,imu_20260817T174209Z,843,22624123
480141109000000,22644,-0.588,-0.021,-0.804,0.05,-0.08,-0.08,1,imu01,imu_20260817T174209Z,844,22644120
480141140000000,22664,-0.589,-0.025,-0.805,-0.06,0.04,0.05,1,imu01,imu_20260817T174209Z,845,22664123
480141156000000,22684,-0.593,-0.021,-0.804,0.04,-0.1,0.17,1,imu01,imu_20260817T174209Z,846,22684120
480141171000000,22704,-0.588,-0.024,-0.801,0.1,-0.07,-0.1,1,imu01,imu_20260817T174209Z,847,22704123
480141187000000,22724,-0.591,-0.02,-0.804,0.12,-0.13,0.01,1,imu01,imu_20260817T174209Z,848,22724120
480141218000000,22744,-0.59,-0.022,-0.801,0.02,-0.1,0.09,1,imu01,imu_20260817T174209Z,849,22744123
480141234000000,22764,-0.588,-0.023,-0.805,0.06,-0.2,0.05,1,imu01,imu_20260817T174209Z,850,22764120
480141250000000,22784,-0.592,-0.022,-0.812,0.16,-0.13,-0.13,1,imu01,imu_20260817T174209Z,851,22784123
480141281000000,22804,-0.59,-0.018,-0.803,0.08,-0.13,0.09,1,imu01,imu_20260817T174209Z,852,22804120
480141296000000,22824,-0.594,-0.024,-0.801,-0.07,-0.02,0.22,1,imu01,imu_20260817T174209Z,853,22824123
480141312000000,22844,-0.592,-0.019,-0.812,0.01,-0.05,0.04,1,imu01,imu_20260817T174209Z,854,22844120
480141328000000,22864,-0.591,-0.024,-0.809,0.09,0.0,-0.03,1,imu01,imu_20260817T174209Z,855,22864123
480141359000000,22884,-0.59,-0.023,-0.801,-0.01,-0.03,-0.01,1,imu01,imu_20260817T174209Z,856,22884120
480141375000000,22904,-0.59,-0.024,-0.81,0.01,-0.13,-0.0,1,imu01,imu_20260817T174209Z,857,22904123
480141390000000,22924,-0.591,-0.018,-0.806,-0.05,0.06,0.03,1,imu01,imu_20260817T174209Z,858,22924120
480141421000000,22944,-0.594,-0.023,-0.803,0.02,-0.0,0.07,1,imu01,imu_20260817T174209Z,859,22944123
480141437000000,22964,-0.591,-0.026,-0.808,0.03,0.04,0.1,1,imu01,imu_20260817T174209Z,860,22964120
480141453000000,22984,-0.592,-0.021,-0.805,-0.02,-0.1,-0.06,1,imu01,imu_20260817T174209Z,861,22984123
480141468000000,23004,-0.592,-0.023,-0.807,0.02,0.06,0.0,1,imu01,imu_20260817T174209Z,862,23004120
480141500000000,23024,-0.593,-0.023,-0.806,0.02,0.06,0.12,1,imu01,imu_20260817T174209Z,863,23024123
480141515000000,23044,-0.589,-0.019,-0.812,-0.02,0.13,-0.07,1,imu01,imu_20260817T174209Z,864,23044120
480141531000000,23064,-0.591,-0.02,-0.812,-0.01,-0.0,0.01,1,imu01,imu_20260817T174209Z,865,23064123
480141546000000,23084,-0.593,-0.017,-0.811,-0.08,-0.11,-0.08,1,imu01,imu_20260817T174209Z,866,23084120
480141578000000,23104,-0.592,-0.023,-0.803,-0.06,0.06,-0.12,1,imu01,imu_20260817T174209Z,867,23104123
480141593000000,23124,-0.589,-0.023,-0.805,-0.0,0.07,-0.02,1,imu01,imu_20260817T174209Z,868,23124120
480141609000000,23144,-0.591,-0.023,-0.811,-0.09,-0.02,-0.0,1,imu01,imu_20260817T174209Z,869,23144123
480141640000000,23164,-0.595,-0.024,-0.806,-0.01,-0.06,-0.01,1,imu01,imu_20260817T174209Z,870,23164120
480141656000000,23184,-0.592,-0.022,-0.802,0.01,0.11,0.0,1,imu01,imu_20260817T174209Z,871,23184123
480141671000000,23204,-0.586,-0.021,-0.801,0.01,0.03,-0.02,1,imu01,imu_20260817T174209Z,872,23204120
480141687000000,23224,-0.597,-0.022,-0.805,0.01,-0.12,0.1,1,imu01,imu_20260817T174209Z,873,23224123
480141718000000,23244,-0.588,-0.019,-0.803,0.01,-0.03,-0.02,1,imu01,imu_20260817T174209Z,874,23244120
480141734000000,23264,-0.59,-0.02,-0.805,-0.08,0.15,0.02,1,imu01,imu_20260817T174209Z,875,23264123
480141750000000,23284,-0.592,-0.023,-0.807,-0.12,0.1,0.0,1,imu01,imu_20260817T174209Z,876,23284120
480141781000000,23304,-0.591,-0.021,-0.803,0.01,-0.1,-0.03,1,imu01,imu_20260817T174209Z,877,23304123
480141796000000,23324,-0.592,-0.02,-0.808,0.05,-0.09,-0.08,1,imu01,imu_20260817T174209Z,878,23324120
480141812000000,23344,-0.595,-0.019,-0.805,-0.08,0.01,0.11,1,imu01,imu_20260817T174209Z,879,23344123
480141828000000,23364,-0.592,-0.022,-0.798,-0.04,-0.05,0.09,1,imu01,imu_20260817T174209Z,880,23364120
480141859000000,23384,-0.59,-0.02,-0.805,0.11,-0.04,-0.03,1,imu01,imu_20260817T174209Z,881,23384123
480141875000000,23404,-0.592,-0.023,-0.808,0.1,-0.16,-0.1,1,imu01,imu_20260817T174209Z,882,23404120
480141890000000,23424,-0.594,-0.022,-0.803,-0.01,-0.12,-0.02,1,imu01,imu_20260817T174209Z,883,23424123
480141906000000,23444,-0.594,-0.022,-0.803,-0.0,-0.13,-0.03,1,imu01,imu_20260817T174209Z,884,23444120
480141937000000,23464,-0.596,-0.021,-0.803,0.14,-0.13,0.06,1,imu01,imu_20260817T174209Z,885,23464123
480141953000000,23484,-0.596,-0.022,-0.808,0.1,-0.03,0.13,1,imu01,imu_20260817T174209Z,886,23484120
480141968000000,23504,-0.592,-0.023,-0.801,-0.05,-0.06,0.04,1,imu01,imu_20260817T174209Z,887,23504123
480142000000000,23524,-0.593,-0.024,-0.807,-0.04,-0.06,-0.09,1,imu01,imu_20260817T174209Z,888,23524120
480142015000000,23544,-0.594,-0.024,-0.808,0.05,0.01,-0.02,1,imu01,imu_20260817T174209Z,889,23544123
480142031000000,23564,-0.593,-0.026,-0.801,0.06,-0.01,0.01,1,imu01,imu_20260817T174209Z,890,23564120
480142062000000,23584,-0.591,-0.016,-0.808,-0.02,-0.16,-0.04,1,imu01,imu_20260817T174209Z,891,23584123
480142078000000,23604,-0.59,-0.022,-0.808,-0.15,-0.04,-0.11,1,imu01,imu_20260817T174209Z,892,23604120
480142093000000,23624,-0.593,-0.023,-0.807,0.05,-0.0,-0.01,1,imu01,imu_20260817T174209Z,893,23624123
480142109000000,23644,-0.593,-0.02,-0.807,-0.0,0.12,-0.0,1,imu01,imu_20260817T174209Z,894,23644120
480142140000000,23664,-0.59,-0.026,-0.808,-0.03,0.03,-0.03,1,imu01,imu_20260817T174209Z,895,23664123
480142156000000,23684,-0.589,-0.024,-0.8,-0.08,0.06,0.06,1,imu01,imu_20260817T174209Z,896,23684120
480142171000000,23704,-0.597,-0.023,-0.81,0.01,0.0,0.03,1,imu01,imu_20260817T174209Z,897,23704123
480142187000000,23724,-0.591,-0.02,-0.803,-0.05,0.13,-0.03,1,imu01,imu_20260817T174209Z,898,23724120
480142218000000,23744,-0.592,-0.022,-0.798,-0.03,-0.09,-0.09,1,imu01,imu_20260817T174209Z,899,23744123
480142234000000,23764,-0.593,-0.021,-0.811,-0.04,0.06,0.05,1,imu01,imu_20260817T174209Z,900,23764120
480142250000000,23784,-0.597,-0.018,-0.816,-0.05,0.17,0.07,1,imu01,imu_20260817T174209Z,901,23784123
480142281000000,23804,-0.595,-0.024,-0.808,0.04,0.18,-0.04,1,imu01,imu_20260817T174209Z,902,23804120
480142296000000,23824,-0.596,-0.024,-0.807,-0.07,0.04,-0.01,1,imu01,imu_20260817T174209Z,903,23824123
480142312000000,23844,-0.589,-0.021,-0.804,0.03,0.03,-0.0,1,imu01,imu_20260817T174209Z,904,23844120
480142328000000,23864,-0.593,-0.02,-0.806,-0.09,0.14,0.0,1,imu01,imu_20260817T174209Z,905,23864123
480142359000000,23884,-0.593,-0.023,-0.809,0.05,0.13,-0.04,1,imu01,imu_20260817T174209Z,906,23884120
480142375000000,23904,-0.593,-0.02,-0.806,0.03,0.04,0.01,1,imu01,imu_20260817T174209Z,907,23904123
480142390000000,23924,-0.596,-0.022,-0.809,0.07,-0.06,0.02,1,imu01,imu_20260817T174209Z,908,23924120
480142421000000,23944,-0.595,-0.023,-0.805,0.01,0.18,-0.05,1,imu01,imu_20260817T174209Z,909,23944123
480142437000000,23964,-0.591,-0.023,-0.805,-0.05,0.0,0.1,1,imu01,imu_20260817T174209Z,910,23964120
480142453000000,23984,-0.59,-0.021,-0.804,0.01,-0.11,0.04,1,imu01,imu_20260817T174209Z,911,23984123
480142468000000,24004,-0.589,-0.021,-0.805,0.05,-0.15,-0.09,1,imu01,imu_20260817T174209Z,912,24004120
480142500000000,24024,-0.592,-0.024,-0.799,0.01,-0.01,0.02,1,imu01,imu_20260817T174209Z,913,24024123
480142515000000,24044,-0.591,-0.026,-0.808,-0.01,-0.08,-0.03,1,imu01,imu_20260817T174209Z,914,24044120
480142531000000,24064,-0.589,-0.023,-0.803,0.04,-0.11,-0.03,1,imu01,imu_20260817T174209Z,915,24064123
480142546000000,24084,-0.592,-0.023,-0.811,0.14,-0.08,-0.05,1,imu01,imu_20260817T174209Z,916,24084120
480142578000000,24104,-0.59,-0.02,-0.81,0.05,-0.06,0.06,1,imu01,imu_20260817T174209Z,917,24104123
480142593000000,24124,-0.589,-0.022,-0.809,-0.01,-0.07,-0.01,1,imu01,imu_20260817T174209Z,918,24124120
480142609000000,24144,-0.589,-0.02,-0.798,0.11,-0.05,-0.06,1,imu01,imu_20260817T174209Z,919,24144123
480142640000000,24164,-0.593,-0.018,-0.806,0.08,0.04,0.08,1,imu01,imu_20260817T174209Z,920,24164120
480142656000000,24184,-0.59,-0.028,-0.807,0.07,-0.1,0.11,1,imu01,imu_20260817T174209Z,921,24184123
480142671000000,24204,-0.593,-0.023,-0.807,0.05,-0.04,0.02,1,imu01,imu_20260817T174209Z,922,24204120
480142687000000,24224,-0.588,-0.021,-0.798,0.08,-0.08,-0.04,1,imu01,imu_20260817T174209Z,923,24224123
480142718000000,24244,-0.589,-0.019,-0.809,0.05,0.06,-0.0,1,imu01,imu_20260817T174209Z,924,24244120
480142734000000,24264,-0.589,-0.022,-0.805,-0.01,-0.09,-0.03,1,imu01,imu_20260817T174209Z,925,24264123
480142750000000,24284,-0.59,-0.023,-0.801,-0.02,-0.12,-0.09,1,imu01,imu_20260817T174209Z,926,24284120
480142781000000,24304,-0.59,-0.018,-0.805,-0.03,-0.01,0.08,1,imu01,imu_20260817T174209Z,927,24304123
480142796000000,24324,-0.594,-0.024,-0.814,-0.06,0.11,0.01,1,imu01,imu_20260817T174209Z,928,24324120
480142812000000,24344,-0.594,-0.018,-0.807,-0.03,-0.06,0.01,1,imu01,imu_20260817T174209Z,929,24344123
480142828000000,24364,-0.592,-0.027,-0.805,-0.03,-0.07,-0.03,1,imu01,imu_20260817T174209Z,930,24364120
480142859000000,24384,-0.591,-0.021,-0.805,-0.06,0.11,0.06,1,imu01,imu_20260817T174209Z,931,24384123
480142875000000,24404,-0.595,-0.024,-0.811,-0.05,0.12,-0.06,1,imu01,imu_20260817T174209Z,932,24404120
480142890000000,24424,-0.589,-0.018,-0.807,0.01,0.07,0.04,1,imu01,imu_20260817T174209Z,933,24424123
480142921000000,24444,-0.592,-0.021,-0.798,0.01,-0.06,-0.02,1,imu01,imu_20260817T174209Z,934,24444120
480142937000000,24464,-0.593,-0.021,-0.805,-0.08,0.28,0.0,1,imu01,imu_20260817T174209Z,935,24464123
480142953000000,24484,-0.591,-0.021,-0.804,-0.0,0.1,-0.03,1,imu01,imu_20260817T174209Z,936,24484120
480142968000000,24504,-0.592,-0.017,-0.809,-0.01,-0.07,-0.03,1,imu01,imu_20260817T174209Z,937,24504123
480143000000000,24524,-0.594,-0.025,-0.809,0.05,-0.06,-0.02,1,imu01,imu_20260817T174209Z,938,24524120
480143015000000,24544,-0.595,-0.025,-0.798,-0.12,0.05,-0.06,1,imu01,imu_20260817T174209Z,939,24544123
480143031000000,24564,-0.589,-0.02,-0.802,-0.0,0.07,0.04,1,imu01,imu_20260817T174209Z,940,24564120
480143046000000,24584,-0.589,-0.021,-0.799,-0.0,-0.05,0.07,1,imu01,imu_20260817T174209Z,941,24584123
480143078000000,24604,-0.591,-0.022,-0.801,0.07,-0.08,-0.03,1,imu01,imu_20260817T174209Z,942,24604120
480143093000000,24624,-0.592,-0.022,-0.799,0.09,0.03,0.01,1,imu01,imu_20260817T174209Z,943,24624123
480143109000000,24644,-0.593,-0.023,-0.805,0.07,-0.01,0.13,1,imu01,imu_20260817T174209Z,944,24644120
480143140000000,24664,-0.595,-0.022,-0.81,0.11,-0.2,0.04,1,imu01,imu_20260817T174209Z,945,24664123
480143156000000,24684,-0.591,-0.02,-0.802,0.11,-0.19,-0.02,1,imu01,imu_20260817T174209Z,946,24684120
480143171000000,24704,-0.598,-0.023,-0.808,-0.05,-0.11,0.12,1,imu01,imu_20260817T174209Z,947,24704123
480143187000000,24724,-0.593,-0.021,-0.811,-0.01,0.01,0.0,1,imu01,imu_20260817T174209Z,948,24724120
480143218000000,24744,-0.589,-0.022,-0.808,0.01,-0.04,0.02,1,imu01,imu_20260817T174209Z,949,24744123
480143234000000,24764,-0.587,-0.021,-0.808,0.11,-0.09,-0.03,1,imu01,imu_20260817T174209Z,950,24764120
480143250000000,24784,-0.594,-0.02,-0.807,0.11,-0.06,0.13,1,imu01,imu_20260817T174209Z,951,24784123
480143281000000,24804,-0.59,-0.018,-0.801,-0.01,-0.15,-0.03,1,imu01,imu_20260817T174209Z,952,24804120
480143296000000,24824,-0.595,-0.02,-0.806,0.12,-0.03,-0.03,1,imu01,imu_20260817T174209Z,953,24824123
480143312000000,24844,-0.589,-0.025,-0.803,0.11,-0.03,0.08,1,imu01,imu_20260817T174209Z,954,24844120
480143328000000,24864,-0.592,-0.022,-0.799,-0.02,-0.15,-0.03,1,imu01,imu_20260817T174209Z,955,24864123
480143359000000,24884,-0.592,-0.023,-0.813,-0.04,-0.06,-0.06,1,imu01,imu_20260817T174209Z,956,24884120
480143375000000,24904,-0.589,-0.017,-0.807,0.12,-0.1,-0.0,1,imu01,imu_20260817T174209Z,957,24904123
480143390000000,24924,-0.596,-0.023,-0.804,-0.01,-0.01,-0.03,1,imu01,imu_20260817T174209Z,958,24924120
480143421000000,24944,-0.59,-0.026,-0.802,0.01,-0.19,-0.09,1,imu01,imu_20260817T174209Z,959,24944123
480143437000000,24964,-0.592,-0.021,-0.81,-0.06,0.1,0.04,1,imu01,imu_20260817T174209Z,960,24964120
480143453000000,24984,-0.594,-0.019,-0.801,0.02,0.04,0.07,1,imu01,imu_20260817T174209Z,961,24984123
480143468000000,25004,-0.592,-0.015,-0.804,0.02,0.15,0.05,1,imu01,imu_20260817T174209Z,962,25004120
480143500000000,25024,-0.589,-0.023,-0.8,-0.07,-0.06,-0.0,1,imu01,imu_20260817T174209Z,963,25024123
480143515000000,25044,-0.592,-0.02,-0.803,-0.07,-0.06,-0.09,1,imu01,imu_20260817T174209Z,964,25044120
480143531000000,25064,-0.593,-0.02,-0.805,-0.04,0.16,0.04,1,imu01,imu_20260817T174209Z,965,25064123
480143546000000,25084,-0.586,-0.023,-0.814,-0.08,0.2,0.04,1,imu01,imu_20260817T174209Z,966,25084120
480143578000000,25104,-0.594,-0.022,-0.809,-0.08,-0.09,-0.05,1,imu01,imu_20260817T174209Z,967,25104123
480143593000000,25124,-0.591,-0.02,-0.799,-0.04,-0.08,-0.07,1,imu01,imu_20260817T174209Z,968,25124120
480143609000000,25144,-0.591,-0.019,-0.803,-0.05,0.03,-0.15,1,imu01,imu_20260817T174209Z,969,25144123
480143640000000,25164,-0.594,-0.017,-0.806,-0.06,0.11,-0.04,1,imu01,imu_20260817T174209Z,970,25164120
480143656000000,25184,-0.595,-0.024,-0.809,0.01,-0.0,-0.0,1,imu01,imu_20260817T174209Z,971,25184123
480143671000000,25204,-0.596,-0.023,-0.813,0.02,0.03,0.04,1,imu01,imu_20260817T174209Z,972,25204120
480143687000000,25224,-0.589,-0.024,-0.808,-0.06,0.11,0.0,1,imu01,imu_20260817T174209Z,973,25224123
480143718000000,25244,-0.594,-0.021,-0.801,-0.02,0.06,0.04,1,imu01,imu_20260817T174209Z,974,25244120
480143734000000,25264,-0.591,-0.027,-0.8,-0.02,-0.0,0.04,1,imu01,imu_20260817T174209Z,975,25264123
480143750000000,25284,-0.59,-0.027,-0.809,0.01,-0.1,-0.03,1,imu01,imu_20260817T174209Z,976,25284120
480143781000000,25304,-0.591,-0.021,-0.799,-0.08,0.06,0.02,1,imu01,imu_20260817T174209Z,977,25304123
480143796000000,25324,-0.591,-0.024,-0.814,0.03,-0.05,0.1,1,imu01,imu_20260817T174209Z,978,25324120
480143812000000,25344,-0.591,-0.018,-0.805,0.08,-0.0,0.04,1,imu01,imu_20260817T174209Z,979,25344123
480143828000000,25364,-0.592,-0.023,-0.804,0.11,-0.11,-0.06,1,imu01,imu_20260817T174209Z,980,25364120
480143859000000,25384,-0.594,-0.021,-0.804,0.08,-0.05,0.05,1,imu01,imu_20260817T174209Z,981,25384123
480143875000000,25404,-0.595,-0.021,-0.806,-0.12,-0.14,0.03,1,imu01,imu_20260817T174209Z,982,25404120
480143890000000,25424,-0.593,-0.023,-0.809,-0.02,-0.18,-0.01,1,imu01,imu_20260817T174209Z,983,25424123
480143921000000,25444,-0.59,-0.021,-0.798,0.14,-0.16,-0.0,1,imu01,imu_20260817T174209Z,984,25444120
480143937000000,25464,-0.589,-0.026,-0.807,0.08,-0.15,0.01,1,imu01,imu_20260817T174209Z,985,25464123
480143953000000,25484,-0.593,-0.022,-0.806,0.05,-0.19,-0.01,1,imu01,imu_20260817T174209Z,986,25484120
480143968000000,25504,-0.589,-0.016,-0.807,0.12,-0.06,0.04,1,imu01,imu_20260817T174209Z,987,25504123
480144000000000,25524,-0.592,-0.022,-0.805,0.05,0.04,0.05,1,imu01,imu_20260817T174209Z,988,25524120
480144015000000,25544,-0.592,-0.019,-0.804,-0.04,-0.1,0.03,1,imu01,imu_20260817T174209Z,989,25544123
480144031000000,25564,-0.591,-0.02,-0.806,-0.0,-0.0,-0.07,1,imu01,imu_20260817T174209Z,990,25564120
480144046000000,25584,-0.597,-0.022,-0.811,-0.05,0.04,0.08,1,imu01,imu_20260817T174209Z,991,25584123
480144078000000,25604,-0.591,-0.014,-0.807,0.01,0.1,0.01,1,imu01,imu_20260817T174209Z,992,25604120
480144093000000,25624,-0.596,-0.021,-0.804,-0.05,-0.02,0.05,1,imu01,imu_20260817T174209Z,993,25624123
480144109000000,25644,-0.593,-0.021,-0.808,0.06,-0.09,-0.08,1,imu01,imu_20260817T174209Z,994,25644120
480144140000000,25664,-0.594,-0.022,-0.803,-0.0,-0.08,0.01,1,imu01,imu_20260817T174209Z,995,25664123
480144156000000,25684,-0.592,-0.022,-0.814,-0.01,0.02,-0.09,1,imu01,imu_20260817T174209Z,996,25684120
480144171000000,25704,-0.591,-0.024,-0.815,0.06,-0.01,-0.05,1,imu01,imu_20260817T174209Z,997,25704123
480144187000000,25724,-0.587,-0.022,-0.809,0.03,-0.16,0.01,1,imu01,imu_20260817T174209Z,998,25724120
480144218000000,25744,-0.594,-0.017,-0.804,0.02,0.04,-0.03,1,imu01,imu_20260817T174209Z,999,25744123
480144234000000,25764,-0.592,-0.021,-0.808,-0.03,0.06,0.03,1,imu01,imu_20260817T174209Z,1000,25764120
480144250000000,25784,-0.589,-0.025,-0.797,-0.04,0.03,-0.03,1,imu01,imu_20260817T174209Z,1001,25784123
480144281000000,25804,-0.594,-0.023,-0.805,0.02,-0.03,-0.03,1,imu01,imu_20260817T174209Z,1002,25804120
480144296000000,25824,-0.594,-0.021,-0.806,-0.02,0.11,0.0,1,imu01,imu_20260817T174209Z,1003,25824123
480144312000000,25844,-0.593,-0.025,-0.805,-0.08,0.14,-0.0,1,imu01,imu_20260817T174209Z,1004,25844120
480144328000000,25864,-0.595,-0.027,-0.801,0.08,-0.0,0.03,1,imu01,imu_20260817T174209Z,1005,25864123
480144359000000,25884,-0.596,-0.02,-0.804,0.04,-0.03,-0.0,1,imu01,imu_20260817T174209Z,1006,25884120
480144375000000,25904,-0.593,-0.023,-0.806,-0.02,0.23,-0.04,1,imu01,imu_20260817T174209Z,1007,25904123
480144390000000,25924,-0.592,-0.02,-0.808,-0.02,0.06,0.04,1,imu01,imu_20260817T174209Z,1008,25924120
480144406000000,25944,-0.593,-0.025,-0.799,-0.09,0.03,0.01,1,imu01,imu_20260817T174209Z,1009,25944123
480144437000000,25964,-0.592,-0.02,-0.803,0.05,0.02,0.05,1,imu01,imu_20260817T174209Z,1010,25964120
480144453000000,25984,-0.593,-0.02,-0.804,0.03,0.16,0.03,1,imu01,imu_20260817T174209Z,1011,25984123
480144468000000,26004,-0.589,-0.021,-0.804,0.05,0.0,0.16,1,imu01,imu_20260817T174209Z,1012,26004120
480144500000000,26024,-0.597,-0.02,-0.803,-0.04,-0.04,0.07,1,imu01,imu_20260817T174209Z,1013,26024123
480144515000000,26044,-0.598,-0.02,-0.802,0.09,-0.08,-0.05,1,imu01,imu_20260817T174209Z,1014,26044120
480144531000000,26064,-0.596,-0.024,-0.808,-0.04,0.1,0.13,1,imu01,imu_20260817T174209Z,1015,26064123
480144562000000,26084,-0.593,-0.022,-0.806,-0.05,0.06,0.06,1,imu01,imu_20260817T174209Z,1016,26084120
480144578000000,26104,-0.589,-0.022,-0.799,0.08,-0.04,-0.03,1,imu01,imu_20260817T174209Z,1017,26104123
480144593000000,26124,-0.59,-0.019,-0.802,0.06,0.09,-0.03,1,imu01,imu_20260817T174209Z,1018,26124120
480144609000000,26144,-0.594,-0.019,-0.808,-0.0,-0.05,0.11,1,imu01,imu_20260817T174209Z,1019,26144123
480144640000000,26164,-0.59,-0.022,-0.804,-0.02,-0.14,-0.06,1,imu01,imu_20260817T174209Z,1020,26164120
480144656000000,26184,-0.593,-0.016,-0.806,-0.15,-0.07,0.04,1,imu01,imu_20260817T174209Z,1021,26184123
480144671000000,26204,-0.597,-0.024,-0.814,0.11,0.03,0.05,1,imu01,imu_20260817T174209Z,1022,26204120
480144687000000,26224,-0.594,-0.022,-0.811,-0.05,-0.11,-0.07,1,imu01,imu_20260817T174209Z,1023,26224123
480144718000000,26244,-0.595,-0.021,-0.806,0.01,0.01,-0.04,1,imu01,imu_20260817T174209Z,1024,26244120
480144734000000,26264,-0.588,-0.023,-0.797,0.08,0.02,0.07,1,imu01,imu_20260817T174209Z,1025,26264123
480144750000000,26284,-0.593,-0.023,-0.81,-0.02,0.18,0.08,1,imu01,imu_20260817T174209Z,1026,26284120
480144781000000,26304,-0.596,-0.02,-0.806,-0.08,-0.07,0.01,1,imu01,imu_20260817T174209Z,1027,26304123
480144796000000,26324,-0.594,-0.023,-0.801,-0.05,-0.13,-0.05,1,imu01,imu_20260817T174209Z,1028,26324120
480144812000000,26344,-0.593,-0.024,-0.81,0.04,0.13,0.07,1,imu01,imu_20260817T174209Z,1029,26344123
480144828000000,26364,-0.594,-0.023,-0.803,-0.02,0.13,-0.03,1,imu01,imu_20260817T174209Z,1030,26364120
480144859000000,26384,-0.59,-0.018,-0.802,-0.1,-0.02,-0.09,1,imu01,imu_20260817T174209Z,1031,26384123
480144875000000,26404,-0.596,-0.022,-0.804,-0.08,-0.01,-0.01,1,imu01,imu_20260817T174209Z,1032,26404120
480144890000000,26424,-0.594,-0.021,-0.807,-0.07,0.13,0.07,1,imu01,imu_20260817T174209Z,1033,26424123
480144921000000,26444,-0.591,-0.02,-0.807,-0.11,0.13,-0.02,1,imu01,imu_20260817T174209Z,1034,26444120
480144937000000,26464,-0.592,-0.022,-0.803,-0.08,-0.01,-0.02,1,imu01,imu_20260817T174209Z,1035,26464123
480144953000000,26484,-0.587,-0.018,-0.81,-0.05,-0.06,0.09,1,imu01,imu_20260817T174209Z,1036,26484120
480144968000000,26504,-0.594,-0.025,-0.803,-0.08,0.09,-0.01,1,imu01,imu_20260817T174209Z,1037,26504123
480145000000000,26524,-0.596,-0.02,-0.809,-0.08,0.1,-0.03,1,imu01,imu_20260817T174209Z,1038,26524120
480145015000000,26544,-0.592,-0.023,-0.803,-0.05,-0.01,-0.03,1,imu01,imu_20260817T174209Z,1039,26544123
480145031000000,26564,-0.595,-0.022,-0.81,0.03,-0.03,-0.02,1,imu01,imu_20260817T174209Z,1040,26564120
480145046000000,26584,-0.594,-0.019,-0.808,-0.09,0.11,-0.05,1,imu01,imu_20260817T174209Z,1041,26584123
480145078000000,26604,-0.591,-0.023,-0.804,-0.02,-0.03,0.04,1,imu01,imu_20260817T174209Z,1042,26604120
480145093000000,26624,-0.593,-0.022,-0.808,0.03,-0.15,0.07,1,imu01,imu_20260817T174209Z,1043,26624123
480145109000000,26644,-0.591,-0.025,-0.801,0.08,-0.18,-0.02,1,imu01,imu_20260817T174209Z,1044,26644120
480145140000000,26664,-0.59,-0.02,-0.808,0.01,-0.03,0.02,1,imu01,imu_20260817T174209Z,1045,26664123
480145156000000,26684,-0.593,-0.024,-0.801,0.06,-0.07,0.04,1,imu01,imu_20260817T174209Z,1046,26684120
480145171000000,26704,-0.591,-0.02,-0.804,0.13,-0.2,0.04,1,imu01,imu_20260817T174209Z,1047,26704123
480145187000000,26724,-0.589,-0.021,-0.802,0.06,-0.22,0.07,1,imu01,imu_20260817T174209Z,1048,26724120
480145218000000,26744,-0.592,-0.021,-0.809,0.01,-0.22,0.1,1,imu01,imu_20260817T174209Z,1049,26744123
480145234000000,26764,-0.593,-0.023,-0.807,0.01,-0.13,0.06,1,imu01,imu_20260817T174209Z,1050,26764120
480145250000000,26784,-0.591,-0.021,-0.807,0.08,-0.14,0.04,1,imu01,imu_20260817T174209Z,1051,26784123
480145281000000,26804,-0.59,-0.02,-0.804,0.07,0.06,0.08,1,imu01,imu_20260817T174209Z,1052,26804120
480145296000000,26824,-0.593,-0.022,-0.808,-0.08,0.01,0.01,1,imu01,imu_20260817T174209Z,1053,26824123
480145312000000,26844,-0.589,-0.022,-0.8,-0.07,0.02,-0.06,1,imu01,imu_20260817T174209Z,1054,26844120
480145328000000,26864,-0.594,-0.024,-0.805,-0.0,-0.06,-0.0,1,imu01,imu_20260817T174209Z,1055,26864123
480145359000000,26884,-0.591,-0.023,-0.808,0.05,0.06,0.0,1,imu01,imu_20260817T174209Z,1056,26884120
480145375000000,26904,-0.595,-0.022,-0.807,0.11,-0.06,-0.01,1,imu01,imu_20260817T174209Z,1057,26904123
480145390000000,26924,-0.595,-0.02,-0.806,0.01,-0.03,-0.05,1,imu01,imu_20260817T174209Z,1058,26924120
480145421000000,26944,-0.59,-0.025,-0.808,0.07,0.06,0.1,1,imu01,imu_20260817T174209Z,1059,26944123
480145437000000,26964,-0.596,-0.019,-0.809,-0.03,0.13,0.01,1,imu01,imu_20260817T174209Z,1060,26964120
480145453000000,26984,-0.591,-0.022,-0.806,-0.07,-0.04,-0.09,1,imu01,imu_20260817T174209Z,1061,26984123
480145468000000,27004,-0.594,-0.021,-0.806,-0.09,0.1,0.03,1,imu01,imu_20260817T174209Z,1062,27004120
480145500000000,27024,-0.59,-0.022,-0.802,-0.02,0.11,-0.0,1,imu01,imu_20260817T174209Z,1063,27024123
480145515000000,27044,-0.587,-0.024,-0.801,-0.05,0.23,-0.06,1,imu01,imu_20260817T174209Z,1064,27044120
480145531000000,27064,-0.59,-0.022,-0.799,-0.02,0.06,-0.03,1,imu01,imu_20260817T174209Z,1065,27064123
480145546000000,27084,-0.596,-0.022,-0.806,-0.01,-0.03,0.01,1,imu01,imu_20260817T174209Z,1066,27084120
480145578000000,27104,-0.59,-0.019,-0.805,-0.01,0.14,-0.03,1,imu01,imu_20260817T174209Z,1067,27104123
480145593000000,27124,-0.588,-0.017,-0.799,0.04,0.19,-0.08,1,imu01,imu_20260817T174209Z,1068,27124120
480145609000000,27144,-0.588,-0.021,-0.807,0.01,0.17,0.05,1,imu01,imu_20260817T174209Z,1069,27144123
480145640000000,27164,-0.587,-0.022,-0.798,-0.02,-0.05,0.02,1,imu01,imu_20260817T174209Z,1070,27164120
480145656000000,27184,-0.598,-0.022,-0.802,-0.05,0.04,-0.02,1,imu01,imu_20260817T174209Z,1071,27184123
480145671000000,27204,-0.59,-0.023,-0.805,-0.06,0.09,-0.0,1,imu01,imu_20260817T174209Z,1072,27204120
480145687000000,27224,-0.589,-0.024,-0.805,-0.05,-0.03,0.02,1,imu01,imu_20260817T174209Z,1073,27224123
480145718000000,27244,-0.591,-0.021,-0.806,-0.05,-0.13,-0.04,1,imu01,imu_20260817T174209Z,1074,27244120
480145734000000,27264,-0.592,-0.024,-0.802,-0.05,-0.01,-0.06,1,imu01,imu_20260817T174209Z,1075,27264123
480145750000000,27284,-0.593,-0.021,-0.807,-0.08,0.09,-0.05,1,imu01,imu_20260817T174209Z,1076,27284120
480145781000000,27304,-0.592,-0.022,-0.805,-0.0,-0.0,-0.01,1,imu01,imu_20260817T174209Z,1077,27304123
480145796000000,27324,-0.595,-0.021,-0.801,0.1,-0.07,-0.09,1,imu01,imu_20260817T174209Z,1078,27324120
480145812000000,27344,-0.592,-0.023,-0.807,-0.03,-0.03,0.04,1,imu01,imu_20260817T174209Z,1079,27344123
480145828000000,27364,-0.592,-0.023,-0.807,-0.03,-0.07,-0.0,1,imu01,imu_20260817T174209Z,1080,27364120
480145859000000,27384,-0.594,-0.025,-0.807,-0.0,-0.23,-0.09,1,imu01,imu_20260817T174209Z,1081,27384123
480145875000000,27404,-0.59,-0.018,-0.81,0.11,-0.19,0.09,1,imu01,imu_20260817T174209Z,1082,27404120
480145890000000,27424,-0.595,-0.02,-0.807,0.12,-0.12,0.0,1,imu01,imu_20260817T174209Z,1083,27424123
480145921000000,27444,-0.59,-0.023,-0.801,0.05,-0.09,-0.03,1,imu01,imu_20260817T174209Z,1084,27444120
480145937000000,27464,-0.593,-0.02,-0.807,0.11,-0.1,-0.03,1,imu01,imu_20260817T174209Z,1085,27464123
480145953000000,27484,-0.597,-0.022,-0.807,0.08,-0.02,0.02,1,imu01,imu_20260817T174209Z,1086,27484120
480145968000000,27504,-0.593,-0.019,-0.801,-0.0,-0.05,-0.01,1,imu01,imu_20260817T174209Z,1087,27504123
480146000000000,27524,-0.592,-0.02,-0.804,-0.0,-0.06,-0.06,1,imu01,imu_20260817T174209Z,1088,27524120
480146015000000,27544,-0.59,-0.025,-0.806,0.02,0.01,-0.06,1,imu01,imu_20260817T174209Z,1089,27544123
480146031000000,27564,-0.589,-0.023,-0.802,-0.02,0.03,-0.09,1,imu01,imu_20260817T174209Z,1090,27564120
480146046000000,27584,-0.595,-0.021,-0.81,-0.0,-0.0,-0.05,1,imu01,imu_20260817T174209Z,1091,27584123
480146078000000,27604,-0.594,-0.023,-0.805,-0.02,-0.06,-0.09,1,imu01,imu_20260817T174209Z,1092,27604120
480146093000000,27624,-0.591,-0.021,-0.807,-0.07,-0.03,0.11,1,imu01,imu_20260817T174209Z,1093,27624123
480146109000000,27644,-0.59,-0.019,-0.808,-0.12,0.11,0.05,1,imu01,imu_20260817T174209Z,1094,27644120
480146140000000,27664,-0.588,-0.024,-0.802,-0.08,0.03,-0.03,1,imu01,imu_20260817T174209Z,1095,27664123
480146156000000,27684,-0.59,-0.024,-0.805,-0.0,0.1,-0.0,1,imu01,imu_20260817T174209Z,1096,27684120
480146171000000,27704,-0.592,-0.022,-0.807,-0.03,0.07,-0.04,1,imu01,imu_20260817T174209Z,1097,27704123
480146187000000,27724,-0.594,-0.021,-0.798,-0.0,0.12,-0.02,1,imu01,imu_20260817T174209Z,1098,27724120
480146218000000,27744,-0.594,-0.025,-0.804,-0.03,-0.07,-0.11,1,imu01,imu_20260817T174209Z,1099,27744123
480146234000000,27764,-0.593,-0.022,-0.799,-0.02,-0.07,-0.02,1,imu01,imu_20260817T174209Z,1100,27764120
480146250000000,27784,-0.591,-0.024,-0.803,-0.03,0.13,-0.03,1,imu01,imu_20260817T174209Z,1101,27784123
480146281000000,27804,-0.593,-0.023,-0.809,-0.1,0.14,-0.05,1,imu01,imu_20260817T174209Z,1102,27804120
480146296000000,27824,-0.592,-0.024,-0.809,-0.08,-0.06,-0.06,1,imu01,imu_20260817T174209Z,1103,27824123
480146312000000,27844,-0.592,-0.019,-0.81,0.01,-0.04,-0.05,1,imu01,imu_20260817T174209Z,1104,27844120
480146328000000,27864,-0.595,-0.022,-0.805,-0.01,0.07,-0.06,1,imu01,imu_20260817T174209Z,1105,27864123
480146359000000,27884,-0.59,-0.021,-0.799,-0.01,0.03,0.03,1,imu01,imu_20260817T174209Z,1106,27884120
480146375000000,27904,-0.589,-0.017,-0.804,-0.07,-0.04,0.06,1,imu01,imu_20260817T174209Z,1107,27904123
480146390000000,27924,-0.586,-0.022,-0.798,0.06,-0.15,0.04,1,imu01,imu_20260817T174209Z,1108,27924120
480146421000000,27944,-0.593,-0.024,-0.808,-0.0,0.0,0.03,1,imu01,imu_20260817T174209Z,1109,27944123
480146437000000,27964,-0.588,-0.023,-0.8,0.05,-0.02,0.09,1,imu01,imu_20260817T174209Z,1110,27964120
480146453000000,27984,-0.589,-0.02,-0.808,0.07,-0.08,0.07,1,imu01,imu_20260817T174209Z,1111,27984123
480146468000000,28004,-0.589,-0.022,-0.804,0.09,-0.16,-0.02,1,imu01,imu_20260817T174209Z,1112,28004120
480146500000000,28024,-0.594,-0.021,-0.811,-0.01,0.03,0.03,1,imu01,imu_20260817T174209Z,1113,28024123
480146515000000,28044,-0.59,-0.021,-0.804,-0.05,-0.06,0.09,1,imu01,imu_20260817T174209Z,1114,28044120
480146531000000,28064,-0.589,-0.019,-0.805,0.14,-0.12,-0.03,1,imu01,imu_20260817T174209Z,1115,28064123
480146562000000,28084,-0.591,-0.02,-0.805,0.14,-0.06,0.0,1,imu01,imu_20260817T174209Z,1116,28084120
480146578000000,28104,-0.595,-0.023,-0.805,0.06,-0.02,0.04,1,imu01,imu_20260817T174209Z,1117,28104123
480146593000000,28124,-0.591,-0.026,-0.809,-0.02,-0.13,-0.09,1,imu01,imu_20260817T174209Z,1118,28124120
480146609000000,28144,-0.591,-0.022,-0.807,-0.0,-0.07,-0.0,1,imu01,imu_20260817T174209Z,1119,28144123
480146640000000,28164,-0.59,-0.022,-0.808,0.02,0.09,0.11,1,imu01,imu_20260817T174209Z,1120,28164120
480146656000000,28184,-0.594,-0.023,-0.812,0.01,-0.08,0.02,1,imu01,imu_20260817T174209Z,1121,28184123
480146671000000,28204,-0.588,-0.021,-0.809,-0.04,-0.12,-0.06,1,imu01,imu_20260817T174209Z,1122,28204120
480146687000000,28224,-0.592,-0.024,-0.809,-0.01,-0.03,0.0,1,imu01,imu_20260817T174209Z,1123,28224123
480146718000000,28244,-0.592,-0.022,-0.81,-0.0,-0.03,-0.02,1,imu01,imu_20260817T174209Z,1124,28244120
480146734000000,28264,-0.592,-0.021,-0.801,-0.0,0.01,-0.03,1,imu01,imu_20260817T174209Z,1125,28264123
480146750000000,28284,-0.596,-0.023,-0.806,0.01,-0.15,-0.16,1,imu01,imu_20260817T174209Z,1126,28284120
480146781000000,28304,-0.595,-0.018,-0.813,0.01,-0.06,0.02,1,imu01,imu_20260817T174209Z,1127,28304123
480146796000000,28324,-0.588,-0.021,-0.805,-0.02,0.04,0.0,1,imu01,imu_20260817T174209Z,1128,28324120
480146812000000,28344,-0.59,-0.02,-0.805,-0.05,-0.0,-0.06,1,imu01,imu_20260817T174209Z,1129,28344123
480146828000000,28364,-0.59,-0.023,-0.81,-0.05,-0.12,-0.07,1,imu01,imu_20260817T174209Z,1130,28364120
480146859000000,28384,-0.59,-0.022,-0.804,-0.05,0.0,-0.09,1,imu01,imu_20260817T174209Z,1131,28384123
480146875000000,28404,-0.589,-0.022,-0.812,-0.05,-0.0,-0.1,1,imu01,imu_20260817T174209Z,1132,28404120
480146890000000,28424,-0.592,-0.019,-0.806,-0.02,0.03,-0.0,1,imu01,imu_20260817T174209Z,1133,28424123
480146906000000,28444,-0.589,-0.023,-0.805,-0.06,0.01,0.07,1,imu01,imu_20260817T174209Z,1134,28444120
480146937000000,28464,-0.59,-0.021,-0.799,0.04,0.12,0.05,1,imu01,imu_20260817T174209Z,1135,28464123
480146953000000,28484,-0.592,-0.023,-0.812,0.04,0.12,0.01,1,imu01,imu_20260817T174209Z,1136,28484120
480146968000000,28504,-0.588,-0.022,-0.8,-0.0,0.0,0.02,1,imu01,imu_20260817T174209Z,1137,28504123
480147000000000,28524,-0.591,-0.019,-0.8,0.05,-0.13,0.04,1,imu01,imu_20260817T174209Z,1138,28524120
480147015000000,28544,-0.595,-0.026,-0.802,-0.01,0.01,-0.08,1,imu01,imu_20260817T174209Z,1139,28544123
480147031000000,28564,-0.592,-0.025,-0.805,-0.02,-0.04,-0.0,1,imu01,imu_20260817T174209Z,1140,28564120
480147046000000,28584,-0.59,-0.02,-0.801,-0.02,-0.0,0.01,1,imu01,imu_20260817T174209Z,1141,28584123
480147078000000,28604,-0.594,-0.022,-0.805,0.04,-0.11,-0.08,1,imu01,imu_20260817T174209Z,1142,28604120
480147093000000,28624,-0.595,-0.019,-0.809,-0.05,-0.02,0.02,1,imu01,imu_20260817T174209Z,1143,28624123
480147109000000,28644,-0.592,-0.021,-0.805,-0.05,-0.02,0.1,1,imu01,imu_20260817T174209Z,1144,28644120
480147140000000,28664,-0.591,-0.022,-0.802,0.06,-0.09,-0.03,1,imu01,imu_20260817T174209Z,1145,28664123
480147156000000,28684,-0.592,-0.023,-0.804,0.15,-0.07,0.07,1,imu01,imu_20260817T174209Z,1146,28684120
480147171000000,28704,-0.594,-0.022,-0.805,0.02,-0.08,0.07,1,imu01,imu_20260817T174209Z,1147,28704123
480147187000000,28724,-0.593,-0.021,-0.804,-0.02,-0.15,-0.07,1,imu01,imu_20260817T174209Z,1148,28724120
480147218000000,28744,-0.59,-0.022,-0.805,0.05,-0.1,-0.03,1,imu01,imu_20260817T174209Z,1149,28744123
480147234000000,28764,-0.593,-0.025,-0.81,0.02,-0.02,0.06,1,imu01,imu_20260817T174209Z,1150,28764120
480147250000000,28784,-0.589,-0.022,-0.806,-0.04,-0.02,0.1,1,imu01,imu_20260817T174209Z,1151,28784123
480147281000000,28804,-0.595,-0.018,-0.806,-0.01,-0.11,-0.06,1,imu01,imu_20260817T174209Z,1152,28804120
480147296000000,28824,-0.592,-0.02,-0.803,0.05,-0.1,0.0,1,imu01,imu_20260817T174209Z,1153,28824123
480147312000000,28844,-0.594,-0.021,-0.819,0.01,0.02,0.08,1,imu01,imu_20260817T174209Z,1154,28844120
480147328000000,28864,-0.59,-0.02,-0.809,-0.07,-0.05,0.06,1,imu01,imu_20260817T174209Z,1155,28864123
480147359000000,28884,-0.594,-0.022,-0.797,-0.02,-0.09,-0.06,1,imu01,imu_20260817T174209Z,1156,28884120
480147375000000,28904,-0.592,-0.022,-0.804,0.01,-0.07,0.06,1,imu01,imu_20260817T174209Z,1157,28904123
480147390000000,28924,-0.594,-0.023,-0.809,-0.0,0.09,0.13,1,imu01,imu_20260817T174209Z,1158,28924120
480147406000000,28944,-0.589,-0.026,-0.801,-0.03,0.11,0.0,1,imu01,imu_20260817T174209Z,1159,28944123
480147437000000,28964,-0.592,-0.023,-0.809,-0.07,-0.04,-0.01,1,imu01,imu_20260817T174209Z,1160,28964120
480147453000000,28984,-0.592,-0.022,-0.807,-0.06,0.04,0.03,1,imu01,imu_20260817T174209Z,1161,28984123
480147468000000,29004,-0.593,-0.019,-0.81,-0.01,0.14,-0.01,1,imu01,imu_20260817T174209Z,1162,29004120
480147500000000,29024,-0.595,-0.02,-0.805,-0.03,0.06,-0.03,1,imu01,imu_20260817T174209Z,1163,29024123
480147515000000,29044,-0.588,-0.023,-0.805,-0.02,-0.12,0.05,1,imu01,imu_20260817T174209Z,1164,29044120
480147531000000,29064,-0.593,-0.021,-0.803,-0.02,0.03,-0.05,1,imu01,imu_20260817T174209Z,1165,29064123
480147546000000,29084,-0.595,-0.021,-0.805,-0.07,0.04,-0.09,1,imu01,imu_20260817T174209Z,1166,29084120
480147578000000,29104,-0.596,-0.023,-0.798,-0.0,-0.04,0.03,1,imu01,imu_20260817T174209Z,1167,29104123
480147593000000,29124,-0.595,-0.023,-0.805,0.03,-0.1,0.07,1,imu01,imu_20260817T174209Z,1168,29124120
480147609000000,29144,-0.593,-0.022,-0.802,-0.02,0.08,0.02,1,imu01,imu_20260817T174209Z,1169,29144123
480147640000000,29164,-0.593,-0.023,-0.804,-0.02,0.07,-0.06,1,imu01,imu_20260817T174209Z,1170,29164120
480147656000000,29184,-0.595,-0.026,-0.806,-0.03,0.03,-0.06,1,imu01,imu_20260817T174209Z,1171,29184123
480147671000000,29204,-0.589,-0.019,-0.799,0.12,-0.16,-0.03,1,imu01,imu_20260817T174209Z,1172,29204120
480147687000000,29224,-0.589,-0.021,-0.816,-0.0,0.05,-0.01,1,imu01,imu_20260817T174209Z,1173,29224123
480147718000000,29244,-0.593,-0.025,-0.809,-0.02,-0.06,0.07,1,imu01,imu_20260817T174209Z,1174,29244120
480147734000000,29264,-0.589,-0.021,-0.802,-0.03,-0.03,0.02,1,imu01,imu_20260817T174209Z,1175,29264123
480147750000000,29284,-0.592,-0.023,-0.809,0.08,-0.12,-0.05,1,imu01,imu_20260817T174209Z,1176,29284120
480147781000000,29304,-0.594,-0.024,-0.804,0.04,-0.01,-0.01,1,imu01,imu_20260817T174209Z,1177,29304123
480147796000000,29324,-0.595,-0.023,-0.808,0.05,-0.06,0.03,1,imu01,imu_20260817T174209Z,1178,29324120
480147812000000,29344,-0.593,-0.02,-0.81,0.12,-0.16,0.03,1,imu01,imu_20260817T174209Z,1179,29344123
480147828000000,29364,-0.589,-0.022,-0.806,0.06,-0.13,0.06,1,imu01,imu_20260817T174209Z,1180,29364120
480147859000000,29384,-0.591,-0.022,-0.807,0.08,-0.19,0.07,1,imu01,imu_20260817T174209Z,1181,29384123
480147875000000,29404,-0.595,-0.021,-0.807,0.08,-0.12,0.04,1,imu01,imu_20260817T174209Z,1182,29404120
480147890000000,29424,-0.592,-0.017,-0.805,0.07,-0.13,0.02,1,imu01,imu_20260817T174209Z,1183,29424123
480147921000000,29444,-0.592,-0.024,-0.807,0.05,-0.11,0.09,1,imu01,imu_20260817T174209Z,1184,29444120
480147937000000,29464,-0.592,-0.024,-0.807,0.08,-0.06,0.09,1,imu01,imu_20260817T174209Z,1185,29464123
480147953000000,29484,-0.593,-0.024,-0.806,-0.03,-0.07,0.0,1,imu01,imu_20260817T174209Z,1186,29484120
480147968000000,29504,-0.589,-0.02,-0.802,0.05,-0.03,0.07,1,imu01,imu_20260817T174209Z,1187,29504123
480148000000000,29524,-0.589,-0.022,-0.807,0.08,0.06,-0.09,1,imu01,imu_20260817T174209Z,1188,29524120
480148015000000,29544,-0.589,-0.019,-0.805,0.05,0.03,0.03,1,imu01,imu_20260817T174209Z,1189,29544123
480148031000000,29564,-0.592,-0.021,-0.797,-0.03,-0.0,-0.07,1,imu01,imu_20260817T174209Z,1190,29564120
480148062000000,29584,-0.588,-0.021,-0.802,-0.08,-0.01,-0.1,1,imu01,imu_20260817T174209Z,1191,29584123
480148078000000,29604,-0.59,-0.023,-0.8,-0.05,0.05,-0.05,1,imu01,imu_20260817T174209Z,1192,29604120
480148093000000,29624,-0.594,-0.022,-0.8,-0.0,-0.08,-0.06,1,imu01,imu_20260817T174209Z,1193,29624123
480148109000000,29644,-0.595,-0.025,-0.803,0.05,-0.07,-0.08,1,imu01,imu_20260817T174209Z,1194,29644120
480148140000000,29664,-0.592,-0.023,-0.808,-0.02,-0.03,-0.02,1,imu01,imu_20260817T174209Z,1195,29664123
480148156000000,29684,-0.59,-0.02,-0.811,-0.07,0.06,0.03,1,imu01,imu_20260817T174209Z,1196,29684120
480148171000000,29704,-0.591,-0.021,-0.803,-0.03,0.0,-0.05,1,imu01,imu_20260817T174209Z,1197,29704123
480148187000000,29724,-0.589,-0.023,-0.81,0.01,-0.25,-0.09,1,imu01,imu_20260817T174209Z,1198,29724120
480148218000000,29744,-0.591,-0.022,-0.806,-0.0,-0.04,-0.06,1,imu01,imu_20260817T174209Z,1199,29744123
480148234000000,29764,-0.593,-0.023,-0.801,-0.02,0.05,-0.04,1,imu01,imu_20260817T174209Z,1200,29764120
480148250000000,29784,-0.592,-0.02,-0.801,0.04,0.03,0.0,1,imu01,imu_20260817T174209Z,1201,29784123
480148281000000,29804,-0.594,-0.023,-0.805,-0.01,-0.04,-0.03,1,imu01,imu_20260817T174209Z,1202,29804120
480148296000000,29824,-0.593,-0.016,-0.801,-0.09,-0.03,-0.01,1,imu01,imu_20260817T174209Z,1203,29824123
480148312000000,29844,-0.591,-0.02,-0.806,-0.05,0.04,0.08,1,imu01,imu_20260817T174209Z,1204,29844120
480148328000000,29864,-0.59,-0.02,-0.8,-0.05,0.03,-0.0,1,imu01,imu_20260817T174209Z,1205,29864123
480148359000000,29884,-0.596,-0.017,-0.812,0.06,-0.1,-0.03,1,imu01,imu_20260817T174209Z,1206,29884120
480148375000000,29904,-0.594,-0.017,-0.805,-0.01,-0.0,-0.0,1,imu01,imu_20260817T174209Z,1207,29904123
480148390000000,29924,-0.588,-0.02,-0.81,-0.02,0.04,0.04,1,imu01,imu_20260817T174209Z,1208,29924120
480148406000000,29944,-0.593,-0.021,-0.813,0.08,-0.17,0.02,1,imu01,imu_20260817T174209Z,1209,29944123
480148437000000,29964,-0.597,-0.029,-0.801,0.08,-0.13,-0.06,1,imu01,imu_20260817T174209Z,1210,29964120
480148453000000,29984,-0.591,-0.02,-0.811,0.08,-0.09,-0.02,1,imu01,imu_20260817T174209Z,1211,29984123
480148468000000,30004,-0.59,-0.021,-0.798,0.01,-0.03,0.03,1,imu01,imu_20260817T174209Z,1212,30004120
480148500000000,30024,-0.593,-0.022,-0.806,0.11,-0.16,-0.03,1,imu01,imu_20260817T174209Z,1213,30024123
480148515000000,30044,-0.588,-0.009,-0.793,0.14,-0.06,0.03,1,imu01,imu_20260817T174209Z,1214,30044120
480148531000000,30064,-0.581,-0.019,-0.802,0.07,-0.01,0.08,1,imu01,imu_20260817T174209Z,1215,30064123
480148562000000,30084,-0.589,-0.022,-0.803,-0.0,-0.09,-0.01,1,imu01,imu_20260817T174209Z,1216,30084120
480148578000000,30104,-0.593,-0.024,-0.806,0.03,-0.13,-0.06,1,imu01,imu_20260817T174209Z,1217,30104123
480148593000000,30124,-0.586,-0.028,-0.799,0.04,-0.07,0.02,1,imu01,imu_20260817T174209Z,1218,30124120
480148609000000,30144,-0.597,-0.027,-0.814,0.05,-0.02,0.01,1,imu01,imu_20260817T174209Z,1219,30144123
480148640000000,30164,-0.594,-0.027,-0.801,0.01,-0.07,-0.04,1,imu01,imu_20260817T174209Z,1220,30164120
480148656000000,30184,-0.594,-0.021,-0.811,-0.01,-0.08,-0.0,1,imu01,imu_20260817T174209Z,1221,30184123
480148671000000,30204,-0.602,-0.024,-0.802,-0.02,0.08,0.07,1,imu01,imu_20260817T174209Z,1222,30204120
480148687000000,30224,-0.598,-0.022,-0.803,0.01,0.04,0.0,1,imu01,imu_20260817T174209Z,1223,30224123
480148718000000,30244,-0.603,-0.023,-0.815,-0.0,-0.11,-0.17,1,imu01,imu_20260817T174209Z,1224,30244120
480148734000000,30264,-0.59,-0.032,-0.8,-0.04,-0.1,-0.09,1,imu01,imu_20260817T174209Z,1225,30264123
480148750000000,30284,-0.588,-0.024,-0.804,-0.08,0.14,-0.08,1,imu01,imu_20260817T174209Z,1226,30284120
480148781000000,30304,-0.584,-0.024,-0.804,-0.06,0.03,0.01,1,imu01,imu_20260817T174209Z,1227,30304123
480148796000000,30324,-0.595,-0.023,-0.814,-0.02,-0.03,0.04,1,imu01,imu_20260817T174209Z,1228,30324120
480148812000000,30344,-0.587,-0.032,-0.801,-0.03,0.0,0.06,1,imu01,imu_20260817T174209Z,1229,30344123
480148828000000,30364,-0.594,-0.025,-0.807,-0.02,0.21,0.04,1,imu01,imu_20260817T174209Z,1230,30364120
480148859000000,30384,-0.591,-0.03,-0.805,-0.07,0.06,-0.03,1,imu01,imu_20260817T174209Z,1231,30384123
480148875000000,30404,-0.591,-0.013,-0.807,-0.09,-0.06,-0.06,1,imu01,imu_20260817T174209Z,1232,30404120
480148890000000,30424,-0.596,-0.03,-0.796,-0.05,0.04,-0.06,1,imu01,imu_20260817T174209Z,1233,30424123
480148921000000,30444,-0.582,-0.023,-0.803,-0.02,0.1,-0.02,1,imu01,imu_20260817T174209Z,1234,30444120
480148937000000,30464,-0.586,-0.027,-0.805,0.06,0.03,0.03,1,imu01,imu_20260817T174209Z,1235,30464123
480148953000000,30484,-0.593,-0.021,-0.804,0.02,-0.01,0.01,1,imu01,imu_20260817T174209Z,1236,30484120
480148968000000,30504,-0.587,-0.03,-0.803,-0.07,-0.01,-0.03,1,imu01,imu_20260817T174209Z,1237,30504123
480149000000000,30524,-0.588,-0.022,-0.809,-0.05,0.07,-0.04,1,imu01,imu_20260817T174209Z,1238,30524120
480149015000000,30544,-0.592,-0.028,-0.812,-0.05,-0.1,0.0,1,imu01,imu_20260817T174209Z,1239,30544123
480149031000000,30564,-0.611,-0.02,-0.814,0.05,-0.17,-0.01,1,imu01,imu_20260817T174209Z,1240,30564120
480149046000000,30584,-0.588,-0.019,-0.8,-0.02,-0.09,0.02,1,imu01,imu_20260817T174209Z,1241,30584123
480149078000000,30604,-0.594,-0.018,-0.802,-0.01,-0.13,0.04,1,imu01,imu_20260817T174209Z,1242,30604120
480149093000000,30624,-0.579,-0.015,-0.804,0.08,-0.12,0.09,1,imu01,imu_20260817T174209Z,1243,30624123
480149109000000,30644,-0.589,-0.014,-0.806,0.11,-0.12,-0.04,1,imu01,imu_20260817T174209Z,1244,30644120
480149140000000,30664,-0.595,-0.022,-0.792,0.06,-0.18,-0.03,1,imu01,imu_20260817T174209Z,1245,30664123
480149156000000,30684,-0.597,-0.017,-0.806,0.03,-0.03,-0.05,1,imu01,imu_20260817T174209Z,1246,30684120
480149171000000,30704,-0.605,-0.018,-0.804,0.08,-0.07,-0.06,1,imu01,imu_20260817T174209Z,1247,30704123
480149187000000,30724,-0.595,-0.023,-0.806,0.08,-0.06,-0.0,1,imu01,imu_20260817T174209Z,1248,30724120
480149218000000,30744,-0.586,-0.022,-0.81,0.01,0.02,0.03,1,imu01,imu_20260817T174209Z,1249,30744123
480149234000000,30764,-0.589,-0.022,-0.803,0.05,-0.14,-0.0,1,imu01,imu_20260817T174209Z,1250,30764120
480149250000000,30784,-0.591,-0.021,-0.795,-0.01,-0.03,-0.13,1,imu01,imu_20260817T174209Z,1251,30784123
480149281000000,30804,-0.589,-0.02,-0.803,0.05,0.04,-0.01,1,imu01,imu_20260817T174209Z,1252,30804120
480149296000000,30824,-0.587,-0.022,-0.806,-0.03,0.03,-0.02,1,imu01,imu_20260817T174209Z,1253,30824123
480149312000000,30844,-0.589,-0.02,-0.809,-0.04,-0.09,-0.04,1,imu01,imu_20260817T174209Z,1254,30844120
480149328000000,30864,-0.597,-0.018,-0.81,0.02,-0.05,-0.09,1,imu01,imu_20260817T174209Z,1255,30864123
480149359000000,30884,-0.59,-0.015,-0.809,-0.02,0.0,0.0,1,imu01,imu_20260817T174209Z,1256,30884120
480149375000000,30904,-0.581,-0.018,-0.789,0.01,0.11,0.04,1,imu01,imu_20260817T174209Z,1257,30904123
480149390000000,30924,-0.584,-0.014,-0.813,-0.04,-0.07,0.0,1,imu01,imu_20260817T174209Z,1258,30924120
480149406000000,30944,-0.59,-0.011,-0.805,-0.1,0.0,-0.03,1,imu01,imu_20260817T174209Z,1259,30944123
480149437000000,30964,-0.588,-0.017,-0.795,-0.09,0.13,-0.03,1,imu01,imu_20260817T174209Z,1260,30964120
480149453000000,30984,-0.59,-0.017,-0.809,0.01,0.12,-0.03,1,imu01,imu_20260817T174209Z,1261,30984123
480149468000000,31004,-0.581,-0.023,-0.797,0.01,-0.02,0.02,1,imu01,imu_20260817T174209Z,1262,31004120
480149500000000,31024,-0.602,-0.019,-0.801,-0.04,-0.08,-0.02,1,imu01,imu_20260817T174209Z,1263,31024123
480149515000000,31044,-0.597,-0.029,-0.794,-0.02,0.2,-0.01,1,imu01,imu_20260817T174209Z,1264,31044120
480149531000000,31064,-0.59,-0.011,-0.809,-0.02,0.13,-0.06,1,imu01,imu_20260817T174209Z,1265,31064123
480149546000000,31084,-0.578,-0.037,-0.807,-0.13,-0.09,-0.09,1,imu01,imu_20260817T174209Z,1266,31084120
480149578000000,31104,-0.592,-0.022,-0.806,-0.11,-0.01,0.02,1,imu01,imu_20260817T174209Z,1267,31104123
480149593000000,31124,-0.584,-0.02,-0.811,-0.05,-0.06,-0.03,1,imu01,imu_20260817T174209Z,1268,31124120
480149609000000,31144,-0.585,-0.021,-0.809,0.01,0.05,-0.04,1,imu01,imu_20260817T174209Z,1269,31144123
480149640000000,31164,-0.593,-0.033,-0.802,0.06,-0.1,-0.01,1,imu01,imu_20260817T174209Z,1270,31164120
480149656000000,31184,-0.584,-0.026,-0.804,0.01,-0.0,-0.06,1,imu01,imu_20260817T174209Z,1271,31184123
480149671000000,31204,-0.578,-0.023,-0.816,-0.03,-0.02,0.01,1,imu01,imu_20260817T174209Z,1272,31204120
480149687000000,31224,-0.601,-0.017,-0.794,0.02,-0.05,-0.01,1,imu01,imu_20260817T174209Z,1273,31224123
480149718000000,31244,-0.598,-0.033,-0.805,0.03,-0.13,0.08,1,imu01,imu_20260817T174209Z,1274,31244120
480149734000000,31264,-0.59,-0.037,-0.792,0.08,-0.11,-0.11,1,imu01,imu_20260817T174209Z,1275,31264123
480149750000000,31284,-0.605,-0.029,-0.805,-0.08,0.0,-0.0,1,imu01,imu_20260817T174209Z,1276,31284120
480149781000000,31304,-0.593,-0.024,-0.812,0.05,-0.11,-0.06,1,imu01,imu_20260817T174209Z,1277,31304123
480149796000000,31324,-0.583,-0.013,-0.799,0.11,-0.06,-0.01,1,imu01,imu_20260817T174209Z,1278,31324120
480149812000000,31344,-0.597,-0.013,-0.807,-0.02,-0.0,0.07,1,imu01,imu_20260817T174209Z,1279,31344123
480149828000000,31364,-0.606,-0.012,-0.813,0.07,-0.0,0.09,1,imu01,imu_20260817T174209Z,1280,31364120
480149859000000,31384,-0.606,-0.018,-0.804,-0.01,-0.09,0.03,1,imu01,imu_20260817T174209Z,1281,31384123
480149875000000,31404,-0.596,0.005,-0.803,0.08,-0.03,-0.06,1,imu01,imu_20260817T174209Z,1282,31404120
480149890000000,31424,-0.59,-0.02,-0.791,0.07,0.08,0.04,1,imu01,imu_20260817T174209Z,1283,31424123
480149921000000,31444,-0.605,-0.037,-0.805,-0.01,-0.12,0.07,1,imu01,imu_20260817T174209Z,1284,31444120
480149937000000,31464,-0.604,-0.022,-0.805,-0.06,-0.02,-0.11,1,imu01,imu_20260817T174209Z,1285,31464123
480149953000000,31484,-0.587,-0.029,-0.787,0.01,-0.03,-0.02,1,imu01,imu_20260817T174209Z,1286,31484120
480149968000000,31504,-0.597,-0.015,-0.802,-0.01,-0.03,0.06,1,imu01,imu_20260817T174209Z,1287,31504123
480150000000000,31524,-0.598,-0.032,-0.784,-0.04,-0.03,-0.01,1,imu01,imu_20260817T174209Z,1288,31524120
480150015000000,31544,-0.604,-0.017,-0.808,-0.09,-0.1,-0.03,1,imu01,imu_20260817T174209Z,1289,31544123
480150031000000,31564,-0.603,-0.026,-0.814,0.01,0.16,0.08,1,imu01,imu_20260817T174209Z,1290,31564120
480150062000000,31584,-0.586,-0.012,-0.798,-0.08,0.18,-0.03,1,imu01,imu_20260817T174209Z,1291,31584123
480150078000000,31604,-0.594,-0.02,-0.812,-0.11,-0.14,-0.03,1,imu01,imu_20260817T174209Z,1292,31604120
480150093000000,31624,-0.602,-0.021,-0.797,-0.03,-0.07,-0.04,1,imu01,imu_20260817T174209Z,1293,31624123
480150109000000,31644,-0.597,-0.028,-0.795,-0.08,0.06,-0.04,1,imu01,imu_20260817T174209Z,1294,31644120
480150140000000,31664,-0.601,-0.021,-0.812,-0.03,0.13,0.03,1,imu01,imu_20260817T174209Z,1295,31664123
480150156000000,31684,-0.599,-0.023,-0.803,-0.07,-0.04,-0.08,1,imu01,imu_20260817T174209Z,1296,31684120
480150171000000,31704,-0.585,-0.026,-0.795,0.02,-0.12,-0.01,1,imu01,imu_20260817T174209Z,1297,31704123
480150187000000,31724,-0.596,-0.022,-0.81,-0.12,0.0,-0.04,1,imu01,imu_20260817T174209Z,1298,31724120
480150218000000,31744,-0.589,-0.02,-0.809,-0.11,0.06,0.08,1,imu01,imu_20260817T174209Z,1299,31744123
480150234000000,31764,-0.594,-0.011,-0.797,-0.02,-0.1,0.07,1,imu01,imu_20260817T174209Z,1300,31764120
480150250000000,31784,-0.594,-0.023,-0.799,0.11,-0.07,-0.01,1,imu01,imu_20260817T174209Z,1301,31784123
480150281000000,31804,-0.591,-0.022,-0.798,-0.05,0.05,0.08,1,imu01,imu_20260817T174209Z,1302,31804120
480150296000000,31824,-0.587,-0.016,-0.803,-0.02,-0.02,0.0,1,imu01,imu_20260817T174209Z,1303,31824123
480150312000000,31844,-0.599,-0.029,-0.805,0.01,-0.06,-0.01,1,imu01,imu_20260817T174209Z,1304,31844120
480150328000000,31864,-0.582,-0.023,-0.786,0.16,-0.06,-0.09,1,imu01,imu_20260817T174209Z,1305,31864123
480150359000000,31884,-0.594,-0.019,-0.787,-0.06,-0.06,-0.1,1,imu01,imu_20260817T174209Z,1306,31884120
480150375000000,31904,-0.596,-0.013,-0.806,-0.0,-0.1,0.04,1,imu01,imu_20260817T174209Z,1307,31904123
480150390000000,31924,-0.592,-0.021,-0.812,0.09,-0.06,-0.04,1,imu01,imu_20260817T174209Z,1308,31924120
480150421000000,31944,-0.586,-0.023,-0.807,0.08,-0.11,-0.05,1,imu01,imu_20260817T174209Z,1309,31944123
480150437000000,31964,-0.591,-0.018,-0.804,0.03,-0.13,0.11,1,imu01,imu_20260817T174209Z,1310,31964120
480150453000000,31984,-0.605,-0.022,-0.807,0.01,-0.16,0.0,1,imu01,imu_20260817T174209Z,1311,31984123
480150468000000,32004,-0.598,-0.027,-0.799,0.14,-0.19,-0.05,1,imu01,imu_20260817T174209Z,1312,32004120
480150500000000,32024,-0.6,-0.019,-0.805,0.05,-0.08,-0.02,1,imu01,imu_20260817T174209Z,1313,32024123
480150515000000,32044,-0.591,-0.022,-0.802,0.08,-0.19,-0.0,1,imu01,imu_20260817T174209Z,1314,32044120
480150531000000,32064,-0.592,-0.024,-0.793,-0.07,-0.21,-0.12,1,imu01,imu_20260817T174209Z,1315,32064123
480150562000000,32084,-0.594,-0.022,-0.792,0.14,-0.13,-0.05,1,imu01,imu_20260817T174209Z,1316,32084120
480150578000000,32104,-0.582,-0.022,-0.801,0.01,-0.17,-0.07,1,imu01,imu_20260817T174209Z,1317,32104123
480150593000000,32124,-0.603,-0.017,-0.798,-0.05,-0.03,0.0,1,imu01,imu_20260817T174209Z,1318,32124120
480150609000000,32144,-0.588,-0.019,-0.811,0.06,-0.02,0.04,1,imu01,imu_20260817T174209Z,1319,32144123
480150640000000,32164,-0.586,-0.026,-0.796,0.05,0.11,0.07,1,imu01,imu_20260817T174209Z,1320,32164120
480150656000000,32184,-0.598,-0.021,-0.804,-0.01,0.18,0.07,1,imu01,imu_20260817T174209Z,1321,32184123
480150671000000,32204,-0.602,-0.011,-0.802,-0.07,-0.09,-0.05,1,imu01,imu_20260817T174209Z,1322,32204120
480150687000000,32224,-0.587,-0.031,-0.804,-0.13,-0.1,0.01,1,imu01,imu_20260817T174209Z,1323,32224123
480150718000000,32244,-0.592,-0.025,-0.802,-0.01,0.14,0.05,1,imu01,imu_20260817T174209Z,1324,32244120
480150734000000,32264,-0.584,-0.029,-0.803,-0.01,0.11,-0.03,1,imu01,imu_20260817T174209Z,1325,32264123
480150750000000,32284,-0.604,-0.019,-0.789,-0.08,-0.05,-0.05,1,imu01,imu_20260817T174209Z,1326,32284120
480150781000000,32304,-0.592,-0.021,-0.803,-0.06,-0.01,0.02,1,imu01,imu_20260817T174209Z,1327,32304123
480150796000000,32324,-0.591,-0.014,-0.802,-0.03,0.16,0.0,1,imu01,imu_20260817T174209Z,1328,32324120
480150812000000,32344,-0.596,-0.027,-0.802,-0.05,0.13,-0.03,1,imu01,imu_20260817T174209Z,1329,32344123
480150828000000,32364,-0.584,-0.02,-0.804,-0.07,-0.04,0.0,1,imu01,imu_20260817T174209Z,1330,32364120
480150859000000,32384,-0.588,-0.019,-0.794,-0.04,-0.03,0.07,1,imu01,imu_20260817T174209Z,1331,32384123
480150875000000,32404,-0.587,-0.015,-0.812,-0.02,0.21,-0.02,1,imu01,imu_20260817T174209Z,1332,32404120
480150890000000,32424,-0.599,-0.014,-0.808,-0.03,-0.03,0.04,1,imu01,imu_20260817T174209Z,1333,32424123
480150921000000,32444,-0.587,-0.015,-0.804,-0.05,-0.03,0.04,1,imu01,imu_20260817T174209Z,1334,32444120
480150937000000,32464,-0.591,-0.016,-0.808,0.08,-0.07,-0.01,1,imu01,imu_20260817T174209Z,1335,32464123
480150953000000,32484,-0.589,-0.024,-0.803,-0.08,0.14,-0.06,1,imu01,imu_20260817T174209Z,1336,32484120
480150968000000,32504,-0.593,-0.023,-0.807,-0.04,0.01,0.07,1,imu01,imu_20260817T174209Z,1337,32504123
480151000000000,32524,-0.588,-0.02,-0.798,0.03,-0.07,0.06,1,imu01,imu_20260817T174209Z,1338,32524120
480151015000000,32544,-0.589,-0.022,-0.8,0.13,-0.17,-0.09,1,imu01,imu_20260817T174209Z,1339,32544123
480151031000000,32564,-0.593,-0.022,-0.805,-0.05,-0.06,0.03,1,imu01,imu_20260817T174209Z,1340,32564120
480151046000000,32584,-0.593,-0.02,-0.806,0.09,-0.1,-0.0,1,imu01,imu_20260817T174209Z,1341,32584123
480151078000000,32604,-0.588,-0.022,-0.804,0.15,-0.1,-0.06,1,imu01,imu_20260817T174209Z,1342,32604120
480151093000000,32624,-0.593,-0.018,-0.811,0.11,-0.05,0.03,1,imu01,imu_20260817T174209Z,1343,32624123
480151109000000,32644,-0.589,-0.025,-0.812,0.05,-0.17,0.1,1,imu01,imu_20260817T174209Z,1344,32644120
480151140000000,32664,-0.597,-0.023,-0.805,-0.04,-0.12,-0.06,1,imu01,imu_20260817T174209Z,1345,32664123
480151156000000,32684,-0.589,-0.021,-0.812,0.01,-0.07,0.07,1,imu01,imu_20260817T174209Z,1346,32684120
480151171000000,32704,-0.594,-0.018,-0.807,-0.02,0.08,0.16,1,imu01,imu_20260817T174209Z,1347,32704123
480151187000000,32724,-0.597,-0.019,-0.804,0.05,-0.1,-0.03,1,imu01,imu_20260817T174209Z,1348,32724120
480151218000000,32744,-0.59,-0.024,-0.8,-0.06,-0.08,-0.06,1,imu01,imu_20260817T174209Z,1349,32744123
480151234000000,32764,-0.592,-0.021,-0.803,0.01,0.06,0.15,1,imu01,imu_20260817T174209Z,1350,32764120
480151250000000,32784,-0.592,-0.025,-0.803,0.04,0.03,-0.08,1,imu01,imu_20260817T174209Z,1351,32784123
480151281000000,32804,-0.591,-0.022,-0.804,-0.03,-0.12,-0.09,1,imu01,imu_20260817T174209Z,1352,32804120
480151296000000,32824,-0.59,-0.022,-0.803,0.01,0.09,-0.03,1,imu01,imu_20260817T174209Z,1353,32824123
480151312000000,32844,-0.592,-0.021,-0.81,-0.01,-0.02,0.01,1,imu01,imu_20260817T174209Z,1354,32844120
480151328000000,32864,-0.593,-0.021,-0.809,0.01,0.1,0.06,1,imu01,imu_20260817T174209Z,1355,32864123
480151359000000,32884,-0.59,-0.024,-0.802,-0.05,-0.06,-0.08,1,imu01,imu_20260817T174209Z,1356,32884120
480151375000000,32904,-0.591,-0.022,-0.796,0.02,-0.13,-0.06,1,imu01,imu_20260817T174209Z,1357,32904123
480151390000000,32924,-0.594,-0.025,-0.805,-0.08,0.01,-0.09,1,imu01,imu_20260817T174209Z,1358,32924120
480151421000000,32944,-0.589,-0.023,-0.807,-0.12,0.13,-0.11,1,imu01,imu_20260817T174209Z,1359,32944123
480151437000000,32964,-0.598,-0.027,-0.809,-0.05,0.03,0.05,1,imu01,imu_20260817T174209Z,1360,32964120
480151453000000,32984,-0.588,-0.019,-0.807,0.04,0.1,-0.0,1,imu01,imu_20260817T174209Z,1361,32984123
480151468000000,33004,-0.589,-0.026,-0.81,-0.02,0.13,-0.07,1,imu01,imu_20260817T174209Z,1362,33004120
480151500000000,33024,-0.592,-0.022,-0.803,-0.02,0.05,-0.03,1,imu01,imu_20260817T174209Z,1363,33024123
480151515000000,33044,-0.588,-0.021,-0.806,0.1,-0.13,-0.01,1,imu01,imu_20260817T174209Z,1364,33044120
480151531000000,33064,-0.597,-0.027,-0.81,-0.0,-0.06,-0.1,1,imu01,imu_20260817T174209Z,1365,33064123
480151546000000,33084,-0.593,-0.022,-0.807,0.06,-0.21,0.02,1,imu01,imu_20260817T174209Z,1366,33084120
480151578000000,33104,-0.589,-0.024,-0.796,0.06,-0.11,0.03,1,imu01,imu_20260817T174209Z,1367,33104123
480151593000000,33124,-0.593,-0.018,-0.812,0.05,-0.21,0.07,1,imu01,imu_20260817T174209Z,1368,33124120
480151609000000,33144,-0.594,-0.02,-0.817,-0.0,0.06,-0.08,1,imu01,imu_20260817T174209Z,1369,33144123
480151640000000,33164,-0.592,-0.025,-0.805,-0.07,-0.03,0.08,1,imu01,imu_20260817T174209Z,1370,33164120
480151656000000,33184,-0.59,-0.022,-0.809,0.05,-0.01,-0.02,1,imu01,imu_20260817T174209Z,1371,33184123
480151671000000,33204,-0.589,-0.021,-0.799,0.08,-0.09,-0.07,1,imu01,imu_20260817T174209Z,1372,33204120
480151687000000,33224,-0.591,-0.023,-0.806,-0.02,0.08,-0.01,1,imu01,imu_20260817T174209Z,1373,33224123
480151718000000,33244,-0.593,-0.024,-0.803,-0.03,-0.01,0.13,1,imu01,imu_20260817T174209Z,1374,33244120
480151734000000,33264,-0.593,-0.018,-0.805,0.08,-0.1,-0.0,1,imu01,imu_20260817T174209Z,1375,33264123
480151750000000,33284,-0.591,-0.02,-0.804,0.06,0.01,0.04,1,imu01,imu_20260817T174209Z,1376,33284120
480151781000000,33304,-0.595,-0.02,-0.81,-0.02,-0.07,0.07,1,imu01,imu_20260817T174209Z,1377,33304123
480151796000000,33324,-0.593,-0.019,-0.806,0.01,-0.08,-0.07,1,imu01,imu_20260817T174209Z,1378,33324120
480151812000000,33344,-0.59,-0.02,-0.805,0.07,-0.06,0.04,1,imu01,imu_20260817T174209Z,1379,33344123
480151828000000,33364,-0.592,-0.025,-0.801,0.04,0.01,0.07,1,imu01,imu_20260817T174209Z,1380,33364120
480151859000000,33384,-0.59,-0.024,-0.804,-0.05,-0.13,0.02,1,imu01,imu_20260817T174209Z,1381,33384123
480151875000000,33404,-0.587,-0.017,-0.806,-0.06,0.06,0.04,1,imu01,imu_20260817T174209Z,1382,33404120
480151890000000,33424,-0.59,-0.018,-0.807,-0.01,0.08,0.05,1,imu01,imu_20260817T174209Z,1383,33424123
480151921000000,33444,-0.592,-0.025,-0.804,-0.12,0.16,-0.03,1,imu01,imu_20260817T174209Z,1384,33444120
480151937000000,33464,-0.592,-0.018,-0.8,-0.01,0.02,-0.08,1,imu01,imu_20260817T174209Z,1385,33464123
480151953000000,33484,-0.595,-0.019,-0.81,-0.02,0.05,0.02,1,imu01,imu_20260817T174209Z,1386,33484120
480151968000000,33504,-0.593,-0.025,-0.805,0.01,0.12,0.0,1,imu01,imu_20260817T174209Z,1387,33504123
480152000000000,33524,-0.59,-0.025,-0.805,0.04,0.1,-0.13,1,imu01,imu_20260817T174209Z,1388,33524120
480152015000000,33544,-0.595,-0.022,-0.807,-0.04,-0.01,-0.01,1,imu01,imu_20260817T174209Z,1389,33544123
480152031000000,33564,-0.592,-0.025,-0.803,-0.02,-0.16,0.04,1,imu01,imu_20260817T174209Z,1390,33564120
480152062000000,33584,-0.594,-0.021,-0.803,-0.06,0.03,-0.01,1,imu01,imu_20260817T174209Z,1391,33584123
480152078000000,33604,-0.591,-0.02,-0.807,-0.0,0.15,-0.04,1,imu01,imu_20260817T174209Z,1392,33604120
480152093000000,33624,-0.594,-0.024,-0.81,0.01,-0.01,0.04,1,imu01,imu_20260817T174209Z,1393,33624123
480152109000000,33644,-0.592,-0.021,-0.807,0.04,0.1,-0.11,1,imu01,imu_20260817T174209Z,1394,33644120
480152140000000,33664,-0.589,-0.022,-0.804,-0.03,-0.06,-0.09,1,imu01,imu_20260817T174209Z,1395,33664123
480152156000000,33684,-0.59,-0.024,-0.814,0.05,-0.02,0.02,1,imu01,imu_20260817T174209Z,1396,33684120
480152171000000,33704,-0.595,-0.026,-0.808,0.17,-0.23,-0.14,1,imu01,imu_20260817T174209Z,1397,33704123
480152187000000,33724,-0.595,-0.022,-0.809,0.09,0.0,-0.09,1,imu01,imu_20260817T174209Z,1398,33724120
480152218000000,33744,-0.595,-0.025,-0.808,-0.07,0.28,0.04,1,imu01,imu_20260817T174209Z,1399,33744123
480152234000000,33764,-0.593,-0.024,-0.808,-0.03,0.03,0.04,1,imu01,imu_20260817T174209Z,1400,33764120
480152250000000,33784,-0.592,-0.022,-0.808,-0.08,0.11,0.02,1,imu01,imu_20260817T174209Z,1401,33784123
480152281000000,33804,-0.594,-0.02,-0.808,0.09,-0.06,-0.07,1,imu01,imu_20260817T174209Z,1402,33804120
480152296000000,33824,-0.594,-0.027,-0.807,0.1,-0.16,0.01,1,imu01,imu_20260817T174209Z,1403,33824123
480152312000000,33844,-0.591,-0.023,-0.807,0.05,-0.16,-0.01,1,imu01,imu_20260817T174209Z,1404,33844120
480152328000000,33864,-0.593,-0.02,-0.807,0.08,-0.14,-0.04,1,imu01,imu_20260817T174209Z,1405,33864123
480152359000000,33884,-0.593,-0.018,-0.809,0.14,-0.02,0.01,1,imu01,imu_20260817T174209Z,1406,33884120
480152375000000,33904,-0.595,-0.021,-0.807,0.02,0.03,0.14,1,imu01,imu_20260817T174209Z,1407,33904123
480152390000000,33924,-0.594,-0.022,-0.804,-0.05,-0.07,-0.02,1,imu01,imu_20260817T174209Z,1408,33924120
480152421000000,33944,-0.595,-0.027,-0.803,0.11,-0.0,-0.08,1,imu01,imu_20260817T174209Z,1409,33944123
480152437000000,33964,-0.59,-0.024,-0.808,0.05,0.06,0.05,1,imu01,imu_20260817T174209Z,1410,33964120
480152453000000,33984,-0.591,-0.022,-0.804,-0.01,-0.1,-0.0,1,imu01,imu_20260817T174209Z,1411,33984123
480152468000000,34004,-0.589,-0.024,-0.804,-0.02,-0.01,-0.09,1,imu01,imu_20260817T174209Z,1412,34004120
480152500000000,34024,-0.592,-0.023,-0.804,0.01,0.0,-0.01,1,imu01,imu_20260817T174209Z,1413,34024123
480152515000000,34044,-0.591,-0.022,-0.806,-0.01,0.14,0.07,1,imu01,imu_20260817T174209Z,1414,34044120
480152531000000,34064,-0.595,-0.02,-0.809,0.01,-0.17,-0.03,1,imu01,imu_20260817T174209Z,1415,34064123
480152546000000,34084,-0.593,-0.023,-0.802,-0.02,-0.02,0.04,1,imu01,imu_20260817T174209Z,1416,34084120
480152578000000,34104,-0.598,-0.019,-0.801,0.06,0.12,0.13,1,imu01,imu_20260817T174209Z,1417,34104123
480152593000000,34124,-0.596,-0.019,-0.804,-0.01,0.19,0.01,1,imu01,imu_20260817T174209Z,1418,34124120
480152609000000,34144,-0.592,-0.021,-0.799,0.01,-0.18,-0.21,1,imu01,imu_20260817T174209Z,1419,34144123
480152640000000,34164,-0.594,-0.02,-0.807,0.05,0.0,0.07,1,imu01,imu_20260817T174209Z,1420,34164120
480152656000000,34184,-0.592,-0.022,-0.811,-0.02,0.16,0.02,1,imu01,imu_20260817T174209Z,1421,34184123
480152671000000,34204,-0.588,-0.023,-0.809,-0.01,0.2,0.0,1,imu01,imu_20260817T174209Z,1422,34204120
480152687000000,34224,-0.591,-0.023,-0.803,-0.02,0.01,-0.1,1,imu01,imu_20260817T174209Z,1423,34224123
480152718000000,34244,-0.591,-0.022,-0.808,-0.04,-0.01,-0.03,1,imu01,imu_20260817T174209Z,1424,34244120
480152734000000,34264,-0.592,-0.023,-0.801,-0.03,0.26,-0.03,1,imu01,imu_20260817T174209Z,1425,34264123
480152750000000,34284,-0.592,-0.022,-0.807,-0.04,0.19,-0.08,1,imu01,imu_20260817T174209Z,1426,34284120
480152781000000,34304,-0.598,-0.024,-0.807,-0.03,0.03,0.01,1,imu01,imu_20260817T174209Z,1427,34304123
480152796000000,34324,-0.592,-0.022,-0.806,-0.01,-0.11,0.03,1,imu01,imu_20260817T174209Z,1428,34324120
480152812000000,34344,-0.59,-0.023,-0.8,-0.09,0.15,-0.08,1,imu01,imu_20260817T174209Z,1429,34344123
480152828000000,34364,-0.594,-0.018,-0.807,-0.02,-0.0,0.05,1,imu01,imu_20260817T174209Z,1430,34364120
480152859000000,34384,-0.589,-0.019,-0.804,0.05,-0.09,0.07,1,imu01,imu_20260817T174209Z,1431,34384123
480152875000000,34404,-0.591,-0.023,-0.799,0.06,-0.08,-0.05,1,imu01,imu_20260817T174209Z,1432,34404120
480152890000000,34424,-0.59,-0.023,-0.811,-0.08,0.09,-0.08,1,imu01,imu_20260817T174209Z,1433,34424123
480152921000000,34444,-0.59,-0.024,-0.803,0.04,0.0,0.02,1,imu01,imu_20260817T174209Z,1434,34444120
480152937000000,34464,-0.592,-0.028,-0.807,0.05,-0.1,0.07,1,imu01,imu_20260817T174209Z,1435,34464123
480152953000000,34484,-0.59,-0.023,-0.798,0.04,-0.13,0.03,1,imu01,imu_20260817T174209Z,1436,34484120
480152968000000,34504,-0.592,-0.025,-0.811,0.05,-0.09,-0.02,1,imu01,imu_20260817T174209Z,1437,34504123
480153000000000,34524,-0.591,-0.029,-0.799,-0.02,-0.1,0.02,1,imu01,imu_20260817T174209Z,1438,34524120
480153015000000,34544,-0.586,-0.022,-0.811,0.12,-0.06,0.02,1,imu01,imu_20260817T174209Z,1439,34544123
480153031000000,34564,-0.596,-0.026,-0.813,0.09,-0.13,-0.03,1,imu01,imu_20260817T174209Z,1440,34564120
480153046000000,34584,-0.594,-0.024,-0.8,0.03,-0.16,0.04,1,imu01,imu_20260817T174209Z,1441,34584123
480153078000000,34604,-0.589,-0.021,-0.805,0.06,-0.1,-0.09,1,imu01,imu_20260817T174209Z,1442,34604120
480153093000000,34624,-0.593,-0.023,-0.802,0.08,-0.06,0.03,1,imu01,imu_20260817T174209Z,1443,34624123
480153109000000,34644,-0.593,-0.022,-0.805,0.05,0.13,0.1,1,imu01,imu_20260817T174209Z,1444,34644120
480153140000000,34664,-0.589,-0.022,-0.802,0.01,-0.04,0.04,1,imu01,imu_20260817T174209Z,1445,34664123
480153156000000,34684,-0.59,-0.016,-0.807,-0.02,-0.07,-0.13,1,imu01,imu_20260817T174209Z,1446,34684120
480153171000000,34704,-0.59,-0.021,-0.806,-0.05,-0.03,0.02,1,imu01,imu_20260817T174209Z,1447,34704123
480153187000000,34724,-0.587,-0.024,-0.801,-0.04,0.1,0.04,1,imu01,imu_20260817T174209Z,1448,34724120
480153218000000,34744,-0.593,-0.022,-0.801,-0.11,-0.08,-0.05,1,imu01,imu_20260817T174209Z,1449,34744123
480153234000000,34764,-0.595,-0.021,-0.804,0.01,-0.1,-0.12,1,imu01,imu_20260817T174209Z,1450,34764120
480153250000000,34784,-0.593,-0.022,-0.811,0.03,0.03,0.07,1,imu01,imu_20260817T174209Z,1451,34784123
480153281000000,34804,-0.592,-0.019,-0.802,-0.03,0.11,0.01,1,imu01,imu_20260817T174209Z,1452,34804120
480153296000000,34824,-0.587,-0.019,-0.804,-0.12,-0.13,-0.06,1,imu01,imu_20260817T174209Z,1453,34824123
480153312000000,34844,-0.591,-0.023,-0.804,0.02,-0.07,0.04,1,imu01,imu_20260817T174209Z,1454,34844120
480153328000000,34864,-0.589,-0.023,-0.802,-0.04,0.19,0.02,1,imu01,imu_20260817T174209Z,1455,34864123
480153359000000,34884,-0.592,-0.02,-0.801,-0.06,0.19,-0.01,1,imu01,imu_20260817T174209Z,1456,34884120
480153375000000,34904,-0.593,-0.024,-0.805,-0.05,-0.05,-0.03,1,imu01,imu_20260817T174209Z,1457,34904123
480153390000000,34924,-0.593,-0.02,-0.806,0.01,-0.03,0.05,1,imu01,imu_20260817T174209Z,1458,34924120
480153421000000,34944,-0.593,-0.023,-0.806,-0.02,0.19,-0.13,1,imu01,imu_20260817T174209Z,1459,34944123
480153437000000,34964,-0.591,-0.021,-0.803,0.09,-0.06,0.0,1,imu01,imu_20260817T174209Z,1460,34964120
480153453000000,34984,-0.593,-0.023,-0.804,-0.05,-0.0,0.06,1,imu01,imu_20260817T174209Z,1461,34984123
480153468000000,35004,-0.595,-0.024,-0.807,0.11,-0.15,-0.09,1,imu01,imu_20260817T174209Z,1462,35004120
480153500000000,35024,-0.593,-0.022,-0.805,-0.05,-0.06,0.02,1,imu01,imu_20260817T174209Z,1463,35024123
480153515000000,35044,-0.591,-0.022,-0.813,-0.01,0.03,0.05,1,imu01,imu_20260817T174209Z,1464,35044120
480153531000000,35064,-0.593,-0.024,-0.797,-0.03,-0.14,0.04,1,imu01,imu_20260817T174209Z,1465,35064123
480153562000000,35084,-0.591,-0.021,-0.799,0.01,-0.23,0.06,1,imu01,imu_20260817T174209Z,1466,35084120
480153578000000,35104,-0.592,-0.023,-0.803,-0.02,0.0,0.03,1,imu01,imu_20260817T174209Z,1467,35104123
480153593000000,35124,-0.591,-0.022,-0.8,0.01,-0.07,0.12,1,imu01,imu_20260817T174209Z,1468,35124120
480153609000000,35144,-0.594,-0.023,-0.81,0.04,-0.03,0.04,1,imu01,imu_20260817T174209Z,1469,35144123
480153640000000,35164,-0.588,-0.022,-0.799,0.14,-0.09,0.02,1,imu01,imu_20260817T174209Z,1470,35164120
480153656000000,35184,-0.591,-0.019,-0.811,0.07,-0.03,0.15,1,imu01,imu_20260817T174209Z,1471,35184123
480153671000000,35204,-0.589,-0.021,-0.804,0.05,-0.07,-0.07,1,imu01,imu_20260817T174209Z,1472,35204120
480153687000000,35224,-0.588,-0.025,-0.803,-0.01,-0.09,-0.04,1,imu01,imu_20260817T174209Z,1473,35224123
480153718000000,35244,-0.593,-0.024,-0.801,0.04,-0.03,0.0,1,imu01,imu_20260817T174209Z,1474,35244120
480153734000000,35264,-0.596,-0.024,-0.803,0.08,-0.1,0.11,1,imu01,imu_20260817T174209Z,1475,35264123
480153750000000,35284,-0.594,-0.025,-0.807,-0.02,-0.12,-0.07,1,imu01,imu_20260817T174209Z,1476,35284120
480153781000000,35304,-0.595,-0.023,-0.805,-0.0,-0.04,0.09,1,imu01,imu_20260817T174209Z,1477,35304123
480153796000000,35324,-0.592,-0.019,-0.808,0.03,0.1,0.12,1,imu01,imu_20260817T174209Z,1478,35324120
480153812000000,35344,-0.591,-0.022,-0.804,-0.08,-0.1,-0.06,1,imu01,imu_20260817T174209Z,1479,35344123
480153828000000,35364,-0.593,-0.024,-0.807,-0.01,0.01,-0.03,1,imu01,imu_20260817T174209Z,1480,35364120
480153859000000,35384,-0.59,-0.02,-0.805,-0.03,-0.03,0.04,1,imu01,imu_20260817T174209Z,1481,35384123
480153875000000,35404,-0.59,-0.024,-0.808,0.09,0.14,0.04,1,imu01,imu_20260817T174209Z,1482,35404120
480153890000000,35424,-0.593,-0.019,-0.802,0.05,0.0,-0.04,1,imu01,imu_20260817T174209Z,1483,35424123
480153921000000,35444,-0.592,-0.021,-0.803,-0.02,-0.07,0.02,1,imu01,imu_20260817T174209Z,1484,35444120
480153937000000,35464,-0.594,-0.024,-0.801,0.05,-0.03,0.01,1,imu01,imu_20260817T174209Z,1485,35464123
480153953000000,35484,-0.592,-0.023,-0.8,-0.02,0.0,-0.06,1,imu01,imu_20260817T174209Z,1486,35484120
480153968000000,35504,-0.594,-0.023,-0.805,-0.05,-0.1,-0.04,1,imu01,imu_20260817T174209Z,1487,35504123
480154000000000,35524,-0.594,-0.022,-0.81,-0.08,-0.12,0.0,1,imu01,imu_20260817T174209Z,1488,35524120
480154015000000,35544,-0.59,-0.022,-0.802,-0.12,0.11,-0.06,1,imu01,imu_20260817T174209Z,1489,35544123
480154031000000,35564,-0.591,-0.021,-0.807,-0.0,0.0,0.03,1,imu01,imu_20260817T174209Z,1490,35564120
480154046000000,35584,-0.592,-0.023,-0.801,-0.09,0.02,0.05,1,imu01,imu_20260817T174209Z,1491,35584123
480154078000000,35604,-0.591,-0.022,-0.804,-0.02,-0.07,0.07,1,imu01,imu_20260817T174209Z,1492,35604120
480154093000000,35624,-0.59,-0.019,-0.803,0.01,0.15,-0.03,1,imu01,imu_20260817T174209Z,1493,35624123
480154109000000,35644,-0.594,-0.02,-0.802,-0.04,0.02,-0.01,1,imu01,imu_20260817T174209Z,1494,35644120
480154140000000,35664,-0.596,-0.024,-0.812,0.02,-0.12,0.04,1,imu01,imu_20260817T174209Z,1495,35664123
480154156000000,35684,-0.592,-0.023,-0.797,0.08,-0.12,-0.08,1,imu01,imu_20260817T174209Z,1496,35684120
480154171000000,35704,-0.593,-0.024,-0.8,-0.05,0.0,0.07,1,imu01,imu_20260817T174209Z,1497,35704123
480154187000000,35724,-0.591,-0.025,-0.804,0.1,-0.19,0.04,1,imu01,imu_20260817T174209Z,1498,35724120
480154218000000,35744,-0.591,-0.018,-0.8,0.05,-0.1,-0.09,1,imu01,imu_20260817T174209Z,1499,35744123
480154234000000,35764,-0.593,-0.028,-0.803,0.1,-0.09,-0.04,1,imu01,imu_20260817T174209Z,1500,35764120
480154250000000,35784,-0.596,-0.023,-0.81,-0.11,0.18,-0.08,1,imu01,imu_20260817T174209Z,1501,35784123
480154281000000,35804,-0.596,-0.021,-0.798,0.01,-0.08,-0.11,1,imu01,imu_20260817T174209Z,1502,35804120
480154296000000,35824,-0.593,-0.026,-0.807,0.09,0.04,-0.13,1,imu01,imu_20260817T174209Z,1503,35824123
480154312000000,35844,-0.586,-0.024,-0.805,0.03,-0.03,-0.04,1,imu01,imu_20260817T174209Z,1504,35844120
480154328000000,35864,-0.589,-0.02,-0.809,-0.02,-0.14,0.14,1,imu01,imu_20260817T174209Z,1505,35864123
480154359000000,35884,-0.589,-0.016,-0.807,-0.01,-0.15,0.0,1,imu01,imu_20260817T174209Z,1506,35884120
480154375000000,35904,-0.594,-0.022,-0.808,0.17,-0.08,-0.05,1,imu01,imu_20260817T174209Z,1507,35904123
480154390000000,35924,-0.591,-0.023,-0.813,-0.02,0.05,0.08,1,imu01,imu_20260817T174209Z,1508,35924120
480154421000000,35944,-0.597,-0.028,-0.809,0.06,-0.11,0.07,1,imu01,imu_20260817T174209Z,1509,35944123
480154437000000,35964,-0.595,-0.023,-0.802,-0.0,-0.04,-0.01,1,imu01,imu_20260817T174209Z,1510,35964120
480154453000000,35984,-0.59,-0.02,-0.805,0.05,0.01,0.08,1,imu01,imu_20260817T174209Z,1511,35984123
480154468000000,36004,-0.598,-0.024,-0.807,-0.02,0.13,0.07,1,imu01,imu_20260817T174209Z,1512,36004120
480154500000000,36024,-0.59,-0.025,-0.804,-0.01,-0.04,-0.07,1,imu01,imu_20260817T174209Z,1513,36024123
480154515000000,36044,-0.594,-0.024,-0.798,0.03,0.1,0.06,1,imu01,imu_20260817T174209Z,1514,36044120
480154531000000,36064,-0.589,-0.019,-0.801,-0.02,0.07,0.07,1,imu01,imu_20260817T174209Z,1515,36064123
480154546000000,36084,-0.589,-0.021,-0.811,-0.08,0.23,-0.02,1,imu01,imu_20260817T174209Z,1516,36084120
480154578000000,36104,-0.589,-0.02,-0.808,0.07,-0.09,-0.04,1,imu01,imu_20260817T174209Z,1517,36104123
480154593000000,36124,-0.591,-0.025,-0.804,0.01,0.01,0.07,1,imu01,imu_20260817T174209Z,1518,36124120
480154609000000,36144,-0.593,-0.02,-0.81,0.01,0.13,0.02,1,imu01,imu_20260817T174209Z,1519,36144123
480154640000000,36164,-0.597,-0.021,-0.8,-0.02,0.11,-0.03,1,imu01,imu_20260817T174209Z,1520,36164120
480154656000000,36184,-0.594,-0.026,-0.803,-0.01,-0.15,-0.07,1,imu01,imu_20260817T174209Z,1521,36184123
480154671000000,36204,-0.589,-0.017,-0.801,0.08,-0.05,-0.03,1,imu01,imu_20260817T174209Z,1522,36204120
480154687000000,36224,-0.596,-0.023,-0.804,0.05,0.06,0.02,1,imu01,imu_20260817T174209Z,1523,36224123
480154718000000,36244,-0.593,-0.023,-0.807,-0.02,0.12,-0.08,1,imu01,imu_20260817T174209Z,1524,36244120
480154734000000,36264,-0.597,-0.022,-0.812,-0.05,0.2,0.05,1,imu01,imu_20260817T174209Z,1525,36264123
480154750000000,36284,-0.594,-0.023,-0.806,0.14,0.01,-0.03,1,imu01,imu_20260817T174209Z,1526,36284120
480154781000000,36304,-0.591,-0.019,-0.806,0.01,0.23,-0.02,1,imu01,imu_20260817T174209Z,1527,36304123
480154796000000,36324,-0.59,-0.022,-0.801,-0.02,0.09,-0.01,1,imu01,imu_20260817T174209Z,1528,36324120
480154812000000,36344,-0.589,-0.025,-0.805,0.01,-0.1,-0.05,1,imu01,imu_20260817T174209Z,1529,36344123
480154828000000,36364,-0.59,-0.02,-0.81,0.11,-0.06,-0.04,1,imu01,imu_20260817T174209Z,1530,36364120
480154859000000,36384,-0.595,-0.025,-0.809,0.05,-0.03,-0.09,1,imu01,imu_20260817T174209Z,1531,36384123
480154875000000,36404,-0.597,-0.023,-0.81,0.02,-0.06,0.01,1,imu01,imu_20260817T174209Z,1532,36404120
480154890000000,36424,-0.591,-0.022,-0.805,0.12,-0.19,-0.08,1,imu01,imu_20260817T174209Z,1533,36424123
480154921000000,36444,-0.589,-0.024,-0.804,0.11,-0.07,-0.01,1,imu01,imu_20260817T174209Z,1534,36444120
480154937000000,36464,-0.592,-0.022,-0.8,0.04,-0.1,0.08,1,imu01,imu_20260817T174209Z,1535,36464123
480154953000000,36484,-0.596,-0.023,-0.805,0.05,-0.14,-0.02,1,imu01,imu_20260817T174209Z,1536,36484120
480154968000000,36504,-0.589,-0.021,-0.805,0.15,-0.1,-0.13,1,imu01,imu_20260817T174209Z,1537,36504123
480155000000000,36524,-0.592,-0.019,-0.807,-0.03,-0.0,0.07,1,imu01,imu_20260817T174209Z,1538,36524120
480155015000000,36544,-0.595,-0.021,-0.808,-0.02,-0.1,0.11,1,imu01,imu_20260817T174209Z,1539,36544123
480155031000000,36564,-0.591,-0.02,-0.81,-0.02,-0.13,-0.04,1,imu01,imu_20260817T174209Z,1540,36564120
480155062000000,36584,-0.592,-0.019,-0.812,0.11,-0.1,-0.02,1,imu01,imu_20260817T174209Z,1541,36584123
480155078000000,36604,-0.591,-0.026,-0.805,-0.07,-0.1,0.12,1,imu01,imu_20260817T174209Z,1542,36604120
480155093000000,36624,-0.587,-0.021,-0.803,0.04,-0.13,0.02,1,imu01,imu_20260817T174209Z,1543,36624123
480155109000000,36644,-0.59,-0.02,-0.804,0.01,-0.05,-0.08,1,imu01,imu_20260817T174209Z,1544,36644120
480155140000000,36664,-0.591,-0.026,-0.797,-0.02,0.02,0.16,1,imu01,imu_20260817T174209Z,1545,36664123
480155156000000,36684,-0.592,-0.021,-0.809,-0.04,0.05,0.04,1,imu01,imu_20260817T174209Z,1546,36684120
480155171000000,36704,-0.593,-0.019,-0.804,0.02,-0.16,-0.13,1,imu01,imu_20260817T174209Z,1547,36704123
480155187000000,36724,-0.59,-0.022,-0.798,0.01,0.05,0.1,1,imu01,imu_20260817T174209Z,1548,36724120
480155218000000,36744,-0.594,-0.022,-0.808,0.05,0.13,0.1,1,imu01,imu_20260817T174209Z,1549,36744123
480155234000000,36764,-0.593,-0.018,-0.803,-0.08,0.13,-0.08,1,imu01,imu_20260817T174209Z,1550,36764120
480155250000000,36784,-0.593,-0.021,-0.802,0.01,0.03,-0.09,1,imu01,imu_20260817T174209Z,1551,36784123
480155281000000,36804,-0.591,-0.023,-0.804,-0.04,0.02,0.01,1,imu01,imu_20260817T174209Z,1552,36804120
480155296000000,36824,-0.591,-0.02,-0.813,0.01,0.18,-0.03,1,imu01,imu_20260817T174209Z,1553,36824123
480155312000000,36844,-0.596,-0.026,-0.808,-0.04,0.11,-0.06,1,imu01,imu_20260817T174209Z,1554,36844120
480155328000000,36864,-0.592,-0.024,-0.807,-0.03,-0.03,0.04,1,imu01,imu_20260817T174209Z,1555,36864123
480155359000000,36884,-0.591,-0.023,-0.807,0.03,0.04,-0.02,1,imu01,imu_20260817T174209Z,1556,36884120
480155375000000,36904,-0.591,-0.021,-0.799,-0.02,0.17,-0.01,1,imu01,imu_20260817T174209Z,1557,36904123
480155390000000,36924,-0.59,-0.018,-0.804,0.05,0.11,0.03,1,imu01,imu_20260817T174209Z,1558,36924120
480155421000000,36944,-0.59,-0.024,-0.804,0.05,-0.15,0.01,1,imu01,imu_20260817T174209Z,1559,36944123
480155437000000,36964,-0.591,-0.02,-0.806,-0.0,-0.16,-0.12,1,imu01,imu_20260817T174209Z,1560,36964120
480155453000000,36984,-0.585,-0.024,-0.805,0.05,0.04,0.1,1,imu01,imu_20260817T174209Z,1561,36984123
480155468000000,37004,-0.592,-0.023,-0.804,0.08,0.0,-0.04,1,imu01,imu_20260817T174209Z,1562,37004120
480155500000000,37024,-0.584,-0.021,-0.809,0.1,-0.08,0.07,1,imu01,imu_20260817T174209Z,1563,37024123
480155515000000,37044,-0.591,-0.019,-0.806,0.16,-0.19,-0.05,1,imu01,imu_20260817T174209Z,1564,37044120
480155531000000,37064,-0.594,-0.024,-0.804,0.05,-0.06,0.02,1,imu01,imu_20260817T174209Z,1565,37064123
480155562000000,37084,-0.591,-0.024,-0.801,-0.0,-0.1,0.07,1,imu01,imu_20260817T174209Z,1566,37084120
480155578000000,37104,-0.591,-0.022,-0.807,0.08,-0.06,-0.05,1,imu01,imu_20260817T174209Z,1567,37104123
480155593000000,37124,-0.591,-0.019,-0.795,0.06,-0.05,-0.03,1,imu01,imu_20260817T174209Z,1568,37124120
480155609000000,37144,-0.592,-0.021,-0.799,0.08,-0.1,0.11,1,imu01,imu_20260817T174209Z,1569,37144123
480155640000000,37164,-0.594,-0.022,-0.801,-0.04,-0.06,-0.0,1,imu01,imu_20260817T174209Z,1570,37164120
480155656000000,37184,-0.59,-0.021,-0.803,0.08,-0.14,-0.07,1,imu01,imu_20260817T174209Z,1571,37184123
480155671000000,37204,-0.591,-0.02,-0.805,0.04,-0.03,0.06,1,imu01,imu_20260817T174209Z,1572,37204120
480155687000000,37224,-0.593,-0.02,-0.804,-0.04,-0.06,0.07,1,imu01,imu_20260817T174209Z,1573,37224123
480155718000000,37244,-0.592,-0.031,-0.806,-0.04,-0.13,-0.1,1,imu01,imu_20260817T174209Z,1574,37244120
480155734000000,37264,-0.588,-0.02,-0.8,0.01,-0.09,0.09,1,imu01,imu_20260817T174209Z,1575,37264123
480155750000000,37284,-0.593,-0.023,-0.802,0.04,0.16,-0.0,1,imu01,imu_20260817T174209Z,1576,37284120
480155781000000,37304,-0.59,-0.018,-0.8,-0.04,-0.06,-0.06,1,imu01,imu_20260817T174209Z,1577,37304123
480155796000000,37324,-0.586,-0.022,-0.808,0.01,-0.01,-0.02,1,imu01,imu_20260817T174209Z,1578,37324120
480155812000000,37344,-0.597,-0.018,-0.807,0.08,0.08,0.08,1,imu01,imu_20260817T174209Z,1579,37344123
480155828000000,37364,-0.598,-0.024,-0.807,-0.06,0.14,-0.05,1,imu01,imu_20260817T174209Z,1580,37364120
480155859000000,37384,-0.595,-0.024,-0.806,-0.05,-0.1,-0.07,1,imu01,imu_20260817T174209Z,1581,37384123
480155875000000,37404,-0.594,-0.019,-0.806,-0.04,0.16,0.01,1,imu01,imu_20260817T174209Z,1582,37404120
480155890000000,37424,-0.591,-0.02,-0.801,-0.05,0.08,-0.03,1,imu01,imu_20260817T174209Z,1583,37424123
480155906000000,37444,-0.595,-0.026,-0.807,0.01,0.16,-0.04,1,imu01,imu_20260817T174209Z,1584,37444120
480155937000000,37464,-0.592,-0.024,-0.809,-0.01,-0.06,-0.05,1,imu01,imu_20260817T174209Z,1585,37464123
480155953000000,37484,-0.593,-0.018,-0.812,-0.05,-0.0,-0.07,1,imu01,imu_20260817T174209Z,1586,37484120
480155968000000,37504,-0.597,-0.019,-0.805,-0.02,-0.08,-0.09,1,imu01,imu_20260817T174209Z,1587,37504123
480156000000000,37524,-0.59,-0.026,-0.806,0.01,0.06,-0.08,1,imu01,imu_20260817T174209Z,1588,37524120
480156015000000,37544,-0.595,-0.017,-0.8,0.02,0.1,0.04,1,imu01,imu_20260817T174209Z,1589,37544123
480156031000000,37564,-0.591,-0.023,-0.803,0.01,-0.12,0.07,1,imu01,imu_20260817T174209Z,1590,37564120
480156046000000,37584,-0.59,-0.02,-0.802,-0.02,0.04,-0.09,1,imu01,imu_20260817T174209Z,1591,37584123
480156078000000,37604,-0.587,-0.021,-0.797,0.04,0.04,0.0,1,imu01,imu_20260817T174209Z,1592,37604120
480156093000000,37624,-0.589,-0.021,-0.803,0.03,-0.12,0.04,1,imu01,imu_20260817T174209Z,1593,37624123
480156109000000,37644,-0.59,-0.019,-0.809,0.04,-0.12,-0.06,1,imu01,imu_20260817T174209Z,1594,37644120
480156140000000,37664,-0.589,-0.022,-0.805,-0.06,-0.02,0.04,1,imu01,imu_20260817T174209Z,1595,37664123
480156156000000,37684,-0.593,-0.017,-0.809,-0.08,-0.06,0.04,1,imu01,imu_20260817T174209Z,1596,37684120
480156171000000,37704,-0.59,-0.016,-0.803,0.06,-0.17,0.04,1,imu01,imu_20260817T174209Z,1597,37704123
480156187000000,37724,-0.593,-0.018,-0.814,0.08,-0.16,-0.03,1,imu01,imu_20260817T174209Z,1598,37724120
480156218000000,37744,-0.592,-0.022,-0.803,-0.04,-0.02,0.1,1,imu01,imu_20260817T174209Z,1599,37744123
480156234000000,37764,-0.591,-0.017,-0.808,-0.05,-0.13,0.03,1,imu01,imu_20260817T174209Z,1600,37764120
480156250000000,37784,-0.592,-0.022,-0.812,0.05,-0.13,-0.0,1,imu01,imu_20260817T174209Z,1601,37784123
480156281000000,37804,-0.592,-0.027,-0.798,0.04,-0.02,0.09,1,imu01,imu_20260817T174209Z,1602,37804120
480156296000000,37824,-0.589,-0.023,-0.808,0.05,-0.05,0.06,1,imu01,imu_20260817T174209Z,1603,37824123
480156312000000,37844,-0.589,-0.023,-0.804,-0.0,-0.13,-0.15,1,imu01,imu_20260817T174209Z,1604,37844120
480156328000000,37864,-0.591,-0.019,-0.803,-0.04,-0.12,0.07,1,imu01,imu_20260817T174209Z,1605,37864123
480156359000000,37884,-0.587,-0.02,-0.808,0.03,0.01,0.01,1,imu01,imu_20260817T174209Z,1606,37884120
480156375000000,37904,-0.591,-0.022,-0.807,0.01,-0.11,0.03,1,imu01,imu_20260817T174209Z,1607,37904123
480156390000000,37924,-0.593,-0.02,-0.801,0.01,-0.0,-0.11,1,imu01,imu_20260817T174209Z,1608,37924120
480156421000000,37944,-0.592,-0.022,-0.807,-0.02,-0.06,-0.0,1,imu01,imu_20260817T174209Z,1609,37944123
480156437000000,37964,-0.592,-0.024,-0.804,-0.04,0.17,-0.06,1,imu01,imu_20260817T174209Z,1610,37964120
480156453000000,37984,-0.596,-0.024,-0.799,0.01,-0.09,-0.06,1,imu01,imu_20260817T174209Z,1611,37984123
480156468000000,38004,-0.59,-0.019,-0.804,0.08,-0.06,0.05,1,imu01,imu_20260817T174209Z,1612,38004120
480156500000000,38024,-0.592,-0.021,-0.804,0.04,0.05,0.02,1,imu01,imu_20260817T174209Z,1613,38024123
480156515000000,38044,-0.595,-0.022,-0.81,-0.04,0.06,-0.08,1,imu01,imu_20260817T174209Z,1614,38044120
480156531000000,38064,-0.594,-0.022,-0.808,-0.02,-0.02,-0.02,1,imu01,imu_20260817T174209Z,1615,38064123
480156562000000,38084,-0.592,-0.018,-0.804,-0.03,-0.03,0.04,1,imu01,imu_20260817T174209Z,1616,38084120
480156578000000,38104,-0.583,-0.02,-0.798,0.11,0.06,-0.02,1,imu01,imu_20260817T174209Z,1617,38104123
480156593000000,38124,-0.592,-0.024,-0.801,0.01,0.15,-0.09,1,imu01,imu_20260817T174209Z,1618,38124120
480156609000000,38144,-0.595,-0.021,-0.807,0.04,0.05,-0.02,1,imu01,imu_20260817T174209Z,1619,38144123
480156640000000,38164,-0.592,-0.019,-0.801,0.03,-0.05,0.0,1,imu01,imu_20260817T174209Z,1620,38164120
480156656000000,38184,-0.594,-0.023,-0.812,-0.03,0.13,-0.03,1,imu01,imu_20260817T174209Z,1621,38184123
480156671000000,38204,-0.592,-0.023,-0.803,0.07,-0.1,-0.06,1,imu01,imu_20260817T174209Z,1622,38204120
480156687000000,38224,-0.589,-0.022,-0.803,0.02,-0.08,-0.03,1,imu01,imu_20260817T174209Z,1623,38224123
480156718000000,38244,-0.589,-0.02,-0.813,0.11,-0.07,0.02,1,imu01,imu_20260817T174209Z,1624,38244120
480156734000000,38264,-0.593,-0.021,-0.8,-0.03,-0.03,-0.03,1,imu01,imu_20260817T174209Z,1625,38264123
480156750000000,38284,-0.594,-0.022,-0.808,-0.05,-0.03,0.09,1,imu01,imu_20260817T174209Z,1626,38284120
480156781000000,38304,-0.59,-0.02,-0.805,-0.05,-0.13,0.04,1,imu01,imu_20260817T174209Z,1627,38304123
480156796000000,38324,-0.595,-0.02,-0.804,0.11,-0.13,-0.0,1,imu01,imu_20260817T174209Z,1628,38324120
480156812000000,38344,-0.589,-0.024,-0.8,0.01,-0.03,0.07,1,imu01,imu_20260817T174209Z,1629,38344123
480156828000000,38364,-0.589,-0.021,-0.802,0.05,-0.04,0.09,1,imu01,imu_20260817T174209Z,1630,38364120
480156859000000,38384,-0.595,-0.023,-0.804,0.05,-0.1,-0.03,1,imu01,imu_20260817T174209Z,1631,38384123
480156875000000,38404,-0.592,-0.019,-0.798,0.11,-0.06,0.02,1,imu01,imu_20260817T174209Z,1632,38404120
480156890000000,38424,-0.591,-0.022,-0.809,-0.02,-0.1,0.1,1,imu01,imu_20260817T174209Z,1633,38424123
480156906000000,38444,-0.593,-0.021,-0.805,0.02,-0.13,0.01,1,imu01,imu_20260817T174209Z,1634,38444120
480156937000000,38464,-0.592,-0.021,-0.807,0.01,-0.1,-0.06,1,imu01,imu_20260817T174209Z,1635,38464123
480156953000000,38484,-0.592,-0.024,-0.806,-0.0,-0.02,-0.05,1,imu01,imu_20260817T174209Z,1636,38484120
480156968000000,38504,-0.588,-0.025,-0.803,0.04,-0.06,0.04,1,imu01,imu_20260817T174209Z,1637,38504123
480157000000000,38524,-0.59,-0.023,-0.812,-0.12,0.03,-0.13,1,imu01,imu_20260817T174209Z,1638,38524120
480157015000000,38544,-0.593,-0.027,-0.804,-0.03,0.02,0.07,1,imu01,imu_20260817T174209Z,1639,38544123
480157031000000,38564,-0.592,-0.026,-0.796,-0.04,0.13,-0.03,1,imu01,imu_20260817T174209Z,1640,38564120
480157046000000,38584,-0.594,-0.023,-0.81,0.04,-0.12,-0.03,1,imu01,imu_20260817T174209Z,1641,38584123
480157078000000,38604,-0.592,-0.022,-0.807,-0.02,-0.02,-0.02,1,imu01,imu_20260817T174209Z,1642,38604120
480157093000000,38624,-0.591,-0.021,-0.808,0.01,-0.03,0.1,1,imu01,imu_20260817T174209Z,1643,38624123
480157109000000,38644,-0.586,-0.023,-0.804,-0.0,0.16,0.0,1,imu01,imu_20260817T174209Z,1644,38644120
480157140000000,38664,-0.591,-0.019,-0.798,-0.02,-0.14,-0.13,1,imu01,imu_20260817T174209Z,1645,38664123
480157156000000,38684,-0.591,-0.021,-0.808,-0.03,0.05,0.03,1,imu01,imu_20260817T174209Z,1646,38684120
480157171000000,38704,-0.594,-0.022,-0.809,-0.0,0.13,0.04,1,imu01,imu_20260817T174209Z,1647,38704123
480157187000000,38724,-0.587,-0.023,-0.81,-0.02,0.06,-0.03,1,imu01,imu_20260817T174209Z,1648,38724120
480157218000000,38744,-0.591,-0.023,-0.805,-0.05,-0.06,-0.06,1,imu01,imu_20260817T174209Z,1649,38744123
480157234000000,38764,-0.589,-0.019,-0.799,-0.03,0.02,-0.07,1,imu01,imu_20260817T174209Z,1650,38764120
480157250000000,38784,-0.594,-0.022,-0.805,-0.02,0.04,-0.01,1,imu01,imu_20260817T174209Z,1651,38784123
480157281000000,38804,-0.59,-0.023,-0.809,-0.05,0.08,-0.06,1,imu01,imu_20260817T174209Z,1652,38804120
480157296000000,38824,-0.59,-0.02,-0.804,0.01,-0.0,0.01,1,imu01,imu_20260817T174209Z,1653,38824123
480157312000000,38844,-0.595,-0.02,-0.805,0.09,-0.08,0.0,1,imu01,imu_20260817T174209Z,1654,38844120
480157328000000,38864,-0.589,-0.021,-0.805,0.01,0.13,-0.02,1,imu01,imu_20260817T174209Z,1655,38864123
480157359000000,38884,-0.595,-0.024,-0.799,-0.0,-0.03,0.01,1,imu01,imu_20260817T174209Z,1656,38884120
480157375000000,38904,-0.594,-0.021,-0.799,0.03,-0.15,0.0,1,imu01,imu_20260817T174209Z,1657,38904123
480157390000000,38924,-0.592,-0.021,-0.804,-0.01,-0.19,-0.1,1,imu01,imu_20260817T174209Z,1658,38924120
480157406000000,38944,-0.589,-0.02,-0.808,0.01,-0.02,0.03,1,imu01,imu_20260817T174209Z,1659,38944123
480157437000000,38964,-0.596,-0.024,-0.808,0.01,-0.07,0.02,1,imu01,imu_20260817T174209Z,1660,38964120
480157453000000,38984,-0.595,-0.021,-0.812,-0.05,-0.15,-0.03,1,imu01,imu_20260817T174209Z,1661,38984123
480157468000000,39004,-0.595,-0.023,-0.804,0.05,-0.11,-0.06,1,imu01,imu_20260817T174209Z,1662,39004120
480157500000000,39024,-0.592,-0.024,-0.806,0.01,-0.05,0.06,1,imu01,imu_20260817T174209Z,1663,39024123
480157515000000,39044,-0.593,-0.022,-0.806,0.01,-0.06,0.04,1,imu01,imu_20260817T174209Z,1664,39044120
480157531000000,39064,-0.589,-0.022,-0.803,0.11,-0.1,-0.06,1,imu01,imu_20260817T174209Z,1665,39064123
480157546000000,39084,-0.593,-0.022,-0.805,0.08,-0.02,-0.06,1,imu01,imu_20260817T174209Z,1666,39084120
480157578000000,39104,-0.591,-0.022,-0.802,-0.04,-0.01,0.08,1,imu01,imu_20260817T174209Z,1667,39104123
480157593000000,39124,-0.597,-0.022,-0.806,-0.05,-0.12,-0.03,1,imu01,imu_20260817T174209Z,1668,39124120
480157609000000,39144,-0.596,-0.018,-0.803,0.05,-0.08,-0.0,1,imu01,imu_20260817T174209Z,1669,39144123
480157640000000,39164,-0.595,-0.022,-0.806,-0.02,0.16,0.15,1,imu01,imu_20260817T174209Z,1670,39164120
480157656000000,39184,-0.591,-0.018,-0.809,0.08,-0.22,-0.03,1,imu01,imu_20260817T174209Z,1671,39184123
480157671000000,39204,-0.59,-0.022,-0.802,-0.05,0.03,-0.11,1,imu01,imu_20260817T174209Z,1672,39204120
480157687000000,39224,-0.596,-0.023,-0.807,-0.03,-0.03,0.01,1,imu01,imu_20260817T174209Z,1673,39224123
480157718000000,39244,-0.596,-0.021,-0.807,0.01,0.11,0.07,1,imu01,imu_20260817T174209Z,1674,39244120
480157734000000,39264,-0.591,-0.022,-0.807,-0.09,-0.13,-0.1,1,imu01,imu_20260817T174209Z,1675,39264123
480157750000000,39284,-0.588,-0.024,-0.802,0.01,0.07,-0.03,1,imu01,imu_20260817T174209Z,1676,39284120
480157781000000,39304,-0.595,-0.02,-0.806,0.01,0.12,0.04,1,imu01,imu_20260817T174209Z,1677,39304123
480157796000000,39324,-0.593,-0.022,-0.807,-0.09,0.12,-0.1,1,imu01,imu_20260817T174209Z,1678,39324120
480157812000000,39344,-0.594,-0.019,-0.807,-0.02,0.0,0.01,1,imu01,imu_20260817T174209Z,1679,39344123
480157828000000,39364,-0.592,-0.021,-0.803,-0.02,-0.08,0.01,1,imu01,imu_20260817T174209Z,1680,39364120
480157859000000,39384,-0.59,-0.02,-0.803,0.02,0.1,0.0,1,imu01,imu_20260817T174209Z,1681,39384123
480157875000000,39404,-0.593,-0.027,-0.803,-0.02,0.06,-0.05,1,imu01,imu_20260817T174209Z,1682,39404120
480157890000000,39424,-0.594,-0.025,-0.801,-0.0,-0.01,-0.06,1,imu01,imu_20260817T174209Z,1683,39424123
480157921000000,39444,-0.59,-0.027,-0.807,-0.0,-0.03,0.06,1,imu01,imu_20260817T174209Z,1684,39444120
480157937000000,39464,-0.589,-0.019,-0.801,-0.08,0.1,-0.0,1,imu01,imu_20260817T174209Z,1685,39464123
480157953000000,39484,-0.594,-0.018,-0.811,0.03,0.06,0.02,1,imu01,imu_20260817T174209Z,1686,39484120
480157968000000,39504,-0.594,-0.022,-0.804,-0.02,-0.08,-0.05,1,imu01,imu_20260817T174209Z,1687,39504123
480158000000000,39524,-0.592,-0.02,-0.802,0.04,-0.12,0.0,1,imu01,imu_20260817T174209Z,1688,39524120
480158015000000,39544,-0.597,-0.025,-0.811,-0.01,0.0,0.03,1,imu01,imu_20260817T174209Z,1689,39544123
480158031000000,39564,-0.587,-0.024,-0.805,0.01,-0.23,0.04,1,imu01,imu_20260817T174209Z,1690,39564120
480158046000000,39584,-0.591,-0.018,-0.802,0.07,-0.11,-0.05,1,imu01,imu_20260817T174209Z,1691,39584123
480158078000000,39604,-0.59,-0.021,-0.796,0.11,-0.19,-0.16,1,imu01,imu_20260817T174209Z,1692,39604120
480158093000000,39624,-0.592,-0.022,-0.8,-0.06,-0.19,0.06,1,imu01,imu_20260817T174209Z,1693,39624123
480158109000000,39644,-0.596,-0.019,-0.805,0.03,-0.18,0.04,1,imu01,imu_20260817T174209Z,1694,39644120
480158140000000,39664,-0.594,-0.022,-0.804,0.09,-0.12,-0.12,1,imu01,imu_20260817T174209Z,1695,39664123
480158156000000,39684,-0.591,-0.023,-0.802,0.03,0.06,0.07,1,imu01,imu_20260817T174209Z,1696,39684120
480158171000000,39704,-0.592,-0.024,-0.805,0.04,-0.1,0.13,1,imu01,imu_20260817T174209Z,1697,39704123
480158187000000,39724,-0.592,-0.024,-0.8,-0.01,-0.03,-0.06,1,imu01,imu_20260817T174209Z,1698,39724120
480158218000000,39744,-0.595,-0.022,-0.803,0.01,-0.1,-0.05,1,imu01,imu_20260817T174209Z,1699,39744123
480158234000000,39764,-0.593,-0.024,-0.802,0.01,0.07,0.08,1,imu01,imu_20260817T174209Z,1700,39764120
480158250000000,39784,-0.59,-0.022,-0.808,-0.03,-0.02,-0.01,1,imu01,imu_20260817T174209Z,1701,39784123
480158281000000,39804,-0.592,-0.022,-0.804,-0.08,-0.04,-0.12,1,imu01,imu_20260817T174209Z,1702,39804120
480158296000000,39824,-0.593,-0.019,-0.812,0.02,-0.03,0.04,1,imu01,imu_20260817T174209Z,1703,39824123
480158312000000,39844,-0.592,-0.024,-0.805,-0.0,0.1,-0.05,1,imu01,imu_20260817T174209Z,1704,39844120
480158328000000,39864,-0.596,-0.02,-0.807,-0.01,-0.14,-0.03,1,imu01,imu_20260817T174209Z,1705,39864123
480158359000000,39884,-0.59,-0.017,-0.805,-0.12,-0.07,-0.01,1,imu01,imu_20260817T174209Z,1706,39884120
480158375000000,39904,-0.594,-0.026,-0.808,-0.02,0.08,0.05,1,imu01,imu_20260817T174209Z,1707,39904123
480158390000000,39924,-0.595,-0.025,-0.807,-0.06,0.08,-0.08,1,imu01,imu_20260817T174209Z,1708,39924120
480158406000000,39944,-0.591,-0.023,-0.812,0.03,0.03,0.05,1,imu01,imu_20260817T174209Z,1709,39944123
480158437000000,39964,-0.591,-0.02,-0.805,0.01,0.02,0.03,1,imu01,imu_20260817T174209Z,1710,39964120
480158453000000,39984,-0.594,-0.022,-0.806,-0.03,0.19,0.05,1,imu01,imu_20260817T174209Z,1711,39984123
480158468000000,40004,-0.597,-0.022,-0.809,-0.03,0.21,-0.01,1,imu01,imu_20260817T174209Z,1712,40004120
480158500000000,40024,-0.593,-0.024,-0.802,-0.09,0.01,-0.02,1,imu01,imu_20260817T174209Z,1713,40024123
480158515000000,40044,-0.591,-0.021,-0.805,-0.06,-0.06,-0.03,1,imu01,imu_20260817T174209Z,1714,40044120
480158531000000,40064,-0.591,-0.023,-0.804,-0.1,0.18,-0.06,1,imu01,imu_20260817T174209Z,1715,40064123
480158546000000,40084,-0.59,-0.026,-0.808,-0.02,0.11,-0.02,1,imu01,imu_20260817T174209Z,1716,40084120
480158578000000,40104,-0.59,-0.022,-0.801,-0.0,0.06,-0.05,1,imu01,imu_20260817T174209Z,1717,40104123
480158593000000,40124,-0.589,-0.022,-0.805,0.05,-0.14,-0.03,1,imu01,imu_20260817T174209Z,1718,40124120
480158609000000,40144,-0.592,-0.021,-0.813,-0.01,0.04,-0.09,1,imu01,imu_20260817T174209Z,1719,40144123
480158640000000,40164,-0.594,-0.023,-0.799,-0.0,-0.02,0.05,1,imu01,imu_20260817T174209Z,1720,40164120
480158656000000,40184,-0.59,-0.021,-0.803,-0.0,-0.13,0.07,1,imu01,imu_20260817T174209Z,1721,40184123
480158671000000,40204,-0.594,-0.024,-0.803,0.03,-0.17,-0.08,1,imu01,imu_20260817T174209Z,1722,40204120
480158687000000,40224,-0.591,-0.023,-0.802,0.04,-0.09,0.05,1,imu01,imu_20260817T174209Z,1723,40224123
480158718000000,40244,-0.587,-0.021,-0.799,0.03,-0.1,0.13,1,imu01,imu_20260817T174209Z,1724,40244120
480158734000000,40264,-0.592,-0.026,-0.804,0.04,-0.07,-0.07,1,imu01,imu_20260817T174209Z,1725,40264123
480158750000000,40284,-0.588,-0.022,-0.81,0.03,-0.09,-0.05,1,imu01,imu_20260817T174209Z,1726,40284120
480158781000000,40304,-0.592,-0.022,-0.802,0.04,-0.16,0.07,1,imu01,imu_20260817T174209Z,1727,40304123
480158796000000,40324,-0.59,-0.018,-0.807,-0.0,-0.16,0.02,1,imu01,imu_20260817T174209Z,1728,40324120
480158812000000,40344,-0.591,-0.022,-0.799,0.18,-0.21,0.0,1,imu01,imu_20260817T174209Z,1729,40344123
480158828000000,40364,-0.589,-0.024,-0.803,-0.02,-0.06,-0.0,1,imu01,imu_20260817T174209Z,1730,40364120
480158859000000,40384,-0.591,-0.022,-0.803,0.08,-0.1,0.02,1,imu01,imu_20260817T174209Z,1731,40384123
480158875000000,40404,-0.599,-0.023,-0.809,0.03,-0.14,-0.17,1,imu01,imu_20260817T174209Z,1732,40404120
480158890000000,40424,-0.591,-0.019,-0.805,0.14,-0.08,0.0,1,imu01,imu_20260817T174209Z,1733,40424123
480158906000000,40444,-0.589,-0.02,-0.806,0.07,0.1,0.1,1,imu01,imu_20260817T174209Z,1734,40444120
480158937000000,40464,-0.587,-0.022,-0.805,0.05,-0.15,-0.03,1,imu01,imu_20260817T174209Z,1735,40464123
480158953000000,40484,-0.597,-0.026,-0.805,-0.02,-0.1,-0.06,1,imu01,imu_20260817T174209Z,1736,40484120
480158968000000,40504,-0.593,-0.023,-0.805,-0.07,0.07,0.1,1,imu01,imu_20260817T174209Z,1737,40504123
480159000000000,40524,-0.594,-0.023,-0.803,-0.05,0.17,0.04,1,imu01,imu_20260817T174209Z,1738,40524120
480159015000000,40544,-0.594,-0.024,-0.807,-0.07,0.04,-0.1,1,imu01,imu_20260817T174209Z,1739,40544123
480159031000000,40564,-0.588,-0.019,-0.806,0.08,0.03,-0.03,1,imu01,imu_20260817T174209Z,1740,40564120
480159046000000,40584,-0.592,-0.023,-0.806,-0.07,0.11,0.04,1,imu01,imu_20260817T174209Z,1741,40584123
480159078000000,40604,-0.589,-0.025,-0.806,-0.03,0.13,0.0,1,imu01,imu_20260817T174209Z,1742,40604120
480159093000000,40624,-0.597,-0.02,-0.805,-0.04,0.01,-0.13,1,imu01,imu_20260817T174209Z,1743,40624123
480159109000000,40644,-0.59,-0.021,-0.811,0.02,0.07,0.04,1,imu01,imu_20260817T174209Z,1744,40644120
480159140000000,40664,-0.594,-0.02,-0.797,0.04,0.13,-0.0,1,imu01,imu_20260817T174209Z,1745,40664123
480159156000000,40684,-0.591,-0.021,-0.802,-0.02,0.14,-0.03,1,imu01,imu_20260817T174209Z,1746,40684120
480159171000000,40704,-0.59,-0.022,-0.805,0.01,-0.07,-0.02,1,imu01,imu_20260817T174209Z,1747,40704123
480159187000000,40724,-0.59,-0.022,-0.812,0.02,-0.12,-0.08,1,imu01,imu_20260817T174209Z,1748,40724120
480159218000000,40744,-0.593,-0.023,-0.802,0.01,0.03,-0.04,1,imu01,imu_20260817T174209Z,1749,40744123
480159234000000,40764,-0.594,-0.024,-0.792,0.03,-0.06,-0.03,1,imu01,imu_20260817T174209Z,1750,40764120
480159250000000,40784,-0.592,-0.027,-0.809,-0.05,-0.02,-0.0,1,imu01,imu_20260817T174209Z,1751,40784123
480159281000000,40804,-0.59,-0.028,-0.81,0.03,-0.15,0.07,1,imu01,imu_20260817T174209Z,1752,40804120
480159296000000,40824,-0.593,-0.023,-0.804,0.01,-0.11,0.05,1,imu01,imu_20260817T174209Z,1753,40824123
480159312000000,40844,-0.589,-0.029,-0.806,0.05,-0.11,0.15,1,imu01,imu_20260817T174209Z,1754,40844120
480159328000000,40864,-0.594,-0.02,-0.809,0.09,-0.07,0.05,1,imu01,imu_20260817T174209Z,1755,40864123
480159359000000,40884,-0.595,-0.022,-0.812,0.05,0.02,-0.05,1,imu01,imu_20260817T174209Z,1756,40884120
480159375000000,40904,-0.592,-0.024,-0.804,-0.04,0.02,0.06,1,imu01,imu_20260817T174209Z,1757,40904123
480159390000000,40924,-0.589,-0.025,-0.806,-0.04,-0.12,0.02,1,imu01,imu_20260817T174209Z,1758,40924120
480159406000000,40944,-0.591,-0.02,-0.805,0.06,-0.17,-0.0,1,imu01,imu_20260817T174209Z,1759,40944123
480159437000000,40964,-0.596,-0.022,-0.811,0.08,0.09,0.08,1,imu01,imu_20260817T174209Z,1760,40964120
480159453000000,40984,-0.594,-0.025,-0.801,-0.09,0.02,0.13,1,imu01,imu_20260817T174209Z,1761,40984123
480159468000000,41004,-0.595,-0.022,-0.805,-0.1,-0.03,-0.07,1,imu01,imu_20260817T174209Z,1762,41004120
480159500000000,41024,-0.589,-0.021,-0.803,-0.01,0.0,0.02,1,imu01,imu_20260817T174209Z,1763,41024123
480159515000000,41044,-0.592,-0.02,-0.808,0.01,0.11,0.13,1,imu01,imu_20260817T174209Z,1764,41044120
480159531000000,41064,-0.592,-0.025,-0.809,-0.0,-0.16,0.03,1,imu01,imu_20260817T174209Z,1765,41064123
480159546000000,41084,-0.596,-0.022,-0.803,-0.14,-0.02,-0.06,1,imu01,imu_20260817T174209Z,1766,41084120
480159578000000,41104,-0.592,-0.022,-0.8,0.14,-0.1,0.01,1,imu01,imu_20260817T174209Z,1767,41104123
480159593000000,41124,-0.594,-0.025,-0.803,0.1,-0.02,-0.04,1,imu01,imu_20260817T174209Z,1768,41124120
480159609000000,41144,-0.589,-0.022,-0.801,0.06,-0.06,-0.12,1,imu01,imu_20260817T174209Z,1769,41144123
480159640000000,41164,-0.597,-0.023,-0.803,-0.01,0.07,0.02,1,imu01,imu_20260817T174209Z,1770,41164120
480159656000000,41184,-0.586,-0.021,-0.807,0.01,0.19,0.13,1,imu01,imu_20260817T174209Z,1771,41184123
480159671000000,41204,-0.592,-0.023,-0.805,-0.06,0.14,0.06,1,imu01,imu_20260817T174209Z,1772,41204120
480159687000000,41224,-0.593,-0.019,-0.807,-0.06,0.07,-0.03,1,imu01,imu_20260817T174209Z,1773,41224123
480159718000000,41244,-0.594,-0.023,-0.812,-0.05,0.07,0.02,1,imu01,imu_20260817T174209Z,1774,41244120
480159734000000,41264,-0.59,-0.017,-0.807,-0.08,0.18,-0.05,1,imu01,imu_20260817T174209Z,1775,41264123
480159750000000,41284,-0.59,-0.019,-0.804,-0.1,0.16,-0.05,1,imu01,imu_20260817T174209Z,1776,41284120
480159781000000,41304,-0.594,-0.021,-0.8,-0.05,-0.02,-0.06,1,imu01,imu_20260817T174209Z,1777,41304123
480159796000000,41324,-0.595,-0.021,-0.808,-0.0,-0.03,0.0,1,imu01,imu_20260817T174209Z,1778,41324120
480159812000000,41344,-0.59,-0.022,-0.807,0.04,0.05,-0.11,1,imu01,imu_20260817T174209Z,1779,41344123
480159828000000,41364,-0.591,-0.02,-0.807,0.06,0.04,0.01,1,imu01,imu_20260817T174209Z,1780,41364120
480159859000000,41384,-0.591,-0.027,-0.806,0.01,-0.1,0.01,1,imu01,imu_20260817T174209Z,1781,41384123
480159875000000,41404,-0.596,-0.023,-0.801,0.07,-0.17,-0.01,1,imu01,imu_20260817T174209Z,1782,41404120
480159890000000,41424,-0.594,-0.022,-0.805,-0.06,-0.0,-0.09,1,imu01,imu_20260817T174209Z,1783,41424123
480159906000000,41444,-0.592,-0.02,-0.803,-0.12,0.11,0.02,1,imu01,imu_20260817T174209Z,1784,41444120
480159937000000,41464,-0.589,-0.023,-0.796,0.08,-0.13,0.03,1,imu01,imu_20260817T174209Z,1785,41464123
480159953000000,41484,-0.59,-0.022,-0.805,0.07,-0.21,-0.02,1,imu01,imu_20260817T174209Z,1786,41484120
480159968000000,41504,-0.587,-0.019,-0.813,-0.04,-0.03,0.07,1,imu01,imu_20260817T174209Z,1787,41504123
480160000000000,41524,-0.59,-0.024,-0.804,-0.02,-0.03,0.1,1,imu01,imu_20260817T174209Z,1788,41524120
480160015000000,41544,-0.592,-0.021,-0.812,0.1,-0.12,-0.05,1,imu01,imu_20260817T174209Z,1789,41544123
480160031000000,41564,-0.596,-0.022,-0.812,0.13,-0.13,0.0,1,imu01,imu_20260817T174209Z,1790,41564120
480160046000000,41584,-0.585,-0.022,-0.806,0.03,-0.13,0.12,1,imu01,imu_20260817T174209Z,1791,41584123
480160078000000,41604,-0.592,-0.021,-0.797,0.01,-0.06,-0.03,1,imu01,imu_20260817T174209Z,1792,41604120
480160093000000,41624,-0.591,-0.021,-0.807,0.11,-0.06,-0.05,1,imu01,imu_20260817T174209Z,1793,41624123
480160109000000,41644,-0.593,-0.023,-0.81,-0.01,0.03,-0.03,1,imu01,imu_20260817T174209Z,1794,41644120
480160140000000,41664,-0.593,-0.022,-0.805,0.04,-0.1,0.11,1,imu01,imu_20260817T174209Z,1795,41664123
480160156000000,41684,-0.589,-0.02,-0.807,-0.01,-0.04,-0.03,1,imu01,imu_20260817T174209Z,1796,41684120
480160171000000,41704,-0.595,-0.028,-0.814,0.09,-0.1,-0.03,1,imu01,imu_20260817T174209Z,1797,41704123
480160187000000,41724,-0.592,-0.025,-0.806,0.03,0.06,0.03,1,imu01,imu_20260817T174209Z,1798,41724120
480160218000000,41744,-0.594,-0.02,-0.809,0.01,-0.05,0.07,1,imu01,imu_20260817T174209Z,1799,41744123
480160234000000,41764,-0.589,-0.019,-0.807,0.09,-0.1,-0.16,1,imu01,imu_20260817T174209Z,1800,41764120
480160250000000,41784,-0.594,-0.019,-0.808,-0.08,-0.13,-0.08,1,imu01,imu_20260817T174209Z,1801,41784123
480160281000000,41804,-0.589,-0.019,-0.81,-0.02,-0.05,-0.13,1,imu01,imu_20260817T174209Z,1802,41804120
480160296000000,41824,-0.593,-0.017,-0.796,0.02,0.04,-0.03,1,imu01,imu_20260817T174209Z,1803,41824123
480160312000000,41844,-0.591,-0.023,-0.801,-0.02,-0.13,-0.09,1,imu01,imu_20260817T174209Z,1804,41844120
480160328000000,41864,-0.587,-0.026,-0.804,-0.08,-0.11,-0.09,1,imu01,imu_20260817T174209Z,1805,41864123
480160359000000,41884,-0.592,-0.022,-0.808,-0.08,0.05,-0.04,1,imu01,imu_20260817T174209Z,1806,41884120
480160375000000,41904,-0.592,-0.025,-0.807,-0.11,0.0,-0.06,1,imu01,imu_20260817T174209Z,1807,41904123
480160390000000,41924,-0.588,-0.021,-0.8,-0.06,0.1,-0.07,1,imu01,imu_20260817T174209Z,1808,41924120
480160421000000,41944,-0.59,-0.022,-0.802,-0.03,-0.01,-0.04,1,imu01,imu_20260817T174209Z,1809,41944123
480160437000000,41964,-0.593,-0.022,-0.812,-0.05,0.05,-0.05,1,imu01,imu_20260817T174209Z,1810,41964120
480160453000000,41984,-0.593,-0.019,-0.8,-0.0,-0.06,-0.02,1,imu01,imu_20260817T174209Z,1811,41984123
480160468000000,42004,-0.59,-0.021,-0.813,-0.03,-0.06,0.02,1,imu01,imu_20260817T174209Z,1812,42004120
480160500000000,42024,-0.597,-0.022,-0.807,-0.09,0.12,0.04,1,imu01,imu_20260817T174209Z,1813,42024123
480160515000000,42044,-0.592,-0.019,-0.807,-0.07,0.02,0.02,1,imu01,imu_20260817T174209Z,1814,42044120
480160531000000,42064,-0.593,-0.026,-0.81,-0.0,-0.06,0.04,1,imu01,imu_20260817T174209Z,1815,42064123
480160546000000,42084,-0.589,-0.021,-0.803,0.11,-0.15,0.01,1,imu01,imu_20260817T174209Z,1816,42084120
480160578000000,42104,-0.594,-0.023,-0.807,0.11,0.05,0.04,1,imu01,imu_20260817T174209Z,1817,42104123
480160593000000,42124,-0.594,-0.026,-0.812,0.03,-0.1,0.05,1,imu01,imu_20260817T174209Z,1818,42124120
480160609000000,42144,-0.594,-0.022,-0.811,-0.02,-0.07,-0.04,1,imu01,imu_20260817T174209Z,1819,42144123
480160640000000,42164,-0.589,-0.026,-0.803,0.08,-0.11,-0.05,1,imu01,imu_20260817T174209Z,1820,42164120
480160656000000,42184,-0.591,-0.019,-0.809,0.07,-0.05,0.01,1,imu01,imu_20260817T174209Z,1821,42184123
480160671000000,42204,-0.591,-0.022,-0.803,0.05,-0.07,0.02,1,imu01,imu_20260817T174209Z,1822,42204120
480160687000000,42224,-0.592,-0.019,-0.797,0.09,-0.13,-0.1,1,imu01,imu_20260817T174209Z,1823,42224123
480160718000000,42244,-0.59,-0.023,-0.804,0.06,0.06,-0.06,1,imu01,imu_20260817T174209Z,1824,42244120
480160734000000,42264,-0.591,-0.024,-0.803,0.06,-0.08,0.08,1,imu01,imu_20260817T174209Z,1825,42264123
480160750000000,42284,-0.586,-0.019,-0.812,-0.0,-0.05,-0.06,1,imu01,imu_20260817T174209Z,1826,42284120
480160781000000,42304,-0.59,-0.02,-0.808,0.08,-0.06,0.0,1,imu01,imu_20260817T174209Z,1827,42304123
480160796000000,42324,-0.59,-0.018,-0.807,0.04,-0.0,-0.0,1,imu01,imu_20260817T174209Z,1828,42324120
480160812000000,42344,-0.591,-0.024,-0.807,-0.01,-0.07,0.07,1,imu01,imu_20260817T174209Z,1829,42344123
480160828000000,42364,-0.589,-0.018,-0.81,-0.04,0.04,-0.0,1,imu01,imu_20260817T174209Z,1830,42364120
480160859000000,42384,-0.595,-0.022,-0.806,0.04,-0.02,0.03,1,imu01,imu_20260817T174209Z,1831,42384123
480160875000000,42404,-0.594,-0.02,-0.81,-0.02,0.2,0.07,1,imu01,imu_20260817T174209Z,1832,42404120
480160890000000,42424,-0.59,-0.022,-0.805,-0.04,-0.02,-0.07,1,imu01,imu_20260817T174209Z,1833,42424123
480160921000000,42444,-0.593,-0.024,-0.804,-0.0,-0.09,-0.0,1,imu01,imu_20260817T174209Z,1834,42444120
480160937000000,42464,-0.592,-0.023,-0.808,0.02,0.0,-0.03,1,imu01,imu_20260817T174209Z,1835,42464123
480160953000000,42484,-0.592,-0.017,-0.806,-0.02,0.05,-0.09,1,imu01,imu_20260817T174209Z,1836,42484120
480160968000000,42504,-0.592,-0.023,-0.809,-0.05,0.07,-0.04,1,imu01,imu_20260817T174209Z,1837,42504123
480161000000000,42524,-0.591,-0.02,-0.803,-0.0,-0.03,-0.07,1,imu01,imu_20260817T174209Z,1838,42524120
480161015000000,42544,-0.59,-0.021,-0.805,-0.03,0.09,-0.07,1,imu01,imu_20260817T174209Z,1839,42544123
480161031000000,42564,-0.594,-0.02,-0.809,0.05,0.04,-0.03,1,imu01,imu_20260817T174209Z,1840,42564120
480161046000000,42584,-0.592,-0.019,-0.807,-0.0,-0.06,-0.03,1,imu01,imu_20260817T174209Z,1841,42584123
480161078000000,42604,-0.589,-0.024,-0.793,0.08,-0.09,0.04,1,imu01,imu_20260817T174209Z,1842,42604120
480161093000000,42624,-0.594,-0.022,-0.802,0.02,-0.05,-0.03,1,imu01,imu_20260817T174209Z,1843,42624123
480161109000000,42644,-0.59,-0.022,-0.808,0.01,-0.03,-0.03,1,imu01,imu_20260817T174209Z,1844,42644120
480161140000000,42664,-0.595,-0.021,-0.807,0.05,-0.1,-0.03,1,imu01,imu_20260817T174209Z,1845,42664123
480161156000000,42684,-0.593,-0.023,-0.806,0.03,-0.09,0.04,1,imu01,imu_20260817T174209Z,1846,42684120
480161171000000,42704,-0.592,-0.023,-0.807,0.01,0.03,0.06,1,imu01,imu_20260817T174209Z,1847,42704123
480161187000000,42724,-0.59,-0.018,-0.81,-0.05,-0.16,0.04,1,imu01,imu_20260817T174209Z,1848,42724120
480161218000000,42744,-0.596,-0.02,-0.803,0.01,-0.1,0.0,1,imu01,imu_20260817T174209Z,1849,42744123
480161234000000,42764,-0.596,-0.022,-0.806,0.1,-0.16,-0.08,1,imu01,imu_20260817T174209Z,1850,42764120
480161250000000,42784,-0.59,-0.024,-0.802,-0.02,-0.05,0.07,1,imu01,imu_20260817T174209Z,1851,42784123
480161281000000,42804,-0.591,-0.018,-0.805,0.01,0.03,0.06,1,imu01,imu_20260817T174209Z,1852,42804120
480161296000000,42824,-0.593,-0.022,-0.807,-0.03,-0.08,-0.01,1,imu01,imu_20260817T174209Z,1853,42824123
480161312000000,42844,-0.594,-0.019,-0.807,0.07,-0.09,-0.03,1,imu01,imu_20260817T174209Z,1854,42844120
480161328000000,42864,-0.585,-0.019,-0.802,-0.0,-0.04,0.06,1,imu01,imu_20260817T174209Z,1855,42864123
480161359000000,42884,-0.596,-0.023,-0.806,-0.02,-0.23,-0.04,1,imu01,imu_20260817T174209Z,1856,42884120
480161375000000,42904,-0.59,-0.026,-0.803,0.07,-0.19,0.0,1,imu01,imu_20260817T174209Z,1857,42904123
480161390000000,42924,-0.593,-0.023,-0.807,0.05,-0.13,0.01,1,imu01,imu_20260817T174209Z,1858,42924120
480161406000000,42944,-0.593,-0.022,-0.809,-0.03,-0.24,0.05,1,imu01,imu_20260817T174209Z,1859,42944123
480161437000000,42964,-0.589,-0.019,-0.805,0.04,-0.1,-0.02,1,imu01,imu_20260817T174209Z,1860,42964120
480161453000000,42984,-0.591,-0.024,-0.806,0.06,-0.02,0.07,1,imu01,imu_20260817T174209Z,1861,42984123
480161468000000,43004,-0.592,-0.024,-0.809,0.01,0.07,0.01,1,imu01,imu_20260817T174209Z,1862,43004120
480161500000000,43024,-0.594,-0.02,-0.804,-0.06,-0.02,0.04,1,imu01,imu_20260817T174209Z,1863,43024123
480161515000000,43044,-0.59,-0.022,-0.804,-0.0,-0.04,-0.08,1,imu01,imu_20260817T174209Z,1864,43044120
480161531000000,43064,-0.593,-0.024,-0.802,-0.03,-0.03,-0.0,1,imu01,imu_20260817T174209Z,1865,43064123
480161546000000,43084,-0.592,-0.022,-0.799,-0.02,0.14,-0.02,1,imu01,imu_20260817T174209Z,1866,43084120
480161578000000,43104,-0.588,-0.021,-0.807,0.01,-0.06,-0.09,1,imu01,imu_20260817T174209Z,1867,43104123
480161593000000,43124,-0.592,-0.026,-0.801,-0.01,0.0,-0.01,1,imu01,imu_20260817T174209Z,1868,43124120
480161609000000,43144,-0.591,-0.023,-0.808,-0.12,0.16,0.07,1,imu01,imu_20260817T174209Z,1869,43144123
480161640000000,43164,-0.593,-0.019,-0.807,-0.02,0.15,-0.07,1,imu01,imu_20260817T174209Z,1870,43164120
480161656000000,43184,-0.597,-0.026,-0.81,-0.0,0.07,0.06,1,imu01,imu_20260817T174209Z,1871,43184123
480161671000000,43204,-0.59,-0.022,-0.806,-0.04,-0.07,0.01,1,imu01,imu_20260817T174209Z,1872,43204120
480161687000000,43224,-0.592,-0.024,-0.8,0.01,0.13,-0.0,1,imu01,imu_20260817T174209Z,1873,43224123
480161718000000,43244,-0.587,-0.018,-0.808,-0.02,0.06,0.0,1,imu01,imu_20260817T174209Z,1874,43244120
480161734000000,43264,-0.591,-0.025,-0.803,0.01,-0.02,-0.06,1,imu01,imu_20260817T174209Z,1875,43264123
480161750000000,43284,-0.592,-0.02,-0.797,-0.04,-0.13,-0.05,1,imu01,imu_20260817T174209Z,1876,43284120
480161781000000,43304,-0.593,-0.022,-0.804,-0.08,0.04,0.04,1,imu01,imu_20260817T174209Z,1877,43304123
480161796000000,43324,-0.589,-0.022,-0.812,-0.04,-0.02,0.04,1,imu01,imu_20260817T174209Z,1878,43324120
480161812000000,43344,-0.593,-0.03,-0.802,-0.02,-0.13,0.02,1,imu01,imu_20260817T174209Z,1879,43344123
480161828000000,43364,-0.593,-0.023,-0.808,0.08,-0.15,-0.02,1,imu01,imu_20260817T174209Z,1880,43364120
480161859000000,43384,-0.592,-0.024,-0.796,-0.02,-0.03,-0.03,1,imu01,imu_20260817T174209Z,1881,43384123
480161875000000,43404,-0.588,-0.023,-0.806,0.01,-0.16,0.01,1,imu01,imu_20260817T174209Z,1882,43404120
480161890000000,43424,-0.593,-0.026,-0.806,0.16,-0.16,-0.13,1,imu01,imu_20260817T174209Z,1883,43424123
480161906000000,43444,-0.594,-0.024,-0.806,0.03,-0.16,0.03,1,imu01,imu_20260817T174209Z,1884,43444120
480161937000000,43464,-0.594,-0.021,-0.805,0.02,-0.15,0.02,1,imu01,imu_20260817T174209Z,1885,43464123
480161953000000,43484,-0.594,-0.022,-0.8,0.04,-0.13,-0.0,1,imu01,imu_20260817T174209Z,1886,43484120
480161968000000,43504,-0.597,-0.02,-0.808,0.09,-0.23,-0.06,1,imu01,imu_20260817T174209Z,1887,43504123
480162000000000,43524,-0.592,-0.02,-0.808,0.08,-0.09,0.03,1,imu01,imu_20260817T174209Z,1888,43524120
480162015000000,43544,-0.59,-0.019,-0.804,0.08,-0.12,0.02,1,imu01,imu_20260817T174209Z,1889,43544123
480162031000000,43564,-0.598,-0.021,-0.805,-0.08,-0.08,-0.04,1,imu01,imu_20260817T174209Z,1890,43564120
480162046000000,43584,-0.592,-0.022,-0.81,0.08,-0.01,-0.06,1,imu01,imu_20260817T174209Z,1891,43584123
480162078000000,43604,-0.596,-0.026,-0.804,0.03,0.1,-0.08,1,imu01,imu_20260817T174209Z,1892,43604120
480162093000000,43624,-0.596,-0.019,-0.802,0.05,-0.1,-0.06,1,imu01,imu_20260817T174209Z,1893,43624123
480162109000000,43644,-0.593,-0.019,-0.802,-0.09,-0.14,-0.14,1,imu01,imu_20260817T174209Z,1894,43644120
480162140000000,43664,-0.589,-0.024,-0.81,0.01,-0.02,-0.01,1,imu01,imu_20260817T174209Z,1895,43664123
480162156000000,43684,-0.59,-0.024,-0.802,-0.04,0.02,-0.04,1,imu01,imu_20260817T174209Z,1896,43684120
480162171000000,43704,-0.588,-0.024,-0.811,-0.05,-0.03,-0.13,1,imu01,imu_20260817T174209Z,1897,43704123
480162187000000,43724,-0.593,-0.018,-0.805,0.02,0.0,-0.03,1,imu01,imu_20260817T174209Z,1898,43724120
480162218000000,43744,-0.59,-0.023,-0.802,-0.0,0.06,0.07,1,imu01,imu_20260817T174209Z,1899,43744123
480162234000000,43764,-0.593,-0.018,-0.805,-0.07,0.03,0.0,1,imu01,imu_20260817T174209Z,1900,43764120
480162250000000,43784,-0.594,-0.025,-0.811,-0.06,-0.04,-0.06,1,imu01,imu_20260817T174209Z,1901,43784123
480162265000000,43804,-0.593,-0.025,-0.807,-0.11,-0.05,-0.09,1,imu01,imu_20260817T174209Z,1902,43804120
480162296000000,43824,-0.592,-0.023,-0.81,-0.08,-0.15,-0.1,1,imu01,imu_20260817T174209Z,1903,43824123
480162312000000,43844,-0.595,-0.021,-0.801,-0.01,0.04,0.04,1,imu01,imu_20260817T174209Z,1904,43844120
480162328000000,43864,-0.594,-0.023,-0.811,0.01,-0.1,-0.03,1,imu01,imu_20260817T174209Z,1905,43864123
480162359000000,43884,-0.593,-0.022,-0.81,-0.04,-0.09,-0.03,1,imu01,imu_20260817T174209Z,1906,43884120
480162375000000,43904,-0.593,-0.022,-0.808,-0.06,0.02,-0.06,1,imu01,imu_20260817T174209Z,1907,43904123
480162390000000,43924,-0.592,-0.022,-0.807,-0.01,0.01,-0.0,1,imu01,imu_20260817T174209Z,1908,43924120
480162406000000,43944,-0.591,-0.016,-0.811,-0.01,-0.05,-0.03,1,imu01,imu_20260817T174209Z,1909,43944123
480162437000000,43964,-0.594,-0.024,-0.802,0.05,-0.14,0.04,1,imu01,imu_20260817T174209Z,1910,43964120
480162453000000,43984,-0.589,-0.025,-0.812,-0.04,0.06,0.04,1,imu01,imu_20260817T174209Z,1911,43984123
480162468000000,44004,-0.589,-0.018,-0.813,-0.02,-0.06,0.03,1,imu01,imu_20260817T174209Z,1912,44004120
480162500000000,44024,-0.594,-0.024,-0.805,0.01,-0.16,0.04,1,imu01,imu_20260817T174209Z,1913,44024123
480162515000000,44044,-0.594,-0.026,-0.806,0.01,-0.16,0.03,1,imu01,imu_20260817T174209Z,1914,44044120
480162531000000,44064,-0.592,-0.021,-0.807,-0.05,-0.0,0.02,1,imu01,imu_20260817T174209Z,1915,44064123
480162546000000,44084,-0.593,-0.02,-0.816,0.01,-0.07,0.08,1,imu01,imu_20260817T174209Z,1916,44084120
480162578000000,44104,-0.591,-0.021,-0.804,0.05,-0.16,0.01,1,imu01,imu_20260817T174209Z,1917,44104123
480162593000000,44124,-0.589,-0.023,-0.809,0.06,0.03,0.03,1,imu01,imu_20260817T174209Z,1918,44124120
480162609000000,44144,-0.591,-0.024,-0.807,-0.02,-0.09,0.04,1,imu01,imu_20260817T174209Z,1919,44144123
480162640000000,44164,-0.592,-0.021,-0.805,0.04,-0.13,-0.05,1,imu01,imu_20260817T174209Z,1920,44164120
480162656000000,44184,-0.594,-0.024,-0.808,0.07,-0.24,-0.14,1,imu01,imu_20260817T174209Z,1921,44184123
480162671000000,44204,-0.592,-0.025,-0.805,-0.0,-0.21,-0.05,1,imu01,imu_20260817T174209Z,1922,44204120
480162687000000,44224,-0.593,-0.024,-0.806,-0.03,-0.08,0.04,1,imu01,imu_20260817T174209Z,1923,44224123
480162718000000,44244,-0.595,-0.019,-0.813,0.05,0.07,-0.0,1,imu01,imu_20260817T174209Z,1924,44244120
480162734000000,44264,-0.588,-0.021,-0.805,0.05,0.01,0.01,1,imu01,imu_20260817T174209Z,1925,44264123
480162750000000,44284,-0.589,-0.021,-0.805,0.04,0.08,0.02,1,imu01,imu_20260817T174209Z,1926,44284120
480162765000000,44304,-0.593,-0.023,-0.809,-0.0,0.04,-0.12,1,imu01,imu_20260817T174209Z,1927,44304123
480162796000000,44324,-0.595,-0.021,-0.81,-0.01,0.06,-0.03,1,imu01,imu_20260817T174209Z,1928,44324120
480162812000000,44344,-0.595,-0.026,-0.806,-0.04,0.1,0.13,1,imu01,imu_20260817T174209Z,1929,44344123
480162828000000,44364,-0.591,-0.022,-0.804,-0.01,0.29,0.04,1,imu01,imu_20260817T174209Z,1930,44364120
480162859000000,44384,-0.595,-0.024,-0.804,-0.03,0.03,0.01,1,imu01,imu_20260817T174209Z,1931,44384123
480162875000000,44404,-0.59,-0.023,-0.799,-0.05,-0.06,-0.03,1,imu01,imu_20260817T174209Z,1932,44404120
480162890000000,44424,-0.596,-0.02,-0.807,-0.06,0.05,0.03,1,imu01,imu_20260817T174209Z,1933,44424123
480162906000000,44444,-0.589,-0.023,-0.81,-0.1,0.11,-0.01,1,imu01,imu_20260817T174209Z,1934,44444120
480162937000000,44464,-0.597,-0.023,-0.806,-0.08,-0.0,0.01,1,imu01,imu_20260817T174209Z,1935,44464123
480162953000000,44484,-0.593,-0.023,-0.812,-0.03,-0.13,-0.03,1,imu01,imu_20260817T174209Z,1936,44484120
480162968000000,44504,-0.59,-0.022,-0.806,-0.06,0.03,-0.06,1,imu01,imu_20260817T174209Z,1937,44504123
480163000000000,44524,-0.591,-0.022,-0.807,-0.08,0.08,-0.03,1,imu01,imu_20260817T174209Z,1938,44524120
480163015000000,44544,-0.589,-0.018,-0.8,-0.05,-0.01,-0.0,1,imu01,imu_20260817T174209Z,1939,44544123
480163031000000,44564,-0.59,-0.024,-0.812,0.03,-0.08,-0.04,1,imu01,imu_20260817T174209Z,1940,44564120
480163046000000,44584,-0.588,-0.026,-0.804,-0.02,-0.02,0.03,1,imu01,imu_20260817T174209Z,1941,44584123
480163078000000,44604,-0.591,-0.026,-0.801,-0.02,-0.01,0.04,1,imu01,imu_20260817T174209Z,1942,44604120
480163093000000,44624,-0.592,-0.024,-0.805,-0.05,-0.03,0.03,1,imu01,imu_20260817T174209Z,1943,44624123
480163109000000,44644,-0.588,-0.021,-0.802,0.07,-0.19,-0.11,1,imu01,imu_20260817T174209Z,1944,44644120
480163140000000,44664,-0.592,-0.022,-0.801,-0.02,-0.03,0.03,1,imu01,imu_20260817T174209Z,1945,44664123
480163156000000,44684,-0.592,-0.027,-0.801,-0.0,-0.06,0.09,1,imu01,imu_20260817T174209Z,1946,44684120
480163171000000,44704,-0.589,-0.022,-0.799,0.07,-0.19,0.03,1,imu01,imu_20260817T174209Z,1947,44704123
480163187000000,44724,-0.595,-0.025,-0.806,0.17,-0.15,-0.05,1,imu01,imu_20260817T174209Z,1948,44724120
480163218000000,44744,-0.593,-0.019,-0.799,0.01,-0.04,0.07,1,imu01,imu_20260817T174209Z,1949,44744123
480163234000000,44764,-0.593,-0.023,-0.805,0.02,-0.09,0.06,1,imu01,imu_20260817T174209Z,1950,44764120
480163250000000,44784,-0.593,-0.022,-0.808,0.11,-0.05,0.04,1,imu01,imu_20260817T174209Z,1951,44784123
480163281000000,44804,-0.592,-0.022,-0.805,0.08,0.02,-0.08,1,imu01,imu_20260817T174209Z,1952,44804120
480163296000000,44824,-0.598,-0.022,-0.81,0.05,-0.1,0.01,1,imu01,imu_20260817T174209Z,1953,44824123
480163312000000,44844,-0.589,-0.016,-0.807,-0.06,-0.04,-0.03,1,imu01,imu_20260817T174209Z,1954,44844120
480163328000000,44864,-0.591,-0.02,-0.809,0.02,-0.14,-0.12,1,imu01,imu_20260817T174209Z,1955,44864123
480163359000000,44884,-0.595,-0.021,-0.814,-0.02,-0.05,-0.07,1,imu01,imu_20260817T174209Z,1956,44884120
480163375000000,44904,-0.59,-0.022,-0.806,-0.06,-0.09,-0.05,1,imu01,imu_20260817T174209Z,1957,44904123
480163390000000,44924,-0.588,-0.022,-0.807,0.03,-0.03,-0.03,1,imu01,imu_20260817T174209Z,1958,44924120
480163406000000,44944,-0.591,-0.022,-0.798,0.03,0.0,0.02,1,imu01,imu_20260817T174209Z,1959,44944123
480163437000000,44964,-0.598,-0.021,-0.807,0.01,0.11,0.05,1,imu01,imu_20260817T174209Z,1960,44964120
480163453000000,44984,-0.593,-0.025,-0.805,-0.02,-0.06,-0.06,1,imu01,imu_20260817T174209Z,1961,44984123
480163468000000,45004,-0.593,-0.02,-0.799,-0.08,-0.05,-0.08,1,imu01,imu_20260817T174209Z,1962,45004120
480163500000000,45024,-0.597,-0.024,-0.8,-0.05,0.03,0.02,1,imu01,imu_20260817T174209Z,1963,45024123
480163515000000,45044,-0.586,-0.021,-0.803,-0.05,0.07,0.01,1,imu01,imu_20260817T174209Z,1964,45044120
480163531000000,45064,-0.594,-0.022,-0.807,-0.03,-0.02,-0.06,1,imu01,imu_20260817T174209Z,1965,45064123
480163546000000,45084,-0.596,-0.023,-0.806,-0.08,-0.06,-0.07,1,imu01,imu_20260817T174209Z,1966,45084120
480163578000000,45104,-0.593,-0.017,-0.809,-0.01,0.04,-0.06,1,imu01,imu_20260817T174209Z,1967,45104123
480163593000000,45124,-0.589,-0.02,-0.805,-0.03,0.05,0.06,1,imu01,imu_20260817T174209Z,1968,45124120
480163609000000,45144,-0.593,-0.026,-0.814,-0.06,-0.08,0.04,1,imu01,imu_20260817T174209Z,1969,45144123
480163640000000,45164,-0.589,-0.026,-0.804,0.01,-0.08,-0.08,1,imu01,imu_20260817T174209Z,1970,45164120
480163656000000,45184,-0.59,-0.021,-0.8,-0.04,-0.01,-0.05,1,imu01,imu_20260817T174209Z,1971,45184123
480163671000000,45204,-0.589,-0.021,-0.812,-0.05,0.03,-0.01,1,imu01,imu_20260817T174209Z,1972,45204120
480163687000000,45224,-0.591,-0.019,-0.81,-0.06,-0.01,-0.01,1,imu01,imu_20260817T174209Z,1973,45224123
480163718000000,45244,-0.594,-0.021,-0.805,-0.02,-0.09,-0.01,1,imu01,imu_20260817T174209Z,1974,45244120
480163734000000,45264,-0.59,-0.021,-0.807,-0.05,0.04,-0.02,1,imu01,imu_20260817T174209Z,1975,45264123
480163750000000,45284,-0.591,-0.02,-0.804,-0.05,-0.03,-0.03,1,imu01,imu_20260817T174209Z,1976,45284120
480163781000000,45304,-0.592,-0.025,-0.803,0.02,-0.14,-0.03,1,imu01,imu_20260817T174209Z,1977,45304123
480163796000000,45324,-0.59,-0.025,-0.806,0.08,-0.3,-0.02,1,imu01,imu_20260817T174209Z,1978,45324120
480163812000000,45344,-0.592,-0.019,-0.81,0.05,-0.19,-0.02,1,imu01,imu_20260817T174209Z,1979,45344123
480163828000000,45364,-0.589,-0.021,-0.804,0.07,-0.16,0.0,1,imu01,imu_20260817T174209Z,1980,45364120
480163859000000,45384,-0.593,-0.024,-0.807,0.1,-0.14,-0.03,1,imu01,imu_20260817T174209Z,1981,45384123
480163875000000,45404,-0.592,-0.025,-0.802,0.01,-0.18,-0.02,1,imu01,imu_20260817T174209Z,1982,45404120
480163890000000,45424,-0.592,-0.024,-0.803,-0.01,-0.13,0.06,1,imu01,imu_20260817T174209Z,1983,45424123
480163906000000,45444,-0.596,-0.02,-0.806,-0.02,-0.18,-0.02,1,imu01,imu_20260817T174209Z,1984,45444120
480163937000000,45464,-0.596,-0.022,-0.805,0.08,-0.13,0.01,1,imu01,imu_20260817T174209Z,1985,45464123
480163953000000,45484,-0.593,-0.023,-0.802,0.02,0.04,0.0,1,imu01,imu_20260817T174209Z,1986,45484120
480163968000000,45504,-0.59,-0.024,-0.808,0.01,-0.09,-0.0,1,imu01,imu_20260817T174209Z,1987,45504123
480164000000000,45524,-0.588,-0.018,-0.802,-0.0,0.05,-0.01,1,imu01,imu_20260817T174209Z,1988,45524120
480164015000000,45544,-0.591,-0.028,-0.806,0.05,-0.01,-0.03,1,imu01,imu_20260817T174209Z,1989,45544123
480164031000000,45564,-0.592,-0.021,-0.813,0.04,-0.05,0.0,1,imu01,imu_20260817T174209Z,1990,45564120
480164046000000,45584,-0.59,-0.021,-0.804,-0.03,-0.03,-0.06,1,imu01,imu_20260817T174209Z,1991,45584123
480164078000000,45604,-0.594,-0.021,-0.802,-0.07,-0.1,-0.13,1,imu01,imu_20260817T174209Z,1992,45604120
480164093000000,45624,-0.589,-0.019,-0.796,-0.08,-0.0,0.0,1,imu01,imu_20260817T174209Z,1993,45624123
480164109000000,45644,-0.594,-0.022,-0.801,-0.07,0.16,-0.06,1,imu01,imu_20260817T174209Z,1994,45644120
480164140000000,45664,-0.591,-0.022,-0.802,-0.05,0.06,0.0,1,imu01,imu_20260817T174209Z,1995,45664123
480164156000000,45684,-0.591,-0.021,-0.801,-0.05,-0.09,-0.1,1,imu01,imu_20260817T174209Z,1996,45684120
480164171000000,45704,-0.593,-0.023,-0.805,-0.05,-0.06,-0.07,1,imu01,imu_20260817T174209Z,1997,45704123
480164187000000,45724,-0.592,-0.022,-0.798,-0.0,0.1,-0.06,1,imu01,imu_20260817T174209Z,1998,45724120
480164218000000,45744,-0.594,-0.022,-0.807,0.03,0.06,-0.03,1,imu01,imu_20260817T174209Z,1999,45744123
480164234000000,45764,-0.59,-0.025,-0.809,0.07,0.05,-0.03,1,imu01,imu_20260817T174209Z,2000,45764120
480164250000000,45784,-0.59,-0.022,-0.81,-0.04,0.04,-0.03,1,imu01,imu_20260817T174209Z,2001,45784123
480164281000000,45804,-0.599,-0.02,-0.811,-0.01,0.04,0.01,1,imu01,imu_20260817T174209Z,2002,45804120
480164296000000,45824,-0.594,-0.025,-0.799,-0.03,-0.03,0.07,1,imu01,imu_20260817T174209Z,2003,45824123
480164312000000,45844,-0.592,-0.02,-0.807,0.01,-0.07,0.01,1,imu01,imu_20260817T174209Z,2004,45844120
480164328000000,45864,-0.588,-0.023,-0.805,-0.08,0.12,0.04,1,imu01,imu_20260817T174209Z,2005,45864123
480164359000000,45884,-0.595,-0.023,-0.806,-0.05,0.09,0.08,1,imu01,imu_20260817T174209Z,2006,45884120
480164375000000,45904,-0.59,-0.021,-0.809,-0.1,-0.0,-0.01,1,imu01,imu_20260817T174209Z,2007,45904123
480164390000000,45924,-0.587,-0.022,-0.808,0.03,-0.12,0.04,1,imu01,imu_20260817T174209Z,2008,45924120
480164406000000,45944,-0.587,-0.018,-0.806,0.01,-0.1,0.04,1,imu01,imu_20260817T174209Z,2009,45944123
480164437000000,45964,-0.588,-0.018,-0.802,-0.06,-0.03,0.03,1,imu01,imu_20260817T174209Z,2010,45964120
480164453000000,45984,-0.59,-0.023,-0.806,0.08,-0.11,0.1,1,imu01,imu_20260817T174209Z,2011,45984123
480164468000000,46004,-0.591,-0.019,-0.804,0.04,-0.13,0.04,1,imu01,imu_20260817T174209Z,2012,46004120
480164500000000,46024,-0.588,-0.018,-0.8,0.1,-0.1,0.05,1,imu01,imu_20260817T174209Z,2013,46024123
480164515000000,46044,-0.596,-0.026,-0.804,-0.01,-0.15,0.04,1,imu01,imu_20260817T174209Z,2014,46044120
480164531000000,46064,-0.598,-0.023,-0.805,0.08,-0.15,0.02,1,imu01,imu_20260817T174209Z,2015,46064123
480164546000000,46084,-0.599,-0.024,-0.805,0.1,-0.01,0.02,1,imu01,imu_20260817T174209Z,2016,46084120
480164578000000,46104,-0.588,-0.027,-0.801,0.03,-0.03,0.09,1,imu01,imu_20260817T174209Z,2017,46104123
480164593000000,46124,-0.588,-0.022,-0.806,-0.04,-0.09,0.0,1,imu01,imu_20260817T174209Z,2018,46124120
480164609000000,46144,-0.59,-0.026,-0.805,0.07,-0.13,0.0,1,imu01,imu_20260817T174209Z,2019,46144123
480164640000000,46164,-0.59,-0.02,-0.81,0.14,0.02,0.05,1,imu01,imu_20260817T174209Z,2020,46164120
480164656000000,46184,-0.595,-0.021,-0.81,0.01,-0.0,0.03,1,imu01,imu_20260817T174209Z,2021,46184123
480164671000000,46204,-0.588,-0.017,-0.797,0.09,-0.35,-0.07,1,imu01,imu_20260817T174209Z,2022,46204120
480164687000000,46224,-0.593,-0.024,-0.805,0.03,-0.2,-0.07,1,imu01,imu_20260817T174209Z,2023,46224123
480164718000000,46244,-0.595,-0.025,-0.81,-0.01,-0.27,-0.03,1,imu01,imu_20260817T174209Z,2024,46244120
480164734000000,46264,-0.591,-0.019,-0.792,-0.01,-0.09,-0.02,1,imu01,imu_20260817T174209Z,2025,46264123
480164750000000,46284,-0.596,-0.015,-0.811,-0.05,0.07,0.0,1,imu01,imu_20260817T174209Z,2026,46284120
480164781000000,46304,-0.597,-0.016,-0.809,-0.08,0.1,-0.03,1,imu01,imu_20260817T174209Z,2027,46304123
480164796000000,46324,-0.591,-0.026,-0.801,0.01,0.09,-0.03,1,imu01,imu_20260817T174209Z,2028,46324120
480164812000000,46344,-0.588,-0.017,-0.806,-0.03,0.13,-0.01,1,imu01,imu_20260817T174209Z,2029,46344123
480164828000000,46364,-0.589,-0.02,-0.807,0.02,0.04,0.03,1,imu01,imu_20260817T174209Z,2030,46364120
480164859000000,46384,-0.587,-0.018,-0.802,-0.01,0.04,0.02,1,imu01,imu_20260817T174209Z,2031,46384123
480164875000000,46404,-0.591,-0.017,-0.807,-0.07,0.17,0.03,1,imu01,imu_20260817T174209Z,2032,46404120
480164890000000,46424,-0.582,-0.037,-0.803,-0.03,0.06,-0.06,1,imu01,imu_20260817T174209Z,2033,46424123
480164906000000,46444,-0.594,-0.021,-0.808,-0.08,-0.1,-0.01,1,imu01,imu_20260817T174209Z,2034,46444120
480164937000000,46464,-0.6,-0.022,-0.805,-0.05,-0.09,-0.0,1,imu01,imu_20260817T174209Z,2035,46464123
480164953000000,46484,-0.589,-0.02,-0.812,-0.04,-0.06,0.03,1,imu01,imu_20260817T174209Z,2036,46484120
480164968000000,46504,-0.596,-0.029,-0.81,0.01,-0.12,-0.07,1,imu01,imu_20260817T174209Z,2037,46504123
480165000000000,46524,-0.594,-0.031,-0.804,0.04,-0.01,-0.03,1,imu01,imu_20260817T174209Z,2038,46524120
480165015000000,46544,-0.591,-0.01,-0.802,-0.1,0.11,-0.05,1,imu01,imu_20260817T174209Z,2039,46544123
480165031000000,46564,-0.595,-0.019,-0.803,-0.11,0.07,-0.05,1,imu01,imu_20260817T174209Z,2040,46564120
480165046000000,46584,-0.59,-0.029,-0.806,-0.0,0.04,-0.0,1,imu01,imu_20260817T174209Z,2041,46584123
480165078000000,46604,-0.59,-0.015,-0.804,0.14,-0.31,0.05,1,imu01,imu_20260817T174209Z,2042,46604120
480165093000000,46624,-0.588,-0.014,-0.806,0.06,-0.15,0.02,1,imu01,imu_20260817T174209Z,2043,46624123
480165109000000,46644,-0.587,-0.025,-0.819,0.03,-0.1,0.0,1,imu01,imu_20260817T174209Z,2044,46644120
480165140000000,46664,-0.592,-0.019,-0.807,0.08,-0.2,-0.02,1,imu01,imu_20260817T174209Z,2045,46664123
480165156000000,46684,-0.591,-0.011,-0.809,0.06,-0.06,-0.11,1,imu01,imu_20260817T174209Z,2046,46684120
480165171000000,46704,-0.591,-0.026,-0.8,0.06,-0.1,-0.06,1,imu01,imu_20260817T174209Z,2047,46704123
480165187000000,46724,-0.591,-0.031,-0.81,-0.04,-0.06,0.0,1,imu01,imu_20260817T174209Z,2048,46724120
480165218000000,46744,-0.601,-0.02,-0.807,0.03,-0.16,-0.0,1,imu01,imu_20260817T174209Z,2049,46744123
480165234000000,46764,-0.588,-0.041,-0.806,0.01,-0.03,-0.03,1,imu01,imu_20260817T174209Z,2050,46764120
480165250000000,46784,-0.591,-0.023,-0.799,0.02,-0.06,-0.02,1,imu01,imu_20260817T174209Z,2051,46784123
480165281000000,46804,-0.585,-0.021,-0.805,-0.02,-0.11,0.0,1,imu01,imu_20260817T174209Z,2052,46804120
480165296000000,46824,-0.597,-0.019,-0.803,-0.04,-0.11,-0.04,1,imu01,imu_20260817T174209Z,2053,46824123
480165312000000,46844,-0.595,-0.023,-0.802,0.07,0.06,0.06,1,imu01,imu_20260817T174209Z,2054,46844120
480165328000000,46864,-0.592,-0.022,-0.814,0.04,-0.01,0.04,1,imu01,imu_20260817T174209Z,2055,46864123
480165359000000,46884,-0.595,-0.034,-0.806,-0.07,-0.1,-0.13,1,imu01,imu_20260817T174209Z,2056,46884120
480165375000000,46904,-0.589,-0.025,-0.808,-0.15,-0.07,-0.06,1,imu01,imu_20260817T174209Z,2057,46904123
480165390000000,46924,-0.593,-0.024,-0.807,-0.05,-0.07,-0.09,1,imu01,imu_20260817T174209Z,2058,46924120
480165406000000,46944,-0.591,-0.02,-0.808,-0.1,-0.05,0.03,1,imu01,imu_20260817T174209Z,2059,46944123
480165437000000,46964,-0.583,-0.025,-0.808,-0.03,0.03,-0.03,1,imu01,imu_20260817T174209Z,2060,46964120
480165453000000,46984,-0.594,-0.025,-0.806,0.04,-0.01,-0.07,1,imu01,imu_20260817T174209Z,2061,46984123
480165468000000,47004,-0.586,-0.02,-0.812,-0.03,-0.0,-0.0,1,imu01,imu_20260817T174209Z,2062,47004120
480165500000000,47024,-0.603,-0.021,-0.79,-0.07,0.04,-0.01,1,imu01,imu_20260817T174209Z,2063,47024123
480165515000000,47044,-0.607,-0.024,-0.813,-0.06,-0.16,-0.01,1,imu01,imu_20260817T174209Z,2064,47044120
480165531000000,47064,-0.592,-0.01,-0.802,-0.09,-0.02,-0.18,1,imu01,imu_20260817T174209Z,2065,47064123
480165546000000,47084,-0.596,-0.024,-0.807,-0.01,-0.03,-0.08,1,imu01,imu_20260817T174209Z,2066,47084120
480165578000000,47104,-0.607,-0.024,-0.811,0.06,-0.03,-0.03,1,imu01,imu_20260817T174209Z,2067,47104123
480165593000000,47124,-0.598,-0.027,-0.796,0.01,0.1,0.0,1,imu01,imu_20260817T174209Z,2068,47124120
480165609000000,47144,-0.587,-0.027,-0.81,-0.07,0.06,-0.06,1,imu01,imu_20260817T174209Z,2069,47144123
480165640000000,47164,-0.592,-0.015,-0.798,-0.02,0.04,-0.09,1,imu01,imu_20260817T174209Z,2070,47164120
480165656000000,47184,-0.597,-0.024,-0.802,0.02,0.04,-0.14,1,imu01,imu_20260817T174209Z,2071,47184123
480165671000000,47204,-0.583,-0.02,-0.799,-0.0,-0.04,-0.01,1,imu01,imu_20260817T174209Z,2072,47204120
480165687000000,47224,-0.598,-0.024,-0.805,-0.01,0.01,-0.04,1,imu01,imu_20260817T174209Z,2073,47224123
480165718000000,47244,-0.601,-0.019,-0.793,-0.1,0.0,-0.06,1,imu01,imu_20260817T174209Z,2074,47244120
480165734000000,47264,-0.589,-0.023,-0.812,0.03,0.02,0.06,1,imu01,imu_20260817T174209Z,2075,47264123
480165750000000,47284,-0.615,-0.024,-0.817,0.03,-0.06,0.07,1,imu01,imu_20260817T174209Z,2076,47284120
480165781000000,47304,-0.576,-0.013,-0.807,0.05,-0.06,-0.08,1,imu01,imu_20260817T174209Z,2077,47304123
480165796000000,47324,-0.594,-0.019,-0.798,0.03,0.0,-0.09,1,imu01,imu_20260817T174209Z,2078,47324120
480165812000000,47344,-0.597,-0.02,-0.823,0.05,-0.11,-0.03,1,imu01,imu_20260817T174209Z,2079,47344123
480165828000000,47364,-0.587,-0.029,-0.808,0.08,-0.1,-0.02,1,imu01,imu_20260817T174209Z,2080,47364120
480165859000000,47384,-0.592,-0.029,-0.8,0.12,-0.12,-0.06,1,imu01,imu_20260817T174209Z,2081,47384123
480165875000000,47404,-0.591,-0.023,-0.795,0.06,-0.04,0.05,1,imu01,imu_20260817T174209Z,2082,47404120
480165890000000,47424,-0.609,-0.034,-0.795,-0.02,-0.12,0.04,1,imu01,imu_20260817T174209Z,2083,47424123
480165906000000,47444,-0.6,-0.009,-0.795,0.08,-0.18,-0.07,1,imu01,imu_20260817T174209Z,2084,47444120
480165937000000,47464,-0.574,-0.034,-0.799,-0.01,-0.06,-0.08,1,imu01,imu_20260817T174209Z,2085,47464123
480165953000000,47484,-0.593,-0.018,-0.811,0.05,-0.06,-0.01,1,imu01,imu_20260817T174209Z,2086,47484120
480165968000000,47504,-0.585,-0.01,-0.805,-0.05,-0.07,-0.0,1,imu01,imu_20260817T174209Z,2087,47504123
480166000000000,47524,-0.59,-0.02,-0.807,0.01,0.03,0.02,1,imu01,imu_20260817T174209Z,2088,47524120
480166015000000,47544,-0.601,-0.037,-0.803,0.02,0.13,0.06,1,imu01,imu_20260817T174209Z,2089,47544123
480166031000000,47564,-0.595,-0.028,-0.801,0.04,-0.11,-0.03,1,imu01,imu_20260817T174209Z,2090,47564120
480166046000000,47584,-0.602,-0.037,-0.797,-0.05,-0.13,-0.06,1,imu01,imu_20260817T174209Z,2091,47584123
480166078000000,47604,-0.597,-0.022,-0.806,-0.04,0.0,0.03,1,imu01,imu_20260817T174209Z,2092,47604120
480166093000000,47624,-0.593,-0.023,-0.791,-0.06,0.06,-0.02,1,imu01,imu_20260817T174209Z,2093,47624123
480166109000000,47644,-0.58,-0.02,-0.812,-0.1,-0.13,-0.08,1,imu01,imu_20260817T174209Z,2094,47644120
480166140000000,47664,-0.594,-0.015,-0.81,0.01,-0.07,-0.07,1,imu01,imu_20260817T174209Z,2095,47664123
480166156000000,47684,-0.588,-0.018,-0.807,-0.01,-0.01,-0.08,1,imu01,imu_20260817T174209Z,2096,47684120
480166171000000,47704,-0.591,-0.032,-0.797,-0.02,0.08,-0.04,1,imu01,imu_20260817T174209Z,2097,47704123
480166187000000,47724,-0.596,-0.028,-0.814,0.02,0.01,-0.06,1,imu01,imu_20260817T174209Z,2098,47724120
480166218000000,47744,-0.591,-0.024,-0.812,-0.05,-0.12,0.0,1,imu01,imu_20260817T174209Z,2099,47744123
480166234000000,47764,-0.601,-0.021,-0.797,0.05,0.03,-0.07,1,imu01,imu_20260817T174209Z,2100,47764120
480166250000000,47784,-0.598,-0.03,-0.8,0.03,-0.0,0.02,1,imu01,imu_20260817T174209Z,2101,47784123
480166281000000,47804,-0.599,-0.029,-0.793,-0.0,0.01,-0.04,1,imu01,imu_20260817T174209Z,2102,47804120
480166296000000,47824,-0.582,-0.02,-0.797,0.01,-0.06,-0.07,1,imu01,imu_20260817T174209Z,2103,47824123
480166312000000,47844,-0.594,-0.024,-0.8,-0.08,0.14,0.03,1,imu01,imu_20260817T174209Z,2104,47844120
480166328000000,47864,-0.593,-0.019,-0.791,-0.05,0.06,0.13,1,imu01,imu_20260817T174209Z,2105,47864123
480166359000000,47884,-0.606,-0.019,-0.805,-0.05,-0.1,0.03,1,imu01,imu_20260817T174209Z,2106,47884120
480166375000000,47904,-0.596,-0.021,-0.789,-0.0,-0.1,0.01,1,imu01,imu_20260817T174209Z,2107,47904123
480166390000000,47924,-0.594,-0.027,-0.81,-0.08,0.03,-0.03,1,imu01,imu_20260817T174209Z,2108,47924120
480166406000000,47944,-0.592,-0.024,-0.801,-0.05,-0.03,0.01,1,imu01,imu_20260817T174209Z,2109,47944123
480166437000000,47964,-0.593,-0.013,-0.794,0.11,-0.06,0.16,1,imu01,imu_20260817T174209Z,2110,47964120
480166453000000,47984,-0.594,-0.023,-0.809,0.09,-0.08,-0.0,1,imu01,imu_20260817T174209Z,2111,47984123
480166468000000,48004,-0.59,-0.031,-0.79,0.05,-0.06,0.01,1,imu01,imu_20260817T174209Z,2112,48004120
480166500000000,48024,-0.593,-0.026,-0.795,0.02,-0.16,0.14,1,imu01,imu_20260817T174209Z,2113,48024123
480166515000000,48044,-0.587,-0.017,-0.814,0.07,-0.08,0.0,1,imu01,imu_20260817T174209Z,2114,48044120
480166531000000,48064,-0.598,-0.021,-0.811,-0.02,-0.1,-0.0,1,imu01,imu_20260817T174209Z,2115,48064123
480166546000000,48084,-0.597,-0.026,-0.811,-0.02,-0.06,0.07,1,imu01,imu_20260817T174209Z,2116,48084120
480166578000000,48104,-0.595,-0.027,-0.801,-0.04,-0.06,-0.06,1,imu01,imu_20260817T174209Z,2117,48104123
480166593000000,48124,-0.605,-0.017,-0.808,0.06,-0.11,-0.16,1,imu01,imu_20260817T174209Z,2118,48124120
480166609000000,48144,-0.58,-0.039,-0.803,0.11,0.12,0.1,1,imu01,imu_20260817T174209Z,2119,48144123
480166640000000,48164,-0.588,-0.019,-0.807,0.02,-0.02,0.02,1,imu01,imu_20260817T174209Z,2120,48164120
480166656000000,48184,-0.599,-0.032,-0.806,-0.02,-0.16,-0.18,1,imu01,imu_20260817T174209Z,2121,48184123
480166671000000,48204,-0.597,-0.028,-0.811,-0.05,-0.06,0.06,1,imu01,imu_20260817T174209Z,2122,48204120
480166687000000,48224,-0.597,-0.022,-0.814,0.02,0.09,-0.05,1,imu01,imu_20260817T174209Z,2123,48224123
480166718000000,48244,-0.588,-0.022,-0.808,-0.08,-0.14,-0.09,1,imu01,imu_20260817T174209Z,2124,48244120
480166734000000,48264,-0.581,-0.021,-0.803,-0.02,-0.15,-0.14,1,imu01,imu_20260817T174209Z,2125,48264123
480166750000000,48284,-0.583,-0.019,-0.805,-0.03,-0.06,-0.07,1,imu01,imu_20260817T174209Z,2126,48284120
480166781000000,48304,-0.591,-0.018,-0.806,-0.05,0.03,-0.04,1,imu01,imu_20260817T174209Z,2127,48304123
480166796000000,48324,-0.589,-0.023,-0.786,0.01,-0.04,-0.04,1,imu01,imu_20260817T174209Z,2128,48324120
480166812000000,48344,-0.588,-0.03,-0.798,-0.01,-0.1,-0.09,1,imu01,imu_20260817T174209Z,2129,48344123
480166828000000,48364,-0.589,-0.023,-0.803,-0.11,0.06,-0.04,1,imu01,imu_20260817T174209Z,2130,48364120
480166859000000,48384,-0.595,-0.022,-0.801,-0.06,0.05,0.0,1,imu01,imu_20260817T174209Z,2131,48384123
480166875000000,48404,-0.582,-0.031,-0.797,-0.02,-0.03,-0.03,1,imu01,imu_20260817T174209Z,2132,48404120
480166890000000,48424,-0.585,-0.03,-0.791,-0.04,-0.1,0.06,1,imu01,imu_20260817T174209Z,2133,48424123
480166906000000,48444,-0.586,-0.021,-0.796,-0.09,0.13,-0.03,1,imu01,imu_20260817T174209Z,2134,48444120
480166937000000,48464,-0.59,-0.021,-0.803,0.01,0.06,0.02,1,imu01,imu_20260817T174209Z,2135,48464123
480166953000000,48484,-0.598,-0.017,-0.807,-0.02,-0.13,0.05,1,imu01,imu_20260817T174209Z,2136,48484120
480166968000000,48504,-0.595,-0.023,-0.808,0.06,-0.07,-0.02,1,imu01,imu_20260817T174209Z,2137,48504123
480167000000000,48524,-0.591,-0.019,-0.809,-0.05,0.06,-0.09,1,imu01,imu_20260817T174209Z,2138,48524120
480167015000000,48544,-0.591,-0.022,-0.803,-0.03,-0.1,0.12,1,imu01,imu_20260817T174209Z,2139,48544123
480167031000000,48564,-0.591,-0.025,-0.803,0.07,-0.14,-0.09,1,imu01,imu_20260817T174209Z,2140,48564120
480167046000000,48584,-0.591,-0.021,-0.8,0.14,-0.16,-0.06,1,imu01,imu_20260817T174209Z,2141,48584123
480167078000000,48604,-0.587,-0.021,-0.812,0.04,-0.13,-0.04,1,imu01,imu_20260817T174209Z,2142,48604120
480167093000000,48624,-0.606,-0.019,-0.807,0.01,-0.19,-0.05,1,imu01,imu_20260817T174209Z,2143,48624123
480167109000000,48644,-0.583,-0.023,-0.803,0.06,-0.06,0.1,1,imu01,imu_20260817T174209Z,2144,48644120
480167140000000,48664,-0.589,-0.019,-0.799,0.05,-0.08,-0.0,1,imu01,imu_20260817T174209Z,2145,48664123
480167156000000,48684,-0.59,-0.027,-0.804,-0.05,-0.06,0.1,1,imu01,imu_20260817T174209Z,2146,48684120
480167171000000,48704,-0.598,-0.021,-0.809,0.05,-0.1,-0.1,1,imu01,imu_20260817T174209Z,2147,48704123
480167187000000,48724,-0.588,-0.024,-0.816,0.1,-0.17,-0.15,1,imu01,imu_20260817T174209Z,2148,48724120
480167218000000,48744,-0.6,-0.022,-0.803,0.03,-0.08,0.07,1,imu01,imu_20260817T174209Z,2149,48744123
480167234000000,48764,-0.599,-0.018,-0.801,0.01,-0.1,-0.01,1,imu01,imu_20260817T174209Z,2150,48764120
480167250000000,48784,-0.592,-0.025,-0.806,-0.04,-0.23,-0.13,1,imu01,imu_20260817T174209Z,2151,48784123
480167281000000,48804,-0.589,-0.017,-0.802,0.08,-0.06,0.08,1,imu01,imu_20260817T174209Z,2152,48804120
480167296000000,48824,-0.596,-0.02,-0.8,-0.05,-0.07,-0.08,1,imu01,imu_20260817T174209Z,2153,48824123
480167312000000,48844,-0.594,-0.022,-0.809,-0.02,-0.17,-0.12,1,imu01,imu_20260817T174209Z,2154,48844120
480167328000000,48864,-0.594,-0.02,-0.801,-0.02,-0.12,-0.07,1,imu01,imu_20260817T174209Z,2155,48864123
480167359000000,48884,-0.591,-0.024,-0.803,0.01,-0.07,-0.03,1,imu01,imu_20260817T174209Z,2156,48884120
480167375000000,48904,-0.588,-0.019,-0.808,-0.08,0.04,-0.17,1,imu01,imu_20260817T174209Z,2157,48904123
480167390000000,48924,-0.588,-0.023,-0.806,-0.02,-0.1,-0.1,1,imu01,imu_20260817T174209Z,2158,48924120
480167406000000,48944,-0.592,-0.025,-0.805,-0.05,0.01,-0.06,1,imu01,imu_20260817T174209Z,2159,48944123
480167437000000,48964,-0.594,-0.026,-0.809,-0.05,0.03,-0.06,1,imu01,imu_20260817T174209Z,2160,48964120
480167453000000,48984,-0.59,-0.025,-0.802,-0.08,0.06,-0.06,1,imu01,imu_20260817T174209Z,2161,48984123
480167468000000,49004,-0.592,-0.025,-0.808,-0.04,-0.0,0.1,1,imu01,imu_20260817T174209Z,2162,49004120
480167500000000,49024,-0.592,-0.018,-0.802,-0.02,-0.05,-0.01,1,imu01,imu_20260817T174209Z,2163,49024123
480167515000000,49044,-0.592,-0.023,-0.807,0.01,0.1,0.03,1,imu01,imu_20260817T174209Z,2164,49044120
480167531000000,49064,-0.588,-0.023,-0.8,-0.03,0.06,-0.09,1,imu01,imu_20260817T174209Z,2165,49064123
480167546000000,49084,-0.592,-0.02,-0.805,0.03,-0.01,0.0,1,imu01,imu_20260817T174209Z,2166,49084120
480167578000000,49104,-0.595,-0.02,-0.806,0.11,-0.08,0.04,1,imu01,imu_20260817T174209Z,2167,49104123
480167593000000,49124,-0.594,-0.022,-0.801,-0.1,0.1,-0.03,1,imu01,imu_20260817T174209Z,2168,49124120
480167609000000,49144,-0.59,-0.022,-0.81,-0.06,0.07,0.01,1,imu01,imu_20260817T174209Z,2169,49144123
480167640000000,49164,-0.592,-0.017,-0.812,0.06,-0.1,-0.01,1,imu01,imu_20260817T174209Z,2170,49164120
480167656000000,49184,-0.591,-0.026,-0.798,0.12,-0.12,-0.03,1,imu01,imu_20260817T174209Z,2171,49184123
480167671000000,49204,-0.595,-0.018,-0.806,-0.06,0.06,0.02,1,imu01,imu_20260817T174209Z,2172,49204120
480167687000000,49224,-0.595,-0.022,-0.811,-0.0,-0.13,0.09,1,imu01,imu_20260817T174209Z,2173,49224123
480167718000000,49244,-0.594,-0.017,-0.797,0.03,-0.11,-0.0,1,imu01,imu_20260817T174209Z,2174,49244120
480167734000000,49264,-0.59,-0.021,-0.796,0.13,-0.09,-0.03,1,imu01,imu_20260817T174209Z,2175,49264123
480167750000000,49284,-0.592,-0.027,-0.801,0.05,-0.14,0.02,1,imu01,imu_20260817T174209Z,2176,49284120
480167765000000,49304,-0.588,-0.023,-0.801,0.04,-0.07,0.0,1,imu01,imu_20260817T174209Z,2177,49304123
480167796000000,49324,-0.589,-0.02,-0.801,0.05,-0.14,-0.03,1,imu01,imu_20260817T174209Z,2178,49324120
480167812000000,49344,-0.588,-0.02,-0.804,0.12,-0.18,0.07,1,imu01,imu_20260817T174209Z,2179,49344123
480167828000000,49364,-0.592,-0.025,-0.808,0.01,-0.2,-0.12,1,imu01,imu_20260817T174209Z,2180,49364120
480167859000000,49384,-0.591,-0.02,-0.807,0.02,-0.13,0.04,1,imu01,imu_20260817T174209Z,2181,49384123
480167875000000,49404,-0.592,-0.02,-0.805,0.08,-0.16,0.01,1,imu01,imu_20260817T174209Z,2182,49404120
480167890000000,49424,-0.597,-0.017,-0.806,0.13,-0.16,-0.05,1,imu01,imu_20260817T174209Z,2183,49424123
480167906000000,49444,-0.593,-0.023,-0.802,-0.04,-0.12,-0.02,1,imu01,imu_20260817T174209Z,2184,49444120
480167937000000,49464,-0.591,-0.023,-0.808,0.02,-0.03,0.08,1,imu01,imu_20260817T174209Z,2185,49464123
480167953000000,49484,-0.593,-0.024,-0.811,-0.02,0.1,0.0,1,imu01,imu_20260817T174209Z,2186,49484120
480167968000000,49504,-0.59,-0.022,-0.804,-0.02,-0.03,-0.03,1,imu01,imu_20260817T174209Z,2187,49504123
480168000000000,49524,-0.593,-0.022,-0.809,-0.08,-0.03,-0.09,1,imu01,imu_20260817T174209Z,2188,49524120
480168015000000,49544,-0.594,-0.021,-0.808,-0.09,0.06,-0.0,1,imu01,imu_20260817T174209Z,2189,49544123
480168031000000,49564,-0.591,-0.018,-0.811,-0.07,0.16,0.03,1,imu01,imu_20260817T174209Z,2190,49564120
480168046000000,49584,-0.593,-0.022,-0.815,-0.05,-0.07,-0.1,1,imu01,imu_20260817T174209Z,2191,49584123
480168078000000,49604,-0.588,-0.022,-0.809,0.01,-0.01,0.02,1,imu01,imu_20260817T174209Z,2192,49604120
480168093000000,49624,-0.59,-0.022,-0.81,-0.03,0.1,-0.03,1,imu01,imu_20260817T174209Z,2193,49624123
480168109000000,49644,-0.589,-0.024,-0.805,-0.08,0.22,0.03,1,imu01,imu_20260817T174209Z,2194,49644120
480168140000000,49664,-0.59,-0.027,-0.805,-0.01,0.05,-0.03,1,imu01,imu_20260817T174209Z,2195,49664123
480168156000000,49684,-0.596,-0.024,-0.807,-0.06,-0.03,-0.09,1,imu01,imu_20260817T174209Z,2196,49684120
480168171000000,49704,-0.594,-0.022,-0.81,-0.1,0.1,-0.02,1,imu01,imu_20260817T174209Z,2197,49704123
480168187000000,49724,-0.593,-0.026,-0.801,-0.05,0.1,-0.01,1,imu01,imu_20260817T174209Z,2198,49724120
480168218000000,49744,-0.589,-0.025,-0.804,-0.06,-0.04,-0.04,1,imu01,imu_20260817T174209Z,2199,49744123
480168234000000,49764,-0.592,-0.023,-0.804,0.01,-0.11,-0.05,1,imu01,imu_20260817T174209Z,2200,49764120
480168250000000,49784,-0.589,-0.022,-0.806,-0.08,0.08,-0.04,1,imu01,imu_20260817T174209Z,2201,49784123
480168281000000,49804,-0.59,-0.018,-0.804,-0.02,-0.03,0.09,1,imu01,imu_20260817T174209Z,2202,49804120
480168296000000,49824,-0.59,-0.02,-0.803,0.03,-0.11,-0.06,1,imu01,imu_20260817T174209Z,2203,49824123
480168312000000,49844,-0.592,-0.022,-0.803,0.11,-0.14,-0.15,1,imu01,imu_20260817T174209Z,2204,49844120
480168328000000,49864,-0.593,-0.023,-0.806,-0.02,-0.07,0.11,1,imu01,imu_20260817T174209Z,2205,49864123
480168359000000,49884,-0.59,-0.025,-0.806,0.05,-0.1,0.14,1,imu01,imu_20260817T174209Z,2206,49884120
480168375000000,49904,-0.592,-0.022,-0.807,0.11,-0.18,0.05,1,imu01,imu_20260817T174209Z,2207,49904123
480168390000000,49924,-0.59,-0.02,-0.811,0.04,-0.12,0.03,1,imu01,imu_20260817T174209Z,2208,49924120
480168406000000,49944,-0.593,-0.024,-0.799,-0.0,-0.08,0.05,1,imu01,imu_20260817T174209Z,2209,49944123
480168437000000,49964,-0.593,-0.022,-0.805,-0.05,-0.11,-0.05,1,imu01,imu_20260817T174209Z,2210,49964120
480168453000000,49984,-0.589,-0.024,-0.804,0.08,-0.16,-0.13,1,imu01,imu_20260817T174209Z,2211,49984123
480168468000000,50004,-0.593,-0.016,-0.815,-0.08,-0.02,0.0,1,imu01,imu_20260817T174209Z,2212,50004120
480168500000000,50024,-0.588,-0.024,-0.801,-0.05,-0.13,0.04,1,imu01,imu_20260817T174209Z,2213,50024123
480168515000000,50044,-0.589,-0.023,-0.803,-0.07,-0.13,-0.06,1,imu01,imu_20260817T174209Z,2214,50044120
480168531000000,50064,-0.594,-0.022,-0.808,-0.01,-0.1,0.18,1,imu01,imu_20260817T174209Z,2215,50064123
480168546000000,50084,-0.593,-0.022,-0.813,-0.08,0.1,0.06,1,imu01,imu_20260817T174209Z,2216,50084120
480168578000000,50104,-0.591,-0.021,-0.809,-0.0,-0.15,-0.08,1,imu01,imu_20260817T174209Z,2217,50104123
480168593000000,50124,-0.593,-0.025,-0.8,0.01,0.01,0.04,1,imu01,imu_20260817T174209Z,2218,50124120
480168609000000,50144,-0.595,-0.024,-0.805,-0.04,-0.0,0.07,1,imu01,imu_20260817T174209Z,2219,50144123
480168640000000,50164,-0.593,-0.026,-0.802,0.04,0.06,-0.01,1,imu01,imu_20260817T174209Z,2220,50164120
480168656000000,50184,-0.596,-0.021,-0.808,0.04,-0.1,-0.15,1,imu01,imu_20260817T174209Z,2221,50184123
480168671000000,50204,-0.591,-0.022,-0.803,0.05,0.06,-0.0,1,imu01,imu_20260817T174209Z,2222,50204120
480168687000000,50224,-0.588,-0.02,-0.801,-0.01,0.12,0.08,1,imu01,imu_20260817T174209Z,2223,50224123
480168718000000,50244,-0.59,-0.024,-0.799,0.03,0.04,-0.07,1,imu01,imu_20260817T174209Z,2224,50244120
480168734000000,50264,-0.594,-0.023,-0.812,0.05,-0.06,-0.01,1,imu01,imu_20260817T174209Z,2225,50264123
480168750000000,50284,-0.591,-0.019,-0.804,0.14,-0.37,-0.08,1,imu01,imu_20260817T174209Z,2226,50284120
480168781000000,50304,-0.586,-0.021,-0.799,-0.02,0.1,-0.09,1,imu01,imu_20260817T174209Z,2227,50304123
480168796000000,50324,-0.592,-0.022,-0.812,-0.05,0.09,0.07,1,imu01,imu_20260817T174209Z,2228,50324120
480168812000000,50344,-0.59,-0.019,-0.806,-0.02,-0.07,-0.02,1,imu01,imu_20260817T174209Z,2229,50344123
480168828000000,50364,-0.593,-0.02,-0.806,-0.07,0.06,-0.0,1,imu01,imu_20260817T174209Z,2230,50364120
480168859000000,50384,-0.591,-0.021,-0.803,-0.05,0.14,-0.05,1,imu01,imu_20260817T174209Z,2231,50384123
480168875000000,50404,-0.59,-0.021,-0.802,-0.0,0.06,0.07,1,imu01,imu_20260817T174209Z,2232,50404120
480168890000000,50424,-0.592,-0.023,-0.809,-0.0,0.01,-0.01,1,imu01,imu_20260817T174209Z,2233,50424123
480168906000000,50444,-0.589,-0.023,-0.803,0.05,-0.15,-0.0,1,imu01,imu_20260817T174209Z,2234,50444120
480168937000000,50464,-0.594,-0.021,-0.808,-0.1,0.11,-0.0,1,imu01,imu_20260817T174209Z,2235,50464123
480168953000000,50484,-0.589,-0.016,-0.802,-0.01,-0.05,0.06,1,imu01,imu_20260817T174209Z,2236,50484120
480168968000000,50504,-0.592,-0.019,-0.814,0.05,-0.13,0.0,1,imu01,imu_20260817T174209Z,2237,50504123
480169000000000,50524,-0.589,-0.021,-0.799,0.08,-0.08,-0.02,1,imu01,imu_20260817T174209Z,2238,50524120
480169015000000,50544,-0.595,-0.022,-0.804,-0.02,-0.04,0.08,1,imu01,imu_20260817T174209Z,2239,50544123
480169031000000,50564,-0.597,-0.024,-0.807,-0.07,-0.13,0.02,1,imu01,imu_20260817T174209Z,2240,50564120
480169046000000,50584,-0.593,-0.025,-0.797,0.02,-0.16,0.0,1,imu01,imu_20260817T174209Z,2241,50584123
480169078000000,50604,-0.592,-0.024,-0.799,0.08,-0.06,-0.06,1,imu01,imu_20260817T174209Z,2242,50604120
480169093000000,50624,-0.592,-0.02,-0.8,0.09,-0.21,0.08,1,imu01,imu_20260817T174209Z,2243,50624123
480169109000000,50644,-0.599,-0.022,-0.804,0.03,-0.17,-0.12,1,imu01,imu_20260817T174209Z,2244,50644120
480169140000000,50664,-0.592,-0.021,-0.804,0.15,-0.06,-0.02,1,imu01,imu_20260817T174209Z,2245,50664123
480169156000000,50684,-0.594,-0.025,-0.806,0.1,0.06,0.12,1,imu01,imu_20260817T174209Z,2246,50684120
480169171000000,50704,-0.59,-0.022,-0.807,0.04,-0.04,-0.02,1,imu01,imu_20260817T174209Z,2247,50704123
480169187000000,50724,-0.587,-0.02,-0.806,-0.08,-0.11,-0.12,1,imu01,imu_20260817T174209Z,2248,50724120
480169218000000,50744,-0.587,-0.022,-0.803,-0.08,-0.13,-0.0,1,imu01,imu_20260817T174209Z,2249,50744123
480169234000000,50764,-0.597,-0.024,-0.801,-0.08,0.13,0.06,1,imu01,imu_20260817T174209Z,2250,50764120
480169250000000,50784,-0.595,-0.022,-0.803,0.08,-0.17,0.05,1,imu01,imu_20260817T174209Z,2251,50784123
480169281000000,50804,-0.591,-0.023,-0.8,-0.06,0.05,-0.12,1,imu01,imu_20260817T174209Z,2252,50804120
480169296000000,50824,-0.594,-0.022,-0.807,-0.04,0.1,0.09,1,imu01,imu_20260817T174209Z,2253,50824123
480169312000000,50844,-0.592,-0.022,-0.808,-0.07,0.06,-0.08,1,imu01,imu_20260817T174209Z,2254,50844120
480169328000000,50864,-0.592,-0.02,-0.81,-0.08,0.1,-0.02,1,imu01,imu_20260817T174209Z,2255,50864123
480169359000000,50884,-0.592,-0.025,-0.806,-0.11,0.03,-0.03,1,imu01,imu_20260817T174209Z,2256,50884120
480169375000000,50904,-0.593,-0.023,-0.805,-0.11,0.13,-0.01,1,imu01,imu_20260817T174209Z,2257,50904123
480169390000000,50924,-0.59,-0.019,-0.809,-0.05,0.07,-0.03,1,imu01,imu_20260817T174209Z,2258,50924120
480169406000000,50944,-0.596,-0.023,-0.807,-0.01,-0.0,-0.08,1,imu01,imu_20260817T174209Z,2259,50944123
480169437000000,50964,-0.594,-0.022,-0.799,0.05,-0.13,0.0,1,imu01,imu_20260817T174209Z,2260,50964120
480169453000000,50984,-0.588,-0.022,-0.799,0.01,0.06,-0.03,1,imu01,imu_20260817T174209Z,2261,50984123
480169468000000,51004,-0.593,-0.021,-0.806,0.06,0.08,-0.13,1,imu01,imu_20260817T174209Z,2262,51004120
480169500000000,51024,-0.592,-0.021,-0.811,0.03,-0.08,0.04,1,imu01,imu_20260817T174209Z,2263,51024123
480169515000000,51044,-0.589,-0.022,-0.805,-0.02,-0.05,0.03,1,imu01,imu_20260817T174209Z,2264,51044120
480169531000000,51064,-0.59,-0.019,-0.805,-0.05,0.11,-0.1,1,imu01,imu_20260817T174209Z,2265,51064123
480169546000000,51084,-0.593,-0.024,-0.81,-0.01,0.0,0.04,1,imu01,imu_20260817T174209Z,2266,51084120
480169578000000,51104,-0.589,-0.025,-0.804,-0.04,-0.03,0.0,1,imu01,imu_20260817T174209Z,2267,51104123
480169593000000,51124,-0.589,-0.023,-0.798,0.1,-0.15,-0.09,1,imu01,imu_20260817T174209Z,2268,51124120
480169609000000,51144,-0.589,-0.02,-0.798,-0.08,0.01,0.07,1,imu01,imu_20260817T174209Z,2269,51144123
480169640000000,51164,-0.592,-0.02,-0.815,0.01,-0.11,0.06,1,imu01,imu_20260817T174209Z,2270,51164120
480169656000000,51184,-0.596,-0.023,-0.809,0.08,-0.19,-0.16,1,imu01,imu_20260817T174209Z,2271,51184123
480169671000000,51204,-0.592,-0.02,-0.805,0.05,-0.02,-0.0,1,imu01,imu_20260817T174209Z,2272,51204120
480169687000000,51224,-0.591,-0.018,-0.802,-0.03,-0.06,0.13,1,imu01,imu_20260817T174209Z,2273,51224123
480169718000000,51244,-0.592,-0.022,-0.817,0.03,-0.08,0.06,1,imu01,imu_20260817T174209Z,2274,51244120
480169734000000,51264,-0.592,-0.025,-0.805,0.08,-0.23,-0.08,1,imu01,imu_20260817T174209Z,2275,51264123
480169750000000,51284,-0.591,-0.022,-0.806,-0.04,-0.12,-0.05,1,imu01,imu_20260817T174209Z,2276,51284120
480169765000000,51304,-0.592,-0.021,-0.8,0.12,-0.15,0.04,1,imu01,imu_20260817T174209Z,2277,51304123
480169796000000,51324,-0.596,-0.019,-0.805,0.01,-0.03,-0.12,1,imu01,imu_20260817T174209Z,2278,51324120
480169812000000,51344,-0.596,-0.021,-0.805,0.08,-0.02,0.06,1,imu01,imu_20260817T174209Z,2279,51344123
480169828000000,51364,-0.59,-0.022,-0.801,0.08,0.13,0.13,1,imu01,imu_20260817T174209Z,2280,51364120
480169859000000,51384,-0.593,-0.024,-0.807,-0.02,-0.1,-0.07,1,imu01,imu_20260817T174209Z,2281,51384123
480169875000000,51404,-0.588,-0.022,-0.805,0.07,0.04,0.12,1,imu01,imu_20260817T174209Z,2282,51404120
480169890000000,51424,-0.59,-0.023,-0.801,0.04,-0.01,0.12,1,imu01,imu_20260817T174209Z,2283,51424123
480169906000000,51444,-0.594,-0.022,-0.811,-0.02,0.09,-0.06,1,imu01,imu_20260817T174209Z,2284,51444120
480169937000000,51464,-0.591,-0.021,-0.804,-0.09,0.06,0.03,1,imu01,imu_20260817T174209Z,2285,51464123
480169953000000,51484,-0.594,-0.02,-0.81,0.06,-0.05,-0.01,1,imu01,imu_20260817T174209Z,2286,51484120
480169968000000,51504,-0.592,-0.022,-0.797,-0.0,0.12,0.01,1,imu01,imu_20260817T174209Z,2287,51504123
480170000000000,51524,-0.594,-0.02,-0.808,-0.12,0.16,-0.07,1,imu01,imu_20260817T174209Z,2288,51524120
480170015000000,51544,-0.597,-0.023,-0.802,-0.02,0.02,0.07,1,imu01,imu_20260817T174209Z,2289,51544123
480170031000000,51564,-0.593,-0.024,-0.809,-0.03,-0.06,0.07,1,imu01,imu_20260817T174209Z,2290,51564120
480170046000000,51584,-0.591,-0.021,-0.804,-0.05,0.09,-0.05,1,imu01,imu_20260817T174209Z,2291,51584123
480170078000000,51604,-0.592,-0.022,-0.805,-0.07,0.12,-0.0,1,imu01,imu_20260817T174209Z,2292,51604120
480170093000000,51624,-0.593,-0.024,-0.804,-0.11,-0.09,-0.03,1,imu01,imu_20260817T174209Z,2293,51624123
480170109000000,51644,-0.593,-0.022,-0.799,0.02,-0.03,-0.0,1,imu01,imu_20260817T174209Z,2294,51644120
480170140000000,51664,-0.594,-0.022,-0.811,0.01,0.06,0.05,1,imu01,imu_20260817T174209Z,2295,51664123
480170156000000,51684,-0.596,-0.019,-0.81,0.05,-0.1,-0.08,1,imu01,imu_20260817T174209Z,2296,51684120
480170171000000,51704,-0.594,-0.02,-0.804,0.08,-0.06,-0.02,1,imu01,imu_20260817T174209Z,2297,51704123
480170187000000,51724,-0.594,-0.02,-0.809,0.1,-0.15,-0.06,1,imu01,imu_20260817T174209Z,2298,51724120
480170218000000,51744,-0.592,-0.017,-0.803,-0.02,0.09,0.04,1,imu01,imu_20260817T174209Z,2299,51744123
480170234000000,51764,-0.591,-0.018,-0.802,-0.02,-0.03,0.1,1,imu01,imu_20260817T174209Z,2300,51764120
480170250000000,51784,-0.595,-0.02,-0.807,0.1,-0.06,0.0,1,imu01,imu_20260817T174209Z,2301,51784123
480170265000000,51804,-0.593,-0.026,-0.804,0.16,-0.16,-0.15,1,imu01,imu_20260817T174209Z,2302,51804120
480170296000000,51824,-0.594,-0.019,-0.809,-0.03,0.09,0.07,1,imu01,imu_20260817T174209Z,2303,51824123
480170312000000,51844,-0.591,-0.019,-0.81,-0.04,-0.16,0.02,1,imu01,imu_20260817T174209Z,2304,51844120
480170328000000,51864,-0.593,-0.022,-0.798,0.08,-0.1,-0.0,1,imu01,imu_20260817T174209Z,2305,51864123
480170359000000,51884,-0.591,-0.022,-0.807,0.03,-0.0,0.04,1,imu01,imu_20260817T174209Z,2306,51884120
480170375000000,51904,-0.594,-0.021,-0.8,-0.0,-0.06,0.1,1,imu01,imu_20260817T174209Z,2307,51904123
480170390000000,51924,-0.587,-0.02,-0.807,0.05,-0.13,-0.08,1,imu01,imu_20260817T174209Z,2308,51924120
480170406000000,51944,-0.59,-0.021,-0.809,0.02,-0.09,0.1,1,imu01,imu_20260817T174209Z,2309,51944123
480170437000000,51964,-0.592,-0.023,-0.809,-0.0,-0.0,0.02,1,imu01,imu_20260817T174209Z,2310,51964120
480170453000000,51984,-0.59,-0.021,-0.806,-0.07,-0.09,0.02,1,imu01,imu_20260817T174209Z,2311,51984123
480170468000000,52004,-0.591,-0.024,-0.802,-0.05,-0.03,0.01,1,imu01,imu_20260817T174209Z,2312,52004120
480170500000000,52024,-0.591,-0.026,-0.805,0.05,0.01,0.02,1,imu01,imu_20260817T174209Z,2313,52024123
480170515000000,52044,-0.591,-0.023,-0.801,-0.01,0.04,0.1,1,imu01,imu_20260817T174209Z,2314,52044120
480170531000000,52064,-0.588,-0.02,-0.802,-0.13,-0.1,-0.1,1,imu01,imu_20260817T174209Z,2315,52064123
480170546000000,52084,-0.592,-0.02,-0.805,-0.05,0.08,0.02,1,imu01,imu_20260817T174209Z,2316,52084120
480170578000000,52104,-0.589,-0.018,-0.809,0.08,0.09,0.1,1,imu01,imu_20260817T174209Z,2317,52104123
480170593000000,52124,-0.588,-0.022,-0.808,-0.07,0.16,-0.03,1,imu01,imu_20260817T174209Z,2318,52124120
480170609000000,52144,-0.592,-0.023,-0.798,-0.04,-0.13,-0.09,1,imu01,imu_20260817T174209Z,2319,52144123
480170640000000,52164,-0.592,-0.023,-0.809,-0.06,0.05,0.04,1,imu01,imu_20260817T174209Z,2320,52164120
480170656000000,52184,-0.589,-0.021,-0.802,-0.0,0.19,-0.0,1,imu01,imu_20260817T174209Z,2321,52184123
480170671000000,52204,-0.594,-0.022,-0.8,0.05,0.13,-0.06,1,imu01,imu_20260817T174209Z,2322,52204120
480170687000000,52224,-0.59,-0.022,-0.802,-0.05,-0.05,0.04,1,imu01,imu_20260817T174209Z,2323,52224123
480170718000000,52244,-0.59,-0.025,-0.807,0.07,0.01,-0.07,1,imu01,imu_20260817T174209Z,2324,52244120
480170734000000,52264,-0.593,-0.021,-0.811,-0.07,0.07,-0.0,1,imu01,imu_20260817T174209Z,2325,52264123
480170750000000,52284,-0.593,-0.022,-0.811,0.03,0.03,-0.02,1,imu01,imu_20260817T174209Z,2326,52284120
480170781000000,52304,-0.592,-0.019,-0.808,-0.05,-0.06,0.03,1,imu01,imu_20260817T174209Z,2327,52304123
480170796000000,52324,-0.588,-0.026,-0.805,0.05,-0.19,0.04,1,imu01,imu_20260817T174209Z,2328,52324120
480170812000000,52344,-0.595,-0.02,-0.805,0.04,0.07,0.04,1,imu01,imu_20260817T174209Z,2329,52344123
480170828000000,52364,-0.591,-0.023,-0.811,0.01,-0.1,0.01,1,imu01,imu_20260817T174209Z,2330,52364120
480170859000000,52384,-0.59,-0.019,-0.803,0.08,-0.06,-0.16,1,imu01,imu_20260817T174209Z,2331,52384123
480170875000000,52404,-0.589,-0.021,-0.802,0.15,-0.21,-0.08,1,imu01,imu_20260817T174209Z,2332,52404120
480170890000000,52424,-0.592,-0.022,-0.809,0.1,-0.1,0.07,1,imu01,imu_20260817T174209Z,2333,52424123
480170906000000,52444,-0.592,-0.022,-0.806,0.03,-0.05,0.08,1,imu01,imu_20260817T174209Z,2334,52444120
480170937000000,52464,-0.595,-0.02,-0.81,0.09,-0.16,-0.03,1,imu01,imu_20260817T174209Z,2335,52464123
480170953000000,52484,-0.589,-0.021,-0.807,0.11,-0.12,0.0,1,imu01,imu_20260817T174209Z,2336,52484120
480170968000000,52504,-0.59,-0.022,-0.814,-0.02,-0.06,-0.0,1,imu01,imu_20260817T174209Z,2337,52504123
480171000000000,52524,-0.599,-0.019,-0.805,-0.04,-0.21,-0.03,1,imu01,imu_20260817T174209Z,2338,52524120
480171015000000,52544,-0.589,-0.018,-0.804,0.13,-0.17,-0.09,1,imu01,imu_20260817T174209Z,2339,52544123
480171031000000,52564,-0.592,-0.021,-0.804,0.07,-0.11,0.06,1,imu01,imu_20260817T174209Z,2340,52564120
480171046000000,52584,-0.594,-0.022,-0.809,0.01,-0.16,0.13,1,imu01,imu_20260817T174209Z,2341,52584123
480171078000000,52604,-0.591,-0.019,-0.809,0.07,-0.16,-0.06,1,imu01,imu_20260817T174209Z,2342,52604120
480171093000000,52624,-0.589,-0.023,-0.799,0.09,-0.15,-0.01,1,imu01,imu_20260817T174209Z,2343,52624123
480171109000000,52644,-0.592,-0.021,-0.806,0.06,0.02,0.13,1,imu01,imu_20260817T174209Z,2344,52644120
480171140000000,52664,-0.596,-0.022,-0.807,-0.02,-0.06,-0.0,1,imu01,imu_20260817T174209Z,2345,52664123
480171156000000,52684,-0.589,-0.023,-0.804,-0.04,-0.15,-0.06,1,imu01,imu_20260817T174209Z,2346,52684120
480171171000000,52704,-0.594,-0.023,-0.805,-0.01,0.01,0.04,1,imu01,imu_20260817T174209Z,2347,52704123
480171187000000,52724,-0.592,-0.02,-0.807,-0.04,0.18,0.04,1,imu01,imu_20260817T174209Z,2348,52724120
480171218000000,52744,-0.594,-0.019,-0.798,-0.01,-0.07,-0.13,1,imu01,imu_20260817T174209Z,2349,52744123
480171234000000,52764,-0.59,-0.024,-0.805,-0.06,0.03,-0.01,1,imu01,imu_20260817T174209Z,2350,52764120
480171250000000,52784,-0.591,-0.021,-0.802,-0.05,0.13,0.02,1,imu01,imu_20260817T174209Z,2351,52784123
480171265000000,52804,-0.59,-0.025,-0.809,0.01,0.15,-0.0,1,imu01,imu_20260817T174209Z,2352,52804120
480171296000000,52824,-0.592,-0.02,-0.804,-0.06,-0.13,-0.08,1,imu01,imu_20260817T174209Z,2353,52824123
480171312000000,52844,-0.592,-0.019,-0.811,-0.02,-0.06,0.0,1,imu01,imu_20260817T174209Z,2354,52844120
480171328000000,52864,-0.592,-0.021,-0.803,-0.03,0.11,-0.02,1,imu01,imu_20260817T174209Z,2355,52864123
480171359000000,52884,-0.595,-0.021,-0.803,-0.02,0.1,-0.03,1,imu01,imu_20260817T174209Z,2356,52884120
480171375000000,52904,-0.592,-0.022,-0.807,0.01,-0.16,0.01,1,imu01,imu_20260817T174209Z,2357,52904123
480171390000000,52924,-0.592,-0.022,-0.803,-0.02,-0.02,0.0,1,imu01,imu_20260817T174209Z,2358,52924120
480171406000000,52944,-0.592,-0.025,-0.81,-0.03,0.06,-0.07,1,imu01,imu_20260817T174209Z,2359,52944123
480171437000000,52964,-0.593,-0.023,-0.811,-0.04,-0.03,-0.06,1,imu01,imu_20260817T174209Z,2360,52964120
480171453000000,52984,-0.596,-0.023,-0.807,0.01,-0.02,-0.0,1,imu01,imu_20260817T174209Z,2361,52984123
480171468000000,53004,-0.589,-0.022,-0.809,0.07,-0.19,-0.08,1,imu01,imu_20260817T174209Z,2362,53004120
480171500000000,53024,-0.592,-0.023,-0.809,0.01,-0.15,0.0,1,imu01,imu_20260817T174209Z,2363,53024123
480171515000000,53044,-0.593,-0.022,-0.803,-0.07,-0.11,0.07,1,imu01,imu_20260817T174209Z,2364,53044120
480171531000000,53064,-0.59,-0.023,-0.805,0.01,-0.06,-0.02,1,imu01,imu_20260817T174209Z,2365,53064123
480171546000000,53084,-0.589,-0.022,-0.8,0.13,-0.16,-0.07,1,imu01,imu_20260817T174209Z,2366,53084120
480171578000000,53104,-0.593,-0.026,-0.811,0.05,-0.01,0.13,1,imu01,imu_20260817T174209Z,2367,53104123
480171593000000,53124,-0.589,-0.022,-0.805,0.11,-0.28,0.02,1,imu01,imu_20260817T174209Z,2368,53124120
480171609000000,53144,-0.59,-0.022,-0.804,0.11,-0.23,-0.08,1,imu01,imu_20260817T174209Z,2369,53144123
480171640000000,53164,-0.588,-0.018,-0.809,0.08,-0.16,0.07,1,imu01,imu_20260817T174209Z,2370,53164120
480171656000000,53184,-0.593,-0.024,-0.81,0.06,-0.18,0.07,1,imu01,imu_20260817T174209Z,2371,53184123
480171671000000,53204,-0.593,-0.02,-0.814,-0.08,0.01,0.04,1,imu01,imu_20260817T174209Z,2372,53204120
480171687000000,53224,-0.596,-0.022,-0.807,-0.0,0.0,-0.13,1,imu01,imu_20260817T174209Z,2373,53224123
480171718000000,53244,-0.589,-0.022,-0.806,-0.03,0.03,0.04,1,imu01,imu_20260817T174209Z,2374,53244120
480171734000000,53264,-0.595,-0.023,-0.797,-0.0,-0.03,0.01,1,imu01,imu_20260817T174209Z,2375,53264123
480171750000000,53284,-0.589,-0.023,-0.796,-0.02,-0.27,-0.19,1,imu01,imu_20260817T174209Z,2376,53284120
480171781000000,53304,-0.592,-0.02,-0.806,-0.02,-0.11,-0.0,1,imu01,imu_20260817T174209Z,2377,53304123
480171796000000,53324,-0.596,-0.024,-0.812,-0.02,0.07,0.04,1,imu01,imu_20260817T174209Z,2378,53324120
480171812000000,53344,-0.592,-0.028,-0.802,-0.07,0.1,-0.02,1,imu01,imu_20260817T174209Z,2379,53344123
480171828000000,53364,-0.597,-0.022,-0.806,-0.09,0.03,-0.03,1,imu01,imu_20260817T174209Z,2380,53364120
480171859000000,53384,-0.589,-0.018,-0.809,-0.07,0.07,0.07,1,imu01,imu_20260817T174209Z,2381,53384123
480171875000000,53404,-0.59,-0.021,-0.801,-0.05,0.19,-0.07,1,imu01,imu_20260817T174209Z,2382,53404120
480171890000000,53424,-0.592,-0.023,-0.807,-0.02,-0.02,0.02,1,imu01,imu_20260817T174209Z,2383,53424123
480171906000000,53444,-0.594,-0.019,-0.811,-0.05,-0.02,0.0,1,imu01,imu_20260817T174209Z,2384,53444120
480171937000000,53464,-0.59,-0.024,-0.807,-0.05,0.16,0.01,1,imu01,imu_20260817T174209Z,2385,53464123
480171953000000,53484,-0.592,-0.024,-0.811,-0.12,0.13,0.07,1,imu01,imu_20260817T174209Z,2386,53484120
480171968000000,53504,-0.591,-0.024,-0.802,-0.07,0.0,-0.07,1,imu01,imu_20260817T174209Z,2387,53504123
480172000000000,53524,-0.596,-0.023,-0.807,0.08,0.06,0.06,1,imu01,imu_20260817T174209Z,2388,53524120
480172015000000,53544,-0.591,-0.026,-0.804,-0.05,0.13,-0.09,1,imu01,imu_20260817T174209Z,2389,53544123
480172031000000,53564,-0.594,-0.025,-0.804,-0.05,-0.05,0.0,1,imu01,imu_20260817T174209Z,2390,53564120
480172046000000,53584,-0.593,-0.023,-0.81,-0.05,-0.09,-0.11,1,imu01,imu_20260817T174209Z,2391,53584123
480172078000000,53604,-0.594,-0.021,-0.806,0.1,-0.1,-0.13,1,imu01,imu_20260817T174209Z,2392,53604120
480172093000000,53624,-0.594,-0.021,-0.803,-0.15,0.1,-0.07,1,imu01,imu_20260817T174209Z,2393,53624123
480172109000000,53644,-0.589,-0.023,-0.806,0.01,-0.05,0.04,1,imu01,imu_20260817T174209Z,2394,53644120
480172140000000,53664,-0.589,-0.022,-0.803,0.04,-0.03,-0.03,1,imu01,imu_20260817T174209Z,2395,53664123
480172156000000,53684,-0.592,-0.021,-0.805,0.11,-0.17,-0.13,1,imu01,imu_20260817T174209Z,2396,53684120
480172171000000,53704,-0.59,-0.022,-0.804,-0.04,0.0,0.07,1,imu01,imu_20260817T174209Z,2397,53704123
480172187000000,53724,-0.595,-0.024,-0.805,-0.05,-0.12,0.13,1,imu01,imu_20260817T174209Z,2398,53724120
480172218000000,53744,-0.592,-0.021,-0.804,0.04,-0.1,-0.05,1,imu01,imu_20260817T174209Z,2399,53744123
480172234000000,53764,-0.589,-0.022,-0.799,0.05,-0.15,0.04,1,imu01,imu_20260817T174209Z,2400,53764120
480172250000000,53784,-0.595,-0.022,-0.807,0.02,-0.08,0.04,1,imu01,imu_20260817T174209Z,2401,53784123
480172281000000,53804,-0.592,-0.021,-0.806,-0.1,-0.06,-0.03,1,imu01,imu_20260817T174209Z,2402,53804120
480172296000000,53824,-0.596,-0.024,-0.81,-0.01,-0.16,-0.09,1,imu01,imu_20260817T174209Z,2403,53824123
480172312000000,53844,-0.59,-0.024,-0.801,-0.05,-0.03,0.03,1,imu01,imu_20260817T174209Z,2404,53844120
480172328000000,53864,-0.589,-0.02,-0.796,-0.04,-0.06,0.13,1,imu01,imu_20260817T174209Z,2405,53864123
480172359000000,53884,-0.591,-0.024,-0.806,0.01,-0.12,-0.05,1,imu01,imu_20260817T174209Z,2406,53884120
480172375000000,53904,-0.593,-0.021,-0.804,0.08,-0.03,0.02,1,imu01,imu_20260817T174209Z,2407,53904123
480172390000000,53924,-0.592,-0.019,-0.808,0.08,-0.0,0.04,1,imu01,imu_20260817T174209Z,2408,53924120
480172406000000,53944,-0.587,-0.022,-0.802,-0.01,-0.09,-0.01,1,imu01,imu_20260817T174209Z,2409,53944123
480172437000000,53964,-0.594,-0.025,-0.809,-0.06,-0.1,-0.05,1,imu01,imu_20260817T174209Z,2410,53964120
480172453000000,53984,-0.593,-0.02,-0.803,-0.05,-0.02,-0.03,1,imu01,imu_20260817T174209Z,2411,53984123
480172468000000,54004,-0.594,-0.022,-0.806,-0.03,0.2,0.01,1,imu01,imu_20260817T174209Z,2412,54004120
480172500000000,54024,-0.596,-0.02,-0.802,0.04,-0.16,-0.09,1,imu01,imu_20260817T174209Z,2413,54024123
480172515000000,54044,-0.593,-0.026,-0.807,-0.04,-0.1,0.0,1,imu01,imu_20260817T174209Z,2414,54044120
480172531000000,54064,-0.588,-0.024,-0.812,-0.07,0.01,-0.03,1,imu01,imu_20260817T174209Z,2415,54064123
480172546000000,54084,-0.592,-0.019,-0.804,-0.1,0.16,-0.03,1,imu01,imu_20260817T174209Z,2416,54084120
480172578000000,54104,-0.596,-0.021,-0.798,0.04,-0.1,-0.07,1,imu01,imu_20260817T174209Z,2417,54104123
480172593000000,54124,-0.589,-0.022,-0.808,0.05,-0.0,-0.01,1,imu01,imu_20260817T174209Z,2418,54124120
480172609000000,54144,-0.594,-0.022,-0.807,0.01,0.11,0.09,1,imu01,imu_20260817T174209Z,2419,54144123
480172640000000,54164,-0.593,-0.02,-0.809,0.01,0.1,-0.03,1,imu01,imu_20260817T174209Z,2420,54164120
480172656000000,54184,-0.589,-0.022,-0.813,-0.02,-0.02,0.01,1,imu01,imu_20260817T174209Z,2421,54184123
480172671000000,54204,-0.592,-0.022,-0.801,-0.02,-0.03,0.0,1,imu01,imu_20260817T174209Z,2422,54204120
480172687000000,54224,-0.589,-0.022,-0.806,0.02,0.17,-0.01,1,imu01,imu_20260817T174209Z,2423,54224123
480172718000000,54244,-0.589,-0.021,-0.799,-0.05,0.03,-0.11,1,imu01,imu_20260817T174209Z,2424,54244120
480172734000000,54264,-0.593,-0.021,-0.812,-0.05,0.01,-0.02,1,imu01,imu_20260817T174209Z,2425,54264123
480172750000000,54284,-0.588,-0.024,-0.803,0.14,-0.08,-0.07,1,imu01,imu_20260817T174209Z,2426,54284120
480172765000000,54304,-0.59,-0.026,-0.806,-0.02,0.03,0.08,1,imu01,imu_20260817T174209Z,2427,54304123
480172796000000,54324,-0.591,-0.018,-0.807,0.07,-0.11,0.1,1,imu01,imu_20260817T174209Z,2428,54324120
480172812000000,54344,-0.59,-0.023,-0.807,-0.0,-0.09,-0.06,1,imu01,imu_20260817T174209Z,2429,54344123
480172828000000,54364,-0.594,-0.026,-0.803,0.03,-0.15,-0.02,1,imu01,imu_20260817T174209Z,2430,54364120
480172859000000,54384,-0.59,-0.023,-0.804,-0.07,0.03,0.04,1,imu01,imu_20260817T174209Z,2431,54384123
480172875000000,54404,-0.59,-0.021,-0.801,0.03,-0.13,0.1,1,imu01,imu_20260817T174209Z,2432,54404120
480172890000000,54424,-0.592,-0.023,-0.804,0.02,-0.11,-0.08,1,imu01,imu_20260817T174209Z,2433,54424123
480172906000000,54444,-0.593,-0.023,-0.804,0.07,-0.03,0.05,1,imu01,imu_20260817T174209Z,2434,54444120
480172937000000,54464,-0.592,-0.023,-0.802,-0.03,-0.07,0.15,1,imu01,imu_20260817T174209Z,2435,54464123
480172953000000,54484,-0.592,-0.02,-0.803,-0.01,-0.07,-0.03,1,imu01,imu_20260817T174209Z,2436,54484120
480172968000000,54504,-0.588,-0.017,-0.807,0.09,-0.08,-0.06,1,imu01,imu_20260817T174209Z,2437,54504123
480173000000000,54524,-0.594,-0.025,-0.809,-0.01,0.05,0.08,1,imu01,imu_20260817T174209Z,2438,54524120
480173015000000,54544,-0.595,-0.024,-0.806,0.04,-0.08,0.08,1,imu01,imu_20260817T174209Z,2439,54544123
480173031000000,54564,-0.593,-0.023,-0.806,0.02,-0.1,-0.09,1,imu01,imu_20260817T174209Z,2440,54564120
480173046000000,54584,-0.595,-0.022,-0.802,0.01,-0.1,0.01,1,imu01,imu_20260817T174209Z,2441,54584123
480173078000000,54604,-0.595,-0.023,-0.805,0.09,0.15,0.07,1,imu01,imu_20260817T174209Z,2442,54604120
480173093000000,54624,-0.592,-0.023,-0.802,-0.06,-0.31,-0.17,1,imu01,imu_20260817T174209Z,2443,54624123
480173109000000,54644,-0.596,-0.02,-0.809,0.01,-0.13,0.03,1,imu01,imu_20260817T174209Z,2444,54644120
480173140000000,54664,-0.593,-0.025,-0.807,0.07,-0.12,0.1,1,imu01,imu_20260817T174209Z,2445,54664123
480173156000000,54684,-0.597,-0.022,-0.808,0.05,-0.07,-0.05,1,imu01,imu_20260817T174209Z,2446,54684120
480173171000000,54704,-0.592,-0.023,-0.803,0.01,-0.21,-0.09,1,imu01,imu_20260817T174209Z,2447,54704123
480173187000000,54724,-0.592,-0.023,-0.802,-0.07,0.01,0.04,1,imu01,imu_20260817T174209Z,2448,54724120
480173218000000,54744,-0.592,-0.026,-0.812,0.11,0.0,0.06,1,imu01,imu_20260817T174209Z,2449,54744123
480173234000000,54764,-0.595,-0.021,-0.801,-0.05,0.15,-0.01,1,imu01,imu_20260817T174209Z,2450,54764120
480173250000000,54784,-0.593,-0.019,-0.803,-0.07,-0.02,-0.06,1,imu01,imu_20260817T174209Z,2451,54784123
480173281000000,54804,-0.592,-0.023,-0.809,-0.02,0.06,0.1,1,imu01,imu_20260817T174209Z,2452,54804120
480173296000000,54824,-0.592,-0.024,-0.809,-0.09,0.2,0.03,1,imu01,imu_20260817T174209Z,2453,54824123
480173312000000,54844,-0.59,-0.024,-0.809,-0.05,-0.04,-0.07,1,imu01,imu_20260817T174209Z,2454,54844120
480173328000000,54864,-0.589,-0.023,-0.803,0.06,0.01,-0.02,1,imu01,imu_20260817T174209Z,2455,54864123
480173359000000,54884,-0.591,-0.021,-0.805,0.09,-0.18,0.05,1,imu01,imu_20260817T174209Z,2456,54884120
480173375000000,54904,-0.594,-0.022,-0.804,-0.12,0.16,-0.04,1,imu01,imu_20260817T174209Z,2457,54904123
480173390000000,54924,-0.584,-0.023,-0.804,-0.08,0.13,0.03,1,imu01,imu_20260817T174209Z,2458,54924120
480173406000000,54944,-0.591,-0.017,-0.802,-0.02,-0.07,0.04,1,imu01,imu_20260817T174209Z,2459,54944123
480173437000000,54964,-0.59,-0.021,-0.805,0.1,-0.06,-0.03,1,imu01,imu_20260817T174209Z,2460,54964120
480173453000000,54984,-0.589,-0.02,-0.806,-0.02,0.1,-0.12,1,imu01,imu_20260817T174209Z,2461,54984123
480173468000000,55004,-0.595,-0.022,-0.806,-0.05,-0.17,0.08,1,imu01,imu_20260817T174209Z,2462,55004120
480173500000000,55024,-0.596,-0.023,-0.799,0.05,-0.07,-0.05,1,imu01,imu_20260817T174209Z,2463,55024123
480173515000000,55044,-0.593,-0.018,-0.811,0.11,-0.03,-0.09,1,imu01,imu_20260817T174209Z,2464,55044120
480173531000000,55064,-0.592,-0.02,-0.804,-0.05,0.02,-0.01,1,imu01,imu_20260817T174209Z,2465,55064123
480173546000000,55084,-0.59,-0.018,-0.807,-0.03,-0.04,0.06,1,imu01,imu_20260817T174209Z,2466,55084120
480173578000000,55104,-0.588,-0.017,-0.806,0.07,-0.07,0.04,1,imu01,imu_20260817T174209Z,2467,55104123
480173593000000,55124,-0.587,-0.021,-0.812,0.1,-0.13,0.04,1,imu01,imu_20260817T174209Z,2468,55124120
480173609000000,55144,-0.587,-0.022,-0.807,0.04,-0.13,0.07,1,imu01,imu_20260817T174209Z,2469,55144123
480173640000000,55164,-0.59,-0.017,-0.807,-0.03,-0.25,-0.04,1,imu01,imu_20260817T174209Z,2470,55164120
480173656000000,55184,-0.594,-0.021,-0.805,0.12,-0.16,-0.02,1,imu01,imu_20260817T174209Z,2471,55184123
480173671000000,55204,-0.594,-0.025,-0.806,0.03,0.05,0.06,1,imu01,imu_20260817T174209Z,2472,55204120
480173687000000,55224,-0.596,-0.026,-0.808,0.04,-0.1,-0.04,1,imu01,imu_20260817T174209Z,2473,55224123
480173718000000,55244,-0.59,-0.023,-0.807,-0.06,-0.01,-0.04,1,imu01,imu_20260817T174209Z,2474,55244120
480173734000000,55264,-0.592,-0.02,-0.804,-0.02,-0.02,0.06,1,imu01,imu_20260817T174209Z,2475,55264123
480173750000000,55284,-0.597,-0.02,-0.797,0.03,0.11,0.07,1,imu01,imu_20260817T174209Z,2476,55284120
480173781000000,55304,-0.592,-0.024,-0.802,-0.02,-0.1,-0.07,1,imu01,imu_20260817T174209Z,2477,55304123
480173796000000,55324,-0.592,-0.023,-0.803,-0.05,0.08,0.06,1,imu01,imu_20260817T174209Z,2478,55324120
480173812000000,55344,-0.59,-0.024,-0.799,-0.03,0.06,0.03,1,imu01,imu_20260817T174209Z,2479,55344123
480173828000000,55364,-0.589,-0.026,-0.807,0.04,0.13,0.04,1,imu01,imu_20260817T174209Z,2480,55364120
480173859000000,55384,-0.592,-0.02,-0.812,0.08,-0.09,-0.03,1,imu01,imu_20260817T174209Z,2481,55384123
480173875000000,55404,-0.59,-0.018,-0.801,0.01,-0.02,-0.08,1,imu01,imu_20260817T174209Z,2482,55404120
480173890000000,55424,-0.591,-0.02,-0.807,0.03,-0.02,-0.06,1,imu01,imu_20260817T174209Z,2483,55424123
480173906000000,55444,-0.594,-0.022,-0.806,-0.06,0.06,-0.06,1,imu01,imu_20260817T174209Z,2484,55444120
480173937000000,55464,-0.591,-0.025,-0.807,0.08,-0.04,0.08,1,imu01,imu_20260817T174209Z,2485,55464123
480173953000000,55484,-0.591,-0.017,-0.807,-0.03,0.01,-0.06,1,imu01,imu_20260817T174209Z,2486,55484120
480173968000000,55504,-0.591,-0.022,-0.805,-0.09,0.19,0.07,1,imu01,imu_20260817T174209Z,2487,55504123
480174000000000,55524,-0.593,-0.023,-0.811,-0.06,0.0,-0.07,1,imu01,imu_20260817T174209Z,2488,55524120
480174015000000,55544,-0.589,-0.022,-0.802,0.05,0.04,-0.03,1,imu01,imu_20260817T174209Z,2489,55544123
480174031000000,55564,-0.593,-0.026,-0.811,0.11,-0.12,-0.02,1,imu01,imu_20260817T174209Z,2490,55564120
480174046000000,55584,-0.591,-0.026,-0.808,-0.09,0.06,0.02,1,imu01,imu_20260817T174209Z,2491,55584123
480174078000000,55604,-0.588,-0.021,-0.809,-0.1,-0.03,0.03,1,imu01,imu_20260817T174209Z,2492,55604120
480174093000000,55624,-0.59,-0.026,-0.808,0.01,-0.0,0.01,1,imu01,imu_20260817T174209Z,2493,55624123
480174109000000,55644,-0.591,-0.02,-0.808,0.08,-0.09,-0.02,1,imu01,imu_20260817T174209Z,2494,55644120
480174140000000,55664,-0.595,-0.024,-0.818,-0.09,-0.01,-0.04,1,imu01,imu_20260817T174209Z,2495,55664123
480174156000000,55684,-0.592,-0.023,-0.807,-0.0,-0.04,0.1,1,imu01,imu_20260817T174209Z,2496,55684120
480174171000000,55704,-0.588,-0.027,-0.807,0.02,-0.16,-0.03,1,imu01,imu_20260817T174209Z,2497,55704123
480174187000000,55724,-0.594,-0.022,-0.807,0.05,-0.14,-0.03,1,imu01,imu_20260817T174209Z,2498,55724120
480174218000000,55744,-0.594,-0.025,-0.8,0.03,-0.1,0.06,1,imu01,imu_20260817T174209Z,2499,55744123
480174234000000,55764,-0.592,-0.019,-0.799,-0.0,-0.11,0.02,1,imu01,imu_20260817T174209Z,2500,55764120
480174250000000,55784,-0.59,-0.021,-0.813,-0.0,-0.09,-0.08,1,imu01,imu_20260817T174209Z,2501,55784123
480174281000000,55804,-0.589,-0.018,-0.803,-0.04,-0.06,0.07,1,imu01,imu_20260817T174209Z,2502,55804120
480174296000000,55824,-0.591,-0.022,-0.807,0.08,-0.06,0.04,1,imu01,imu_20260817T174209Z,2503,55824123
480174312000000,55844,-0.594,-0.023,-0.805,0.05,-0.12,-0.03,1,imu01,imu_20260817T174209Z,2504,55844120
480174328000000,55864,-0.591,-0.023,-0.802,0.11,-0.21,0.08,1,imu01,imu_20260817T174209Z,2505,55864123
480174359000000,55884,-0.59,-0.022,-0.811,0.01,-0.06,0.05,1,imu01,imu_20260817T174209Z,2506,55884120
480174375000000,55904,-0.593,-0.024,-0.8,-0.0,-0.17,-0.01,1,imu01,imu_20260817T174209Z,2507,55904123
480174390000000,55924,-0.594,-0.024,-0.797,-0.04,0.07,-0.06,1,imu01,imu_20260817T174209Z,2508,55924120
480174406000000,55944,-0.591,-0.021,-0.807,-0.06,-0.01,0.04,1,imu01,imu_20260817T174209Z,2509,55944123
480174437000000,55964,-0.589,-0.022,-0.804,-0.04,0.09,0.0,1,imu01,imu_20260817T174209Z,2510,55964120
480174453000000,55984,-0.589,-0.025,-0.804,-0.0,-0.01,0.0,1,imu01,imu_20260817T174209Z,2511,55984123
480174468000000,56004,-0.59,-0.021,-0.806,-0.05,-0.0,0.02,1,imu01,imu_20260817T174209Z,2512,56004120
480174500000000,56024,-0.589,-0.02,-0.806,-0.02,0.12,-0.01,1,imu01,imu_20260817T174209Z,2513,56024123
480174515000000,56044,-0.591,-0.022,-0.804,-0.08,0.15,0.04,1,imu01,imu_20260817T174209Z,2514,56044120
480174531000000,56064,-0.591,-0.022,-0.805,-0.07,-0.09,-0.04,1,imu01,imu_20260817T174209Z,2515,56064123
480174546000000,56084,-0.588,-0.023,-0.801,-0.01,-0.06,-0.07,1,imu01,imu_20260817T174209Z,2516,56084120
480174578000000,56104,-0.59,-0.022,-0.807,-0.02,0.03,-0.01,1,imu01,imu_20260817T174209Z,2517,56104123
480174593000000,56124,-0.595,-0.022,-0.808,-0.06,0.09,0.02,1,imu01,imu_20260817T174209Z,2518,56124120
480174609000000,56144,-0.591,-0.019,-0.805,-0.05,-0.03,0.07,1,imu01,imu_20260817T174209Z,2519,56144123
480174640000000,56164,-0.59,-0.022,-0.804,-0.09,-0.09,0.06,1,imu01,imu_20260817T174209Z,2520,56164120
480174656000000,56184,-0.596,-0.026,-0.806,0.01,0.09,-0.15,1,imu01,imu_20260817T174209Z,2521,56184123
480174671000000,56204,-0.592,-0.024,-0.81,0.01,-0.03,0.04,1,imu01,imu_20260817T174209Z,2522,56204120
480174687000000,56224,-0.593,-0.021,-0.806,0.01,-0.07,-0.02,1,imu01,imu_20260817T174209Z,2523,56224123
480174718000000,56244,-0.596,-0.025,-0.798,0.04,-0.14,-0.06,1,imu01,imu_20260817T174209Z,2524,56244120
480174734000000,56264,-0.589,-0.018,-0.807,0.01,0.03,-0.1,1,imu01,imu_20260817T174209Z,2525,56264123
480174750000000,56284,-0.594,-0.018,-0.807,-0.01,0.01,0.09,1,imu01,imu_20260817T174209Z,2526,56284120
480174781000000,56304,-0.595,-0.022,-0.805,-0.0,-0.13,0.02,1,imu01,imu_20260817T174209Z,2527,56304123
480174796000000,56324,-0.592,-0.023,-0.812,0.1,-0.13,-0.06,1,imu01,imu_20260817T174209Z,2528,56324120
480174812000000,56344,-0.588,-0.024,-0.807,0.06,-0.1,0.01,1,imu01,imu_20260817T174209Z,2529,56344123
480174828000000,56364,-0.589,-0.026,-0.804,0.08,-0.15,0.03,1,imu01,imu_20260817T174209Z,2530,56364120
480174859000000,56384,-0.592,-0.023,-0.812,0.01,-0.11,-0.03,1,imu01,imu_20260817T174209Z,2531,56384123
480174875000000,56404,-0.59,-0.023,-0.804,0.11,-0.15,-0.03,1,imu01,imu_20260817T174209Z,2532,56404120
480174890000000,56424,-0.59,-0.022,-0.81,0.04,-0.06,0.01,1,imu01,imu_20260817T174209Z,2533,56424123
480174906000000,56444,-0.592,-0.022,-0.806,-0.05,-0.1,0.02,1,imu01,imu_20260817T174209Z,2534,56444120
480174937000000,56464,-0.593,-0.016,-0.807,0.11,-0.13,-0.04,1,imu01,imu_20260817T174209Z,2535,56464123
480174953000000,56484,-0.591,-0.021,-0.805,-0.01,-0.13,0.07,1,imu01,imu_20260817T174209Z,2536,56484120
480174968000000,56504,-0.594,-0.024,-0.811,0.06,-0.13,0.0,1,imu01,imu_20260817T174209Z,2537,56504123
480175000000000,56524,-0.594,-0.02,-0.804,0.01,-0.13,-0.09,1,imu01,imu_20260817T174209Z,2538,56524120
480175015000000,56544,-0.594,-0.021,-0.806,0.01,-0.07,0.01,1,imu01,imu_20260817T174209Z,2539,56544123
480175031000000,56564,-0.592,-0.02,-0.805,0.01,0.07,0.07,1,imu01,imu_20260817T174209Z,2540,56564120
480175046000000,56584,-0.592,-0.02,-0.804,-0.02,-0.12,-0.06,1,imu01,imu_20260817T174209Z,2541,56584123
480175078000000,56604,-0.591,-0.02,-0.803,-0.09,0.05,0.0,1,imu01,imu_20260817T174209Z,2542,56604120
480175093000000,56624,-0.593,-0.024,-0.803,-0.02,0.13,0.04,1,imu01,imu_20260817T174209Z,2543,56624123
480175109000000,56644,-0.595,-0.022,-0.808,-0.08,0.08,0.04,1,imu01,imu_20260817T174209Z,2544,56644120
480175140000000,56664,-0.593,-0.026,-0.814,-0.08,-0.13,-0.21,1,imu01,imu_20260817T174209Z,2545,56664123
480175156000000,56684,-0.591,-0.021,-0.812,-0.0,0.03,0.1,1,imu01,imu_20260817T174209Z,2546,56684120
480175171000000,56704,-0.59,-0.022,-0.804,-0.04,0.17,0.04,1,imu01,imu_20260817T174209Z,2547,56704123
480175187000000,56724,-0.593,-0.025,-0.805,-0.04,0.13,-0.06,1,imu01,imu_20260817T174209Z,2548,56724120
480175218000000,56744,-0.596,-0.019,-0.803,-0.08,-0.0,-0.09,1,imu01,imu_20260817T174209Z,2549,56744123
480175234000000,56764,-0.59,-0.02,-0.815,-0.03,-0.08,-0.0,1,imu01,imu_20260817T174209Z,2550,56764120
480175250000000,56784,-0.592,-0.023,-0.813,-0.03,0.05,-0.11,1,imu01,imu_20260817T174209Z,2551,56784123
480175281000000,56804,-0.59,-0.022,-0.807,0.03,0.06,0.06,1,imu01,imu_20260817T174209Z,2552,56804120
480175296000000,56824,-0.59,-0.022,-0.805,0.01,-0.03,0.05,1,imu01,imu_20260817T174209Z,2553,56824123
480175312000000,56844,-0.592,-0.022,-0.806,0.02,-0.09,0.03,1,imu01,imu_20260817T174209Z,2554,56844120
480175328000000,56864,-0.595,-0.019,-0.804,-0.02,0.04,-0.15,1,imu01,imu_20260817T174209Z,2555,56864123
480175359000000,56884,-0.598,-0.018,-0.811,-0.0,-0.17,0.09,1,imu01,imu_20260817T174209Z,2556,56884120
480175375000000,56904,-0.595,-0.017,-0.805,0.01,-0.03,-0.03,1,imu01,imu_20260817T174209Z,2557,56904123
480175390000000,56924,-0.593,-0.022,-0.801,0.05,-0.09,-0.11,1,imu01,imu_20260817T174209Z,2558,56924120
480175406000000,56944,-0.593,-0.024,-0.811,-0.08,0.01,0.03,1,imu01,imu_20260817T174209Z,2559,56944123
480175437000000,56964,-0.59,-0.02,-0.808,0.06,-0.1,0.02,1,imu01,imu_20260817T174209Z,2560,56964120
480175453000000,56984,-0.591,-0.023,-0.805,-0.02,-0.06,-0.06,1,imu01,imu_20260817T174209Z,2561,56984123
480175468000000,57004,-0.592,-0.021,-0.807,0.16,-0.19,-0.13,1,imu01,imu_20260817T174209Z,2562,57004120
480175500000000,57024,-0.596,-0.02,-0.805,0.03,-0.16,-0.03,1,imu01,imu_20260817T174209Z,2563,57024123
480175515000000,57044,-0.592,-0.023,-0.808,-0.08,-0.21,-0.02,1,imu01,imu_20260817T174209Z,2564,57044120
480175531000000,57064,-0.59,-0.023,-0.801,0.08,-0.22,-0.08,1,imu01,imu_20260817T174209Z,2565,57064123
480175546000000,57084,-0.593,-0.022,-0.808,0.01,-0.03,0.04,1,imu01,imu_20260817T174209Z,2566,57084120
480175578000000,57104,-0.594,-0.019,-0.805,0.01,-0.07,0.07,1,imu01,imu_20260817T174209Z,2567,57104123
480175593000000,57124,-0.596,-0.023,-0.802,0.01,-0.19,-0.14,1,imu01,imu_20260817T174209Z,2568,57124120
480175609000000,57144,-0.596,-0.022,-0.803,0.02,-0.05,-0.02,1,imu01,imu_20260817T174209Z,2569,57144123
480175640000000,57164,-0.587,-0.025,-0.811,0.03,0.17,0.1,1,imu01,imu_20260817T174209Z,2570,57164120
480175656000000,57184,-0.591,-0.023,-0.81,-0.07,-0.07,-0.1,1,imu01,imu_20260817T174209Z,2571,57184123
480175671000000,57204,-0.59,-0.019,-0.808,-0.02,0.03,0.0,1,imu01,imu_20260817T174209Z,2572,57204120
480175687000000,57224,-0.589,-0.02,-0.813,0.01,-0.03,0.1,1,imu01,imu_20260817T174209Z,2573,57224123
480175718000000,57244,-0.592,-0.019,-0.806,-0.05,0.04,0.04,1,imu01,imu_20260817T174209Z,2574,57244120
480175734000000,57264,-0.592,-0.02,-0.804,-0.02,-0.13,-0.18,1,imu01,imu_20260817T174209Z,2575,57264123
480175750000000,57284,-0.588,-0.024,-0.805,-0.01,0.02,-0.01,1,imu01,imu_20260817T174209Z,2576,57284120
480175781000000,57304,-0.593,-0.025,-0.807,0.05,-0.02,0.1,1,imu01,imu_20260817T174209Z,2577,57304123
480175796000000,57324,-0.594,-0.022,-0.815,-0.01,0.06,-0.16,1,imu01,imu_20260817T174209Z,2578,57324120
480175812000000,57344,-0.587,-0.021,-0.807,-0.09,0.01,0.0,1,imu01,imu_20260817T174209Z,2579,57344123
480175828000000,57364,-0.593,-0.02,-0.803,0.01,-0.1,0.03,1,imu01,imu_20260817T174209Z,2580,57364120
480175859000000,57384,-0.588,-0.02,-0.809,-0.0,0.06,0.04,1,imu01,imu_20260817T174209Z,2581,57384123
480175875000000,57404,-0.589,-0.019,-0.804,-0.08,0.07,-0.04,1,imu01,imu_20260817T174209Z,2582,57404120
480175890000000,57424,-0.596,-0.023,-0.799,-0.12,-0.03,-0.06,1,imu01,imu_20260817T174209Z,2583,57424123
480175906000000,57444,-0.591,-0.02,-0.803,-0.04,-0.11,0.07,1,imu01,imu_20260817T174209Z,2584,57444120
480175937000000,57464,-0.591,-0.022,-0.797,-0.02,0.03,0.02,1,imu01,imu_20260817T174209Z,2585,57464123
480175953000000,57484,-0.59,-0.019,-0.808,-0.08,-0.06,-0.1,1,imu01,imu_20260817T174209Z,2586,57484120
480175968000000,57504,-0.589,-0.021,-0.806,-0.01,-0.03,-0.04,1,imu01,imu_20260817T174209Z,2587,57504123
480176000000000,57524,-0.589,-0.025,-0.811,0.02,-0.07,0.03,1,imu01,imu_20260817T174209Z,2588,57524120
480176015000000,57544,-0.592,-0.023,-0.808,-0.0,-0.01,-0.0,1,imu01,imu_20260817T174209Z,2589,57544123
480176031000000,57564,-0.593,-0.022,-0.809,0.01,-0.1,-0.0,1,imu01,imu_20260817T174209Z,2590,57564120
480176046000000,57584,-0.593,-0.019,-0.808,0.1,-0.13,-0.02,1,imu01,imu_20260817T174209Z,2591,57584123
480176078000000,57604,-0.592,-0.024,-0.801,0.14,-0.04,0.06,1,imu01,imu_20260817T174209Z,2592,57604120
480176093000000,57624,-0.59,-0.024,-0.807,0.03,0.13,0.08,1,imu01,imu_20260817T174209Z,2593,57624123
480176109000000,57644,-0.592,-0.022,-0.802,0.01,-0.04,0.04,1,imu01,imu_20260817T174209Z,2594,57644120
480176140000000,57664,-0.591,-0.023,-0.807,0.06,-0.2,-0.08,1,imu01,imu_20260817T174209Z,2595,57664123
480176156000000,57684,-0.593,-0.018,-0.812,-0.03,-0.1,0.04,1,imu01,imu_20260817T174209Z,2596,57684120
480176171000000,57704,-0.592,-0.025,-0.808,0.04,-0.1,0.06,1,imu01,imu_20260817T174209Z,2597,57704123
480176187000000,57724,-0.59,-0.017,-0.807,0.02,-0.02,-0.0,1,imu01,imu_20260817T174209Z,2598,57724120
480176218000000,57744,-0.592,-0.021,-0.807,0.08,-0.27,-0.01,1,imu01,imu_20260817T174209Z,2599,57744123
480176234000000,57764,-0.595,-0.019,-0.804,0.04,-0.1,0.04,1,imu01,imu_20260817T174209Z,2600,57764120
480176250000000,57784,-0.594,-0.023,-0.816,-0.02,-0.03,0.06,1,imu01,imu_20260817T174209Z,2601,57784123
480176281000000,57804,-0.59,-0.022,-0.804,-0.04,-0.08,-0.07,1,imu01,imu_20260817T174209Z,2602,57804120
480176296000000,57824,-0.588,-0.02,-0.807,-0.0,-0.13,0.01,1,imu01,imu_20260817T174209Z,2603,57824123
480176312000000,57844,-0.587,-0.022,-0.797,-0.07,0.06,0.02,1,imu01,imu_20260817T174209Z,2604,57844120
480176328000000,57864,-0.596,-0.018,-0.801,0.04,-0.07,-0.07,1,imu01,imu_20260817T174209Z,2605,57864123
480176359000000,57884,-0.591,-0.019,-0.801,0.02,-0.03,-0.05,1,imu01,imu_20260817T174209Z,2606,57884120
480176375000000,57904,-0.59,-0.022,-0.807,0.01,-0.0,0.02,1,imu01,imu_20260817T174209Z,2607,57904123
480176390000000,57924,-0.589,-0.021,-0.806,0.05,0.06,0.07,1,imu01,imu_20260817T174209Z,2608,57924120
480176406000000,57944,-0.593,-0.021,-0.802,-0.02,-0.05,-0.08,1,imu01,imu_20260817T174209Z,2609,57944123
480176437000000,57964,-0.595,-0.023,-0.811,-0.09,-0.0,0.03,1,imu01,imu_20260817T174209Z,2610,57964120
480176453000000,57984,-0.594,-0.025,-0.803,-0.02,0.13,-0.03,1,imu01,imu_20260817T174209Z,2611,57984123
480176468000000,58004,-0.593,-0.022,-0.804,-0.08,0.11,-0.04,1,imu01,imu_20260817T174209Z,2612,58004120
480176500000000,58024,-0.589,-0.021,-0.803,-0.05,-0.03,-0.07,1,imu01,imu_20260817T174209Z,2613,58024123
480176515000000,58044,-0.589,-0.021,-0.807,0.03,-0.05,0.04,1,imu01,imu_20260817T174209Z,2614,58044120
480176531000000,58064,-0.593,-0.022,-0.801,0.01,0.05,0.0,1,imu01,imu_20260817T174209Z,2615,58064123
480176546000000,58084,-0.591,-0.02,-0.802,-0.02,0.01,-0.07,1,imu01,imu_20260817T174209Z,2616,58084120
480176578000000,58104,-0.592,-0.02,-0.802,-0.01,0.06,0.07,1,imu01,imu_20260817T174209Z,2617,58104123
480176593000000,58124,-0.595,-0.021,-0.807,0.05,-0.02,0.03,1,imu01,imu_20260817T174209Z,2618,58124120
480176609000000,58144,-0.595,-0.024,-0.799,-0.03,0.12,0.01,1,imu01,imu_20260817T174209Z,2619,58144123
480176640000000,58164,-0.589,-0.023,-0.802,-0.02,0.03,-0.09,1,imu01,imu_20260817T174209Z,2620,58164120
480176656000000,58184,-0.59,-0.02,-0.806,0.01,0.0,0.03,1,imu01,imu_20260817T174209Z,2621,58184123
480176671000000,58204,-0.594,-0.024,-0.805,0.05,-0.13,-0.06,1,imu01,imu_20260817T174209Z,2622,58204120
480176687000000,58224,-0.591,-0.019,-0.808,-0.0,-0.04,0.01,1,imu01,imu_20260817T174209Z,2623,58224123
480176718000000,58244,-0.594,-0.021,-0.805,0.11,-0.1,0.09,1,imu01,imu_20260817T174209Z,2624,58244120
480176734000000,58264,-0.591,-0.025,-0.799,0.01,-0.1,0.07,1,imu01,imu_20260817T174209Z,2625,58264123
480176750000000,58284,-0.594,-0.023,-0.809,0.18,-0.19,-0.09,1,imu01,imu_20260817T174209Z,2626,58284120
480176781000000,58304,-0.59,-0.022,-0.804,-0.0,-0.13,0.01,1,imu01,imu_20260817T174209Z,2627,58304123
480176796000000,58324,-0.589,-0.024,-0.808,0.07,-0.11,0.13,1,imu01,imu_20260817T174209Z,2628,58324120
480176812000000,58344,-0.598,-0.022,-0.808,0.07,-0.17,0.01,1,imu01,imu_20260817T174209Z,2629,58344123
480176828000000,58364,-0.594,-0.018,-0.804,0.03,-0.04,0.07,1,imu01,imu_20260817T174209Z,2630,58364120
480176859000000,58384,-0.593,-0.02,-0.809,0.01,-0.02,0.09,1,imu01,imu_20260817T174209Z,2631,58384123
480176875000000,58404,-0.592,-0.024,-0.808,-0.01,-0.13,-0.09,1,imu01,imu_20260817T174209Z,2632,58404120
480176890000000,58424,-0.593,-0.024,-0.804,-0.02,-0.17,-0.04,1,imu01,imu_20260817T174209Z,2633,58424123
480176906000000,58444,-0.591,-0.024,-0.802,-0.0,-0.01,-0.01,1,imu01,imu_20260817T174209Z,2634,58444120
480176937000000,58464,-0.592,-0.025,-0.801,0.07,-0.08,-0.01,1,imu01,imu_20260817T174209Z,2635,58464123
480176953000000,58484,-0.594,-0.023,-0.81,-0.07,-0.18,-0.07,1,imu01,imu_20260817T174209Z,2636,58484120
480176968000000,58504,-0.59,-0.022,-0.801,-0.04,-0.1,0.02,1,imu01,imu_20260817T174209Z,2637,58504123
480177000000000,58524,-0.591,-0.022,-0.804,0.05,0.02,0.0,1,imu01,imu_20260817T174209Z,2638,58524120
480177015000000,58544,-0.587,-0.021,-0.807,0.05,-0.13,-0.04,1,imu01,imu_20260817T174209Z,2639,58544123
480177031000000,58564,-0.591,-0.02,-0.802,-0.01,0.03,0.0,1,imu01,imu_20260817T174209Z,2640,58564120
480177046000000,58584,-0.591,-0.025,-0.808,0.08,0.12,0.13,1,imu01,imu_20260817T174209Z,2641,58584123
480177078000000,58604,-0.594,-0.019,-0.804,-0.0,0.1,-0.02,1,imu01,imu_20260817T174209Z,2642,58604120
480177093000000,58624,-0.59,-0.021,-0.807,-0.09,-0.02,-0.16,1,imu01,imu_20260817T174209Z,2643,58624123
480177109000000,58644,-0.594,-0.025,-0.806,-0.0,-0.04,-0.03,1,imu01,imu_20260817T174209Z,2644,58644120
480177140000000,58664,-0.591,-0.021,-0.805,-0.06,0.13,-0.04,1,imu01,imu_20260817T174209Z,2645,58664123
480177156000000,58684,-0.592,-0.021,-0.807,0.01,0.1,-0.06,1,imu01,imu_20260817T174209Z,2646,58684120
480177171000000,58704,-0.59,-0.024,-0.802,0.01,-0.03,0.04,1,imu01,imu_20260817T174209Z,2647,58704123
480177187000000,58724,-0.596,-0.024,-0.804,0.01,-0.23,0.03,1,imu01,imu_20260817T174209Z,2648,58724120
480177218000000,58744,-0.589,-0.019,-0.807,-0.06,0.13,-0.08,1,imu01,imu_20260817T174209Z,2649,58744123
480177234000000,58764,-0.591,-0.018,-0.814,-0.0,-0.03,-0.01,1,imu01,imu_20260817T174209Z,2650,58764120
480177250000000,58784,-0.591,-0.026,-0.806,-0.04,-0.05,-0.01,1,imu01,imu_20260817T174209Z,2651,58784123
480177281000000,58804,-0.594,-0.022,-0.802,0.01,-0.12,-0.0,1,imu01,imu_20260817T174209Z,2652,58804120
480177296000000,58824,-0.593,-0.021,-0.81,-0.02,-0.04,-0.09,1,imu01,imu_20260817T174209Z,2653,58824123
480177312000000,58844,-0.592,-0.023,-0.807,0.03,-0.17,0.03,1,imu01,imu_20260817T174209Z,2654,58844120
480177328000000,58864,-0.592,-0.024,-0.797,0.01,-0.02,-0.02,1,imu01,imu_20260817T174209Z,2655,58864123
480177359000000,58884,-0.59,-0.022,-0.805,-0.02,-0.11,-0.1,1,imu01,imu_20260817T174209Z,2656,58884120
480177375000000,58904,-0.59,-0.023,-0.807,-0.03,-0.06,-0.0,1,imu01,imu_20260817T174209Z,2657,58904123
480177390000000,58924,-0.592,-0.02,-0.804,-0.01,-0.13,-0.01,1,imu01,imu_20260817T174209Z,2658,58924120
480177406000000,58944,-0.592,-0.023,-0.809,0.14,-0.16,-0.0,1,imu01,imu_20260817T174209Z,2659,58944123
480177437000000,58964,-0.591,-0.023,-0.804,0.12,-0.13,0.04,1,imu01,imu_20260817T174209Z,2660,58964120
480177453000000,58984,-0.591,-0.021,-0.803,0.02,-0.11,-0.02,1,imu01,imu_20260817T174209Z,2661,58984123
480177468000000,59004,-0.592,-0.02,-0.81,0.03,-0.27,-0.09,1,imu01,imu_20260817T174209Z,2662,59004120
480177500000000,59024,-0.595,-0.022,-0.806,0.09,-0.15,0.02,1,imu01,imu_20260817T174209Z,2663,59024123
480177515000000,59044,-0.592,-0.018,-0.805,0.04,-0.03,0.1,1,imu01,imu_20260817T174209Z,2664,59044120
480177531000000,59064,-0.593,-0.022,-0.809,0.01,-0.16,0.07,1,imu01,imu_20260817T174209Z,2665,59064123
480177546000000,59084,-0.592,-0.022,-0.803,-0.02,-0.03,-0.04,1,imu01,imu_20260817T174209Z,2666,59084120
480177578000000,59104,-0.594,-0.025,-0.803,0.07,-0.09,-0.03,1,imu01,imu_20260817T174209Z,2667,59104123
480177593000000,59124,-0.591,-0.024,-0.816,-0.02,0.0,-0.04,1,imu01,imu_20260817T174209Z,2668,59124120
480177609000000,59144,-0.592,-0.019,-0.806,-0.01,-0.12,-0.02,1,imu01,imu_20260817T174209Z,2669,59144123
480177640000000,59164,-0.588,-0.021,-0.802,-0.02,-0.09,-0.03,1,imu01,imu_20260817T174209Z,2670,59164120
480177656000000,59184,-0.591,-0.017,-0.809,-0.02,-0.0,0.05,1,imu01,imu_20260817T174209Z,2671,59184123
480177671000000,59204,-0.593,-0.021,-0.805,0.03,0.09,-0.0,1,imu01,imu_20260817T174209Z,2672,59204120
480177687000000,59224,-0.595,-0.02,-0.807,0.01,-0.09,-0.16,1,imu01,imu_20260817T174209Z,2673,59224123
480177718000000,59244,-0.59,-0.02,-0.808,-0.05,-0.07,-0.03,1,imu01,imu_20260817T174209Z,2674,59244120
480177734000000,59264,-0.595,-0.018,-0.811,-0.05,0.06,0.07,1,imu01,imu_20260817T174209Z,2675,59264123
480177750000000,59284,-0.591,-0.02,-0.807,-0.05,0.15,-0.06,1,imu01,imu_20260817T174209Z,2676,59284120
480177765000000,59304,-0.591,-0.022,-0.807,-0.0,0.06,-0.02,1,imu01,imu_20260817T174209Z,2677,59304123
480177796000000,59324,-0.59,-0.019,-0.806,-0.01,-0.04,-0.06,1,imu01,imu_20260817T174209Z,2678,59324120
480177812000000,59344,-0.593,-0.021,-0.813,-0.08,0.04,-0.06,1,imu01,imu_20260817T174209Z,2679,59344123
480177828000000,59364,-0.589,-0.023,-0.809,0.01,0.1,-0.03,1,imu01,imu_20260817T174209Z,2680,59364120
480177859000000,59384,-0.592,-0.021,-0.803,-0.09,0.0,-0.02,1,imu01,imu_20260817T174209Z,2681,59384123
480177875000000,59404,-0.587,-0.022,-0.815,0.01,-0.13,0.06,1,imu01,imu_20260817T174209Z,2682,59404120
480177890000000,59424,-0.593,-0.015,-0.802,-0.01,0.06,-0.08,1,imu01,imu_20260817T174209Z,2683,59424123
480177906000000,59444,-0.591,-0.022,-0.809,-0.01,0.02,-0.0,1,imu01,imu_20260817T174209Z,2684,59444120
480177937000000,59464,-0.59,-0.022,-0.807,0.01,-0.07,0.03,1,imu01,imu_20260817T174209Z,2685,59464123
480177953000000,59484,-0.592,-0.02,-0.812,0.08,-0.04,-0.02,1,imu01,imu_20260817T174209Z,2686,59484120
480177968000000,59504,-0.595,-0.023,-0.81,-0.02,-0.02,-0.08,1,imu01,imu_20260817T174209Z,2687,59504123
480178000000000,59524,-0.592,-0.025,-0.806,0.01,-0.14,0.0,1,imu01,imu_20260817T174209Z,2688,59524120
480178015000000,59544,-0.595,-0.019,-0.803,0.13,-0.13,-0.07,1,imu01,imu_20260817T174209Z,2689,59544123
480178031000000,59564,-0.595,-0.022,-0.81,0.08,-0.18,-0.06,1,imu01,imu_20260817T174209Z,2690,59564120
480178046000000,59584,-0.587,-0.02,-0.804,0.01,-0.1,0.03,1,imu01,imu_20260817T174209Z,2691,59584123
480178078000000,59604,-0.593,-0.022,-0.808,0.03,-0.1,0.08,1,imu01,imu_20260817T174209Z,2692,59604120
480178093000000,59624,-0.591,-0.022,-0.807,0.08,-0.1,0.02,1,imu01,imu_20260817T174209Z,2693,59624123
480178109000000,59644,-0.595,-0.025,-0.805,0.08,-0.16,0.06,1,imu01,imu_20260817T174209Z,2694,59644120
480178140000000,59664,-0.597,-0.02,-0.797,0.11,-0.11,0.02,1,imu01,imu_20260817T174209Z,2695,59664123
480178156000000,59684,-0.589,-0.025,-0.812,0.01,-0.16,-0.12,1,imu01,imu_20260817T174209Z,2696,59684120
480178171000000,59704,-0.595,-0.025,-0.806,0.03,-0.09,0.08,1,imu01,imu_20260817T174209Z,2697,59704123
480178187000000,59724,-0.588,-0.023,-0.808,0.03,0.03,0.03,1,imu01,imu_20260817T174209Z,2698,59724120
480178218000000,59744,-0.588,-0.017,-0.807,-0.04,-0.13,0.07,1,imu01,imu_20260817T174209Z,2699,59744123
480178234000000,59764,-0.593,-0.023,-0.804,-0.08,-0.03,0.01,1,imu01,imu_20260817T174209Z,2700,59764120
480178250000000,59784,-0.59,-0.022,-0.809,-0.01,0.02,0.0,1,imu01,imu_20260817T174209Z,2701,59784123
480178281000000,59804,-0.59,-0.022,-0.808,-0.04,0.09,-0.03,1,imu01,imu_20260817T174209Z,2702,59804120
480178296000000,59824,-0.593,-0.025,-0.809,-0.01,-0.11,-0.05,1,imu01,imu_20260817T174209Z,2703,59824123
480178312000000,59844,-0.592,-0.021,-0.803,-0.14,0.06,-0.0,1,imu01,imu_20260817T174209Z,2704,59844120
480178328000000,59864,-0.591,-0.022,-0.806,-0.07,0.09,0.05,1,imu01,imu_20260817T174209Z,2705,59864123
480178359000000,59884,-0.593,-0.022,-0.808,-0.04,0.05,-0.06,1,imu01,imu_20260817T174209Z,2706,59884120
480178375000000,59904,-0.592,-0.021,-0.804,-0.01,-0.03,-0.06,1,imu01,imu_20260817T174209Z,2707,59904123
480178390000000,59924,-0.593,-0.026,-0.802,0.01,-0.1,-0.09,1,imu01,imu_20260817T174209Z,2708,59924120
480178406000000,59944,-0.59,-0.021,-0.807,-0.13,-0.16,-0.11,1,imu01,imu_20260817T174209Z,2709,59944123
480178437000000,59964,-0.594,-0.024,-0.808,-0.08,0.03,0.01,1,imu01,imu_20260817T174209Z,2710,59964120
480178453000000,59984,-0.592,-0.024,-0.802,-0.06,-0.0,-0.0,1,imu01,imu_20260817T174209Z,2711,59984123
480178468000000,60004,-0.593,-0.021,-0.799,-0.07,-0.03,-0.0,1,imu01,imu_20260817T174209Z,2712,60004120
480178500000000,60024,-0.599,-0.021,-0.805,-0.05,0.09,0.0,1,imu01,imu_20260817T174209Z,2713,60024123
480178515000000,60044,-0.593,-0.023,-0.807,-0.07,0.13,0.01,1,imu01,imu_20260817T174209Z,2714,60044120
480178531000000,60064,-0.593,-0.018,-0.801,-0.04,-0.02,-0.02,1,imu01,imu_20260817T174209Z,2715,60064123
480178546000000,60084,-0.591,-0.022,-0.794,0.07,-0.1,-0.09,1,imu01,imu_20260817T174209Z,2716,60084120
480178578000000,60104,-0.59,-0.023,-0.809,-0.08,0.01,-0.0,1,imu01,imu_20260817T174209Z,2717,60104123
480178593000000,60124,-0.589,-0.022,-0.808,-0.02,-0.01,0.0,1,imu01,imu_20260817T174209Z,2718,60124120
480178609000000,60144,-0.593,-0.024,-0.804,0.03,-0.07,0.01,1,imu01,imu_20260817T174209Z,2719,60144123
480178640000000,60164,-0.598,-0.024,-0.801,0.1,-0.13,-0.01,1,imu01,imu_20260817T174209Z,2720,60164120
480178656000000,60184,-0.588,-0.02,-0.809,0.06,-0.03,0.0,1,imu01,imu_20260817T174209Z,2721,60184123
480178671000000,60204,-0.599,-0.025,-0.803,-0.04,-0.06,0.09,1,imu01,imu_20260817T174209Z,2722,60204120
480178687000000,60224,-0.594,-0.024,-0.814,0.14,-0.1,-0.0,1,imu01,imu_20260817T174209Z,2723,60224123
480178718000000,60244,-0.591,-0.02,-0.803,0.14,-0.1,0.03,1,imu01,imu_20260817T174209Z,2724,60244120
480178734000000,60264,-0.599,-0.022,-0.807,0.07,-0.16,0.07,1,imu01,imu_20260817T174209Z,2725,60264123
480178750000000,60284,-0.592,-0.024,-0.802,-0.03,-0.17,-0.02,1,imu01,imu_20260817T174209Z,2726,60284120
480178781000000,60304,-0.592,-0.021,-0.81,0.11,-0.23,-0.04,1,imu01,imu_20260817T174209Z,2727,60304123
480178796000000,60324,-0.589,-0.023,-0.806,0.08,-0.07,0.06,1,imu01,imu_20260817T174209Z,2728,60324120
480178812000000,60344,-0.59,-0.02,-0.804,0.01,-0.06,0.12,1,imu01,imu_20260817T174209Z,2729,60344123
480178828000000,60364,-0.591,-0.02,-0.808,0.04,-0.14,-0.08,1,imu01,imu_20260817T174209Z,2730,60364120
480178859000000,60384,-0.595,-0.022,-0.808,0.08,-0.09,-0.01,1,imu01,imu_20260817T174209Z,2731,60384123
480178875000000,60404,-0.592,-0.018,-0.803,0.08,0.0,0.04,1,imu01,imu_20260817T174209Z,2732,60404120
480178890000000,60424,-0.593,-0.02,-0.802,-0.06,-0.19,-0.04,1,imu01,imu_20260817T174209Z,2733,60424123
480178906000000,60444,-0.594,-0.023,-0.801,-0.02,-0.09,0.01,1,imu01,imu_20260817T174209Z,2734,60444120
480178937000000,60464,-0.589,-0.023,-0.806,0.02,-0.01,0.1,1,imu01,imu_20260817T174209Z,2735,60464123
480178953000000,60484,-0.592,-0.022,-0.805,-0.08,0.06,0.0,1,imu01,imu_20260817T174209Z,2736,60484120
480178968000000,60504,-0.589,-0.023,-0.803,0.01,-0.04,-0.07,1,imu01,imu_20260817T174209Z,2737,60504123
480179000000000,60524,-0.592,-0.023,-0.799,-0.08,0.0,-0.04,1,imu01,imu_20260817T174209Z,2738,60524120
480179015000000,60544,-0.596,-0.022,-0.806,-0.03,0.05,0.05,1,imu01,imu_20260817T174209Z,2739,60544123
480179031000000,60564,-0.592,-0.021,-0.805,0.01,0.17,-0.03,1,imu01,imu_20260817T174209Z,2740,60564120
480179046000000,60584,-0.593,-0.019,-0.803,-0.06,-0.01,-0.06,1,imu01,imu_20260817T174209Z,2741,60584123
480179078000000,60604,-0.592,-0.019,-0.799,-0.03,-0.12,0.0,1,imu01,imu_20260817T174209Z,2742,60604120
480179093000000,60624,-0.594,-0.022,-0.802,-0.05,0.06,-0.02,1,imu01,imu_20260817T174209Z,2743,60624123
480179109000000,60644,-0.594,-0.02,-0.812,-0.02,0.12,-0.06,1,imu01,imu_20260817T174209Z,2744,60644120
480179140000000,60664,-0.594,-0.025,-0.804,-0.0,0.03,-0.08,1,imu01,imu_20260817T174209Z,2745,60664123
480179156000000,60684,-0.597,-0.019,-0.806,-0.0,-0.06,0.04,1,imu01,imu_20260817T174209Z,2746,60684120
480179171000000,60704,-0.594,-0.019,-0.803,-0.05,0.03,-0.08,1,imu01,imu_20260817T174209Z,2747,60704123
480179187000000,60724,-0.593,-0.018,-0.803,-0.02,0.03,-0.01,1,imu01,imu_20260817T174209Z,2748,60724120
480179218000000,60744,-0.594,-0.022,-0.806,-0.01,-0.09,-0.01,1,imu01,imu_20260817T174209Z,2749,60744123
480179234000000,60764,-0.592,-0.026,-0.809,0.06,-0.14,-0.03,1,imu01,imu_20260817T174209Z,2750,60764120
480179250000000,60784,-0.59,-0.023,-0.808,-0.04,0.02,-0.11,1,imu01,imu_20260817T174209Z,2751,60784123
480179265000000,60804,-0.589,-0.022,-0.802,-0.0,-0.11,-0.0,1,imu01,imu_20260817T174209Z,2752,60804120
480179296000000,60824,-0.593,-0.024,-0.8,-0.04,-0.09,0.03,1,imu01,imu_20260817T174209Z,2753,60824123
480179312000000,60844,-0.593,-0.024,-0.805,0.05,-0.18,-0.09,1,imu01,imu_20260817T174209Z,2754,60844120
480179328000000,60864,-0.591,-0.026,-0.805,-0.03,-0.17,0.01,1,imu01,imu_20260817T174209Z,2755,60864123
480179359000000,60884,-0.595,-0.027,-0.809,-0.02,-0.04,0.07,1,imu01,imu_20260817T174209Z,2756,60884120
480179375000000,60904,-0.592,-0.02,-0.808,0.02,-0.14,-0.06,1,imu01,imu_20260817T174209Z,2757,60904123
480179390000000,60924,-0.591,-0.021,-0.808,0.03,-0.08,-0.04,1,imu01,imu_20260817T174209Z,2758,60924120
480179406000000,60944,-0.591,-0.018,-0.802,0.04,-0.16,0.1,1,imu01,imu_20260817T174209Z,2759,60944123
480179437000000,60964,-0.593,-0.019,-0.804,0.01,-0.1,-0.03,1,imu01,imu_20260817T174209Z,2760,60964120
480179453000000,60984,-0.591,-0.023,-0.807,0.07,-0.14,-0.13,1,imu01,imu_20260817T174209Z,2761,60984123
480179468000000,61004,-0.594,-0.018,-0.806,0.05,-0.18,-0.06,1,imu01,imu_20260817T174209Z,2762,61004120
480179500000000,61024,-0.589,-0.027,-0.801,0.07,-0.11,-0.09,1,imu01,imu_20260817T174209Z,2763,61024123
480179515000000,61044,-0.591,-0.021,-0.809,-0.02,-0.0,-0.06,1,imu01,imu_20260817T174209Z,2764,61044120
480179531000000,61064,-0.594,-0.021,-0.808,0.08,0.01,0.02,1,imu01,imu_20260817T174209Z,2765,61064123
480179546000000,61084,-0.589,-0.023,-0.809,-0.05,0.06,0.06,1,imu01,imu_20260817T174209Z,2766,61084120
480179578000000,61104,-0.59,-0.025,-0.807,-0.09,-0.06,-0.02,1,imu01,imu_20260817T174209Z,2767,61104123
480179593000000,61124,-0.596,-0.021,-0.808,-0.0,-0.05,-0.05,1,imu01,imu_20260817T174209Z,2768,61124120
480179609000000,61144,-0.591,-0.024,-0.806,-0.04,-0.02,0.1,1,imu01,imu_20260817T174209Z,2769,61144123
480179640000000,61164,-0.59,-0.018,-0.804,-0.11,0.11,0.03,1,imu01,imu_20260817T174209Z,2770,61164120
480179656000000,61184,-0.592,-0.023,-0.804,0.04,0.02,-0.09,1,imu01,imu_20260817T174209Z,2771,61184123
480179671000000,61204,-0.588,-0.023,-0.803,-0.04,-0.07,-0.05,1,imu01,imu_20260817T174209Z,2772,61204120
480179687000000,61224,-0.595,-0.022,-0.809,-0.07,0.09,0.0,1,imu01,imu_20260817T174209Z,2773,61224123
480179718000000,61244,-0.59,-0.022,-0.809,-0.04,0.07,-0.05,1,imu01,imu_20260817T174209Z,2774,61244120
480179734000000,61264,-0.593,-0.02,-0.804,-0.07,0.02,0.01,1,imu01,imu_20260817T174209Z,2775,61264123
480179750000000,61284,-0.596,-0.024,-0.806,-0.01,-0.12,-0.06,1,imu01,imu_20260817T174209Z,2776,61284120
480179765000000,61304,-0.595,-0.024,-0.804,-0.06,0.0,-0.04,1,imu01,imu_20260817T174209Z,2777,61304123
480179796000000,61324,-0.592,-0.024,-0.809,-0.06,0.1,-0.01,1,imu01,imu_20260817T174209Z,2778,61324120
480179812000000,61344,-0.593,-0.024,-0.807,-0.05,0.03,-0.04,1,imu01,imu_20260817T174209Z,2779,61344123
480179828000000,61364,-0.589,-0.026,-0.804,-0.02,-0.1,-0.0,1,imu01,imu_20260817T174209Z,2780,61364120
480179859000000,61384,-0.591,-0.022,-0.806,0.01,0.0,-0.07,1,imu01,imu_20260817T174209Z,2781,61384123
480179875000000,61404,-0.594,-0.024,-0.81,0.05,-0.05,0.04,1,imu01,imu_20260817T174209Z,2782,61404120
480179890000000,61424,-0.592,-0.023,-0.802,0.05,-0.09,-0.05,1,imu01,imu_20260817T174209Z,2783,61424123
480179906000000,61444,-0.596,-0.023,-0.807,0.07,-0.14,-0.1,1,imu01,imu_20260817T174209Z,2784,61444120
480179937000000,61464,-0.588,-0.024,-0.809,0.05,-0.12,-0.06,1,imu01,imu_20260817T174209Z,2785,61464123
480179953000000,61484,-0.591,-0.021,-0.809,0.09,-0.15,-0.03,1,imu01,imu_20260817T174209Z,2786,61484120
480179968000000,61504,-0.593,-0.024,-0.8,0.05,-0.1,-0.05,1,imu01,imu_20260817T174209Z,2787,61504123
480180000000000,61524,-0.592,-0.022,-0.799,0.05,-0.17,0.0,1,imu01,imu_20260817T174209Z,2788,61524120
480180015000000,61544,-0.59,-0.02,-0.804,0.09,-0.13,0.01,1,imu01,imu_20260817T174209Z,2789,61544123
480180031000000,61564,-0.591,-0.023,-0.811,0.02,-0.14,-0.0,1,imu01,imu_20260817T174209Z,2790,61564120
480180046000000,61584,-0.592,-0.024,-0.809,0.01,-0.19,-0.03,1,imu01,imu_20260817T174209Z,2791,61584123
480180078000000,61604,-0.591,-0.021,-0.81,0.01,-0.11,-0.07,1,imu01,imu_20260817T174209Z,2792,61604120
480180093000000,61624,-0.591,-0.022,-0.804,0.02,-0.11,-0.13,1,imu01,imu_20260817T174209Z,2793,61624123
480180109000000,61644,-0.592,-0.019,-0.803,0.03,-0.12,-0.04,1,imu01,imu_20260817T174209Z,2794,61644120
480180140000000,61664,-0.592,-0.027,-0.805,0.1,-0.08,0.0,1,imu01,imu_20260817T174209Z,2795,61664123
480180156000000,61684,-0.59,-0.021,-0.811,0.09,-0.09,0.01,1,imu01,imu_20260817T174209Z,2796,61684120
480180171000000,61704,-0.591,-0.022,-0.811,0.04,-0.16,-0.01,1,imu01,imu_20260817T174209Z,2797,61704123
480180187000000,61724,-0.594,-0.019,-0.806,0.05,-0.07,-0.02,1,imu01,imu_20260817T174209Z,2798,61724120
480180218000000,61744,-0.593,-0.023,-0.807,0.02,-0.01,0.01,1,imu01,imu_20260817T174209Z,2799,61744123
480180234000000,61764,-0.598,-0.018,-0.803,-0.06,0.07,0.02,1,imu01,imu_20260817T174209Z,2800,61764120
480180250000000,61784,-0.592,-0.024,-0.808,-0.08,0.0,-0.06,1,imu01,imu_20260817T174209Z,2801,61784123
480180265000000,61804,-0.591,-0.019,-0.804,-0.08,-0.1,-0.03,1,imu01,imu_20260817T174209Z,2802,61804120
480180296000000,61824,-0.589,-0.022,-0.808,-0.05,0.03,-0.0,1,imu01,imu_20260817T174209Z,2803,61824123
480180312000000,61844,-0.597,-0.021,-0.799,0.02,0.11,0.04,1,imu01,imu_20260817T174209Z,2804,61844120
480180328000000,61864,-0.593,-0.022,-0.804,-0.02,-0.08,-0.04,1,imu01,imu_20260817T174209Z,2805,61864123
480180359000000,61884,-0.592,-0.017,-0.805,-0.02,-0.09,0.0,1,imu01,imu_20260817T174209Z,2806,61884120
480180375000000,61904,-0.591,-0.026,-0.819,0.02,-0.04,-0.01,1,imu01,imu_20260817T174209Z,2807,61904123
480180390000000,61924,-0.593,-0.021,-0.804,-0.02,0.09,-0.01,1,imu01,imu_20260817T174209Z,2808,61924120
480180406000000,61944,-0.594,-0.02,-0.799,0.05,0.01,-0.01,1,imu01,imu_20260817T174209Z,2809,61944123
480180437000000,61964,-0.592,-0.023,-0.812,-0.04,-0.03,-0.02,1,imu01,imu_20260817T174209Z,2810,61964120
480180453000000,61984,-0.591,-0.026,-0.807,-0.05,0.06,0.04,1,imu01,imu_20260817T174209Z,2811,61984123
480180468000000,62004,-0.594,-0.023,-0.807,-0.02,0.1,-0.03,1,imu01,imu_20260817T174209Z,2812,62004120
480180500000000,62024,-0.589,-0.022,-0.802,0.08,-0.0,-0.05,1,imu01,imu_20260817T174209Z,2813,62024123
480180515000000,62044,-0.595,-0.018,-0.803,0.04,-0.15,0.03,1,imu01,imu_20260817T174209Z,2814,62044120
480180531000000,62064,-0.593,-0.022,-0.798,-0.0,-0.06,0.04,1,imu01,imu_20260817T174209Z,2815,62064123
480180546000000,62084,-0.589,-0.022,-0.805,-0.03,-0.03,0.03,1,imu01,imu_20260817T174209Z,2816,62084120
480180578000000,62104,-0.591,-0.019,-0.812,0.13,-0.11,0.02,1,imu01,imu_20260817T174209Z,2817,62104123
480180593000000,62124,-0.593,-0.021,-0.802,0.07,-0.1,-0.02,1,imu01,imu_20260817T174209Z,2818,62124120
480180609000000,62144,-0.592,-0.02,-0.81,0.04,-0.14,0.05,1,imu01,imu_20260817T174209Z,2819,62144123
480180640000000,62164,-0.59,-0.018,-0.804,-0.01,-0.11,0.04,1,imu01,imu_20260817T174209Z,2820,62164120
480180656000000,62184,-0.595,-0.019,-0.805,0.06,-0.16,-0.03,1,imu01,imu_20260817T174209Z,2821,62184123
480180671000000,62204,-0.591,-0.025,-0.807,0.07,-0.13,0.1,1,imu01,imu_20260817T174209Z,2822,62204120
480180687000000,62224,-0.596,-0.021,-0.809,0.12,-0.17,0.05,1,imu01,imu_20260817T174209Z,2823,62224123
480180718000000,62244,-0.593,-0.023,-0.809,0.03,-0.21,-0.07,1,imu01,imu_20260817T174209Z,2824,62244120
480180734000000,62264,-0.594,-0.023,-0.806,-0.0,-0.08,-0.09,1,imu01,imu_20260817T174209Z,2825,62264123
480180750000000,62284,-0.591,-0.025,-0.809,-0.02,-0.01,0.09,1,imu01,imu_20260817T174209Z,2826,62284120
480180781000000,62304,-0.591,-0.021,-0.808,-0.04,0.0,0.03,1,imu01,imu_20260817T174209Z,2827,62304123
480180796000000,62324,-0.594,-0.019,-0.81,-0.09,-0.13,0.0,1,imu01,imu_20260817T174209Z,2828,62324120
480180812000000,62344,-0.59,-0.024,-0.798,0.02,-0.08,-0.02,1,imu01,imu_20260817T174209Z,2829,62344123
480180828000000,62364,-0.591,-0.021,-0.803,0.04,-0.02,0.06,1,imu01,imu_20260817T174209Z,2830,62364120
480180859000000,62384,-0.591,-0.023,-0.804,-0.03,-0.06,-0.03,1,imu01,imu_20260817T174209Z,2831,62384123
480180875000000,62404,-0.594,-0.018,-0.807,0.06,-0.26,-0.09,1,imu01,imu_20260817T174209Z,2832,62404120
480180890000000,62424,-0.592,-0.023,-0.808,0.04,-0.16,-0.03,1,imu01,imu_20260817T174209Z,2833,62424123
480180906000000,62444,-0.599,-0.02,-0.809,-0.06,-0.15,-0.18,1,imu01,imu_20260817T174209Z,2834,62444120
480180937000000,62464,-0.589,-0.022,-0.804,0.01,-0.06,-0.07,1,imu01,imu_20260817T174209Z,2835,62464123
480180953000000,62484,-0.594,-0.026,-0.801,-0.07,0.02,0.03,1,imu01,imu_20260817T174209Z,2836,62484120
480180968000000,62504,-0.589,-0.018,-0.815,-0.02,0.11,-0.01,1,imu01,imu_20260817T174209Z,2837,62504123
480181000000000,62524,-0.592,-0.026,-0.804,-0.15,0.13,0.03,1,imu01,imu_20260817T174209Z,2838,62524120
480181015000000,62544,-0.594,-0.02,-0.81,-0.04,0.1,0.02,1,imu01,imu_20260817T174209Z,2839,62544123
480181031000000,62564,-0.597,-0.024,-0.804,-0.0,-0.01,-0.04,1,imu01,imu_20260817T174209Z,2840,62564120
480181046000000,62584,-0.593,-0.027,-0.797,-0.02,0.04,-0.02,1,imu01,imu_20260817T174209Z,2841,62584123
480181078000000,62604,-0.588,-0.025,-0.812,-0.07,0.1,0.06,1,imu01,imu_20260817T174209Z,2842,62604120
480181093000000,62624,-0.592,-0.018,-0.799,-0.05,0.03,-0.0,1,imu01,imu_20260817T174209Z,2843,62624123
480181109000000,62644,-0.597,-0.025,-0.81,-0.05,-0.14,0.01,1,imu01,imu_20260817T174209Z,2844,62644120
480181140000000,62664,-0.586,-0.026,-0.808,0.02,-0.04,-0.02,1,imu01,imu_20260817T174209Z,2845,62664123
480181156000000,62684,-0.595,-0.008,-0.803,0.01,-0.01,0.0,1,imu01,imu_20260817T174209Z,2846,62684120
480181171000000,62704,-0.595,-0.021,-0.802,0.01,-0.14,0.03,1,imu01,imu_20260817T174209Z,2847,62704123
480181187000000,62724,-0.599,-0.025,-0.799,0.07,-0.13,-0.03,1,imu01,imu_20260817T174209Z,2848,62724120
480181218000000,62744,-0.587,-0.027,-0.802,0.06,-0.06,-0.05,1,imu01,imu_20260817T174209Z,2849,62744123
480181234000000,62764,-0.591,-0.03,-0.808,0.01,-0.06,-0.01,1,imu01,imu_20260817T174209Z,2850,62764120
480181250000000,62784,-0.594,-0.019,-0.806,0.06,-0.12,0.04,1,imu01,imu_20260817T174209Z,2851,62784123
480181265000000,62804,-0.596,-0.028,-0.804,0.02,-0.17,-0.01,1,imu01,imu_20260817T174209Z,2852,62804120
480181296000000,62824,-0.596,-0.026,-0.804,0.02,-0.16,0.05,1,imu01,imu_20260817T174209Z,2853,62824123
480181312000000,62844,-0.586,-0.023,-0.81,0.04,-0.09,0.01,1,imu01,imu_20260817T174209Z,2854,62844120
480181328000000,62864,-0.587,-0.018,-0.799,0.1,-0.14,-0.03,1,imu01,imu_20260817T174209Z,2855,62864123
480181359000000,62884,-0.604,-0.024,-0.805,0.05,-0.08,-0.0,1,imu01,imu_20260817T174209Z,2856,62884120
480181375000000,62904,-0.594,-0.02,-0.815,-0.07,-0.06,0.09,1,imu01,imu_20260817T174209Z,2857,62904123
480181390000000,62924,-0.59,-0.026,-0.802,-0.08,-0.06,0.04,1,imu01,imu_20260817T174209Z,2858,62924120
480181406000000,62944,-0.588,-0.022,-0.803,0.03,-0.07,-0.06,1,imu01,imu_20260817T174209Z,2859,62944123
480181437000000,62964,-0.587,-0.026,-0.802,-0.02,-0.08,-0.04,1,imu01,imu_20260817T174209Z,2860,62964120
480181453000000,62984,-0.582,-0.022,-0.806,-0.08,-0.03,-0.07,1,imu01,imu_20260817T174209Z,2861,62984123
480181468000000,63004,-0.581,-0.017,-0.807,-0.05,-0.16,-0.03,1,imu01,imu_20260817T174209Z,2862,63004120
480181500000000,63024,-0.59,-0.021,-0.799,-0.0,-0.03,-0.09,1,imu01,imu_20260817T174209Z,2863,63024123
480181515000000,63044,-0.607,-0.028,-0.814,0.05,0.04,-0.05,1,imu01,imu_20260817T174209Z,2864,63044120
480181531000000,63064,-0.587,-0.024,-0.797,-0.02,-0.04,-0.03,1,imu01,imu_20260817T174209Z,2865,63064123
480181546000000,63084,-0.592,-0.032,-0.807,-0.05,-0.07,-0.1,1,imu01,imu_20260817T174209Z,2866,63084120
480181578000000,63104,-0.602,-0.017,-0.801,-0.02,-0.03,-0.06,1,imu01,imu_20260817T174209Z,2867,63104123
480181593000000,63124,-0.599,-0.017,-0.813,0.01,0.09,-0.08,1,imu01,imu_20260817T174209Z,2868,63124120
480181609000000,63144,-0.597,-0.017,-0.801,0.01,0.06,-0.05,1,imu01,imu_20260817T174209Z,2869,63144123
480181640000000,63164,-0.588,-0.032,-0.812,-0.05,-0.08,0.02,1,imu01,imu_20260817T174209Z,2870,63164120
480181656000000,63184,-0.593,-0.022,-0.801,-0.05,-0.04,-0.09,1,imu01,imu_20260817T174209Z,2871,63184123
480181671000000,63204,-0.587,-0.022,-0.81,0.06,0.06,0.0,1,imu01,imu_20260817T174209Z,2872,63204120
480181687000000,63224,-0.604,-0.021,-0.815,-0.0,-0.06,-0.01,1,imu01,imu_20260817T174209Z,2873,63224123
480181718000000,63244,-0.6,-0.02,-0.808,0.07,-0.21,0.01,1,imu01,imu_20260817T174209Z,2874,63244120
480181734000000,63264,-0.602,-0.035,-0.802,0.06,-0.14,-0.0,1,imu01,imu_20260817T174209Z,2875,63264123
480181750000000,63284,-0.59,-0.023,-0.806,0.01,0.02,-0.02,1,imu01,imu_20260817T174209Z,2876,63284120
480181765000000,63304,-0.593,-0.007,-0.81,-0.02,-0.0,-0.03,1,imu01,imu_20260817T174209Z,2877,63304123
480181796000000,63324,-0.592,-0.036,-0.794,-0.04,-0.14,-0.03,1,imu01,imu_20260817T174209Z,2878,63324120
480181812000000,63344,-0.588,-0.025,-0.81,-0.05,-0.07,0.0,1,imu01,imu_20260817T174209Z,2879,63344123
480181828000000,63364,-0.569,-0.022,-0.801,-0.0,-0.02,0.04,1,imu01,imu_20260817T174209Z,2880,63364120
480181859000000,63384,-0.588,-0.011,-0.809,0.04,-0.1,0.07,1,imu01,imu_20260817T174209Z,2881,63384123
480181875000000,63404,-0.599,-0.013,-0.808,-0.02,-0.02,-0.02,1,imu01,imu_20260817T174209Z,2882,63404120
480181890000000,63424,-0.593,-0.017,-0.795,0.04,-0.17,0.05,1,imu01,imu_20260817T174209Z,2883,63424123
480181906000000,63444,-0.592,-0.017,-0.806,0.02,-0.1,-0.06,1,imu01,imu_20260817T174209Z,2884,63444120
480181937000000,63464,-0.594,-0.023,-0.809,-0.05,-0.2,0.05,1,imu01,imu_20260817T174209Z,2885,63464123
480181953000000,63484,-0.598,-0.019,-0.804,0.03,-0.12,-0.04,1,imu01,imu_20260817T174209Z,2886,63484120
480181968000000,63504,-0.584,-0.018,-0.804,0.06,-0.13,0.02,1,imu01,imu_20260817T174209Z,2887,63504123
480182000000000,63524,-0.596,-0.041,-0.808,0.04,-0.13,0.03,1,imu01,imu_20260817T174209Z,2888,63524120
480182015000000,63544,-0.596,-0.042,-0.803,0.05,-0.19,-0.04,1,imu01,imu_20260817T174209Z,2889,63544123
480182031000000,63564,-0.579,-0.03,-0.796,0.12,-0.27,0.04,1,imu01,imu_20260817T174209Z,2890,63564120
480182046000000,63584,-0.595,-0.014,-0.8,0.06,-0.03,0.07,1,imu01,imu_20260817T174209Z,2891,63584123
480182078000000,63604,-0.595,-0.021,-0.806,0.05,-0.1,0.05,1,imu01,imu_20260817T174209Z,2892,63604120
480182093000000,63624,-0.594,-0.032,-0.802,-0.02,-0.12,-0.03,1,imu01,imu_20260817T174209Z,2893,63624123
480182109000000,63644,-0.597,-0.022,-0.796,-0.05,0.08,0.05,1,imu01,imu_20260817T174209Z,2894,63644120
480182140000000,63664,-0.594,-0.028,-0.793,-0.05,0.1,-0.05,1,imu01,imu_20260817T174209Z,2895,63664123
480182156000000,63684,-0.593,-0.02,-0.811,-0.11,0.03,0.04,1,imu01,imu_20260817T174209Z,2896,63684120
480182171000000,63704,-0.594,-0.015,-0.805,-0.05,-0.07,-0.08,1,imu01,imu_20260817T174209Z,2897,63704123
480182187000000,63724,-0.602,-0.033,-0.807,0.03,0.01,0.02,1,imu01,imu_20260817T174209Z,2898,63724120
480182218000000,63744,-0.589,-0.02,-0.796,-0.0,-0.02,0.0,1,imu01,imu_20260817T174209Z,2899,63744123
480182234000000,63764,-0.611,-0.038,-0.803,-0.02,-0.07,-0.03,1,imu01,imu_20260817T174209Z,2900,63764120
480182250000000,63784,-0.603,-0.022,-0.797,-0.01,-0.03,-0.01,1,imu01,imu_20260817T174209Z,2901,63784123
480182265000000,63804,-0.595,-0.005,-0.802,-0.02,0.2,0.03,1,imu01,imu_20260817T174209Z,2902,63804120
480182296000000,63824,-0.591,-0.031,-0.803,-0.02,0.09,0.02,1,imu01,imu_20260817T174209Z,2903,63824123
480182312000000,63844,-0.6,-0.014,-0.82,0.03,-0.08,-0.1,1,imu01,imu_20260817T174209Z,2904,63844120
480182328000000,63864,-0.592,-0.024,-0.789,-0.04,-0.07,-0.03,1,imu01,imu_20260817T174209Z,2905,63864123
480182359000000,63884,-0.59,-0.03,-0.804,-0.02,-0.06,-0.06,1,imu01,imu_20260817T174209Z,2906,63884120
480182375000000,63904,-0.589,-0.029,-0.817,-0.05,0.1,-0.03,1,imu01,imu_20260817T174209Z,2907,63904123
480182390000000,63924,-0.603,-0.008,-0.79,-0.01,-0.0,0.03,1,imu01,imu_20260817T174209Z,2908,63924120
480182406000000,63944,-0.594,-0.017,-0.818,-0.14,-0.08,0.03,1,imu01,imu_20260817T174209Z,2909,63944123
480182437000000,63964,-0.599,-0.011,-0.799,-0.07,0.05,0.0,1,imu01,imu_20260817T174209Z,2910,63964120
480182453000000,63984,-0.606,-0.023,-0.815,-0.02,-0.12,0.07,1,imu01,imu_20260817T174209Z,2911,63984123
480182468000000,64004,-0.578,-0.032,-0.797,-0.02,-0.16,-0.01,1,imu01,imu_20260817T174209Z,2912,64004120
480182500000000,64024,-0.578,-0.022,-0.801,0.04,-0.16,-0.19,1,imu01,imu_20260817T174209Z,2913,64024123
480182515000000,64044,-0.598,-0.025,-0.807,-0.05,-0.06,-0.06,1,imu01,imu_20260817T174209Z,2914,64044120
480182531000000,64064,-0.605,-0.019,-0.809,0.05,-0.07,0.01,1,imu01,imu_20260817T174209Z,2915,64064123
480182546000000,64084,-0.592,-0.017,-0.797,0.02,-0.08,-0.0,1,imu01,imu_20260817T174209Z,2916,64084120
480182578000000,64104,-0.596,-0.029,-0.799,0.05,-0.1,-0.02,1,imu01,imu_20260817T174209Z,2917,64104123
480182593000000,64124,-0.585,-0.004,-0.801,-0.0,-0.06,0.12,1,imu01,imu_20260817T174209Z,2918,64124120
480182609000000,64144,-0.587,-0.02,-0.803,0.05,-0.14,-0.01,1,imu01,imu_20260817T174209Z,2919,64144123
480182640000000,64164,-0.599,-0.016,-0.795,0.21,-0.23,-0.12,1,imu01,imu_20260817T174209Z,2920,64164120
480182656000000,64184,-0.602,-0.027,-0.81,-0.04,-0.07,-0.03,1,imu01,imu_20260817T174209Z,2921,64184123
480182671000000,64204,-0.598,-0.016,-0.811,-0.01,-0.13,-0.05,1,imu01,imu_20260817T174209Z,2922,64204120
480182687000000,64224,-0.595,-0.036,-0.809,-0.05,-0.17,-0.04,1,imu01,imu_20260817T174209Z,2923,64224123
480182718000000,64244,-0.597,-0.002,-0.801,0.09,-0.17,0.01,1,imu01,imu_20260817T174209Z,2924,64244120
480182734000000,64264,-0.586,-0.017,-0.804,0.01,0.02,0.05,1,imu01,imu_20260817T174209Z,2925,64264123
480182750000000,64284,-0.589,-0.022,-0.808,-0.11,-0.13,-0.05,1,imu01,imu_20260817T174209Z,2926,64284120
480182781000000,64304,-0.607,-0.025,-0.804,-0.02,-0.16,-0.13,1,imu01,imu_20260817T174209Z,2927,64304123
480182796000000,64324,-0.592,-0.033,-0.811,0.04,-0.05,-0.05,1,imu01,imu_20260817T174209Z,2928,64324120
480182812000000,64344,-0.592,-0.026,-0.803,-0.05,-0.06,-0.06,1,imu01,imu_20260817T174209Z,2929,64344123
480182828000000,64364,-0.592,-0.024,-0.801,-0.05,-0.1,-0.2,1,imu01,imu_20260817T174209Z,2930,64364120
480182859000000,64384,-0.595,-0.022,-0.8,-0.02,0.01,-0.06,1,imu01,imu_20260817T174209Z,2931,64384123
480182875000000,64404,-0.595,-0.025,-0.8,-0.1,-0.01,-0.07,1,imu01,imu_20260817T174209Z,2932,64404120
480182890000000,64424,-0.6,-0.021,-0.813,-0.02,0.18,-0.06,1,imu01,imu_20260817T174209Z,2933,64424123
480182906000000,64444,-0.6,-0.019,-0.803,-0.05,-0.03,0.01,1,imu01,imu_20260817T174209Z,2934,64444120
480182937000000,64464,-0.583,-0.039,-0.808,-0.07,-0.14,-0.05,1,imu01,imu_20260817T174209Z,2935,64464123
480182953000000,64484,-0.581,-0.019,-0.796,-0.03,0.04,0.01,1,imu01,imu_20260817T174209Z,2936,64484120
480182968000000,64504,-0.596,-0.03,-0.801,-0.02,0.04,-0.01,1,imu01,imu_20260817T174209Z,2937,64504123
480183000000000,64524,-0.588,-0.02,-0.8,-0.08,-0.06,-0.03,1,imu01,imu_20260817T174209Z,2938,64524120
480183015000000,64544,-0.594,-0.014,-0.793,0.08,-0.13,-0.1,1,imu01,imu_20260817T174209Z,2939,64544123
480183031000000,64564,-0.598,-0.028,-0.8,0.01,0.03,-0.06,1,imu01,imu_20260817T174209Z,2940,64564120
480183046000000,64584,-0.599,-0.02,-0.807,0.11,-0.05,-0.0,1,imu01,imu_20260817T174209Z,2941,64584123
480183078000000,64604,-0.594,-0.021,-0.799,0.01,-0.14,-0.05,1,imu01,imu_20260817T174209Z,2942,64604120
480183093000000,64624,-0.598,-0.027,-0.802,0.05,-0.13,-0.02,1,imu01,imu_20260817T174209Z,2943,64624123
480183109000000,64644,-0.602,-0.026,-0.808,-0.06,0.06,-0.01,1,imu01,imu_20260817T174209Z,2944,64644120
480183140000000,64664,-0.597,-0.032,-0.807,0.08,-0.06,0.02,1,imu01,imu_20260817T174209Z,2945,64664123
480183156000000,64684,-0.597,-0.028,-0.806,0.01,-0.14,0.04,1,imu01,imu_20260817T174209Z,2946,64684120
480183171000000,64704,-0.587,-0.021,-0.793,0.04,-0.09,-0.08,1,imu01,imu_20260817T174209Z,2947,64704123
480183187000000,64724,-0.582,-0.028,-0.799,0.01,-0.07,-0.03,1,imu01,imu_20260817T174209Z,2948,64724120
480183218000000,64744,-0.589,-0.026,-0.787,0.02,-0.04,-0.02,1,imu01,imu_20260817T174209Z,2949,64744123
480183234000000,64764,-0.593,-0.029,-0.794,0.11,-0.13,-0.03,1,imu01,imu_20260817T174209Z,2950,64764120
480183250000000,64784,-0.601,-0.02,-0.794,0.11,-0.05,0.09,1,imu01,imu_20260817T174209Z,2951,64784123
480183265000000,64804,-0.596,-0.014,-0.794,-0.01,-0.18,-0.0,1,imu01,imu_20260817T174209Z,2952,64804120
480183296000000,64824,-0.589,-0.027,-0.806,-0.03,-0.05,-0.16,1,imu01,imu_20260817T174209Z,2953,64824123
480183312000000,64844,-0.593,-0.02,-0.8,0.07,-0.14,-0.03,1,imu01,imu_20260817T174209Z,2954,64844120
480183328000000,64864,-0.581,-0.02,-0.805,0.04,0.0,-0.0,1,imu01,imu_20260817T174209Z,2955,64864123
480183359000000,64884,-0.589,-0.029,-0.802,-0.02,-0.07,-0.03,1,imu01,imu_20260817T174209Z,2956,64884120
480183375000000,64904,-0.587,-0.028,-0.8,-0.13,-0.16,-0.14,1,imu01,imu_20260817T174209Z,2957,64904123
480183390000000,64924,-0.598,-0.022,-0.797,0.05,-0.04,-0.01,1,imu01,imu_20260817T174209Z,2958,64924120
480183406000000,64944,-0.599,-0.033,-0.812,-0.02,0.04,-0.08,1,imu01,imu_20260817T174209Z,2959,64944123
480183437000000,64964,-0.594,-0.023,-0.807,-0.03,-0.12,-0.12,1,imu01,imu_20260817T174209Z,2960,64964120
480183453000000,64984,-0.595,-0.016,-0.797,-0.01,0.01,-0.07,1,imu01,imu_20260817T174209Z,2961,64984123
480183468000000,65004,-0.599,-0.024,-0.806,-0.0,-0.06,-0.11,1,imu01,imu_20260817T174209Z,2962,65004120
480183500000000,65024,-0.594,-0.018,-0.81,0.02,-0.03,-0.08,1,imu01,imu_20260817T174209Z,2963,65024123
480183515000000,65044,-0.587,-0.022,-0.806,-0.02,-0.08,-0.04,1,imu01,imu_20260817T174209Z,2964,65044120
480183531000000,65064,-0.591,-0.021,-0.798,-0.03,-0.02,0.01,1,imu01,imu_20260817T174209Z,2965,65064123
480183546000000,65084,-0.594,-0.017,-0.807,-0.04,0.16,-0.03,1,imu01,imu_20260817T174209Z,2966,65084120
480183578000000,65104,-0.595,-0.021,-0.802,0.05,0.03,-0.06,1,imu01,imu_20260817T174209Z,2967,65104123
480183593000000,65124,-0.593,-0.024,-0.801,-0.08,-0.0,-0.1,1,imu01,imu_20260817T174209Z,2968,65124120
480183609000000,65144,-0.597,-0.022,-0.808,0.05,-0.13,0.04,1,imu01,imu_20260817T174209Z,2969,65144123
480183640000000,65164,-0.591,-0.027,-0.805,-0.08,0.13,-0.03,1,imu01,imu_20260817T174209Z,2970,65164120
480183656000000,65184,-0.597,-0.024,-0.805,-0.01,-0.01,0.01,1,imu01,imu_20260817T174209Z,2971,65184123
480183671000000,65204,-0.593,-0.023,-0.812,-0.01,-0.09,-0.01,1,imu01,imu_20260817T174209Z,2972,65204120
480183687000000,65224,-0.594,-0.021,-0.811,0.11,-0.12,-0.0,1,imu01,imu_20260817T174209Z,2973,65224123
480183718000000,65244,-0.593,-0.02,-0.804,0.01,0.06,-0.01,1,imu01,imu_20260817T174209Z,2974,65244120
480183734000000,65264,-0.593,-0.02,-0.805,0.01,-0.13,0.08,1,imu01,imu_20260817T174209Z,2975,65264123
480183750000000,65284,-0.592,-0.024,-0.806,0.02,-0.15,0.09,1,imu01,imu_20260817T174209Z,2976,65284120
480183765000000,65304,-0.591,-0.023,-0.806,0.18,-0.13,-0.01,1,imu01,imu_20260817T174209Z,2977,65304123
480183796000000,65324,-0.59,-0.026,-0.813,-0.09,-0.02,-0.09,1,imu01,imu_20260817T174209Z,2978,65324120
480183812000000,65344,-0.592,-0.024,-0.808,-0.04,-0.13,0.09,1,imu01,imu_20260817T174209Z,2979,65344123
480183828000000,65364,-0.596,-0.026,-0.802,0.07,-0.13,0.08,1,imu01,imu_20260817T174209Z,2980,65364120
480183859000000,65384,-0.59,-0.024,-0.812,0.01,-0.16,0.03,1,imu01,imu_20260817T174209Z,2981,65384123
480183875000000,65404,-0.593,-0.023,-0.81,0.01,-0.16,0.08,1,imu01,imu_20260817T174209Z,2982,65404120
480183890000000,65424,-0.591,-0.022,-0.806,0.03,-0.1,0.05,1,imu01,imu_20260817T174209Z,2983,65424123
480183906000000,65444,-0.595,-0.024,-0.805,0.09,-0.17,-0.06,1,imu01,imu_20260817T174209Z,2984,65444120
480183937000000,65464,-0.592,-0.02,-0.805,0.04,0.03,-0.03,1,imu01,imu_20260817T174209Z,2985,65464123
480183953000000,65484,-0.591,-0.02,-0.809,-0.01,-0.1,-0.08,1,imu01,imu_20260817T174209Z,2986,65484120
480183968000000,65504,-0.592,-0.024,-0.804,-0.04,-0.1,-0.11,1,imu01,imu_20260817T174209Z,2987,65504123
480184000000000,65524,-0.593,-0.02,-0.805,0.01,-0.11,0.05,1,imu01,imu_20260817T174209Z,2988,65524120
480184015000000,65544,-0.591,-0.021,-0.81,-0.07,-0.02,-0.16,1,imu01,imu_20260817T174209Z,2989,65544123
480184031000000,65564,-0.592,-0.025,-0.812,-0.02,-0.08,-0.03,1,imu01,imu_20260817T174209Z,2990,65564120
480184046000000,65584,-0.594,-0.021,-0.806,-0.0,0.07,0.06,1,imu01,imu_20260817T174209Z,2991,65584123
480184078000000,65604,-0.596,-0.022,-0.812,-0.01,0.0,0.07,1,imu01,imu_20260817T174209Z,2992,65604120
480184093000000,65624,-0.597,-0.02,-0.813,-0.02,0.05,-0.03,1,imu01,imu_20260817T174209Z,2993,65624123
480184109000000,65644,-0.592,-0.021,-0.802,-0.08,-0.16,-0.03,1,imu01,imu_20260817T174209Z,2994,65644120
480184140000000,65664,-0.589,-0.022,-0.804,-0.02,0.11,0.04,1,imu01,imu_20260817T174209Z,2995,65664123
480184156000000,65684,-0.592,-0.021,-0.801,-0.01,0.1,-0.15,1,imu01,imu_20260817T174209Z,2996,65684120
480184171000000,65704,-0.595,-0.022,-0.81,0.07,-0.0,-0.07,1,imu01,imu_20260817T174209Z,2997,65704123
480184187000000,65724,-0.591,-0.023,-0.795,0.08,-0.05,-0.06,1,imu01,imu_20260817T174209Z,2998,65724120
480184218000000,65744,-0.595,-0.024,-0.805,-0.01,0.03,-0.06,1,imu01,imu_20260817T174209Z,2999,65744123
