host_monotonic_ns,t_ms,ax_g,ay_g,az_g,gx_dps,gy_dps,gz_dps,schema_version,device_id,session_id,sequence,device_timestamp_us,host_capture_monotonic_ns
482833750000000,5764,-0.671,-0.036,-0.733,0.13,0.07,-0.07,1,imu01,fusion_20260817T182717Z,0,5764276,482832971676921
482833750000000,5784,-0.676,-0.036,-0.737,0.01,-0.12,-0.13,1,imu01,fusion_20260817T182717Z,1,5784272,482832991672200
482833750000000,5804,-0.673,-0.034,-0.733,0.02,-0.03,0.02,1,imu01,fusion_20260817T182717Z,2,5804276,482833011675480
482833750000000,5824,-0.675,-0.037,-0.73,-0.2,0.05,-0.07,1,imu01,fusion_20260817T182717Z,3,5824272,482833031670759
482833750000000,5844,-0.673,-0.034,-0.732,-0.02,-0.0,0.01,1,imu01,fusion_20260817T182717Z,4,5844276,482833051674038
482833765000000,5864,-0.673,-0.033,-0.737,-0.11,0.0,-0.07,1,imu01,fusion_20260817T182717Z,5,5864272,482833071669318
482833765000000,5884,-0.676,-0.034,-0.74,0.04,-0.22,-0.08,1,imu01,fusion_20260817T182717Z,6,5884276,482833091672597
482833765000000,5904,-0.676,-0.039,-0.735,-0.03,0.18,-0.01,1,imu01,fusion_20260817T182717Z,7,5904272,482833111667876
482833765000000,5924,-0.677,-0.036,-0.736,-0.15,-0.14,-0.04,1,imu01,fusion_20260817T182717Z,8,5924276,482833131671156
482833765000000,5944,-0.68,-0.034,-0.739,-0.13,-0.12,0.06,1,imu01,fusion_20260817T182717Z,9,5944272,482833151666435
482833765000000,5964,-0.68,-0.034,-0.732,-0.01,-0.07,0.09,1,imu01,fusion_20260817T182717Z,10,5964276,482833171669714
482833765000000,5984,-0.677,-0.034,-0.729,0.07,0.08,-0.0,1,imu01,fusion_20260817T182717Z,11,5984272,482833191664994
482833765000000,6004,-0.675,-0.032,-0.742,0.08,-0.11,0.0,1,imu01,fusion_20260817T182717Z,12,6004276,482833211668273
482833765000000,6024,-0.675,-0.037,-0.737,0.1,-0.04,0.04,1,imu01,fusion_20260817T182717Z,13,6024272,482833231663553
482833781000000,6044,-0.675,-0.037,-0.739,-0.02,0.03,0.06,1,imu01,fusion_20260817T182717Z,14,6044276,482833251666832
482833781000000,6064,-0.676,-0.036,-0.724,-0.07,0.1,-0.01,1,imu01,fusion_20260817T182717Z,15,6064272,482833271662111
482833781000000,6084,-0.674,-0.034,-0.741,0.01,-0.04,-0.03,1,imu01,fusion_20260817T182717Z,16,6084276,482833291665391
482833781000000,6104,-0.675,-0.036,-0.733,0.11,0.02,-0.07,1,imu01,fusion_20260817T182717Z,17,6104272,482833311660670
482833781000000,6124,-0.672,-0.038,-0.736,-0.02,0.15,-0.07,1,imu01,fusion_20260817T182717Z,18,6124276,482833331663949
482833781000000,6144,-0.671,-0.034,-0.74,-0.07,0.04,0.0,1,imu01,fusion_20260817T182717Z,19,6144272,482833351659229
482833781000000,6164,-0.675,-0.034,-0.734,-0.2,-0.11,-0.1,1,imu01,fusion_20260817T182717Z,20,6164276,482833371662508
482833781000000,6184,-0.68,-0.036,-0.731,-0.02,-0.13,-0.01,1,imu01,fusion_20260817T182717Z,21,6184272,482833391657788
482833781000000,6204,-0.679,-0.036,-0.737,-0.15,0.13,-0.01,1,imu01,fusion_20260817T182717Z,22,6204276,482833411661067
482833781000000,6224,-0.678,-0.032,-0.736,-0.04,-0.05,0.03,1,imu01,fusion_20260817T182717Z,23,6224272,482833431656346
482833796000000,6244,-0.676,-0.036,-0.736,0.14,0.1,-0.08,1,imu01,fusion_20260817T182717Z,24,6244276,482833451659625
482833796000000,6264,-0.677,-0.036,-0.736,-0.12,-0.29,0.08,1,imu01,fusion_20260817T182717Z,25,6264272,482833471654905
482833796000000,6284,-0.677,-0.041,-0.736,0.28,0.35,-0.03,1,imu01,fusion_20260817T182717Z,26,6284276,482833491658184
482833796000000,6304,-0.676,-0.037,-0.746,0.08,0.01,0.03,1,imu01,fusion_20260817T182717Z,27,6304272,482833511653464
482833796000000,6324,-0.675,-0.04,-0.742,-0.14,-0.03,0.1,1,imu01,fusion_20260817T182717Z,28,6324276,482833531656743
482833796000000,6344,-0.678,-0.038,-0.734,0.22,0.04,0.11,1,imu01,fusion_20260817T182717Z,29,6344272,482833551652022
482833796000000,6364,-0.678,-0.037,-0.741,0.14,0.12,0.05,1,imu01,fusion_20260817T182717Z,30,6364276,482833571655302
482833796000000,6384,-0.672,-0.034,-0.736,0.11,-0.12,-0.15,1,imu01,fusion_20260817T182717Z,31,6384272,482833591650581
482833796000000,6404,-0.676,-0.036,-0.731,0.04,0.01,0.01,1,imu01,fusion_20260817T182717Z,32,6404276,482833611653860
482833796000000,6424,-0.675,-0.039,-0.729,0.12,0.15,-0.0,1,imu01,fusion_20260817T182717Z,33,6424272,482833631649140
482833796000000,6444,-0.677,-0.032,-0.734,-0.05,0.16,0.03,1,imu01,fusion_20260817T182717Z,34,6444276,482833651652419
482833796000000,6464,-0.674,-0.036,-0.736,-0.0,-0.06,-0.01,1,imu01,fusion_20260817T182717Z,35,6464272,482833671647699
482833796000000,6484,-0.678,-0.033,-0.733,-0.02,-0.06,-0.03,1,imu01,fusion_20260817T182717Z,36,6484276,482833691650978
482833796000000,6504,-0.677,-0.033,-0.735,-0.08,0.08,0.05,1,imu01,fusion_20260817T182717Z,37,6504272,482833711646257
482833812000000,6524,-0.677,-0.033,-0.733,-0.04,-0.05,0.11,1,imu01,fusion_20260817T182717Z,38,6524276,482833731649536
482833812000000,6544,-0.676,-0.035,-0.741,0.01,0.04,-0.05,1,imu01,fusion_20260817T182717Z,39,6544272,482833751644816
482833812000000,6564,-0.678,-0.037,-0.737,-0.12,-0.03,-0.03,1,imu01,fusion_20260817T182717Z,40,6564276,482833771648095
482833812000000,6584,-0.678,-0.034,-0.729,-0.03,0.07,0.06,1,imu01,fusion_20260817T182717Z,41,6584272,482833791643375
482833828000000,6604,-0.674,-0.039,-0.735,-0.11,-0.09,0.03,1,imu01,fusion_20260817T182717Z,42,6604276,482833811646654
482833843000000,6624,-0.678,-0.041,-0.732,0.01,-0.04,0.03,1,imu01,fusion_20260817T182717Z,43,6624272,482833831641933
482833859000000,6644,-0.675,-0.035,-0.729,0.01,-0.1,0.06,1,imu01,fusion_20260817T182717Z,44,6644276,482833851645213
482833875000000,6664,-0.676,-0.036,-0.737,-0.21,-0.01,-0.09,1,imu01,fusion_20260817T182717Z,45,6664272,482833871640492
482833906000000,6684,-0.678,-0.035,-0.734,0.12,0.03,0.06,1,imu01,fusion_20260817T182717Z,46,6684276,482833891643771
482833921000000,6704,-0.678,-0.034,-0.737,0.11,0.02,0.05,1,imu01,fusion_20260817T182717Z,47,6704272,482833911639051
482833937000000,6724,-0.678,-0.035,-0.735,0.22,-0.01,0.08,1,imu01,fusion_20260817T182717Z,48,6724276,482833931642330
482833968000000,6744,-0.677,-0.032,-0.735,-0.17,-0.02,0.0,1,imu01,fusion_20260817T182717Z,49,6744272,482833951637610
482833984000000,6764,-0.68,-0.031,-0.733,0.1,0.02,-0.14,1,imu01,fusion_20260817T182717Z,50,6764276,482833971640889
482834000000000,6784,-0.673,-0.033,-0.736,-0.21,-0.16,-0.11,1,imu01,fusion_20260817T182717Z,51,6784272,482833991636168
482834015000000,6804,-0.681,-0.038,-0.736,0.14,0.23,0.1,1,imu01,fusion_20260817T182717Z,52,6804275,482834011638448
482834046000000,6824,-0.676,-0.037,-0.743,0.04,0.15,0.03,1,imu01,fusion_20260817T182717Z,53,6824272,482834031634727
482834062000000,6844,-0.675,-0.035,-0.73,0.08,0.01,-0.1,1,imu01,fusion_20260817T182717Z,54,6844276,482834051638006
482834078000000,6864,-0.673,-0.033,-0.733,0.03,-0.11,-0.04,1,imu01,fusion_20260817T182717Z,55,6864272,482834071633286
482834093000000,6884,-0.676,-0.034,-0.732,-0.08,0.13,0.01,1,imu01,fusion_20260817T182717Z,56,6884276,482834091636565
482834125000000,6904,-0.677,-0.034,-0.735,0.18,0.13,0.08,1,imu01,fusion_20260817T182717Z,57,6904272,482834111631844
482834140000000,6924,-0.676,-0.034,-0.736,-0.02,-0.03,-0.02,1,imu01,fusion_20260817T182717Z,58,6924276,482834131635124
482834156000000,6944,-0.679,-0.037,-0.733,0.09,-0.04,-0.06,1,imu01,fusion_20260817T182717Z,59,6944272,482834151630403
482834187000000,6964,-0.681,-0.038,-0.731,-0.19,0.18,-0.05,1,imu01,fusion_20260817T182717Z,60,6964276,482834171633682
482834203000000,6984,-0.677,-0.034,-0.738,-0.05,-0.13,0.03,1,imu01,fusion_20260817T182717Z,61,6984272,482834191628962
482834218000000,7004,-0.673,-0.036,-0.734,-0.16,-0.07,-0.04,1,imu01,fusion_20260817T182717Z,62,7004276,482834211632241
482834234000000,7024,-0.676,-0.038,-0.74,0.5,0.21,0.03,1,imu01,fusion_20260817T182717Z,63,7024272,482834231627521
482834265000000,7044,-0.676,-0.034,-0.741,0.28,0.25,-0.12,1,imu01,fusion_20260817T182717Z,64,7044276,482834251630800
482834281000000,7064,-0.676,-0.038,-0.732,-0.25,-0.21,-0.0,1,imu01,fusion_20260817T182717Z,65,7064272,482834271626079
482834296000000,7084,-0.677,-0.034,-0.738,-0.15,-0.06,0.03,1,imu01,fusion_20260817T182717Z,66,7084276,482834291629358
482834328000000,7104,-0.68,-0.037,-0.736,-0.31,-0.25,-0.01,1,imu01,fusion_20260817T182717Z,67,7104272,482834311624638
482834343000000,7124,-0.674,-0.035,-0.736,0.02,0.11,-0.03,1,imu01,fusion_20260817T182717Z,68,7124276,482834331627917
482834359000000,7144,-0.673,-0.037,-0.742,-0.08,-0.16,-0.07,1,imu01,fusion_20260817T182717Z,69,7144272,482834351623197
482834375000000,7164,-0.678,-0.036,-0.74,0.21,0.0,-0.07,1,imu01,fusion_20260817T182717Z,70,7164276,482834371626476
482834406000000,7184,-0.68,-0.032,-0.741,-0.16,-0.06,0.06,1,imu01,fusion_20260817T182717Z,71,7184272,482834391621755
482834421000000,7204,-0.677,-0.039,-0.739,0.21,0.2,0.09,1,imu01,fusion_20260817T182717Z,72,7204276,482834411625035
482834437000000,7224,-0.672,-0.036,-0.735,0.01,-0.04,0.03,1,imu01,fusion_20260817T182717Z,73,7224272,482834431620314
482834468000000,7244,-0.679,-0.033,-0.733,-0.05,-0.13,-0.05,1,imu01,fusion_20260817T182717Z,74,7244276,482834451623593
482834484000000,7264,-0.674,-0.037,-0.735,0.03,0.18,0.03,1,imu01,fusion_20260817T182717Z,75,7264272,482834471618873
482834500000000,7284,-0.674,-0.034,-0.736,-0.3,-0.07,0.08,1,imu01,fusion_20260817T182717Z,76,7284276,482834491622152
482834515000000,7304,-0.675,-0.036,-0.732,0.07,0.09,0.01,1,imu01,fusion_20260817T182717Z,77,7304272,482834511617432
482834546000000,7324,-0.674,-0.032,-0.74,0.22,-0.02,-0.03,1,imu01,fusion_20260817T182717Z,78,7324275,482834531619711
482834562000000,7344,-0.676,-0.035,-0.733,-0.02,0.23,-0.03,1,imu01,fusion_20260817T182717Z,79,7344272,482834551615990
482834578000000,7364,-0.677,-0.035,-0.74,-0.01,0.02,0.08,1,imu01,fusion_20260817T182717Z,80,7364276,482834571619270
482834593000000,7384,-0.674,-0.034,-0.743,-0.19,-0.16,0.05,1,imu01,fusion_20260817T182717Z,81,7384272,482834591614549
482834625000000,7404,-0.676,-0.035,-0.734,0.27,-0.01,-0.06,1,imu01,fusion_20260817T182717Z,82,7404276,482834611617828
482834640000000,7424,-0.679,-0.037,-0.74,-0.18,0.07,-0.1,1,imu01,fusion_20260817T182717Z,83,7424272,482834631613108
482834656000000,7444,-0.675,-0.034,-0.728,-0.08,-0.1,-0.03,1,imu01,fusion_20260817T182717Z,84,7444276,482834651616387
482834687000000,7464,-0.678,-0.032,-0.736,-0.14,-0.16,-0.0,1,imu01,fusion_20260817T182717Z,85,7464272,482834671611666
482834703000000,7484,-0.677,-0.035,-0.738,-0.05,0.03,0.03,1,imu01,fusion_20260817T182717Z,86,7484276,482834691614946
482834718000000,7504,-0.677,-0.039,-0.734,-0.15,0.1,0.03,1,imu01,fusion_20260817T182717Z,87,7504272,482834711610225
482834734000000,7524,-0.673,-0.037,-0.741,-0.15,-0.14,-0.07,1,imu01,fusion_20260817T182717Z,88,7524276,482834731613504
482834765000000,7544,-0.68,-0.034,-0.734,0.03,-0.09,-0.04,1,imu01,fusion_20260817T182717Z,89,7544272,482834751608784
482834781000000,7564,-0.679,-0.035,-0.736,0.11,0.1,0.05,1,imu01,fusion_20260817T182717Z,90,7564275,482834771611063
482834796000000,7584,-0.678,-0.041,-0.744,0.09,0.15,0.1,1,imu01,fusion_20260817T182717Z,91,7584272,482834791607343
482834828000000,7604,-0.68,-0.034,-0.743,0.21,0.08,0.0,1,imu01,fusion_20260817T182717Z,92,7604276,482834811610622
482834843000000,7624,-0.677,-0.037,-0.731,0.11,-0.09,-0.04,1,imu01,fusion_20260817T182717Z,93,7624272,482834831605901
482834859000000,7644,-0.672,-0.035,-0.731,-0.13,0.08,0.02,1,imu01,fusion_20260817T182717Z,94,7644276,482834851609181
482834875000000,7664,-0.68,-0.033,-0.742,-0.18,-0.16,0.0,1,imu01,fusion_20260817T182717Z,95,7664272,482834871604460
482834906000000,7684,-0.678,-0.036,-0.733,0.06,-0.02,-0.1,1,imu01,fusion_20260817T182717Z,96,7684276,482834891607739
482834921000000,7704,-0.673,-0.038,-0.734,0.16,-0.12,-0.07,1,imu01,fusion_20260817T182717Z,97,7704272,482834911603019
482834937000000,7724,-0.675,-0.038,-0.735,0.05,0.23,-0.05,1,imu01,fusion_20260817T182717Z,98,7724276,482834931606298
482834968000000,7744,-0.673,-0.036,-0.734,-0.04,-0.09,0.11,1,imu01,fusion_20260817T182717Z,99,7744272,482834951601578
482834984000000,7764,-0.673,-0.033,-0.734,0.01,0.02,0.06,1,imu01,fusion_20260817T182717Z,100,7764276,482834971604857
482835000000000,7784,-0.674,-0.036,-0.738,0.11,-0.0,-0.0,1,imu01,fusion_20260817T182717Z,101,7784272,482834991600136
482835015000000,7804,-0.673,-0.037,-0.736,0.05,0.1,-0.04,1,imu01,fusion_20260817T182717Z,102,7804276,482835011603415
482835046000000,7824,-0.677,-0.033,-0.738,0.17,-0.01,-0.08,1,imu01,fusion_20260817T182717Z,103,7824272,482835031598695
482835062000000,7844,-0.676,-0.033,-0.732,-0.08,-0.1,0.02,1,imu01,fusion_20260817T182717Z,104,7844276,482835051601974
482835078000000,7864,-0.678,-0.036,-0.733,0.34,0.08,-0.02,1,imu01,fusion_20260817T182717Z,105,7864272,482835071597254
482835093000000,7884,-0.677,-0.038,-0.737,0.19,0.21,-0.04,1,imu01,fusion_20260817T182717Z,106,7884276,482835091600533
482835125000000,7904,-0.679,-0.037,-0.74,-0.0,-0.03,-0.1,1,imu01,fusion_20260817T182717Z,107,7904272,482835111595812
482835140000000,7924,-0.676,-0.036,-0.746,-0.01,-0.12,-0.06,1,imu01,fusion_20260817T182717Z,108,7924276,482835131599092
482835156000000,7944,-0.679,-0.034,-0.738,0.21,0.2,0.06,1,imu01,fusion_20260817T182717Z,109,7944272,482835151594371
482835187000000,7964,-0.679,-0.036,-0.729,-0.29,-0.03,0.1,1,imu01,fusion_20260817T182717Z,110,7964276,482835171597650
482835203000000,7984,-0.678,-0.039,-0.734,0.02,-0.02,-0.05,1,imu01,fusion_20260817T182717Z,111,7984272,482835191592930
482835218000000,8004,-0.674,-0.034,-0.738,-0.02,-0.15,0.01,1,imu01,fusion_20260817T182717Z,112,8004276,482835211596209
482835234000000,8024,-0.675,-0.031,-0.73,0.01,0.16,-0.02,1,imu01,fusion_20260817T182717Z,113,8024272,482835231591488
482835265000000,8044,-0.676,-0.037,-0.738,0.18,0.0,-0.01,1,imu01,fusion_20260817T182717Z,114,8044276,482835251594768
482835281000000,8064,-0.676,-0.038,-0.739,0.09,0.03,-0.01,1,imu01,fusion_20260817T182717Z,115,8064272,482835271590047
482835296000000,8084,-0.676,-0.037,-0.732,0.33,0.04,-0.04,1,imu01,fusion_20260817T182717Z,116,8084276,482835291593326
482835328000000,8104,-0.678,-0.035,-0.74,0.16,0.22,-0.03,1,imu01,fusion_20260817T182717Z,117,8104272,482835311588606
482835343000000,8124,-0.68,-0.038,-0.741,-0.25,-0.22,0.09,1,imu01,fusion_20260817T182717Z,118,8124276,482835331591885
482835359000000,8144,-0.675,-0.038,-0.732,-0.14,-0.12,0.08,1,imu01,fusion_20260817T182717Z,119,8144272,482835351587165
482835375000000,8164,-0.677,-0.037,-0.735,0.01,-0.09,-0.04,1,imu01,fusion_20260817T182717Z,120,8164276,482835371590444
482835406000000,8184,-0.676,-0.033,-0.738,-0.21,-0.0,0.07,1,imu01,fusion_20260817T182717Z,121,8184272,482835391585723
482835421000000,8204,-0.676,-0.036,-0.738,-0.18,-0.12,0.0,1,imu01,fusion_20260817T182717Z,122,8204276,482835411589003
482835437000000,8224,-0.675,-0.037,-0.738,-0.1,-0.02,0.09,1,imu01,fusion_20260817T182717Z,123,8224272,482835431584282
482835468000000,8244,-0.678,-0.037,-0.737,-0.24,-0.03,0.17,1,imu01,fusion_20260817T182717Z,124,8244276,482835451587561
482835484000000,8264,-0.677,-0.034,-0.735,-0.21,0.04,0.06,1,imu01,fusion_20260817T182717Z,125,8264272,482835471582841
482835500000000,8284,-0.68,-0.037,-0.736,-0.07,-0.09,-0.06,1,imu01,fusion_20260817T182717Z,126,8284276,482835491586120
482835515000000,8304,-0.675,-0.034,-0.735,0.04,-0.08,-0.0,1,imu01,fusion_20260817T182717Z,127,8304272,482835511581400
482835546000000,8324,-0.678,-0.034,-0.734,-0.05,0.1,0.06,1,imu01,fusion_20260817T182717Z,128,8324276,482835531584679
482835562000000,8344,-0.675,-0.037,-0.742,0.27,0.16,0.09,1,imu01,fusion_20260817T182717Z,129,8344272,482835551579958
482835578000000,8364,-0.677,-0.036,-0.738,0.12,-0.09,-0.11,1,imu01,fusion_20260817T182717Z,130,8364276,482835571583238
482835593000000,8384,-0.678,-0.036,-0.733,0.36,-0.06,-0.16,1,imu01,fusion_20260817T182717Z,131,8384272,482835591578517
482835625000000,8404,-0.677,-0.036,-0.737,-0.17,-0.0,-0.07,1,imu01,fusion_20260817T182717Z,132,8404276,482835611581796
482835640000000,8424,-0.678,-0.035,-0.735,0.24,0.03,0.12,1,imu01,fusion_20260817T182717Z,133,8424272,482835631577076
482835656000000,8444,-0.677,-0.032,-0.739,-0.18,-0.19,0.08,1,imu01,fusion_20260817T182717Z,134,8444276,482835651580355
482835687000000,8464,-0.678,-0.038,-0.733,0.01,0.0,-0.03,1,imu01,fusion_20260817T182717Z,135,8464272,482835671575634
482835703000000,8484,-0.676,-0.04,-0.731,-0.08,0.09,-0.18,1,imu01,fusion_20260817T182717Z,136,8484276,482835691578914
482835718000000,8504,-0.675,-0.039,-0.745,-0.02,-0.1,-0.1,1,imu01,fusion_20260817T182717Z,137,8504272,482835711574193
482835734000000,8524,-0.675,-0.036,-0.739,0.23,0.04,-0.03,1,imu01,fusion_20260817T182717Z,138,8524276,482835731577472
482835765000000,8544,-0.679,-0.035,-0.734,0.11,0.03,0.13,1,imu01,fusion_20260817T182717Z,139,8544272,482835751572752
482835781000000,8564,-0.675,-0.037,-0.737,-0.08,0.14,0.06,1,imu01,fusion_20260817T182717Z,140,8564276,482835771576031
482835796000000,8584,-0.676,-0.035,-0.732,-0.13,-0.09,0.0,1,imu01,fusion_20260817T182717Z,141,8584272,482835791571311
482835828000000,8604,-0.674,-0.035,-0.742,0.02,-0.09,0.03,1,imu01,fusion_20260817T182717Z,142,8604276,482835811574590
482835843000000,8624,-0.678,-0.038,-0.738,0.02,0.07,0.11,1,imu01,fusion_20260817T182717Z,143,8624272,482835831569869
482835859000000,8644,-0.679,-0.037,-0.736,-0.04,0.16,0.03,1,imu01,fusion_20260817T182717Z,144,8644276,482835851573148
482835875000000,8664,-0.675,-0.042,-0.739,-0.17,-0.04,-0.06,1,imu01,fusion_20260817T182717Z,145,8664272,482835871568428
482835906000000,8684,-0.68,-0.039,-0.74,-0.1,-0.05,-0.01,1,imu01,fusion_20260817T182717Z,146,8684276,482835891571707
482835921000000,8704,-0.68,-0.037,-0.734,0.05,0.13,0.0,1,imu01,fusion_20260817T182717Z,147,8704272,482835911566987
482835937000000,8724,-0.677,-0.034,-0.73,0.08,0.06,0.08,1,imu01,fusion_20260817T182717Z,148,8724276,482835931570266
482835968000000,8744,-0.675,-0.037,-0.732,-0.13,-0.01,-0.04,1,imu01,fusion_20260817T182717Z,149,8744272,482835951565545
482835984000000,8764,-0.679,-0.043,-0.732,-0.03,-0.04,-0.12,1,imu01,fusion_20260817T182717Z,150,8764276,482835971568825
482836000000000,8784,-0.678,-0.038,-0.737,-0.13,0.14,-0.07,1,imu01,fusion_20260817T182717Z,151,8784272,482835991564104
482836015000000,8804,-0.679,-0.032,-0.743,0.04,-0.0,0.09,1,imu01,fusion_20260817T182717Z,152,8804276,482836011567383
482836046000000,8824,-0.678,-0.037,-0.729,-0.03,-0.03,-0.08,1,imu01,fusion_20260817T182717Z,153,8824272,482836031562663
482836062000000,8844,-0.682,-0.033,-0.731,0.02,-0.12,-0.02,1,imu01,fusion_20260817T182717Z,154,8844276,482836051565942
482836078000000,8864,-0.677,-0.035,-0.746,-0.08,0.1,-0.04,1,imu01,fusion_20260817T182717Z,155,8864272,482836071561222
482836109000000,8884,-0.677,-0.033,-0.743,-0.02,-0.11,0.03,1,imu01,fusion_20260817T182717Z,156,8884276,482836091564501
482836125000000,8904,-0.677,-0.038,-0.734,-0.0,-0.02,0.03,1,imu01,fusion_20260817T182717Z,157,8904272,482836111559780
482836140000000,8924,-0.679,-0.035,-0.741,0.13,-0.07,0.02,1,imu01,fusion_20260817T182717Z,158,8924276,482836131563060
482836156000000,8944,-0.673,-0.035,-0.739,0.01,0.06,-0.06,1,imu01,fusion_20260817T182717Z,159,8944272,482836151558339
482836187000000,8964,-0.677,-0.037,-0.735,0.03,-0.14,-0.1,1,imu01,fusion_20260817T182717Z,160,8964276,482836171561618
482836203000000,8984,-0.676,-0.036,-0.735,-0.04,-0.04,0.0,1,imu01,fusion_20260817T182717Z,161,8984272,482836191556898
482836218000000,9004,-0.675,-0.033,-0.735,-0.03,0.06,0.08,1,imu01,fusion_20260817T182717Z,162,9004276,482836211560177
482836234000000,9024,-0.675,-0.035,-0.74,-0.0,0.04,0.01,1,imu01,fusion_20260817T182717Z,163,9024272,482836231555456
482836265000000,9044,-0.677,-0.038,-0.734,0.05,-0.06,-0.13,1,imu01,fusion_20260817T182717Z,164,9044276,482836251558736
482836281000000,9064,-0.677,-0.036,-0.739,0.15,-0.11,-0.07,1,imu01,fusion_20260817T182717Z,165,9064272,482836271554015
482836296000000,9084,-0.675,-0.038,-0.736,0.17,0.18,0.02,1,imu01,fusion_20260817T182717Z,166,9084276,482836291557294
482836328000000,9104,-0.675,-0.033,-0.741,0.04,0.07,0.13,1,imu01,fusion_20260817T182717Z,167,9104272,482836311552574
482836343000000,9124,-0.677,-0.036,-0.739,0.05,-0.0,-0.02,1,imu01,fusion_20260817T182717Z,168,9124276,482836331555853
482836359000000,9144,-0.676,-0.036,-0.743,0.29,0.03,-0.07,1,imu01,fusion_20260817T182717Z,169,9144272,482836351551133
482836375000000,9164,-0.678,-0.037,-0.732,-0.11,0.0,-0.04,1,imu01,fusion_20260817T182717Z,170,9164276,482836371554412
482836406000000,9184,-0.678,-0.037,-0.738,0.07,-0.05,0.1,1,imu01,fusion_20260817T182717Z,171,9184272,482836391549691
482836421000000,9204,-0.683,-0.037,-0.736,-0.06,0.0,0.04,1,imu01,fusion_20260817T182717Z,172,9204276,482836411552971
482836437000000,9224,-0.676,-0.034,-0.744,-0.2,-0.29,-0.0,1,imu01,fusion_20260817T182717Z,173,9224272,482836431548250
482836468000000,9244,-0.676,-0.032,-0.738,-0.15,-0.04,-0.05,1,imu01,fusion_20260817T182717Z,174,9244276,482836451551529
482836484000000,9264,-0.679,-0.033,-0.736,0.01,0.04,0.03,1,imu01,fusion_20260817T182717Z,175,9264272,482836471546809
482836500000000,9284,-0.675,-0.037,-0.733,-0.12,-0.07,0.01,1,imu01,fusion_20260817T182717Z,176,9284276,482836491550088
482836515000000,9304,-0.678,-0.04,-0.727,0.24,0.03,0.01,1,imu01,fusion_20260817T182717Z,177,9304272,482836511545368
482836546000000,9324,-0.679,-0.039,-0.746,0.07,0.1,-0.03,1,imu01,fusion_20260817T182717Z,178,9324276,482836531548647
482836562000000,9344,-0.673,-0.035,-0.744,-0.08,-0.15,0.06,1,imu01,fusion_20260817T182717Z,179,9344272,482836551543926
482836578000000,9364,-0.675,-0.035,-0.74,0.04,0.08,0.03,1,imu01,fusion_20260817T182717Z,180,9364276,482836571547205
482836593000000,9384,-0.676,-0.032,-0.74,-0.05,0.09,0.07,1,imu01,fusion_20260817T182717Z,181,9384272,482836591542485
482836625000000,9404,-0.68,-0.033,-0.739,0.01,0.2,0.03,1,imu01,fusion_20260817T182717Z,182,9404276,482836611545764
482836640000000,9424,-0.678,-0.038,-0.736,-0.15,-0.16,-0.04,1,imu01,fusion_20260817T182717Z,183,9424272,482836631541044
482836656000000,9444,-0.678,-0.039,-0.736,-0.06,-0.16,-0.06,1,imu01,fusion_20260817T182717Z,184,9444276,482836651544323
482836687000000,9464,-0.677,-0.037,-0.745,0.11,0.18,0.06,1,imu01,fusion_20260817T182717Z,185,9464272,482836671539602
482836703000000,9484,-0.672,-0.038,-0.734,-0.08,0.0,0.13,1,imu01,fusion_20260817T182717Z,186,9484276,482836691542882
482836718000000,9504,-0.678,-0.037,-0.735,-0.05,-0.02,-0.05,1,imu01,fusion_20260817T182717Z,187,9504272,482836711538161
482836734000000,9524,-0.676,-0.038,-0.737,0.16,-0.06,0.0,1,imu01,fusion_20260817T182717Z,188,9524276,482836731541440
482836765000000,9544,-0.675,-0.033,-0.741,-0.06,0.11,0.01,1,imu01,fusion_20260817T182717Z,189,9544272,482836751536720
482836781000000,9564,-0.675,-0.036,-0.739,0.01,0.04,0.18,1,imu01,fusion_20260817T182717Z,190,9564276,482836771539999
482836796000000,9584,-0.678,-0.034,-0.736,0.01,0.01,0.06,1,imu01,fusion_20260817T182717Z,191,9584272,482836791535278
482836828000000,9604,-0.677,-0.034,-0.739,0.09,-0.11,-0.06,1,imu01,fusion_20260817T182717Z,192,9604276,482836811538558
482836843000000,9624,-0.674,-0.035,-0.741,0.07,0.19,0.02,1,imu01,fusion_20260817T182717Z,193,9624272,482836831533837
482836859000000,9644,-0.675,-0.035,-0.732,-0.04,-0.03,0.02,1,imu01,fusion_20260817T182717Z,194,9644276,482836851537116
482836875000000,9664,-0.674,-0.036,-0.734,0.08,0.04,-0.02,1,imu01,fusion_20260817T182717Z,195,9664272,482836871532396
482836906000000,9684,-0.674,-0.037,-0.736,0.08,-0.03,0.07,1,imu01,fusion_20260817T182717Z,196,9684276,482836891535675
482836921000000,9704,-0.677,-0.036,-0.739,-0.06,0.2,-0.03,1,imu01,fusion_20260817T182717Z,197,9704272,482836911530955
482836937000000,9724,-0.677,-0.035,-0.738,-0.01,-0.06,-0.07,1,imu01,fusion_20260817T182717Z,198,9724276,482836931534234
482836968000000,9744,-0.679,-0.033,-0.736,0.11,-0.07,-0.06,1,imu01,fusion_20260817T182717Z,199,9744272,482836951529513
482836984000000,9764,-0.674,-0.032,-0.735,0.17,0.06,0.16,1,imu01,fusion_20260817T182717Z,200,9764276,482836971532793
482837000000000,9784,-0.681,-0.033,-0.733,-0.04,0.07,0.1,1,imu01,fusion_20260817T182717Z,201,9784272,482836991528072
482837015000000,9804,-0.676,-0.033,-0.731,-0.05,0.0,0.01,1,imu01,fusion_20260817T182717Z,202,9804276,482837011531351
482837046000000,9824,-0.674,-0.036,-0.737,-0.03,-0.14,-0.08,1,imu01,fusion_20260817T182717Z,203,9824272,482837031526631
482837062000000,9844,-0.674,-0.037,-0.729,0.04,0.09,0.02,1,imu01,fusion_20260817T182717Z,204,9844276,482837051529910
482837078000000,9864,-0.674,-0.034,-0.726,-0.02,0.12,0.06,1,imu01,fusion_20260817T182717Z,205,9864272,482837071525190
482837093000000,9884,-0.676,-0.034,-0.745,-0.03,-0.06,-0.06,1,imu01,fusion_20260817T182717Z,206,9884276,482837091528469
482837125000000,9904,-0.677,-0.036,-0.738,0.11,-0.05,-0.01,1,imu01,fusion_20260817T182717Z,207,9904272,482837111523748
482837140000000,9924,-0.676,-0.031,-0.74,0.01,0.2,0.03,1,imu01,fusion_20260817T182717Z,208,9924276,482837131527027
482837156000000,9944,-0.676,-0.037,-0.738,-0.03,-0.05,0.13,1,imu01,fusion_20260817T182717Z,209,9944272,482837151522307
482837187000000,9964,-0.677,-0.032,-0.739,-0.08,-0.02,-0.03,1,imu01,fusion_20260817T182717Z,210,9964276,482837171525586
482837203000000,9984,-0.682,-0.035,-0.738,-0.0,-0.12,0.11,1,imu01,fusion_20260817T182717Z,211,9984272,482837191520866
482837218000000,10004,-0.674,-0.034,-0.738,-0.05,0.07,-0.03,1,imu01,fusion_20260817T182717Z,212,10004276,482837211524145
482837234000000,10024,-0.674,-0.034,-0.736,-0.06,-0.06,0.01,1,imu01,fusion_20260817T182717Z,213,10024272,482837231519424
482837265000000,10044,-0.679,-0.034,-0.737,-0.04,0.02,-0.0,1,imu01,fusion_20260817T182717Z,214,10044276,482837251522704
482837281000000,10064,-0.681,-0.035,-0.743,-0.03,0.0,0.09,1,imu01,fusion_20260817T182717Z,215,10064272,482837271517983
482837296000000,10084,-0.675,-0.036,-0.735,0.04,0.11,0.05,1,imu01,fusion_20260817T182717Z,216,10084276,482837291521262
482837328000000,10104,-0.677,-0.035,-0.732,-0.08,-0.03,-0.02,1,imu01,fusion_20260817T182717Z,217,10104272,482837311516542
482837343000000,10124,-0.676,-0.036,-0.737,0.01,0.02,-0.07,1,imu01,fusion_20260817T182717Z,218,10124276,482837331519821
482837359000000,10144,-0.678,-0.037,-0.732,0.01,0.1,0.06,1,imu01,fusion_20260817T182717Z,219,10144272,482837351515101
482837375000000,10164,-0.675,-0.036,-0.735,0.01,0.07,0.04,1,imu01,fusion_20260817T182717Z,220,10164276,482837371518380
482837406000000,10184,-0.675,-0.034,-0.734,-0.02,0.07,-0.03,1,imu01,fusion_20260817T182717Z,221,10184272,482837391513659
482837421000000,10204,-0.676,-0.036,-0.739,0.05,-0.03,-0.04,1,imu01,fusion_20260817T182717Z,222,10204276,482837411516938
482837437000000,10224,-0.68,-0.034,-0.744,0.05,0.23,0.03,1,imu01,fusion_20260817T182717Z,223,10224272,482837431512218
482837468000000,10244,-0.677,-0.037,-0.734,-0.05,0.03,0.07,1,imu01,fusion_20260817T182717Z,224,10244276,482837451515497
482837484000000,10264,-0.676,-0.034,-0.736,-0.06,-0.14,0.0,1,imu01,fusion_20260817T182717Z,225,10264272,482837471510777
482837500000000,10284,-0.677,-0.033,-0.736,-0.01,-0.18,-0.04,1,imu01,fusion_20260817T182717Z,226,10284276,482837491514056
482837515000000,10304,-0.679,-0.039,-0.735,-0.06,0.1,0.02,1,imu01,fusion_20260817T182717Z,227,10304272,482837511509335
482837546000000,10324,-0.675,-0.035,-0.737,-0.01,-0.01,0.11,1,imu01,fusion_20260817T182717Z,228,10324276,482837531512615
482837562000000,10344,-0.677,-0.031,-0.731,-0.05,-0.03,0.07,1,imu01,fusion_20260817T182717Z,229,10344272,482837551507894
482837578000000,10364,-0.681,-0.034,-0.732,0.12,-0.06,0.01,1,imu01,fusion_20260817T182717Z,230,10364276,482837571511173
482837609000000,10384,-0.674,-0.038,-0.737,-0.05,0.07,0.03,1,imu01,fusion_20260817T182717Z,231,10384272,482837591506453
482837625000000,10404,-0.68,-0.034,-0.733,0.01,-0.06,-0.05,1,imu01,fusion_20260817T182717Z,232,10404276,482837611509732
482837640000000,10424,-0.677,-0.043,-0.735,0.04,0.02,0.06,1,imu01,fusion_20260817T182717Z,233,10424272,482837631505012
482837656000000,10444,-0.672,-0.036,-0.738,0.04,-0.0,0.08,1,imu01,fusion_20260817T182717Z,234,10444276,482837651508291
482837687000000,10464,-0.679,-0.04,-0.735,-0.05,0.09,-0.03,1,imu01,fusion_20260817T182717Z,235,10464272,482837671503570
482837703000000,10484,-0.677,-0.035,-0.735,-0.02,0.0,0.04,1,imu01,fusion_20260817T182717Z,236,10484276,482837691506850
482837718000000,10504,-0.669,-0.036,-0.732,0.02,0.02,-0.08,1,imu01,fusion_20260817T182717Z,237,10504272,482837711502129
482837734000000,10524,-0.678,-0.036,-0.74,0.03,-0.0,0.0,1,imu01,fusion_20260817T182717Z,238,10524276,482837731505408
482837765000000,10544,-0.676,-0.036,-0.733,-0.05,0.11,0.03,1,imu01,fusion_20260817T182717Z,239,10544272,482837751500688
482837781000000,10564,-0.676,-0.035,-0.738,0.05,-0.06,-0.07,1,imu01,fusion_20260817T182717Z,240,10564276,482837771503967
482837796000000,10584,-0.676,-0.034,-0.733,0.08,-0.14,-0.12,1,imu01,fusion_20260817T182717Z,241,10584272,482837791499246
482837828000000,10604,-0.676,-0.034,-0.734,0.06,0.07,-0.09,1,imu01,fusion_20260817T182717Z,242,10604276,482837811502526
482837843000000,10624,-0.677,-0.036,-0.735,-0.04,0.0,0.1,1,imu01,fusion_20260817T182717Z,243,10624272,482837831497805
482837859000000,10644,-0.675,-0.033,-0.733,-0.08,-0.07,0.06,1,imu01,fusion_20260817T182717Z,244,10644276,482837851501084
482837875000000,10664,-0.677,-0.039,-0.737,0.17,-0.09,-0.04,1,imu01,fusion_20260817T182717Z,245,10664272,482837871496364
482837906000000,10684,-0.673,-0.037,-0.729,0.07,0.13,-0.1,1,imu01,fusion_20260817T182717Z,246,10684276,482837891499643
482837921000000,10704,-0.681,-0.037,-0.741,0.09,-0.03,0.07,1,imu01,fusion_20260817T182717Z,247,10704272,482837911494923
482837937000000,10724,-0.679,-0.034,-0.741,0.04,0.04,0.0,1,imu01,fusion_20260817T182717Z,248,10724276,482837931498202
482837968000000,10744,-0.68,-0.035,-0.734,0.08,-0.04,0.08,1,imu01,fusion_20260817T182717Z,249,10744272,482837951493481
482837984000000,10764,-0.677,-0.037,-0.747,-0.02,0.09,-0.04,1,imu01,fusion_20260817T182717Z,250,10764276,482837971496760
482838000000000,10784,-0.677,-0.037,-0.734,0.08,-0.08,0.09,1,imu01,fusion_20260817T182717Z,251,10784272,482837991492040
482838015000000,10804,-0.676,-0.034,-0.729,-0.07,-0.04,-0.02,1,imu01,fusion_20260817T182717Z,252,10804276,482838011495319
482838046000000,10824,-0.674,-0.031,-0.739,0.01,0.03,0.07,1,imu01,fusion_20260817T182717Z,253,10824272,482838031490599
482838062000000,10844,-0.675,-0.037,-0.734,-0.08,0.09,0.03,1,imu01,fusion_20260817T182717Z,254,10844276,482838051493878
482838078000000,10864,-0.673,-0.034,-0.742,-0.04,0.03,-0.06,1,imu01,fusion_20260817T182717Z,255,10864272,482838071489157
482838093000000,10884,-0.676,-0.034,-0.729,0.01,-0.03,-0.0,1,imu01,fusion_20260817T182717Z,256,10884276,482838091492437
482838125000000,10904,-0.678,-0.035,-0.732,0.03,0.1,0.13,1,imu01,fusion_20260817T182717Z,257,10904272,482838111487716
482838140000000,10924,-0.676,-0.039,-0.737,-0.02,0.1,0.07,1,imu01,fusion_20260817T182717Z,258,10924276,482838131490995
482838156000000,10944,-0.675,-0.035,-0.733,0.01,-0.06,-0.05,1,imu01,fusion_20260817T182717Z,259,10944272,482838151486275
482838187000000,10964,-0.677,-0.034,-0.733,0.06,-0.06,-0.05,1,imu01,fusion_20260817T182717Z,260,10964276,482838171489554
482838203000000,10984,-0.676,-0.036,-0.738,-0.06,0.1,-0.06,1,imu01,fusion_20260817T182717Z,261,10984272,482838191484834
482838218000000,11004,-0.675,-0.033,-0.736,-0.01,0.0,0.1,1,imu01,fusion_20260817T182717Z,262,11004276,482838211488113
482838234000000,11024,-0.677,-0.035,-0.734,-0.03,-0.04,0.01,1,imu01,fusion_20260817T182717Z,263,11024272,482838231483392
482838265000000,11044,-0.681,-0.035,-0.738,0.12,-0.03,-0.07,1,imu01,fusion_20260817T182717Z,264,11044276,482838251486672
482838281000000,11064,-0.68,-0.032,-0.736,-0.05,0.05,-0.07,1,imu01,fusion_20260817T182717Z,265,11064272,482838271481951
482838296000000,11084,-0.68,-0.037,-0.742,0.03,0.04,0.04,1,imu01,fusion_20260817T182717Z,266,11084276,482838291485230
482838328000000,11104,-0.683,-0.036,-0.74,0.02,0.0,0.03,1,imu01,fusion_20260817T182717Z,267,11104272,482838311480510
482838343000000,11124,-0.676,-0.039,-0.732,0.16,-0.06,-0.05,1,imu01,fusion_20260817T182717Z,268,11124276,482838331483789
482838359000000,11144,-0.674,-0.034,-0.737,-0.03,0.13,-0.03,1,imu01,fusion_20260817T182717Z,269,11144272,482838351479068
482838375000000,11164,-0.674,-0.033,-0.73,-0.06,-0.03,-0.07,1,imu01,fusion_20260817T182717Z,270,11164276,482838371482348
482838406000000,11184,-0.681,-0.034,-0.74,0.01,0.0,0.0,1,imu01,fusion_20260817T182717Z,271,11184272,482838391477627
482838421000000,11204,-0.677,-0.031,-0.736,0.11,0.07,0.0,1,imu01,fusion_20260817T182717Z,272,11204276,482838411480906
482838437000000,11224,-0.675,-0.037,-0.736,-0.0,0.1,0.01,1,imu01,fusion_20260817T182717Z,273,11224272,482838431476186
482838453000000,11244,-0.679,-0.039,-0.74,-0.12,-0.0,-0.08,1,imu01,fusion_20260817T182717Z,274,11244276,482838451479465
482838484000000,11264,-0.678,-0.034,-0.733,-0.08,-0.12,-0.01,1,imu01,fusion_20260817T182717Z,275,11264272,482838471474745
482838500000000,11284,-0.675,-0.033,-0.739,0.04,-0.03,-0.0,1,imu01,fusion_20260817T182717Z,276,11284276,482838491478024
482838515000000,11304,-0.677,-0.036,-0.727,0.02,0.04,0.2,1,imu01,fusion_20260817T182717Z,277,11304272,482838511473303
482838546000000,11324,-0.676,-0.035,-0.735,-0.05,-0.03,0.02,1,imu01,fusion_20260817T182717Z,278,11324276,482838531476583
482838562000000,11344,-0.679,-0.034,-0.732,0.09,-0.04,-0.07,1,imu01,fusion_20260817T182717Z,279,11344272,482838551471862
482838578000000,11364,-0.676,-0.038,-0.735,0.01,0.1,0.02,1,imu01,fusion_20260817T182717Z,280,11364276,482838571475141
482838609000000,11384,-0.677,-0.034,-0.733,0.07,-0.07,0.04,1,imu01,fusion_20260817T182717Z,281,11384272,482838591470421
482838625000000,11404,-0.677,-0.033,-0.739,-0.08,-0.13,-0.02,1,imu01,fusion_20260817T182717Z,282,11404276,482838611473700
482838640000000,11424,-0.676,-0.032,-0.734,0.07,-0.15,0.0,1,imu01,fusion_20260817T182717Z,283,11424272,482838631468980
482838656000000,11444,-0.677,-0.033,-0.737,0.1,0.11,-0.02,1,imu01,fusion_20260817T182717Z,284,11444276,482838651472259
482838687000000,11464,-0.68,-0.038,-0.736,0.11,-0.02,0.0,1,imu01,fusion_20260817T182717Z,285,11464272,482838671467538
482838703000000,11484,-0.681,-0.039,-0.735,0.04,-0.08,0.03,1,imu01,fusion_20260817T182717Z,286,11484276,482838691470817
482838718000000,11504,-0.676,-0.033,-0.741,0.04,-0.13,0.01,1,imu01,fusion_20260817T182717Z,287,11504272,482838711466097
482838734000000,11524,-0.678,-0.039,-0.73,-0.11,0.04,-0.02,1,imu01,fusion_20260817T182717Z,288,11524276,482838731469376
482838765000000,11544,-0.677,-0.037,-0.731,-0.09,-0.06,-0.06,1,imu01,fusion_20260817T182717Z,289,11544272,482838751464656
482838781000000,11564,-0.677,-0.033,-0.734,-0.1,-0.11,-0.0,1,imu01,fusion_20260817T182717Z,290,11564276,482838771467935
482838796000000,11584,-0.676,-0.034,-0.736,-0.08,0.04,0.12,1,imu01,fusion_20260817T182717Z,291,11584272,482838791463214
482838828000000,11604,-0.674,-0.039,-0.739,-0.25,-0.06,0.06,1,imu01,fusion_20260817T182717Z,292,11604276,482838811466494
482838843000000,11624,-0.68,-0.035,-0.739,-0.22,-0.06,-0.08,1,imu01,fusion_20260817T182717Z,293,11624272,482838831461773
482838859000000,11644,-0.68,-0.037,-0.729,0.11,-0.02,-0.07,1,imu01,fusion_20260817T182717Z,294,11644276,482838851465052
482838875000000,11664,-0.674,-0.038,-0.736,0.08,0.17,0.03,1,imu01,fusion_20260817T182717Z,295,11664272,482838871460332
482838906000000,11684,-0.677,-0.039,-0.743,-0.03,0.04,0.14,1,imu01,fusion_20260817T182717Z,296,11684276,482838891463611
482838921000000,11704,-0.678,-0.033,-0.736,-0.04,0.0,0.03,1,imu01,fusion_20260817T182717Z,297,11704272,482838911458890
482838937000000,11724,-0.676,-0.037,-0.742,0.14,-0.11,-0.07,1,imu01,fusion_20260817T182717Z,298,11724276,482838931462170
482838968000000,11744,-0.677,-0.035,-0.74,0.15,0.19,-0.1,1,imu01,fusion_20260817T182717Z,299,11744272,482838951457449
482838984000000,11764,-0.675,-0.034,-0.733,0.15,0.04,0.03,1,imu01,fusion_20260817T182717Z,300,11764276,482838971460728
482839000000000,11784,-0.674,-0.036,-0.731,-0.2,-0.12,0.02,1,imu01,fusion_20260817T182717Z,301,11784272,482838991456008
482839015000000,11804,-0.675,-0.03,-0.74,0.23,-0.02,0.03,1,imu01,fusion_20260817T182717Z,302,11804276,482839011459287
482839046000000,11824,-0.675,-0.036,-0.736,0.11,0.2,-0.02,1,imu01,fusion_20260817T182717Z,303,11824272,482839031454567
482839062000000,11844,-0.672,-0.037,-0.745,-0.08,0.16,0.03,1,imu01,fusion_20260817T182717Z,304,11844276,482839051457846
482839078000000,11864,-0.679,-0.036,-0.736,0.14,0.11,-0.07,1,imu01,fusion_20260817T182717Z,305,11864272,482839071453125
482839109000000,11884,-0.68,-0.036,-0.743,0.01,-0.01,0.07,1,imu01,fusion_20260817T182717Z,306,11884276,482839091456405
482839125000000,11904,-0.679,-0.036,-0.739,0.27,0.23,0.03,1,imu01,fusion_20260817T182717Z,307,11904272,482839111451684
482839140000000,11924,-0.682,-0.041,-0.741,0.02,0.03,0.02,1,imu01,fusion_20260817T182717Z,308,11924276,482839131454963
482839156000000,11944,-0.677,-0.035,-0.736,-0.02,-0.03,0.0,1,imu01,fusion_20260817T182717Z,309,11944272,482839151450243
482839187000000,11964,-0.673,-0.037,-0.738,0.04,0.13,0.13,1,imu01,fusion_20260817T182717Z,310,11964276,482839171453522
482839203000000,11984,-0.677,-0.039,-0.736,0.01,0.07,0.13,1,imu01,fusion_20260817T182717Z,311,11984272,482839191448802
482839218000000,12004,-0.675,-0.031,-0.735,-0.19,-0.19,-0.02,1,imu01,fusion_20260817T182717Z,312,12004276,482839211452081
482839234000000,12024,-0.68,-0.036,-0.736,-0.03,-0.16,-0.1,1,imu01,fusion_20260817T182717Z,313,12024272,482839231447360
482839265000000,12044,-0.677,-0.038,-0.735,0.1,0.14,-0.02,1,imu01,fusion_20260817T182717Z,314,12044276,482839251450639
482839281000000,12064,-0.68,-0.033,-0.742,-0.09,0.1,-0.01,1,imu01,fusion_20260817T182717Z,315,12064272,482839271445919
482839296000000,12084,-0.679,-0.033,-0.732,-0.11,-0.02,-0.07,1,imu01,fusion_20260817T182717Z,316,12084276,482839291449198
482839328000000,12104,-0.678,-0.032,-0.741,-0.02,-0.16,-0.1,1,imu01,fusion_20260817T182717Z,317,12104272,482839311444478
482839343000000,12124,-0.676,-0.03,-0.737,-0.05,0.03,-0.03,1,imu01,fusion_20260817T182717Z,318,12124276,482839331447757
482839359000000,12144,-0.68,-0.037,-0.738,0.06,0.1,-0.02,1,imu01,fusion_20260817T182717Z,319,12144272,482839351443036
482839375000000,12164,-0.675,-0.037,-0.734,-0.13,-0.11,0.07,1,imu01,fusion_20260817T182717Z,320,12164276,482839371446316
482839406000000,12184,-0.675,-0.032,-0.736,0.11,-0.06,0.08,1,imu01,fusion_20260817T182717Z,321,12184272,482839391441595
482839421000000,12204,-0.678,-0.036,-0.738,0.02,0.1,0.01,1,imu01,fusion_20260817T182717Z,322,12204276,482839411444874
482839437000000,12224,-0.678,-0.037,-0.739,0.14,-0.0,-0.04,1,imu01,fusion_20260817T182717Z,323,12224272,482839431440154
482839468000000,12244,-0.676,-0.036,-0.736,0.11,-0.09,-0.08,1,imu01,fusion_20260817T182717Z,324,12244276,482839451443433
482839484000000,12264,-0.676,-0.037,-0.737,0.01,0.07,0.04,1,imu01,fusion_20260817T182717Z,325,12264272,482839471438713
482839500000000,12284,-0.674,-0.034,-0.738,0.05,0.1,-0.03,1,imu01,fusion_20260817T182717Z,326,12284276,482839491441992
482839515000000,12304,-0.678,-0.039,-0.744,0.04,-0.02,-0.19,1,imu01,fusion_20260817T182717Z,327,12304272,482839511437271
482839546000000,12324,-0.675,-0.036,-0.737,0.08,-0.05,-0.04,1,imu01,fusion_20260817T182717Z,328,12324276,482839531440550
482839562000000,12344,-0.676,-0.034,-0.741,-0.0,0.02,0.01,1,imu01,fusion_20260817T182717Z,329,12344272,482839551435830
482839578000000,12364,-0.674,-0.039,-0.734,-0.01,0.1,0.04,1,imu01,fusion_20260817T182717Z,330,12364276,482839571439109
482839593000000,12384,-0.678,-0.039,-0.733,-0.05,0.03,-0.14,1,imu01,fusion_20260817T182717Z,331,12384272,482839591434389
482839625000000,12404,-0.676,-0.034,-0.741,0.01,-0.04,-0.1,1,imu01,fusion_20260817T182717Z,332,12404276,482839611437668
482839640000000,12424,-0.681,-0.034,-0.735,0.31,0.26,-0.02,1,imu01,fusion_20260817T182717Z,333,12424272,482839631432947
482839656000000,12444,-0.675,-0.039,-0.734,-0.13,-0.03,0.03,1,imu01,fusion_20260817T182717Z,334,12444276,482839651436227
482839687000000,12464,-0.677,-0.04,-0.744,-0.16,-0.07,0.04,1,imu01,fusion_20260817T182717Z,335,12464272,482839671431506
482839703000000,12484,-0.673,-0.034,-0.735,0.07,-0.14,0.0,1,imu01,fusion_20260817T182717Z,336,12484276,482839691434785
482839718000000,12504,-0.675,-0.034,-0.739,-0.01,0.08,0.02,1,imu01,fusion_20260817T182717Z,337,12504272,482839711430065
482839734000000,12524,-0.676,-0.035,-0.733,-0.18,-0.03,0.09,1,imu01,fusion_20260817T182717Z,338,12524276,482839731433344
482839765000000,12544,-0.676,-0.038,-0.735,-0.02,-0.05,0.06,1,imu01,fusion_20260817T182717Z,339,12544272,482839751428624
482839781000000,12564,-0.675,-0.039,-0.739,-0.02,-0.09,-0.01,1,imu01,fusion_20260817T182717Z,340,12564276,482839771431903
482839796000000,12584,-0.673,-0.035,-0.739,-0.07,-0.01,-0.04,1,imu01,fusion_20260817T182717Z,341,12584272,482839791427182
482839828000000,12604,-0.675,-0.036,-0.741,-0.05,-0.05,0.02,1,imu01,fusion_20260817T182717Z,342,12604276,482839811430462
482839843000000,12624,-0.675,-0.032,-0.736,0.01,-0.05,0.05,1,imu01,fusion_20260817T182717Z,343,12624272,482839831425741
482839859000000,12644,-0.678,-0.043,-0.733,0.04,0.0,0.15,1,imu01,fusion_20260817T182717Z,344,12644276,482839851429020
482839875000000,12664,-0.677,-0.036,-0.738,-0.05,0.0,0.03,1,imu01,fusion_20260817T182717Z,345,12664272,482839871424300
482839906000000,12684,-0.675,-0.029,-0.736,-0.03,-0.08,-0.12,1,imu01,fusion_20260817T182717Z,346,12684276,482839891427579
482839921000000,12704,-0.676,-0.034,-0.739,-0.11,-0.13,-0.04,1,imu01,fusion_20260817T182717Z,347,12704272,482839911422858
482839937000000,12724,-0.677,-0.031,-0.737,-0.03,0.05,0.06,1,imu01,fusion_20260817T182717Z,348,12724276,482839931426138
482839968000000,12744,-0.678,-0.037,-0.733,-0.04,0.04,0.06,1,imu01,fusion_20260817T182717Z,349,12744272,482839951421417
482839984000000,12764,-0.679,-0.035,-0.739,-0.04,0.03,-0.01,1,imu01,fusion_20260817T182717Z,350,12764276,482839971424696
482840000000000,12784,-0.681,-0.035,-0.739,-0.1,-0.17,-0.1,1,imu01,fusion_20260817T182717Z,351,12784272,482839991419976
482840015000000,12804,-0.679,-0.036,-0.732,-0.06,0.07,-0.14,1,imu01,fusion_20260817T182717Z,352,12804276,482840011423255
482840046000000,12824,-0.677,-0.037,-0.733,0.15,0.02,-0.05,1,imu01,fusion_20260817T182717Z,353,12824272,482840031418535
482840062000000,12844,-0.677,-0.035,-0.731,0.07,0.07,0.03,1,imu01,fusion_20260817T182717Z,354,12844276,482840051421814
482840078000000,12864,-0.68,-0.036,-0.731,0.3,0.03,-0.0,1,imu01,fusion_20260817T182717Z,355,12864272,482840071417093
482840093000000,12884,-0.68,-0.034,-0.741,0.13,0.12,-0.05,1,imu01,fusion_20260817T182717Z,356,12884276,482840091420372
482840125000000,12904,-0.678,-0.033,-0.728,0.01,0.05,-0.03,1,imu01,fusion_20260817T182717Z,357,12904272,482840111415652
482840140000000,12924,-0.676,-0.039,-0.738,0.04,-0.01,0.06,1,imu01,fusion_20260817T182717Z,358,12924276,482840131418931
482840156000000,12944,-0.679,-0.034,-0.73,0.14,-0.03,0.09,1,imu01,fusion_20260817T182717Z,359,12944272,482840151414211
482840187000000,12964,-0.675,-0.033,-0.739,-0.02,0.11,-0.07,1,imu01,fusion_20260817T182717Z,360,12964276,482840171417490
482840203000000,12984,-0.68,-0.037,-0.736,-0.24,-0.09,-0.01,1,imu01,fusion_20260817T182717Z,361,12984272,482840191412769
482840218000000,13004,-0.678,-0.037,-0.737,0.02,-0.09,0.06,1,imu01,fusion_20260817T182717Z,362,13004276,482840211416049
482840234000000,13024,-0.678,-0.038,-0.737,0.04,0.11,0.12,1,imu01,fusion_20260817T182717Z,363,13024272,482840231411328
482840265000000,13044,-0.682,-0.038,-0.734,-0.04,0.14,0.09,1,imu01,fusion_20260817T182717Z,364,13044276,482840251414607
482840281000000,13064,-0.672,-0.035,-0.736,-0.11,0.13,-0.03,1,imu01,fusion_20260817T182717Z,365,13064272,482840271409887
482840296000000,13084,-0.678,-0.033,-0.736,-0.0,-0.06,-0.03,1,imu01,fusion_20260817T182717Z,366,13084276,482840291413166
482840328000000,13104,-0.68,-0.036,-0.741,-0.03,0.0,0.08,1,imu01,fusion_20260817T182717Z,367,13104272,482840311408446
482840343000000,13124,-0.674,-0.034,-0.734,-0.07,0.11,0.09,1,imu01,fusion_20260817T182717Z,368,13124276,482840331411725
482840359000000,13144,-0.677,-0.039,-0.738,-0.02,-0.02,0.02,1,imu01,fusion_20260817T182717Z,369,13144272,482840351407004
482840375000000,13164,-0.681,-0.037,-0.737,-0.02,-0.13,-0.09,1,imu01,fusion_20260817T182717Z,370,13164276,482840371410284
482840406000000,13184,-0.675,-0.037,-0.736,0.24,0.14,-0.07,1,imu01,fusion_20260817T182717Z,371,13184272,482840391405563
482840421000000,13204,-0.678,-0.033,-0.735,0.04,0.05,0.13,1,imu01,fusion_20260817T182717Z,372,13204276,482840411408842
482840437000000,13224,-0.676,-0.036,-0.732,0.21,0.13,0.01,1,imu01,fusion_20260817T182717Z,373,13224272,482840431404122
482840468000000,13244,-0.677,-0.037,-0.738,-0.02,-0.15,-0.02,1,imu01,fusion_20260817T182717Z,374,13244276,482840451407401
482840484000000,13264,-0.679,-0.035,-0.731,-0.15,-0.01,-0.04,1,imu01,fusion_20260817T182717Z,375,13264272,482840471402680
482840500000000,13284,-0.682,-0.035,-0.741,-0.29,-0.02,0.01,1,imu01,fusion_20260817T182717Z,376,13284276,482840491405960
482840515000000,13304,-0.68,-0.03,-0.737,-0.28,-0.22,0.06,1,imu01,fusion_20260817T182717Z,377,13304272,482840511401239
482840546000000,13324,-0.68,-0.032,-0.725,0.07,0.04,0.03,1,imu01,fusion_20260817T182717Z,378,13324276,482840531404518
482840562000000,13344,-0.675,-0.039,-0.733,-0.13,0.02,-0.05,1,imu01,fusion_20260817T182717Z,379,13344272,482840551399798
482840578000000,13364,-0.675,-0.038,-0.729,0.08,0.01,-0.04,1,imu01,fusion_20260817T182717Z,380,13364276,482840571403077
482840593000000,13384,-0.676,-0.039,-0.738,0.04,-0.02,-0.07,1,imu01,fusion_20260817T182717Z,381,13384272,482840591398357
482840625000000,13404,-0.677,-0.036,-0.727,-0.06,0.06,0.07,1,imu01,fusion_20260817T182717Z,382,13404276,482840611401636
482840640000000,13424,-0.68,-0.033,-0.74,-0.1,0.02,0.11,1,imu01,fusion_20260817T182717Z,383,13424272,482840631396915
482840656000000,13444,-0.674,-0.032,-0.74,-0.11,-0.04,-0.02,1,imu01,fusion_20260817T182717Z,384,13444276,482840651400195
482840687000000,13464,-0.683,-0.035,-0.74,0.13,-0.15,-0.12,1,imu01,fusion_20260817T182717Z,385,13464272,482840671395474
482840703000000,13484,-0.672,-0.03,-0.736,0.01,0.08,0.03,1,imu01,fusion_20260817T182717Z,386,13484276,482840691398753
482840718000000,13504,-0.683,-0.037,-0.736,-0.08,-0.03,0.09,1,imu01,fusion_20260817T182717Z,387,13504272,482840711394033
482840734000000,13524,-0.674,-0.033,-0.735,-0.15,-0.12,-0.06,1,imu01,fusion_20260817T182717Z,388,13524276,482840731397312
482840765000000,13544,-0.667,-0.03,-0.728,-0.05,-0.12,-0.09,1,imu01,fusion_20260817T182717Z,389,13544272,482840751392592
482840781000000,13564,-0.671,-0.028,-0.727,-0.1,-0.03,-0.04,1,imu01,fusion_20260817T182717Z,390,13564276,482840771395871
482840796000000,13584,-0.67,-0.035,-0.732,-0.0,-0.08,0.02,1,imu01,fusion_20260817T182717Z,391,13584272,482840791391150
482840828000000,13604,-0.677,-0.033,-0.739,0.08,-0.0,0.03,1,imu01,fusion_20260817T182717Z,392,13604276,482840811394429
482840843000000,13624,-0.676,-0.044,-0.732,0.26,-0.01,-0.02,1,imu01,fusion_20260817T182717Z,393,13624272,482840831389709
482840859000000,13644,-0.678,-0.033,-0.74,-0.02,-0.06,-0.07,1,imu01,fusion_20260817T182717Z,394,13644276,482840851392988
482840875000000,13664,-0.673,-0.036,-0.73,0.14,0.15,0.06,1,imu01,fusion_20260817T182717Z,395,13664272,482840871388268
482840906000000,13684,-0.671,-0.036,-0.732,-0.08,-0.02,0.03,1,imu01,fusion_20260817T182717Z,396,13684276,482840891391547
482840921000000,13704,-0.671,-0.031,-0.729,0.09,0.01,0.0,1,imu01,fusion_20260817T182717Z,397,13704272,482840911386826
482840937000000,13724,-0.679,-0.037,-0.738,-0.05,0.07,0.05,1,imu01,fusion_20260817T182717Z,398,13724276,482840931390106
482840968000000,13744,-0.668,-0.028,-0.736,-0.08,-0.0,-0.07,1,imu01,fusion_20260817T182717Z,399,13744272,482840951385385
482840984000000,13764,-0.679,-0.036,-0.73,0.07,0.07,-0.09,1,imu01,fusion_20260817T182717Z,400,13764276,482840971388664
482841000000000,13784,-0.674,-0.035,-0.733,0.05,0.07,-0.07,1,imu01,fusion_20260817T182717Z,401,13784272,482840991383944
482841015000000,13804,-0.667,-0.032,-0.727,-0.04,0.05,0.07,1,imu01,fusion_20260817T182717Z,402,13804276,482841011387223
482841046000000,13824,-0.662,-0.036,-0.744,-0.04,0.03,-0.0,1,imu01,fusion_20260817T182717Z,403,13824272,482841031382502
482841062000000,13844,-0.675,-0.038,-0.723,-0.05,-0.06,-0.04,1,imu01,fusion_20260817T182717Z,404,13844276,482841051385782
482841078000000,13864,-0.69,-0.03,-0.739,-0.02,-0.03,0.03,1,imu01,fusion_20260817T182717Z,405,13864272,482841071381061
482841093000000,13884,-0.68,-0.037,-0.734,-0.05,-0.09,0.06,1,imu01,fusion_20260817T182717Z,406,13884276,482841091384340
482841125000000,13904,-0.683,-0.036,-0.721,-0.06,-0.05,0.06,1,imu01,fusion_20260817T182717Z,407,13904272,482841111379620
482841140000000,13924,-0.675,-0.029,-0.732,-0.09,-0.16,0.06,1,imu01,fusion_20260817T182717Z,408,13924276,482841131382899
482841156000000,13944,-0.662,-0.028,-0.723,0.14,0.08,0.0,1,imu01,fusion_20260817T182717Z,409,13944272,482841151378179
482841187000000,13964,-0.681,-0.043,-0.729,0.19,0.09,0.01,1,imu01,fusion_20260817T182717Z,410,13964276,482841171381458
482841203000000,13984,-0.673,-0.051,-0.744,0.06,-0.02,0.05,1,imu01,fusion_20260817T182717Z,411,13984272,482841191376737
482841218000000,14004,-0.678,-0.022,-0.735,0.09,0.08,-0.02,1,imu01,fusion_20260817T182717Z,412,14004276,482841211380017
482841234000000,14024,-0.674,-0.042,-0.732,0.07,-0.01,-0.02,1,imu01,fusion_20260817T182717Z,413,14024272,482841231375296
482841265000000,14044,-0.681,-0.044,-0.731,0.09,0.09,-0.05,1,imu01,fusion_20260817T182717Z,414,14044276,482841251378575
482841281000000,14064,-0.672,-0.043,-0.744,0.01,-0.03,-0.0,1,imu01,fusion_20260817T182717Z,415,14064272,482841271373855
482841296000000,14084,-0.68,-0.03,-0.736,0.09,0.09,-0.1,1,imu01,fusion_20260817T182717Z,416,14084276,482841291377134
482841328000000,14104,-0.677,-0.029,-0.738,0.04,0.11,-0.04,1,imu01,fusion_20260817T182717Z,417,14104272,482841311372414
482841343000000,14124,-0.673,-0.036,-0.736,0.08,0.08,-0.04,1,imu01,fusion_20260817T182717Z,418,14124276,482841331375693
482841359000000,14144,-0.682,-0.04,-0.736,0.14,-0.11,-0.03,1,imu01,fusion_20260817T182717Z,419,14144272,482841351370972
482841375000000,14164,-0.67,-0.035,-0.742,0.16,0.02,-0.04,1,imu01,fusion_20260817T182717Z,420,14164276,482841371374252
482841406000000,14184,-0.671,-0.028,-0.735,-0.02,0.13,0.01,1,imu01,fusion_20260817T182717Z,421,14184272,482841391369531
482841421000000,14204,-0.667,-0.032,-0.717,-0.15,0.07,0.01,1,imu01,fusion_20260817T182717Z,422,14204276,482841411372810
482841437000000,14224,-0.69,-0.043,-0.72,0.06,-0.04,-0.1,1,imu01,fusion_20260817T182717Z,423,14224272,482841431368090
482841468000000,14244,-0.65,-0.036,-0.735,-0.02,-0.09,-0.05,1,imu01,fusion_20260817T182717Z,424,14244276,482841451371369
482841484000000,14264,-0.676,-0.035,-0.742,0.05,-0.03,0.08,1,imu01,fusion_20260817T182717Z,425,14264272,482841471366648
482841500000000,14284,-0.668,-0.023,-0.747,0.15,0.04,0.04,1,imu01,fusion_20260817T182717Z,426,14284276,482841491369928
482841515000000,14304,-0.684,-0.04,-0.731,-0.16,-0.09,0.03,1,imu01,fusion_20260817T182717Z,427,14304272,482841511365207
482841546000000,14324,-0.682,-0.036,-0.73,-0.08,-0.12,-0.03,1,imu01,fusion_20260817T182717Z,428,14324276,482841531368486
482841562000000,14344,-0.67,-0.052,-0.726,-0.12,0.05,0.03,1,imu01,fusion_20260817T182717Z,429,14344272,482841551363766
482841578000000,14364,-0.68,-0.044,-0.727,-0.11,-0.06,0.06,1,imu01,fusion_20260817T182717Z,430,14364276,482841571367045
482841593000000,14384,-0.682,-0.025,-0.718,-0.02,-0.07,0.02,1,imu01,fusion_20260817T182717Z,431,14384272,482841591362325
482841625000000,14404,-0.672,-0.048,-0.717,0.08,0.0,-0.09,1,imu01,fusion_20260817T182717Z,432,14404276,482841611365604
482841640000000,14424,-0.673,-0.043,-0.734,-0.04,0.04,0.01,1,imu01,fusion_20260817T182717Z,433,14424272,482841631360883
482841656000000,14444,-0.68,-0.018,-0.727,0.04,-0.0,0.05,1,imu01,fusion_20260817T182717Z,434,14444276,482841651364162
482841687000000,14464,-0.672,-0.036,-0.721,0.01,0.01,0.05,1,imu01,fusion_20260817T182717Z,435,14464272,482841671359442
482841703000000,14484,-0.685,-0.043,-0.727,0.08,-0.01,0.08,1,imu01,fusion_20260817T182717Z,436,14484276,482841691362721
482841718000000,14504,-0.667,-0.048,-0.721,-0.05,0.11,0.02,1,imu01,fusion_20260817T182717Z,437,14504272,482841711358001
482841734000000,14524,-0.674,-0.049,-0.716,-0.14,-0.06,-0.02,1,imu01,fusion_20260817T182717Z,438,14524276,482841731361280
482841765000000,14544,-0.679,-0.036,-0.726,-0.07,0.01,0.02,1,imu01,fusion_20260817T182717Z,439,14544272,482841751356559
482841781000000,14564,-0.668,-0.036,-0.731,-0.08,0.07,0.06,1,imu01,fusion_20260817T182717Z,440,14564276,482841771359839
482841796000000,14584,-0.671,-0.024,-0.722,0.11,0.13,0.02,1,imu01,fusion_20260817T182717Z,441,14584272,482841791355118
482841828000000,14604,-0.675,-0.027,-0.727,0.01,-0.09,0.02,1,imu01,fusion_20260817T182717Z,442,14604276,482841811358397
482841843000000,14624,-0.678,-0.037,-0.737,0.01,-0.06,-0.03,1,imu01,fusion_20260817T182717Z,443,14624272,482841831353677
482841859000000,14644,-0.676,-0.057,-0.732,-0.08,0.1,0.04,1,imu01,fusion_20260817T182717Z,444,14644276,482841851356956
482841875000000,14664,-0.676,-0.024,-0.723,0.08,0.13,0.11,1,imu01,fusion_20260817T182717Z,445,14664272,482841871352236
482841906000000,14684,-0.673,-0.038,-0.748,-0.12,-0.07,0.03,1,imu01,fusion_20260817T182717Z,446,14684276,482841891355515
482841921000000,14704,-0.682,-0.035,-0.723,0.06,-0.03,-0.06,1,imu01,fusion_20260817T182717Z,447,14704272,482841911350794
482841937000000,14724,-0.682,-0.034,-0.739,-0.09,0.17,-0.01,1,imu01,fusion_20260817T182717Z,448,14724276,482841931354074
482841968000000,14744,-0.667,-0.03,-0.739,0.01,-0.03,0.07,1,imu01,fusion_20260817T182717Z,449,14744272,482841951349353
482841984000000,14764,-0.666,-0.035,-0.717,-0.05,-0.12,-0.07,1,imu01,fusion_20260817T182717Z,450,14764276,482841971352632
482842000000000,14784,-0.674,-0.035,-0.717,-0.03,-0.04,-0.09,1,imu01,fusion_20260817T182717Z,451,14784272,482841991347912
482842015000000,14804,-0.685,-0.035,-0.716,-0.15,-0.0,-0.09,1,imu01,fusion_20260817T182717Z,452,14804276,482842011351191
482842046000000,14824,-0.678,-0.029,-0.717,-0.19,-0.26,-0.0,1,imu01,fusion_20260817T182717Z,453,14824272,482842031346470
482842062000000,14844,-0.688,-0.026,-0.724,-0.08,-0.1,-0.04,1,imu01,fusion_20260817T182717Z,454,14844276,482842051349750
482842078000000,14864,-0.681,-0.024,-0.716,0.18,0.05,0.06,1,imu01,fusion_20260817T182717Z,455,14864272,482842071345029
482842109000000,14884,-0.677,-0.021,-0.735,-0.15,-0.0,0.07,1,imu01,fusion_20260817T182717Z,456,14884276,482842091348308
482842125000000,14904,-0.681,-0.041,-0.714,0.12,-0.06,-0.06,1,imu01,fusion_20260817T182717Z,457,14904272,482842111343588
482842140000000,14924,-0.686,-0.043,-0.725,-0.02,0.03,-0.05,1,imu01,fusion_20260817T182717Z,458,14924276,482842131346867
482842156000000,14944,-0.685,-0.042,-0.728,-0.03,0.01,0.04,1,imu01,fusion_20260817T182717Z,459,14944272,482842151342147
482842187000000,14964,-0.681,-0.05,-0.718,0.12,0.11,0.04,1,imu01,fusion_20260817T182717Z,460,14964276,482842171345426
482842203000000,14984,-0.675,-0.049,-0.722,0.07,0.03,-0.04,1,imu01,fusion_20260817T182717Z,461,14984272,482842191340705
482842218000000,15004,-0.677,-0.037,-0.715,0.29,0.07,-0.01,1,imu01,fusion_20260817T182717Z,462,15004276,482842211343985
482842234000000,15024,-0.664,-0.045,-0.726,0.13,0.16,0.1,1,imu01,fusion_20260817T182717Z,463,15024272,482842231339264
482842265000000,15044,-0.687,-0.044,-0.728,0.11,0.12,0.13,1,imu01,fusion_20260817T182717Z,464,15044276,482842251342543
482842281000000,15064,-0.676,-0.038,-0.743,0.04,-0.03,-0.03,1,imu01,fusion_20260817T182717Z,465,15064272,482842271337823
482842296000000,15084,-0.681,-0.035,-0.734,0.39,0.13,-0.09,1,imu01,fusion_20260817T182717Z,466,15084276,482842291341102
482842328000000,15104,-0.669,-0.027,-0.721,-0.15,-0.03,0.03,1,imu01,fusion_20260817T182717Z,467,15104272,482842311336382
482842343000000,15124,-0.677,-0.039,-0.746,-0.37,-0.19,0.07,1,imu01,fusion_20260817T182717Z,468,15124276,482842331339661
482842359000000,15144,-0.671,-0.045,-0.729,-0.25,-0.09,-0.0,1,imu01,fusion_20260817T182717Z,469,15144272,482842351334940
482842375000000,15164,-0.666,-0.024,-0.719,0.11,-0.0,-0.01,1,imu01,fusion_20260817T182717Z,470,15164276,482842371338219
482842406000000,15184,-0.673,-0.039,-0.731,-0.08,0.03,0.03,1,imu01,fusion_20260817T182717Z,471,15184272,482842391333499
482842421000000,15204,-0.661,-0.043,-0.714,0.5,0.3,0.01,1,imu01,fusion_20260817T182717Z,472,15204276,482842411336778
482842437000000,15224,-0.672,-0.037,-0.729,-0.28,-0.2,-0.05,1,imu01,fusion_20260817T182717Z,473,15224272,482842431332058
482842468000000,15244,-0.683,-0.033,-0.74,0.08,0.08,0.09,1,imu01,fusion_20260817T182717Z,474,15244276,482842451335337
482842484000000,15264,-0.681,-0.031,-0.734,-0.12,0.06,-0.02,1,imu01,fusion_20260817T182717Z,475,15264272,482842471330616
482842500000000,15284,-0.68,-0.033,-0.722,-0.03,-0.04,-0.13,1,imu01,fusion_20260817T182717Z,476,15284276,482842491333896
482842515000000,15304,-0.667,-0.029,-0.723,-0.15,-0.16,-0.03,1,imu01,fusion_20260817T182717Z,477,15304272,482842511329175
482842546000000,15324,-0.676,-0.044,-0.739,-0.09,0.04,0.03,1,imu01,fusion_20260817T182717Z,478,15324276,482842531332454
482842562000000,15344,-0.682,-0.037,-0.716,0.17,0.18,-0.07,1,imu01,fusion_20260817T182717Z,479,15344272,482842551327734
482842578000000,15364,-0.681,-0.037,-0.721,0.08,0.05,-0.09,1,imu01,fusion_20260817T182717Z,480,15364276,482842571331013
482842593000000,15384,-0.686,-0.036,-0.725,-0.01,-0.13,-0.06,1,imu01,fusion_20260817T182717Z,481,15384272,482842591326292
482842625000000,15404,-0.684,-0.041,-0.712,0.06,0.29,0.04,1,imu01,fusion_20260817T182717Z,482,15404276,482842611329572
482842640000000,15424,-0.68,-0.041,-0.733,0.04,0.0,0.09,1,imu01,fusion_20260817T182717Z,483,15424272,482842631324851
482842656000000,15444,-0.686,-0.031,-0.733,0.09,-0.06,-0.1,1,imu01,fusion_20260817T182717Z,484,15444276,482842651328130
482842687000000,15464,-0.675,-0.036,-0.729,-0.07,-0.19,-0.05,1,imu01,fusion_20260817T182717Z,485,15464272,482842671323410
482842703000000,15484,-0.673,-0.036,-0.719,-0.03,0.1,-0.07,1,imu01,fusion_20260817T182717Z,486,15484276,482842691326689
482842718000000,15504,-0.676,-0.046,-0.731,-0.14,-0.15,0.14,1,imu01,fusion_20260817T182717Z,487,15504272,482842711321969
482842734000000,15524,-0.68,-0.034,-0.716,0.12,-0.01,0.03,1,imu01,fusion_20260817T182717Z,488,15524276,482842731325248
482842765000000,15544,-0.67,-0.043,-0.737,0.11,-0.09,0.01,1,imu01,fusion_20260817T182717Z,489,15544272,482842751320527
482842781000000,15564,-0.671,-0.037,-0.731,-0.08,0.09,0.01,1,imu01,fusion_20260817T182717Z,490,15564276,482842771323807
482842796000000,15584,-0.671,-0.032,-0.734,-0.05,-0.01,0.03,1,imu01,fusion_20260817T182717Z,491,15584272,482842791319086
482842828000000,15604,-0.674,-0.029,-0.73,0.07,0.07,0.02,1,imu01,fusion_20260817T182717Z,492,15604276,482842811322365
482842843000000,15624,-0.682,-0.032,-0.731,0.25,0.0,0.08,1,imu01,fusion_20260817T182717Z,493,15624272,482842831317645
482842859000000,15644,-0.669,-0.039,-0.731,0.01,0.13,-0.0,1,imu01,fusion_20260817T182717Z,494,15644276,482842851320924
482842875000000,15664,-0.681,-0.034,-0.728,-0.07,-0.04,0.0,1,imu01,fusion_20260817T182717Z,495,15664272,482842871316204
482842906000000,15684,-0.682,-0.041,-0.732,0.29,0.12,-0.03,1,imu01,fusion_20260817T182717Z,496,15684276,482842891319483
482842921000000,15704,-0.682,-0.026,-0.728,0.12,0.17,0.02,1,imu01,fusion_20260817T182717Z,497,15704272,482842911314762
482842937000000,15724,-0.673,-0.033,-0.718,0.04,0.11,0.02,1,imu01,fusion_20260817T182717Z,498,15724276,482842931318041
482842968000000,15744,-0.676,-0.037,-0.72,-0.01,0.1,-0.01,1,imu01,fusion_20260817T182717Z,499,15744272,482842951313321
482842984000000,15764,-0.686,-0.038,-0.736,0.17,-0.09,-0.09,1,imu01,fusion_20260817T182717Z,500,15764276,482842971316600
482843000000000,15784,-0.686,-0.024,-0.731,-0.07,0.07,0.02,1,imu01,fusion_20260817T182717Z,501,15784272,482842991311880
482843015000000,15804,-0.667,-0.041,-0.717,-0.18,-0.02,0.1,1,imu01,fusion_20260817T182717Z,502,15804276,482843011315159
482843046000000,15824,-0.682,-0.032,-0.721,0.05,0.11,-0.09,1,imu01,fusion_20260817T182717Z,503,15824272,482843031310438
482843062000000,15844,-0.668,-0.035,-0.736,0.01,-0.18,0.01,1,imu01,fusion_20260817T182717Z,504,15844276,482843051313718
482843078000000,15864,-0.674,-0.042,-0.731,-0.15,-0.03,0.14,1,imu01,fusion_20260817T182717Z,505,15864272,482843071308997
482843109000000,15884,-0.674,-0.036,-0.728,-0.05,-0.1,0.08,1,imu01,fusion_20260817T182717Z,506,15884276,482843091312276
482843125000000,15904,-0.681,-0.04,-0.735,-0.06,-0.13,-0.06,1,imu01,fusion_20260817T182717Z,507,15904272,482843111307556
482843140000000,15924,-0.674,-0.045,-0.727,0.13,0.04,0.01,1,imu01,fusion_20260817T182717Z,508,15924276,482843131310835
482843156000000,15944,-0.683,-0.042,-0.732,-0.13,0.07,0.06,1,imu01,fusion_20260817T182717Z,509,15944272,482843151306115
482843187000000,15964,-0.675,-0.041,-0.73,0.11,-0.06,-0.04,1,imu01,fusion_20260817T182717Z,510,15964276,482843171309394
482843203000000,15984,-0.676,-0.038,-0.74,-0.11,-0.03,-0.08,1,imu01,fusion_20260817T182717Z,511,15984272,482843191304673
482843218000000,16004,-0.672,-0.033,-0.73,-0.09,0.0,-0.02,1,imu01,fusion_20260817T182717Z,512,16004276,482843211307952
482843234000000,16024,-0.675,-0.033,-0.73,-0.04,0.13,0.01,1,imu01,fusion_20260817T182717Z,513,16024272,482843231303232
482843265000000,16044,-0.677,-0.028,-0.732,-0.06,-0.03,-0.02,1,imu01,fusion_20260817T182717Z,514,16044276,482843251306511
482843281000000,16064,-0.675,-0.034,-0.733,0.17,0.04,-0.05,1,imu01,fusion_20260817T182717Z,515,16064272,482843271301791
482843296000000,16084,-0.677,-0.036,-0.729,0.01,0.08,-0.04,1,imu01,fusion_20260817T182717Z,516,16084276,482843291305070
482843328000000,16104,-0.676,-0.031,-0.738,0.12,0.08,-0.0,1,imu01,fusion_20260817T182717Z,517,16104272,482843311300349
482843343000000,16124,-0.68,-0.035,-0.739,-0.05,0.03,-0.1,1,imu01,fusion_20260817T182717Z,518,16124276,482843331303629
482843359000000,16144,-0.675,-0.035,-0.736,0.07,-0.12,-0.04,1,imu01,fusion_20260817T182717Z,519,16144272,482843351298908
482843375000000,16164,-0.675,-0.037,-0.734,-0.17,0.13,0.06,1,imu01,fusion_20260817T182717Z,520,16164276,482843371302187
482843406000000,16184,-0.675,-0.036,-0.738,-0.11,-0.1,0.11,1,imu01,fusion_20260817T182717Z,521,16184272,482843391297467
482843421000000,16204,-0.677,-0.034,-0.739,0.05,-0.03,-0.05,1,imu01,fusion_20260817T182717Z,522,16204276,482843411300746
482843437000000,16224,-0.679,-0.034,-0.735,0.4,0.02,-0.01,1,imu01,fusion_20260817T182717Z,523,16224272,482843431296026
482843468000000,16244,-0.677,-0.037,-0.733,0.07,0.2,-0.12,1,imu01,fusion_20260817T182717Z,524,16244276,482843451299305
482843484000000,16264,-0.673,-0.035,-0.737,-0.05,-0.04,0.03,1,imu01,fusion_20260817T182717Z,525,16264272,482843471294584
482843500000000,16284,-0.681,-0.036,-0.732,0.15,0.11,-0.01,1,imu01,fusion_20260817T182717Z,526,16284276,482843491297864
482843515000000,16304,-0.676,-0.035,-0.735,0.38,0.11,0.1,1,imu01,fusion_20260817T182717Z,527,16304272,482843511293143
482843546000000,16324,-0.676,-0.038,-0.737,0.21,0.22,0.03,1,imu01,fusion_20260817T182717Z,528,16324276,482843531296422
482843562000000,16344,-0.674,-0.035,-0.731,-0.04,-0.14,-0.07,1,imu01,fusion_20260817T182717Z,529,16344272,482843551291702
482843578000000,16364,-0.679,-0.034,-0.73,-0.18,-0.13,0.03,1,imu01,fusion_20260817T182717Z,530,16364276,482843571294981
482843593000000,16384,-0.676,-0.036,-0.739,0.21,0.13,0.09,1,imu01,fusion_20260817T182717Z,531,16384272,482843591290260
482843625000000,16404,-0.675,-0.036,-0.737,-0.24,0.02,0.05,1,imu01,fusion_20260817T182717Z,532,16404276,482843611293540
482843640000000,16424,-0.68,-0.037,-0.734,-0.34,-0.28,-0.13,1,imu01,fusion_20260817T182717Z,533,16424272,482843631288819
482843656000000,16444,-0.679,-0.033,-0.736,-0.05,-0.15,-0.12,1,imu01,fusion_20260817T182717Z,534,16444276,482843651292098
482843687000000,16464,-0.677,-0.039,-0.732,-0.21,0.11,-0.03,1,imu01,fusion_20260817T182717Z,535,16464272,482843671287378
482843703000000,16484,-0.676,-0.035,-0.733,0.04,0.0,0.15,1,imu01,fusion_20260817T182717Z,536,16484276,482843691290657
482843718000000,16504,-0.673,-0.035,-0.731,-0.22,-0.16,-0.02,1,imu01,fusion_20260817T182717Z,537,16504272,482843711285937
482843734000000,16524,-0.676,-0.034,-0.738,-0.21,-0.32,0.03,1,imu01,fusion_20260817T182717Z,538,16524276,482843731289216
482843765000000,16544,-0.679,-0.033,-0.735,-0.05,0.13,0.04,1,imu01,fusion_20260817T182717Z,539,16544272,482843751284495
482843781000000,16564,-0.678,-0.033,-0.739,0.32,0.13,-0.04,1,imu01,fusion_20260817T182717Z,540,16564276,482843771287774
482843796000000,16584,-0.677,-0.036,-0.734,0.01,-0.15,-0.02,1,imu01,fusion_20260817T182717Z,541,16584272,482843791283054
482843828000000,16604,-0.678,-0.04,-0.732,-0.09,0.13,-0.08,1,imu01,fusion_20260817T182717Z,542,16604276,482843811286333
482843843000000,16624,-0.678,-0.037,-0.738,0.12,-0.03,-0.02,1,imu01,fusion_20260817T182717Z,543,16624272,482843831281613
482843859000000,16644,-0.68,-0.034,-0.732,-0.05,-0.05,0.08,1,imu01,fusion_20260817T182717Z,544,16644276,482843851284892
482843875000000,16664,-0.677,-0.036,-0.74,0.1,-0.02,0.1,1,imu01,fusion_20260817T182717Z,545,16664272,482843871280171
482843906000000,16684,-0.68,-0.034,-0.733,0.02,0.23,-0.02,1,imu01,fusion_20260817T182717Z,546,16684276,482843891283451
482843921000000,16704,-0.676,-0.037,-0.733,-0.1,-0.1,-0.04,1,imu01,fusion_20260817T182717Z,547,16704272,482843911278730
482843937000000,16724,-0.681,-0.036,-0.742,-0.05,-0.06,-0.1,1,imu01,fusion_20260817T182717Z,548,16724276,482843931282009
482843968000000,16744,-0.674,-0.038,-0.736,0.47,0.23,0.02,1,imu01,fusion_20260817T182717Z,549,16744272,482843951277289
482843984000000,16764,-0.676,-0.033,-0.735,0.12,0.21,0.08,1,imu01,fusion_20260817T182717Z,550,16764276,482843971280568
482844000000000,16784,-0.677,-0.036,-0.739,-0.1,-0.19,-0.07,1,imu01,fusion_20260817T182717Z,551,16784272,482843991275848
482844015000000,16804,-0.677,-0.039,-0.736,0.04,-0.03,-0.05,1,imu01,fusion_20260817T182717Z,552,16804276,482844011279127
482844046000000,16824,-0.674,-0.039,-0.735,-0.03,0.0,0.03,1,imu01,fusion_20260817T182717Z,553,16824272,482844031274406
482844062000000,16844,-0.676,-0.036,-0.733,-0.02,-0.07,0.07,1,imu01,fusion_20260817T182717Z,554,16844276,482844051277686
482844078000000,16864,-0.675,-0.035,-0.733,-0.41,-0.14,0.06,1,imu01,fusion_20260817T182717Z,555,16864272,482844071272965
482844109000000,16884,-0.671,-0.034,-0.73,-0.01,-0.14,0.04,1,imu01,fusion_20260817T182717Z,556,16884276,482844091276244
482844125000000,16904,-0.679,-0.036,-0.732,-0.27,0.02,0.05,1,imu01,fusion_20260817T182717Z,557,16904272,482844111271524
482844140000000,16924,-0.676,-0.035,-0.733,0.11,-0.08,0.08,1,imu01,fusion_20260817T182717Z,558,16924276,482844131274803
482844156000000,16944,-0.677,-0.036,-0.739,-0.21,-0.1,-0.03,1,imu01,fusion_20260817T182717Z,559,16944272,482844151270082
482844187000000,16964,-0.676,-0.035,-0.735,0.09,-0.0,-0.06,1,imu01,fusion_20260817T182717Z,560,16964276,482844171273362
482844203000000,16984,-0.672,-0.035,-0.735,-0.03,0.1,-0.07,1,imu01,fusion_20260817T182717Z,561,16984272,482844191268641
482844218000000,17004,-0.675,-0.04,-0.735,-0.16,-0.19,-0.02,1,imu01,fusion_20260817T182717Z,562,17004276,482844211271920
482844234000000,17024,-0.678,-0.038,-0.74,0.16,0.05,-0.04,1,imu01,fusion_20260817T182717Z,563,17024272,482844231267200
482844265000000,17044,-0.677,-0.037,-0.731,0.01,-0.0,0.1,1,imu01,fusion_20260817T182717Z,564,17044276,482844251270479
482844281000000,17064,-0.679,-0.031,-0.739,-0.24,-0.03,0.11,1,imu01,fusion_20260817T182717Z,565,17064272,482844271265759
482844296000000,17084,-0.67,-0.03,-0.736,-0.05,-0.13,-0.07,1,imu01,fusion_20260817T182717Z,566,17084276,482844291269038
482844328000000,17104,-0.677,-0.034,-0.736,-0.05,-0.12,-0.06,1,imu01,fusion_20260817T182717Z,567,17104272,482844311264317
482844343000000,17124,-0.679,-0.031,-0.738,-0.1,0.02,0.08,1,imu01,fusion_20260817T182717Z,568,17124276,482844331267597
482844359000000,17144,-0.678,-0.037,-0.737,0.08,0.14,0.0,1,imu01,fusion_20260817T182717Z,569,17144272,482844351262876
482844375000000,17164,-0.676,-0.039,-0.736,-0.08,-0.1,-0.08,1,imu01,fusion_20260817T182717Z,570,17164276,482844371266155
482844406000000,17184,-0.679,-0.036,-0.741,0.15,-0.03,-0.1,1,imu01,fusion_20260817T182717Z,571,17184272,482844391261435
482844421000000,17204,-0.678,-0.035,-0.737,-0.02,0.16,-0.04,1,imu01,fusion_20260817T182717Z,572,17204276,482844411264714
482844437000000,17224,-0.678,-0.033,-0.731,-0.02,0.07,0.13,1,imu01,fusion_20260817T182717Z,573,17224272,482844431259994
482844468000000,17244,-0.674,-0.035,-0.735,-0.14,0.05,0.04,1,imu01,fusion_20260817T182717Z,574,17244276,482844451263273
482844484000000,17264,-0.679,-0.034,-0.739,0.11,-0.06,-0.01,1,imu01,fusion_20260817T182717Z,575,17264272,482844471258552
482844500000000,17284,-0.675,-0.034,-0.732,0.02,0.23,-0.09,1,imu01,fusion_20260817T182717Z,576,17284276,482844491261831
482844515000000,17304,-0.678,-0.032,-0.732,-0.0,-0.13,0.01,1,imu01,fusion_20260817T182717Z,577,17304272,482844511257111
482844546000000,17324,-0.677,-0.037,-0.737,0.07,0.06,-0.07,1,imu01,fusion_20260817T182717Z,578,17324276,482844531260390
482844562000000,17344,-0.674,-0.035,-0.737,0.18,0.07,0.09,1,imu01,fusion_20260817T182717Z,579,17344272,482844551255670
482844578000000,17364,-0.677,-0.035,-0.732,-0.07,0.1,0.07,1,imu01,fusion_20260817T182717Z,580,17364276,482844571258949
482844609000000,17384,-0.673,-0.036,-0.733,-0.02,-0.13,0.01,1,imu01,fusion_20260817T182717Z,581,17384272,482844591254228
482844625000000,17404,-0.674,-0.034,-0.742,0.07,-0.03,0.0,1,imu01,fusion_20260817T182717Z,582,17404276,482844611257508
482844640000000,17424,-0.68,-0.036,-0.745,-0.02,0.1,0.14,1,imu01,fusion_20260817T182717Z,583,17424272,482844631252787
482844656000000,17444,-0.682,-0.036,-0.735,-0.02,0.04,0.02,1,imu01,fusion_20260817T182717Z,584,17444276,482844651256066
482844687000000,17464,-0.676,-0.036,-0.735,-0.1,-0.09,-0.06,1,imu01,fusion_20260817T182717Z,585,17464272,482844671251346
482844703000000,17484,-0.675,-0.037,-0.739,0.01,-0.09,-0.03,1,imu01,fusion_20260817T182717Z,586,17484276,482844691254625
482844718000000,17504,-0.681,-0.035,-0.733,0.05,0.1,0.1,1,imu01,fusion_20260817T182717Z,587,17504272,482844711249904
482844734000000,17524,-0.674,-0.034,-0.736,-0.05,-0.06,0.09,1,imu01,fusion_20260817T182717Z,588,17524276,482844731253184
482844765000000,17544,-0.678,-0.03,-0.741,-0.15,-0.12,-0.0,1,imu01,fusion_20260817T182717Z,589,17544272,482844751248463
482844781000000,17564,-0.674,-0.032,-0.734,0.07,-0.14,-0.02,1,imu01,fusion_20260817T182717Z,590,17564276,482844771251742
482844796000000,17584,-0.675,-0.035,-0.734,0.04,0.23,-0.11,1,imu01,fusion_20260817T182717Z,591,17584272,482844791247022
482844828000000,17604,-0.677,-0.037,-0.733,0.04,-0.08,0.0,1,imu01,fusion_20260817T182717Z,592,17604276,482844811250301
482844843000000,17624,-0.68,-0.037,-0.739,-0.0,-0.03,-0.01,1,imu01,fusion_20260817T182717Z,593,17624272,482844831245581
482844859000000,17644,-0.679,-0.037,-0.73,0.14,-0.19,-0.08,1,imu01,fusion_20260817T182717Z,594,17644276,482844851248860
482844875000000,17664,-0.679,-0.032,-0.735,-0.07,0.16,-0.1,1,imu01,fusion_20260817T182717Z,595,17664272,482844871244139
482844906000000,17684,-0.677,-0.039,-0.737,0.01,-0.12,0.03,1,imu01,fusion_20260817T182717Z,596,17684276,482844891247419
482844921000000,17704,-0.683,-0.034,-0.733,-0.05,-0.07,0.02,1,imu01,fusion_20260817T182717Z,597,17704272,482844911242698
482844937000000,17724,-0.679,-0.038,-0.738,0.08,-0.07,0.06,1,imu01,fusion_20260817T182717Z,598,17724276,482844931245977
482844953000000,17744,-0.673,-0.036,-0.732,-0.02,0.23,-0.03,1,imu01,fusion_20260817T182717Z,599,17744272,482844951241257
482844984000000,17764,-0.678,-0.035,-0.738,0.01,-0.13,-0.04,1,imu01,fusion_20260817T182717Z,600,17764276,482844971244536
482845000000000,17784,-0.679,-0.033,-0.737,0.17,-0.03,0.03,1,imu01,fusion_20260817T182717Z,601,17784272,482844991239816
482845015000000,17804,-0.677,-0.033,-0.731,0.02,0.08,0.03,1,imu01,fusion_20260817T182717Z,602,17804276,482845011243095
482845046000000,17824,-0.673,-0.041,-0.737,-0.03,0.07,-0.0,1,imu01,fusion_20260817T182717Z,603,17824272,482845031238374
482845062000000,17844,-0.678,-0.036,-0.739,-0.01,-0.07,-0.06,1,imu01,fusion_20260817T182717Z,604,17844276,482845051241654
482845078000000,17864,-0.675,-0.037,-0.737,0.05,-0.07,0.0,1,imu01,fusion_20260817T182717Z,605,17864272,482845071236933
482845093000000,17884,-0.676,-0.036,-0.733,0.15,0.12,-0.02,1,imu01,fusion_20260817T182717Z,606,17884276,482845091240212
482845125000000,17904,-0.678,-0.032,-0.731,0.05,-0.13,0.05,1,imu01,fusion_20260817T182717Z,607,17904272,482845111235492
482845140000000,17924,-0.674,-0.033,-0.74,-0.1,0.04,-0.13,1,imu01,fusion_20260817T182717Z,608,17924276,482845131238771
482845156000000,17944,-0.68,-0.035,-0.739,0.09,-0.04,-0.11,1,imu01,fusion_20260817T182717Z,609,17944272,482845151234050
482845187000000,17964,-0.677,-0.038,-0.738,-0.09,0.2,-0.03,1,imu01,fusion_20260817T182717Z,610,17964276,482845171237330
482845203000000,17984,-0.676,-0.036,-0.738,0.05,-0.02,0.13,1,imu01,fusion_20260817T182717Z,611,17984272,482845191232609
482845218000000,18004,-0.68,-0.036,-0.739,-0.02,0.02,0.04,1,imu01,fusion_20260817T182717Z,612,18004276,482845211235888
482845234000000,18024,-0.675,-0.037,-0.734,0.1,-0.12,0.0,1,imu01,fusion_20260817T182717Z,613,18024272,482845231231168
482845265000000,18044,-0.673,-0.038,-0.736,0.02,0.17,-0.04,1,imu01,fusion_20260817T182717Z,614,18044276,482845251234447
482845281000000,18064,-0.677,-0.034,-0.736,-0.0,-0.15,-0.0,1,imu01,fusion_20260817T182717Z,615,18064272,482845271229727
482845296000000,18084,-0.674,-0.034,-0.733,-0.15,-0.06,0.02,1,imu01,fusion_20260817T182717Z,616,18084276,482845291233006
482845312000000,18104,-0.68,-0.033,-0.733,0.03,0.0,0.06,1,imu01,fusion_20260817T182717Z,617,18104272,482845311228285
482845343000000,18124,-0.676,-0.034,-0.737,-0.15,0.12,0.0,1,imu01,fusion_20260817T182717Z,618,18124276,482845331231564
482845359000000,18144,-0.677,-0.036,-0.743,-0.04,-0.1,-0.07,1,imu01,fusion_20260817T182717Z,619,18144272,482845351226844
482845375000000,18164,-0.679,-0.036,-0.739,0.03,-0.09,0.0,1,imu01,fusion_20260817T182717Z,620,18164276,482845371230123
482845406000000,18184,-0.677,-0.036,-0.739,0.01,0.09,0.05,1,imu01,fusion_20260817T182717Z,621,18184272,482845391225403
482845421000000,18204,-0.677,-0.037,-0.732,-0.02,0.16,-0.04,1,imu01,fusion_20260817T182717Z,622,18204276,482845411228682
482845437000000,18224,-0.677,-0.033,-0.738,0.01,-0.07,-0.09,1,imu01,fusion_20260817T182717Z,623,18224272,482845431223961
482845468000000,18244,-0.681,-0.039,-0.737,-0.15,-0.26,0.01,1,imu01,fusion_20260817T182717Z,624,18244276,482845451227241
482845484000000,18264,-0.675,-0.035,-0.733,-0.05,0.13,-0.01,1,imu01,fusion_20260817T182717Z,625,18264272,482845471222520
482845500000000,18284,-0.675,-0.036,-0.732,-0.1,-0.02,-0.0,1,imu01,fusion_20260817T182717Z,626,18284276,482845491225799
482845515000000,18304,-0.674,-0.036,-0.738,-0.08,0.05,0.08,1,imu01,fusion_20260817T182717Z,627,18304272,482845511221079
482845546000000,18324,-0.675,-0.034,-0.74,-0.02,-0.19,-0.1,1,imu01,fusion_20260817T182717Z,628,18324276,482845531224358
482845562000000,18344,-0.676,-0.037,-0.731,-0.07,0.18,0.02,1,imu01,fusion_20260817T182717Z,629,18344272,482845551219638
482845578000000,18364,-0.676,-0.034,-0.741,0.02,-0.16,-0.01,1,imu01,fusion_20260817T182717Z,630,18364276,482845571222917
482845593000000,18384,-0.678,-0.033,-0.732,-0.09,-0.07,0.06,1,imu01,fusion_20260817T182717Z,631,18384272,482845591218196
482845625000000,18404,-0.681,-0.04,-0.727,0.16,-0.06,-0.04,1,imu01,fusion_20260817T182717Z,632,18404276,482845611221476
482845640000000,18424,-0.675,-0.036,-0.745,-0.14,0.12,-0.09,1,imu01,fusion_20260817T182717Z,633,18424272,482845631216755
482845656000000,18444,-0.674,-0.034,-0.735,-0.03,-0.19,0.02,1,imu01,fusion_20260817T182717Z,634,18444276,482845651220034
482845687000000,18464,-0.681,-0.035,-0.738,-0.11,-0.03,0.03,1,imu01,fusion_20260817T182717Z,635,18464272,482845671215314
482845703000000,18484,-0.677,-0.038,-0.733,0.09,0.0,0.06,1,imu01,fusion_20260817T182717Z,636,18484276,482845691218593
482845718000000,18504,-0.678,-0.034,-0.737,-0.08,0.05,0.11,1,imu01,fusion_20260817T182717Z,637,18504272,482845711213872
482845734000000,18524,-0.675,-0.039,-0.739,-0.05,-0.08,-0.06,1,imu01,fusion_20260817T182717Z,638,18524276,482845731217152
482845765000000,18544,-0.674,-0.035,-0.742,0.03,-0.04,0.01,1,imu01,fusion_20260817T182717Z,639,18544272,482845751212431
482845781000000,18564,-0.674,-0.034,-0.736,0.02,0.13,0.06,1,imu01,fusion_20260817T182717Z,640,18564276,482845771215710
482845796000000,18584,-0.677,-0.035,-0.74,-0.03,0.05,0.08,1,imu01,fusion_20260817T182717Z,641,18584272,482845791210990
482845828000000,18604,-0.677,-0.033,-0.739,-0.0,-0.13,-0.13,1,imu01,fusion_20260817T182717Z,642,18604276,482845811214269
482845843000000,18624,-0.678,-0.036,-0.738,0.12,-0.07,-0.16,1,imu01,fusion_20260817T182717Z,643,18624272,482845831209549
482845859000000,18644,-0.676,-0.035,-0.733,0.02,0.1,-0.06,1,imu01,fusion_20260817T182717Z,644,18644276,482845851212828
482845875000000,18664,-0.678,-0.034,-0.735,-0.23,-0.15,0.1,1,imu01,fusion_20260817T182717Z,645,18664272,482845871208107
482845906000000,18684,-0.679,-0.034,-0.741,-0.0,0.06,-0.04,1,imu01,fusion_20260817T182717Z,646,18684276,482845891211387
482845921000000,18704,-0.677,-0.032,-0.738,0.15,-0.14,-0.13,1,imu01,fusion_20260817T182717Z,647,18704272,482845911206666
482845937000000,18724,-0.681,-0.033,-0.734,-0.16,0.2,-0.05,1,imu01,fusion_20260817T182717Z,648,18724276,482845931209945
482845968000000,18744,-0.679,-0.034,-0.735,-0.12,-0.12,0.05,1,imu01,fusion_20260817T182717Z,649,18744272,482845951205225
482845984000000,18764,-0.679,-0.035,-0.74,-0.27,-0.19,-0.0,1,imu01,fusion_20260817T182717Z,650,18764276,482845971208504
482846000000000,18784,-0.676,-0.035,-0.744,0.08,-0.03,0.03,1,imu01,fusion_20260817T182717Z,651,18784272,482845991203784
482846015000000,18804,-0.673,-0.029,-0.737,-0.02,-0.01,-0.03,1,imu01,fusion_20260817T182717Z,652,18804276,482846011207063
482846046000000,18824,-0.677,-0.035,-0.737,0.04,-0.1,-0.04,1,imu01,fusion_20260817T182717Z,653,18824272,482846031202342
482846062000000,18844,-0.676,-0.036,-0.738,-0.19,-0.17,-0.06,1,imu01,fusion_20260817T182717Z,654,18844276,482846051205621
482846078000000,18864,-0.678,-0.03,-0.732,0.06,0.16,0.06,1,imu01,fusion_20260817T182717Z,655,18864272,482846071200901
482846109000000,18884,-0.677,-0.032,-0.726,-0.08,0.05,0.01,1,imu01,fusion_20260817T182717Z,656,18884276,482846091204180
482846125000000,18904,-0.676,-0.035,-0.738,-0.13,-0.2,0.01,1,imu01,fusion_20260817T182717Z,657,18904272,482846111199460
482846140000000,18924,-0.678,-0.038,-0.739,0.11,-0.11,-0.03,1,imu01,fusion_20260817T182717Z,658,18924276,482846131202739
482846156000000,18944,-0.676,-0.038,-0.739,-0.1,0.16,0.1,1,imu01,fusion_20260817T182717Z,659,18944272,482846151198018
482846187000000,18964,-0.678,-0.036,-0.737,0.03,0.15,0.18,1,imu01,fusion_20260817T182717Z,660,18964276,482846171201298
482846203000000,18984,-0.68,-0.036,-0.727,-0.01,-0.03,-0.07,1,imu01,fusion_20260817T182717Z,661,18984272,482846191196577
482846218000000,19004,-0.676,-0.036,-0.734,0.05,-0.18,-0.07,1,imu01,fusion_20260817T182717Z,662,19004276,482846211199856
482846234000000,19024,-0.677,-0.037,-0.737,0.04,0.22,-0.07,1,imu01,fusion_20260817T182717Z,663,19024272,482846231195136
482846265000000,19044,-0.67,-0.032,-0.734,-0.0,-0.05,0.13,1,imu01,fusion_20260817T182717Z,664,19044276,482846251198415
482846281000000,19064,-0.676,-0.039,-0.738,-0.12,0.02,-0.09,1,imu01,fusion_20260817T182717Z,665,19064272,482846271193694
482846296000000,19084,-0.673,-0.039,-0.738,0.17,-0.05,-0.04,1,imu01,fusion_20260817T182717Z,666,19084276,482846291196974
482846328000000,19104,-0.675,-0.033,-0.741,-0.08,0.13,-0.0,1,imu01,fusion_20260817T182717Z,667,19104272,482846311192253
482846343000000,19124,-0.678,-0.04,-0.736,0.11,-0.0,0.0,1,imu01,fusion_20260817T182717Z,668,19124276,482846331195532
482846359000000,19144,-0.679,-0.037,-0.739,0.07,-0.03,-0.01,1,imu01,fusion_20260817T182717Z,669,19144272,482846351190812
482846375000000,19164,-0.675,-0.034,-0.737,0.07,-0.0,0.11,1,imu01,fusion_20260817T182717Z,670,19164276,482846371194091
482846406000000,19184,-0.679,-0.036,-0.744,-0.08,0.17,-0.1,1,imu01,fusion_20260817T182717Z,671,19184272,482846391189371
482846421000000,19204,-0.674,-0.036,-0.738,-0.11,-0.13,-0.04,1,imu01,fusion_20260817T182717Z,672,19204276,482846411192650
482846437000000,19224,-0.676,-0.036,-0.74,0.11,-0.1,-0.01,1,imu01,fusion_20260817T182717Z,673,19224272,482846431187929
482846468000000,19244,-0.676,-0.037,-0.731,-0.01,0.1,0.1,1,imu01,fusion_20260817T182717Z,674,19244276,482846451191209
482846484000000,19264,-0.678,-0.036,-0.738,-0.15,0.03,0.09,1,imu01,fusion_20260817T182717Z,675,19264272,482846471186488
482846500000000,19284,-0.674,-0.034,-0.738,-0.08,-0.07,-0.13,1,imu01,fusion_20260817T182717Z,676,19284276,482846491189767
482846515000000,19304,-0.676,-0.035,-0.746,0.16,0.01,-0.04,1,imu01,fusion_20260817T182717Z,677,19304272,482846511185047
482846546000000,19324,-0.677,-0.029,-0.733,0.1,0.11,-0.06,1,imu01,fusion_20260817T182717Z,678,19324276,482846531188326
482846562000000,19344,-0.677,-0.032,-0.732,-0.0,-0.03,0.0,1,imu01,fusion_20260817T182717Z,679,19344272,482846551183606
482846578000000,19364,-0.679,-0.035,-0.735,-0.12,-0.09,0.02,1,imu01,fusion_20260817T182717Z,680,19364276,482846571186885
482846593000000,19384,-0.676,-0.036,-0.732,0.14,-0.13,0.01,1,imu01,fusion_20260817T182717Z,681,19384272,482846591182164
482846625000000,19404,-0.675,-0.036,-0.74,-0.08,0.13,-0.02,1,imu01,fusion_20260817T182717Z,682,19404276,482846611185443
482846640000000,19424,-0.68,-0.036,-0.735,-0.02,-0.15,0.13,1,imu01,fusion_20260817T182717Z,683,19424272,482846631180723
482846656000000,19444,-0.675,-0.034,-0.741,-0.05,-0.03,0.06,1,imu01,fusion_20260817T182717Z,684,19444276,482846651184002
482846687000000,19464,-0.678,-0.039,-0.737,0.08,-0.06,0.06,1,imu01,fusion_20260817T182717Z,685,19464272,482846671179282
482846703000000,19484,-0.679,-0.033,-0.734,-0.02,0.14,-0.04,1,imu01,fusion_20260817T182717Z,686,19484276,482846691182561
482846718000000,19504,-0.677,-0.038,-0.74,0.04,-0.09,0.05,1,imu01,fusion_20260817T182717Z,687,19504272,482846711177840
482846734000000,19524,-0.678,-0.037,-0.733,0.06,0.0,-0.01,1,imu01,fusion_20260817T182717Z,688,19524276,482846731181120
482846765000000,19544,-0.679,-0.035,-0.733,0.01,0.12,0.1,1,imu01,fusion_20260817T182717Z,689,19544272,482846751176399
482846781000000,19564,-0.673,-0.037,-0.737,-0.12,0.09,0.0,1,imu01,fusion_20260817T182717Z,690,19564276,482846771179678
482846796000000,19584,-0.68,-0.036,-0.738,-0.02,-0.11,-0.05,1,imu01,fusion_20260817T182717Z,691,19584272,482846791174958
482846828000000,19604,-0.676,-0.035,-0.73,-0.06,-0.19,-0.04,1,imu01,fusion_20260817T182717Z,692,19604276,482846811178237
482846843000000,19624,-0.681,-0.036,-0.735,0.01,0.03,0.12,1,imu01,fusion_20260817T182717Z,693,19624272,482846831173517
482846859000000,19644,-0.674,-0.036,-0.729,-0.23,-0.02,0.03,1,imu01,fusion_20260817T182717Z,694,19644276,482846851176796
482846875000000,19664,-0.678,-0.035,-0.738,-0.13,-0.02,-0.01,1,imu01,fusion_20260817T182717Z,695,19664272,482846871172075
482846906000000,19684,-0.679,-0.034,-0.731,0.08,-0.16,-0.1,1,imu01,fusion_20260817T182717Z,696,19684276,482846891175354
482846921000000,19704,-0.676,-0.037,-0.739,-0.15,0.04,0.03,1,imu01,fusion_20260817T182717Z,697,19704272,482846911170634
482846937000000,19724,-0.678,-0.035,-0.733,-0.09,0.03,0.26,1,imu01,fusion_20260817T182717Z,698,19724276,482846931173913
482846968000000,19744,-0.675,-0.033,-0.733,-0.04,0.07,0.01,1,imu01,fusion_20260817T182717Z,699,19744272,482846951169193
482846984000000,19764,-0.679,-0.036,-0.738,0.34,0.02,-0.01,1,imu01,fusion_20260817T182717Z,700,19764276,482846971172472
482847000000000,19784,-0.677,-0.035,-0.736,-0.35,0.07,0.04,1,imu01,fusion_20260817T182717Z,701,19784272,482846991167751
482847015000000,19804,-0.676,-0.037,-0.739,0.01,-0.08,0.05,1,imu01,fusion_20260817T182717Z,702,19804276,482847011171031
482847046000000,19824,-0.681,-0.034,-0.733,0.19,0.08,-0.01,1,imu01,fusion_20260817T182717Z,703,19824272,482847031166310
482847062000000,19844,-0.68,-0.038,-0.738,-0.03,-0.09,0.03,1,imu01,fusion_20260817T182717Z,704,19844276,482847051169589
482847078000000,19864,-0.682,-0.035,-0.735,0.11,0.27,-0.07,1,imu01,fusion_20260817T182717Z,705,19864272,482847071164869
482847093000000,19884,-0.675,-0.034,-0.739,-0.19,-0.22,-0.06,1,imu01,fusion_20260817T182717Z,706,19884276,482847091168148
482847125000000,19904,-0.679,-0.034,-0.734,-0.01,-0.02,0.03,1,imu01,fusion_20260817T182717Z,707,19904272,482847111163428
482847140000000,19924,-0.676,-0.037,-0.732,0.04,-0.06,0.06,1,imu01,fusion_20260817T182717Z,708,19924276,482847131166707
482847156000000,19944,-0.679,-0.033,-0.733,-0.24,0.1,0.03,1,imu01,fusion_20260817T182717Z,709,19944272,482847151161986
482847187000000,19964,-0.678,-0.036,-0.737,0.04,-0.04,-0.13,1,imu01,fusion_20260817T182717Z,710,19964276,482847171165266
482847203000000,19984,-0.675,-0.035,-0.739,-0.05,-0.18,-0.05,1,imu01,fusion_20260817T182717Z,711,19984272,482847191160545
482847218000000,20004,-0.677,-0.034,-0.736,0.1,0.15,0.1,1,imu01,fusion_20260817T182717Z,712,20004276,482847211163824
482847234000000,20024,-0.675,-0.035,-0.736,-0.04,-0.0,0.09,1,imu01,fusion_20260817T182717Z,713,20024272,482847231159104
482847265000000,20044,-0.675,-0.037,-0.731,-0.03,-0.04,-0.1,1,imu01,fusion_20260817T182717Z,714,20044276,482847251162383
482847281000000,20064,-0.676,-0.038,-0.737,-0.13,-0.25,0.0,1,imu01,fusion_20260817T182717Z,715,20064272,482847271157662
482847296000000,20084,-0.672,-0.04,-0.732,-0.19,0.13,0.08,1,imu01,fusion_20260817T182717Z,716,20084276,482847291160942
482847328000000,20104,-0.676,-0.034,-0.737,-0.18,-0.25,0.0,1,imu01,fusion_20260817T182717Z,717,20104272,482847311156221
482847343000000,20124,-0.677,-0.035,-0.74,0.27,0.14,-0.1,1,imu01,fusion_20260817T182717Z,718,20124276,482847331159500
482847359000000,20144,-0.677,-0.032,-0.735,0.42,0.07,-0.05,1,imu01,fusion_20260817T182717Z,719,20144272,482847351154780
482847375000000,20164,-0.677,-0.036,-0.738,-0.19,0.07,-0.1,1,imu01,fusion_20260817T182717Z,720,20164276,482847371158059
482847406000000,20184,-0.679,-0.037,-0.73,0.28,-0.08,-0.08,1,imu01,fusion_20260817T182717Z,721,20184272,482847391153339
482847421000000,20204,-0.679,-0.034,-0.73,0.27,0.1,-0.0,1,imu01,fusion_20260817T182717Z,722,20204276,482847411156618
482847437000000,20224,-0.676,-0.036,-0.736,0.04,0.04,0.16,1,imu01,fusion_20260817T182717Z,723,20224272,482847431151897
482847468000000,20244,-0.675,-0.034,-0.733,0.08,0.18,-0.0,1,imu01,fusion_20260817T182717Z,724,20244276,482847451155176
482847484000000,20264,-0.675,-0.038,-0.737,-0.02,-0.14,-0.08,1,imu01,fusion_20260817T182717Z,725,20264272,482847471150456
482847500000000,20284,-0.679,-0.034,-0.732,-0.01,-0.12,-0.01,1,imu01,fusion_20260817T182717Z,726,20284276,482847491153735
482847515000000,20304,-0.679,-0.037,-0.736,0.02,0.0,-0.01,1,imu01,fusion_20260817T182717Z,727,20304272,482847511149015
482847546000000,20324,-0.67,-0.037,-0.736,-0.03,0.08,-0.01,1,imu01,fusion_20260817T182717Z,728,20324276,482847531152294
482847562000000,20344,-0.677,-0.035,-0.735,-0.11,-0.07,-0.05,1,imu01,fusion_20260817T182717Z,729,20344272,482847551147573
482847578000000,20364,-0.678,-0.037,-0.736,0.01,-0.08,-0.0,1,imu01,fusion_20260817T182717Z,730,20364276,482847571150853
482847593000000,20384,-0.677,-0.032,-0.743,-0.01,0.21,0.04,1,imu01,fusion_20260817T182717Z,731,20384272,482847591146132
482847625000000,20404,-0.676,-0.033,-0.73,-0.08,0.08,0.13,1,imu01,fusion_20260817T182717Z,732,20404276,482847611149411
482847640000000,20424,-0.678,-0.036,-0.737,-0.0,-0.04,0.0,1,imu01,fusion_20260817T182717Z,733,20424272,482847631144691
482847656000000,20444,-0.675,-0.037,-0.738,0.09,-0.09,-0.12,1,imu01,fusion_20260817T182717Z,734,20444276,482847651147970
482847687000000,20464,-0.674,-0.04,-0.736,0.03,0.26,-0.02,1,imu01,fusion_20260817T182717Z,735,20464272,482847671143250
482847703000000,20484,-0.68,-0.035,-0.733,0.05,-0.17,0.11,1,imu01,fusion_20260817T182717Z,736,20484276,482847691146529
482847718000000,20504,-0.673,-0.032,-0.738,0.06,-0.01,-0.0,1,imu01,fusion_20260817T182717Z,737,20504272,482847711141808
482847734000000,20524,-0.678,-0.038,-0.738,0.27,-0.03,-0.13,1,imu01,fusion_20260817T182717Z,738,20524276,482847731145088
482847765000000,20544,-0.675,-0.035,-0.739,-0.01,0.18,-0.1,1,imu01,fusion_20260817T182717Z,739,20544272,482847751140367
482847781000000,20564,-0.677,-0.035,-0.732,-0.02,-0.11,-0.05,1,imu01,fusion_20260817T182717Z,740,20564276,482847771143646
482847796000000,20584,-0.675,-0.032,-0.733,0.13,0.1,0.03,1,imu01,fusion_20260817T182717Z,741,20584272,482847791138926
482847828000000,20604,-0.679,-0.037,-0.736,-0.01,0.0,0.03,1,imu01,fusion_20260817T182717Z,742,20604276,482847811142205
482847843000000,20624,-0.677,-0.039,-0.737,0.03,0.19,-0.04,1,imu01,fusion_20260817T182717Z,743,20624272,482847831137484
482847859000000,20644,-0.674,-0.037,-0.736,0.02,-0.05,-0.03,1,imu01,fusion_20260817T182717Z,744,20644276,482847851140764
482847875000000,20664,-0.676,-0.03,-0.739,-0.03,-0.06,-0.01,1,imu01,fusion_20260817T182717Z,745,20664272,482847871136043
482847906000000,20684,-0.677,-0.034,-0.733,0.03,0.06,0.07,1,imu01,fusion_20260817T182717Z,746,20684276,482847891139322
482847921000000,20704,-0.673,-0.034,-0.733,0.01,0.05,0.06,1,imu01,fusion_20260817T182717Z,747,20704272,482847911134602
482847937000000,20724,-0.68,-0.037,-0.728,-0.05,-0.06,-0.08,1,imu01,fusion_20260817T182717Z,748,20724276,482847931137881
482847968000000,20744,-0.678,-0.036,-0.738,-0.02,-0.16,-0.07,1,imu01,fusion_20260817T182717Z,749,20744272,482847951133161
482847984000000,20764,-0.681,-0.037,-0.732,-0.09,0.13,0.07,1,imu01,fusion_20260817T182717Z,750,20764276,482847971136440
482848000000000,20784,-0.681,-0.034,-0.733,-0.04,0.03,0.0,1,imu01,fusion_20260817T182717Z,751,20784272,482847991131719
482848015000000,20804,-0.676,-0.038,-0.739,-0.08,0.13,-0.03,1,imu01,fusion_20260817T182717Z,752,20804276,482848011134999
482848046000000,20824,-0.679,-0.035,-0.739,0.01,-0.18,-0.07,1,imu01,fusion_20260817T182717Z,753,20824272,482848031130278
482848062000000,20844,-0.675,-0.036,-0.735,-0.05,0.17,-0.03,1,imu01,fusion_20260817T182717Z,754,20844276,482848051133557
482848078000000,20864,-0.675,-0.037,-0.737,-0.08,-0.19,0.07,1,imu01,fusion_20260817T182717Z,755,20864272,482848071128837
482848109000000,20884,-0.679,-0.03,-0.741,-0.08,-0.01,0.0,1,imu01,fusion_20260817T182717Z,756,20884276,482848091132116
482848125000000,20904,-0.677,-0.036,-0.735,0.08,-0.03,0.02,1,imu01,fusion_20260817T182717Z,757,20904272,482848111127396
482848140000000,20924,-0.678,-0.033,-0.736,-0.02,0.1,-0.04,1,imu01,fusion_20260817T182717Z,758,20924276,482848131130675
482848156000000,20944,-0.675,-0.038,-0.735,-0.1,-0.13,-0.07,1,imu01,fusion_20260817T182717Z,759,20944272,482848151125954
482848187000000,20964,-0.68,-0.035,-0.736,0.08,0.03,0.03,1,imu01,fusion_20260817T182717Z,760,20964276,482848171129233
482848203000000,20984,-0.679,-0.037,-0.728,0.13,0.15,0.13,1,imu01,fusion_20260817T182717Z,761,20984272,482848191124513
482848218000000,21004,-0.671,-0.035,-0.732,-0.13,0.07,0.0,1,imu01,fusion_20260817T182717Z,762,21004276,482848211127792
482848234000000,21024,-0.678,-0.032,-0.738,0.06,0.05,-0.01,1,imu01,fusion_20260817T182717Z,763,21024272,482848231123072
482848265000000,21044,-0.678,-0.037,-0.735,0.14,-0.02,-0.0,1,imu01,fusion_20260817T182717Z,764,21044276,482848251126351
482848281000000,21064,-0.676,-0.039,-0.742,0.08,0.2,0.06,1,imu01,fusion_20260817T182717Z,765,21064272,482848271121630
482848296000000,21084,-0.677,-0.033,-0.741,0.04,0.12,0.09,1,imu01,fusion_20260817T182717Z,766,21084276,482848291124910
482848328000000,21104,-0.675,-0.038,-0.74,-0.12,-0.11,-0.07,1,imu01,fusion_20260817T182717Z,767,21104272,482848311120189
482848343000000,21124,-0.673,-0.039,-0.733,0.05,-0.15,-0.16,1,imu01,fusion_20260817T182717Z,768,21124276,482848331123468
482848359000000,21144,-0.674,-0.035,-0.733,-0.25,-0.0,-0.09,1,imu01,fusion_20260817T182717Z,769,21144272,482848351118748
482848375000000,21164,-0.677,-0.037,-0.731,0.07,-0.09,0.09,1,imu01,fusion_20260817T182717Z,770,21164276,482848371122027
482848406000000,21184,-0.675,-0.034,-0.73,-0.15,0.01,0.03,1,imu01,fusion_20260817T182717Z,771,21184272,482848391117306
482848421000000,21204,-0.678,-0.036,-0.734,0.18,-0.08,-0.07,1,imu01,fusion_20260817T182717Z,772,21204276,482848411120586
482848437000000,21224,-0.678,-0.036,-0.737,-0.13,0.03,-0.08,1,imu01,fusion_20260817T182717Z,773,21224272,482848431115865
482848453000000,21244,-0.677,-0.04,-0.733,0.15,0.01,0.08,1,imu01,fusion_20260817T182717Z,774,21244276,482848451119144
482848484000000,21264,-0.677,-0.039,-0.733,-0.11,-0.0,-0.04,1,imu01,fusion_20260817T182717Z,775,21264272,482848471114424
482848500000000,21284,-0.677,-0.031,-0.739,-0.02,-0.1,0.03,1,imu01,fusion_20260817T182717Z,776,21284276,482848491117703
482848515000000,21304,-0.677,-0.037,-0.733,-0.05,0.1,-0.0,1,imu01,fusion_20260817T182717Z,777,21304272,482848511112983
482848546000000,21324,-0.677,-0.039,-0.737,0.02,-0.04,-0.04,1,imu01,fusion_20260817T182717Z,778,21324276,482848531116262
482848562000000,21344,-0.676,-0.037,-0.738,0.16,0.02,0.03,1,imu01,fusion_20260817T182717Z,779,21344272,482848551111541
482848578000000,21364,-0.676,-0.037,-0.739,0.08,0.07,0.09,1,imu01,fusion_20260817T182717Z,780,21364276,482848571114821
482848593000000,21384,-0.674,-0.035,-0.733,-0.12,0.08,0.09,1,imu01,fusion_20260817T182717Z,781,21384272,482848591110100
482848625000000,21404,-0.679,-0.035,-0.737,0.08,-0.06,-0.05,1,imu01,fusion_20260817T182717Z,782,21404276,482848611113379
482848640000000,21424,-0.675,-0.038,-0.734,0.02,-0.06,-0.07,1,imu01,fusion_20260817T182717Z,783,21424272,482848631108659
482848656000000,21444,-0.676,-0.036,-0.744,0.08,0.2,0.08,1,imu01,fusion_20260817T182717Z,784,21444276,482848651111938
482848687000000,21464,-0.678,-0.035,-0.74,0.14,0.13,0.08,1,imu01,fusion_20260817T182717Z,785,21464272,482848671107218
482848703000000,21484,-0.676,-0.034,-0.736,-0.02,-0.06,-0.05,1,imu01,fusion_20260817T182717Z,786,21484276,482848691110497
482848718000000,21504,-0.676,-0.038,-0.742,0.14,-0.1,-0.04,1,imu01,fusion_20260817T182717Z,787,21504272,482848711105776
482848734000000,21524,-0.679,-0.037,-0.734,0.08,0.2,0.06,1,imu01,fusion_20260817T182717Z,788,21524276,482848731109055
482848765000000,21544,-0.674,-0.033,-0.736,-0.02,-0.09,0.11,1,imu01,fusion_20260817T182717Z,789,21544272,482848751104335
482848781000000,21564,-0.674,-0.035,-0.736,-0.04,-0.03,0.03,1,imu01,fusion_20260817T182717Z,790,21564276,482848771107614
482848796000000,21584,-0.675,-0.033,-0.729,0.11,-0.08,-0.03,1,imu01,fusion_20260817T182717Z,791,21584272,482848791102894
482848828000000,21604,-0.679,-0.037,-0.734,0.08,0.17,0.01,1,imu01,fusion_20260817T182717Z,792,21604276,482848811106173
482848843000000,21624,-0.681,-0.033,-0.727,0.03,-0.09,-0.03,1,imu01,fusion_20260817T182717Z,793,21624272,482848831101452
482848859000000,21644,-0.674,-0.034,-0.739,0.04,-0.03,-0.08,1,imu01,fusion_20260817T182717Z,794,21644276,482848851104732
482848875000000,21664,-0.677,-0.036,-0.736,0.1,0.09,0.03,1,imu01,fusion_20260817T182717Z,795,21664272,482848871100011
482848906000000,21684,-0.675,-0.036,-0.74,-0.12,0.13,0.03,1,imu01,fusion_20260817T182717Z,796,21684276,482848891103290
482848921000000,21704,-0.677,-0.035,-0.738,0.01,-0.03,-0.16,1,imu01,fusion_20260817T182717Z,797,21704272,482848911098570
482848937000000,21724,-0.677,-0.038,-0.733,0.04,0.03,-0.04,1,imu01,fusion_20260817T182717Z,798,21724276,482848931101849
482848968000000,21744,-0.674,-0.035,-0.735,-0.04,0.07,-0.0,1,imu01,fusion_20260817T182717Z,799,21744272,482848951097129
482848984000000,21764,-0.676,-0.033,-0.744,-0.09,0.03,0.0,1,imu01,fusion_20260817T182717Z,800,21764276,482848971100408
482849000000000,21784,-0.676,-0.039,-0.737,-0.08,-0.08,-0.11,1,imu01,fusion_20260817T182717Z,801,21784272,482848991095687
482849015000000,21804,-0.68,-0.035,-0.734,-0.0,-0.14,-0.09,1,imu01,fusion_20260817T182717Z,802,21804276,482849011098966
482849046000000,21824,-0.681,-0.034,-0.736,-0.0,0.11,0.0,1,imu01,fusion_20260817T182717Z,803,21824272,482849031094246
482849062000000,21844,-0.675,-0.037,-0.734,-0.05,0.13,0.04,1,imu01,fusion_20260817T182717Z,804,21844276,482849051097525
482849078000000,21864,-0.676,-0.037,-0.742,-0.0,-0.02,-0.21,1,imu01,fusion_20260817T182717Z,805,21864272,482849071092805
482849093000000,21884,-0.677,-0.034,-0.737,0.02,-0.06,-0.04,1,imu01,fusion_20260817T182717Z,806,21884276,482849091096084
482849125000000,21904,-0.68,-0.033,-0.735,0.02,0.23,-0.04,1,imu01,fusion_20260817T182717Z,807,21904272,482849111091363
482849140000000,21924,-0.676,-0.042,-0.734,-0.02,-0.03,0.03,1,imu01,fusion_20260817T182717Z,808,21924276,482849131094643
482849156000000,21944,-0.676,-0.031,-0.735,-0.03,0.04,-0.0,1,imu01,fusion_20260817T182717Z,809,21944272,482849151089922
482849187000000,21964,-0.679,-0.037,-0.739,0.11,-0.15,0.03,1,imu01,fusion_20260817T182717Z,810,21964276,482849171093201
482849203000000,21984,-0.681,-0.036,-0.733,-0.08,0.1,-0.06,1,imu01,fusion_20260817T182717Z,811,21984272,482849191088481
482849218000000,22004,-0.674,-0.033,-0.729,0.01,-0.01,-0.05,1,imu01,fusion_20260817T182717Z,812,22004276,482849211091760
482849234000000,22024,-0.67,-0.038,-0.736,-0.01,-0.05,-0.02,1,imu01,fusion_20260817T182717Z,813,22024272,482849231087040
482849265000000,22044,-0.675,-0.039,-0.734,0.02,0.0,0.04,1,imu01,fusion_20260817T182717Z,814,22044276,482849251090319
482849281000000,22064,-0.672,-0.037,-0.741,-0.09,0.14,-0.07,1,imu01,fusion_20260817T182717Z,815,22064272,482849271085598
482849296000000,22084,-0.678,-0.037,-0.732,-0.01,-0.13,-0.16,1,imu01,fusion_20260817T182717Z,816,22084276,482849291088878
482849328000000,22104,-0.678,-0.037,-0.734,0.01,-0.04,-0.07,1,imu01,fusion_20260817T182717Z,817,22104272,482849311084157
482849343000000,22124,-0.678,-0.038,-0.733,-0.02,0.09,0.01,1,imu01,fusion_20260817T182717Z,818,22124276,482849331087436
482849359000000,22144,-0.673,-0.034,-0.732,0.03,0.05,-0.03,1,imu01,fusion_20260817T182717Z,819,22144272,482849351082716
482849375000000,22164,-0.677,-0.037,-0.737,0.07,-0.08,-0.02,1,imu01,fusion_20260817T182717Z,820,22164276,482849371085995
482849406000000,22184,-0.674,-0.037,-0.738,0.04,-0.12,-0.09,1,imu01,fusion_20260817T182717Z,821,22184272,482849391081274
482849421000000,22204,-0.672,-0.037,-0.733,-0.01,0.21,0.04,1,imu01,fusion_20260817T182717Z,822,22204276,482849411084554
482849437000000,22224,-0.676,-0.036,-0.738,-0.01,-0.07,0.08,1,imu01,fusion_20260817T182717Z,823,22224272,482849431079833
482849453000000,22244,-0.673,-0.034,-0.737,-0.08,-0.03,-0.02,1,imu01,fusion_20260817T182717Z,824,22244276,482849451083112
482849484000000,22264,-0.677,-0.037,-0.737,-0.02,-0.13,-0.05,1,imu01,fusion_20260817T182717Z,825,22264272,482849471078392
482849500000000,22284,-0.681,-0.036,-0.735,-0.15,0.18,-0.03,1,imu01,fusion_20260817T182717Z,826,22284276,482849491081671
482849515000000,22304,-0.676,-0.036,-0.733,0.04,-0.04,0.04,1,imu01,fusion_20260817T182717Z,827,22304272,482849511076951
482849546000000,22324,-0.67,-0.038,-0.737,-0.05,-0.01,-0.05,1,imu01,fusion_20260817T182717Z,828,22324276,482849531080230
482849562000000,22344,-0.674,-0.038,-0.732,0.09,-0.1,-0.07,1,imu01,fusion_20260817T182717Z,829,22344272,482849551075509
482849578000000,22364,-0.678,-0.035,-0.738,-0.16,0.2,-0.13,1,imu01,fusion_20260817T182717Z,830,22364276,482849571078788
482849609000000,22384,-0.679,-0.032,-0.737,-0.1,-0.07,-0.01,1,imu01,fusion_20260817T182717Z,831,22384272,482849591074068
482849625000000,22404,-0.678,-0.04,-0.743,-0.02,0.01,0.05,1,imu01,fusion_20260817T182717Z,832,22404276,482849611077347
482849640000000,22424,-0.675,-0.034,-0.735,-0.03,0.04,0.06,1,imu01,fusion_20260817T182717Z,833,22424272,482849631072627
482849656000000,22444,-0.677,-0.039,-0.732,-0.05,0.15,0.06,1,imu01,fusion_20260817T182717Z,834,22444276,482849651075906
482849687000000,22464,-0.678,-0.038,-0.737,-0.28,-0.14,0.01,1,imu01,fusion_20260817T182717Z,835,22464272,482849671071185
482849703000000,22484,-0.675,-0.035,-0.733,0.11,0.03,-0.04,1,imu01,fusion_20260817T182717Z,836,22484276,482849691074465
482849718000000,22504,-0.681,-0.033,-0.731,-0.05,0.17,0.02,1,imu01,fusion_20260817T182717Z,837,22504272,482849711069744
482849734000000,22524,-0.679,-0.034,-0.733,-0.1,-0.17,0.03,1,imu01,fusion_20260817T182717Z,838,22524276,482849731073023
482849765000000,22544,-0.676,-0.035,-0.74,0.08,0.1,-0.06,1,imu01,fusion_20260817T182717Z,839,22544272,482849751068303
482849781000000,22564,-0.674,-0.039,-0.733,0.03,-0.06,-0.06,1,imu01,fusion_20260817T182717Z,840,22564276,482849771071582
482849796000000,22584,-0.68,-0.034,-0.731,-0.26,0.09,0.0,1,imu01,fusion_20260817T182717Z,841,22584272,482849791066862
482849828000000,22604,-0.673,-0.032,-0.734,0.12,-0.05,0.08,1,imu01,fusion_20260817T182717Z,842,22604276,482849811070141
482849843000000,22624,-0.674,-0.037,-0.733,-0.09,0.03,-0.0,1,imu01,fusion_20260817T182717Z,843,22624272,482849831065420
482849859000000,22644,-0.674,-0.039,-0.74,0.05,-0.1,0.06,1,imu01,fusion_20260817T182717Z,844,22644276,482849851068700
482849875000000,22664,-0.68,-0.031,-0.736,-0.2,0.06,-0.08,1,imu01,fusion_20260817T182717Z,845,22664272,482849871063979
482849906000000,22684,-0.679,-0.034,-0.736,0.14,-0.09,-0.0,1,imu01,fusion_20260817T182717Z,846,22684276,482849891067258
482849921000000,22704,-0.683,-0.039,-0.739,-0.18,-0.15,0.03,1,imu01,fusion_20260817T182717Z,847,22704272,482849911062538
482849937000000,22724,-0.679,-0.035,-0.737,0.15,0.07,0.09,1,imu01,fusion_20260817T182717Z,848,22724276,482849931065817
482849953000000,22744,-0.676,-0.032,-0.736,-0.1,0.04,-0.04,1,imu01,fusion_20260817T182717Z,849,22744272,482849951061096
482849984000000,22764,-0.676,-0.033,-0.736,-0.1,-0.07,-0.13,1,imu01,fusion_20260817T182717Z,850,22764276,482849971064376
482850000000000,22784,-0.68,-0.036,-0.735,0.27,-0.02,-0.04,1,imu01,fusion_20260817T182717Z,851,22784272,482849991059655
482850015000000,22804,-0.68,-0.036,-0.735,-0.1,-0.03,0.02,1,imu01,fusion_20260817T182717Z,852,22804276,482850011062934
482850046000000,22824,-0.677,-0.034,-0.736,0.08,0.14,0.0,1,imu01,fusion_20260817T182717Z,853,22824272,482850031058214
482850062000000,22844,-0.678,-0.036,-0.737,-0.05,-0.04,-0.03,1,imu01,fusion_20260817T182717Z,854,22844276,482850051061493
482850078000000,22864,-0.677,-0.034,-0.736,0.17,-0.1,-0.1,1,imu01,fusion_20260817T182717Z,855,22864272,482850071056773
482850093000000,22884,-0.677,-0.036,-0.735,0.04,0.19,-0.0,1,imu01,fusion_20260817T182717Z,856,22884276,482850091060052
482850125000000,22904,-0.677,-0.038,-0.739,0.02,0.03,0.07,1,imu01,fusion_20260817T182717Z,857,22904272,482850111055331
482850140000000,22924,-0.678,-0.035,-0.735,0.09,0.04,0.03,1,imu01,fusion_20260817T182717Z,858,22924276,482850131058611
482850156000000,22944,-0.679,-0.038,-0.735,0.13,-0.0,0.07,1,imu01,fusion_20260817T182717Z,859,22944272,482850151053890
482850187000000,22964,-0.675,-0.039,-0.745,-0.15,0.1,-0.04,1,imu01,fusion_20260817T182717Z,860,22964276,482850171057169
482850203000000,22984,-0.679,-0.035,-0.739,0.07,0.02,0.07,1,imu01,fusion_20260817T182717Z,861,22984272,482850191052449
482850218000000,23004,-0.677,-0.04,-0.733,0.01,-0.04,-0.04,1,imu01,fusion_20260817T182717Z,862,23004276,482850211055728
482850234000000,23024,-0.68,-0.038,-0.74,0.25,-0.08,0.03,1,imu01,fusion_20260817T182717Z,863,23024272,482850231051008
482850265000000,23044,-0.676,-0.039,-0.734,-0.06,0.23,-0.07,1,imu01,fusion_20260817T182717Z,864,23044276,482850251054287
482850281000000,23064,-0.677,-0.033,-0.73,-0.0,-0.08,-0.08,1,imu01,fusion_20260817T182717Z,865,23064272,482850271049566
482850296000000,23084,-0.679,-0.037,-0.732,0.04,0.06,-0.01,1,imu01,fusion_20260817T182717Z,866,23084276,482850291052845
482850328000000,23104,-0.676,-0.034,-0.735,0.18,0.04,0.03,1,imu01,fusion_20260817T182717Z,867,23104272,482850311048125
482850343000000,23124,-0.677,-0.033,-0.736,0.02,0.09,-0.04,1,imu01,fusion_20260817T182717Z,868,23124276,482850331051404
482850359000000,23144,-0.681,-0.032,-0.737,-0.01,0.08,-0.13,1,imu01,fusion_20260817T182717Z,869,23144272,482850351046684
482850375000000,23164,-0.678,-0.038,-0.738,0.31,0.14,-0.03,1,imu01,fusion_20260817T182717Z,870,23164276,482850371049963
482850406000000,23184,-0.681,-0.037,-0.732,-0.03,0.05,0.15,1,imu01,fusion_20260817T182717Z,871,23184272,482850391045242
482850421000000,23204,-0.676,-0.032,-0.732,0.01,0.01,0.09,1,imu01,fusion_20260817T182717Z,872,23204276,482850411048522
482850437000000,23224,-0.675,-0.036,-0.73,-0.07,-0.06,-0.03,1,imu01,fusion_20260817T182717Z,873,23224272,482850431043801
482850468000000,23244,-0.683,-0.039,-0.735,-0.11,-0.25,-0.12,1,imu01,fusion_20260817T182717Z,874,23244276,482850451047080
482850484000000,23264,-0.677,-0.031,-0.738,-0.02,0.11,-0.04,1,imu01,fusion_20260817T182717Z,875,23264272,482850471042360
482850500000000,23284,-0.682,-0.034,-0.737,-0.15,-0.02,0.01,1,imu01,fusion_20260817T182717Z,876,23284276,482850491045639
482850515000000,23304,-0.677,-0.036,-0.737,-0.12,-0.03,-0.04,1,imu01,fusion_20260817T182717Z,877,23304272,482850511040918
482850546000000,23324,-0.675,-0.038,-0.735,-0.05,-0.16,0.03,1,imu01,fusion_20260817T182717Z,878,23324276,482850531044198
482850562000000,23344,-0.679,-0.036,-0.736,-0.15,0.12,0.02,1,imu01,fusion_20260817T182717Z,879,23344272,482850551039477
482850578000000,23364,-0.674,-0.035,-0.742,-0.02,-0.06,0.03,1,imu01,fusion_20260817T182717Z,880,23364276,482850571042756
482850593000000,23384,-0.676,-0.036,-0.738,-0.17,-0.11,0.0,1,imu01,fusion_20260817T182717Z,881,23384272,482850591038036
482850625000000,23404,-0.678,-0.033,-0.736,-0.13,-0.09,0.09,1,imu01,fusion_20260817T182717Z,882,23404276,482850611041315
482850640000000,23424,-0.677,-0.037,-0.739,-0.06,0.16,0.02,1,imu01,fusion_20260817T182717Z,883,23424272,482850631036595
482850656000000,23444,-0.678,-0.035,-0.737,-0.05,-0.11,-0.08,1,imu01,fusion_20260817T182717Z,884,23444276,482850651039874
482850687000000,23464,-0.674,-0.035,-0.734,0.14,0.03,-0.02,1,imu01,fusion_20260817T182717Z,885,23464272,482850671035153
482850703000000,23484,-0.676,-0.037,-0.733,0.49,0.22,0.06,1,imu01,fusion_20260817T182717Z,886,23484276,482850691038433
482850718000000,23504,-0.678,-0.04,-0.737,0.1,0.26,-0.03,1,imu01,fusion_20260817T182717Z,887,23504272,482850711033712
482850734000000,23524,-0.676,-0.037,-0.735,0.09,-0.06,-0.13,1,imu01,fusion_20260817T182717Z,888,23524276,482850731036991
482850765000000,23544,-0.673,-0.034,-0.733,-0.18,-0.13,0.03,1,imu01,fusion_20260817T182717Z,889,23544272,482850751032271
482850781000000,23564,-0.676,-0.036,-0.741,-0.24,-0.18,0.01,1,imu01,fusion_20260817T182717Z,890,23564276,482850771035550
482850796000000,23584,-0.68,-0.035,-0.74,-0.4,-0.16,0.1,1,imu01,fusion_20260817T182717Z,891,23584272,482850791030830
482850828000000,23604,-0.679,-0.036,-0.737,-0.18,-0.11,-0.03,1,imu01,fusion_20260817T182717Z,892,23604276,482850811034109
482850843000000,23624,-0.681,-0.034,-0.736,0.1,-0.07,-0.08,1,imu01,fusion_20260817T182717Z,893,23624272,482850831029388
482850859000000,23644,-0.68,-0.036,-0.732,-0.06,0.21,-0.0,1,imu01,fusion_20260817T182717Z,894,23644276,482850851032668
482850875000000,23664,-0.679,-0.035,-0.733,-0.02,-0.01,0.03,1,imu01,fusion_20260817T182717Z,895,23664272,482850871027947
482850906000000,23684,-0.676,-0.035,-0.742,-0.05,-0.09,-0.07,1,imu01,fusion_20260817T182717Z,896,23684276,482850891031226
482850921000000,23704,-0.675,-0.034,-0.736,0.34,0.05,-0.1,1,imu01,fusion_20260817T182717Z,897,23704272,482850911026506
482850937000000,23724,-0.678,-0.04,-0.735,-0.02,0.18,-0.13,1,imu01,fusion_20260817T182717Z,898,23724276,482850931029785
482850953000000,23744,-0.676,-0.037,-0.733,0.04,-0.03,-0.04,1,imu01,fusion_20260817T182717Z,899,23744272,482850951025064
482850984000000,23764,-0.68,-0.036,-0.738,-0.05,-0.06,-0.0,1,imu01,fusion_20260817T182717Z,900,23764276,482850971028344
482851000000000,23784,-0.673,-0.034,-0.734,0.04,0.03,0.07,1,imu01,fusion_20260817T182717Z,901,23784272,482850991023623
482851015000000,23804,-0.674,-0.033,-0.736,0.01,0.12,-0.03,1,imu01,fusion_20260817T182717Z,902,23804276,482851011026902
482851046000000,23824,-0.672,-0.034,-0.736,0.01,-0.09,-0.07,1,imu01,fusion_20260817T182717Z,903,23824272,482851031022182
482851062000000,23844,-0.676,-0.034,-0.738,-0.08,0.01,0.06,1,imu01,fusion_20260817T182717Z,904,23844276,482851051025461
482851078000000,23864,-0.674,-0.032,-0.742,0.08,0.07,0.13,1,imu01,fusion_20260817T182717Z,905,23864272,482851071020741
482851093000000,23884,-0.671,-0.037,-0.734,0.05,0.04,0.09,1,imu01,fusion_20260817T182717Z,906,23884276,482851091024020
482851125000000,23904,-0.678,-0.039,-0.737,-0.04,0.04,-0.07,1,imu01,fusion_20260817T182717Z,907,23904272,482851111019299
482851140000000,23924,-0.676,-0.034,-0.734,0.09,-0.03,-0.03,1,imu01,fusion_20260817T182717Z,908,23924276,482851131022578
482851156000000,23944,-0.675,-0.039,-0.738,0.01,0.13,-0.04,1,imu01,fusion_20260817T182717Z,909,23944272,482851151017858
482851187000000,23964,-0.679,-0.031,-0.734,-0.02,0.01,0.08,1,imu01,fusion_20260817T182717Z,910,23964276,482851171021137
482851203000000,23984,-0.679,-0.034,-0.733,0.05,0.05,-0.01,1,imu01,fusion_20260817T182717Z,911,23984272,482851191016417
482851218000000,24004,-0.679,-0.034,-0.74,0.06,-0.1,0.03,1,imu01,fusion_20260817T182717Z,912,24004276,482851211019696
482851234000000,24024,-0.675,-0.034,-0.739,-0.11,0.09,-0.03,1,imu01,fusion_20260817T182717Z,913,24024272,482851231014975
482851265000000,24044,-0.677,-0.037,-0.74,0.15,0.1,0.07,1,imu01,fusion_20260817T182717Z,914,24044276,482851251018255
482851281000000,24064,-0.678,-0.034,-0.73,0.08,-0.06,-0.04,1,imu01,fusion_20260817T182717Z,915,24064272,482851271013534
482851296000000,24084,-0.679,-0.032,-0.736,0.16,-0.03,-0.01,1,imu01,fusion_20260817T182717Z,916,24084276,482851291016813
482851328000000,24104,-0.675,-0.039,-0.74,0.08,0.23,-0.05,1,imu01,fusion_20260817T182717Z,917,24104272,482851311012093
482851343000000,24124,-0.677,-0.033,-0.736,0.04,-0.09,-0.06,1,imu01,fusion_20260817T182717Z,918,24124276,482851331015372
482851359000000,24144,-0.675,-0.039,-0.74,0.14,0.0,-0.03,1,imu01,fusion_20260817T182717Z,919,24144272,482851351010652
482851375000000,24164,-0.672,-0.035,-0.743,0.11,0.11,0.07,1,imu01,fusion_20260817T182717Z,920,24164276,482851371013931
482851406000000,24184,-0.676,-0.037,-0.738,-0.27,0.02,0.02,1,imu01,fusion_20260817T182717Z,921,24184272,482851391009210
482851421000000,24204,-0.672,-0.038,-0.732,0.17,-0.05,-0.04,1,imu01,fusion_20260817T182717Z,922,24204276,482851411012490
482851437000000,24224,-0.676,-0.038,-0.736,-0.22,-0.12,0.01,1,imu01,fusion_20260817T182717Z,923,24224272,482851431007769
482851453000000,24244,-0.678,-0.034,-0.734,-0.11,0.08,0.06,1,imu01,fusion_20260817T182717Z,924,24244276,482851451011048
482851484000000,24264,-0.673,-0.034,-0.735,-0.03,0.09,0.02,1,imu01,fusion_20260817T182717Z,925,24264272,482851471006328
482851500000000,24284,-0.68,-0.035,-0.732,-0.25,-0.14,-0.06,1,imu01,fusion_20260817T182717Z,926,24284276,482851491009607
482851515000000,24304,-0.676,-0.033,-0.736,0.01,-0.06,-0.02,1,imu01,fusion_20260817T182717Z,927,24304272,482851511004886
482851546000000,24324,-0.675,-0.037,-0.731,0.02,0.24,0.04,1,imu01,fusion_20260817T182717Z,928,24324276,482851531008166
482851562000000,24344,-0.677,-0.035,-0.739,-0.12,-0.13,0.06,1,imu01,fusion_20260817T182717Z,929,24344272,482851551003445
482851578000000,24364,-0.678,-0.034,-0.739,-0.0,0.04,-0.04,1,imu01,fusion_20260817T182717Z,930,24364276,482851571006724
482851593000000,24384,-0.679,-0.038,-0.736,0.17,-0.08,-0.09,1,imu01,fusion_20260817T182717Z,931,24384272,482851591002004
482851625000000,24404,-0.679,-0.039,-0.731,-0.12,0.09,-0.08,1,imu01,fusion_20260817T182717Z,932,24404276,482851611005283
482851640000000,24424,-0.677,-0.034,-0.739,0.08,-0.07,0.02,1,imu01,fusion_20260817T182717Z,933,24424272,482851631000563
482851656000000,24444,-0.677,-0.036,-0.732,-0.0,-0.06,-0.02,1,imu01,fusion_20260817T182717Z,934,24444276,482851651003842
482851687000000,24464,-0.675,-0.033,-0.731,-0.02,-0.03,0.02,1,imu01,fusion_20260817T182717Z,935,24464272,482851670999121
482851703000000,24484,-0.674,-0.037,-0.732,0.04,0.13,0.0,1,imu01,fusion_20260817T182717Z,936,24484276,482851691002401
482851718000000,24504,-0.679,-0.037,-0.74,-0.1,-0.07,-0.03,1,imu01,fusion_20260817T182717Z,937,24504272,482851710997680
482851734000000,24524,-0.68,-0.039,-0.729,0.08,0.0,0.06,1,imu01,fusion_20260817T182717Z,938,24524276,482851731000959
482851765000000,24544,-0.677,-0.033,-0.739,-0.08,0.08,0.1,1,imu01,fusion_20260817T182717Z,939,24544272,482851750996239
482851781000000,24564,-0.676,-0.037,-0.73,-0.08,0.2,0.05,1,imu01,fusion_20260817T182717Z,940,24564276,482851770999518
482851796000000,24584,-0.677,-0.034,-0.735,-0.0,-0.02,-0.07,1,imu01,fusion_20260817T182717Z,941,24584272,482851790994798
482851828000000,24604,-0.676,-0.038,-0.733,0.05,-0.03,-0.04,1,imu01,fusion_20260817T182717Z,942,24604276,482851810998077
482851843000000,24624,-0.676,-0.034,-0.737,-0.15,0.04,0.03,1,imu01,fusion_20260817T182717Z,943,24624272,482851830993356
482851859000000,24644,-0.674,-0.037,-0.736,0.03,0.1,0.07,1,imu01,fusion_20260817T182717Z,944,24644276,482851850996635
482851875000000,24664,-0.682,-0.038,-0.735,-0.05,-0.13,-0.09,1,imu01,fusion_20260817T182717Z,945,24664272,482851870991915
482851906000000,24684,-0.68,-0.033,-0.74,0.06,-0.09,0.0,1,imu01,fusion_20260817T182717Z,946,24684276,482851890995194
482851921000000,24704,-0.676,-0.036,-0.735,-0.02,0.24,0.03,1,imu01,fusion_20260817T182717Z,947,24704272,482851910990474
482851937000000,24724,-0.68,-0.039,-0.741,0.04,-0.09,0.09,1,imu01,fusion_20260817T182717Z,948,24724276,482851930993753
482851953000000,24744,-0.676,-0.036,-0.737,0.04,0.02,-0.04,1,imu01,fusion_20260817T182717Z,949,24744272,482851950989032
482851984000000,24764,-0.678,-0.033,-0.735,0.02,-0.11,-0.04,1,imu01,fusion_20260817T182717Z,950,24764276,482851970992312
482852000000000,24784,-0.678,-0.034,-0.733,-0.04,0.13,-0.03,1,imu01,fusion_20260817T182717Z,951,24784272,482851990987591
482852015000000,24804,-0.678,-0.034,-0.734,-0.01,-0.07,-0.0,1,imu01,fusion_20260817T182717Z,952,24804276,482852010990870
482852046000000,24824,-0.678,-0.036,-0.742,0.09,-0.03,0.0,1,imu01,fusion_20260817T182717Z,953,24824272,482852030986150
482852062000000,24844,-0.675,-0.035,-0.734,0.1,0.07,0.07,1,imu01,fusion_20260817T182717Z,954,24844276,482852050989429
482852078000000,24864,-0.676,-0.034,-0.742,-0.11,0.05,-0.1,1,imu01,fusion_20260817T182717Z,955,24864272,482852070984708
482852093000000,24884,-0.675,-0.037,-0.734,-0.02,-0.02,-0.1,1,imu01,fusion_20260817T182717Z,956,24884276,482852090987988
482852125000000,24904,-0.678,-0.035,-0.734,-0.02,-0.06,-0.07,1,imu01,fusion_20260817T182717Z,957,24904272,482852110983267
482852140000000,24924,-0.679,-0.037,-0.736,-0.05,-0.04,0.03,1,imu01,fusion_20260817T182717Z,958,24924276,482852130986546
482852156000000,24944,-0.677,-0.04,-0.733,-0.06,0.11,0.07,1,imu01,fusion_20260817T182717Z,959,24944272,482852150981826
482852187000000,24964,-0.675,-0.036,-0.736,-0.02,-0.0,0.03,1,imu01,fusion_20260817T182717Z,960,24964276,482852170985105
482852203000000,24984,-0.677,-0.033,-0.728,0.01,-0.06,-0.04,1,imu01,fusion_20260817T182717Z,961,24984272,482852190980385
482852218000000,25004,-0.678,-0.034,-0.737,-0.06,0.11,0.0,1,imu01,fusion_20260817T182717Z,962,25004276,482852210983664
482852234000000,25024,-0.678,-0.038,-0.744,-0.02,-0.03,0.13,1,imu01,fusion_20260817T182717Z,963,25024272,482852230978943
482852265000000,25044,-0.677,-0.033,-0.736,-0.11,-0.0,0.03,1,imu01,fusion_20260817T182717Z,964,25044276,482852250982223
482852281000000,25064,-0.678,-0.036,-0.733,0.05,-0.1,-0.13,1,imu01,fusion_20260817T182717Z,965,25064272,482852270977502
482852296000000,25084,-0.675,-0.039,-0.733,-0.0,0.18,-0.04,1,imu01,fusion_20260817T182717Z,966,25084276,482852290980781
482852312000000,25104,-0.676,-0.033,-0.738,0.06,-0.13,0.06,1,imu01,fusion_20260817T182717Z,967,25104272,482852310976061
482852343000000,25124,-0.676,-0.032,-0.734,-0.04,-0.03,-0.06,1,imu01,fusion_20260817T182717Z,968,25124276,482852330979340
482852359000000,25144,-0.676,-0.033,-0.736,0.05,-0.03,0.01,1,imu01,fusion_20260817T182717Z,969,25144272,482852350974620
482852375000000,25164,-0.678,-0.036,-0.737,-0.12,0.13,-0.05,1,imu01,fusion_20260817T182717Z,970,25164276,482852370977899
482852406000000,25184,-0.678,-0.034,-0.735,-0.04,-0.09,-0.04,1,imu01,fusion_20260817T182717Z,971,25184272,482852390973178
482852421000000,25204,-0.68,-0.039,-0.738,-0.0,-0.07,-0.0,1,imu01,fusion_20260817T182717Z,972,25204276,482852410976457
482852437000000,25224,-0.676,-0.039,-0.734,0.08,0.1,0.07,1,imu01,fusion_20260817T182717Z,973,25224272,482852430971737
482852468000000,25244,-0.677,-0.036,-0.731,-0.13,0.18,0.0,1,imu01,fusion_20260817T182717Z,974,25244276,482852450975016
482852484000000,25264,-0.676,-0.037,-0.732,0.01,-0.09,-0.07,1,imu01,fusion_20260817T182717Z,975,25264272,482852470970296
482852500000000,25284,-0.676,-0.034,-0.731,0.06,-0.09,0.01,1,imu01,fusion_20260817T182717Z,976,25284276,482852490973575
482852515000000,25304,-0.677,-0.032,-0.728,-0.02,0.07,0.04,1,imu01,fusion_20260817T182717Z,977,25304272,482852510968854
482852546000000,25324,-0.678,-0.039,-0.734,-0.06,0.04,0.06,1,imu01,fusion_20260817T182717Z,978,25324276,482852530972134
482852562000000,25344,-0.681,-0.034,-0.729,-0.04,-0.09,-0.03,1,imu01,fusion_20260817T182717Z,979,25344272,482852550967413
482852578000000,25364,-0.678,-0.037,-0.736,0.1,-0.13,0.03,1,imu01,fusion_20260817T182717Z,980,25364276,482852570970692
482852593000000,25384,-0.675,-0.037,-0.735,-0.09,0.17,0.16,1,imu01,fusion_20260817T182717Z,981,25384272,482852590965972
482852625000000,25404,-0.676,-0.036,-0.738,0.01,0.0,0.12,1,imu01,fusion_20260817T182717Z,982,25404276,482852610969251
482852640000000,25424,-0.676,-0.036,-0.73,-0.0,-0.07,-0.01,1,imu01,fusion_20260817T182717Z,983,25424272,482852630964531
482852656000000,25444,-0.675,-0.035,-0.729,0.11,-0.05,-0.07,1,imu01,fusion_20260817T182717Z,984,25444276,482852650967810
482852687000000,25464,-0.678,-0.034,-0.739,-0.12,0.11,-0.06,1,imu01,fusion_20260817T182717Z,985,25464272,482852670963089
482852703000000,25484,-0.673,-0.035,-0.74,-0.01,-0.07,-0.01,1,imu01,fusion_20260817T182717Z,986,25484276,482852690966368
482852718000000,25504,-0.677,-0.033,-0.737,0.01,0.0,-0.04,1,imu01,fusion_20260817T182717Z,987,25504272,482852710961648
482852734000000,25524,-0.679,-0.035,-0.738,0.04,-0.06,0.02,1,imu01,fusion_20260817T182717Z,988,25524276,482852730964927
482852765000000,25544,-0.68,-0.031,-0.735,-0.03,0.07,-0.04,1,imu01,fusion_20260817T182717Z,989,25544272,482852750960207
482852781000000,25564,-0.676,-0.033,-0.742,0.01,-0.09,-0.04,1,imu01,fusion_20260817T182717Z,990,25564276,482852770963486
482852796000000,25584,-0.679,-0.034,-0.737,-0.06,-0.03,-0.0,1,imu01,fusion_20260817T182717Z,991,25584272,482852790958765
482852828000000,25604,-0.673,-0.036,-0.735,0.14,0.0,0.04,1,imu01,fusion_20260817T182717Z,992,25604276,482852810962045
482852843000000,25624,-0.676,-0.035,-0.732,-0.09,0.04,0.06,1,imu01,fusion_20260817T182717Z,993,25624272,482852830957324
482852859000000,25644,-0.675,-0.038,-0.728,-0.02,-0.01,-0.11,1,imu01,fusion_20260817T182717Z,994,25644276,482852850960603
482852875000000,25664,-0.679,-0.034,-0.733,-0.11,-0.03,-0.05,1,imu01,fusion_20260817T182717Z,995,25664272,482852870955883
482852906000000,25684,-0.678,-0.036,-0.738,0.02,0.1,0.06,1,imu01,fusion_20260817T182717Z,996,25684276,482852890959162
482852921000000,25704,-0.678,-0.033,-0.739,0.05,0.04,0.13,1,imu01,fusion_20260817T182717Z,997,25704272,482852910954442
482852937000000,25724,-0.673,-0.033,-0.733,-0.05,-0.02,-0.1,1,imu01,fusion_20260817T182717Z,998,25724276,482852930957721
482852953000000,25744,-0.676,-0.032,-0.74,0.01,-0.03,-0.07,1,imu01,fusion_20260817T182717Z,999,25744272,482852950953000
482852984000000,25764,-0.68,-0.035,-0.742,-0.01,0.1,0.02,1,imu01,fusion_20260817T182717Z,1000,25764276,482852970956280
482853000000000,25784,-0.68,-0.037,-0.743,-0.05,0.15,0.04,1,imu01,fusion_20260817T182717Z,1001,25784272,482852990951559
482853015000000,25804,-0.676,-0.036,-0.738,-0.0,-0.04,-0.03,1,imu01,fusion_20260817T182717Z,1002,25804276,482853010954838
482853046000000,25824,-0.673,-0.035,-0.734,0.11,-0.08,-0.02,1,imu01,fusion_20260817T182717Z,1003,25824272,482853030950118
482853062000000,25844,-0.682,-0.034,-0.736,-0.02,-0.03,-0.0,1,imu01,fusion_20260817T182717Z,1004,25844276,482853050953397
482853078000000,25864,-0.673,-0.034,-0.739,0.01,-0.06,0.05,1,imu01,fusion_20260817T182717Z,1005,25864272,482853070948676
482853093000000,25884,-0.677,-0.039,-0.727,0.02,0.09,0.05,1,imu01,fusion_20260817T182717Z,1006,25884276,482853090951956
482853125000000,25904,-0.679,-0.036,-0.73,0.08,-0.01,0.06,1,imu01,fusion_20260817T182717Z,1007,25904272,482853110947235
482853140000000,25924,-0.674,-0.037,-0.735,0.01,0.1,-0.01,1,imu01,fusion_20260817T182717Z,1008,25924276,482853130950514
482853156000000,25944,-0.676,-0.034,-0.74,0.08,0.02,-0.13,1,imu01,fusion_20260817T182717Z,1009,25944272,482853150945794
482853187000000,25964,-0.681,-0.034,-0.735,-0.05,-0.09,-0.01,1,imu01,fusion_20260817T182717Z,1010,25964276,482853170949073
482853203000000,25984,-0.678,-0.034,-0.733,-0.03,-0.0,0.03,1,imu01,fusion_20260817T182717Z,1011,25984272,482853190944353
482853218000000,26004,-0.68,-0.034,-0.734,-0.07,0.1,0.06,1,imu01,fusion_20260817T182717Z,1012,26004276,482853210947632
482853234000000,26024,-0.676,-0.033,-0.74,-0.09,-0.02,-0.1,1,imu01,fusion_20260817T182717Z,1013,26024272,482853230942911
482853265000000,26044,-0.675,-0.035,-0.739,0.05,-0.13,-0.08,1,imu01,fusion_20260817T182717Z,1014,26044276,482853250946190
482853281000000,26064,-0.677,-0.036,-0.736,-0.03,0.12,0.02,1,imu01,fusion_20260817T182717Z,1015,26064272,482853270941470
482853296000000,26084,-0.675,-0.033,-0.729,0.01,0.13,0.13,1,imu01,fusion_20260817T182717Z,1016,26084276,482853290944749
482853328000000,26104,-0.676,-0.036,-0.737,0.07,0.09,0.0,1,imu01,fusion_20260817T182717Z,1017,26104272,482853310940029
482853343000000,26124,-0.674,-0.033,-0.736,0.01,-0.12,-0.04,1,imu01,fusion_20260817T182717Z,1018,26124276,482853330943308
482853359000000,26144,-0.678,-0.034,-0.729,-0.04,0.15,0.0,1,imu01,fusion_20260817T182717Z,1019,26144272,482853350938587
482853375000000,26164,-0.676,-0.034,-0.735,-0.15,-0.07,0.1,1,imu01,fusion_20260817T182717Z,1020,26164276,482853370941867
482853406000000,26184,-0.679,-0.039,-0.738,-0.09,-0.03,0.06,1,imu01,fusion_20260817T182717Z,1021,26184272,482853390937146
482853421000000,26204,-0.678,-0.031,-0.73,0.1,-0.08,0.06,1,imu01,fusion_20260817T182717Z,1022,26204276,482853410940425
482853437000000,26224,-0.677,-0.033,-0.734,-0.03,0.11,-0.0,1,imu01,fusion_20260817T182717Z,1023,26224272,482853430935705
482853468000000,26244,-0.68,-0.036,-0.74,-0.02,-0.03,-0.04,1,imu01,fusion_20260817T182717Z,1024,26244276,482853450938984
482853484000000,26264,-0.679,-0.033,-0.734,-0.01,-0.06,0.06,1,imu01,fusion_20260817T182717Z,1025,26264272,482853470934264
482853500000000,26284,-0.681,-0.036,-0.733,-0.07,-0.04,0.04,1,imu01,fusion_20260817T182717Z,1026,26284276,482853490937543
482853515000000,26304,-0.674,-0.04,-0.739,-0.1,0.13,-0.02,1,imu01,fusion_20260817T182717Z,1027,26304272,482853510932822
482853546000000,26324,-0.673,-0.039,-0.732,0.03,-0.06,-0.03,1,imu01,fusion_20260817T182717Z,1028,26324276,482853530936102
482853562000000,26344,-0.681,-0.034,-0.735,-0.05,-0.14,-0.1,1,imu01,fusion_20260817T182717Z,1029,26344272,482853550931381
482853578000000,26364,-0.679,-0.033,-0.735,-0.08,0.04,0.08,1,imu01,fusion_20260817T182717Z,1030,26364276,482853570934660
482853593000000,26384,-0.679,-0.033,-0.735,0.1,0.14,0.05,1,imu01,fusion_20260817T182717Z,1031,26384272,482853590929940
482853625000000,26404,-0.679,-0.04,-0.733,0.08,0.04,-0.1,1,imu01,fusion_20260817T182717Z,1032,26404276,482853610933219
482853640000000,26424,-0.674,-0.039,-0.738,0.01,-0.18,-0.07,1,imu01,fusion_20260817T182717Z,1033,26424272,482853630928498
482853656000000,26444,-0.678,-0.032,-0.738,-0.01,0.01,-0.04,1,imu01,fusion_20260817T182717Z,1034,26444276,482853650931778
482853687000000,26464,-0.679,-0.036,-0.739,0.01,-0.04,0.08,1,imu01,fusion_20260817T182717Z,1035,26464272,482853670927057
482853703000000,26484,-0.677,-0.038,-0.736,0.07,-0.02,0.03,1,imu01,fusion_20260817T182717Z,1036,26484276,482853690930336
482853718000000,26504,-0.675,-0.036,-0.732,0.2,-0.06,-0.07,1,imu01,fusion_20260817T182717Z,1037,26504272,482853710925616
482853734000000,26524,-0.677,-0.034,-0.734,0.01,0.13,-0.04,1,imu01,fusion_20260817T182717Z,1038,26524276,482853730928895
482853765000000,26544,-0.679,-0.036,-0.736,0.09,-0.01,0.02,1,imu01,fusion_20260817T182717Z,1039,26544272,482853750924175
482853781000000,26564,-0.679,-0.038,-0.733,0.03,-0.03,0.03,1,imu01,fusion_20260817T182717Z,1040,26564276,482853770927454
482853796000000,26584,-0.675,-0.033,-0.74,0.02,-0.17,-0.06,1,imu01,fusion_20260817T182717Z,1041,26584272,482853790922733
482853828000000,26604,-0.672,-0.036,-0.735,-0.02,0.07,-0.02,1,imu01,fusion_20260817T182717Z,1042,26604276,482853810926013
482853843000000,26624,-0.676,-0.038,-0.737,0.04,-0.04,0.08,1,imu01,fusion_20260817T182717Z,1043,26624272,482853830921292
482853859000000,26644,-0.673,-0.04,-0.734,-0.03,-0.04,0.06,1,imu01,fusion_20260817T182717Z,1044,26644276,482853850924571
482853875000000,26664,-0.674,-0.039,-0.739,0.08,0.13,0.07,1,imu01,fusion_20260817T182717Z,1045,26664272,482853870919851
482853906000000,26684,-0.673,-0.039,-0.735,-0.05,0.06,-0.0,1,imu01,fusion_20260817T182717Z,1046,26684276,482853890923130
482853921000000,26704,-0.679,-0.033,-0.735,-0.08,0.09,-0.01,1,imu01,fusion_20260817T182717Z,1047,26704272,482853910918410
482853937000000,26724,-0.681,-0.034,-0.739,-0.08,-0.05,-0.07,1,imu01,fusion_20260817T182717Z,1048,26724276,482853930921689
482853953000000,26744,-0.678,-0.033,-0.736,-0.04,0.04,0.08,1,imu01,fusion_20260817T182717Z,1049,26744272,482853950916968
482853984000000,26764,-0.679,-0.038,-0.738,0.04,0.11,0.1,1,imu01,fusion_20260817T182717Z,1050,26764276,482853970920247
482854000000000,26784,-0.678,-0.036,-0.733,-0.15,-0.08,-0.04,1,imu01,fusion_20260817T182717Z,1051,26784272,482853990915527
482854015000000,26804,-0.678,-0.035,-0.734,0.05,-0.03,-0.12,1,imu01,fusion_20260817T182717Z,1052,26804276,482854010918806
482854046000000,26824,-0.673,-0.039,-0.734,-0.15,0.09,-0.07,1,imu01,fusion_20260817T182717Z,1053,26824272,482854030914086
482854062000000,26844,-0.673,-0.037,-0.735,-0.04,0.05,0.04,1,imu01,fusion_20260817T182717Z,1054,26844276,482854050917365
482854078000000,26864,-0.676,-0.036,-0.734,-0.07,0.02,-0.03,1,imu01,fusion_20260817T182717Z,1055,26864272,482854070912644
482854093000000,26884,-0.678,-0.036,-0.733,0.04,-0.15,-0.0,1,imu01,fusion_20260817T182717Z,1056,26884276,482854090915924
482854125000000,26904,-0.675,-0.034,-0.731,0.06,0.16,-0.04,1,imu01,fusion_20260817T182717Z,1057,26904272,482854110911203
482854140000000,26924,-0.673,-0.03,-0.741,0.03,-0.03,0.04,1,imu01,fusion_20260817T182717Z,1058,26924276,482854130914482
482854156000000,26944,-0.676,-0.039,-0.741,-0.0,0.01,0.03,1,imu01,fusion_20260817T182717Z,1059,26944272,482854150909762
482854187000000,26964,-0.676,-0.033,-0.742,0.13,0.06,0.0,1,imu01,fusion_20260817T182717Z,1060,26964276,482854170913041
482854203000000,26984,-0.679,-0.038,-0.741,-0.2,0.04,-0.07,1,imu01,fusion_20260817T182717Z,1061,26984272,482854190908320
482854218000000,27004,-0.676,-0.035,-0.734,-0.05,-0.06,-0.09,1,imu01,fusion_20260817T182717Z,1062,27004276,482854210911600
482854234000000,27024,-0.673,-0.033,-0.74,-0.04,-0.11,-0.08,1,imu01,fusion_20260817T182717Z,1063,27024272,482854230906879
482854265000000,27044,-0.681,-0.035,-0.733,0.26,0.19,0.05,1,imu01,fusion_20260817T182717Z,1064,27044276,482854250910158
482854281000000,27064,-0.677,-0.04,-0.737,0.05,0.1,0.13,1,imu01,fusion_20260817T182717Z,1065,27064272,482854270905438
482854296000000,27084,-0.677,-0.036,-0.737,0.11,0.05,-0.11,1,imu01,fusion_20260817T182717Z,1066,27084276,482854290908717
482854328000000,27104,-0.677,-0.037,-0.736,0.1,-0.03,-0.07,1,imu01,fusion_20260817T182717Z,1067,27104272,482854310903997
482854343000000,27124,-0.676,-0.036,-0.733,0.08,0.16,0.04,1,imu01,fusion_20260817T182717Z,1068,27124276,482854330907276
482854359000000,27144,-0.676,-0.037,-0.731,0.12,0.15,0.07,1,imu01,fusion_20260817T182717Z,1069,27144272,482854350902555
482854375000000,27164,-0.681,-0.032,-0.737,0.02,-0.03,-0.0,1,imu01,fusion_20260817T182717Z,1070,27164276,482854370905835
482854406000000,27184,-0.68,-0.039,-0.735,0.01,-0.09,-0.13,1,imu01,fusion_20260817T182717Z,1071,27184272,482854390901114
482854421000000,27204,-0.672,-0.036,-0.729,-0.09,0.13,-0.16,1,imu01,fusion_20260817T182717Z,1072,27204276,482854410904393
482854437000000,27224,-0.678,-0.034,-0.729,-0.04,-0.07,-0.07,1,imu01,fusion_20260817T182717Z,1073,27224272,482854430899673
482854453000000,27244,-0.679,-0.04,-0.738,0.04,0.1,-0.03,1,imu01,fusion_20260817T182717Z,1074,27244276,482854450902952
482854484000000,27264,-0.672,-0.034,-0.736,0.14,-0.05,0.02,1,imu01,fusion_20260817T182717Z,1075,27264272,482854470898232
482854500000000,27284,-0.676,-0.036,-0.741,0.16,0.21,-0.06,1,imu01,fusion_20260817T182717Z,1076,27284276,482854490901511
482854515000000,27304,-0.678,-0.037,-0.741,0.08,-0.02,-0.01,1,imu01,fusion_20260817T182717Z,1077,27304272,482854510896790
482854546000000,27324,-0.679,-0.035,-0.736,-0.07,-0.03,0.01,1,imu01,fusion_20260817T182717Z,1078,27324276,482854530900070
482854562000000,27344,-0.677,-0.038,-0.737,-0.22,0.0,0.1,1,imu01,fusion_20260817T182717Z,1079,27344272,482854550895349
482854578000000,27364,-0.676,-0.036,-0.729,-0.21,0.05,0.09,1,imu01,fusion_20260817T182717Z,1080,27364276,482854570898628
482854593000000,27384,-0.678,-0.036,-0.729,-0.15,-0.07,-0.04,1,imu01,fusion_20260817T182717Z,1081,27384272,482854590893908
482854625000000,27404,-0.678,-0.035,-0.737,0.01,-0.1,-0.01,1,imu01,fusion_20260817T182717Z,1082,27404276,482854610897187
482854640000000,27424,-0.676,-0.034,-0.737,-0.07,0.1,0.0,1,imu01,fusion_20260817T182717Z,1083,27424272,482854630892466
482854656000000,27444,-0.674,-0.034,-0.734,0.12,0.2,0.08,1,imu01,fusion_20260817T182717Z,1084,27444276,482854650895746
482854687000000,27464,-0.677,-0.036,-0.737,0.11,0.07,-0.04,1,imu01,fusion_20260817T182717Z,1085,27464272,482854670891025
482854703000000,27484,-0.678,-0.038,-0.736,0.08,-0.11,-0.09,1,imu01,fusion_20260817T182717Z,1086,27484276,482854690894304
482854718000000,27504,-0.682,-0.035,-0.74,0.05,0.15,0.06,1,imu01,fusion_20260817T182717Z,1087,27504272,482854710889584
482854734000000,27524,-0.676,-0.039,-0.739,0.2,0.14,0.13,1,imu01,fusion_20260817T182717Z,1088,27524276,482854730892863
482854765000000,27544,-0.677,-0.032,-0.734,0.05,0.16,-0.0,1,imu01,fusion_20260817T182717Z,1089,27544272,482854750888143
482854781000000,27564,-0.677,-0.034,-0.734,0.01,-0.13,-0.01,1,imu01,fusion_20260817T182717Z,1090,27564276,482854770891422
482854796000000,27584,-0.676,-0.034,-0.737,0.05,0.11,0.03,1,imu01,fusion_20260817T182717Z,1091,27584272,482854790886701
482854828000000,27604,-0.676,-0.033,-0.734,-0.03,-0.03,0.09,1,imu01,fusion_20260817T182717Z,1092,27604276,482854810889980
482854843000000,27624,-0.679,-0.028,-0.736,-0.09,-0.04,-0.01,1,imu01,fusion_20260817T182717Z,1093,27624272,482854830885260
482854859000000,27644,-0.678,-0.034,-0.737,0.04,-0.05,0.01,1,imu01,fusion_20260817T182717Z,1094,27644276,482854850888539
482854875000000,27664,-0.681,-0.033,-0.736,0.05,0.1,-0.02,1,imu01,fusion_20260817T182717Z,1095,27664272,482854870883819
482854906000000,27684,-0.676,-0.038,-0.741,0.07,0.01,-0.02,1,imu01,fusion_20260817T182717Z,1096,27684276,482854890887098
482854921000000,27704,-0.679,-0.039,-0.737,0.04,-0.03,-0.0,1,imu01,fusion_20260817T182717Z,1097,27704272,482854910882377
482854937000000,27724,-0.678,-0.036,-0.728,0.11,0.03,0.07,1,imu01,fusion_20260817T182717Z,1098,27724276,482854930885657
482854953000000,27744,-0.673,-0.041,-0.737,0.01,0.07,0.07,1,imu01,fusion_20260817T182717Z,1099,27744272,482854950880936
482854984000000,27764,-0.675,-0.032,-0.736,0.01,-0.02,-0.1,1,imu01,fusion_20260817T182717Z,1100,27764276,482854970884215
482855000000000,27784,-0.675,-0.033,-0.732,0.11,0.0,-0.1,1,imu01,fusion_20260817T182717Z,1101,27784272,482854990879495
482855015000000,27804,-0.672,-0.032,-0.729,0.04,0.1,0.06,1,imu01,fusion_20260817T182717Z,1102,27804276,482855010882774
482855046000000,27824,-0.677,-0.037,-0.731,0.09,0.05,0.09,1,imu01,fusion_20260817T182717Z,1103,27824272,482855030878054
482855062000000,27844,-0.677,-0.038,-0.729,-0.05,0.05,0.02,1,imu01,fusion_20260817T182717Z,1104,27844276,482855050881333
482855078000000,27864,-0.677,-0.036,-0.734,-0.44,-0.34,-0.0,1,imu01,fusion_20260817T182717Z,1105,27864272,482855070876612
482855093000000,27884,-0.677,-0.035,-0.738,-0.08,0.01,-0.07,1,imu01,fusion_20260817T182717Z,1106,27884276,482855090879892
482855125000000,27904,-0.675,-0.036,-0.74,0.08,0.0,0.08,1,imu01,fusion_20260817T182717Z,1107,27904272,482855110875171
482855140000000,27924,-0.677,-0.041,-0.739,0.14,0.09,0.03,1,imu01,fusion_20260817T182717Z,1108,27924276,482855130878450
482855156000000,27944,-0.676,-0.037,-0.734,0.19,0.07,-0.03,1,imu01,fusion_20260817T182717Z,1109,27944272,482855150873730
482855187000000,27964,-0.675,-0.035,-0.734,-0.03,0.1,-0.12,1,imu01,fusion_20260817T182717Z,1110,27964276,482855170877009
482855203000000,27984,-0.675,-0.037,-0.736,-0.01,-0.0,-0.02,1,imu01,fusion_20260817T182717Z,1111,27984272,482855190872288
482855218000000,28004,-0.68,-0.037,-0.735,-0.15,-0.06,0.06,1,imu01,fusion_20260817T182717Z,1112,28004276,482855210875568
482855234000000,28024,-0.68,-0.034,-0.736,0.08,0.04,0.03,1,imu01,fusion_20260817T182717Z,1113,28024272,482855230870847
482855265000000,28044,-0.673,-0.034,-0.73,-0.15,0.07,-0.02,1,imu01,fusion_20260817T182717Z,1114,28044276,482855250874126
482855281000000,28064,-0.675,-0.037,-0.727,0.03,0.06,-0.01,1,imu01,fusion_20260817T182717Z,1115,28064272,482855270869406
482855296000000,28084,-0.677,-0.035,-0.739,-0.04,-0.14,0.04,1,imu01,fusion_20260817T182717Z,1116,28084276,482855290872685
482855328000000,28104,-0.682,-0.039,-0.74,-0.03,-0.02,0.03,1,imu01,fusion_20260817T182717Z,1117,28104272,482855310867965
482855343000000,28124,-0.679,-0.037,-0.732,-0.03,0.13,-0.0,1,imu01,fusion_20260817T182717Z,1118,28124276,482855330871244
482855359000000,28144,-0.682,-0.038,-0.732,-0.21,-0.16,-0.06,1,imu01,fusion_20260817T182717Z,1119,28144272,482855350866523
482855375000000,28164,-0.677,-0.039,-0.734,-0.15,-0.02,-0.0,1,imu01,fusion_20260817T182717Z,1120,28164276,482855370869803
482855406000000,28184,-0.676,-0.035,-0.737,0.08,0.12,0.01,1,imu01,fusion_20260817T182717Z,1121,28184272,482855390865082
482855421000000,28204,-0.671,-0.038,-0.736,-0.21,-0.15,0.05,1,imu01,fusion_20260817T182717Z,1122,28204276,482855410868361
482855437000000,28224,-0.676,-0.037,-0.734,0.14,0.04,0.04,1,imu01,fusion_20260817T182717Z,1123,28224272,482855430863641
482855453000000,28244,-0.679,-0.041,-0.738,-0.04,-0.13,-0.02,1,imu01,fusion_20260817T182717Z,1124,28244276,482855450866920
482855484000000,28264,-0.681,-0.033,-0.74,0.11,0.15,-0.05,1,imu01,fusion_20260817T182717Z,1125,28264272,482855470862200
482855500000000,28284,-0.676,-0.038,-0.738,0.27,0.2,-0.0,1,imu01,fusion_20260817T182717Z,1126,28284276,482855490865479
482855515000000,28304,-0.676,-0.038,-0.73,0.04,-0.03,-0.0,1,imu01,fusion_20260817T182717Z,1127,28304272,482855510860758
482855546000000,28324,-0.677,-0.035,-0.732,0.11,-0.02,-0.03,1,imu01,fusion_20260817T182717Z,1128,28324276,482855530864037
482855562000000,28344,-0.675,-0.039,-0.728,0.04,0.15,-0.06,1,imu01,fusion_20260817T182717Z,1129,28344272,482855550859317
482855578000000,28364,-0.674,-0.036,-0.744,0.11,0.02,0.03,1,imu01,fusion_20260817T182717Z,1130,28364276,482855570862596
482855593000000,28384,-0.678,-0.033,-0.739,-0.05,-0.07,-0.03,1,imu01,fusion_20260817T182717Z,1131,28384272,482855590857876
482855625000000,28404,-0.676,-0.034,-0.737,0.04,0.0,-0.0,1,imu01,fusion_20260817T182717Z,1132,28404276,482855610861155
482855640000000,28424,-0.676,-0.037,-0.729,-0.14,0.09,0.0,1,imu01,fusion_20260817T182717Z,1133,28424272,482855630856434
482855656000000,28444,-0.68,-0.037,-0.738,0.13,0.07,-0.11,1,imu01,fusion_20260817T182717Z,1134,28444276,482855650859714
482855687000000,28464,-0.678,-0.033,-0.731,0.04,-0.06,-0.07,1,imu01,fusion_20260817T182717Z,1135,28464272,482855670854993
482855703000000,28484,-0.677,-0.032,-0.74,-0.04,0.01,-0.06,1,imu01,fusion_20260817T182717Z,1136,28484276,482855690858272
482855718000000,28504,-0.676,-0.033,-0.736,-0.02,0.07,0.09,1,imu01,fusion_20260817T182717Z,1137,28504272,482855710853552
482855734000000,28524,-0.674,-0.037,-0.736,-0.05,-0.03,-0.07,1,imu01,fusion_20260817T182717Z,1138,28524276,482855730856831
482855765000000,28544,-0.677,-0.034,-0.735,0.06,-0.11,-0.11,1,imu01,fusion_20260817T182717Z,1139,28544272,482855750852110
482855781000000,28564,-0.675,-0.037,-0.739,0.08,0.07,-0.04,1,imu01,fusion_20260817T182717Z,1140,28564276,482855770855390
482855796000000,28584,-0.677,-0.034,-0.737,0.04,0.08,0.09,1,imu01,fusion_20260817T182717Z,1141,28584272,482855790850669
482855828000000,28604,-0.675,-0.04,-0.732,-0.11,-0.01,0.0,1,imu01,fusion_20260817T182717Z,1142,28604276,482855810853948
482855843000000,28624,-0.676,-0.033,-0.729,0.14,-0.09,-0.01,1,imu01,fusion_20260817T182717Z,1143,28624272,482855830849228
482855859000000,28644,-0.677,-0.034,-0.732,0.08,0.07,-0.08,1,imu01,fusion_20260817T182717Z,1144,28644276,482855850852507
482855875000000,28664,-0.674,-0.041,-0.733,0.04,-0.01,-0.05,1,imu01,fusion_20260817T182717Z,1145,28664272,482855870847787
482855906000000,28684,-0.677,-0.039,-0.74,-0.05,0.04,-0.02,1,imu01,fusion_20260817T182717Z,1146,28684276,482855890851066
482855921000000,28704,-0.678,-0.039,-0.735,0.04,0.01,0.05,1,imu01,fusion_20260817T182717Z,1147,28704272,482855910846345
482855937000000,28724,-0.676,-0.036,-0.739,-0.06,0.07,-0.0,1,imu01,fusion_20260817T182717Z,1148,28724276,482855930849625
482855953000000,28744,-0.679,-0.035,-0.737,0.03,0.03,-0.04,1,imu01,fusion_20260817T182717Z,1149,28744272,482855950844904
482855984000000,28764,-0.678,-0.034,-0.736,-0.04,-0.13,-0.03,1,imu01,fusion_20260817T182717Z,1150,28764276,482855970848183
482856000000000,28784,-0.675,-0.036,-0.735,-0.02,0.07,0.03,1,imu01,fusion_20260817T182717Z,1151,28784272,482855990843463
482856015000000,28804,-0.676,-0.035,-0.733,-0.05,0.06,-0.03,1,imu01,fusion_20260817T182717Z,1152,28804276,482856010846742
482856046000000,28824,-0.674,-0.038,-0.733,-0.05,0.05,-0.1,1,imu01,fusion_20260817T182717Z,1153,28824272,482856030842022
482856062000000,28844,-0.67,-0.032,-0.734,-0.07,-0.06,-0.07,1,imu01,fusion_20260817T182717Z,1154,28844276,482856050845301
482856078000000,28864,-0.675,-0.031,-0.736,-0.09,0.07,0.03,1,imu01,fusion_20260817T182717Z,1155,28864272,482856070840580
482856093000000,28884,-0.676,-0.035,-0.737,-0.08,0.05,0.05,1,imu01,fusion_20260817T182717Z,1156,28884276,482856090843859
482856125000000,28904,-0.677,-0.036,-0.736,-0.1,-0.04,-0.02,1,imu01,fusion_20260817T182717Z,1157,28904272,482856110839139
482856140000000,28924,-0.679,-0.035,-0.735,0.11,-0.09,-0.17,1,imu01,fusion_20260817T182717Z,1158,28924276,482856130842418
482856156000000,28944,-0.677,-0.036,-0.735,0.01,-0.03,-0.13,1,imu01,fusion_20260817T182717Z,1159,28944272,482856150837698
482856187000000,28964,-0.676,-0.037,-0.733,0.09,-0.0,0.01,1,imu01,fusion_20260817T182717Z,1160,28964276,482856170840977
482856203000000,28984,-0.677,-0.041,-0.729,-0.03,0.01,0.07,1,imu01,fusion_20260817T182717Z,1161,28984272,482856190836256
482856218000000,29004,-0.678,-0.039,-0.728,-0.07,-0.08,0.02,1,imu01,fusion_20260817T182717Z,1162,29004276,482856210839536
482856234000000,29024,-0.675,-0.039,-0.739,-0.08,0.01,0.0,1,imu01,fusion_20260817T182717Z,1163,29024272,482856230834815
482856265000000,29044,-0.676,-0.032,-0.736,0.01,0.09,-0.01,1,imu01,fusion_20260817T182717Z,1164,29044276,482856250838094
482856281000000,29064,-0.677,-0.035,-0.733,-0.07,-0.06,-0.01,1,imu01,fusion_20260817T182717Z,1165,29064272,482856270833374
482856296000000,29084,-0.674,-0.034,-0.734,0.06,0.08,0.0,1,imu01,fusion_20260817T182717Z,1166,29084276,482856290836653
482856328000000,29104,-0.674,-0.034,-0.738,0.04,0.18,-0.05,1,imu01,fusion_20260817T182717Z,1167,29104272,482856310831933
482856343000000,29124,-0.678,-0.032,-0.733,0.08,0.03,-0.12,1,imu01,fusion_20260817T182717Z,1168,29124276,482856330835212
482856359000000,29144,-0.68,-0.042,-0.732,0.04,-0.12,-0.07,1,imu01,fusion_20260817T182717Z,1169,29144272,482856350830491
482856375000000,29164,-0.679,-0.037,-0.734,-0.02,0.08,0.02,1,imu01,fusion_20260817T182717Z,1170,29164276,482856370833770
482856406000000,29184,-0.676,-0.036,-0.734,-0.07,0.1,0.01,1,imu01,fusion_20260817T182717Z,1171,29184272,482856390829050
482856421000000,29204,-0.68,-0.036,-0.739,-0.04,-0.1,-0.04,1,imu01,fusion_20260817T182717Z,1172,29204276,482856410832329
482856437000000,29224,-0.679,-0.036,-0.737,0.03,-0.08,-0.1,1,imu01,fusion_20260817T182717Z,1173,29224272,482856430827609
482856453000000,29244,-0.678,-0.035,-0.739,0.12,0.08,-0.0,1,imu01,fusion_20260817T182717Z,1174,29244276,482856450830888
482856484000000,29264,-0.672,-0.033,-0.735,-0.03,0.06,0.09,1,imu01,fusion_20260817T182717Z,1175,29264272,482856470826167
482856500000000,29284,-0.672,-0.041,-0.731,-0.05,0.04,0.02,1,imu01,fusion_20260817T182717Z,1176,29284276,482856490829447
482856515000000,29304,-0.677,-0.032,-0.732,0.05,-0.08,-0.04,1,imu01,fusion_20260817T182717Z,1177,29304272,482856510824726
482856546000000,29324,-0.676,-0.032,-0.737,0.04,0.09,-0.04,1,imu01,fusion_20260817T182717Z,1178,29324276,482856530828005
482856562000000,29344,-0.674,-0.038,-0.73,0.03,-0.03,0.07,1,imu01,fusion_20260817T182717Z,1179,29344272,482856550823285
482856578000000,29364,-0.678,-0.036,-0.733,-0.02,-0.03,0.02,1,imu01,fusion_20260817T182717Z,1180,29364276,482856570826564
482856593000000,29384,-0.677,-0.039,-0.735,-0.06,-0.07,0.05,1,imu01,fusion_20260817T182717Z,1181,29384272,482856590821844
482856625000000,29404,-0.675,-0.037,-0.738,-0.02,0.04,-0.09,1,imu01,fusion_20260817T182717Z,1182,29404276,482856610825123
482856640000000,29424,-0.677,-0.033,-0.731,0.01,0.04,-0.01,1,imu01,fusion_20260817T182717Z,1183,29424272,482856630820402
482856656000000,29444,-0.679,-0.036,-0.74,-0.01,0.01,0.03,1,imu01,fusion_20260817T182717Z,1184,29444276,482856650823682
482856687000000,29464,-0.68,-0.033,-0.735,0.1,0.03,0.11,1,imu01,fusion_20260817T182717Z,1185,29464272,482856670818961
482856703000000,29484,-0.68,-0.035,-0.736,0.03,0.15,0.15,1,imu01,fusion_20260817T182717Z,1186,29484276,482856690822240
482856718000000,29504,-0.676,-0.038,-0.735,0.04,0.03,-0.04,1,imu01,fusion_20260817T182717Z,1187,29504272,482856710817520
482856734000000,29524,-0.672,-0.035,-0.736,0.04,0.02,-0.04,1,imu01,fusion_20260817T182717Z,1188,29524276,482856730820799
482856765000000,29544,-0.677,-0.033,-0.74,-0.06,0.02,-0.04,1,imu01,fusion_20260817T182717Z,1189,29544272,482856750816078
482856781000000,29564,-0.675,-0.038,-0.733,0.03,0.07,0.05,1,imu01,fusion_20260817T182717Z,1190,29564276,482856770819358
482856796000000,29584,-0.677,-0.033,-0.737,-0.11,0.0,-0.02,1,imu01,fusion_20260817T182717Z,1191,29584272,482856790814637
482856828000000,29604,-0.678,-0.038,-0.734,0.07,-0.04,-0.12,1,imu01,fusion_20260817T182717Z,1192,29604276,482856810817916
482856843000000,29624,-0.677,-0.032,-0.734,-0.07,-0.03,-0.07,1,imu01,fusion_20260817T182717Z,1193,29624272,482856830813196
482856859000000,29644,-0.676,-0.041,-0.739,-0.05,0.1,0.09,1,imu01,fusion_20260817T182717Z,1194,29644276,482856850816475
482856875000000,29664,-0.679,-0.034,-0.742,-0.05,0.03,0.05,1,imu01,fusion_20260817T182717Z,1195,29664272,482856870811755
482856906000000,29684,-0.68,-0.036,-0.736,-0.01,-0.06,0.0,1,imu01,fusion_20260817T182717Z,1196,29684276,482856890815034
482856921000000,29704,-0.681,-0.034,-0.743,0.08,0.04,-0.1,1,imu01,fusion_20260817T182717Z,1197,29704272,482856910810313
482856937000000,29724,-0.681,-0.04,-0.734,-0.02,0.08,-0.03,1,imu01,fusion_20260817T182717Z,1198,29724276,482856930813592
482856953000000,29744,-0.684,-0.032,-0.735,0.02,-0.03,0.02,1,imu01,fusion_20260817T182717Z,1199,29744272,482856950808872
482856984000000,29764,-0.686,-0.041,-0.735,0.09,-0.03,0.01,1,imu01,fusion_20260817T182717Z,1200,29764276,482856970812151
482857000000000,29784,-0.68,-0.035,-0.735,-0.01,0.01,0.06,1,imu01,fusion_20260817T182717Z,1201,29784272,482856990807431
482857015000000,29804,-0.676,-0.039,-0.733,-0.06,0.02,-0.04,1,imu01,fusion_20260817T182717Z,1202,29804276,482857010810710
482857046000000,29824,-0.673,-0.032,-0.735,-0.03,-0.07,-0.08,1,imu01,fusion_20260817T182717Z,1203,29824272,482857030805989
482857062000000,29844,-0.676,-0.032,-0.733,-0.04,0.0,0.03,1,imu01,fusion_20260817T182717Z,1204,29844276,482857050809269
482857078000000,29864,-0.669,-0.04,-0.736,-0.05,0.08,-0.02,1,imu01,fusion_20260817T182717Z,1205,29864272,482857070804548
482857093000000,29884,-0.671,-0.044,-0.722,-0.03,-0.05,-0.03,1,imu01,fusion_20260817T182717Z,1206,29884276,482857090807827
482857125000000,29904,-0.676,-0.026,-0.735,0.03,-0.03,-0.07,1,imu01,fusion_20260817T182717Z,1207,29904272,482857110803107
482857140000000,29924,-0.686,-0.036,-0.738,0.05,0.09,-0.07,1,imu01,fusion_20260817T182717Z,1208,29924276,482857130806386
482857156000000,29944,-0.678,-0.035,-0.727,-0.07,0.04,0.06,1,imu01,fusion_20260817T182717Z,1209,29944272,482857150801666
482857187000000,29964,-0.683,-0.035,-0.736,-0.04,0.0,0.02,1,imu01,fusion_20260817T182717Z,1210,29964276,482857170804945
482857203000000,29984,-0.682,-0.038,-0.736,0.07,-0.09,-0.03,1,imu01,fusion_20260817T182717Z,1211,29984272,482857190800224
482857218000000,30004,-0.672,-0.038,-0.731,-0.01,0.04,-0.03,1,imu01,fusion_20260817T182717Z,1212,30004276,482857210803504
482857234000000,30024,-0.684,-0.033,-0.724,0.01,0.07,-0.01,1,imu01,fusion_20260817T182717Z,1213,30024272,482857230798783
482857265000000,30044,-0.679,-0.025,-0.727,0.03,-0.06,-0.02,1,imu01,fusion_20260817T182717Z,1214,30044276,482857250802062
482857281000000,30064,-0.672,-0.044,-0.735,0.01,-0.0,-0.01,1,imu01,fusion_20260817T182717Z,1215,30064272,482857270797342
482857296000000,30084,-0.68,-0.052,-0.732,0.04,0.02,-0.04,1,imu01,fusion_20260817T182717Z,1216,30084276,482857290800621
482857312000000,30104,-0.685,-0.034,-0.739,-0.05,-0.0,-0.04,1,imu01,fusion_20260817T182717Z,1217,30104272,482857310795900
482857343000000,30124,-0.676,-0.047,-0.731,-0.11,-0.06,0.0,1,imu01,fusion_20260817T182717Z,1218,30124276,482857330799180
482857359000000,30144,-0.677,-0.046,-0.738,-0.05,-0.1,0.03,1,imu01,fusion_20260817T182717Z,1219,30144272,482857350794459
482857375000000,30164,-0.675,-0.048,-0.736,-0.08,-0.04,0.0,1,imu01,fusion_20260817T182717Z,1220,30164276,482857370797738
482857406000000,30184,-0.691,-0.034,-0.746,-0.17,-0.08,-0.07,1,imu01,fusion_20260817T182717Z,1221,30184272,482857390793018
482857421000000,30204,-0.68,-0.023,-0.729,-0.21,-0.17,-0.04,1,imu01,fusion_20260817T182717Z,1222,30204276,482857410796297
482857437000000,30224,-0.672,-0.036,-0.732,-0.14,-0.17,0.01,1,imu01,fusion_20260817T182717Z,1223,30224272,482857430791577
482857453000000,30244,-0.681,-0.026,-0.748,-0.27,0.0,0.12,1,imu01,fusion_20260817T182717Z,1224,30244276,482857450794856
482857484000000,30264,-0.67,-0.034,-0.733,-0.08,0.07,-0.03,1,imu01,fusion_20260817T182717Z,1225,30264272,482857470790135
482857500000000,30284,-0.674,-0.033,-0.73,-0.43,-0.28,-0.07,1,imu01,fusion_20260817T182717Z,1226,30284276,482857490793415
482857515000000,30304,-0.678,-0.032,-0.722,0.15,0.02,-0.07,1,imu01,fusion_20260817T182717Z,1227,30304272,482857510788694
482857546000000,30324,-0.688,-0.038,-0.734,0.05,0.16,0.09,1,imu01,fusion_20260817T182717Z,1228,30324276,482857530791973
482857562000000,30344,-0.685,-0.034,-0.734,-0.11,-0.01,0.09,1,imu01,fusion_20260817T182717Z,1229,30344272,482857550787253
482857578000000,30364,-0.675,-0.05,-0.709,0.11,-0.01,-0.08,1,imu01,fusion_20260817T182717Z,1230,30364276,482857570790532
482857593000000,30384,-0.677,-0.036,-0.73,-0.11,-0.06,-0.13,1,imu01,fusion_20260817T182717Z,1231,30384272,482857590785812
482857625000000,30404,-0.682,-0.03,-0.731,0.02,0.14,-0.02,1,imu01,fusion_20260817T182717Z,1232,30404276,482857610789091
482857640000000,30424,-0.668,-0.028,-0.728,0.04,-0.05,-0.02,1,imu01,fusion_20260817T182717Z,1233,30424272,482857630784370
482857656000000,30444,-0.685,-0.032,-0.726,0.21,0.06,-0.04,1,imu01,fusion_20260817T182717Z,1234,30444276,482857650787649
482857687000000,30464,-0.686,-0.041,-0.736,-0.19,-0.13,-0.0,1,imu01,fusion_20260817T182717Z,1235,30464272,482857670782929
482857703000000,30484,-0.673,-0.044,-0.733,-0.21,-0.03,-0.02,1,imu01,fusion_20260817T182717Z,1236,30484276,482857690786208
482857718000000,30504,-0.685,-0.037,-0.721,0.05,0.08,-0.03,1,imu01,fusion_20260817T182717Z,1237,30504272,482857710781488
482857734000000,30524,-0.679,-0.034,-0.734,0.03,0.03,-0.06,1,imu01,fusion_20260817T182717Z,1238,30524276,482857730784767
482857765000000,30544,-0.68,-0.036,-0.717,0.14,0.04,0.03,1,imu01,fusion_20260817T182717Z,1239,30544272,482857750780046
482857781000000,30564,-0.667,-0.039,-0.729,0.4,0.17,-0.02,1,imu01,fusion_20260817T182717Z,1240,30564276,482857770783326
482857796000000,30584,-0.681,-0.035,-0.729,0.11,0.02,-0.11,1,imu01,fusion_20260817T182717Z,1241,30584272,482857790778605
482857828000000,30604,-0.672,-0.027,-0.727,-0.28,-0.2,-0.03,1,imu01,fusion_20260817T182717Z,1242,30604276,482857810781884
482857843000000,30624,-0.675,-0.035,-0.726,-0.57,-0.3,0.07,1,imu01,fusion_20260817T182717Z,1243,30624272,482857830777164
482857859000000,30644,-0.675,-0.039,-0.735,0.13,0.08,0.02,1,imu01,fusion_20260817T182717Z,1244,30644276,482857850780443
482857875000000,30664,-0.694,-0.022,-0.743,0.09,-0.13,-0.04,1,imu01,fusion_20260817T182717Z,1245,30664272,482857870775722
482857906000000,30684,-0.681,-0.03,-0.736,0.42,0.23,-0.07,1,imu01,fusion_20260817T182717Z,1246,30684276,482857890779002
482857921000000,30704,-0.672,-0.038,-0.722,0.28,0.25,0.02,1,imu01,fusion_20260817T182717Z,1247,30704272,482857910774281
482857937000000,30724,-0.685,-0.029,-0.718,0.13,-0.06,0.1,1,imu01,fusion_20260817T182717Z,1248,30724276,482857930777560
482857953000000,30744,-0.668,-0.027,-0.73,0.14,-0.03,-0.07,1,imu01,fusion_20260817T182717Z,1249,30744272,482857950772840
482857984000000,30764,-0.688,-0.03,-0.729,-0.16,-0.13,-0.1,1,imu01,fusion_20260817T182717Z,1250,30764276,482857970776119
482858000000000,30784,-0.677,-0.047,-0.723,-0.24,0.02,-0.01,1,imu01,fusion_20260817T182717Z,1251,30784272,482857990771399
482858015000000,30804,-0.668,-0.053,-0.72,-0.26,-0.22,0.05,1,imu01,fusion_20260817T182717Z,1252,30804276,482858010774678
482858046000000,30824,-0.683,-0.04,-0.717,-0.02,-0.03,0.06,1,imu01,fusion_20260817T182717Z,1253,30824272,482858030769957
482858062000000,30844,-0.672,-0.04,-0.738,-0.05,-0.06,0.07,1,imu01,fusion_20260817T182717Z,1254,30844276,482858050773237
482858078000000,30864,-0.675,-0.032,-0.72,-0.08,0.03,0.05,1,imu01,fusion_20260817T182717Z,1255,30864272,482858070768516
482858093000000,30884,-0.69,-0.041,-0.739,-0.22,-0.16,-0.01,1,imu01,fusion_20260817T182717Z,1256,30884276,482858090771795
482858125000000,30904,-0.689,-0.033,-0.718,-0.41,-0.19,0.06,1,imu01,fusion_20260817T182717Z,1257,30904272,482858110767075
482858140000000,30924,-0.676,-0.053,-0.724,-0.23,-0.07,0.08,1,imu01,fusion_20260817T182717Z,1258,30924276,482858130770354
482858156000000,30944,-0.667,-0.03,-0.725,0.21,0.17,0.0,1,imu01,fusion_20260817T182717Z,1259,30944272,482858150765634
482858187000000,30964,-0.674,-0.026,-0.73,0.17,0.01,-0.1,1,imu01,fusion_20260817T182717Z,1260,30964276,482858170768913
482858203000000,30984,-0.678,-0.04,-0.726,0.34,0.2,-0.01,1,imu01,fusion_20260817T182717Z,1261,30984272,482858190764192
482858218000000,31004,-0.685,-0.025,-0.714,0.04,0.25,-0.0,1,imu01,fusion_20260817T182717Z,1262,31004276,482858210767471
482858234000000,31024,-0.698,-0.032,-0.713,0.01,0.15,0.07,1,imu01,fusion_20260817T182717Z,1263,31024272,482858230762751
482858265000000,31044,-0.681,-0.034,-0.729,0.03,0.03,-0.08,1,imu01,fusion_20260817T182717Z,1264,31044276,482858250766030
482858281000000,31064,-0.667,-0.035,-0.726,0.08,-0.09,-0.08,1,imu01,fusion_20260817T182717Z,1265,31064272,482858270761310
482858296000000,31084,-0.666,-0.029,-0.727,-0.02,0.12,-0.03,1,imu01,fusion_20260817T182717Z,1266,31084276,482858290764589
482858328000000,31104,-0.695,-0.036,-0.727,-0.05,-0.03,0.16,1,imu01,fusion_20260817T182717Z,1267,31104272,482858310759868
482858343000000,31124,-0.67,-0.022,-0.727,0.03,0.07,0.0,1,imu01,fusion_20260817T182717Z,1268,31124276,482858330763148
482858359000000,31144,-0.679,-0.037,-0.73,0.08,-0.03,0.0,1,imu01,fusion_20260817T182717Z,1269,31144272,482858350758427
482858375000000,31164,-0.672,-0.034,-0.722,-0.09,0.1,-0.04,1,imu01,fusion_20260817T182717Z,1270,31164276,482858370761706
482858406000000,31184,-0.676,-0.023,-0.723,-0.15,-0.12,-0.01,1,imu01,fusion_20260817T182717Z,1271,31184272,482858390756986
482858421000000,31204,-0.682,-0.023,-0.726,-0.02,-0.1,-0.02,1,imu01,fusion_20260817T182717Z,1272,31204276,482858410760265
482858437000000,31224,-0.672,-0.03,-0.727,0.2,0.1,-0.0,1,imu01,fusion_20260817T182717Z,1273,31224272,482858430755545
482858468000000,31244,-0.68,-0.04,-0.72,-0.17,0.08,-0.09,1,imu01,fusion_20260817T182717Z,1274,31244276,482858450758824
482858484000000,31264,-0.686,-0.032,-0.726,-0.17,-0.14,-0.05,1,imu01,fusion_20260817T182717Z,1275,31264272,482858470754103
482858500000000,31284,-0.664,-0.015,-0.735,-0.05,-0.03,0.0,1,imu01,fusion_20260817T182717Z,1276,31284276,482858490757382
482858515000000,31304,-0.676,-0.031,-0.738,-0.02,0.02,0.06,1,imu01,fusion_20260817T182717Z,1277,31304272,482858510752662
482858546000000,31324,-0.672,-0.035,-0.723,-0.05,0.06,0.13,1,imu01,fusion_20260817T182717Z,1278,31324276,482858530755941
482858562000000,31344,-0.674,-0.036,-0.722,0.13,0.02,-0.06,1,imu01,fusion_20260817T182717Z,1279,31344272,482858550751221
482858578000000,31364,-0.673,-0.044,-0.727,-0.01,-0.16,-0.06,1,imu01,fusion_20260817T182717Z,1280,31364276,482858570754500
482858593000000,31384,-0.668,-0.036,-0.723,0.05,0.15,0.03,1,imu01,fusion_20260817T182717Z,1281,31384272,482858590749779
482858625000000,31404,-0.679,-0.037,-0.728,0.11,0.09,0.11,1,imu01,fusion_20260817T182717Z,1282,31404276,482858610753059
482858640000000,31424,-0.672,-0.037,-0.729,-0.08,-0.0,-0.02,1,imu01,fusion_20260817T182717Z,1283,31424272,482858630748338
482858656000000,31444,-0.681,-0.026,-0.713,0.08,-0.06,-0.03,1,imu01,fusion_20260817T182717Z,1284,31444276,482858650751617
482858687000000,31464,-0.673,-0.036,-0.729,0.02,0.07,-0.07,1,imu01,fusion_20260817T182717Z,1285,31464272,482858670746897
482858703000000,31484,-0.676,-0.036,-0.722,0.15,0.06,0.04,1,imu01,fusion_20260817T182717Z,1286,31484276,482858690750176
482858718000000,31504,-0.68,-0.035,-0.72,-0.03,-0.08,0.0,1,imu01,fusion_20260817T182717Z,1287,31504272,482858710745456
482858734000000,31524,-0.682,-0.028,-0.725,0.07,-0.06,0.04,1,imu01,fusion_20260817T182717Z,1288,31524276,482858730748735
482858765000000,31544,-0.679,-0.043,-0.725,0.01,0.18,-0.04,1,imu01,fusion_20260817T182717Z,1289,31544272,482858750744014
482858781000000,31564,-0.68,-0.035,-0.707,0.01,-0.13,-0.11,1,imu01,fusion_20260817T182717Z,1290,31564276,482858770747294
482858796000000,31584,-0.674,-0.03,-0.734,-0.05,-0.02,0.04,1,imu01,fusion_20260817T182717Z,1291,31584272,482858790742573
482858828000000,31604,-0.68,-0.035,-0.722,-0.0,0.06,0.0,1,imu01,fusion_20260817T182717Z,1292,31604276,482858810745852
482858843000000,31624,-0.686,-0.034,-0.739,-0.01,0.06,-0.0,1,imu01,fusion_20260817T182717Z,1293,31624272,482858830741132
482858859000000,31644,-0.678,-0.018,-0.74,0.04,-0.15,-0.2,1,imu01,fusion_20260817T182717Z,1294,31644276,482858850744411
482858875000000,31664,-0.68,-0.027,-0.731,0.2,-0.05,-0.1,1,imu01,fusion_20260817T182717Z,1295,31664272,482858870739690
482858906000000,31684,-0.686,-0.045,-0.721,0.01,0.07,-0.06,1,imu01,fusion_20260817T182717Z,1296,31684276,482858890742970
482858921000000,31704,-0.682,-0.038,-0.72,-0.0,0.08,-0.04,1,imu01,fusion_20260817T182717Z,1297,31704272,482858910738249
482858937000000,31724,-0.689,-0.04,-0.737,-0.05,-0.08,-0.04,1,imu01,fusion_20260817T182717Z,1298,31724276,482858930741528
482858968000000,31744,-0.676,-0.036,-0.728,0.14,-0.02,-0.12,1,imu01,fusion_20260817T182717Z,1299,31744272,482858950736808
482858984000000,31764,-0.683,-0.043,-0.723,0.01,0.11,-0.04,1,imu01,fusion_20260817T182717Z,1300,31764276,482858970740087
482859000000000,31784,-0.67,-0.04,-0.726,-0.19,-0.17,0.11,1,imu01,fusion_20260817T182717Z,1301,31784272,482858990735367
482859015000000,31804,-0.682,-0.039,-0.736,-0.25,-0.02,-0.06,1,imu01,fusion_20260817T182717Z,1302,31804276,482859010738646
482859046000000,31824,-0.681,-0.029,-0.726,-0.57,-0.46,-0.01,1,imu01,fusion_20260817T182717Z,1303,31824272,482859030733925
482859062000000,31844,-0.676,-0.042,-0.74,-0.36,-0.01,0.0,1,imu01,fusion_20260817T182717Z,1304,31844276,482859050737204
482859078000000,31864,-0.678,-0.039,-0.747,0.4,0.21,-0.1,1,imu01,fusion_20260817T182717Z,1305,31864272,482859070732484
482859093000000,31884,-0.678,-0.027,-0.728,-0.12,0.03,-0.05,1,imu01,fusion_20260817T182717Z,1306,31884276,482859090735763
482859125000000,31904,-0.674,-0.045,-0.738,0.04,-0.13,0.06,1,imu01,fusion_20260817T182717Z,1307,31904272,482859110731043
482859140000000,31924,-0.683,-0.024,-0.728,-0.01,0.13,-0.0,1,imu01,fusion_20260817T182717Z,1308,31924276,482859130734322
482859156000000,31944,-0.678,-0.046,-0.729,0.06,-0.0,-0.12,1,imu01,fusion_20260817T182717Z,1309,31944272,482859150729601
482859187000000,31964,-0.672,-0.039,-0.736,0.33,0.16,0.09,1,imu01,fusion_20260817T182717Z,1310,31964276,482859170732881
482859203000000,31984,-0.681,-0.036,-0.723,0.08,0.09,0.03,1,imu01,fusion_20260817T182717Z,1311,31984272,482859190728160
482859218000000,32004,-0.679,-0.037,-0.745,0.03,0.07,0.02,1,imu01,fusion_20260817T182717Z,1312,32004276,482859210731439
482859234000000,32024,-0.668,-0.039,-0.719,0.08,-0.13,-0.03,1,imu01,fusion_20260817T182717Z,1313,32024272,482859230726719
482859265000000,32044,-0.676,-0.035,-0.72,0.5,0.07,-0.09,1,imu01,fusion_20260817T182717Z,1314,32044276,482859250729998
482859281000000,32064,-0.678,-0.033,-0.731,0.08,0.23,0.02,1,imu01,fusion_20260817T182717Z,1315,32064272,482859270725278
482859296000000,32084,-0.674,-0.036,-0.725,-0.01,-0.05,0.11,1,imu01,fusion_20260817T182717Z,1316,32084276,482859290728557
482859328000000,32104,-0.684,-0.036,-0.726,0.04,-0.02,-0.0,1,imu01,fusion_20260817T182717Z,1317,32104272,482859310723836
482859343000000,32124,-0.679,-0.035,-0.727,0.11,-0.03,-0.07,1,imu01,fusion_20260817T182717Z,1318,32124276,482859330727116
482859359000000,32144,-0.689,-0.052,-0.726,-0.03,0.13,-0.14,1,imu01,fusion_20260817T182717Z,1319,32144272,482859350722395
482859375000000,32164,-0.681,-0.036,-0.725,-0.36,-0.32,0.15,1,imu01,fusion_20260817T182717Z,1320,32164276,482859370725674
482859406000000,32184,-0.673,-0.033,-0.731,0.02,0.01,0.09,1,imu01,fusion_20260817T182717Z,1321,32184272,482859390720954
482859421000000,32204,-0.679,-0.034,-0.732,-0.15,-0.14,0.04,1,imu01,fusion_20260817T182717Z,1322,32204276,482859410724233
482859437000000,32224,-0.677,-0.029,-0.734,-0.21,-0.03,-0.03,1,imu01,fusion_20260817T182717Z,1323,32224272,482859430719512
482859453000000,32244,-0.676,-0.032,-0.734,0.04,-0.02,-0.04,1,imu01,fusion_20260817T182717Z,1324,32244276,482859450722792
482859484000000,32264,-0.67,-0.039,-0.727,-0.0,0.07,-0.09,1,imu01,fusion_20260817T182717Z,1325,32264272,482859470718071
482859500000000,32284,-0.681,-0.025,-0.737,0.04,0.08,0.06,1,imu01,fusion_20260817T182717Z,1326,32284276,482859490721350
482859515000000,32304,-0.677,-0.04,-0.733,-0.02,0.07,-0.11,1,imu01,fusion_20260817T182717Z,1327,32304272,482859510716630
482859546000000,32324,-0.677,-0.041,-0.736,0.12,0.04,-0.01,1,imu01,fusion_20260817T182717Z,1328,32324276,482859530719909
482859562000000,32344,-0.68,-0.039,-0.731,-0.24,-0.17,-0.01,1,imu01,fusion_20260817T182717Z,1329,32344272,482859550715189
482859578000000,32364,-0.679,-0.033,-0.738,0.19,0.23,0.07,1,imu01,fusion_20260817T182717Z,1330,32364276,482859570718468
482859593000000,32384,-0.677,-0.035,-0.736,0.08,0.15,0.03,1,imu01,fusion_20260817T182717Z,1331,32384272,482859590713747
482859625000000,32404,-0.675,-0.03,-0.735,-0.67,-0.45,-0.02,1,imu01,fusion_20260817T182717Z,1332,32404276,482859610717027
482859640000000,32424,-0.672,-0.031,-0.745,-0.28,-0.27,0.03,1,imu01,fusion_20260817T182717Z,1333,32424272,482859630712306
482859656000000,32444,-0.677,-0.033,-0.736,-0.08,0.13,-0.12,1,imu01,fusion_20260817T182717Z,1334,32444276,482859650715585
482859687000000,32464,-0.676,-0.032,-0.74,0.48,0.1,0.09,1,imu01,fusion_20260817T182717Z,1335,32464272,482859670710865
482859703000000,32484,-0.676,-0.034,-0.739,0.11,0.04,-0.03,1,imu01,fusion_20260817T182717Z,1336,32484276,482859690714144
482859718000000,32504,-0.676,-0.038,-0.74,0.53,0.05,-0.08,1,imu01,fusion_20260817T182717Z,1337,32504272,482859710709424
482859734000000,32524,-0.679,-0.037,-0.735,0.08,0.21,-0.09,1,imu01,fusion_20260817T182717Z,1338,32524276,482859730712703
482859765000000,32544,-0.681,-0.035,-0.734,-0.03,-0.11,0.07,1,imu01,fusion_20260817T182717Z,1339,32544272,482859750707982
482859781000000,32564,-0.676,-0.034,-0.739,-0.05,0.02,-0.01,1,imu01,fusion_20260817T182717Z,1340,32564276,482859770711261
482859796000000,32584,-0.677,-0.033,-0.738,0.35,0.06,0.03,1,imu01,fusion_20260817T182717Z,1341,32584272,482859790706541
482859812000000,32604,-0.676,-0.036,-0.737,0.06,0.16,-0.09,1,imu01,fusion_20260817T182717Z,1342,32604276,482859810709820
482859843000000,32624,-0.679,-0.034,-0.728,-0.44,-0.38,-0.12,1,imu01,fusion_20260817T182717Z,1343,32624272,482859830705100
482859859000000,32644,-0.679,-0.037,-0.739,-0.64,-0.37,0.03,1,imu01,fusion_20260817T182717Z,1344,32644276,482859850708379
482859875000000,32664,-0.678,-0.034,-0.735,-0.35,-0.05,0.07,1,imu01,fusion_20260817T182717Z,1345,32664272,482859870703658
482859906000000,32684,-0.677,-0.032,-0.74,-0.0,0.07,0.0,1,imu01,fusion_20260817T182717Z,1346,32684276,482859890706938
482859921000000,32704,-0.68,-0.038,-0.737,0.14,0.0,-0.07,1,imu01,fusion_20260817T182717Z,1347,32704272,482859910702217
482859937000000,32724,-0.671,-0.035,-0.734,0.08,-0.02,-0.07,1,imu01,fusion_20260817T182717Z,1348,32724276,482859930705496
482859953000000,32744,-0.676,-0.037,-0.738,0.15,0.32,0.03,1,imu01,fusion_20260817T182717Z,1349,32744272,482859950700776
482859984000000,32764,-0.678,-0.033,-0.734,0.08,0.0,0.03,1,imu01,fusion_20260817T182717Z,1350,32764276,482859970704055
482860000000000,32784,-0.675,-0.033,-0.734,-0.25,-0.14,-0.08,1,imu01,fusion_20260817T182717Z,1351,32784272,482859990699334
482860015000000,32804,-0.674,-0.035,-0.735,0.08,-0.09,-0.01,1,imu01,fusion_20260817T182717Z,1352,32804276,482860010702614
482860046000000,32824,-0.671,-0.035,-0.736,-0.03,0.11,0.04,1,imu01,fusion_20260817T182717Z,1353,32824272,482860030697893
482860062000000,32844,-0.676,-0.037,-0.738,0.27,0.18,-0.0,1,imu01,fusion_20260817T182717Z,1354,32844276,482860050701172
482860078000000,32864,-0.68,-0.037,-0.728,0.2,0.07,0.04,1,imu01,fusion_20260817T182717Z,1355,32864272,482860070696452
482860093000000,32884,-0.675,-0.037,-0.736,0.13,0.23,-0.1,1,imu01,fusion_20260817T182717Z,1356,32884276,482860090699731
482860125000000,32904,-0.679,-0.038,-0.738,-0.15,-0.12,-0.07,1,imu01,fusion_20260817T182717Z,1357,32904272,482860110695011
482860140000000,32924,-0.677,-0.036,-0.737,0.09,0.04,-0.02,1,imu01,fusion_20260817T182717Z,1358,32924276,482860130698290
482860156000000,32944,-0.674,-0.034,-0.738,0.31,0.07,0.03,1,imu01,fusion_20260817T182717Z,1359,32944272,482860150693569
482860187000000,32964,-0.679,-0.036,-0.735,-0.08,0.13,-0.07,1,imu01,fusion_20260817T182717Z,1360,32964276,482860170696849
482860203000000,32984,-0.677,-0.039,-0.734,0.11,0.04,-0.03,1,imu01,fusion_20260817T182717Z,1361,32984272,482860190692128
482860218000000,33004,-0.683,-0.039,-0.728,0.06,-0.0,-0.09,1,imu01,fusion_20260817T182717Z,1362,33004276,482860210695407
482860234000000,33024,-0.679,-0.032,-0.736,-0.04,-0.07,-0.04,1,imu01,fusion_20260817T182717Z,1363,33024272,482860230690687
482860265000000,33044,-0.678,-0.037,-0.733,-0.0,0.11,0.11,1,imu01,fusion_20260817T182717Z,1364,33044276,482860250693966
482860281000000,33064,-0.676,-0.034,-0.734,-0.08,-0.02,-0.02,1,imu01,fusion_20260817T182717Z,1365,33064272,482860270689246
482860296000000,33084,-0.676,-0.034,-0.736,0.12,-0.07,-0.13,1,imu01,fusion_20260817T182717Z,1366,33084276,482860290692525
482860328000000,33104,-0.673,-0.038,-0.734,-0.08,0.09,-0.07,1,imu01,fusion_20260817T182717Z,1367,33104272,482860310687804
482860343000000,33124,-0.678,-0.034,-0.731,0.07,-0.01,0.02,1,imu01,fusion_20260817T182717Z,1368,33124276,482860330691084
482860359000000,33144,-0.679,-0.036,-0.737,-0.15,0.01,0.04,1,imu01,fusion_20260817T182717Z,1369,33144272,482860350686363
482860375000000,33164,-0.677,-0.037,-0.737,0.06,-0.19,-0.08,1,imu01,fusion_20260817T182717Z,1370,33164276,482860370689642
482860406000000,33184,-0.679,-0.037,-0.741,-0.02,0.21,-0.13,1,imu01,fusion_20260817T182717Z,1371,33184272,482860390684922
482860421000000,33204,-0.679,-0.033,-0.736,0.06,-0.0,0.07,1,imu01,fusion_20260817T182717Z,1372,33204276,482860410688201
482860437000000,33224,-0.676,-0.035,-0.732,-0.0,-0.04,0.05,1,imu01,fusion_20260817T182717Z,1373,33224272,482860430683480
482860453000000,33244,-0.68,-0.032,-0.733,0.01,-0.11,0.09,1,imu01,fusion_20260817T182717Z,1374,33244276,482860450686760
482860484000000,33264,-0.675,-0.035,-0.734,-0.12,0.09,-0.0,1,imu01,fusion_20260817T182717Z,1375,33264272,482860470682039
482860500000000,33284,-0.67,-0.034,-0.737,0.07,-0.1,-0.05,1,imu01,fusion_20260817T182717Z,1376,33284276,482860490685318
482860515000000,33304,-0.674,-0.036,-0.732,0.08,0.01,-0.07,1,imu01,fusion_20260817T182717Z,1377,33304272,482860510680598
482860546000000,33324,-0.678,-0.034,-0.735,-0.02,-0.0,0.06,1,imu01,fusion_20260817T182717Z,1378,33324276,482860530683877
482860562000000,33344,-0.678,-0.037,-0.74,0.08,0.19,0.03,1,imu01,fusion_20260817T182717Z,1379,33344272,482860550679157
482860578000000,33364,-0.682,-0.035,-0.73,-0.18,-0.23,-0.07,1,imu01,fusion_20260817T182717Z,1380,33364276,482860570682436
482860593000000,33384,-0.673,-0.035,-0.735,-0.11,-0.09,0.04,1,imu01,fusion_20260817T182717Z,1381,33384272,482860590677715
482860625000000,33404,-0.677,-0.036,-0.742,0.03,0.07,0.06,1,imu01,fusion_20260817T182717Z,1382,33404276,482860610680994
482860640000000,33424,-0.676,-0.035,-0.732,-0.0,0.07,0.09,1,imu01,fusion_20260817T182717Z,1383,33424272,482860630676274
482860656000000,33444,-0.675,-0.035,-0.735,0.09,-0.06,-0.07,1,imu01,fusion_20260817T182717Z,1384,33444276,482860650679553
482860687000000,33464,-0.678,-0.033,-0.741,0.27,-0.01,-0.15,1,imu01,fusion_20260817T182717Z,1385,33464272,482860670674833
482860703000000,33484,-0.68,-0.035,-0.737,0.1,0.19,-0.1,1,imu01,fusion_20260817T182717Z,1386,33484276,482860690678112
482860718000000,33504,-0.68,-0.042,-0.736,0.18,-0.0,0.09,1,imu01,fusion_20260817T182717Z,1387,33504272,482860710673391
482860734000000,33524,-0.678,-0.038,-0.732,-0.06,-0.14,-0.01,1,imu01,fusion_20260817T182717Z,1388,33524276,482860730676671
482860765000000,33544,-0.671,-0.037,-0.735,0.25,-0.01,0.02,1,imu01,fusion_20260817T182717Z,1389,33544272,482860750671950
482860781000000,33564,-0.675,-0.037,-0.738,-0.06,0.08,0.05,1,imu01,fusion_20260817T182717Z,1390,33564276,482860770675229
482860796000000,33584,-0.68,-0.034,-0.735,0.1,-0.08,-0.05,1,imu01,fusion_20260817T182717Z,1391,33584272,482860790670509
482860828000000,33604,-0.678,-0.038,-0.734,-0.0,-0.06,-0.05,1,imu01,fusion_20260817T182717Z,1392,33604276,482860810673788
482860843000000,33624,-0.677,-0.038,-0.739,0.15,0.03,0.04,1,imu01,fusion_20260817T182717Z,1393,33624272,482860830669068
482860859000000,33644,-0.676,-0.032,-0.738,0.04,0.23,-0.03,1,imu01,fusion_20260817T182717Z,1394,33644276,482860850672347
482860875000000,33664,-0.677,-0.034,-0.735,-0.05,-0.03,-0.08,1,imu01,fusion_20260817T182717Z,1395,33664272,482860870667626
482860906000000,33684,-0.676,-0.038,-0.739,-0.02,-0.03,-0.04,1,imu01,fusion_20260817T182717Z,1396,33684276,482860890670906
482860921000000,33704,-0.67,-0.034,-0.737,0.17,0.09,0.11,1,imu01,fusion_20260817T182717Z,1397,33704272,482860910666185
482860937000000,33724,-0.679,-0.036,-0.745,-0.0,0.09,0.03,1,imu01,fusion_20260817T182717Z,1398,33724276,482860930669464
482860953000000,33744,-0.673,-0.034,-0.725,0.04,-0.03,-0.04,1,imu01,fusion_20260817T182717Z,1399,33744272,482860950664744
482860984000000,33764,-0.676,-0.036,-0.735,0.06,-0.13,-0.1,1,imu01,fusion_20260817T182717Z,1400,33764276,482860970668023
482861000000000,33784,-0.677,-0.032,-0.735,0.01,0.16,-0.04,1,imu01,fusion_20260817T182717Z,1401,33784272,482860990663302
482861015000000,33804,-0.676,-0.034,-0.737,-0.01,-0.05,0.08,1,imu01,fusion_20260817T182717Z,1402,33804276,482861010666582
482861046000000,33824,-0.676,-0.032,-0.743,-0.08,0.01,0.03,1,imu01,fusion_20260817T182717Z,1403,33824272,482861030661861
482861062000000,33844,-0.675,-0.032,-0.735,0.04,-0.18,-0.13,1,imu01,fusion_20260817T182717Z,1404,33844276,482861050665140
482861078000000,33864,-0.677,-0.038,-0.732,0.01,0.05,0.06,1,imu01,fusion_20260817T182717Z,1405,33864272,482861070660420
482861093000000,33884,-0.678,-0.033,-0.73,-0.08,-0.13,0.11,1,imu01,fusion_20260817T182717Z,1406,33884276,482861090663699
482861125000000,33904,-0.677,-0.033,-0.737,-0.08,0.02,-0.01,1,imu01,fusion_20260817T182717Z,1407,33904272,482861110658979
482861140000000,33924,-0.679,-0.037,-0.739,0.08,-0.19,-0.04,1,imu01,fusion_20260817T182717Z,1408,33924276,482861130662258
482861156000000,33944,-0.674,-0.041,-0.742,0.09,0.2,-0.1,1,imu01,fusion_20260817T182717Z,1409,33944272,482861150657537
482861187000000,33964,-0.675,-0.035,-0.74,0.08,-0.05,-0.03,1,imu01,fusion_20260817T182717Z,1410,33964276,482861170660817
482861203000000,33984,-0.679,-0.037,-0.734,-0.17,-0.16,-0.0,1,imu01,fusion_20260817T182717Z,1411,33984272,482861190656096
482861218000000,34004,-0.681,-0.036,-0.737,-0.08,-0.07,0.13,1,imu01,fusion_20260817T182717Z,1412,34004276,482861210659375
482861234000000,34024,-0.674,-0.036,-0.735,-0.14,-0.0,0.01,1,imu01,fusion_20260817T182717Z,1413,34024272,482861230654655
482861265000000,34044,-0.68,-0.028,-0.74,-0.15,-0.2,-0.04,1,imu01,fusion_20260817T182717Z,1414,34044276,482861250657934
482861281000000,34064,-0.676,-0.035,-0.734,-0.05,-0.14,-0.0,1,imu01,fusion_20260817T182717Z,1415,34064272,482861270653214
482861296000000,34084,-0.675,-0.04,-0.733,-0.02,0.11,0.11,1,imu01,fusion_20260817T182717Z,1416,34084276,482861290656493
482861328000000,34104,-0.676,-0.032,-0.738,0.09,0.09,0.03,1,imu01,fusion_20260817T182717Z,1417,34104272,482861310651772
482861343000000,34124,-0.676,-0.037,-0.74,-0.41,-0.19,-0.01,1,imu01,fusion_20260817T182717Z,1418,34124276,482861330655051
482861359000000,34144,-0.679,-0.037,-0.735,0.01,-0.03,-0.1,1,imu01,fusion_20260817T182717Z,1419,34144272,482861350650331
482861375000000,34164,-0.678,-0.035,-0.738,0.19,0.22,-0.07,1,imu01,fusion_20260817T182717Z,1420,34164276,482861370653610
482861406000000,34184,-0.675,-0.035,-0.743,-0.08,-0.07,0.16,1,imu01,fusion_20260817T182717Z,1421,34184272,482861390648890
482861421000000,34204,-0.676,-0.034,-0.735,0.01,-0.03,-0.02,1,imu01,fusion_20260817T182717Z,1422,34204276,482861410652169
482861437000000,34224,-0.674,-0.034,-0.737,0.17,-0.03,-0.04,1,imu01,fusion_20260817T182717Z,1423,34224272,482861430647448
482861453000000,34244,-0.674,-0.034,-0.733,-0.07,0.16,-0.03,1,imu01,fusion_20260817T182717Z,1424,34244276,482861450650728
482861484000000,34264,-0.678,-0.035,-0.734,0.08,-0.03,0.05,1,imu01,fusion_20260817T182717Z,1425,34264272,482861470646007
482861500000000,34284,-0.673,-0.038,-0.736,-0.17,-0.09,-0.0,1,imu01,fusion_20260817T182717Z,1426,34284276,482861490649286
482861515000000,34304,-0.675,-0.042,-0.742,0.04,-0.04,-0.0,1,imu01,fusion_20260817T182717Z,1427,34304272,482861510644566
482861546000000,34324,-0.675,-0.032,-0.736,-0.05,0.15,-0.07,1,imu01,fusion_20260817T182717Z,1428,34324276,482861530647845
482861562000000,34344,-0.675,-0.034,-0.738,-0.05,-0.09,-0.13,1,imu01,fusion_20260817T182717Z,1429,34344272,482861550643124
482861578000000,34364,-0.674,-0.035,-0.734,-0.17,-0.17,0.0,1,imu01,fusion_20260817T182717Z,1430,34364276,482861570646404
482861593000000,34384,-0.68,-0.031,-0.744,0.21,0.16,0.03,1,imu01,fusion_20260817T182717Z,1431,34384272,482861590641683
482861625000000,34404,-0.679,-0.035,-0.736,-0.0,0.01,-0.02,1,imu01,fusion_20260817T182717Z,1432,34404276,482861610644962
482861640000000,34424,-0.674,-0.037,-0.73,-0.17,-0.22,-0.07,1,imu01,fusion_20260817T182717Z,1433,34424272,482861630640242
482861656000000,34444,-0.677,-0.036,-0.734,-0.41,-0.32,0.02,1,imu01,fusion_20260817T182717Z,1434,34444276,482861650643521
482861687000000,34464,-0.677,-0.04,-0.74,-0.45,-0.13,0.1,1,imu01,fusion_20260817T182717Z,1435,34464272,482861670638801
482861703000000,34484,-0.676,-0.039,-0.729,0.16,0.1,0.05,1,imu01,fusion_20260817T182717Z,1436,34484276,482861690642080
482861718000000,34504,-0.679,-0.036,-0.735,0.21,0.07,-0.04,1,imu01,fusion_20260817T182717Z,1437,34504272,482861710637359
482861734000000,34524,-0.675,-0.033,-0.737,0.01,-0.21,-0.03,1,imu01,fusion_20260817T182717Z,1438,34524276,482861730640639
482861765000000,34544,-0.681,-0.034,-0.736,-0.18,0.12,0.03,1,imu01,fusion_20260817T182717Z,1439,34544272,482861750635918
482861781000000,34564,-0.674,-0.035,-0.736,0.14,0.04,0.07,1,imu01,fusion_20260817T182717Z,1440,34564276,482861770639197
482861796000000,34584,-0.678,-0.031,-0.737,0.06,0.07,0.03,1,imu01,fusion_20260817T182717Z,1441,34584272,482861790634477
482861828000000,34604,-0.676,-0.038,-0.736,-0.21,-0.22,-0.0,1,imu01,fusion_20260817T182717Z,1442,34604276,482861810637756
482861843000000,34624,-0.673,-0.03,-0.734,0.37,0.36,-0.11,1,imu01,fusion_20260817T182717Z,1443,34624272,482861830633036
482861859000000,34644,-0.673,-0.037,-0.738,0.09,0.0,0.06,1,imu01,fusion_20260817T182717Z,1444,34644276,482861850636315
482861875000000,34664,-0.673,-0.037,-0.742,0.21,-0.03,0.15,1,imu01,fusion_20260817T182717Z,1445,34664272,482861870631594
482861906000000,34684,-0.675,-0.038,-0.737,0.17,0.07,0.11,1,imu01,fusion_20260817T182717Z,1446,34684276,482861890634873
482861921000000,34704,-0.676,-0.039,-0.729,-0.18,0.07,0.08,1,imu01,fusion_20260817T182717Z,1447,34704272,482861910630153
482861937000000,34724,-0.677,-0.036,-0.738,0.04,0.0,-0.06,1,imu01,fusion_20260817T182717Z,1448,34724276,482861930633432
482861953000000,34744,-0.677,-0.035,-0.74,-0.21,-0.08,0.05,1,imu01,fusion_20260817T182717Z,1449,34744272,482861950628712
482861984000000,34764,-0.681,-0.031,-0.73,0.06,0.2,0.05,1,imu01,fusion_20260817T182717Z,1450,34764276,482861970631991
482862000000000,34784,-0.676,-0.033,-0.735,0.1,0.18,0.03,1,imu01,fusion_20260817T182717Z,1451,34784272,482861990627270
482862015000000,34804,-0.676,-0.034,-0.739,0.17,0.04,-0.09,1,imu01,fusion_20260817T182717Z,1452,34804276,482862010630550
482862046000000,34824,-0.679,-0.037,-0.732,0.35,-0.07,-0.07,1,imu01,fusion_20260817T182717Z,1453,34824272,482862030625829
482862062000000,34844,-0.679,-0.037,-0.728,0.11,0.19,0.03,1,imu01,fusion_20260817T182717Z,1454,34844276,482862050629108
482862078000000,34864,-0.676,-0.036,-0.736,-0.07,-0.08,0.03,1,imu01,fusion_20260817T182717Z,1455,34864272,482862070624388
482862093000000,34884,-0.677,-0.038,-0.734,-0.05,0.01,-0.07,1,imu01,fusion_20260817T182717Z,1456,34884276,482862090627667
482862125000000,34904,-0.674,-0.032,-0.736,0.09,-0.07,-0.06,1,imu01,fusion_20260817T182717Z,1457,34904272,482862110622947
482862140000000,34924,-0.677,-0.035,-0.736,-0.01,0.27,-0.06,1,imu01,fusion_20260817T182717Z,1458,34924276,482862130626226
482862156000000,34944,-0.678,-0.037,-0.736,-0.18,-0.14,0.03,1,imu01,fusion_20260817T182717Z,1459,34944272,482862150621505
482862187000000,34964,-0.677,-0.034,-0.734,-0.03,-0.09,0.02,1,imu01,fusion_20260817T182717Z,1460,34964276,482862170624784
482862203000000,34984,-0.675,-0.034,-0.741,0.23,0.04,0.06,1,imu01,fusion_20260817T182717Z,1461,34984272,482862190620064
482862218000000,35004,-0.677,-0.034,-0.739,0.07,0.21,-0.09,1,imu01,fusion_20260817T182717Z,1462,35004276,482862210623343
482862234000000,35024,-0.677,-0.035,-0.737,0.08,-0.04,-0.07,1,imu01,fusion_20260817T182717Z,1463,35024272,482862230618623
482862265000000,35044,-0.674,-0.039,-0.731,0.05,-0.0,-0.02,1,imu01,fusion_20260817T182717Z,1464,35044276,482862250621902
482862281000000,35064,-0.674,-0.038,-0.736,-0.06,0.07,0.03,1,imu01,fusion_20260817T182717Z,1465,35064272,482862270617181
482862296000000,35084,-0.673,-0.034,-0.734,-0.02,0.13,0.03,1,imu01,fusion_20260817T182717Z,1466,35084276,482862290620461
482862328000000,35104,-0.672,-0.034,-0.74,-0.05,-0.0,-0.01,1,imu01,fusion_20260817T182717Z,1467,35104272,482862310615740
482862343000000,35124,-0.674,-0.035,-0.738,0.05,-0.03,-0.0,1,imu01,fusion_20260817T182717Z,1468,35124276,482862330619019
482862359000000,35144,-0.678,-0.038,-0.735,-0.0,0.17,0.02,1,imu01,fusion_20260817T182717Z,1469,35144272,482862350614299
482862375000000,35164,-0.678,-0.037,-0.735,-0.03,0.07,0.11,1,imu01,fusion_20260817T182717Z,1470,35164276,482862370617578
482862406000000,35184,-0.678,-0.034,-0.742,-0.03,0.07,0.02,1,imu01,fusion_20260817T182717Z,1471,35184272,482862390612858
482862421000000,35204,-0.674,-0.034,-0.735,0.04,-0.14,-0.12,1,imu01,fusion_20260817T182717Z,1472,35204276,482862410616137
482862437000000,35224,-0.682,-0.034,-0.735,-0.21,0.12,-0.05,1,imu01,fusion_20260817T182717Z,1473,35224272,482862430611416
482862453000000,35244,-0.673,-0.034,-0.73,-0.13,-0.06,0.03,1,imu01,fusion_20260817T182717Z,1474,35244276,482862450614696
482862484000000,35264,-0.678,-0.03,-0.734,-0.17,0.04,0.01,1,imu01,fusion_20260817T182717Z,1475,35264272,482862470609975
482862500000000,35284,-0.679,-0.033,-0.736,-0.03,-0.17,0.06,1,imu01,fusion_20260817T182717Z,1476,35284276,482862490613254
482862515000000,35304,-0.678,-0.035,-0.737,-0.03,0.26,-0.01,1,imu01,fusion_20260817T182717Z,1477,35304272,482862510608534
482862546000000,35324,-0.678,-0.033,-0.738,-0.01,-0.15,-0.04,1,imu01,fusion_20260817T182717Z,1478,35324276,482862530611813
482862562000000,35344,-0.672,-0.036,-0.741,0.04,-0.03,0.01,1,imu01,fusion_20260817T182717Z,1479,35344272,482862550607092
482862578000000,35364,-0.679,-0.038,-0.734,0.11,0.01,-0.02,1,imu01,fusion_20260817T182717Z,1480,35364276,482862570610372
482862593000000,35384,-0.675,-0.037,-0.734,-0.16,0.08,0.0,1,imu01,fusion_20260817T182717Z,1481,35384272,482862590605651
482862625000000,35404,-0.676,-0.036,-0.729,-0.16,-0.07,-0.14,1,imu01,fusion_20260817T182717Z,1482,35404276,482862610608930
482862640000000,35424,-0.675,-0.036,-0.736,0.12,0.05,-0.04,1,imu01,fusion_20260817T182717Z,1483,35424272,482862630604210
482862656000000,35444,-0.679,-0.035,-0.739,-0.02,0.1,0.11,1,imu01,fusion_20260817T182717Z,1484,35444276,482862650607489
482862687000000,35464,-0.674,-0.036,-0.737,-0.07,0.12,-0.0,1,imu01,fusion_20260817T182717Z,1485,35464272,482862670602769
482862703000000,35484,-0.676,-0.033,-0.737,0.03,0.04,-0.07,1,imu01,fusion_20260817T182717Z,1486,35484276,482862690606048
482862718000000,35504,-0.68,-0.037,-0.738,0.08,-0.09,-0.04,1,imu01,fusion_20260817T182717Z,1487,35504272,482862710601327
482862734000000,35524,-0.677,-0.034,-0.746,0.14,0.17,0.04,1,imu01,fusion_20260817T182717Z,1488,35524276,482862730604606
482862765000000,35544,-0.676,-0.036,-0.738,0.02,-0.03,0.09,1,imu01,fusion_20260817T182717Z,1489,35544272,482862750599886
482862781000000,35564,-0.677,-0.035,-0.731,-0.13,-0.05,0.01,1,imu01,fusion_20260817T182717Z,1490,35564276,482862770603165
482862796000000,35584,-0.672,-0.037,-0.741,0.17,-0.05,-0.02,1,imu01,fusion_20260817T182717Z,1491,35584272,482862790598445
482862828000000,35604,-0.677,-0.034,-0.737,-0.12,0.12,-0.13,1,imu01,fusion_20260817T182717Z,1492,35604276,482862810601724
482862843000000,35624,-0.678,-0.036,-0.736,-0.03,-0.11,-0.01,1,imu01,fusion_20260817T182717Z,1493,35624272,482862830597003
482862859000000,35644,-0.673,-0.034,-0.731,-0.04,0.05,-0.02,1,imu01,fusion_20260817T182717Z,1494,35644276,482862850600283
482862875000000,35664,-0.677,-0.037,-0.738,0.03,-0.06,0.03,1,imu01,fusion_20260817T182717Z,1495,35664272,482862870595562
482862906000000,35684,-0.675,-0.033,-0.731,-0.02,0.18,-0.07,1,imu01,fusion_20260817T182717Z,1496,35684276,482862890598841
482862921000000,35704,-0.672,-0.037,-0.741,0.05,-0.13,-0.04,1,imu01,fusion_20260817T182717Z,1497,35704272,482862910594121
482862937000000,35724,-0.675,-0.038,-0.735,-0.08,-0.05,-0.07,1,imu01,fusion_20260817T182717Z,1498,35724276,482862930597400
482862953000000,35744,-0.679,-0.035,-0.732,-0.03,0.0,0.05,1,imu01,fusion_20260817T182717Z,1499,35744272,482862950592680
482862984000000,35764,-0.678,-0.035,-0.734,0.01,0.06,-0.03,1,imu01,fusion_20260817T182717Z,1500,35764276,482862970595959
482863000000000,35784,-0.679,-0.035,-0.742,-0.13,-0.13,0.03,1,imu01,fusion_20260817T182717Z,1501,35784272,482862990591238
482863015000000,35804,-0.674,-0.035,-0.73,-0.01,-0.1,-0.07,1,imu01,fusion_20260817T182717Z,1502,35804276,482863010594518
482863046000000,35824,-0.677,-0.036,-0.739,0.07,0.16,0.03,1,imu01,fusion_20260817T182717Z,1503,35824272,482863030589797
482863062000000,35844,-0.676,-0.033,-0.731,-0.07,0.2,0.01,1,imu01,fusion_20260817T182717Z,1504,35844276,482863050593076
482863078000000,35864,-0.68,-0.032,-0.737,0.05,-0.06,-0.06,1,imu01,fusion_20260817T182717Z,1505,35864272,482863070588356
482863093000000,35884,-0.677,-0.038,-0.731,0.2,-0.0,-0.1,1,imu01,fusion_20260817T182717Z,1506,35884276,482863090591635
482863125000000,35904,-0.677,-0.038,-0.736,-0.05,0.12,-0.01,1,imu01,fusion_20260817T182717Z,1507,35904272,482863110586914
482863140000000,35924,-0.682,-0.035,-0.739,-0.18,0.07,0.06,1,imu01,fusion_20260817T182717Z,1508,35924276,482863130590194
482863156000000,35944,-0.677,-0.033,-0.729,-0.08,0.1,-0.06,1,imu01,fusion_20260817T182717Z,1509,35944272,482863150585473
482863187000000,35964,-0.68,-0.033,-0.728,0.12,-0.02,-0.1,1,imu01,fusion_20260817T182717Z,1510,35964276,482863170588752
482863203000000,35984,-0.676,-0.032,-0.739,-0.03,0.2,-0.14,1,imu01,fusion_20260817T182717Z,1511,35984272,482863190584032
482863218000000,36004,-0.681,-0.034,-0.739,-0.05,-0.08,-0.07,1,imu01,fusion_20260817T182717Z,1512,36004276,482863210587311
482863234000000,36024,-0.677,-0.037,-0.738,0.01,0.01,-0.09,1,imu01,fusion_20260817T182717Z,1513,36024272,482863230582591
482863265000000,36044,-0.68,-0.032,-0.737,0.09,-0.09,0.02,1,imu01,fusion_20260817T182717Z,1514,36044276,482863250585870
482863281000000,36064,-0.681,-0.034,-0.736,0.11,0.28,-0.04,1,imu01,fusion_20260817T182717Z,1515,36064272,482863270581149
482863296000000,36084,-0.671,-0.036,-0.735,-0.05,-0.13,0.01,1,imu01,fusion_20260817T182717Z,1516,36084276,482863290584429
482863312000000,36104,-0.676,-0.037,-0.735,0.02,-0.06,-0.07,1,imu01,fusion_20260817T182717Z,1517,36104272,482863310579708
482863343000000,36124,-0.676,-0.033,-0.734,0.04,0.05,0.09,1,imu01,fusion_20260817T182717Z,1518,36124276,482863330582987
482863359000000,36144,-0.673,-0.037,-0.736,-0.06,0.15,0.02,1,imu01,fusion_20260817T182717Z,1519,36144272,482863350578267
482863375000000,36164,-0.674,-0.034,-0.732,-0.07,-0.1,-0.11,1,imu01,fusion_20260817T182717Z,1520,36164276,482863370581546
482863406000000,36184,-0.681,-0.032,-0.736,-0.0,-0.02,-0.04,1,imu01,fusion_20260817T182717Z,1521,36184272,482863390576826
482863421000000,36204,-0.679,-0.037,-0.733,-0.07,0.16,0.16,1,imu01,fusion_20260817T182717Z,1522,36204276,482863410580105
482863437000000,36224,-0.677,-0.039,-0.737,-0.0,0.1,0.05,1,imu01,fusion_20260817T182717Z,1523,36224272,482863430575384
482863468000000,36244,-0.68,-0.032,-0.732,-0.05,-0.05,-0.06,1,imu01,fusion_20260817T182717Z,1524,36244276,482863450578663
482863484000000,36264,-0.677,-0.039,-0.732,0.16,-0.03,-0.05,1,imu01,fusion_20260817T182717Z,1525,36264272,482863470573943
482863500000000,36284,-0.677,-0.038,-0.735,0.04,0.04,-0.07,1,imu01,fusion_20260817T182717Z,1526,36284276,482863490577222
482863515000000,36304,-0.678,-0.035,-0.736,-0.1,-0.12,0.06,1,imu01,fusion_20260817T182717Z,1527,36304272,482863510572502
482863546000000,36324,-0.677,-0.037,-0.735,-0.11,-0.04,-0.04,1,imu01,fusion_20260817T182717Z,1528,36324276,482863530575781
482863562000000,36344,-0.68,-0.039,-0.741,-0.03,-0.08,-0.0,1,imu01,fusion_20260817T182717Z,1529,36344272,482863550571060
482863578000000,36364,-0.677,-0.035,-0.735,0.06,0.11,-0.11,1,imu01,fusion_20260817T182717Z,1530,36364276,482863570574340
482863593000000,36384,-0.676,-0.032,-0.734,-0.03,-0.09,-0.0,1,imu01,fusion_20260817T182717Z,1531,36384272,482863590569619
482863625000000,36404,-0.678,-0.031,-0.731,-0.27,-0.09,0.03,1,imu01,fusion_20260817T182717Z,1532,36404276,482863610572898
482863640000000,36424,-0.675,-0.038,-0.73,-0.24,-0.21,0.08,1,imu01,fusion_20260817T182717Z,1533,36424272,482863630568178
482863656000000,36444,-0.676,-0.037,-0.736,-0.15,0.11,0.0,1,imu01,fusion_20260817T182717Z,1534,36444276,482863650571457
482863687000000,36464,-0.674,-0.033,-0.731,-0.06,-0.13,-0.11,1,imu01,fusion_20260817T182717Z,1535,36464272,482863670566736
482863703000000,36484,-0.672,-0.034,-0.734,-0.05,-0.03,-0.07,1,imu01,fusion_20260817T182717Z,1536,36484276,482863690570016
482863718000000,36504,-0.68,-0.034,-0.736,-0.28,-0.06,0.06,1,imu01,fusion_20260817T182717Z,1537,36504272,482863710565295
482863734000000,36524,-0.674,-0.038,-0.73,-0.63,-0.19,0.02,1,imu01,fusion_20260817T182717Z,1538,36524276,482863730568574
482863765000000,36544,-0.674,-0.034,-0.736,-0.24,-0.16,-0.05,1,imu01,fusion_20260817T182717Z,1539,36544272,482863750563854
482863781000000,36564,-0.676,-0.034,-0.735,0.24,-0.01,-0.02,1,imu01,fusion_20260817T182717Z,1540,36564276,482863770567133
482863796000000,36584,-0.677,-0.035,-0.734,-0.02,0.13,-0.0,1,imu01,fusion_20260817T182717Z,1541,36584272,482863790562413
482863812000000,36604,-0.673,-0.03,-0.737,0.2,0.1,0.03,1,imu01,fusion_20260817T182717Z,1542,36604276,482863810565692
482863843000000,36624,-0.674,-0.034,-0.737,0.24,0.05,-0.05,1,imu01,fusion_20260817T182717Z,1543,36624272,482863830560971
482863859000000,36644,-0.68,-0.035,-0.734,0.12,-0.18,-0.1,1,imu01,fusion_20260817T182717Z,1544,36644276,482863850564251
482863875000000,36664,-0.677,-0.037,-0.741,-0.0,0.17,-0.05,1,imu01,fusion_20260817T182717Z,1545,36664272,482863870559530
482863906000000,36684,-0.674,-0.038,-0.742,0.04,0.0,0.13,1,imu01,fusion_20260817T182717Z,1546,36684276,482863890562809
482863921000000,36704,-0.68,-0.037,-0.731,-0.01,-0.03,-0.05,1,imu01,fusion_20260817T182717Z,1547,36704272,482863910558089
482863937000000,36724,-0.678,-0.036,-0.733,0.19,0.0,0.03,1,imu01,fusion_20260817T182717Z,1548,36724276,482863930561368
482863968000000,36744,-0.674,-0.034,-0.729,0.17,0.22,-0.08,1,imu01,fusion_20260817T182717Z,1549,36744272,482863950556648
482863984000000,36764,-0.675,-0.038,-0.736,0.02,0.04,0.0,1,imu01,fusion_20260817T182717Z,1550,36764276,482863970559927
482864000000000,36784,-0.677,-0.038,-0.74,0.01,0.1,0.0,1,imu01,fusion_20260817T182717Z,1551,36784272,482863990555206
482864015000000,36804,-0.673,-0.032,-0.734,0.14,0.12,0.02,1,imu01,fusion_20260817T182717Z,1552,36804276,482864010558486
482864046000000,36824,-0.677,-0.037,-0.74,-0.02,0.2,-0.06,1,imu01,fusion_20260817T182717Z,1553,36824272,482864030553765
482864062000000,36844,-0.676,-0.035,-0.734,0.15,-0.06,-0.13,1,imu01,fusion_20260817T182717Z,1554,36844276,482864050557044
482864078000000,36864,-0.68,-0.036,-0.734,0.17,0.06,-0.07,1,imu01,fusion_20260817T182717Z,1555,36864272,482864070552324
482864093000000,36884,-0.678,-0.034,-0.739,0.13,0.17,0.04,1,imu01,fusion_20260817T182717Z,1556,36884276,482864090555603
482864125000000,36904,-0.676,-0.039,-0.734,-0.06,0.04,0.01,1,imu01,fusion_20260817T182717Z,1557,36904272,482864110550882
482864140000000,36924,-0.675,-0.034,-0.734,-0.08,0.07,-0.04,1,imu01,fusion_20260817T182717Z,1558,36924276,482864130554162
482864156000000,36944,-0.679,-0.035,-0.732,0.04,-0.07,-0.01,1,imu01,fusion_20260817T182717Z,1559,36944272,482864150549441
482864187000000,36964,-0.682,-0.033,-0.738,0.03,0.25,0.0,1,imu01,fusion_20260817T182717Z,1560,36964276,482864170552720
482864203000000,36984,-0.677,-0.035,-0.737,0.03,-0.0,0.08,1,imu01,fusion_20260817T182717Z,1561,36984272,482864190548000
482864218000000,37004,-0.675,-0.035,-0.734,0.01,0.0,-0.1,1,imu01,fusion_20260817T182717Z,1562,37004276,482864210551279
482864234000000,37024,-0.673,-0.036,-0.737,-0.08,-0.11,-0.02,1,imu01,fusion_20260817T182717Z,1563,37024272,482864230546559
482864265000000,37044,-0.673,-0.036,-0.739,-0.02,0.15,-0.04,1,imu01,fusion_20260817T182717Z,1564,37044276,482864250549838
482864281000000,37064,-0.673,-0.034,-0.742,0.06,-0.11,-0.02,1,imu01,fusion_20260817T182717Z,1565,37064272,482864270545117
482864296000000,37084,-0.678,-0.034,-0.733,-0.15,-0.02,0.03,1,imu01,fusion_20260817T182717Z,1566,37084276,482864290548396
482864312000000,37104,-0.676,-0.034,-0.734,-0.12,-0.16,0.02,1,imu01,fusion_20260817T182717Z,1567,37104272,482864310543676
482864343000000,37124,-0.677,-0.035,-0.742,-0.05,0.1,-0.12,1,imu01,fusion_20260817T182717Z,1568,37124276,482864330546955
482864359000000,37144,-0.677,-0.037,-0.745,-0.05,-0.05,-0.08,1,imu01,fusion_20260817T182717Z,1569,37144272,482864350542235
482864375000000,37164,-0.676,-0.041,-0.739,-0.02,0.03,0.02,1,imu01,fusion_20260817T182717Z,1570,37164276,482864370545514
482864406000000,37184,-0.679,-0.036,-0.74,-0.1,-0.03,0.07,1,imu01,fusion_20260817T182717Z,1571,37184272,482864390540793
482864421000000,37204,-0.681,-0.037,-0.74,-0.18,0.04,0.05,1,imu01,fusion_20260817T182717Z,1572,37204276,482864410544073
482864437000000,37224,-0.675,-0.038,-0.734,0.01,-0.07,-0.04,1,imu01,fusion_20260817T182717Z,1573,37224272,482864430539352
482864453000000,37244,-0.677,-0.04,-0.735,0.06,-0.03,-0.08,1,imu01,fusion_20260817T182717Z,1574,37244276,482864450542631
482864484000000,37264,-0.679,-0.031,-0.734,0.08,0.11,-0.02,1,imu01,fusion_20260817T182717Z,1575,37264272,482864470537911
482864500000000,37284,-0.671,-0.034,-0.731,-0.01,0.01,0.0,1,imu01,fusion_20260817T182717Z,1576,37284276,482864490541190
482864515000000,37304,-0.679,-0.036,-0.735,-0.04,0.07,-0.04,1,imu01,fusion_20260817T182717Z,1577,37304272,482864510536470
482864546000000,37324,-0.676,-0.033,-0.733,0.14,0.01,-0.1,1,imu01,fusion_20260817T182717Z,1578,37324276,482864530539749
482864562000000,37344,-0.677,-0.041,-0.739,-0.04,0.16,-0.06,1,imu01,fusion_20260817T182717Z,1579,37344272,482864550535028
482864578000000,37364,-0.677,-0.032,-0.738,0.09,-0.02,0.07,1,imu01,fusion_20260817T182717Z,1580,37364276,482864570538308
482864593000000,37384,-0.679,-0.034,-0.742,0.02,-0.03,0.03,1,imu01,fusion_20260817T182717Z,1581,37384272,482864590533587
482864625000000,37404,-0.677,-0.034,-0.733,0.21,-0.06,-0.03,1,imu01,fusion_20260817T182717Z,1582,37404276,482864610536866
482864640000000,37424,-0.68,-0.038,-0.728,-0.07,0.23,-0.06,1,imu01,fusion_20260817T182717Z,1583,37424272,482864630532146
482864656000000,37444,-0.679,-0.038,-0.733,-0.12,-0.17,-0.0,1,imu01,fusion_20260817T182717Z,1584,37444276,482864650535425
482864687000000,37464,-0.673,-0.035,-0.74,-0.0,0.02,-0.01,1,imu01,fusion_20260817T182717Z,1585,37464272,482864670530704
482864703000000,37484,-0.679,-0.032,-0.732,0.16,0.06,0.01,1,imu01,fusion_20260817T182717Z,1586,37484276,482864690533984
482864718000000,37504,-0.677,-0.039,-0.737,-0.13,0.14,0.02,1,imu01,fusion_20260817T182717Z,1587,37504272,482864710529263
482864734000000,37524,-0.679,-0.034,-0.737,-0.02,-0.04,0.0,1,imu01,fusion_20260817T182717Z,1588,37524276,482864730532542
482864765000000,37544,-0.677,-0.034,-0.74,-0.01,-0.02,0.03,1,imu01,fusion_20260817T182717Z,1589,37544272,482864750527822
482864781000000,37564,-0.675,-0.036,-0.731,-0.1,0.07,0.13,1,imu01,fusion_20260817T182717Z,1590,37564276,482864770531101
482864796000000,37584,-0.673,-0.037,-0.733,-0.0,0.11,0.09,1,imu01,fusion_20260817T182717Z,1591,37584272,482864790526381
482864828000000,37604,-0.677,-0.035,-0.734,-0.11,-0.16,-0.02,1,imu01,fusion_20260817T182717Z,1592,37604276,482864810529660
482864843000000,37624,-0.678,-0.036,-0.737,0.07,-0.07,-0.0,1,imu01,fusion_20260817T182717Z,1593,37624272,482864830524939
482864859000000,37644,-0.674,-0.035,-0.733,-0.12,0.13,0.03,1,imu01,fusion_20260817T182717Z,1594,37644276,482864850528219
482864875000000,37664,-0.676,-0.034,-0.732,0.02,0.13,0.14,1,imu01,fusion_20260817T182717Z,1595,37664272,482864870523498
482864906000000,37684,-0.676,-0.035,-0.738,-0.08,-0.0,-0.1,1,imu01,fusion_20260817T182717Z,1596,37684276,482864890526777
482864921000000,37704,-0.679,-0.038,-0.737,0.1,-0.06,-0.11,1,imu01,fusion_20260817T182717Z,1597,37704272,482864910522057
482864937000000,37724,-0.678,-0.035,-0.736,0.04,0.21,-0.05,1,imu01,fusion_20260817T182717Z,1598,37724276,482864930525336
482864953000000,37744,-0.679,-0.036,-0.742,-0.05,-0.07,0.1,1,imu01,fusion_20260817T182717Z,1599,37744272,482864950520616
482864984000000,37764,-0.678,-0.034,-0.734,0.06,-0.03,-0.02,1,imu01,fusion_20260817T182717Z,1600,37764276,482864970523895
482865000000000,37784,-0.678,-0.04,-0.734,0.11,-0.07,0.01,1,imu01,fusion_20260817T182717Z,1601,37784272,482864990519174
482865015000000,37804,-0.678,-0.037,-0.737,-0.06,0.2,-0.1,1,imu01,fusion_20260817T182717Z,1602,37804276,482865010522453
482865046000000,37824,-0.674,-0.035,-0.731,-0.05,-0.05,-0.09,1,imu01,fusion_20260817T182717Z,1603,37824272,482865030517733
482865062000000,37844,-0.675,-0.032,-0.739,0.04,0.04,0.03,1,imu01,fusion_20260817T182717Z,1604,37844276,482865050521012
482865078000000,37864,-0.676,-0.038,-0.741,0.11,0.02,-0.01,1,imu01,fusion_20260817T182717Z,1605,37864272,482865070516292
482865093000000,37884,-0.677,-0.033,-0.737,0.02,0.15,-0.07,1,imu01,fusion_20260817T182717Z,1606,37884276,482865090519571
482865125000000,37904,-0.682,-0.035,-0.735,-0.09,-0.14,-0.05,1,imu01,fusion_20260817T182717Z,1607,37904272,482865110514850
482865140000000,37924,-0.683,-0.038,-0.736,-0.03,-0.0,0.0,1,imu01,fusion_20260817T182717Z,1608,37924276,482865130518130
482865156000000,37944,-0.677,-0.034,-0.733,0.08,0.11,0.09,1,imu01,fusion_20260817T182717Z,1609,37944272,482865150513409
482865187000000,37964,-0.678,-0.036,-0.734,0.1,0.24,0.03,1,imu01,fusion_20260817T182717Z,1610,37964276,482865170516688
482865203000000,37984,-0.677,-0.032,-0.744,-0.21,-0.12,-0.03,1,imu01,fusion_20260817T182717Z,1611,37984272,482865190511968
482865218000000,38004,-0.678,-0.033,-0.736,0.09,-0.07,-0.12,1,imu01,fusion_20260817T182717Z,1612,38004276,482865210515247
482865234000000,38024,-0.677,-0.033,-0.732,-0.24,0.04,-0.04,1,imu01,fusion_20260817T182717Z,1613,38024272,482865230510526
482865265000000,38044,-0.678,-0.037,-0.738,0.06,0.03,0.06,1,imu01,fusion_20260817T182717Z,1614,38044276,482865250513806
482865281000000,38064,-0.674,-0.036,-0.737,0.08,0.02,0.02,1,imu01,fusion_20260817T182717Z,1615,38064272,482865270509085
482865296000000,38084,-0.675,-0.032,-0.737,0.18,-0.12,-0.09,1,imu01,fusion_20260817T182717Z,1616,38084276,482865290512364
482865312000000,38104,-0.674,-0.037,-0.738,-0.12,0.21,-0.04,1,imu01,fusion_20260817T182717Z,1617,38104272,482865310507644
482865343000000,38124,-0.681,-0.037,-0.732,-0.05,0.01,0.05,1,imu01,fusion_20260817T182717Z,1618,38124276,482865330510923
482865359000000,38144,-0.682,-0.034,-0.736,0.11,0.1,-0.01,1,imu01,fusion_20260817T182717Z,1619,38144272,482865350506203
482865375000000,38164,-0.674,-0.039,-0.739,0.01,-0.14,0.02,1,imu01,fusion_20260817T182717Z,1620,38164276,482865370509482
482865406000000,38184,-0.676,-0.031,-0.726,-0.13,0.16,0.03,1,imu01,fusion_20260817T182717Z,1621,38184272,482865390504761
482865421000000,38204,-0.677,-0.034,-0.735,-0.01,-0.03,0.01,1,imu01,fusion_20260817T182717Z,1622,38204276,482865410508041
482865437000000,38224,-0.675,-0.037,-0.738,-0.03,-0.19,0.0,1,imu01,fusion_20260817T182717Z,1623,38224272,482865430503320
482865453000000,38244,-0.681,-0.034,-0.73,-0.01,-0.05,0.03,1,imu01,fusion_20260817T182717Z,1624,38244276,482865450506599
482865484000000,38264,-0.677,-0.034,-0.729,-0.07,0.07,-0.03,1,imu01,fusion_20260817T182717Z,1625,38264272,482865470501879
482865500000000,38284,-0.681,-0.036,-0.729,-0.06,-0.05,-0.07,1,imu01,fusion_20260817T182717Z,1626,38284276,482865490505158
482865515000000,38304,-0.677,-0.036,-0.735,0.07,0.06,-0.03,1,imu01,fusion_20260817T182717Z,1627,38304272,482865510500438
482865546000000,38324,-0.676,-0.034,-0.735,0.01,0.13,0.1,1,imu01,fusion_20260817T182717Z,1628,38324276,482865530503717
482865562000000,38344,-0.678,-0.036,-0.736,-0.04,0.01,0.18,1,imu01,fusion_20260817T182717Z,1629,38344272,482865550498996
482865578000000,38364,-0.677,-0.033,-0.742,0.14,0.07,-0.0,1,imu01,fusion_20260817T182717Z,1630,38364276,482865570502275
482865593000000,38384,-0.679,-0.034,-0.736,0.21,-0.06,-0.13,1,imu01,fusion_20260817T182717Z,1631,38384272,482865590497555
482865625000000,38404,-0.677,-0.037,-0.736,-0.05,0.13,0.08,1,imu01,fusion_20260817T182717Z,1632,38404276,482865610500834
482865640000000,38424,-0.68,-0.034,-0.736,0.11,0.05,0.11,1,imu01,fusion_20260817T182717Z,1633,38424272,482865630496114
482865656000000,38444,-0.676,-0.038,-0.732,-0.17,-0.01,0.01,1,imu01,fusion_20260817T182717Z,1634,38444276,482865650499393
482865687000000,38464,-0.684,-0.036,-0.732,0.04,-0.06,0.1,1,imu01,fusion_20260817T182717Z,1635,38464272,482865670494672
482865703000000,38484,-0.673,-0.033,-0.739,-0.11,0.18,-0.02,1,imu01,fusion_20260817T182717Z,1636,38484276,482865690497952
482865718000000,38504,-0.674,-0.033,-0.728,0.05,-0.01,0.03,1,imu01,fusion_20260817T182717Z,1637,38504272,482865710493231
482865734000000,38524,-0.675,-0.037,-0.741,0.25,0.23,-0.01,1,imu01,fusion_20260817T182717Z,1638,38524276,482865730496510
482865765000000,38544,-0.675,-0.035,-0.736,0.01,-0.06,0.04,1,imu01,fusion_20260817T182717Z,1639,38544272,482865750491790
482865781000000,38564,-0.674,-0.038,-0.735,-0.14,0.16,-0.17,1,imu01,fusion_20260817T182717Z,1640,38564276,482865770495069
482865796000000,38584,-0.675,-0.038,-0.733,-0.0,0.07,-0.07,1,imu01,fusion_20260817T182717Z,1641,38584272,482865790490349
482865828000000,38604,-0.676,-0.04,-0.739,-0.09,0.05,0.02,1,imu01,fusion_20260817T182717Z,1642,38604276,482865810493628
482865843000000,38624,-0.679,-0.035,-0.737,0.08,0.07,0.07,1,imu01,fusion_20260817T182717Z,1643,38624272,482865830488907
482865859000000,38644,-0.678,-0.037,-0.739,-0.03,0.14,0.03,1,imu01,fusion_20260817T182717Z,1644,38644276,482865850492186
482865875000000,38664,-0.678,-0.034,-0.736,-0.07,-0.0,-0.07,1,imu01,fusion_20260817T182717Z,1645,38664272,482865870487466
482865906000000,38684,-0.677,-0.036,-0.737,-0.04,-0.15,-0.06,1,imu01,fusion_20260817T182717Z,1646,38684276,482865890490745
482865921000000,38704,-0.678,-0.032,-0.739,0.02,0.13,0.09,1,imu01,fusion_20260817T182717Z,1647,38704272,482865910486025
482865937000000,38724,-0.678,-0.036,-0.736,-0.02,0.06,0.08,1,imu01,fusion_20260817T182717Z,1648,38724276,482865930489304
482865953000000,38744,-0.677,-0.033,-0.736,-0.15,-0.13,-0.06,1,imu01,fusion_20260817T182717Z,1649,38744272,482865950484583
482865984000000,38764,-0.681,-0.037,-0.738,0.09,-0.14,-0.12,1,imu01,fusion_20260817T182717Z,1650,38764276,482865970487863
482866000000000,38784,-0.676,-0.035,-0.733,-0.1,0.2,0.1,1,imu01,fusion_20260817T182717Z,1651,38784272,482865990483142
482866015000000,38804,-0.679,-0.032,-0.737,-0.0,-0.08,0.04,1,imu01,fusion_20260817T182717Z,1652,38804276,482866010486421
482866046000000,38824,-0.675,-0.034,-0.737,-0.03,-0.02,0.02,1,imu01,fusion_20260817T182717Z,1653,38824272,482866030481701
482866062000000,38844,-0.675,-0.035,-0.735,0.11,-0.06,0.02,1,imu01,fusion_20260817T182717Z,1654,38844276,482866050484980
482866078000000,38864,-0.678,-0.034,-0.733,0.08,0.21,-0.09,1,imu01,fusion_20260817T182717Z,1655,38864272,482866070480260
482866093000000,38884,-0.681,-0.039,-0.73,0.09,-0.08,-0.03,1,imu01,fusion_20260817T182717Z,1656,38884276,482866090483539
482866125000000,38904,-0.675,-0.034,-0.726,-0.02,0.01,-0.07,1,imu01,fusion_20260817T182717Z,1657,38904272,482866110478818
482866140000000,38924,-0.679,-0.035,-0.737,-0.01,0.05,0.08,1,imu01,fusion_20260817T182717Z,1658,38924276,482866130482098
482866156000000,38944,-0.678,-0.032,-0.742,-0.27,0.04,-0.06,1,imu01,fusion_20260817T182717Z,1659,38944272,482866150477377
482866187000000,38964,-0.677,-0.034,-0.731,-0.18,-0.13,-0.07,1,imu01,fusion_20260817T182717Z,1660,38964276,482866170480656
482866203000000,38984,-0.673,-0.038,-0.731,-0.05,-0.05,-0.09,1,imu01,fusion_20260817T182717Z,1661,38984272,482866190475936
482866218000000,39004,-0.675,-0.038,-0.737,0.13,0.13,0.08,1,imu01,fusion_20260817T182717Z,1662,39004276,482866210479215
482866234000000,39024,-0.673,-0.029,-0.737,-0.08,0.07,0.06,1,imu01,fusion_20260817T182717Z,1663,39024272,482866230474494
482866265000000,39044,-0.677,-0.033,-0.731,0.15,0.1,-0.0,1,imu01,fusion_20260817T182717Z,1664,39044276,482866250477774
482866281000000,39064,-0.679,-0.033,-0.732,0.03,-0.13,-0.06,1,imu01,fusion_20260817T182717Z,1665,39064272,482866270473053
482866296000000,39084,-0.677,-0.033,-0.735,-0.04,0.17,-0.08,1,imu01,fusion_20260817T182717Z,1666,39084276,482866290476332
482866312000000,39104,-0.673,-0.032,-0.735,0.12,0.08,0.09,1,imu01,fusion_20260817T182717Z,1667,39104272,482866310471612
482866343000000,39124,-0.671,-0.04,-0.734,-0.12,-0.02,-0.06,1,imu01,fusion_20260817T182717Z,1668,39124276,482866330474891
482866359000000,39144,-0.675,-0.031,-0.73,0.1,-0.16,-0.07,1,imu01,fusion_20260817T182717Z,1669,39144272,482866350470171
482866375000000,39164,-0.678,-0.039,-0.736,-0.17,-0.04,-0.04,1,imu01,fusion_20260817T182717Z,1670,39164276,482866370473450
482866406000000,39184,-0.671,-0.039,-0.737,-0.03,-0.09,0.15,1,imu01,fusion_20260817T182717Z,1671,39184272,482866390468729
482866421000000,39204,-0.674,-0.033,-0.738,0.09,0.13,0.07,1,imu01,fusion_20260817T182717Z,1672,39204276,482866410472008
482866437000000,39224,-0.671,-0.035,-0.737,-0.05,-0.09,0.02,1,imu01,fusion_20260817T182717Z,1673,39224272,482866430467288
482866453000000,39244,-0.674,-0.038,-0.74,-0.17,0.09,-0.04,1,imu01,fusion_20260817T182717Z,1674,39244276,482866450470567
482866484000000,39264,-0.678,-0.033,-0.731,0.1,-0.06,0.0,1,imu01,fusion_20260817T182717Z,1675,39264272,482866470465847
482866500000000,39284,-0.68,-0.037,-0.736,0.01,-0.09,0.01,1,imu01,fusion_20260817T182717Z,1676,39284276,482866490469126
482866515000000,39304,-0.677,-0.037,-0.745,0.16,0.06,0.09,1,imu01,fusion_20260817T182717Z,1677,39304272,482866510464405
482866546000000,39324,-0.674,-0.035,-0.736,0.03,0.2,-0.04,1,imu01,fusion_20260817T182717Z,1678,39324276,482866530467685
482866562000000,39344,-0.675,-0.035,-0.735,-0.12,-0.14,-0.04,1,imu01,fusion_20260817T182717Z,1679,39344272,482866550462964
482866578000000,39364,-0.674,-0.035,-0.73,-0.17,-0.23,-0.08,1,imu01,fusion_20260817T182717Z,1680,39364276,482866570466243
482866593000000,39384,-0.68,-0.036,-0.731,0.06,0.13,-0.01,1,imu01,fusion_20260817T182717Z,1681,39384272,482866590461523
482866625000000,39404,-0.678,-0.038,-0.736,-0.4,-0.22,0.05,1,imu01,fusion_20260817T182717Z,1682,39404276,482866610464802
482866640000000,39424,-0.677,-0.036,-0.727,-0.12,-0.16,-0.06,1,imu01,fusion_20260817T182717Z,1683,39424272,482866630460082
482866656000000,39444,-0.677,-0.033,-0.734,-0.02,-0.21,-0.16,1,imu01,fusion_20260817T182717Z,1684,39444276,482866650463361
482866687000000,39464,-0.676,-0.035,-0.737,0.02,0.09,-0.1,1,imu01,fusion_20260817T182717Z,1685,39464272,482866670458640
482866703000000,39484,-0.674,-0.033,-0.735,0.17,0.0,0.09,1,imu01,fusion_20260817T182717Z,1686,39484276,482866690461920
482866718000000,39504,-0.678,-0.036,-0.736,-0.38,-0.09,0.03,1,imu01,fusion_20260817T182717Z,1687,39504272,482866710457199
482866734000000,39524,-0.677,-0.037,-0.735,0.14,0.03,-0.04,1,imu01,fusion_20260817T182717Z,1688,39524276,482866730460478
482866765000000,39544,-0.674,-0.036,-0.736,0.25,0.36,-0.04,1,imu01,fusion_20260817T182717Z,1689,39544272,482866750455758
482866781000000,39564,-0.679,-0.038,-0.744,0.14,0.1,0.03,1,imu01,fusion_20260817T182717Z,1690,39564276,482866770459037
482866796000000,39584,-0.676,-0.034,-0.732,-0.13,-0.07,-0.03,1,imu01,fusion_20260817T182717Z,1691,39584272,482866790454316
482866828000000,39604,-0.679,-0.034,-0.741,0.36,0.22,-0.04,1,imu01,fusion_20260817T182717Z,1692,39604276,482866810457596
482866843000000,39624,-0.677,-0.035,-0.734,-0.1,0.11,-0.07,1,imu01,fusion_20260817T182717Z,1693,39624272,482866830452875
482866859000000,39644,-0.675,-0.034,-0.738,0.14,0.07,-0.11,1,imu01,fusion_20260817T182717Z,1694,39644276,482866850456154
482866875000000,39664,-0.677,-0.035,-0.737,-0.04,-0.12,0.0,1,imu01,fusion_20260817T182717Z,1695,39664272,482866870451434
482866906000000,39684,-0.676,-0.037,-0.733,0.04,0.07,0.06,1,imu01,fusion_20260817T182717Z,1696,39684276,482866890454713
482866921000000,39704,-0.673,-0.035,-0.738,0.08,0.16,0.05,1,imu01,fusion_20260817T182717Z,1697,39704272,482866910449993
482866937000000,39724,-0.677,-0.033,-0.745,0.06,0.03,-0.05,1,imu01,fusion_20260817T182717Z,1698,39724276,482866930453272
482866953000000,39744,-0.672,-0.039,-0.734,0.01,-0.12,-0.07,1,imu01,fusion_20260817T182717Z,1699,39744272,482866950448551
482866984000000,39764,-0.678,-0.035,-0.738,-0.13,0.02,-0.01,1,imu01,fusion_20260817T182717Z,1700,39764276,482866970451831
482867000000000,39784,-0.677,-0.037,-0.746,-0.12,0.0,0.07,1,imu01,fusion_20260817T182717Z,1701,39784272,482866990447110
482867015000000,39804,-0.676,-0.032,-0.735,-0.07,-0.1,-0.0,1,imu01,fusion_20260817T182717Z,1702,39804276,482867010450389
482867046000000,39824,-0.679,-0.034,-0.735,0.17,-0.1,-0.03,1,imu01,fusion_20260817T182717Z,1703,39824272,482867030445669
482867062000000,39844,-0.673,-0.039,-0.733,0.13,0.23,0.03,1,imu01,fusion_20260817T182717Z,1704,39844276,482867050448948
482867078000000,39864,-0.677,-0.035,-0.736,-0.02,-0.03,0.06,1,imu01,fusion_20260817T182717Z,1705,39864272,482867070444228
482867093000000,39884,-0.674,-0.039,-0.738,-0.07,0.01,-0.0,1,imu01,fusion_20260817T182717Z,1706,39884276,482867090447507
482867125000000,39904,-0.676,-0.037,-0.736,0.11,-0.05,0.05,1,imu01,fusion_20260817T182717Z,1707,39904272,482867110442786
482867140000000,39924,-0.679,-0.037,-0.739,-0.04,0.13,-0.04,1,imu01,fusion_20260817T182717Z,1708,39924276,482867130446065
482867156000000,39944,-0.676,-0.037,-0.734,0.01,-0.09,-0.03,1,imu01,fusion_20260817T182717Z,1709,39944272,482867150441345
482867187000000,39964,-0.68,-0.036,-0.737,0.14,0.02,-0.02,1,imu01,fusion_20260817T182717Z,1710,39964276,482867170444624
482867203000000,39984,-0.675,-0.037,-0.731,0.04,0.04,0.14,1,imu01,fusion_20260817T182717Z,1711,39984272,482867190439904
482867218000000,40004,-0.678,-0.03,-0.739,-0.09,0.16,0.03,1,imu01,fusion_20260817T182717Z,1712,40004276,482867210443183
482867234000000,40024,-0.677,-0.034,-0.734,-0.07,-0.0,-0.02,1,imu01,fusion_20260817T182717Z,1713,40024272,482867230438462
482867265000000,40044,-0.677,-0.034,-0.738,0.02,0.04,-0.04,1,imu01,fusion_20260817T182717Z,1714,40044276,482867250441742
482867281000000,40064,-0.68,-0.038,-0.731,0.15,0.04,0.09,1,imu01,fusion_20260817T182717Z,1715,40064272,482867270437021
482867296000000,40084,-0.681,-0.036,-0.738,0.04,0.13,0.01,1,imu01,fusion_20260817T182717Z,1716,40084276,482867290440300
482867312000000,40104,-0.676,-0.032,-0.736,0.04,-0.02,-0.02,1,imu01,fusion_20260817T182717Z,1717,40104272,482867310435580
482867343000000,40124,-0.675,-0.033,-0.737,0.11,-0.18,-0.02,1,imu01,fusion_20260817T182717Z,1718,40124276,482867330438859
482867359000000,40144,-0.673,-0.038,-0.735,-0.02,0.18,0.04,1,imu01,fusion_20260817T182717Z,1719,40144272,482867350434138
482867375000000,40164,-0.678,-0.033,-0.729,-0.05,-0.05,0.03,1,imu01,fusion_20260817T182717Z,1720,40164276,482867370437418
482867406000000,40184,-0.674,-0.036,-0.734,0.01,0.01,-0.05,1,imu01,fusion_20260817T182717Z,1721,40184272,482867390432697
482867421000000,40204,-0.677,-0.033,-0.728,0.11,-0.13,-0.09,1,imu01,fusion_20260817T182717Z,1722,40204276,482867410435976
482867437000000,40224,-0.673,-0.034,-0.736,-0.14,0.14,-0.06,1,imu01,fusion_20260817T182717Z,1723,40224272,482867430431256
482867453000000,40244,-0.676,-0.036,-0.736,-0.12,-0.09,0.0,1,imu01,fusion_20260817T182717Z,1724,40244276,482867450434535
482867484000000,40264,-0.676,-0.041,-0.733,0.06,-0.02,0.03,1,imu01,fusion_20260817T182717Z,1725,40264272,482867470429815
482867500000000,40284,-0.674,-0.034,-0.736,0.08,-0.01,0.03,1,imu01,fusion_20260817T182717Z,1726,40284276,482867490433094
482867515000000,40304,-0.677,-0.032,-0.736,-0.04,0.14,-0.03,1,imu01,fusion_20260817T182717Z,1727,40304272,482867510428373
482867546000000,40324,-0.678,-0.038,-0.737,0.02,0.03,0.01,1,imu01,fusion_20260817T182717Z,1728,40324276,482867530431653
482867562000000,40344,-0.676,-0.037,-0.732,0.04,0.06,-0.04,1,imu01,fusion_20260817T182717Z,1729,40344272,482867550426932
482867578000000,40364,-0.673,-0.035,-0.741,-0.02,-0.04,0.09,1,imu01,fusion_20260817T182717Z,1730,40364276,482867570430211
482867593000000,40384,-0.677,-0.036,-0.735,-0.05,0.14,-0.07,1,imu01,fusion_20260817T182717Z,1731,40384272,482867590425491
482867625000000,40404,-0.673,-0.033,-0.741,-0.02,-0.07,-0.05,1,imu01,fusion_20260817T182717Z,1732,40404276,482867610428770
482867640000000,40424,-0.671,-0.035,-0.739,0.04,-0.08,-0.08,1,imu01,fusion_20260817T182717Z,1733,40424272,482867630424050
482867656000000,40444,-0.676,-0.033,-0.732,0.01,0.09,0.09,1,imu01,fusion_20260817T182717Z,1734,40444276,482867650427329
482867687000000,40464,-0.677,-0.037,-0.741,0.04,0.04,0.11,1,imu01,fusion_20260817T182717Z,1735,40464272,482867670422608
482867703000000,40484,-0.678,-0.035,-0.735,-0.06,-0.11,-0.08,1,imu01,fusion_20260817T182717Z,1736,40484276,482867690425887
482867718000000,40504,-0.678,-0.038,-0.737,0.06,-0.1,-0.1,1,imu01,fusion_20260817T182717Z,1737,40504272,482867710421167
482867734000000,40524,-0.679,-0.037,-0.732,-0.1,0.17,-0.02,1,imu01,fusion_20260817T182717Z,1738,40524276,482867730424446
482867765000000,40544,-0.673,-0.037,-0.738,0.06,-0.04,0.09,1,imu01,fusion_20260817T182717Z,1739,40544272,482867750419726
482867781000000,40564,-0.676,-0.039,-0.735,-0.02,0.08,0.02,1,imu01,fusion_20260817T182717Z,1740,40564276,482867770423005
482867796000000,40584,-0.676,-0.035,-0.736,0.11,-0.06,-0.09,1,imu01,fusion_20260817T182717Z,1741,40584272,482867790418284
482867828000000,40604,-0.676,-0.034,-0.732,0.08,0.2,-0.1,1,imu01,fusion_20260817T182717Z,1742,40604276,482867810421564
482867843000000,40624,-0.676,-0.03,-0.735,0.15,-0.08,-0.04,1,imu01,fusion_20260817T182717Z,1743,40624272,482867830416843
482867859000000,40644,-0.676,-0.034,-0.733,-0.03,-0.01,-0.06,1,imu01,fusion_20260817T182717Z,1744,40644276,482867850420122
482867875000000,40664,-0.675,-0.036,-0.736,0.04,-0.03,0.05,1,imu01,fusion_20260817T182717Z,1745,40664272,482867870415402
482867906000000,40684,-0.678,-0.029,-0.736,-0.12,0.13,-0.07,1,imu01,fusion_20260817T182717Z,1746,40684276,482867890418681
482867921000000,40704,-0.678,-0.035,-0.735,-0.05,0.04,-0.11,1,imu01,fusion_20260817T182717Z,1747,40704272,482867910413961
482867937000000,40724,-0.676,-0.033,-0.741,0.11,0.08,-0.07,1,imu01,fusion_20260817T182717Z,1748,40724276,482867930417240
482867953000000,40744,-0.679,-0.032,-0.738,0.01,0.1,0.16,1,imu01,fusion_20260817T182717Z,1749,40744272,482867950412519
482867984000000,40764,-0.677,-0.04,-0.744,0.09,0.13,-0.02,1,imu01,fusion_20260817T182717Z,1750,40764276,482867970415798
482868000000000,40784,-0.679,-0.033,-0.737,0.06,-0.07,-0.12,1,imu01,fusion_20260817T182717Z,1751,40784272,482867990411078
482868015000000,40804,-0.678,-0.035,-0.734,0.08,-0.03,-0.1,1,imu01,fusion_20260817T182717Z,1752,40804276,482868010414357
482868046000000,40824,-0.679,-0.033,-0.744,-0.12,0.11,0.02,1,imu01,fusion_20260817T182717Z,1753,40824272,482868030409637
482868062000000,40844,-0.677,-0.038,-0.736,-0.05,0.1,0.01,1,imu01,fusion_20260817T182717Z,1754,40844276,482868050412916
482868078000000,40864,-0.673,-0.034,-0.738,-0.02,-0.01,-0.06,1,imu01,fusion_20260817T182717Z,1755,40864272,482868070408195
482868093000000,40884,-0.671,-0.033,-0.732,0.17,-0.05,-0.1,1,imu01,fusion_20260817T182717Z,1756,40884276,482868090411475
482868125000000,40904,-0.675,-0.034,-0.734,-0.02,0.17,-0.05,1,imu01,fusion_20260817T182717Z,1757,40904272,482868110406754
482868140000000,40924,-0.675,-0.034,-0.739,0.04,0.06,0.04,1,imu01,fusion_20260817T182717Z,1758,40924276,482868130410033
482868156000000,40944,-0.675,-0.04,-0.74,0.03,0.01,0.0,1,imu01,fusion_20260817T182717Z,1759,40944272,482868150405313
482868187000000,40964,-0.674,-0.031,-0.739,0.16,-0.1,0.05,1,imu01,fusion_20260817T182717Z,1760,40964276,482868170408592
482868203000000,40984,-0.677,-0.037,-0.732,-0.13,0.1,-0.03,1,imu01,fusion_20260817T182717Z,1761,40984272,482868190403872
482868218000000,41004,-0.678,-0.035,-0.738,-0.08,-0.08,0.05,1,imu01,fusion_20260817T182717Z,1762,41004276,482868210407151
482868234000000,41024,-0.675,-0.036,-0.741,-0.08,0.0,0.0,1,imu01,fusion_20260817T182717Z,1763,41024272,482868230402430
482868265000000,41044,-0.673,-0.034,-0.733,0.18,0.08,0.06,1,imu01,fusion_20260817T182717Z,1764,41044276,482868250405710
482868281000000,41064,-0.676,-0.034,-0.734,0.12,0.2,-0.01,1,imu01,fusion_20260817T182717Z,1765,41064272,482868270400989
482868296000000,41084,-0.68,-0.035,-0.737,-0.0,-0.01,-0.1,1,imu01,fusion_20260817T182717Z,1766,41084276,482868290404268
482868328000000,41104,-0.679,-0.036,-0.738,0.05,0.0,0.01,1,imu01,fusion_20260817T182717Z,1767,41104272,482868310399548
482868343000000,41124,-0.676,-0.039,-0.736,-0.08,0.07,0.15,1,imu01,fusion_20260817T182717Z,1768,41124276,482868330402827
482868359000000,41144,-0.68,-0.032,-0.734,-0.03,0.03,0.06,1,imu01,fusion_20260817T182717Z,1769,41144272,482868350398106
482868375000000,41164,-0.679,-0.04,-0.733,-0.31,-0.12,-0.07,1,imu01,fusion_20260817T182717Z,1770,41164276,482868370401386
482868406000000,41184,-0.677,-0.037,-0.74,-0.06,-0.16,-0.06,1,imu01,fusion_20260817T182717Z,1771,41184272,482868390396665
482868421000000,41204,-0.679,-0.037,-0.734,0.02,0.1,0.04,1,imu01,fusion_20260817T182717Z,1772,41204276,482868410399944
482868437000000,41224,-0.676,-0.032,-0.738,-0.01,0.08,0.14,1,imu01,fusion_20260817T182717Z,1773,41224272,482868430395224
482868453000000,41244,-0.677,-0.034,-0.734,-0.09,-0.03,-0.01,1,imu01,fusion_20260817T182717Z,1774,41244276,482868450398503
482868484000000,41264,-0.677,-0.035,-0.737,0.2,-0.09,-0.05,1,imu01,fusion_20260817T182717Z,1775,41264272,482868470393783
482868500000000,41284,-0.677,-0.04,-0.738,0.21,0.33,0.02,1,imu01,fusion_20260817T182717Z,1776,41284276,482868490397062
482868515000000,41304,-0.673,-0.036,-0.736,-0.05,-0.09,0.16,1,imu01,fusion_20260817T182717Z,1777,41304272,482868510392341
482868546000000,41324,-0.677,-0.035,-0.734,0.07,0.07,0.03,1,imu01,fusion_20260817T182717Z,1778,41324276,482868530395620
482868562000000,41344,-0.678,-0.034,-0.737,0.08,-0.12,-0.04,1,imu01,fusion_20260817T182717Z,1779,41344272,482868550390900
482868578000000,41364,-0.681,-0.035,-0.735,0.04,0.15,-0.09,1,imu01,fusion_20260817T182717Z,1780,41364276,482868570394179
482868593000000,41384,-0.677,-0.039,-0.734,-0.05,-0.06,-0.01,1,imu01,fusion_20260817T182717Z,1781,41384272,482868590389459
482868625000000,41404,-0.672,-0.029,-0.732,-0.25,-0.06,-0.01,1,imu01,fusion_20260817T182717Z,1782,41404276,482868610392738
482868640000000,41424,-0.676,-0.039,-0.736,-0.05,-0.05,0.03,1,imu01,fusion_20260817T182717Z,1783,41424272,482868630388017
482868656000000,41444,-0.676,-0.036,-0.736,-0.1,0.15,-0.11,1,imu01,fusion_20260817T182717Z,1784,41444276,482868650391297
482868687000000,41464,-0.681,-0.034,-0.732,0.14,-0.0,-0.1,1,imu01,fusion_20260817T182717Z,1785,41464272,482868670386576
482868703000000,41484,-0.677,-0.033,-0.731,0.04,-0.0,-0.05,1,imu01,fusion_20260817T182717Z,1786,41484276,482868690389855
482868718000000,41504,-0.676,-0.034,-0.74,-0.05,0.07,0.03,1,imu01,fusion_20260817T182717Z,1787,41504272,482868710385135
482868734000000,41524,-0.675,-0.032,-0.736,-0.07,0.1,0.01,1,imu01,fusion_20260817T182717Z,1788,41524276,482868730388414
482868765000000,41544,-0.68,-0.035,-0.735,0.04,-0.04,-0.07,1,imu01,fusion_20260817T182717Z,1789,41544272,482868750383694
482868781000000,41564,-0.674,-0.033,-0.736,0.13,-0.12,-0.12,1,imu01,fusion_20260817T182717Z,1790,41564276,482868770386973
482868796000000,41584,-0.677,-0.032,-0.737,0.03,0.07,0.0,1,imu01,fusion_20260817T182717Z,1791,41584272,482868790382252
482868828000000,41604,-0.676,-0.031,-0.731,-0.04,0.0,0.09,1,imu01,fusion_20260817T182717Z,1792,41604276,482868810385532
482868843000000,41624,-0.677,-0.037,-0.737,-0.04,0.0,0.03,1,imu01,fusion_20260817T182717Z,1793,41624272,482868830380811
482868859000000,41644,-0.676,-0.034,-0.735,0.06,-0.03,-0.0,1,imu01,fusion_20260817T182717Z,1794,41644276,482868850384090
482868875000000,41664,-0.677,-0.034,-0.733,-0.13,0.13,-0.1,1,imu01,fusion_20260817T182717Z,1795,41664272,482868870379370
482868906000000,41684,-0.676,-0.035,-0.733,-0.05,-0.16,0.03,1,imu01,fusion_20260817T182717Z,1796,41684276,482868890382649
482868921000000,41704,-0.677,-0.032,-0.738,-0.09,-0.1,0.0,1,imu01,fusion_20260817T182717Z,1797,41704272,482868910377928
482868937000000,41724,-0.677,-0.036,-0.733,0.14,-0.06,0.09,1,imu01,fusion_20260817T182717Z,1798,41724276,482868930381208
482868953000000,41744,-0.678,-0.034,-0.74,-0.07,0.22,-0.02,1,imu01,fusion_20260817T182717Z,1799,41744272,482868950376487
482868984000000,41764,-0.68,-0.034,-0.732,-0.04,-0.06,-0.11,1,imu01,fusion_20260817T182717Z,1800,41764276,482868970379766
482869000000000,41784,-0.676,-0.035,-0.734,0.06,0.05,-0.03,1,imu01,fusion_20260817T182717Z,1801,41784272,482868990375046
482869015000000,41804,-0.675,-0.038,-0.732,0.08,0.09,0.06,1,imu01,fusion_20260817T182717Z,1802,41804276,482869010378325
482869046000000,41824,-0.675,-0.036,-0.731,-0.03,0.04,0.04,1,imu01,fusion_20260817T182717Z,1803,41824272,482869030373605
482869062000000,41844,-0.679,-0.034,-0.737,0.01,-0.04,0.03,1,imu01,fusion_20260817T182717Z,1804,41844276,482869050376884
482869078000000,41864,-0.679,-0.033,-0.732,-0.03,-0.06,0.05,1,imu01,fusion_20260817T182717Z,1805,41864272,482869070372163
482869093000000,41884,-0.674,-0.035,-0.736,0.01,0.07,0.03,1,imu01,fusion_20260817T182717Z,1806,41884276,482869090375443
482869125000000,41904,-0.676,-0.034,-0.735,0.08,0.07,0.14,1,imu01,fusion_20260817T182717Z,1807,41904272,482869110370722
482869140000000,41924,-0.679,-0.032,-0.732,0.01,0.04,-0.1,1,imu01,fusion_20260817T182717Z,1808,41924276,482869130374001
482869156000000,41944,-0.673,-0.039,-0.736,0.05,-0.08,-0.01,1,imu01,fusion_20260817T182717Z,1809,41944272,482869150369281
482869187000000,41964,-0.673,-0.039,-0.732,-0.02,0.11,-0.02,1,imu01,fusion_20260817T182717Z,1810,41964276,482869170372560
482869203000000,41984,-0.678,-0.034,-0.734,0.06,0.02,0.06,1,imu01,fusion_20260817T182717Z,1811,41984272,482869190367840
482869218000000,42004,-0.68,-0.034,-0.737,0.06,0.0,-0.01,1,imu01,fusion_20260817T182717Z,1812,42004276,482869210371119
482869234000000,42024,-0.678,-0.031,-0.736,0.04,-0.1,0.04,1,imu01,fusion_20260817T182717Z,1813,42024272,482869230366398
482869265000000,42044,-0.679,-0.033,-0.74,-0.06,0.1,-0.03,1,imu01,fusion_20260817T182717Z,1814,42044276,482869250369677
482869281000000,42064,-0.677,-0.034,-0.741,0.04,-0.02,-0.0,1,imu01,fusion_20260817T182717Z,1815,42064272,482869270364957
482869296000000,42084,-0.675,-0.034,-0.738,-0.17,-0.09,-0.0,1,imu01,fusion_20260817T182717Z,1816,42084276,482869290368236
482869328000000,42104,-0.679,-0.035,-0.732,-0.12,-0.08,0.05,1,imu01,fusion_20260817T182717Z,1817,42104272,482869310363516
482869343000000,42124,-0.678,-0.033,-0.734,-0.22,0.09,0.02,1,imu01,fusion_20260817T182717Z,1818,42124276,482869330366795
482869359000000,42144,-0.679,-0.038,-0.732,-0.08,-0.06,-0.07,1,imu01,fusion_20260817T182717Z,1819,42144272,482869350362074
482869375000000,42164,-0.674,-0.037,-0.736,0.13,0.04,-0.1,1,imu01,fusion_20260817T182717Z,1820,42164276,482869370365354
482869406000000,42184,-0.674,-0.04,-0.74,-0.0,0.09,0.06,1,imu01,fusion_20260817T182717Z,1821,42184272,482869390360633
482869421000000,42204,-0.679,-0.037,-0.73,0.07,0.11,0.09,1,imu01,fusion_20260817T182717Z,1822,42204276,482869410363912
482869437000000,42224,-0.677,-0.034,-0.741,-0.02,0.0,-0.06,1,imu01,fusion_20260817T182717Z,1823,42224272,482869430359192
482869453000000,42244,-0.677,-0.037,-0.736,0.08,-0.03,-0.04,1,imu01,fusion_20260817T182717Z,1824,42244276,482869450362471
482869484000000,42264,-0.68,-0.041,-0.728,-0.08,0.1,0.01,1,imu01,fusion_20260817T182717Z,1825,42264272,482869470357750
482869500000000,42284,-0.675,-0.037,-0.727,-0.1,-0.06,0.03,1,imu01,fusion_20260817T182717Z,1826,42284276,482869490361030
482869515000000,42304,-0.682,-0.031,-0.735,-0.12,-0.05,-0.03,1,imu01,fusion_20260817T182717Z,1827,42304272,482869510356309
482869546000000,42324,-0.675,-0.039,-0.738,0.13,-0.09,0.01,1,imu01,fusion_20260817T182717Z,1828,42324276,482869530359588
482869562000000,42344,-0.678,-0.039,-0.735,-0.12,-0.11,-0.03,1,imu01,fusion_20260817T182717Z,1829,42344272,482869550354868
482869578000000,42364,-0.677,-0.035,-0.73,0.06,-0.05,0.03,1,imu01,fusion_20260817T182717Z,1830,42364276,482869570358147
482869593000000,42384,-0.674,-0.036,-0.735,0.14,0.09,0.0,1,imu01,fusion_20260817T182717Z,1831,42384272,482869590353427
482869625000000,42404,-0.675,-0.036,-0.731,-0.18,-0.19,-0.03,1,imu01,fusion_20260817T182717Z,1832,42404276,482869610356706
482869640000000,42424,-0.68,-0.034,-0.733,-0.12,0.09,-0.01,1,imu01,fusion_20260817T182717Z,1833,42424272,482869630351985
482869656000000,42444,-0.676,-0.033,-0.732,-0.1,-0.11,-0.08,1,imu01,fusion_20260817T182717Z,1834,42444276,482869650355265
482869687000000,42464,-0.679,-0.033,-0.736,-0.23,-0.22,-0.03,1,imu01,fusion_20260817T182717Z,1835,42464272,482869670350544
482869703000000,42484,-0.678,-0.034,-0.737,0.13,0.15,0.08,1,imu01,fusion_20260817T182717Z,1836,42484276,482869690353823
482869718000000,42504,-0.678,-0.036,-0.731,-0.14,0.04,0.0,1,imu01,fusion_20260817T182717Z,1837,42504272,482869710349103
482869734000000,42524,-0.677,-0.033,-0.742,-0.15,-0.13,-0.03,1,imu01,fusion_20260817T182717Z,1838,42524276,482869730352382
482869765000000,42544,-0.679,-0.037,-0.737,0.11,-0.03,0.03,1,imu01,fusion_20260817T182717Z,1839,42544272,482869750347662
482869781000000,42564,-0.68,-0.034,-0.734,-0.18,-0.04,0.08,1,imu01,fusion_20260817T182717Z,1840,42564276,482869770350941
482869796000000,42584,-0.675,-0.035,-0.733,0.08,0.04,0.12,1,imu01,fusion_20260817T182717Z,1841,42584272,482869790346220
482869828000000,42604,-0.68,-0.035,-0.736,-0.43,-0.29,-0.05,1,imu01,fusion_20260817T182717Z,1842,42604276,482869810349500
482869843000000,42624,-0.677,-0.032,-0.73,0.13,-0.05,-0.1,1,imu01,fusion_20260817T182717Z,1843,42624272,482869830344779
482869859000000,42644,-0.678,-0.035,-0.737,-0.24,0.04,-0.0,1,imu01,fusion_20260817T182717Z,1844,42644276,482869850348058
482869875000000,42664,-0.678,-0.039,-0.734,-0.2,-0.02,0.17,1,imu01,fusion_20260817T182717Z,1845,42664272,482869870343338
482869906000000,42684,-0.675,-0.032,-0.73,-0.43,-0.17,0.06,1,imu01,fusion_20260817T182717Z,1846,42684276,482869890346617
482869921000000,42704,-0.676,-0.034,-0.724,0.25,-0.13,-0.08,1,imu01,fusion_20260817T182717Z,1847,42704272,482869910341896
482869937000000,42724,-0.676,-0.032,-0.73,0.58,0.45,-0.18,1,imu01,fusion_20260817T182717Z,1848,42724276,482869930345176
482869953000000,42744,-0.678,-0.037,-0.732,0.01,0.02,0.02,1,imu01,fusion_20260817T182717Z,1849,42744272,482869950340455
482869984000000,42764,-0.676,-0.038,-0.736,0.33,0.16,0.04,1,imu01,fusion_20260817T182717Z,1850,42764276,482869970343734
482870000000000,42784,-0.678,-0.032,-0.743,0.17,-0.01,0.0,1,imu01,fusion_20260817T182717Z,1851,42784272,482869990339014
482870015000000,42804,-0.675,-0.035,-0.727,0.04,0.14,-0.1,1,imu01,fusion_20260817T182717Z,1852,42804276,482870010342293
482870046000000,42824,-0.676,-0.031,-0.734,-0.05,-0.14,-0.06,1,imu01,fusion_20260817T182717Z,1853,42824272,482870030337573
482870062000000,42844,-0.678,-0.032,-0.733,0.19,0.06,-0.04,1,imu01,fusion_20260817T182717Z,1854,42844276,482870050340852
482870078000000,42864,-0.68,-0.032,-0.732,0.08,0.07,-0.01,1,imu01,fusion_20260817T182717Z,1855,42864272,482870070336131
482870093000000,42884,-0.679,-0.034,-0.733,0.21,0.2,-0.06,1,imu01,fusion_20260817T182717Z,1856,42884276,482870090339410
482870125000000,42904,-0.68,-0.036,-0.733,0.04,0.07,-0.13,1,imu01,fusion_20260817T182717Z,1857,42904272,482870110334690
482870140000000,42924,-0.678,-0.036,-0.741,-0.08,-0.13,-0.1,1,imu01,fusion_20260817T182717Z,1858,42924276,482870130337969
482870156000000,42944,-0.679,-0.038,-0.737,-0.05,0.13,0.06,1,imu01,fusion_20260817T182717Z,1859,42944272,482870150333249
482870187000000,42964,-0.677,-0.033,-0.731,-0.08,0.02,0.11,1,imu01,fusion_20260817T182717Z,1860,42964276,482870170336528
482870203000000,42984,-0.675,-0.037,-0.735,-0.16,-0.01,-0.01,1,imu01,fusion_20260817T182717Z,1861,42984272,482870190331807
482870218000000,43004,-0.677,-0.038,-0.734,-0.08,-0.19,-0.04,1,imu01,fusion_20260817T182717Z,1862,43004276,482870210335087
482870234000000,43024,-0.678,-0.031,-0.732,-0.28,-0.01,-0.04,1,imu01,fusion_20260817T182717Z,1863,43024272,482870230330366
482870265000000,43044,-0.678,-0.04,-0.743,0.07,-0.0,-0.03,1,imu01,fusion_20260817T182717Z,1864,43044276,482870250333645
482870281000000,43064,-0.678,-0.038,-0.737,0.41,0.31,0.0,1,imu01,fusion_20260817T182717Z,1865,43064272,482870270328925
482870296000000,43084,-0.679,-0.033,-0.746,0.1,-0.0,-0.1,1,imu01,fusion_20260817T182717Z,1866,43084276,482870290332204
482870312000000,43104,-0.677,-0.034,-0.736,0.17,0.23,-0.14,1,imu01,fusion_20260817T182717Z,1867,43104272,482870310327484
482870343000000,43124,-0.675,-0.038,-0.735,0.2,0.11,-0.07,1,imu01,fusion_20260817T182717Z,1868,43124276,482870330330763
482870359000000,43144,-0.677,-0.034,-0.736,0.04,0.02,-0.04,1,imu01,fusion_20260817T182717Z,1869,43144272,482870350326042
482870375000000,43164,-0.675,-0.034,-0.736,-0.03,-0.01,0.1,1,imu01,fusion_20260817T182717Z,1870,43164276,482870370329322
482870406000000,43184,-0.676,-0.035,-0.73,-0.2,0.09,0.01,1,imu01,fusion_20260817T182717Z,1871,43184272,482870390324601
482870421000000,43204,-0.676,-0.033,-0.735,-0.0,-0.07,-0.0,1,imu01,fusion_20260817T182717Z,1872,43204276,482870410327880
482870437000000,43224,-0.672,-0.036,-0.736,0.04,-0.02,-0.06,1,imu01,fusion_20260817T182717Z,1873,43224272,482870430323160
482870453000000,43244,-0.676,-0.036,-0.739,0.07,0.05,0.02,1,imu01,fusion_20260817T182717Z,1874,43244276,482870450326439
482870484000000,43264,-0.679,-0.039,-0.729,0.1,0.15,-0.07,1,imu01,fusion_20260817T182717Z,1875,43264272,482870470321718
482870500000000,43284,-0.675,-0.04,-0.738,-0.28,-0.04,-0.01,1,imu01,fusion_20260817T182717Z,1876,43284276,482870490324998
482870515000000,43304,-0.678,-0.035,-0.731,0.15,0.12,-0.01,1,imu01,fusion_20260817T182717Z,1877,43304272,482870510320277
482870546000000,43324,-0.677,-0.039,-0.739,0.1,0.15,-0.07,1,imu01,fusion_20260817T182717Z,1878,43324276,482870530323556
482870562000000,43344,-0.676,-0.035,-0.736,0.08,0.11,0.01,1,imu01,fusion_20260817T182717Z,1879,43344272,482870550318836
482870578000000,43364,-0.674,-0.036,-0.739,0.21,0.08,-0.06,1,imu01,fusion_20260817T182717Z,1880,43364276,482870570322115
482870593000000,43384,-0.68,-0.037,-0.743,0.24,0.0,-0.08,1,imu01,fusion_20260817T182717Z,1881,43384272,482870590317395
482870625000000,43404,-0.673,-0.039,-0.735,0.09,0.09,0.02,1,imu01,fusion_20260817T182717Z,1882,43404276,482870610320674
482870640000000,43424,-0.68,-0.035,-0.742,-0.07,0.02,0.09,1,imu01,fusion_20260817T182717Z,1883,43424272,482870630315953
482870656000000,43444,-0.679,-0.032,-0.739,-0.0,0.0,0.01,1,imu01,fusion_20260817T182717Z,1884,43444276,482870650319233
482870687000000,43464,-0.673,-0.036,-0.733,-0.07,-0.09,0.01,1,imu01,fusion_20260817T182717Z,1885,43464272,482870670314512
482870703000000,43484,-0.677,-0.033,-0.74,-0.25,0.1,-0.04,1,imu01,fusion_20260817T182717Z,1886,43484276,482870690317791
482870718000000,43504,-0.68,-0.037,-0.732,-0.02,-0.05,0.06,1,imu01,fusion_20260817T182717Z,1887,43504272,482870710313071
482870734000000,43524,-0.677,-0.034,-0.735,-0.12,-0.11,0.02,1,imu01,fusion_20260817T182717Z,1888,43524276,482870730316350
482870765000000,43544,-0.678,-0.035,-0.733,0.09,0.03,0.06,1,imu01,fusion_20260817T182717Z,1889,43544272,482870750311630
482870781000000,43564,-0.673,-0.033,-0.736,-0.14,0.1,-0.01,1,imu01,fusion_20260817T182717Z,1890,43564276,482870770314909
482870796000000,43584,-0.678,-0.031,-0.742,-0.12,-0.14,0.0,1,imu01,fusion_20260817T182717Z,1891,43584272,482870790310188
482870828000000,43604,-0.675,-0.033,-0.736,0.04,0.03,-0.04,1,imu01,fusion_20260817T182717Z,1892,43604276,482870810313467
482870843000000,43624,-0.68,-0.037,-0.736,-0.0,0.17,0.09,1,imu01,fusion_20260817T182717Z,1893,43624272,482870830308747
482870859000000,43644,-0.678,-0.038,-0.736,-0.05,0.11,0.09,1,imu01,fusion_20260817T182717Z,1894,43644276,482870850312026
482870875000000,43664,-0.675,-0.034,-0.739,0.22,0.1,-0.12,1,imu01,fusion_20260817T182717Z,1895,43664272,482870870307306
482870906000000,43684,-0.68,-0.037,-0.734,-0.05,-0.05,-0.08,1,imu01,fusion_20260817T182717Z,1896,43684276,482870890310585
482870921000000,43704,-0.675,-0.039,-0.73,0.03,0.24,0.06,1,imu01,fusion_20260817T182717Z,1897,43704272,482870910305864
482870937000000,43724,-0.678,-0.035,-0.737,0.04,0.1,0.04,1,imu01,fusion_20260817T182717Z,1898,43724276,482870930309144
482870953000000,43744,-0.676,-0.033,-0.736,-0.15,-0.03,0.03,1,imu01,fusion_20260817T182717Z,1899,43744272,482870950304423
482870984000000,43764,-0.677,-0.034,-0.741,0.05,-0.13,-0.04,1,imu01,fusion_20260817T182717Z,1900,43764276,482870970307702
482871000000000,43784,-0.68,-0.034,-0.739,-0.02,0.12,-0.04,1,imu01,fusion_20260817T182717Z,1901,43784272,482870990302982
482871015000000,43804,-0.674,-0.039,-0.735,0.15,-0.02,0.06,1,imu01,fusion_20260817T182717Z,1902,43804276,482871010306261
482871046000000,43824,-0.676,-0.033,-0.736,0.02,-0.03,-0.04,1,imu01,fusion_20260817T182717Z,1903,43824272,482871030301540
482871062000000,43844,-0.676,-0.036,-0.738,0.11,-0.05,-0.03,1,imu01,fusion_20260817T182717Z,1904,43844276,482871050304820
482871078000000,43864,-0.675,-0.038,-0.728,-0.05,0.08,-0.03,1,imu01,fusion_20260817T182717Z,1905,43864272,482871070300099
482871093000000,43884,-0.677,-0.037,-0.732,0.05,0.04,0.01,1,imu01,fusion_20260817T182717Z,1906,43884276,482871090303378
482871125000000,43904,-0.68,-0.034,-0.734,0.12,-0.07,-0.03,1,imu01,fusion_20260817T182717Z,1907,43904272,482871110298658
482871140000000,43924,-0.675,-0.035,-0.738,0.13,0.01,0.03,1,imu01,fusion_20260817T182717Z,1908,43924276,482871130301937
482871156000000,43944,-0.677,-0.037,-0.737,0.06,0.18,-0.03,1,imu01,fusion_20260817T182717Z,1909,43944272,482871150297217
482871187000000,43964,-0.679,-0.036,-0.738,0.05,-0.08,-0.07,1,imu01,fusion_20260817T182717Z,1910,43964276,482871170300496
482871203000000,43984,-0.679,-0.036,-0.736,0.14,-0.13,-0.1,1,imu01,fusion_20260817T182717Z,1911,43984272,482871190295775
482871218000000,44004,-0.676,-0.036,-0.738,0.07,0.15,0.07,1,imu01,fusion_20260817T182717Z,1912,44004276,482871210299055
482871234000000,44024,-0.675,-0.035,-0.736,-0.06,0.03,0.08,1,imu01,fusion_20260817T182717Z,1913,44024272,482871230294334
482871265000000,44044,-0.674,-0.036,-0.732,0.04,-0.02,-0.06,1,imu01,fusion_20260817T182717Z,1914,44044276,482871250297613
482871281000000,44064,-0.677,-0.038,-0.744,0.03,-0.15,-0.09,1,imu01,fusion_20260817T182717Z,1915,44064272,482871270292893
482871296000000,44084,-0.68,-0.035,-0.736,-0.0,0.16,0.0,1,imu01,fusion_20260817T182717Z,1916,44084276,482871290296172
482871328000000,44104,-0.677,-0.036,-0.738,-0.12,0.03,0.06,1,imu01,fusion_20260817T182717Z,1917,44104272,482871310291452
482871343000000,44124,-0.678,-0.032,-0.736,-0.03,-0.09,-0.13,1,imu01,fusion_20260817T182717Z,1918,44124276,482871330294731
482871359000000,44144,-0.676,-0.033,-0.731,0.04,-0.13,-0.15,1,imu01,fusion_20260817T182717Z,1919,44144272,482871350290010
482871375000000,44164,-0.684,-0.034,-0.739,0.02,0.05,-0.1,1,imu01,fusion_20260817T182717Z,1920,44164276,482871370293289
482871406000000,44184,-0.676,-0.039,-0.737,0.04,-0.01,0.02,1,imu01,fusion_20260817T182717Z,1921,44184272,482871390288569
482871421000000,44204,-0.68,-0.034,-0.731,-0.03,-0.06,0.08,1,imu01,fusion_20260817T182717Z,1922,44204276,482871410291848
482871437000000,44224,-0.677,-0.031,-0.738,0.02,-0.05,0.1,1,imu01,fusion_20260817T182717Z,1923,44224272,482871430287128
482871453000000,44244,-0.678,-0.036,-0.736,-0.08,0.06,0.02,1,imu01,fusion_20260817T182717Z,1924,44244276,482871450290407
482871484000000,44264,-0.678,-0.032,-0.735,-0.01,-0.04,-0.04,1,imu01,fusion_20260817T182717Z,1925,44264272,482871470285686
482871500000000,44284,-0.674,-0.037,-0.731,-0.0,0.01,-0.01,1,imu01,fusion_20260817T182717Z,1926,44284276,482871490288966
482871515000000,44304,-0.675,-0.035,-0.74,0.04,0.04,0.03,1,imu01,fusion_20260817T182717Z,1927,44304272,482871510284245
482871546000000,44324,-0.675,-0.035,-0.741,0.01,0.17,-0.05,1,imu01,fusion_20260817T182717Z,1928,44324276,482871530287524
482871562000000,44344,-0.677,-0.035,-0.735,-0.02,0.02,-0.1,1,imu01,fusion_20260817T182717Z,1929,44344272,482871550282804
482871578000000,44364,-0.68,-0.038,-0.732,-0.05,-0.06,-0.07,1,imu01,fusion_20260817T182717Z,1930,44364276,482871570286083
482871593000000,44384,-0.677,-0.038,-0.732,-0.02,0.04,-0.04,1,imu01,fusion_20260817T182717Z,1931,44384272,482871590281363
482871625000000,44404,-0.675,-0.038,-0.739,0.04,0.1,0.03,1,imu01,fusion_20260817T182717Z,1932,44404276,482871610284642
482871640000000,44424,-0.675,-0.03,-0.735,-0.0,0.02,-0.08,1,imu01,fusion_20260817T182717Z,1933,44424272,482871630279921
482871656000000,44444,-0.676,-0.034,-0.734,0.03,-0.03,-0.1,1,imu01,fusion_20260817T182717Z,1934,44444276,482871650283200
482871687000000,44464,-0.674,-0.036,-0.737,-0.06,0.15,-0.1,1,imu01,fusion_20260817T182717Z,1935,44464272,482871670278480
482871703000000,44484,-0.678,-0.032,-0.736,0.01,0.09,0.07,1,imu01,fusion_20260817T182717Z,1936,44484276,482871690281759
482871718000000,44504,-0.678,-0.035,-0.736,0.02,-0.06,-0.05,1,imu01,fusion_20260817T182717Z,1937,44504272,482871710277039
482871734000000,44524,-0.677,-0.034,-0.74,-0.02,-0.1,-0.09,1,imu01,fusion_20260817T182717Z,1938,44524276,482871730280318
482871765000000,44544,-0.679,-0.035,-0.742,-0.08,0.1,-0.12,1,imu01,fusion_20260817T182717Z,1939,44544272,482871750275597
482871781000000,44564,-0.676,-0.035,-0.738,-0.03,0.07,0.04,1,imu01,fusion_20260817T182717Z,1940,44564276,482871770278877
482871796000000,44584,-0.68,-0.035,-0.736,0.08,-0.06,-0.0,1,imu01,fusion_20260817T182717Z,1941,44584272,482871790274156
482871828000000,44604,-0.677,-0.034,-0.737,-0.0,-0.05,-0.0,1,imu01,fusion_20260817T182717Z,1942,44604276,482871810277435
482871843000000,44624,-0.674,-0.038,-0.741,-0.03,0.08,-0.11,1,imu01,fusion_20260817T182717Z,1943,44624272,482871830272715
482871859000000,44644,-0.678,-0.035,-0.736,-0.02,-0.04,-0.07,1,imu01,fusion_20260817T182717Z,1944,44644276,482871850275994
482871875000000,44664,-0.681,-0.036,-0.74,-0.0,-0.06,-0.1,1,imu01,fusion_20260817T182717Z,1945,44664272,482871870271274
482871906000000,44684,-0.678,-0.035,-0.734,0.08,0.02,0.01,1,imu01,fusion_20260817T182717Z,1946,44684276,482871890274553
482871921000000,44704,-0.677,-0.037,-0.733,-0.0,0.01,-0.01,1,imu01,fusion_20260817T182717Z,1947,44704272,482871910269832
482871937000000,44724,-0.675,-0.032,-0.737,-0.1,0.03,-0.11,1,imu01,fusion_20260817T182717Z,1948,44724276,482871930273112
482871953000000,44744,-0.679,-0.036,-0.738,0.07,-0.17,-0.07,1,imu01,fusion_20260817T182717Z,1949,44744272,482871950268391
482871984000000,44764,-0.676,-0.035,-0.733,0.21,0.24,0.03,1,imu01,fusion_20260817T182717Z,1950,44764276,482871970271670
482872000000000,44784,-0.671,-0.038,-0.733,-0.1,0.04,0.06,1,imu01,fusion_20260817T182717Z,1951,44784272,482871990266950
482872015000000,44804,-0.681,-0.033,-0.73,-0.11,-0.05,-0.06,1,imu01,fusion_20260817T182717Z,1952,44804276,482872010270229
482872046000000,44824,-0.677,-0.034,-0.743,0.08,-0.05,-0.03,1,imu01,fusion_20260817T182717Z,1953,44824272,482872030265508
482872062000000,44844,-0.679,-0.035,-0.737,-0.24,-0.01,-0.04,1,imu01,fusion_20260817T182717Z,1954,44844276,482872050268788
482872078000000,44864,-0.677,-0.034,-0.737,0.12,0.12,0.13,1,imu01,fusion_20260817T182717Z,1955,44864272,482872070264067
482872093000000,44884,-0.678,-0.037,-0.727,-0.0,0.01,0.06,1,imu01,fusion_20260817T182717Z,1956,44884276,482872090267346
482872125000000,44904,-0.677,-0.04,-0.743,0.03,-0.04,0.01,1,imu01,fusion_20260817T182717Z,1957,44904272,482872110262626
482872140000000,44924,-0.681,-0.036,-0.736,-0.21,-0.02,-0.06,1,imu01,fusion_20260817T182717Z,1958,44924276,482872130265905
482872156000000,44944,-0.678,-0.036,-0.734,-0.01,0.0,-0.06,1,imu01,fusion_20260817T182717Z,1959,44944272,482872150261185
482872187000000,44964,-0.676,-0.034,-0.736,-0.01,0.01,0.04,1,imu01,fusion_20260817T182717Z,1960,44964276,482872170264464
482872203000000,44984,-0.679,-0.035,-0.739,0.07,0.08,0.05,1,imu01,fusion_20260817T182717Z,1961,44984272,482872190259743
482872218000000,45004,-0.672,-0.035,-0.739,0.02,0.21,-0.1,1,imu01,fusion_20260817T182717Z,1962,45004276,482872210263022
482872234000000,45024,-0.676,-0.036,-0.737,-0.01,0.0,-0.12,1,imu01,fusion_20260817T182717Z,1963,45024272,482872230258302
482872265000000,45044,-0.68,-0.035,-0.735,-0.03,-0.09,-0.04,1,imu01,fusion_20260817T182717Z,1964,45044276,482872250261581
482872281000000,45064,-0.675,-0.039,-0.737,-0.02,0.02,0.04,1,imu01,fusion_20260817T182717Z,1965,45064272,482872270256861
482872296000000,45084,-0.674,-0.034,-0.742,-0.0,0.15,0.11,1,imu01,fusion_20260817T182717Z,1966,45084276,482872290260140
482872328000000,45104,-0.676,-0.036,-0.732,-0.01,0.07,0.08,1,imu01,fusion_20260817T182717Z,1967,45104272,482872310255419
482872343000000,45124,-0.676,-0.035,-0.737,0.14,-0.03,-0.1,1,imu01,fusion_20260817T182717Z,1968,45124276,482872330258699
482872359000000,45144,-0.674,-0.034,-0.728,0.01,0.02,-0.07,1,imu01,fusion_20260817T182717Z,1969,45144272,482872350253978
482872375000000,45164,-0.677,-0.034,-0.732,0.08,0.15,0.0,1,imu01,fusion_20260817T182717Z,1970,45164276,482872370257257
482872406000000,45184,-0.675,-0.035,-0.731,-0.02,-0.0,0.06,1,imu01,fusion_20260817T182717Z,1971,45184272,482872390252537
482872421000000,45204,-0.673,-0.033,-0.734,-0.02,-0.14,-0.02,1,imu01,fusion_20260817T182717Z,1972,45204276,482872410255816
482872437000000,45224,-0.677,-0.04,-0.734,-0.1,0.02,-0.02,1,imu01,fusion_20260817T182717Z,1973,45224272,482872430251096
482872453000000,45244,-0.675,-0.034,-0.735,0.01,-0.04,0.06,1,imu01,fusion_20260817T182717Z,1974,45244276,482872450254375
482872484000000,45264,-0.677,-0.033,-0.738,-0.05,-0.02,0.0,1,imu01,fusion_20260817T182717Z,1975,45264272,482872470249654
482872500000000,45284,-0.675,-0.036,-0.734,0.01,-0.01,0.01,1,imu01,fusion_20260817T182717Z,1976,45284276,482872490252934
482872515000000,45304,-0.676,-0.038,-0.742,0.02,0.1,-0.0,1,imu01,fusion_20260817T182717Z,1977,45304272,482872510248213
482872546000000,45324,-0.674,-0.034,-0.736,-0.15,-0.09,-0.07,1,imu01,fusion_20260817T182717Z,1978,45324276,482872530251492
482872562000000,45344,-0.675,-0.033,-0.737,-0.06,-0.02,-0.11,1,imu01,fusion_20260817T182717Z,1979,45344272,482872550246772
482872578000000,45364,-0.678,-0.033,-0.737,0.21,0.12,0.05,1,imu01,fusion_20260817T182717Z,1980,45364276,482872570250051
482872593000000,45384,-0.679,-0.036,-0.736,-0.08,0.13,-0.0,1,imu01,fusion_20260817T182717Z,1981,45384272,482872590245330
482872625000000,45404,-0.671,-0.037,-0.73,0.2,0.14,-0.13,1,imu01,fusion_20260817T182717Z,1982,45404276,482872610248610
482872640000000,45424,-0.681,-0.04,-0.732,-0.07,-0.12,-0.05,1,imu01,fusion_20260817T182717Z,1983,45424272,482872630243889
482872656000000,45444,-0.691,-0.042,-0.734,-0.16,0.01,0.19,1,imu01,fusion_20260817T182717Z,1984,45444276,482872650247168
482872687000000,45464,-0.672,-0.039,-0.717,-0.02,0.17,0.3,1,imu01,fusion_20260817T182717Z,1985,45464272,482872670242448
482872703000000,45484,-0.673,-0.029,-0.733,-0.19,0.05,0.13,1,imu01,fusion_20260817T182717Z,1986,45484276,482872690245727
482872718000000,45504,-0.669,-0.023,-0.746,0.34,-0.18,-0.06,1,imu01,fusion_20260817T182717Z,1987,45504272,482872710241007
482872734000000,45524,-0.67,-0.031,-0.753,-0.19,-0.47,-0.23,1,imu01,fusion_20260817T182717Z,1988,45524276,482872730244286
482872765000000,45544,-0.665,-0.038,-0.746,-0.19,0.05,-0.39,1,imu01,fusion_20260817T182717Z,1989,45544272,482872750239565
482872781000000,45564,-0.67,-0.042,-0.731,-0.1,0.13,-0.03,1,imu01,fusion_20260817T182717Z,1990,45564276,482872770242845
482872796000000,45584,-0.675,-0.026,-0.733,-0.44,-0.42,0.3,1,imu01,fusion_20260817T182717Z,1991,45584272,482872790238124
482872828000000,45604,-0.679,-0.026,-0.735,-0.41,-0.22,0.24,1,imu01,fusion_20260817T182717Z,1992,45604276,482872810241403
482872843000000,45624,-0.679,-0.031,-0.73,0.11,0.17,-0.05,1,imu01,fusion_20260817T182717Z,1993,45624272,482872830236683
482872859000000,45644,-0.678,-0.045,-0.729,0.25,0.06,-0.26,1,imu01,fusion_20260817T182717Z,1994,45644276,482872850239962
482872875000000,45664,-0.685,-0.057,-0.731,0.21,-0.1,-0.15,1,imu01,fusion_20260817T182717Z,1995,45664272,482872870235242
482872906000000,45684,-0.682,-0.051,-0.734,-0.0,0.06,0.11,1,imu01,fusion_20260817T182717Z,1996,45684276,482872890238521
482872921000000,45704,-0.675,-0.042,-0.732,0.01,-0.02,0.19,1,imu01,fusion_20260817T182717Z,1997,45704272,482872910233800
482872937000000,45724,-0.68,-0.027,-0.735,-0.53,-0.5,0.22,1,imu01,fusion_20260817T182717Z,1998,45724276,482872930237079
482872953000000,45744,-0.676,-0.028,-0.738,-0.02,-0.09,-0.06,1,imu01,fusion_20260817T182717Z,1999,45744272,482872950232359
482872984000000,45764,-0.675,-0.031,-0.732,0.21,0.3,-0.2,1,imu01,fusion_20260817T182717Z,2000,45764276,482872970235638
482873000000000,45784,-0.676,-0.034,-0.742,0.26,0.19,-0.07,1,imu01,fusion_20260817T182717Z,2001,45784272,482872990230918
482873015000000,45804,-0.675,-0.026,-0.741,0.27,-0.06,0.06,1,imu01,fusion_20260817T182717Z,2002,45804276,482873010234197
482873046000000,45824,-0.67,-0.027,-0.739,0.13,0.18,0.02,1,imu01,fusion_20260817T182717Z,2003,45824272,482873030229476
482873062000000,45844,-0.671,-0.034,-0.745,-0.07,0.26,0.01,1,imu01,fusion_20260817T182717Z,2004,45844276,482873050232756
482873078000000,45864,-0.679,-0.045,-0.738,0.01,0.03,-0.1,1,imu01,fusion_20260817T182717Z,2005,45864272,482873070228035
482873093000000,45884,-0.68,-0.053,-0.732,-0.06,-0.19,-0.2,1,imu01,fusion_20260817T182717Z,2006,45884276,482873090231314
482873125000000,45904,-0.683,-0.042,-0.727,-0.03,0.06,-0.07,1,imu01,fusion_20260817T182717Z,2007,45904272,482873110226594
482873140000000,45924,-0.676,-0.043,-0.734,-0.22,-0.07,0.12,1,imu01,fusion_20260817T182717Z,2008,45924276,482873130229873
482873156000000,45944,-0.679,-0.029,-0.739,-0.13,-0.19,0.1,1,imu01,fusion_20260817T182717Z,2009,45944272,482873150225152
482873187000000,45964,-0.674,-0.025,-0.737,0.07,-0.04,-0.09,1,imu01,fusion_20260817T182717Z,2010,45964276,482873170228432
482873203000000,45984,-0.678,-0.031,-0.729,-0.24,-0.05,-0.22,1,imu01,fusion_20260817T182717Z,2011,45984272,482873190223711
482873218000000,46004,-0.673,-0.038,-0.73,-0.0,0.0,-0.07,1,imu01,fusion_20260817T182717Z,2012,46004276,482873210226990
482873234000000,46024,-0.68,-0.025,-0.731,0.17,-0.02,-0.04,1,imu01,fusion_20260817T182717Z,2013,46024272,482873230222270
482873265000000,46044,-0.671,-0.03,-0.735,-0.25,-0.19,0.0,1,imu01,fusion_20260817T182717Z,2014,46044276,482873250225549
482873281000000,46064,-0.68,-0.025,-0.732,0.22,0.16,-0.07,1,imu01,fusion_20260817T182717Z,2015,46064272,482873270220829
482873296000000,46084,-0.68,-0.035,-0.723,-0.09,0.04,-0.17,1,imu01,fusion_20260817T182717Z,2016,46084276,482873290224108
482873328000000,46104,-0.679,-0.038,-0.74,0.11,0.0,-0.12,1,imu01,fusion_20260817T182717Z,2017,46104272,482873310219387
482873343000000,46124,-0.684,-0.037,-0.727,0.16,0.22,0.1,1,imu01,fusion_20260817T182717Z,2018,46124276,482873330222667
482873359000000,46144,-0.686,-0.026,-0.728,0.03,0.16,0.14,1,imu01,fusion_20260817T182717Z,2019,46144272,482873350217946
482873375000000,46164,-0.685,-0.036,-0.739,0.26,0.17,-0.0,1,imu01,fusion_20260817T182717Z,2020,46164276,482873370221225
482873406000000,46184,-0.672,-0.031,-0.724,0.01,-0.01,-0.1,1,imu01,fusion_20260817T182717Z,2021,46184272,482873390216505
482873421000000,46204,-0.669,-0.039,-0.729,-0.15,0.29,0.0,1,imu01,fusion_20260817T182717Z,2022,46204276,482873410219784
482873437000000,46224,-0.667,-0.031,-0.726,0.15,0.32,-0.1,1,imu01,fusion_20260817T182717Z,2023,46224272,482873430215064
482873453000000,46244,-0.685,-0.047,-0.754,0.43,-0.07,-0.16,1,imu01,fusion_20260817T182717Z,2024,46244276,482873450218343
482873484000000,46264,-0.686,-0.047,-0.74,0.2,-0.29,0.13,1,imu01,fusion_20260817T182717Z,2025,46264272,482873470213622
482873500000000,46284,-0.687,-0.039,-0.731,-0.26,0.16,0.13,1,imu01,fusion_20260817T182717Z,2026,46284276,482873490216902
482873515000000,46304,-0.664,-0.026,-0.729,0.01,0.26,0.01,1,imu01,fusion_20260817T182717Z,2027,46304272,482873510212181
482873546000000,46324,-0.687,-0.026,-0.721,-0.2,-0.23,0.06,1,imu01,fusion_20260817T182717Z,2028,46324276,482873530215460
482873562000000,46344,-0.686,-0.027,-0.742,0.1,-0.05,-0.02,1,imu01,fusion_20260817T182717Z,2029,46344272,482873550210740
482873578000000,46364,-0.692,-0.035,-0.734,0.16,0.3,0.04,1,imu01,fusion_20260817T182717Z,2030,46364276,482873570214019
482873593000000,46384,-0.674,-0.027,-0.73,0.11,0.03,-0.04,1,imu01,fusion_20260817T182717Z,2031,46384272,482873590209298
482873625000000,46404,-0.68,-0.05,-0.74,0.14,-0.17,-0.0,1,imu01,fusion_20260817T182717Z,2032,46404276,482873610212578
482873640000000,46424,-0.683,-0.027,-0.742,0.1,0.1,-0.06,1,imu01,fusion_20260817T182717Z,2033,46424272,482873630207857
482873656000000,46444,-0.679,-0.042,-0.731,-0.0,0.24,-0.02,1,imu01,fusion_20260817T182717Z,2034,46444276,482873650211136
482873687000000,46464,-0.673,-0.041,-0.735,-0.06,-0.09,0.06,1,imu01,fusion_20260817T182717Z,2035,46464272,482873670206416
482873703000000,46484,-0.678,-0.041,-0.734,-0.01,-0.19,0.13,1,imu01,fusion_20260817T182717Z,2036,46484276,482873690209695
482873718000000,46504,-0.684,-0.042,-0.734,-0.05,0.1,0.12,1,imu01,fusion_20260817T182717Z,2037,46504272,482873710204975
482873734000000,46524,-0.686,-0.033,-0.734,-0.04,0.07,0.01,1,imu01,fusion_20260817T182717Z,2038,46524276,482873730208254
482873765000000,46544,-0.682,-0.028,-0.744,-0.0,-0.09,-0.0,1,imu01,fusion_20260817T182717Z,2039,46544272,482873750203533
482873781000000,46564,-0.683,-0.037,-0.735,0.04,-0.0,-0.04,1,imu01,fusion_20260817T182717Z,2040,46564276,482873770206812
482873796000000,46584,-0.678,-0.026,-0.741,0.03,0.23,-0.02,1,imu01,fusion_20260817T182717Z,2041,46584272,482873790202092
482873812000000,46604,-0.68,-0.04,-0.728,0.02,0.13,0.02,1,imu01,fusion_20260817T182717Z,2042,46604276,482873810205371
482873843000000,46624,-0.66,-0.042,-0.735,-0.08,0.01,-0.01,1,imu01,fusion_20260817T182717Z,2043,46624272,482873830200651
482873859000000,46644,-0.666,-0.023,-0.733,-0.05,0.06,-0.07,1,imu01,fusion_20260817T182717Z,2044,46644276,482873850203930
482873875000000,46664,-0.676,-0.048,-0.721,-0.09,0.04,0.02,1,imu01,fusion_20260817T182717Z,2045,46664272,482873870199209
482873906000000,46684,-0.679,-0.025,-0.736,-0.1,-0.05,0.09,1,imu01,fusion_20260817T182717Z,2046,46684276,482873890202489
482873921000000,46704,-0.681,-0.036,-0.73,-0.1,0.0,0.09,1,imu01,fusion_20260817T182717Z,2047,46704272,482873910197768
482873937000000,46724,-0.673,-0.04,-0.715,0.03,0.15,0.03,1,imu01,fusion_20260817T182717Z,2048,46724276,482873930201047
482873953000000,46744,-0.682,-0.027,-0.733,0.12,-0.02,0.03,1,imu01,fusion_20260817T182717Z,2049,46744272,482873950196327
482873984000000,46764,-0.669,-0.028,-0.723,0.05,-0.06,0.06,1,imu01,fusion_20260817T182717Z,2050,46764276,482873970199606
482874000000000,46784,-0.678,-0.055,-0.731,0.03,0.03,0.03,1,imu01,fusion_20260817T182717Z,2051,46784272,482873990194886
482874015000000,46804,-0.674,-0.041,-0.733,-0.02,0.0,-0.08,1,imu01,fusion_20260817T182717Z,2052,46804276,482874010198165
482874046000000,46824,-0.681,-0.036,-0.725,-0.05,-0.08,0.01,1,imu01,fusion_20260817T182717Z,2053,46824272,482874030193444
482874062000000,46844,-0.685,-0.041,-0.742,-0.03,-0.06,-0.09,1,imu01,fusion_20260817T182717Z,2054,46844276,482874050196724
482874078000000,46864,-0.682,-0.041,-0.727,-0.0,0.01,-0.07,1,imu01,fusion_20260817T182717Z,2055,46864272,482874070192003
482874093000000,46884,-0.681,-0.039,-0.735,-0.13,-0.09,0.02,1,imu01,fusion_20260817T182717Z,2056,46884276,482874090195282
482874125000000,46904,-0.673,-0.033,-0.725,0.01,-0.11,0.09,1,imu01,fusion_20260817T182717Z,2057,46904272,482874110190562
482874140000000,46924,-0.675,-0.043,-0.727,-0.26,-0.1,-0.0,1,imu01,fusion_20260817T182717Z,2058,46924276,482874130193841
482874156000000,46944,-0.694,-0.037,-0.725,-0.02,-0.04,-0.11,1,imu01,fusion_20260817T182717Z,2059,46944272,482874150189120
482874187000000,46964,-0.684,-0.016,-0.736,0.36,0.17,-0.1,1,imu01,fusion_20260817T182717Z,2060,46964276,482874170192400
482874203000000,46984,-0.684,-0.054,-0.737,-0.05,0.04,0.09,1,imu01,fusion_20260817T182717Z,2061,46984272,482874190187679
482874218000000,47004,-0.672,-0.028,-0.73,0.12,0.13,0.05,1,imu01,fusion_20260817T182717Z,2062,47004276,482874210190958
482874234000000,47024,-0.68,-0.038,-0.721,-0.02,-0.03,-0.04,1,imu01,fusion_20260817T182717Z,2063,47024272,482874230186238
482874265000000,47044,-0.683,-0.028,-0.729,0.08,-0.0,-0.0,1,imu01,fusion_20260817T182717Z,2064,47044276,482874250189517
482874281000000,47064,-0.676,-0.03,-0.729,0.05,0.1,-0.04,1,imu01,fusion_20260817T182717Z,2065,47064272,482874270184797
482874296000000,47084,-0.687,-0.031,-0.735,0.14,0.02,0.05,1,imu01,fusion_20260817T182717Z,2066,47084276,482874290188076
482874328000000,47104,-0.688,-0.03,-0.733,0.03,-0.06,-0.07,1,imu01,fusion_20260817T182717Z,2067,47104272,482874310183355
482874343000000,47124,-0.682,-0.039,-0.727,0.05,-0.07,-0.01,1,imu01,fusion_20260817T182717Z,2068,47124276,482874330186635
482874359000000,47144,-0.671,-0.045,-0.751,0.01,0.12,-0.05,1,imu01,fusion_20260817T182717Z,2069,47144272,482874350181914
482874375000000,47164,-0.674,-0.028,-0.746,-0.05,-0.03,-0.05,1,imu01,fusion_20260817T182717Z,2070,47164276,482874370185193
482874406000000,47184,-0.68,-0.05,-0.728,-0.04,-0.01,0.0,1,imu01,fusion_20260817T182717Z,2071,47184272,482874390180473
482874421000000,47204,-0.685,-0.019,-0.711,-0.09,0.02,0.08,1,imu01,fusion_20260817T182717Z,2072,47204276,482874410183752
482874437000000,47224,-0.667,-0.04,-0.729,-0.05,0.08,-0.04,1,imu01,fusion_20260817T182717Z,2073,47224272,482874430179032
482874453000000,47244,-0.68,-0.037,-0.724,-0.05,-0.03,-0.02,1,imu01,fusion_20260817T182717Z,2074,47244276,482874450182311
482874484000000,47264,-0.688,-0.031,-0.724,-0.02,-0.02,0.03,1,imu01,fusion_20260817T182717Z,2075,47264272,482874470177590
482874500000000,47284,-0.68,-0.035,-0.733,0.04,0.04,0.02,1,imu01,fusion_20260817T182717Z,2076,47284276,482874490180869
482874515000000,47304,-0.68,-0.037,-0.729,-0.07,0.07,0.02,1,imu01,fusion_20260817T182717Z,2077,47304272,482874510176149
482874546000000,47324,-0.695,-0.029,-0.724,-0.05,-0.0,-0.11,1,imu01,fusion_20260817T182717Z,2078,47324276,482874530179428
482874562000000,47344,-0.677,-0.042,-0.721,-0.02,-0.03,-0.12,1,imu01,fusion_20260817T182717Z,2079,47344272,482874550174708
482874578000000,47364,-0.681,-0.034,-0.715,-0.05,0.06,0.03,1,imu01,fusion_20260817T182717Z,2080,47364276,482874570177987
482874593000000,47384,-0.692,-0.034,-0.722,-0.25,-0.1,0.18,1,imu01,fusion_20260817T182717Z,2081,47384272,482874590173266
482874625000000,47404,-0.678,-0.025,-0.71,-0.1,-0.13,-0.01,1,imu01,fusion_20260817T182717Z,2082,47404276,482874610176546
482874640000000,47424,-0.691,-0.033,-0.725,-0.05,-0.08,-0.06,1,imu01,fusion_20260817T182717Z,2083,47424272,482874630171825
482874656000000,47444,-0.675,-0.032,-0.726,-0.15,0.04,-0.08,1,imu01,fusion_20260817T182717Z,2084,47444276,482874650175104
482874687000000,47464,-0.678,-0.034,-0.735,0.11,-0.04,-0.04,1,imu01,fusion_20260817T182717Z,2085,47464272,482874670170384
482874703000000,47484,-0.672,-0.039,-0.75,0.2,0.13,-0.03,1,imu01,fusion_20260817T182717Z,2086,47484276,482874690173663
482874718000000,47504,-0.686,-0.026,-0.716,0.26,0.04,-0.07,1,imu01,fusion_20260817T182717Z,2087,47504272,482874710168942
482874734000000,47524,-0.687,-0.039,-0.719,0.01,0.2,0.0,1,imu01,fusion_20260817T182717Z,2088,47524276,482874730172222
482874765000000,47544,-0.683,-0.037,-0.727,0.06,-0.0,-0.03,1,imu01,fusion_20260817T182717Z,2089,47544272,482874750167501
482874781000000,47564,-0.677,-0.051,-0.711,-0.14,-0.04,-0.03,1,imu01,fusion_20260817T182717Z,2090,47564276,482874770170780
482874796000000,47584,-0.67,-0.017,-0.719,-0.06,0.09,0.09,1,imu01,fusion_20260817T182717Z,2091,47584272,482874790166060
482874812000000,47604,-0.679,-0.039,-0.729,0.1,0.2,-0.01,1,imu01,fusion_20260817T182717Z,2092,47604276,482874810169339
482874843000000,47624,-0.682,-0.028,-0.718,-0.18,-0.13,-0.04,1,imu01,fusion_20260817T182717Z,2093,47624272,482874830164619
482874859000000,47644,-0.686,-0.027,-0.72,-0.09,-0.16,-0.05,1,imu01,fusion_20260817T182717Z,2094,47644276,482874850167898
482874875000000,47664,-0.667,-0.032,-0.722,-0.18,0.06,-0.04,1,imu01,fusion_20260817T182717Z,2095,47664272,482874870163177
482874906000000,47684,-0.685,-0.04,-0.739,-0.33,-0.17,0.06,1,imu01,fusion_20260817T182717Z,2096,47684276,482874890166457
482874921000000,47704,-0.672,-0.029,-0.751,-0.23,-0.13,-0.06,1,imu01,fusion_20260817T182717Z,2097,47704272,482874910161736
482874937000000,47724,-0.675,-0.029,-0.73,-0.13,-0.25,-0.09,1,imu01,fusion_20260817T182717Z,2098,47724276,482874930165015
482874953000000,47744,-0.683,-0.038,-0.726,-0.12,0.09,-0.02,1,imu01,fusion_20260817T182717Z,2099,47744272,482874950160295
482874984000000,47764,-0.67,-0.031,-0.729,-0.09,-0.22,0.03,1,imu01,fusion_20260817T182717Z,2100,47764276,482874970163574
482875000000000,47784,-0.671,-0.027,-0.716,0.08,-0.03,-0.02,1,imu01,fusion_20260817T182717Z,2101,47784272,482874990158854
482875015000000,47804,-0.68,-0.034,-0.723,0.3,0.04,-0.07,1,imu01,fusion_20260817T182717Z,2102,47804276,482875010162133
482875046000000,47824,-0.68,-0.031,-0.735,0.16,0.27,-0.04,1,imu01,fusion_20260817T182717Z,2103,47824272,482875030157412
482875062000000,47844,-0.685,-0.036,-0.746,0.3,0.07,-0.09,1,imu01,fusion_20260817T182717Z,2104,47844276,482875050160691
482875078000000,47864,-0.688,-0.047,-0.734,0.02,0.09,0.04,1,imu01,fusion_20260817T182717Z,2105,47864272,482875070155971
482875093000000,47884,-0.666,-0.047,-0.73,-0.0,-0.01,0.02,1,imu01,fusion_20260817T182717Z,2106,47884276,482875090159250
482875125000000,47904,-0.689,-0.028,-0.738,0.12,0.15,0.05,1,imu01,fusion_20260817T182717Z,2107,47904272,482875110154530
482875140000000,47924,-0.666,-0.023,-0.735,-0.04,0.01,-0.06,1,imu01,fusion_20260817T182717Z,2108,47924276,482875130157809
482875156000000,47944,-0.666,-0.034,-0.73,0.21,0.04,-0.13,1,imu01,fusion_20260817T182717Z,2109,47944272,482875150153088
482875187000000,47964,-0.678,-0.057,-0.714,0.1,0.13,0.01,1,imu01,fusion_20260817T182717Z,2110,47964276,482875170156368
482875203000000,47984,-0.677,-0.037,-0.725,-0.31,-0.15,0.06,1,imu01,fusion_20260817T182717Z,2111,47984272,482875190151647
482875218000000,48004,-0.675,-0.047,-0.727,0.22,0.05,-0.1,1,imu01,fusion_20260817T182717Z,2112,48004276,482875210154926
482875234000000,48024,-0.672,-0.041,-0.743,0.28,0.03,-0.1,1,imu01,fusion_20260817T182717Z,2113,48024272,482875230150206
482875265000000,48044,-0.698,-0.044,-0.733,0.04,0.16,0.08,1,imu01,fusion_20260817T182717Z,2114,48044276,482875250153485
482875281000000,48064,-0.676,-0.028,-0.727,0.22,0.04,0.11,1,imu01,fusion_20260817T182717Z,2115,48064272,482875270148765
482875296000000,48084,-0.686,-0.036,-0.733,-0.25,-0.07,0.03,1,imu01,fusion_20260817T182717Z,2116,48084276,482875290152044
482875312000000,48104,-0.676,-0.027,-0.73,0.14,-0.06,0.03,1,imu01,fusion_20260817T182717Z,2117,48104272,482875310147323
482875343000000,48124,-0.673,-0.038,-0.731,-0.15,0.18,-0.0,1,imu01,fusion_20260817T182717Z,2118,48124276,482875330150602
482875359000000,48144,-0.671,-0.032,-0.726,0.08,-0.04,0.11,1,imu01,fusion_20260817T182717Z,2119,48144272,482875350145882
482875375000000,48164,-0.666,-0.04,-0.735,0.03,0.05,0.01,1,imu01,fusion_20260817T182717Z,2120,48164276,482875370149161
482875406000000,48184,-0.687,-0.04,-0.739,0.01,-0.06,-0.04,1,imu01,fusion_20260817T182717Z,2121,48184272,482875390144441
482875421000000,48204,-0.677,-0.033,-0.735,0.01,0.04,-0.07,1,imu01,fusion_20260817T182717Z,2122,48204276,482875410147720
482875437000000,48224,-0.671,-0.032,-0.732,0.05,-0.08,-0.07,1,imu01,fusion_20260817T182717Z,2123,48224272,482875430142999
482875453000000,48244,-0.678,-0.032,-0.724,0.08,0.02,-0.03,1,imu01,fusion_20260817T182717Z,2124,48244276,482875450146279
482875484000000,48264,-0.671,-0.037,-0.722,-0.18,-0.11,0.05,1,imu01,fusion_20260817T182717Z,2125,48264272,482875470141558
482875500000000,48284,-0.68,-0.028,-0.726,-0.31,0.04,0.07,1,imu01,fusion_20260817T182717Z,2126,48284276,482875490144837
482875515000000,48304,-0.677,-0.033,-0.725,-0.18,-0.22,-0.04,1,imu01,fusion_20260817T182717Z,2127,48304272,482875510140117
482875546000000,48324,-0.67,-0.028,-0.729,0.21,0.1,0.04,1,imu01,fusion_20260817T182717Z,2128,48324276,482875530143396
482875562000000,48344,-0.68,-0.031,-0.727,0.08,0.2,0.13,1,imu01,fusion_20260817T182717Z,2129,48344272,482875550138676
482875578000000,48364,-0.681,-0.033,-0.727,0.11,0.0,-0.04,1,imu01,fusion_20260817T182717Z,2130,48364276,482875570141955
482875593000000,48384,-0.68,-0.039,-0.734,0.11,-0.03,-0.13,1,imu01,fusion_20260817T182717Z,2131,48384272,482875590137234
482875625000000,48404,-0.675,-0.037,-0.732,0.3,-0.04,-0.04,1,imu01,fusion_20260817T182717Z,2132,48404276,482875610140514
482875640000000,48424,-0.672,-0.041,-0.729,0.07,0.19,-0.0,1,imu01,fusion_20260817T182717Z,2133,48424272,482875630135793
482875656000000,48444,-0.666,-0.029,-0.736,0.07,-0.01,0.04,1,imu01,fusion_20260817T182717Z,2134,48444276,482875650139072
482875687000000,48464,-0.669,-0.039,-0.734,0.08,0.2,0.02,1,imu01,fusion_20260817T182717Z,2135,48464272,482875670134352
482875703000000,48484,-0.67,-0.037,-0.728,0.05,-0.15,-0.1,1,imu01,fusion_20260817T182717Z,2136,48484276,482875690137631
482875718000000,48504,-0.678,-0.032,-0.727,0.06,0.2,-0.1,1,imu01,fusion_20260817T182717Z,2137,48504272,482875710132910
482875734000000,48524,-0.682,-0.041,-0.732,-0.21,-0.06,0.03,1,imu01,fusion_20260817T182717Z,2138,48524276,482875730136190
482875765000000,48544,-0.677,-0.035,-0.733,0.08,-0.04,0.05,1,imu01,fusion_20260817T182717Z,2139,48544272,482875750131469
482875781000000,48564,-0.674,-0.033,-0.742,-0.32,-0.09,0.08,1,imu01,fusion_20260817T182717Z,2140,48564276,482875770134748
482875796000000,48584,-0.676,-0.032,-0.729,-0.02,0.24,0.02,1,imu01,fusion_20260817T182717Z,2141,48584272,482875790130028
482875828000000,48604,-0.679,-0.028,-0.734,-0.18,-0.19,-0.12,1,imu01,fusion_20260817T182717Z,2142,48604276,482875810133307
482875843000000,48624,-0.677,-0.041,-0.728,0.11,0.14,-0.05,1,imu01,fusion_20260817T182717Z,2143,48624272,482875830128587
482875859000000,48644,-0.672,-0.036,-0.727,-0.11,0.02,-0.07,1,imu01,fusion_20260817T182717Z,2144,48644276,482875850131866
482875875000000,48664,-0.676,-0.036,-0.739,-0.04,0.08,-0.04,1,imu01,fusion_20260817T182717Z,2145,48664272,482875870127145
482875906000000,48684,-0.676,-0.032,-0.737,-0.08,-0.16,-0.07,1,imu01,fusion_20260817T182717Z,2146,48684276,482875890130424
482875921000000,48704,-0.677,-0.034,-0.736,-0.02,-0.15,-0.06,1,imu01,fusion_20260817T182717Z,2147,48704272,482875910125704
482875937000000,48724,-0.678,-0.036,-0.739,-0.02,0.23,-0.0,1,imu01,fusion_20260817T182717Z,2148,48724276,482875930128983
482875953000000,48744,-0.678,-0.035,-0.729,0.06,0.0,0.13,1,imu01,fusion_20260817T182717Z,2149,48744272,482875950124263
482875984000000,48764,-0.678,-0.038,-0.733,-0.06,-0.08,-0.0,1,imu01,fusion_20260817T182717Z,2150,48764276,482875970127542
482876000000000,48784,-0.675,-0.037,-0.734,0.08,-0.04,-0.05,1,imu01,fusion_20260817T182717Z,2151,48784272,482875990122821
482876015000000,48804,-0.673,-0.036,-0.734,-0.05,0.1,-0.09,1,imu01,fusion_20260817T182717Z,2152,48804276,482876010126101
482876046000000,48824,-0.679,-0.034,-0.736,0.09,0.0,0.08,1,imu01,fusion_20260817T182717Z,2153,48824272,482876030121380
482876062000000,48844,-0.675,-0.034,-0.739,0.02,0.07,0.0,1,imu01,fusion_20260817T182717Z,2154,48844276,482876050124659
482876078000000,48864,-0.679,-0.035,-0.741,0.2,-0.08,-0.1,1,imu01,fusion_20260817T182717Z,2155,48864272,482876070119939
482876093000000,48884,-0.678,-0.034,-0.739,-0.03,0.09,-0.1,1,imu01,fusion_20260817T182717Z,2156,48884276,482876090123218
482876125000000,48904,-0.678,-0.034,-0.74,0.11,-0.09,-0.16,1,imu01,fusion_20260817T182717Z,2157,48904272,482876110118498
482876140000000,48924,-0.68,-0.037,-0.735,0.14,-0.03,0.0,1,imu01,fusion_20260817T182717Z,2158,48924276,482876130121777
482876156000000,48944,-0.676,-0.036,-0.735,-0.07,-0.0,0.15,1,imu01,fusion_20260817T182717Z,2159,48944272,482876150117056
482876187000000,48964,-0.679,-0.04,-0.736,0.01,0.11,0.03,1,imu01,fusion_20260817T182717Z,2160,48964276,482876170120336
482876203000000,48984,-0.676,-0.035,-0.726,-0.12,-0.06,-0.13,1,imu01,fusion_20260817T182717Z,2161,48984272,482876190115615
482876218000000,49004,-0.676,-0.029,-0.727,-0.22,-0.19,0.06,1,imu01,fusion_20260817T182717Z,2162,49004276,482876210118894
482876234000000,49024,-0.677,-0.034,-0.738,0.12,0.23,0.06,1,imu01,fusion_20260817T182717Z,2163,49024272,482876230114174
482876265000000,49044,-0.672,-0.035,-0.73,-0.02,-0.02,0.11,1,imu01,fusion_20260817T182717Z,2164,49044276,482876250117453
482876281000000,49064,-0.68,-0.038,-0.742,-0.05,-0.16,-0.09,1,imu01,fusion_20260817T182717Z,2165,49064272,482876270112732
482876296000000,49084,-0.676,-0.038,-0.739,0.12,-0.09,-0.11,1,imu01,fusion_20260817T182717Z,2166,49084276,482876290116012
482876328000000,49104,-0.677,-0.034,-0.733,-0.4,0.01,-0.11,1,imu01,fusion_20260817T182717Z,2167,49104272,482876310111291
482876343000000,49124,-0.676,-0.034,-0.743,-0.02,0.04,-0.0,1,imu01,fusion_20260817T182717Z,2168,49124276,482876330114570
482876359000000,49144,-0.673,-0.034,-0.736,0.14,0.0,0.01,1,imu01,fusion_20260817T182717Z,2169,49144272,482876350109850
482876375000000,49164,-0.673,-0.03,-0.73,-0.01,0.26,-0.05,1,imu01,fusion_20260817T182717Z,2170,49164276,482876370113129
482876406000000,49184,-0.68,-0.032,-0.742,0.04,-0.03,0.04,1,imu01,fusion_20260817T182717Z,2171,49184272,482876390108409
482876421000000,49204,-0.677,-0.031,-0.739,-0.05,-0.05,0.08,1,imu01,fusion_20260817T182717Z,2172,49204276,482876410111688
482876437000000,49224,-0.677,-0.034,-0.734,0.17,-0.0,-0.03,1,imu01,fusion_20260817T182717Z,2173,49224272,482876430106967
482876453000000,49244,-0.672,-0.035,-0.736,-0.04,0.13,-0.07,1,imu01,fusion_20260817T182717Z,2174,49244276,482876450110247
482876484000000,49264,-0.672,-0.036,-0.737,-0.01,-0.03,-0.07,1,imu01,fusion_20260817T182717Z,2175,49264272,482876470105526
482876500000000,49284,-0.675,-0.037,-0.735,0.1,0.05,-0.05,1,imu01,fusion_20260817T182717Z,2176,49284276,482876490108805
482876515000000,49304,-0.677,-0.037,-0.731,-0.0,0.11,0.05,1,imu01,fusion_20260817T182717Z,2177,49304272,482876510104085
482876546000000,49324,-0.674,-0.031,-0.74,-0.12,0.09,0.0,1,imu01,fusion_20260817T182717Z,2178,49324276,482876530107364
482876562000000,49344,-0.676,-0.038,-0.74,0.05,-0.16,-0.13,1,imu01,fusion_20260817T182717Z,2179,49344272,482876550102644
482876578000000,49364,-0.673,-0.038,-0.733,0.04,-0.16,-0.13,1,imu01,fusion_20260817T182717Z,2180,49364276,482876570105923
482876593000000,49384,-0.678,-0.035,-0.733,-0.14,-0.04,-0.03,1,imu01,fusion_20260817T182717Z,2181,49384272,482876590101202
482876625000000,49404,-0.679,-0.036,-0.732,-0.18,0.02,0.16,1,imu01,fusion_20260817T182717Z,2182,49404276,482876610104481
482876640000000,49424,-0.677,-0.034,-0.734,-0.21,-0.03,0.0,1,imu01,fusion_20260817T182717Z,2183,49424272,482876630099761
482876656000000,49444,-0.677,-0.038,-0.73,0.01,-0.14,-0.05,1,imu01,fusion_20260817T182717Z,2184,49444276,482876650103040
482876687000000,49464,-0.675,-0.039,-0.744,-0.05,0.16,-0.04,1,imu01,fusion_20260817T182717Z,2185,49464272,482876670098320
482876703000000,49484,-0.677,-0.036,-0.738,-0.04,-0.04,0.1,1,imu01,fusion_20260817T182717Z,2186,49484276,482876690101599
482876718000000,49504,-0.679,-0.038,-0.737,-0.06,0.0,0.03,1,imu01,fusion_20260817T182717Z,2187,49504272,482876710096878
482876734000000,49524,-0.675,-0.034,-0.738,0.04,-0.11,0.07,1,imu01,fusion_20260817T182717Z,2188,49524276,482876730100158
482876765000000,49544,-0.675,-0.034,-0.741,0.06,0.26,-0.02,1,imu01,fusion_20260817T182717Z,2189,49544272,482876750095437
482876781000000,49564,-0.673,-0.034,-0.735,-0.08,-0.11,0.02,1,imu01,fusion_20260817T182717Z,2190,49564276,482876770098716
482876796000000,49584,-0.671,-0.036,-0.735,0.04,-0.05,-0.07,1,imu01,fusion_20260817T182717Z,2191,49584272,482876790093996
482876828000000,49604,-0.673,-0.034,-0.732,0.06,-0.07,-0.02,1,imu01,fusion_20260817T182717Z,2192,49604276,482876810097275
482876843000000,49624,-0.676,-0.037,-0.734,-0.09,0.02,0.04,1,imu01,fusion_20260817T182717Z,2193,49624272,482876830092554
482876859000000,49644,-0.682,-0.037,-0.735,-0.13,-0.13,-0.03,1,imu01,fusion_20260817T182717Z,2194,49644276,482876850095834
482876875000000,49664,-0.677,-0.036,-0.737,-0.11,0.01,0.06,1,imu01,fusion_20260817T182717Z,2195,49664272,482876870091113
482876906000000,49684,-0.673,-0.04,-0.738,-0.14,0.12,0.18,1,imu01,fusion_20260817T182717Z,2196,49684276,482876890094392
482876921000000,49704,-0.671,-0.036,-0.74,-0.21,0.01,-0.04,1,imu01,fusion_20260817T182717Z,2197,49704272,482876910089672
482876937000000,49724,-0.676,-0.035,-0.734,-0.39,-0.09,-0.04,1,imu01,fusion_20260817T182717Z,2198,49724276,482876930092951
482876953000000,49744,-0.679,-0.039,-0.738,-0.05,-0.18,-0.1,1,imu01,fusion_20260817T182717Z,2199,49744272,482876950088231
482876984000000,49764,-0.68,-0.036,-0.742,0.01,0.22,0.03,1,imu01,fusion_20260817T182717Z,2200,49764276,482876970091510
482877000000000,49784,-0.674,-0.037,-0.736,-0.26,-0.14,0.09,1,imu01,fusion_20260817T182717Z,2201,49784272,482876990086789
482877015000000,49804,-0.679,-0.034,-0.735,0.23,0.02,-0.05,1,imu01,fusion_20260817T182717Z,2202,49804276,482877010090069
482877046000000,49824,-0.674,-0.038,-0.738,0.33,-0.02,-0.04,1,imu01,fusion_20260817T182717Z,2203,49824272,482877030085348
482877062000000,49844,-0.672,-0.037,-0.737,0.11,0.3,0.06,1,imu01,fusion_20260817T182717Z,2204,49844276,482877050088627
482877078000000,49864,-0.676,-0.035,-0.737,0.16,0.17,0.04,1,imu01,fusion_20260817T182717Z,2205,49864272,482877070083907
482877093000000,49884,-0.676,-0.035,-0.736,-0.0,0.02,0.05,1,imu01,fusion_20260817T182717Z,2206,49884276,482877090087186
482877125000000,49904,-0.674,-0.031,-0.736,0.27,0.03,-0.05,1,imu01,fusion_20260817T182717Z,2207,49904272,482877110082466
482877140000000,49924,-0.674,-0.035,-0.734,0.08,0.23,-0.1,1,imu01,fusion_20260817T182717Z,2208,49924276,482877130085745
482877156000000,49944,-0.674,-0.035,-0.741,0.1,-0.0,-0.08,1,imu01,fusion_20260817T182717Z,2209,49944272,482877150081024
482877171000000,49964,-0.676,-0.038,-0.737,0.07,0.03,0.06,1,imu01,fusion_20260817T182717Z,2210,49964276,482877170084303
482877203000000,49984,-0.675,-0.039,-0.742,0.13,0.26,0.09,1,imu01,fusion_20260817T182717Z,2211,49984272,482877190079583
482877218000000,50004,-0.68,-0.033,-0.733,-0.03,0.2,0.0,1,imu01,fusion_20260817T182717Z,2212,50004276,482877210082862
482877234000000,50024,-0.679,-0.035,-0.741,0.06,0.03,-0.09,1,imu01,fusion_20260817T182717Z,2213,50024272,482877230078142
482877265000000,50044,-0.675,-0.035,-0.736,0.07,-0.09,-0.03,1,imu01,fusion_20260817T182717Z,2214,50044276,482877250081421
482877281000000,50064,-0.671,-0.04,-0.735,-0.0,0.13,0.16,1,imu01,fusion_20260817T182717Z,2215,50064272,482877270076700
482877296000000,50084,-0.678,-0.034,-0.74,-0.04,-0.03,0.03,1,imu01,fusion_20260817T182717Z,2216,50084276,482877290079980
482877328000000,50104,-0.675,-0.034,-0.739,-0.01,-0.09,-0.03,1,imu01,fusion_20260817T182717Z,2217,50104272,482877310075259
482877343000000,50124,-0.675,-0.036,-0.729,0.04,-0.1,-0.13,1,imu01,fusion_20260817T182717Z,2218,50124276,482877330078538
482877359000000,50144,-0.679,-0.034,-0.735,-0.05,0.22,0.03,1,imu01,fusion_20260817T182717Z,2219,50144272,482877350073818
482877375000000,50164,-0.678,-0.036,-0.732,0.04,0.07,0.06,1,imu01,fusion_20260817T182717Z,2220,50164276,482877370077097
482877406000000,50184,-0.679,-0.041,-0.741,-0.05,0.06,-0.02,1,imu01,fusion_20260817T182717Z,2221,50184272,482877390072377
482877421000000,50204,-0.674,-0.038,-0.736,0.03,-0.12,-0.1,1,imu01,fusion_20260817T182717Z,2222,50204276,482877410075656
482877437000000,50224,-0.676,-0.034,-0.731,-0.02,0.22,-0.06,1,imu01,fusion_20260817T182717Z,2223,50224272,482877430070935
482877453000000,50244,-0.678,-0.033,-0.735,0.02,-0.13,0.03,1,imu01,fusion_20260817T182717Z,2224,50244276,482877450074214
482877484000000,50264,-0.678,-0.032,-0.736,0.02,-0.02,0.09,1,imu01,fusion_20260817T182717Z,2225,50264272,482877470069494
482877500000000,50284,-0.677,-0.034,-0.734,0.08,-0.03,0.09,1,imu01,fusion_20260817T182717Z,2226,50284276,482877490072773
482877515000000,50304,-0.678,-0.034,-0.73,-0.02,0.09,-0.05,1,imu01,fusion_20260817T182717Z,2227,50304272,482877510068053
482877546000000,50324,-0.675,-0.033,-0.739,0.01,-0.11,-0.04,1,imu01,fusion_20260817T182717Z,2228,50324276,482877530071332
482877562000000,50344,-0.675,-0.038,-0.735,-0.01,-0.06,-0.0,1,imu01,fusion_20260817T182717Z,2229,50344272,482877550066611
482877578000000,50364,-0.676,-0.037,-0.734,0.07,-0.01,0.04,1,imu01,fusion_20260817T182717Z,2230,50364276,482877570069891
482877593000000,50384,-0.675,-0.039,-0.737,-0.0,0.13,-0.05,1,imu01,fusion_20260817T182717Z,2231,50384272,482877590065170
482877625000000,50404,-0.677,-0.037,-0.739,-0.0,-0.03,-0.1,1,imu01,fusion_20260817T182717Z,2232,50404276,482877610068449
482877640000000,50424,-0.679,-0.035,-0.731,0.08,-0.02,-0.07,1,imu01,fusion_20260817T182717Z,2233,50424272,482877630063729
482877656000000,50444,-0.674,-0.034,-0.738,-0.0,0.1,0.04,1,imu01,fusion_20260817T182717Z,2234,50444276,482877650067008
482877687000000,50464,-0.677,-0.035,-0.733,-0.12,0.13,0.06,1,imu01,fusion_20260817T182717Z,2235,50464272,482877670062288
482877703000000,50484,-0.676,-0.036,-0.731,-0.08,-0.01,-0.06,1,imu01,fusion_20260817T182717Z,2236,50484276,482877690065567
482877718000000,50504,-0.675,-0.037,-0.739,0.05,0.02,-0.06,1,imu01,fusion_20260817T182717Z,2237,50504272,482877710060846
482877734000000,50524,-0.676,-0.036,-0.732,-0.06,0.28,0.04,1,imu01,fusion_20260817T182717Z,2238,50524276,482877730064126
482877765000000,50544,-0.676,-0.032,-0.731,-0.08,-0.02,0.08,1,imu01,fusion_20260817T182717Z,2239,50544272,482877750059405
482877781000000,50564,-0.678,-0.035,-0.73,-0.04,0.04,-0.02,1,imu01,fusion_20260817T182717Z,2240,50564276,482877770062684
482877796000000,50584,-0.68,-0.032,-0.727,0.04,-0.13,0.03,1,imu01,fusion_20260817T182717Z,2241,50584272,482877790057964
482877828000000,50604,-0.677,-0.039,-0.734,-0.08,0.2,-0.01,1,imu01,fusion_20260817T182717Z,2242,50604276,482877810061243
482877843000000,50624,-0.675,-0.038,-0.739,0.03,-0.08,0.05,1,imu01,fusion_20260817T182717Z,2243,50624272,482877830056522
482877859000000,50644,-0.674,-0.038,-0.73,-0.08,-0.08,0.04,1,imu01,fusion_20260817T182717Z,2244,50644276,482877850059802
482877875000000,50664,-0.679,-0.033,-0.732,-0.02,-0.0,0.09,1,imu01,fusion_20260817T182717Z,2245,50664272,482877870055081
482877906000000,50684,-0.678,-0.034,-0.736,-0.08,0.19,-0.04,1,imu01,fusion_20260817T182717Z,2246,50684276,482877890058360
482877921000000,50704,-0.676,-0.032,-0.739,-0.07,-0.03,-0.14,1,imu01,fusion_20260817T182717Z,2247,50704272,482877910053640
482877937000000,50724,-0.677,-0.038,-0.74,-0.02,-0.04,-0.05,1,imu01,fusion_20260817T182717Z,2248,50724276,482877930056919
482877953000000,50744,-0.678,-0.036,-0.729,0.01,0.06,0.04,1,imu01,fusion_20260817T182717Z,2249,50744272,482877950052199
482877984000000,50764,-0.678,-0.039,-0.738,-0.24,-0.04,-0.07,1,imu01,fusion_20260817T182717Z,2250,50764276,482877970055478
482878000000000,50784,-0.674,-0.036,-0.746,-0.36,-0.31,0.0,1,imu01,fusion_20260817T182717Z,2251,50784272,482877990050757
482878015000000,50804,-0.676,-0.04,-0.733,0.12,0.02,-0.03,1,imu01,fusion_20260817T182717Z,2252,50804276,482878010054036
482878046000000,50824,-0.679,-0.037,-0.73,0.1,0.12,0.04,1,imu01,fusion_20260817T182717Z,2253,50824272,482878030049316
482878062000000,50844,-0.678,-0.034,-0.739,-0.13,-0.04,0.06,1,imu01,fusion_20260817T182717Z,2254,50844276,482878050052595
482878078000000,50864,-0.676,-0.036,-0.736,-0.06,-0.13,-0.03,1,imu01,fusion_20260817T182717Z,2255,50864272,482878070047875
482878093000000,50884,-0.678,-0.038,-0.732,0.17,-0.15,-0.04,1,imu01,fusion_20260817T182717Z,2256,50884276,482878090051154
482878125000000,50904,-0.676,-0.035,-0.735,0.23,0.4,-0.06,1,imu01,fusion_20260817T182717Z,2257,50904272,482878110046433
482878140000000,50924,-0.678,-0.032,-0.736,-0.11,-0.13,0.19,1,imu01,fusion_20260817T182717Z,2258,50924276,482878130049713
482878156000000,50944,-0.674,-0.037,-0.741,-0.05,0.02,-0.0,1,imu01,fusion_20260817T182717Z,2259,50944272,482878150044992
482878187000000,50964,-0.675,-0.04,-0.746,0.34,0.11,-0.06,1,imu01,fusion_20260817T182717Z,2260,50964276,482878170048271
482878203000000,50984,-0.676,-0.035,-0.735,-0.05,0.2,-0.08,1,imu01,fusion_20260817T182717Z,2261,50984272,482878190043551
482878218000000,51004,-0.675,-0.038,-0.736,-0.04,-0.18,0.07,1,imu01,fusion_20260817T182717Z,2262,51004276,482878210046830
482878234000000,51024,-0.678,-0.036,-0.738,-0.05,0.0,-0.0,1,imu01,fusion_20260817T182717Z,2263,51024272,482878230042110
482878265000000,51044,-0.675,-0.037,-0.736,-0.17,-0.07,0.07,1,imu01,fusion_20260817T182717Z,2264,51044276,482878250045389
482878281000000,51064,-0.676,-0.038,-0.735,0.12,0.16,0.04,1,imu01,fusion_20260817T182717Z,2265,51064272,482878270040668
482878296000000,51084,-0.676,-0.033,-0.729,0.04,-0.06,-0.01,1,imu01,fusion_20260817T182717Z,2266,51084276,482878290043948
482878328000000,51104,-0.679,-0.036,-0.736,0.18,0.07,-0.06,1,imu01,fusion_20260817T182717Z,2267,51104272,482878310039227
482878343000000,51124,-0.675,-0.037,-0.733,-0.21,-0.1,0.07,1,imu01,fusion_20260817T182717Z,2268,51124276,482878330042506
482878359000000,51144,-0.676,-0.034,-0.738,0.16,0.2,0.06,1,imu01,fusion_20260817T182717Z,2269,51144272,482878350037786
482878375000000,51164,-0.677,-0.036,-0.743,-0.15,-0.21,-0.13,1,imu01,fusion_20260817T182717Z,2270,51164276,482878370041065
482878406000000,51184,-0.673,-0.039,-0.736,0.11,-0.03,0.0,1,imu01,fusion_20260817T182717Z,2271,51184272,482878390036344
482878421000000,51204,-0.676,-0.036,-0.73,0.11,0.23,0.02,1,imu01,fusion_20260817T182717Z,2272,51204276,482878410039624
482878437000000,51224,-0.679,-0.035,-0.732,0.13,0.07,0.14,1,imu01,fusion_20260817T182717Z,2273,51224272,482878430034903
482878453000000,51244,-0.679,-0.035,-0.733,-0.01,-0.06,-0.07,1,imu01,fusion_20260817T182717Z,2274,51244276,482878450038182
482878484000000,51264,-0.674,-0.035,-0.729,-0.08,-0.15,-0.02,1,imu01,fusion_20260817T182717Z,2275,51264272,482878470033462
482878500000000,51284,-0.674,-0.04,-0.738,-0.05,0.26,-0.06,1,imu01,fusion_20260817T182717Z,2276,51284276,482878490036741
482878515000000,51304,-0.674,-0.037,-0.729,0.22,-0.04,-0.0,1,imu01,fusion_20260817T182717Z,2277,51304272,482878510032021
482878546000000,51324,-0.678,-0.035,-0.733,0.02,-0.0,-0.03,1,imu01,fusion_20260817T182717Z,2278,51324276,482878530035300
482878562000000,51344,-0.677,-0.033,-0.736,0.08,-0.04,-0.03,1,imu01,fusion_20260817T182717Z,2279,51344272,482878550030579
482878578000000,51364,-0.674,-0.032,-0.729,0.03,0.22,-0.04,1,imu01,fusion_20260817T182717Z,2280,51364276,482878570033859
482878593000000,51384,-0.674,-0.038,-0.739,0.23,0.04,0.01,1,imu01,fusion_20260817T182717Z,2281,51384272,482878590029138
482878625000000,51404,-0.681,-0.039,-0.734,-0.04,0.07,0.06,1,imu01,fusion_20260817T182717Z,2282,51404276,482878610032417
482878640000000,51424,-0.674,-0.03,-0.736,0.08,0.04,0.06,1,imu01,fusion_20260817T182717Z,2283,51424272,482878630027697
482878656000000,51444,-0.678,-0.035,-0.735,-0.25,0.0,0.05,1,imu01,fusion_20260817T182717Z,2284,51444276,482878650030976
482878687000000,51464,-0.678,-0.036,-0.737,-0.08,-0.11,-0.02,1,imu01,fusion_20260817T182717Z,2285,51464272,482878670026256
482878703000000,51484,-0.677,-0.037,-0.728,-0.03,-0.09,0.01,1,imu01,fusion_20260817T182717Z,2286,51484276,482878690029535
482878718000000,51504,-0.677,-0.036,-0.73,-0.12,0.13,0.03,1,imu01,fusion_20260817T182717Z,2287,51504272,482878710024814
482878734000000,51524,-0.675,-0.035,-0.737,-0.1,-0.03,0.0,1,imu01,fusion_20260817T182717Z,2288,51524276,482878730028093
482878765000000,51544,-0.672,-0.04,-0.733,-0.06,-0.05,0.02,1,imu01,fusion_20260817T182717Z,2289,51544272,482878750023373
482878781000000,51564,-0.674,-0.035,-0.738,0.05,-0.02,0.02,1,imu01,fusion_20260817T182717Z,2290,51564276,482878770026652
482878796000000,51584,-0.677,-0.038,-0.739,-0.03,0.12,0.01,1,imu01,fusion_20260817T182717Z,2291,51584272,482878790021932
482878812000000,51604,-0.678,-0.036,-0.736,-0.05,0.0,0.11,1,imu01,fusion_20260817T182717Z,2292,51604276,482878810025211
482878843000000,51624,-0.676,-0.034,-0.732,-0.13,-0.06,0.06,1,imu01,fusion_20260817T182717Z,2293,51624272,482878830020490
482878859000000,51644,-0.678,-0.033,-0.735,0.08,-0.15,-0.08,1,imu01,fusion_20260817T182717Z,2294,51644276,482878850023770
482878875000000,51664,-0.677,-0.034,-0.738,-0.04,0.14,-0.01,1,imu01,fusion_20260817T182717Z,2295,51664272,482878870019049
482878906000000,51684,-0.678,-0.033,-0.73,-0.08,-0.13,0.13,1,imu01,fusion_20260817T182717Z,2296,51684276,482878890022328
482878921000000,51704,-0.679,-0.035,-0.743,-0.08,0.0,0.1,1,imu01,fusion_20260817T182717Z,2297,51704272,482878910017608
482878937000000,51724,-0.678,-0.035,-0.737,0.14,0.05,0.04,1,imu01,fusion_20260817T182717Z,2298,51724276,482878930020887
482878953000000,51744,-0.676,-0.035,-0.736,-0.25,0.07,0.06,1,imu01,fusion_20260817T182717Z,2299,51744272,482878950016167
482878984000000,51764,-0.68,-0.033,-0.737,-0.19,-0.24,-0.1,1,imu01,fusion_20260817T182717Z,2300,51764276,482878970019446
482879000000000,51784,-0.681,-0.039,-0.74,-0.04,-0.22,0.01,1,imu01,fusion_20260817T182717Z,2301,51784272,482878990014725
482879015000000,51804,-0.677,-0.042,-0.734,0.07,-0.0,0.06,1,imu01,fusion_20260817T182717Z,2302,51804276,482879010018004
482879046000000,51824,-0.675,-0.032,-0.733,-0.01,0.04,0.06,1,imu01,fusion_20260817T182717Z,2303,51824272,482879030013284
482879062000000,51844,-0.672,-0.033,-0.734,-0.05,-0.13,0.1,1,imu01,fusion_20260817T182717Z,2304,51844276,482879050016563
482879078000000,51864,-0.679,-0.035,-0.734,-0.05,-0.03,-0.08,1,imu01,fusion_20260817T182717Z,2305,51864272,482879070011843
482879093000000,51884,-0.679,-0.035,-0.736,-0.13,0.04,0.06,1,imu01,fusion_20260817T182717Z,2306,51884276,482879090015122
482879125000000,51904,-0.677,-0.038,-0.739,-0.14,0.06,0.04,1,imu01,fusion_20260817T182717Z,2307,51904272,482879110010401
482879140000000,51924,-0.676,-0.036,-0.734,-0.12,-0.06,-0.04,1,imu01,fusion_20260817T182717Z,2308,51924276,482879130013681
482879156000000,51944,-0.68,-0.035,-0.732,0.11,-0.07,-0.06,1,imu01,fusion_20260817T182717Z,2309,51944272,482879150008960
482879187000000,51964,-0.681,-0.034,-0.735,0.17,0.28,0.03,1,imu01,fusion_20260817T182717Z,2310,51964276,482879170012239
482879203000000,51984,-0.678,-0.034,-0.736,-0.02,-0.06,0.06,1,imu01,fusion_20260817T182717Z,2311,51984272,482879190007519
482879218000000,52004,-0.677,-0.037,-0.74,-0.19,-0.22,-0.1,1,imu01,fusion_20260817T182717Z,2312,52004276,482879210010798
482879234000000,52024,-0.675,-0.034,-0.738,0.08,-0.03,0.01,1,imu01,fusion_20260817T182717Z,2313,52024272,482879230006078
482879265000000,52044,-0.679,-0.035,-0.732,0.43,0.49,-0.04,1,imu01,fusion_20260817T182717Z,2314,52044276,482879250009357
482879281000000,52064,-0.677,-0.036,-0.738,-0.11,-0.09,0.0,1,imu01,fusion_20260817T182717Z,2315,52064272,482879270004636
482879296000000,52084,-0.674,-0.036,-0.737,0.26,0.04,-0.0,1,imu01,fusion_20260817T182717Z,2316,52084276,482879290007916
482879312000000,52104,-0.678,-0.034,-0.734,0.19,0.07,0.07,1,imu01,fusion_20260817T182717Z,2317,52104272,482879310003195
482879343000000,52124,-0.679,-0.037,-0.735,-0.19,0.09,-0.01,1,imu01,fusion_20260817T182717Z,2318,52124276,482879330006474
482879359000000,52144,-0.677,-0.035,-0.737,0.07,0.0,-0.07,1,imu01,fusion_20260817T182717Z,2319,52144272,482879350001754
482879375000000,52164,-0.674,-0.037,-0.732,0.18,0.04,0.06,1,imu01,fusion_20260817T182717Z,2320,52164276,482879370005033
482879406000000,52184,-0.681,-0.033,-0.733,0.05,0.04,0.08,1,imu01,fusion_20260817T182717Z,2321,52184272,482879390000312
482879421000000,52204,-0.674,-0.037,-0.74,-0.12,0.04,-0.03,1,imu01,fusion_20260817T182717Z,2322,52204276,482879410003592
482879437000000,52224,-0.679,-0.037,-0.73,-0.07,-0.13,-0.11,1,imu01,fusion_20260817T182717Z,2323,52224272,482879429998871
482879453000000,52244,-0.675,-0.037,-0.74,0.06,-0.02,-0.06,1,imu01,fusion_20260817T182717Z,2324,52244276,482879450002150
482879484000000,52264,-0.673,-0.036,-0.731,0.1,0.2,0.01,1,imu01,fusion_20260817T182717Z,2325,52264272,482879469997430
482879500000000,52284,-0.677,-0.035,-0.735,0.04,0.09,0.04,1,imu01,fusion_20260817T182717Z,2326,52284276,482879490000709
482879515000000,52304,-0.677,-0.037,-0.74,-0.12,0.04,-0.03,1,imu01,fusion_20260817T182717Z,2327,52304272,482879509995989
482879546000000,52324,-0.678,-0.041,-0.736,0.11,-0.12,-0.04,1,imu01,fusion_20260817T182717Z,2328,52324276,482879529999268
482879562000000,52344,-0.674,-0.036,-0.737,-0.12,0.2,-0.02,1,imu01,fusion_20260817T182717Z,2329,52344272,482879549994547
482879578000000,52364,-0.675,-0.039,-0.735,-0.02,-0.01,0.11,1,imu01,fusion_20260817T182717Z,2330,52364276,482879569997826
482879593000000,52384,-0.678,-0.033,-0.733,-0.01,0.12,-0.04,1,imu01,fusion_20260817T182717Z,2331,52384272,482879589993106
482879625000000,52404,-0.676,-0.034,-0.737,0.07,-0.12,0.03,1,imu01,fusion_20260817T182717Z,2332,52404276,482879609996385
482879640000000,52424,-0.679,-0.035,-0.736,-0.03,0.23,-0.05,1,imu01,fusion_20260817T182717Z,2333,52424272,482879629991665
482879656000000,52444,-0.676,-0.035,-0.735,0.1,-0.02,0.0,1,imu01,fusion_20260817T182717Z,2334,52444276,482879649994944
482879687000000,52464,-0.672,-0.033,-0.734,-0.03,-0.02,0.02,1,imu01,fusion_20260817T182717Z,2335,52464272,482879669990223
482879703000000,52484,-0.676,-0.034,-0.735,0.05,0.05,0.04,1,imu01,fusion_20260817T182717Z,2336,52484276,482879689993503
482879718000000,52504,-0.677,-0.032,-0.733,-0.05,0.2,-0.02,1,imu01,fusion_20260817T182717Z,2337,52504272,482879709988782
482879734000000,52524,-0.674,-0.034,-0.738,0.03,-0.02,-0.07,1,imu01,fusion_20260817T182717Z,2338,52524276,482879729992061
482879765000000,52544,-0.676,-0.037,-0.738,0.07,0.02,-0.07,1,imu01,fusion_20260817T182717Z,2339,52544272,482879749987341
482879781000000,52564,-0.675,-0.035,-0.738,0.03,0.15,0.08,1,imu01,fusion_20260817T182717Z,2340,52564276,482879769990620
482879796000000,52584,-0.677,-0.034,-0.735,-0.05,0.1,0.09,1,imu01,fusion_20260817T182717Z,2341,52584272,482879789985900
482879812000000,52604,-0.678,-0.037,-0.737,0.02,-0.06,-0.03,1,imu01,fusion_20260817T182717Z,2342,52604276,482879809989179
482879843000000,52624,-0.675,-0.034,-0.734,0.09,-0.08,-0.04,1,imu01,fusion_20260817T182717Z,2343,52624272,482879829984458
482879859000000,52644,-0.677,-0.037,-0.742,-0.1,0.1,-0.0,1,imu01,fusion_20260817T182717Z,2344,52644276,482879849987738
482879875000000,52664,-0.681,-0.035,-0.731,0.01,0.03,0.12,1,imu01,fusion_20260817T182717Z,2345,52664272,482879869983017
482879906000000,52684,-0.676,-0.035,-0.739,-0.13,0.02,-0.02,1,imu01,fusion_20260817T182717Z,2346,52684276,482879889986296
482879921000000,52704,-0.676,-0.034,-0.737,0.08,-0.06,-0.09,1,imu01,fusion_20260817T182717Z,2347,52704272,482879909981576
482879937000000,52724,-0.683,-0.037,-0.732,-0.21,0.12,0.02,1,imu01,fusion_20260817T182717Z,2348,52724276,482879929984855
482879953000000,52744,-0.675,-0.035,-0.736,0.01,-0.13,0.03,1,imu01,fusion_20260817T182717Z,2349,52744272,482879949980134
482879984000000,52764,-0.675,-0.035,-0.73,0.01,0.03,0.02,1,imu01,fusion_20260817T182717Z,2350,52764276,482879969983414
482880000000000,52784,-0.681,-0.036,-0.731,0.01,-0.19,0.07,1,imu01,fusion_20260817T182717Z,2351,52784272,482879989978693
482880015000000,52804,-0.677,-0.038,-0.732,0.11,0.16,0.02,1,imu01,fusion_20260817T182717Z,2352,52804276,482880009981972
482880046000000,52824,-0.679,-0.035,-0.737,-0.11,-0.1,-0.02,1,imu01,fusion_20260817T182717Z,2353,52824272,482880029977252
482880062000000,52844,-0.674,-0.037,-0.735,-0.1,-0.07,0.02,1,imu01,fusion_20260817T182717Z,2354,52844276,482880049980531
482880078000000,52864,-0.676,-0.032,-0.733,-0.04,0.04,0.08,1,imu01,fusion_20260817T182717Z,2355,52864272,482880069975811
482880093000000,52884,-0.673,-0.036,-0.734,0.01,0.16,0.05,1,imu01,fusion_20260817T182717Z,2356,52884276,482880089979090
482880125000000,52904,-0.679,-0.036,-0.737,-0.03,-0.13,-0.07,1,imu01,fusion_20260817T182717Z,2357,52904272,482880109974369
482880140000000,52924,-0.678,-0.033,-0.739,0.23,-0.03,-0.05,1,imu01,fusion_20260817T182717Z,2358,52924276,482880129977649
482880156000000,52944,-0.677,-0.039,-0.742,0.07,0.14,0.09,1,imu01,fusion_20260817T182717Z,2359,52944272,482880149972928
482880187000000,52964,-0.676,-0.034,-0.737,0.08,0.2,0.03,1,imu01,fusion_20260817T182717Z,2360,52964276,482880169976207
482880203000000,52984,-0.679,-0.033,-0.73,-0.03,-0.1,-0.12,1,imu01,fusion_20260817T182717Z,2361,52984272,482880189971487
482880218000000,53004,-0.679,-0.039,-0.732,-0.02,-0.2,-0.07,1,imu01,fusion_20260817T182717Z,2362,53004276,482880209974766
482880234000000,53024,-0.681,-0.036,-0.732,0.05,0.32,-0.01,1,imu01,fusion_20260817T182717Z,2363,53024272,482880229970046
482880265000000,53044,-0.678,-0.043,-0.738,0.01,0.1,0.1,1,imu01,fusion_20260817T182717Z,2364,53044276,482880249973325
482880281000000,53064,-0.676,-0.038,-0.736,-0.08,-0.11,0.0,1,imu01,fusion_20260817T182717Z,2365,53064272,482880269968604
482880296000000,53084,-0.677,-0.037,-0.747,0.04,-0.06,0.02,1,imu01,fusion_20260817T182717Z,2366,53084276,482880289971883
482880328000000,53104,-0.677,-0.033,-0.742,-0.15,0.16,-0.01,1,imu01,fusion_20260817T182717Z,2367,53104272,482880309967163
482880343000000,53124,-0.675,-0.032,-0.733,0.08,-0.09,0.06,1,imu01,fusion_20260817T182717Z,2368,53124276,482880329970442
482880359000000,53144,-0.675,-0.034,-0.722,-0.05,-0.09,-0.02,1,imu01,fusion_20260817T182717Z,2369,53144272,482880349965722
482880375000000,53164,-0.678,-0.035,-0.736,0.13,-0.02,0.04,1,imu01,fusion_20260817T182717Z,2370,53164276,482880369969001
482880406000000,53184,-0.676,-0.027,-0.731,-0.04,0.2,-0.04,1,imu01,fusion_20260817T182717Z,2371,53184272,482880389964280
482880421000000,53204,-0.674,-0.033,-0.74,-0.08,-0.03,-0.04,1,imu01,fusion_20260817T182717Z,2372,53204276,482880409967560
482880437000000,53224,-0.678,-0.035,-0.742,-0.01,-0.06,0.01,1,imu01,fusion_20260817T182717Z,2373,53224272,482880429962839
482880453000000,53244,-0.679,-0.038,-0.736,0.18,0.07,0.13,1,imu01,fusion_20260817T182717Z,2374,53244276,482880449966118
482880484000000,53264,-0.681,-0.036,-0.734,-0.08,0.1,0.08,1,imu01,fusion_20260817T182717Z,2375,53264272,482880469961398
482880500000000,53284,-0.68,-0.031,-0.733,-0.15,-0.0,-0.04,1,imu01,fusion_20260817T182717Z,2376,53284276,482880489964677
482880515000000,53304,-0.675,-0.034,-0.744,-0.08,-0.08,0.0,1,imu01,fusion_20260817T182717Z,2377,53304272,482880509959956
482880546000000,53324,-0.681,-0.032,-0.735,0.01,0.16,0.07,1,imu01,fusion_20260817T182717Z,2378,53324276,482880529963236
482880562000000,53344,-0.678,-0.036,-0.73,-0.06,0.01,0.15,1,imu01,fusion_20260817T182717Z,2379,53344272,482880549958515
482880578000000,53364,-0.677,-0.034,-0.738,-0.15,-0.06,0.04,1,imu01,fusion_20260817T182717Z,2380,53364276,482880569961794
482880593000000,53384,-0.675,-0.035,-0.738,0.23,0.03,-0.1,1,imu01,fusion_20260817T182717Z,2381,53384272,482880589957074
482880625000000,53404,-0.672,-0.036,-0.732,-0.03,0.16,0.02,1,imu01,fusion_20260817T182717Z,2382,53404276,482880609960353
482880640000000,53424,-0.672,-0.039,-0.735,0.04,-0.01,0.09,1,imu01,fusion_20260817T182717Z,2383,53424272,482880629955633
482880656000000,53444,-0.677,-0.039,-0.737,0.08,0.04,-0.08,1,imu01,fusion_20260817T182717Z,2384,53444276,482880649958912
482880687000000,53464,-0.677,-0.037,-0.733,0.09,-0.02,-0.09,1,imu01,fusion_20260817T182717Z,2385,53464272,482880669954191
482880703000000,53484,-0.675,-0.038,-0.732,0.02,0.13,0.0,1,imu01,fusion_20260817T182717Z,2386,53484276,482880689957471
482880718000000,53504,-0.679,-0.036,-0.736,0.04,-0.06,0.07,1,imu01,fusion_20260817T182717Z,2387,53504272,482880709952750
482880734000000,53524,-0.682,-0.035,-0.735,-0.03,-0.01,0.01,1,imu01,fusion_20260817T182717Z,2388,53524276,482880729956029
482880765000000,53544,-0.678,-0.041,-0.739,0.08,0.05,0.01,1,imu01,fusion_20260817T182717Z,2389,53544272,482880749951309
482880781000000,53564,-0.678,-0.033,-0.736,-0.04,0.16,-0.04,1,imu01,fusion_20260817T182717Z,2390,53564276,482880769954588
482880796000000,53584,-0.675,-0.035,-0.741,-0.02,-0.12,-0.08,1,imu01,fusion_20260817T182717Z,2391,53584272,482880789949868
482880828000000,53604,-0.674,-0.035,-0.738,-0.02,-0.07,0.03,1,imu01,fusion_20260817T182717Z,2392,53604276,482880809953147
482880843000000,53624,-0.68,-0.034,-0.733,0.06,0.23,0.12,1,imu01,fusion_20260817T182717Z,2393,53624272,482880829948426
482880859000000,53644,-0.679,-0.034,-0.743,0.11,0.16,0.09,1,imu01,fusion_20260817T182717Z,2394,53644276,482880849951705
482880875000000,53664,-0.677,-0.038,-0.736,-0.08,-0.07,-0.09,1,imu01,fusion_20260817T182717Z,2395,53664272,482880869946985
482880906000000,53684,-0.677,-0.036,-0.736,0.02,-0.09,-0.1,1,imu01,fusion_20260817T182717Z,2396,53684276,482880889950264
482880921000000,53704,-0.675,-0.031,-0.731,0.21,0.23,0.07,1,imu01,fusion_20260817T182717Z,2397,53704272,482880909945544
482880937000000,53724,-0.676,-0.039,-0.73,0.07,-0.08,0.05,1,imu01,fusion_20260817T182717Z,2398,53724276,482880929948823
482880953000000,53744,-0.678,-0.033,-0.732,-0.0,-0.05,0.05,1,imu01,fusion_20260817T182717Z,2399,53744272,482880949944102
482880984000000,53764,-0.672,-0.036,-0.732,0.09,-0.09,0.06,1,imu01,fusion_20260817T182717Z,2400,53764276,482880969947382
482881000000000,53784,-0.679,-0.037,-0.741,-0.01,0.18,0.05,1,imu01,fusion_20260817T182717Z,2401,53784272,482880989942661
482881015000000,53804,-0.677,-0.037,-0.739,-0.08,-0.03,0.12,1,imu01,fusion_20260817T182717Z,2402,53804276,482881009945940
482881046000000,53824,-0.677,-0.038,-0.734,0.04,-0.11,-0.11,1,imu01,fusion_20260817T182717Z,2403,53824272,482881029941220
482881062000000,53844,-0.68,-0.037,-0.739,0.14,-0.07,-0.0,1,imu01,fusion_20260817T182717Z,2404,53844276,482881049944499
482881078000000,53864,-0.672,-0.034,-0.732,-0.0,0.16,-0.0,1,imu01,fusion_20260817T182717Z,2405,53864272,482881069939779
482881093000000,53884,-0.675,-0.034,-0.733,0.18,0.05,0.11,1,imu01,fusion_20260817T182717Z,2406,53884276,482881089943058
482881125000000,53904,-0.677,-0.036,-0.736,-0.03,0.0,0.03,1,imu01,fusion_20260817T182717Z,2407,53904272,482881109938337
482881140000000,53924,-0.678,-0.037,-0.73,0.12,0.07,0.13,1,imu01,fusion_20260817T182717Z,2408,53924276,482881129941616
482881156000000,53944,-0.678,-0.036,-0.736,-0.14,0.13,0.03,1,imu01,fusion_20260817T182717Z,2409,53944272,482881149936896
482881187000000,53964,-0.677,-0.04,-0.737,-0.07,-0.11,-0.03,1,imu01,fusion_20260817T182717Z,2410,53964276,482881169940175
482881203000000,53984,-0.679,-0.037,-0.735,0.11,-0.14,-0.0,1,imu01,fusion_20260817T182717Z,2411,53984272,482881189935455
482881218000000,54004,-0.675,-0.033,-0.734,0.1,0.16,0.06,1,imu01,fusion_20260817T182717Z,2412,54004276,482881209938734
482881234000000,54024,-0.675,-0.038,-0.733,-0.12,-0.01,0.06,1,imu01,fusion_20260817T182717Z,2413,54024272,482881229934013
482881265000000,54044,-0.679,-0.038,-0.739,0.04,0.0,-0.08,1,imu01,fusion_20260817T182717Z,2414,54044276,482881249937293
482881281000000,54064,-0.68,-0.038,-0.734,0.16,-0.09,-0.04,1,imu01,fusion_20260817T182717Z,2415,54064272,482881269932572
482881296000000,54084,-0.674,-0.037,-0.733,-0.11,0.04,0.0,1,imu01,fusion_20260817T182717Z,2416,54084276,482881289935851
482881312000000,54104,-0.677,-0.036,-0.738,-0.07,-0.1,0.06,1,imu01,fusion_20260817T182717Z,2417,54104272,482881309931131
482881343000000,54124,-0.674,-0.037,-0.733,0.01,-0.05,-0.0,1,imu01,fusion_20260817T182717Z,2418,54124276,482881329934410
482881359000000,54144,-0.677,-0.038,-0.728,0.08,-0.18,-0.02,1,imu01,fusion_20260817T182717Z,2419,54144272,482881349929690
482881375000000,54164,-0.677,-0.034,-0.737,-0.14,0.13,-0.03,1,imu01,fusion_20260817T182717Z,2420,54164276,482881369932969
482881406000000,54184,-0.678,-0.038,-0.735,0.04,-0.09,0.06,1,imu01,fusion_20260817T182717Z,2421,54184272,482881389928248
482881421000000,54204,-0.673,-0.035,-0.736,-0.15,0.0,0.01,1,imu01,fusion_20260817T182717Z,2422,54204276,482881409931528
482881437000000,54224,-0.673,-0.038,-0.725,0.01,-0.07,0.06,1,imu01,fusion_20260817T182717Z,2423,54224272,482881429926807
482881453000000,54244,-0.674,-0.035,-0.742,-0.12,0.17,-0.02,1,imu01,fusion_20260817T182717Z,2424,54244276,482881449930086
482881484000000,54264,-0.68,-0.037,-0.734,-0.08,-0.16,-0.03,1,imu01,fusion_20260817T182717Z,2425,54264272,482881469925366
482881500000000,54284,-0.677,-0.033,-0.735,0.04,0.01,0.05,1,imu01,fusion_20260817T182717Z,2426,54284276,482881489928645
482881515000000,54304,-0.677,-0.036,-0.736,0.04,-0.04,0.03,1,imu01,fusion_20260817T182717Z,2427,54304272,482881509923924
482881546000000,54324,-0.679,-0.039,-0.738,0.04,0.18,0.02,1,imu01,fusion_20260817T182717Z,2428,54324276,482881529927204
482881562000000,54344,-0.676,-0.037,-0.738,-0.08,-0.08,-0.11,1,imu01,fusion_20260817T182717Z,2429,54344272,482881549922483
482881578000000,54364,-0.675,-0.036,-0.732,0.02,-0.13,-0.07,1,imu01,fusion_20260817T182717Z,2430,54364276,482881569925762
482881593000000,54384,-0.676,-0.035,-0.736,-0.11,0.16,0.02,1,imu01,fusion_20260817T182717Z,2431,54384272,482881589921042
482881625000000,54404,-0.678,-0.038,-0.738,-0.0,0.07,0.13,1,imu01,fusion_20260817T182717Z,2432,54404276,482881609924321
482881640000000,54424,-0.68,-0.037,-0.735,0.11,-0.02,-0.13,1,imu01,fusion_20260817T182717Z,2433,54424272,482881629919601
482881656000000,54444,-0.672,-0.034,-0.741,0.1,-0.03,-0.08,1,imu01,fusion_20260817T182717Z,2434,54444276,482881649922880
482881687000000,54464,-0.678,-0.034,-0.734,-0.05,0.2,-0.01,1,imu01,fusion_20260817T182717Z,2435,54464272,482881669918159
482881703000000,54484,-0.676,-0.036,-0.73,0.01,0.02,0.07,1,imu01,fusion_20260817T182717Z,2436,54484276,482881689921438
482881718000000,54504,-0.678,-0.034,-0.736,-0.02,-0.0,-0.07,1,imu01,fusion_20260817T182717Z,2437,54504272,482881709916718
482881734000000,54524,-0.677,-0.036,-0.737,0.12,-0.1,-0.12,1,imu01,fusion_20260817T182717Z,2438,54524276,482881729919997
482881765000000,54544,-0.677,-0.036,-0.733,-0.05,0.24,-0.09,1,imu01,fusion_20260817T182717Z,2439,54544272,482881749915277
482881781000000,54564,-0.679,-0.038,-0.736,-0.04,-0.09,0.06,1,imu01,fusion_20260817T182717Z,2440,54564276,482881769918556
482881796000000,54584,-0.678,-0.036,-0.729,0.11,-0.06,0.0,1,imu01,fusion_20260817T182717Z,2441,54584272,482881789913835
482881812000000,54604,-0.675,-0.034,-0.73,0.17,-0.06,-0.01,1,imu01,fusion_20260817T182717Z,2442,54604276,482881809917115
482881843000000,54624,-0.674,-0.036,-0.734,0.08,0.22,0.06,1,imu01,fusion_20260817T182717Z,2443,54624272,482881829912394
482881859000000,54644,-0.679,-0.036,-0.739,0.04,-0.02,-0.07,1,imu01,fusion_20260817T182717Z,2444,54644276,482881849915673
482881875000000,54664,-0.674,-0.033,-0.735,-0.02,-0.14,-0.0,1,imu01,fusion_20260817T182717Z,2445,54664272,482881869910953
482881906000000,54684,-0.673,-0.037,-0.733,-0.05,0.07,0.14,1,imu01,fusion_20260817T182717Z,2446,54684276,482881889914232
482881921000000,54704,-0.677,-0.034,-0.731,-0.26,0.01,0.06,1,imu01,fusion_20260817T182717Z,2447,54704272,482881909909512
482881937000000,54724,-0.678,-0.036,-0.735,0.02,-0.06,-0.11,1,imu01,fusion_20260817T182717Z,2448,54724276,482881929912791
482881953000000,54744,-0.674,-0.035,-0.74,0.12,0.02,-0.04,1,imu01,fusion_20260817T182717Z,2449,54744272,482881949908070
482881984000000,54764,-0.677,-0.036,-0.737,-0.01,0.19,0.05,1,imu01,fusion_20260817T182717Z,2450,54764276,482881969911350
482882000000000,54784,-0.68,-0.034,-0.728,0.09,0.09,0.03,1,imu01,fusion_20260817T182717Z,2451,54784272,482881989906629
482882015000000,54804,-0.677,-0.035,-0.737,-0.15,-0.03,-0.1,1,imu01,fusion_20260817T182717Z,2452,54804276,482882009909908
482882046000000,54824,-0.677,-0.038,-0.738,0.22,-0.06,-0.12,1,imu01,fusion_20260817T182717Z,2453,54824272,482882029905188
482882062000000,54844,-0.678,-0.037,-0.737,-0.05,0.19,-0.01,1,imu01,fusion_20260817T182717Z,2454,54844276,482882049908467
482882078000000,54864,-0.679,-0.04,-0.735,0.05,-0.05,0.07,1,imu01,fusion_20260817T182717Z,2455,54864272,482882069903746
482882093000000,54884,-0.675,-0.038,-0.729,-0.03,0.07,-0.03,1,imu01,fusion_20260817T182717Z,2456,54884276,482882089907026
482882125000000,54904,-0.677,-0.036,-0.73,0.17,0.01,0.12,1,imu01,fusion_20260817T182717Z,2457,54904272,482882109902305
482882140000000,54924,-0.677,-0.031,-0.734,-0.18,0.05,-0.0,1,imu01,fusion_20260817T182717Z,2458,54924276,482882129905584
482882156000000,54944,-0.676,-0.036,-0.737,-0.03,-0.16,-0.04,1,imu01,fusion_20260817T182717Z,2459,54944272,482882149900864
482882171000000,54964,-0.676,-0.035,-0.736,0.34,0.09,-0.04,1,imu01,fusion_20260817T182717Z,2460,54964276,482882169904143
482882203000000,54984,-0.679,-0.034,-0.735,0.11,0.1,0.03,1,imu01,fusion_20260817T182717Z,2461,54984272,482882189899423
482882218000000,55004,-0.676,-0.037,-0.731,-0.05,-0.03,-0.01,1,imu01,fusion_20260817T182717Z,2462,55004276,482882209902702
482882234000000,55024,-0.674,-0.038,-0.734,-0.31,-0.21,-0.03,1,imu01,fusion_20260817T182717Z,2463,55024272,482882229897981
482882265000000,55044,-0.676,-0.039,-0.73,-0.46,-0.21,0.06,1,imu01,fusion_20260817T182717Z,2464,55044276,482882249901261
482882281000000,55064,-0.674,-0.034,-0.734,-0.28,-0.09,0.16,1,imu01,fusion_20260817T182717Z,2465,55064272,482882269896540
482882296000000,55084,-0.677,-0.034,-0.736,-0.01,0.17,-0.02,1,imu01,fusion_20260817T182717Z,2466,55084276,482882289899819
482882312000000,55104,-0.68,-0.038,-0.736,-0.17,0.0,-0.07,1,imu01,fusion_20260817T182717Z,2467,55104272,482882309895099
482882343000000,55124,-0.676,-0.037,-0.741,-0.04,-0.09,-0.12,1,imu01,fusion_20260817T182717Z,2468,55124276,482882329898378
482882359000000,55144,-0.674,-0.036,-0.737,0.05,0.27,0.01,1,imu01,fusion_20260817T182717Z,2469,55144272,482882349893658
482882375000000,55164,-0.683,-0.038,-0.732,-0.04,0.05,0.14,1,imu01,fusion_20260817T182717Z,2470,55164276,482882369896937
482882406000000,55184,-0.678,-0.036,-0.736,-0.12,-0.02,-0.04,1,imu01,fusion_20260817T182717Z,2471,55184272,482882389892216
482882421000000,55204,-0.674,-0.037,-0.732,0.01,-0.06,0.0,1,imu01,fusion_20260817T182717Z,2472,55204276,482882409895495
482882437000000,55224,-0.674,-0.038,-0.728,0.08,0.25,-0.08,1,imu01,fusion_20260817T182717Z,2473,55224272,482882429890775
482882453000000,55244,-0.676,-0.036,-0.735,0.04,-0.03,0.08,1,imu01,fusion_20260817T182717Z,2474,55244276,482882449894054
482882484000000,55264,-0.677,-0.036,-0.738,-0.26,-0.07,0.05,1,imu01,fusion_20260817T182717Z,2475,55264272,482882469889334
482882500000000,55284,-0.678,-0.035,-0.736,0.17,0.04,-0.0,1,imu01,fusion_20260817T182717Z,2476,55284276,482882489892613
482882515000000,55304,-0.678,-0.033,-0.738,-0.08,0.09,-0.06,1,imu01,fusion_20260817T182717Z,2477,55304272,482882509887892
482882546000000,55324,-0.679,-0.037,-0.733,-0.03,-0.11,-0.04,1,imu01,fusion_20260817T182717Z,2478,55324276,482882529891172
482882562000000,55344,-0.678,-0.034,-0.734,0.21,0.11,0.02,1,imu01,fusion_20260817T182717Z,2479,55344272,482882549886451
482882578000000,55364,-0.678,-0.035,-0.739,0.14,0.07,0.07,1,imu01,fusion_20260817T182717Z,2480,55364276,482882569889730
482882593000000,55384,-0.675,-0.037,-0.733,0.18,0.26,0.01,1,imu01,fusion_20260817T182717Z,2481,55384272,482882589885010
482882625000000,55404,-0.675,-0.032,-0.732,0.06,-0.0,-0.08,1,imu01,fusion_20260817T182717Z,2482,55404276,482882609888289
482882640000000,55424,-0.678,-0.038,-0.742,-0.05,-0.0,-0.0,1,imu01,fusion_20260817T182717Z,2483,55424272,482882629883568
482882656000000,55444,-0.675,-0.035,-0.738,0.08,0.13,0.11,1,imu01,fusion_20260817T182717Z,2484,55444276,482882649886848
482882671000000,55464,-0.677,-0.034,-0.737,0.08,0.13,0.09,1,imu01,fusion_20260817T182717Z,2485,55464272,482882669882127
482882703000000,55484,-0.674,-0.038,-0.735,-0.2,-0.19,0.02,1,imu01,fusion_20260817T182717Z,2486,55484276,482882689885406
482882718000000,55504,-0.677,-0.038,-0.735,0.16,-0.07,-0.1,1,imu01,fusion_20260817T182717Z,2487,55504272,482882709880686
482882734000000,55524,-0.673,-0.039,-0.732,-0.05,0.15,-0.0,1,imu01,fusion_20260817T182717Z,2488,55524276,482882729883965
482882765000000,55544,-0.672,-0.038,-0.735,-0.17,0.0,0.11,1,imu01,fusion_20260817T182717Z,2489,55544272,482882749879245
482882781000000,55564,-0.67,-0.039,-0.728,-0.12,0.1,0.06,1,imu01,fusion_20260817T182717Z,2490,55564276,482882769882524
482882796000000,55584,-0.679,-0.039,-0.738,0.01,-0.13,-0.0,1,imu01,fusion_20260817T182717Z,2491,55584272,482882789877803
482882812000000,55604,-0.68,-0.034,-0.738,-0.14,0.17,-0.0,1,imu01,fusion_20260817T182717Z,2492,55604276,482882809881083
482882843000000,55624,-0.677,-0.039,-0.732,0.01,-0.07,-0.06,1,imu01,fusion_20260817T182717Z,2493,55624272,482882829876362
482882859000000,55644,-0.675,-0.037,-0.735,-0.02,0.03,-0.02,1,imu01,fusion_20260817T182717Z,2494,55644276,482882849879641
482882875000000,55664,-0.68,-0.032,-0.733,-0.01,0.12,0.13,1,imu01,fusion_20260817T182717Z,2495,55664272,482882869874921
482882906000000,55684,-0.675,-0.034,-0.736,-0.02,0.18,0.04,1,imu01,fusion_20260817T182717Z,2496,55684276,482882889878200
482882921000000,55704,-0.677,-0.037,-0.735,0.08,-0.12,-0.08,1,imu01,fusion_20260817T182717Z,2497,55704272,482882909873480
482882937000000,55724,-0.676,-0.034,-0.734,0.05,0.1,0.01,1,imu01,fusion_20260817T182717Z,2498,55724276,482882929876759
482882953000000,55744,-0.674,-0.035,-0.736,0.12,0.2,0.05,1,imu01,fusion_20260817T182717Z,2499,55744272,482882949872038
482882984000000,55764,-0.678,-0.036,-0.74,0.09,0.15,0.0,1,imu01,fusion_20260817T182717Z,2500,55764276,482882969875318
482883000000000,55784,-0.676,-0.04,-0.735,0.14,0.05,-0.04,1,imu01,fusion_20260817T182717Z,2501,55784272,482882989870597
482883015000000,55804,-0.673,-0.034,-0.728,0.1,0.1,-0.02,1,imu01,fusion_20260817T182717Z,2502,55804276,482883009873876
482883046000000,55824,-0.674,-0.032,-0.737,-0.17,0.14,0.01,1,imu01,fusion_20260817T182717Z,2503,55824272,482883029869156
482883062000000,55844,-0.678,-0.034,-0.734,-0.1,0.22,-0.05,1,imu01,fusion_20260817T182717Z,2504,55844276,482883049872435
482883078000000,55864,-0.678,-0.038,-0.728,-0.02,0.07,-0.0,1,imu01,fusion_20260817T182717Z,2505,55864272,482883069867714
482883093000000,55884,-0.677,-0.037,-0.735,-0.05,-0.18,-0.04,1,imu01,fusion_20260817T182717Z,2506,55884276,482883089870994
482883125000000,55904,-0.675,-0.034,-0.739,-0.08,0.13,-0.02,1,imu01,fusion_20260817T182717Z,2507,55904272,482883109866273
482883140000000,55924,-0.674,-0.037,-0.732,-0.07,-0.07,0.09,1,imu01,fusion_20260817T182717Z,2508,55924276,482883129869552
482883156000000,55944,-0.673,-0.036,-0.732,-0.18,-0.0,0.03,1,imu01,fusion_20260817T182717Z,2509,55944272,482883149864832
482883171000000,55964,-0.675,-0.035,-0.734,0.07,-0.15,-0.07,1,imu01,fusion_20260817T182717Z,2510,55964276,482883169868111
482883203000000,55984,-0.678,-0.037,-0.735,-0.18,0.1,-0.02,1,imu01,fusion_20260817T182717Z,2511,55984272,482883189863391
482883218000000,56004,-0.674,-0.034,-0.736,-0.01,-0.15,-0.01,1,imu01,fusion_20260817T182717Z,2512,56004276,482883209866670
482883234000000,56024,-0.68,-0.033,-0.731,-0.01,-0.04,-0.0,1,imu01,fusion_20260817T182717Z,2513,56024272,482883229861949
482883265000000,56044,-0.679,-0.035,-0.737,-0.01,-0.07,-0.02,1,imu01,fusion_20260817T182717Z,2514,56044276,482883249865228
482883281000000,56064,-0.679,-0.034,-0.736,-0.01,0.2,-0.04,1,imu01,fusion_20260817T182717Z,2515,56064272,482883269860508
482883296000000,56084,-0.677,-0.037,-0.736,-0.11,-0.1,-0.15,1,imu01,fusion_20260817T182717Z,2516,56084276,482883289863787
482883312000000,56104,-0.674,-0.036,-0.742,-0.05,-0.06,-0.07,1,imu01,fusion_20260817T182717Z,2517,56104272,482883309859067
482883343000000,56124,-0.676,-0.036,-0.737,0.05,0.11,0.07,1,imu01,fusion_20260817T182717Z,2518,56124276,482883329862346
482883359000000,56144,-0.679,-0.034,-0.728,0.01,0.1,0.11,1,imu01,fusion_20260817T182717Z,2519,56144272,482883349857625
482883375000000,56164,-0.677,-0.034,-0.739,0.03,-0.04,-0.02,1,imu01,fusion_20260817T182717Z,2520,56164276,482883369860905
482883406000000,56184,-0.682,-0.034,-0.732,0.15,-0.08,-0.05,1,imu01,fusion_20260817T182717Z,2521,56184272,482883389856184
482883421000000,56204,-0.679,-0.033,-0.732,-0.13,0.02,0.01,1,imu01,fusion_20260817T182717Z,2522,56204276,482883409859463
482883437000000,56224,-0.675,-0.037,-0.733,-0.06,-0.06,0.13,1,imu01,fusion_20260817T182717Z,2523,56224272,482883429854743
482883453000000,56244,-0.674,-0.037,-0.737,-0.02,0.0,-0.03,1,imu01,fusion_20260817T182717Z,2524,56244276,482883449858022
482883484000000,56264,-0.675,-0.035,-0.731,0.05,-0.1,-0.07,1,imu01,fusion_20260817T182717Z,2525,56264272,482883469853302
482883500000000,56284,-0.674,-0.04,-0.731,-0.07,0.12,-0.1,1,imu01,fusion_20260817T182717Z,2526,56284276,482883489856581
482883515000000,56304,-0.677,-0.035,-0.733,-0.02,-0.03,0.02,1,imu01,fusion_20260817T182717Z,2527,56304272,482883509851860
482883546000000,56324,-0.675,-0.037,-0.735,-0.01,-0.05,0.04,1,imu01,fusion_20260817T182717Z,2528,56324276,482883529855140
482883562000000,56344,-0.674,-0.035,-0.742,-0.11,-0.19,0.04,1,imu01,fusion_20260817T182717Z,2529,56344272,482883549850419
482883578000000,56364,-0.675,-0.035,-0.731,-0.2,0.1,-0.07,1,imu01,fusion_20260817T182717Z,2530,56364276,482883569853698
482883593000000,56384,-0.677,-0.035,-0.742,-0.2,-0.19,-0.01,1,imu01,fusion_20260817T182717Z,2531,56384272,482883589848978
482883625000000,56404,-0.673,-0.036,-0.735,-0.22,-0.19,0.01,1,imu01,fusion_20260817T182717Z,2532,56404276,482883609852257
482883640000000,56424,-0.678,-0.033,-0.736,-0.21,-0.19,0.03,1,imu01,fusion_20260817T182717Z,2533,56424272,482883629847536
482883656000000,56444,-0.675,-0.034,-0.741,-0.14,0.09,-0.01,1,imu01,fusion_20260817T182717Z,2534,56444276,482883649850816
482883687000000,56464,-0.675,-0.035,-0.735,0.03,-0.02,-0.07,1,imu01,fusion_20260817T182717Z,2535,56464272,482883669846095
482883703000000,56484,-0.678,-0.032,-0.731,-0.31,-0.13,-0.04,1,imu01,fusion_20260817T182717Z,2536,56484276,482883689849374
482883718000000,56504,-0.676,-0.035,-0.733,0.16,0.24,-0.0,1,imu01,fusion_20260817T182717Z,2537,56504272,482883709844654
482883734000000,56524,-0.676,-0.036,-0.731,0.21,0.29,0.03,1,imu01,fusion_20260817T182717Z,2538,56524276,482883729847933
482883765000000,56544,-0.677,-0.032,-0.727,-0.13,-0.04,-0.1,1,imu01,fusion_20260817T182717Z,2539,56544272,482883749843213
482883781000000,56564,-0.677,-0.035,-0.742,0.13,-0.06,-0.06,1,imu01,fusion_20260817T182717Z,2540,56564276,482883769846492
482883796000000,56584,-0.68,-0.035,-0.741,0.14,0.3,0.02,1,imu01,fusion_20260817T182717Z,2541,56584272,482883789841771
482883812000000,56604,-0.679,-0.033,-0.733,-0.09,0.15,0.14,1,imu01,fusion_20260817T182717Z,2542,56604276,482883809845051
482883843000000,56624,-0.674,-0.034,-0.737,0.01,0.1,0.06,1,imu01,fusion_20260817T182717Z,2543,56624272,482883829840330
482883859000000,56644,-0.673,-0.034,-0.736,0.16,-0.09,-0.1,1,imu01,fusion_20260817T182717Z,2544,56644276,482883849843609
482883875000000,56664,-0.676,-0.034,-0.736,-0.0,0.11,-0.01,1,imu01,fusion_20260817T182717Z,2545,56664272,482883869838889
482883906000000,56684,-0.678,-0.035,-0.739,-0.01,0.06,0.07,1,imu01,fusion_20260817T182717Z,2546,56684276,482883889842168
482883921000000,56704,-0.677,-0.038,-0.738,-0.06,0.0,0.11,1,imu01,fusion_20260817T182717Z,2547,56704272,482883909837448
482883937000000,56724,-0.678,-0.031,-0.741,-0.19,-0.17,0.09,1,imu01,fusion_20260817T182717Z,2548,56724276,482883929840727
482883953000000,56744,-0.679,-0.038,-0.736,-0.21,0.06,-0.05,1,imu01,fusion_20260817T182717Z,2549,56744272,482883949836006
482883984000000,56764,-0.68,-0.034,-0.731,-0.12,-0.13,-0.02,1,imu01,fusion_20260817T182717Z,2550,56764276,482883969839285
482884000000000,56784,-0.676,-0.033,-0.735,0.23,0.04,-0.04,1,imu01,fusion_20260817T182717Z,2551,56784272,482883989834565
482884015000000,56804,-0.673,-0.038,-0.732,0.17,0.06,0.06,1,imu01,fusion_20260817T182717Z,2552,56804276,482884009837844
482884046000000,56824,-0.679,-0.037,-0.734,-0.11,0.1,-0.04,1,imu01,fusion_20260817T182717Z,2553,56824272,482884029833124
482884062000000,56844,-0.679,-0.036,-0.741,-0.08,-0.08,-0.1,1,imu01,fusion_20260817T182717Z,2554,56844276,482884049836403
482884078000000,56864,-0.674,-0.034,-0.737,-0.17,-0.19,-0.07,1,imu01,fusion_20260817T182717Z,2555,56864272,482884069831682
482884093000000,56884,-0.676,-0.032,-0.739,0.24,0.16,0.06,1,imu01,fusion_20260817T182717Z,2556,56884276,482884089834962
482884125000000,56904,-0.68,-0.038,-0.738,-0.28,-0.04,0.09,1,imu01,fusion_20260817T182717Z,2557,56904272,482884109830241
482884140000000,56924,-0.67,-0.033,-0.741,0.04,-0.03,-0.08,1,imu01,fusion_20260817T182717Z,2558,56924276,482884129833520
482884156000000,56944,-0.676,-0.035,-0.732,0.47,0.06,-0.09,1,imu01,fusion_20260817T182717Z,2559,56944272,482884149828800
482884187000000,56964,-0.675,-0.032,-0.742,-0.12,0.2,-0.03,1,imu01,fusion_20260817T182717Z,2560,56964276,482884169832079
482884203000000,56984,-0.677,-0.038,-0.737,0.17,0.11,0.09,1,imu01,fusion_20260817T182717Z,2561,56984272,482884189827358
482884218000000,57004,-0.677,-0.034,-0.734,0.08,0.07,0.03,1,imu01,fusion_20260817T182717Z,2562,57004276,482884209830638
482884234000000,57024,-0.676,-0.038,-0.732,0.17,-0.1,-0.07,1,imu01,fusion_20260817T182717Z,2563,57024272,482884229825917
482884265000000,57044,-0.678,-0.033,-0.736,-0.08,0.22,-0.05,1,imu01,fusion_20260817T182717Z,2564,57044276,482884249829196
482884281000000,57064,-0.677,-0.035,-0.735,-0.13,-0.18,-0.03,1,imu01,fusion_20260817T182717Z,2565,57064272,482884269824476
482884296000000,57084,-0.678,-0.034,-0.736,-0.05,-0.02,0.05,1,imu01,fusion_20260817T182717Z,2566,57084276,482884289827755
482884312000000,57104,-0.675,-0.037,-0.743,-0.14,-0.13,0.03,1,imu01,fusion_20260817T182717Z,2567,57104272,482884309823035
482884343000000,57124,-0.679,-0.034,-0.735,-0.39,0.01,0.01,1,imu01,fusion_20260817T182717Z,2568,57124276,482884329826314
482884359000000,57144,-0.674,-0.04,-0.736,-0.12,-0.07,-0.1,1,imu01,fusion_20260817T182717Z,2569,57144272,482884349821593
482884375000000,57164,-0.678,-0.037,-0.743,0.05,0.07,-0.0,1,imu01,fusion_20260817T182717Z,2570,57164276,482884369824873
482884406000000,57184,-0.678,-0.035,-0.74,0.2,0.2,0.06,1,imu01,fusion_20260817T182717Z,2571,57184272,482884389820152
482884421000000,57204,-0.68,-0.03,-0.739,-0.07,0.12,0.06,1,imu01,fusion_20260817T182717Z,2572,57204276,482884409823431
482884437000000,57224,-0.682,-0.036,-0.734,-0.01,-0.1,-0.09,1,imu01,fusion_20260817T182717Z,2573,57224272,482884429818711
482884453000000,57244,-0.682,-0.034,-0.739,-0.56,-0.38,0.01,1,imu01,fusion_20260817T182717Z,2574,57244276,482884449821990
482884484000000,57264,-0.672,-0.042,-0.734,0.36,0.23,-0.08,1,imu01,fusion_20260817T182717Z,2575,57264272,482884469817270
482884500000000,57284,-0.677,-0.037,-0.741,0.5,0.3,0.0,1,imu01,fusion_20260817T182717Z,2576,57284276,482884489820549
482884515000000,57304,-0.675,-0.037,-0.735,-0.09,-0.12,-0.09,1,imu01,fusion_20260817T182717Z,2577,57304272,482884509815828
482884546000000,57324,-0.67,-0.037,-0.734,0.2,-0.0,-0.1,1,imu01,fusion_20260817T182717Z,2578,57324276,482884529819107
482884562000000,57344,-0.673,-0.036,-0.737,-0.03,0.12,-0.13,1,imu01,fusion_20260817T182717Z,2579,57344272,482884549814387
482884578000000,57364,-0.678,-0.034,-0.739,-0.0,-0.09,0.12,1,imu01,fusion_20260817T182717Z,2580,57364276,482884569817666
482884593000000,57384,-0.674,-0.034,-0.735,0.06,-0.05,0.06,1,imu01,fusion_20260817T182717Z,2581,57384272,482884589812946
482884625000000,57404,-0.681,-0.039,-0.734,-0.0,-0.04,0.06,1,imu01,fusion_20260817T182717Z,2582,57404276,482884609816225
482884640000000,57424,-0.676,-0.037,-0.73,-0.04,0.1,-0.05,1,imu01,fusion_20260817T182717Z,2583,57424272,482884629811504
482884656000000,57444,-0.676,-0.036,-0.728,-0.09,-0.17,-0.0,1,imu01,fusion_20260817T182717Z,2584,57444276,482884649814784
482884671000000,57464,-0.676,-0.033,-0.734,0.01,-0.04,0.01,1,imu01,fusion_20260817T182717Z,2585,57464272,482884669810063
482884703000000,57484,-0.68,-0.034,-0.738,-0.25,-0.22,0.1,1,imu01,fusion_20260817T182717Z,2586,57484276,482884689813342
482884718000000,57504,-0.678,-0.038,-0.74,0.06,0.15,-0.08,1,imu01,fusion_20260817T182717Z,2587,57504272,482884709808622
482884734000000,57524,-0.677,-0.036,-0.736,-0.15,-0.14,-0.07,1,imu01,fusion_20260817T182717Z,2588,57524276,482884729811901
482884765000000,57544,-0.677,-0.038,-0.732,-0.07,-0.19,0.05,1,imu01,fusion_20260817T182717Z,2589,57544272,482884749807181
482884781000000,57564,-0.68,-0.034,-0.736,-0.04,0.04,0.0,1,imu01,fusion_20260817T182717Z,2590,57564276,482884769810460
482884796000000,57584,-0.675,-0.035,-0.733,0.09,0.16,-0.01,1,imu01,fusion_20260817T182717Z,2591,57584272,482884789805739
482884812000000,57604,-0.679,-0.033,-0.734,0.11,0.04,-0.06,1,imu01,fusion_20260817T182717Z,2592,57604276,482884809809018
482884843000000,57624,-0.674,-0.034,-0.736,0.18,-0.12,-0.07,1,imu01,fusion_20260817T182717Z,2593,57624272,482884829804298
482884859000000,57644,-0.674,-0.03,-0.729,0.17,0.15,0.06,1,imu01,fusion_20260817T182717Z,2594,57644276,482884849807577
482884875000000,57664,-0.68,-0.035,-0.736,-0.12,-0.11,0.06,1,imu01,fusion_20260817T182717Z,2595,57664272,482884869802857
482884906000000,57684,-0.68,-0.033,-0.733,0.05,0.05,-0.13,1,imu01,fusion_20260817T182717Z,2596,57684276,482884889806136
482884921000000,57704,-0.683,-0.039,-0.735,0.11,-0.18,-0.08,1,imu01,fusion_20260817T182717Z,2597,57704272,482884909801415
482884937000000,57724,-0.674,-0.031,-0.741,-0.11,0.1,-0.04,1,imu01,fusion_20260817T182717Z,2598,57724276,482884929804695
482884953000000,57744,-0.676,-0.033,-0.734,0.16,-0.07,0.03,1,imu01,fusion_20260817T182717Z,2599,57744272,482884949799974
482884984000000,57764,-0.677,-0.032,-0.735,-0.06,-0.0,0.03,1,imu01,fusion_20260817T182717Z,2600,57764276,482884969803253
482885000000000,57784,-0.675,-0.035,-0.738,0.21,0.06,-0.02,1,imu01,fusion_20260817T182717Z,2601,57784272,482884989798533
482885015000000,57804,-0.676,-0.033,-0.739,0.17,0.2,-0.03,1,imu01,fusion_20260817T182717Z,2602,57804276,482885009801812
482885046000000,57824,-0.67,-0.039,-0.737,-0.12,-0.06,-0.08,1,imu01,fusion_20260817T182717Z,2603,57824272,482885029797092
482885062000000,57844,-0.678,-0.036,-0.741,0.05,-0.07,0.0,1,imu01,fusion_20260817T182717Z,2604,57844276,482885049800371
482885078000000,57864,-0.673,-0.037,-0.738,0.14,-0.13,0.03,1,imu01,fusion_20260817T182717Z,2605,57864272,482885069795650
482885093000000,57884,-0.674,-0.037,-0.743,0.06,0.13,-0.08,1,imu01,fusion_20260817T182717Z,2606,57884276,482885089798930
482885125000000,57904,-0.675,-0.039,-0.736,-0.09,-0.13,-0.11,1,imu01,fusion_20260817T182717Z,2607,57904272,482885109794209
482885140000000,57924,-0.673,-0.035,-0.736,-0.02,0.02,0.01,1,imu01,fusion_20260817T182717Z,2608,57924276,482885129797488
482885156000000,57944,-0.68,-0.034,-0.733,0.01,0.02,0.01,1,imu01,fusion_20260817T182717Z,2609,57944272,482885149792768
482885171000000,57964,-0.68,-0.038,-0.738,0.1,0.04,0.09,1,imu01,fusion_20260817T182717Z,2610,57964276,482885169796047
482885203000000,57984,-0.676,-0.037,-0.734,0.04,0.01,-0.1,1,imu01,fusion_20260817T182717Z,2611,57984272,482885189791326
482885218000000,58004,-0.677,-0.037,-0.742,0.05,-0.06,-0.02,1,imu01,fusion_20260817T182717Z,2612,58004276,482885209794606
482885234000000,58024,-0.677,-0.034,-0.73,0.05,0.22,-0.05,1,imu01,fusion_20260817T182717Z,2613,58024272,482885229789885
482885265000000,58044,-0.67,-0.038,-0.734,-0.05,-0.12,0.07,1,imu01,fusion_20260817T182717Z,2614,58044276,482885249793164
482885281000000,58064,-0.68,-0.034,-0.743,-0.01,0.07,0.01,1,imu01,fusion_20260817T182717Z,2615,58064272,482885269788444
482885296000000,58084,-0.673,-0.039,-0.736,0.02,-0.1,-0.02,1,imu01,fusion_20260817T182717Z,2616,58084276,482885289791723
482885312000000,58104,-0.676,-0.034,-0.726,-0.02,0.2,-0.0,1,imu01,fusion_20260817T182717Z,2617,58104272,482885309787003
482885343000000,58124,-0.678,-0.031,-0.739,-0.12,-0.01,0.11,1,imu01,fusion_20260817T182717Z,2618,58124276,482885329790282
482885359000000,58144,-0.674,-0.034,-0.737,-0.12,0.01,0.04,1,imu01,fusion_20260817T182717Z,2619,58144272,482885349785561
482885375000000,58164,-0.675,-0.034,-0.739,-0.2,-0.14,0.03,1,imu01,fusion_20260817T182717Z,2620,58164276,482885369788840
482885406000000,58184,-0.671,-0.034,-0.735,-0.03,0.07,-0.15,1,imu01,fusion_20260817T182717Z,2621,58184272,482885389784120
482885421000000,58204,-0.681,-0.032,-0.736,-0.14,-0.06,-0.1,1,imu01,fusion_20260817T182717Z,2622,58204276,482885409787399
482885437000000,58224,-0.679,-0.036,-0.732,-0.14,-0.22,0.03,1,imu01,fusion_20260817T182717Z,2623,58224272,482885429782679
482885453000000,58244,-0.675,-0.034,-0.731,0.01,0.17,0.15,1,imu01,fusion_20260817T182717Z,2624,58244276,482885449785958
482885484000000,58264,-0.675,-0.032,-0.735,-0.01,0.15,0.02,1,imu01,fusion_20260817T182717Z,2625,58264272,482885469781237
482885500000000,58284,-0.675,-0.036,-0.735,-0.43,-0.22,0.02,1,imu01,fusion_20260817T182717Z,2626,58284276,482885489784517
482885515000000,58304,-0.679,-0.036,-0.737,0.26,0.05,-0.13,1,imu01,fusion_20260817T182717Z,2627,58304272,482885509779796
482885546000000,58324,-0.675,-0.034,-0.735,0.13,0.16,0.06,1,imu01,fusion_20260817T182717Z,2628,58324276,482885529783075
482885562000000,58344,-0.675,-0.031,-0.737,-0.04,0.04,0.08,1,imu01,fusion_20260817T182717Z,2629,58344272,482885549778355
482885578000000,58364,-0.671,-0.034,-0.737,0.11,0.07,-0.16,1,imu01,fusion_20260817T182717Z,2630,58364276,482885569781634
482885593000000,58384,-0.676,-0.035,-0.736,0.01,-0.08,-0.04,1,imu01,fusion_20260817T182717Z,2631,58384272,482885589776914
482885625000000,58404,-0.677,-0.03,-0.737,0.14,0.12,-0.07,1,imu01,fusion_20260817T182717Z,2632,58404276,482885609780193
482885640000000,58424,-0.679,-0.035,-0.734,0.14,-0.01,0.11,1,imu01,fusion_20260817T182717Z,2633,58424272,482885629775472
482885656000000,58444,-0.677,-0.031,-0.735,-0.08,-0.09,-0.01,1,imu01,fusion_20260817T182717Z,2634,58444276,482885649778752
482885671000000,58464,-0.678,-0.034,-0.734,0.2,-0.03,-0.01,1,imu01,fusion_20260817T182717Z,2635,58464272,482885669774031
482885703000000,58484,-0.678,-0.037,-0.731,0.14,0.23,-0.0,1,imu01,fusion_20260817T182717Z,2636,58484276,482885689777310
482885718000000,58504,-0.677,-0.032,-0.733,0.04,-0.03,0.04,1,imu01,fusion_20260817T182717Z,2637,58504272,482885709772590
482885734000000,58524,-0.678,-0.038,-0.736,-0.0,0.04,-0.0,1,imu01,fusion_20260817T182717Z,2638,58524276,482885729775869
482885765000000,58544,-0.676,-0.037,-0.733,0.04,-0.02,0.09,1,imu01,fusion_20260817T182717Z,2639,58544272,482885749771148
482885781000000,58564,-0.678,-0.037,-0.735,0.01,0.09,-0.08,1,imu01,fusion_20260817T182717Z,2640,58564276,482885769774428
482885796000000,58584,-0.676,-0.038,-0.731,0.14,-0.02,-0.16,1,imu01,fusion_20260817T182717Z,2641,58584272,482885789769707
482885812000000,58604,-0.675,-0.034,-0.743,0.11,0.05,-0.02,1,imu01,fusion_20260817T182717Z,2642,58604276,482885809772986
482885843000000,58624,-0.678,-0.037,-0.737,0.05,0.19,0.06,1,imu01,fusion_20260817T182717Z,2643,58624272,482885829768266
482885859000000,58644,-0.676,-0.035,-0.732,0.04,0.16,0.0,1,imu01,fusion_20260817T182717Z,2644,58644276,482885849771545
482885875000000,58664,-0.679,-0.036,-0.737,-0.12,0.04,0.03,1,imu01,fusion_20260817T182717Z,2645,58664272,482885869766825
482885906000000,58684,-0.679,-0.036,-0.734,0.07,0.07,-0.04,1,imu01,fusion_20260817T182717Z,2646,58684276,482885889770104
482885921000000,58704,-0.676,-0.036,-0.735,-0.11,0.15,0.01,1,imu01,fusion_20260817T182717Z,2647,58704272,482885909765383
482885937000000,58724,-0.677,-0.031,-0.744,-0.04,0.0,-0.01,1,imu01,fusion_20260817T182717Z,2648,58724276,482885929768663
482885953000000,58744,-0.671,-0.035,-0.744,-0.08,0.04,-0.07,1,imu01,fusion_20260817T182717Z,2649,58744272,482885949763942
482885984000000,58764,-0.68,-0.038,-0.73,0.1,-0.11,-0.01,1,imu01,fusion_20260817T182717Z,2650,58764276,482885969767221
482886000000000,58784,-0.675,-0.035,-0.736,0.02,0.14,-0.01,1,imu01,fusion_20260817T182717Z,2651,58784272,482885989762501
482886015000000,58804,-0.673,-0.04,-0.736,-0.02,-0.07,0.13,1,imu01,fusion_20260817T182717Z,2652,58804276,482886009765780
482886046000000,58824,-0.677,-0.034,-0.728,0.01,-0.0,0.03,1,imu01,fusion_20260817T182717Z,2653,58824272,482886029761060
482886062000000,58844,-0.675,-0.036,-0.734,0.13,-0.06,-0.03,1,imu01,fusion_20260817T182717Z,2654,58844276,482886049764339
482886078000000,58864,-0.678,-0.033,-0.737,0.05,0.1,-0.03,1,imu01,fusion_20260817T182717Z,2655,58864272,482886069759618
482886093000000,58884,-0.676,-0.035,-0.738,0.04,-0.11,0.01,1,imu01,fusion_20260817T182717Z,2656,58884276,482886089762897
482886125000000,58904,-0.678,-0.036,-0.736,0.01,-0.07,0.12,1,imu01,fusion_20260817T182717Z,2657,58904272,482886109758177
482886140000000,58924,-0.677,-0.036,-0.736,0.02,-0.0,0.06,1,imu01,fusion_20260817T182717Z,2658,58924276,482886129761456
482886156000000,58944,-0.675,-0.035,-0.727,-0.03,0.09,0.01,1,imu01,fusion_20260817T182717Z,2659,58944272,482886149756736
482886171000000,58964,-0.676,-0.035,-0.732,-0.05,-0.03,-0.03,1,imu01,fusion_20260817T182717Z,2660,58964276,482886169760015
482886203000000,58984,-0.675,-0.035,-0.73,0.01,0.0,-0.0,1,imu01,fusion_20260817T182717Z,2661,58984272,482886189755294
482886218000000,59004,-0.677,-0.032,-0.738,-0.06,0.1,0.05,1,imu01,fusion_20260817T182717Z,2662,59004276,482886209758574
482886234000000,59024,-0.677,-0.036,-0.734,-0.05,0.16,0.07,1,imu01,fusion_20260817T182717Z,2663,59024272,482886229753853
482886265000000,59044,-0.677,-0.035,-0.741,-0.04,0.08,-0.03,1,imu01,fusion_20260817T182717Z,2664,59044276,482886249757132
482886281000000,59064,-0.675,-0.036,-0.737,0.04,-0.16,-0.08,1,imu01,fusion_20260817T182717Z,2665,59064272,482886269752412
482886296000000,59084,-0.675,-0.035,-0.737,0.08,0.15,-0.02,1,imu01,fusion_20260817T182717Z,2666,59084276,482886289755691
482886312000000,59104,-0.678,-0.034,-0.735,0.03,-0.0,0.12,1,imu01,fusion_20260817T182717Z,2667,59104272,482886309750970
482886343000000,59124,-0.678,-0.03,-0.738,-0.02,-0.03,0.04,1,imu01,fusion_20260817T182717Z,2668,59124276,482886329754250
482886359000000,59144,-0.676,-0.037,-0.736,0.03,-0.19,-0.09,1,imu01,fusion_20260817T182717Z,2669,59144272,482886349749529
482886375000000,59164,-0.678,-0.034,-0.739,0.03,0.12,-0.15,1,imu01,fusion_20260817T182717Z,2670,59164276,482886369752808
482886406000000,59184,-0.677,-0.035,-0.733,0.07,0.03,-0.01,1,imu01,fusion_20260817T182717Z,2671,59184272,482886389748088
482886421000000,59204,-0.68,-0.032,-0.734,-0.18,-0.09,0.05,1,imu01,fusion_20260817T182717Z,2672,59204276,482886409751367
482886437000000,59224,-0.678,-0.036,-0.738,-0.0,-0.09,0.07,1,imu01,fusion_20260817T182717Z,2673,59224272,482886429746647
482886453000000,59244,-0.676,-0.035,-0.738,-0.02,0.2,-0.02,1,imu01,fusion_20260817T182717Z,2674,59244276,482886449749926
482886484000000,59264,-0.675,-0.038,-0.737,0.14,0.04,-0.05,1,imu01,fusion_20260817T182717Z,2675,59264272,482886469745205
482886500000000,59284,-0.673,-0.036,-0.73,-0.02,-0.05,0.04,1,imu01,fusion_20260817T182717Z,2676,59284276,482886489748485
482886515000000,59304,-0.679,-0.037,-0.734,0.16,-0.0,0.01,1,imu01,fusion_20260817T182717Z,2677,59304272,482886509743764
482886546000000,59324,-0.675,-0.034,-0.741,-0.05,0.18,0.08,1,imu01,fusion_20260817T182717Z,2678,59324276,482886529747043
482886562000000,59344,-0.676,-0.037,-0.734,-0.05,0.05,-0.11,1,imu01,fusion_20260817T182717Z,2679,59344272,482886549742323
482886578000000,59364,-0.673,-0.036,-0.737,-0.04,-0.06,0.03,1,imu01,fusion_20260817T182717Z,2680,59364276,482886569745602
482886593000000,59384,-0.676,-0.032,-0.735,-0.05,0.13,0.07,1,imu01,fusion_20260817T182717Z,2681,59384272,482886589740882
482886625000000,59404,-0.676,-0.037,-0.734,-0.07,0.12,0.13,1,imu01,fusion_20260817T182717Z,2682,59404276,482886609744161
482886640000000,59424,-0.673,-0.035,-0.74,-0.0,0.0,0.0,1,imu01,fusion_20260817T182717Z,2683,59424272,482886629739440
482886656000000,59444,-0.676,-0.033,-0.737,0.12,-0.09,-0.1,1,imu01,fusion_20260817T182717Z,2684,59444276,482886649742720
482886671000000,59464,-0.678,-0.032,-0.735,-0.09,0.1,0.0,1,imu01,fusion_20260817T182717Z,2685,59464272,482886669737999
482886703000000,59484,-0.677,-0.034,-0.735,0.04,0.06,0.1,1,imu01,fusion_20260817T182717Z,2686,59484276,482886689741278
482886718000000,59504,-0.677,-0.037,-0.731,-0.05,-0.03,0.03,1,imu01,fusion_20260817T182717Z,2687,59504272,482886709736558
482886734000000,59524,-0.676,-0.035,-0.734,0.04,-0.12,-0.03,1,imu01,fusion_20260817T182717Z,2688,59524276,482886729739837
482886765000000,59544,-0.676,-0.036,-0.736,-0.08,0.12,-0.07,1,imu01,fusion_20260817T182717Z,2689,59544272,482886749735116
482886781000000,59564,-0.677,-0.035,-0.735,0.01,-0.01,0.04,1,imu01,fusion_20260817T182717Z,2690,59564276,482886769738396
482886796000000,59584,-0.675,-0.034,-0.736,0.04,-0.06,0.03,1,imu01,fusion_20260817T182717Z,2691,59584272,482886789733675
482886812000000,59604,-0.675,-0.032,-0.734,0.02,-0.0,0.03,1,imu01,fusion_20260817T182717Z,2692,59604276,482886809736954
482886843000000,59624,-0.674,-0.036,-0.732,-0.11,-0.01,-0.03,1,imu01,fusion_20260817T182717Z,2693,59624272,482886829732234
482886859000000,59644,-0.673,-0.037,-0.732,0.05,-0.01,-0.1,1,imu01,fusion_20260817T182717Z,2694,59644276,482886849735513
482886875000000,59664,-0.679,-0.036,-0.732,0.01,-0.0,-0.02,1,imu01,fusion_20260817T182717Z,2695,59664272,482886869730793
482886906000000,59684,-0.677,-0.036,-0.735,0.1,0.12,0.05,1,imu01,fusion_20260817T182717Z,2696,59684276,482886889734072
482886921000000,59704,-0.678,-0.032,-0.729,-0.12,0.13,0.06,1,imu01,fusion_20260817T182717Z,2697,59704272,482886909729351
482886937000000,59724,-0.679,-0.035,-0.74,-0.03,-0.04,-0.09,1,imu01,fusion_20260817T182717Z,2698,59724276,482886929732630
482886953000000,59744,-0.68,-0.036,-0.74,-0.01,-0.09,-0.0,1,imu01,fusion_20260817T182717Z,2699,59744272,482886949727910
482886984000000,59764,-0.678,-0.037,-0.738,-0.1,0.08,0.07,1,imu01,fusion_20260817T182717Z,2700,59764276,482886969731189
482887000000000,59784,-0.677,-0.038,-0.736,-0.03,-0.05,0.09,1,imu01,fusion_20260817T182717Z,2701,59784272,482886989726469
482887015000000,59804,-0.677,-0.033,-0.74,-0.05,-0.08,0.0,1,imu01,fusion_20260817T182717Z,2702,59804276,482887009729748
482887046000000,59824,-0.674,-0.04,-0.731,0.15,-0.03,0.02,1,imu01,fusion_20260817T182717Z,2703,59824272,482887029725027
482887062000000,59844,-0.678,-0.031,-0.737,-0.05,0.1,-0.05,1,imu01,fusion_20260817T182717Z,2704,59844276,482887049728307
482887078000000,59864,-0.678,-0.034,-0.733,0.08,0.04,0.03,1,imu01,fusion_20260817T182717Z,2705,59864272,482887069723586
482887093000000,59884,-0.674,-0.035,-0.731,0.15,0.04,-0.07,1,imu01,fusion_20260817T182717Z,2706,59884276,482887089726865
482887125000000,59904,-0.674,-0.033,-0.731,0.08,0.02,-0.01,1,imu01,fusion_20260817T182717Z,2707,59904272,482887109722145
482887140000000,59924,-0.678,-0.039,-0.733,-0.02,0.13,-0.07,1,imu01,fusion_20260817T182717Z,2708,59924276,482887129725424
482887156000000,59944,-0.681,-0.033,-0.737,-0.02,-0.05,0.03,1,imu01,fusion_20260817T182717Z,2709,59944272,482887149720704
482887187000000,59964,-0.677,-0.035,-0.728,0.02,-0.02,0.01,1,imu01,fusion_20260817T182717Z,2710,59964276,482887169723983
482887203000000,59984,-0.679,-0.034,-0.736,0.05,0.02,0.13,1,imu01,fusion_20260817T182717Z,2711,59984272,482887189719262
482887218000000,60004,-0.677,-0.034,-0.735,-0.12,0.15,0.02,1,imu01,fusion_20260817T182717Z,2712,60004276,482887209722542
482887234000000,60024,-0.673,-0.037,-0.744,-0.05,-0.01,-0.01,1,imu01,fusion_20260817T182717Z,2713,60024272,482887229717821
482887265000000,60044,-0.676,-0.033,-0.733,-0.07,-0.02,-0.04,1,imu01,fusion_20260817T182717Z,2714,60044276,482887249721100
482887281000000,60064,-0.675,-0.037,-0.734,-0.12,0.0,0.02,1,imu01,fusion_20260817T182717Z,2715,60064272,482887269716380
482887296000000,60084,-0.678,-0.038,-0.726,0.01,0.07,0.09,1,imu01,fusion_20260817T182717Z,2716,60084276,482887289719659
482887312000000,60104,-0.674,-0.034,-0.733,-0.37,-0.19,-0.04,1,imu01,fusion_20260817T182717Z,2717,60104272,482887309714938
482887343000000,60124,-0.68,-0.039,-0.739,0.17,-0.03,-0.13,1,imu01,fusion_20260817T182717Z,2718,60124276,482887329718218
482887359000000,60144,-0.677,-0.035,-0.736,-0.19,0.03,-0.06,1,imu01,fusion_20260817T182717Z,2719,60144272,482887349713497
482887375000000,60164,-0.674,-0.033,-0.735,-0.14,0.04,0.14,1,imu01,fusion_20260817T182717Z,2720,60164276,482887369716776
482887406000000,60184,-0.677,-0.033,-0.73,-0.05,0.1,0.05,1,imu01,fusion_20260817T182717Z,2721,60184272,482887389712056
482887421000000,60204,-0.674,-0.031,-0.742,0.07,-0.13,-0.04,1,imu01,fusion_20260817T182717Z,2722,60204276,482887409715335
482887437000000,60224,-0.678,-0.036,-0.742,0.14,0.12,-0.04,1,imu01,fusion_20260817T182717Z,2723,60224272,482887429710615
482887453000000,60244,-0.681,-0.034,-0.733,0.25,0.1,0.05,1,imu01,fusion_20260817T182717Z,2724,60244276,482887449713894
482887484000000,60264,-0.674,-0.038,-0.743,0.05,-0.03,-0.01,1,imu01,fusion_20260817T182717Z,2725,60264272,482887469709173
482887500000000,60284,-0.677,-0.034,-0.733,0.14,0.09,0.03,1,imu01,fusion_20260817T182717Z,2726,60284276,482887489712453
482887515000000,60304,-0.676,-0.038,-0.738,-0.1,0.05,-0.05,1,imu01,fusion_20260817T182717Z,2727,60304272,482887509707732
482887546000000,60324,-0.674,-0.042,-0.728,-0.08,-0.06,0.0,1,imu01,fusion_20260817T182717Z,2728,60324276,482887529711011
482887562000000,60344,-0.675,-0.032,-0.736,-0.03,0.04,-0.01,1,imu01,fusion_20260817T182717Z,2729,60344272,482887549706291
482887578000000,60364,-0.677,-0.035,-0.732,0.09,0.09,0.07,1,imu01,fusion_20260817T182717Z,2730,60364276,482887569709570
482887593000000,60384,-0.675,-0.032,-0.747,0.06,0.22,0.02,1,imu01,fusion_20260817T182717Z,2731,60384272,482887589704850
482887625000000,60404,-0.677,-0.036,-0.743,0.01,-0.03,-0.08,1,imu01,fusion_20260817T182717Z,2732,60404276,482887609708129
482887640000000,60424,-0.68,-0.038,-0.733,0.08,-0.04,-0.04,1,imu01,fusion_20260817T182717Z,2733,60424272,482887629703408
482887656000000,60444,-0.673,-0.035,-0.737,-0.13,0.0,0.01,1,imu01,fusion_20260817T182717Z,2734,60444276,482887649706687
482887671000000,60464,-0.674,-0.033,-0.735,-0.01,0.08,0.09,1,imu01,fusion_20260817T182717Z,2735,60464272,482887669701967
482887703000000,60484,-0.676,-0.039,-0.732,-0.15,-0.1,0.02,1,imu01,fusion_20260817T182717Z,2736,60484276,482887689705246
482887718000000,60504,-0.677,-0.035,-0.742,0.17,-0.08,-0.09,1,imu01,fusion_20260817T182717Z,2737,60504272,482887709700526
482887734000000,60524,-0.678,-0.037,-0.742,0.04,0.2,0.01,1,imu01,fusion_20260817T182717Z,2738,60524276,482887729703805
482887765000000,60544,-0.672,-0.036,-0.738,-0.05,-0.0,0.1,1,imu01,fusion_20260817T182717Z,2739,60544272,482887749699084
482887781000000,60564,-0.68,-0.033,-0.736,0.05,0.05,0.02,1,imu01,fusion_20260817T182717Z,2740,60564276,482887769702364
482887796000000,60584,-0.677,-0.036,-0.74,-0.0,-0.14,-0.06,1,imu01,fusion_20260817T182717Z,2741,60584272,482887789697643
482887812000000,60604,-0.673,-0.034,-0.736,0.01,0.07,-0.05,1,imu01,fusion_20260817T182717Z,2742,60604276,482887809700922
482887843000000,60624,-0.68,-0.039,-0.741,-0.03,-0.05,0.01,1,imu01,fusion_20260817T182717Z,2743,60624272,482887829696202
482887859000000,60644,-0.679,-0.034,-0.737,0.01,-0.07,0.01,1,imu01,fusion_20260817T182717Z,2744,60644276,482887849699481
482887875000000,60664,-0.674,-0.036,-0.738,0.09,0.0,0.1,1,imu01,fusion_20260817T182717Z,2745,60664272,482887869694760
482887906000000,60684,-0.672,-0.041,-0.737,-0.04,0.09,-0.02,1,imu01,fusion_20260817T182717Z,2746,60684276,482887889698040
482887921000000,60704,-0.674,-0.036,-0.726,-0.03,0.01,0.02,1,imu01,fusion_20260817T182717Z,2747,60704272,482887909693319
482887937000000,60724,-0.677,-0.032,-0.738,0.01,0.08,0.02,1,imu01,fusion_20260817T182717Z,2748,60724276,482887929696598
482887953000000,60744,-0.678,-0.039,-0.737,-0.07,0.03,0.05,1,imu01,fusion_20260817T182717Z,2749,60744272,482887949691878
482887984000000,60764,-0.68,-0.035,-0.741,0.14,0.15,-0.03,1,imu01,fusion_20260817T182717Z,2750,60764276,482887969695157
482888000000000,60784,-0.676,-0.033,-0.742,-0.0,-0.03,-0.1,1,imu01,fusion_20260817T182717Z,2751,60784272,482887989690437
482888015000000,60804,-0.674,-0.034,-0.735,0.09,-0.09,-0.13,1,imu01,fusion_20260817T182717Z,2752,60804276,482888009693716
482888046000000,60824,-0.676,-0.037,-0.734,0.04,0.11,-0.01,1,imu01,fusion_20260817T182717Z,2753,60824272,482888029688995
482888062000000,60844,-0.673,-0.041,-0.734,-0.03,0.07,0.13,1,imu01,fusion_20260817T182717Z,2754,60844276,482888049692275
482888078000000,60864,-0.676,-0.038,-0.733,-0.03,0.04,0.02,1,imu01,fusion_20260817T182717Z,2755,60864272,482888069687554
482888093000000,60884,-0.675,-0.035,-0.743,-0.01,-0.11,-0.08,1,imu01,fusion_20260817T182717Z,2756,60884276,482888089690833
482888125000000,60904,-0.68,-0.036,-0.731,-0.04,0.16,-0.09,1,imu01,fusion_20260817T182717Z,2757,60904272,482888109686113
482888140000000,60924,-0.674,-0.031,-0.734,-0.02,-0.03,-0.01,1,imu01,fusion_20260817T182717Z,2758,60924276,482888129689392
482888156000000,60944,-0.677,-0.038,-0.73,-0.15,-0.02,-0.02,1,imu01,fusion_20260817T182717Z,2759,60944272,482888149684672
482888171000000,60964,-0.674,-0.036,-0.741,-0.1,-0.05,0.06,1,imu01,fusion_20260817T182717Z,2760,60964276,482888169687951
482888203000000,60984,-0.679,-0.033,-0.731,0.02,0.1,-0.03,1,imu01,fusion_20260817T182717Z,2761,60984272,482888189683230
482888218000000,61004,-0.681,-0.038,-0.738,-0.16,-0.02,-0.04,1,imu01,fusion_20260817T182717Z,2762,61004276,482888209686509
482888234000000,61024,-0.675,-0.037,-0.739,-0.25,-0.16,-0.05,1,imu01,fusion_20260817T182717Z,2763,61024272,482888229681789
482888265000000,61044,-0.675,-0.034,-0.735,0.22,0.01,0.06,1,imu01,fusion_20260817T182717Z,2764,61044276,482888249685068
482888281000000,61064,-0.675,-0.039,-0.73,0.05,0.17,-0.04,1,imu01,fusion_20260817T182717Z,2765,61064272,482888269680348
482888296000000,61084,-0.678,-0.036,-0.735,-0.02,-0.05,-0.03,1,imu01,fusion_20260817T182717Z,2766,61084276,482888289683627
482888312000000,61104,-0.679,-0.037,-0.728,-0.09,-0.08,-0.06,1,imu01,fusion_20260817T182717Z,2767,61104272,482888309678906
482888343000000,61124,-0.678,-0.039,-0.736,-0.02,0.1,0.1,1,imu01,fusion_20260817T182717Z,2768,61124276,482888329682186
482888359000000,61144,-0.674,-0.039,-0.734,0.05,0.13,0.1,1,imu01,fusion_20260817T182717Z,2769,61144272,482888349677465
482888375000000,61164,-0.677,-0.034,-0.734,0.11,0.07,-0.02,1,imu01,fusion_20260817T182717Z,2770,61164276,482888369680744
482888406000000,61184,-0.678,-0.034,-0.743,-0.0,-0.09,-0.05,1,imu01,fusion_20260817T182717Z,2771,61184272,482888389676024
482888421000000,61204,-0.677,-0.039,-0.735,-0.03,0.16,0.03,1,imu01,fusion_20260817T182717Z,2772,61204276,482888409679303
482888437000000,61224,-0.679,-0.037,-0.731,-0.01,0.11,0.08,1,imu01,fusion_20260817T182717Z,2773,61224272,482888429674583
482888453000000,61244,-0.678,-0.036,-0.738,-0.02,-0.01,-0.04,1,imu01,fusion_20260817T182717Z,2774,61244276,482888449677862
482888484000000,61264,-0.675,-0.037,-0.732,0.19,0.02,-0.01,1,imu01,fusion_20260817T182717Z,2775,61264272,482888469673141
482888500000000,61284,-0.674,-0.035,-0.735,-0.03,0.13,-0.09,1,imu01,fusion_20260817T182717Z,2776,61284276,482888489676420
482888515000000,61304,-0.676,-0.035,-0.73,-0.07,-0.13,-0.01,1,imu01,fusion_20260817T182717Z,2777,61304272,482888509671700
482888546000000,61324,-0.681,-0.038,-0.734,-0.02,-0.07,0.0,1,imu01,fusion_20260817T182717Z,2778,61324276,482888529674979
482888562000000,61344,-0.678,-0.038,-0.739,0.13,-0.09,0.06,1,imu01,fusion_20260817T182717Z,2779,61344272,482888549670259
482888578000000,61364,-0.673,-0.039,-0.724,0.01,0.13,-0.1,1,imu01,fusion_20260817T182717Z,2780,61364276,482888569673538
482888593000000,61384,-0.675,-0.033,-0.736,0.04,0.08,-0.1,1,imu01,fusion_20260817T182717Z,2781,61384272,482888589668817
482888625000000,61404,-0.676,-0.038,-0.726,-0.02,-0.07,-0.04,1,imu01,fusion_20260817T182717Z,2782,61404276,482888609672097
482888640000000,61424,-0.675,-0.039,-0.738,0.01,0.06,0.13,1,imu01,fusion_20260817T182717Z,2783,61424272,482888629667376
482888656000000,61444,-0.677,-0.036,-0.733,0.07,0.03,0.04,1,imu01,fusion_20260817T182717Z,2784,61444276,482888649670655
482888687000000,61464,-0.674,-0.037,-0.734,-0.01,0.01,-0.12,1,imu01,fusion_20260817T182717Z,2785,61464272,482888669665935
482888703000000,61484,-0.673,-0.036,-0.738,-0.03,-0.09,-0.09,1,imu01,fusion_20260817T182717Z,2786,61484276,482888689669214
482888718000000,61504,-0.68,-0.034,-0.742,0.18,0.13,-0.01,1,imu01,fusion_20260817T182717Z,2787,61504272,482888709664494
482888734000000,61524,-0.68,-0.035,-0.735,0.04,0.11,-0.02,1,imu01,fusion_20260817T182717Z,2788,61524276,482888729667773
482888765000000,61544,-0.674,-0.038,-0.739,-0.1,0.04,-0.07,1,imu01,fusion_20260817T182717Z,2789,61544272,482888749663052
482888781000000,61564,-0.673,-0.04,-0.731,-0.02,-0.04,0.01,1,imu01,fusion_20260817T182717Z,2790,61564276,482888769666332
482888796000000,61584,-0.677,-0.034,-0.733,-0.06,0.1,-0.01,1,imu01,fusion_20260817T182717Z,2791,61584272,482888789661611
482888812000000,61604,-0.677,-0.038,-0.738,0.13,0.05,0.03,1,imu01,fusion_20260817T182717Z,2792,61604276,482888809664890
482888843000000,61624,-0.676,-0.034,-0.736,0.06,-0.03,0.01,1,imu01,fusion_20260817T182717Z,2793,61624272,482888829660170
482888859000000,61644,-0.673,-0.033,-0.738,0.01,-0.16,0.0,1,imu01,fusion_20260817T182717Z,2794,61644276,482888849663449
482888875000000,61664,-0.676,-0.038,-0.742,-0.12,0.0,-0.04,1,imu01,fusion_20260817T182717Z,2795,61664272,482888869658728
482888906000000,61684,-0.682,-0.037,-0.735,-0.07,-0.02,0.0,1,imu01,fusion_20260817T182717Z,2796,61684276,482888889662008
482888921000000,61704,-0.677,-0.033,-0.732,-0.04,0.01,0.01,1,imu01,fusion_20260817T182717Z,2797,61704272,482888909657287
482888937000000,61724,-0.679,-0.033,-0.73,0.01,0.01,0.1,1,imu01,fusion_20260817T182717Z,2798,61724276,482888929660566
482888953000000,61744,-0.672,-0.038,-0.74,-0.02,0.11,0.02,1,imu01,fusion_20260817T182717Z,2799,61744272,482888949655846
482888984000000,61764,-0.678,-0.035,-0.736,-0.02,0.08,-0.1,1,imu01,fusion_20260817T182717Z,2800,61764276,482888969659125
482889000000000,61784,-0.672,-0.032,-0.737,0.09,-0.08,-0.01,1,imu01,fusion_20260817T182717Z,2801,61784272,482888989654405
482889015000000,61804,-0.674,-0.036,-0.738,0.06,0.0,0.03,1,imu01,fusion_20260817T182717Z,2802,61804276,482889009657684
482889046000000,61824,-0.674,-0.037,-0.742,-0.05,0.09,0.06,1,imu01,fusion_20260817T182717Z,2803,61824272,482889029652963
482889062000000,61844,-0.68,-0.033,-0.736,-0.1,0.07,0.09,1,imu01,fusion_20260817T182717Z,2804,61844276,482889049656242
482889078000000,61864,-0.678,-0.033,-0.735,0.09,0.01,0.05,1,imu01,fusion_20260817T182717Z,2805,61864272,482889069651522
482889093000000,61884,-0.68,-0.033,-0.733,-0.09,0.0,0.0,1,imu01,fusion_20260817T182717Z,2806,61884276,482889089654801
482889125000000,61904,-0.678,-0.036,-0.738,-0.09,0.05,0.0,1,imu01,fusion_20260817T182717Z,2807,61904272,482889109650081
482889140000000,61924,-0.677,-0.034,-0.739,-0.01,-0.03,-0.03,1,imu01,fusion_20260817T182717Z,2808,61924276,482889129653360
482889156000000,61944,-0.676,-0.037,-0.736,0.08,-0.06,-0.07,1,imu01,fusion_20260817T182717Z,2809,61944272,482889149648639
482889171000000,61964,-0.677,-0.029,-0.739,-0.05,0.06,-0.07,1,imu01,fusion_20260817T182717Z,2810,61964276,482889169651919
482889203000000,61984,-0.676,-0.033,-0.729,0.08,0.1,0.03,1,imu01,fusion_20260817T182717Z,2811,61984272,482889189647198
482889218000000,62004,-0.68,-0.035,-0.736,-0.02,-0.09,0.09,1,imu01,fusion_20260817T182717Z,2812,62004276,482889209650477
482889234000000,62024,-0.679,-0.035,-0.736,0.04,0.04,0.03,1,imu01,fusion_20260817T182717Z,2813,62024272,482889229645757
482889265000000,62044,-0.678,-0.037,-0.737,0.04,0.12,-0.1,1,imu01,fusion_20260817T182717Z,2814,62044276,482889249649036
482889281000000,62064,-0.675,-0.033,-0.736,-0.07,0.07,-0.01,1,imu01,fusion_20260817T182717Z,2815,62064272,482889269644316
482889296000000,62084,-0.677,-0.04,-0.735,-0.06,-0.04,-0.07,1,imu01,fusion_20260817T182717Z,2816,62084276,482889289647595
482889312000000,62104,-0.677,-0.036,-0.737,0.01,-0.09,-0.06,1,imu01,fusion_20260817T182717Z,2817,62104272,482889309642874
482889343000000,62124,-0.678,-0.04,-0.732,-0.1,0.03,-0.04,1,imu01,fusion_20260817T182717Z,2818,62124276,482889329646154
482889359000000,62144,-0.676,-0.033,-0.73,-0.08,0.04,0.01,1,imu01,fusion_20260817T182717Z,2819,62144272,482889349641433
482889375000000,62164,-0.674,-0.034,-0.736,0.01,0.01,-0.06,1,imu01,fusion_20260817T182717Z,2820,62164276,482889369644712
482889406000000,62184,-0.68,-0.038,-0.725,-0.09,0.05,0.05,1,imu01,fusion_20260817T182717Z,2821,62184272,482889389639992
482889421000000,62204,-0.678,-0.03,-0.737,-0.13,0.11,0.09,1,imu01,fusion_20260817T182717Z,2822,62204276,482889409643271
482889437000000,62224,-0.68,-0.036,-0.733,-0.08,0.06,0.01,1,imu01,fusion_20260817T182717Z,2823,62224272,482889429638550
482889453000000,62244,-0.673,-0.033,-0.733,-0.03,-0.02,-0.04,1,imu01,fusion_20260817T182717Z,2824,62244276,482889449641830
482889484000000,62264,-0.668,-0.042,-0.743,0.05,0.04,-0.04,1,imu01,fusion_20260817T182717Z,2825,62264272,482889469637109
482889500000000,62284,-0.676,-0.039,-0.734,-0.16,-0.04,0.03,1,imu01,fusion_20260817T182717Z,2826,62284276,482889489640388
482889515000000,62304,-0.681,-0.035,-0.737,0.01,0.1,0.06,1,imu01,fusion_20260817T182717Z,2827,62304272,482889509635668
482889546000000,62324,-0.681,-0.042,-0.738,-0.08,-0.12,-0.01,1,imu01,fusion_20260817T182717Z,2828,62324276,482889529638947
482889562000000,62344,-0.682,-0.038,-0.73,-0.01,0.05,-0.04,1,imu01,fusion_20260817T182717Z,2829,62344272,482889549634227
482889578000000,62364,-0.674,-0.032,-0.744,0.07,-0.01,-0.07,1,imu01,fusion_20260817T182717Z,2830,62364276,482889569637506
482889593000000,62384,-0.688,-0.045,-0.733,-0.05,-0.04,0.04,1,imu01,fusion_20260817T182717Z,2831,62384272,482889589632785
482889625000000,62404,-0.682,-0.023,-0.742,0.02,-0.06,0.03,1,imu01,fusion_20260817T182717Z,2832,62404276,482889609636065
482889640000000,62424,-0.686,-0.041,-0.716,0.01,0.1,0.04,1,imu01,fusion_20260817T182717Z,2833,62424272,482889629631344
482889656000000,62444,-0.684,-0.038,-0.731,0.03,0.1,-0.04,1,imu01,fusion_20260817T182717Z,2834,62444276,482889649634623
482889687000000,62464,-0.679,-0.034,-0.733,-0.01,-0.01,0.0,1,imu01,fusion_20260817T182717Z,2835,62464272,482889669629903
482889703000000,62484,-0.671,-0.027,-0.738,0.14,0.07,0.06,1,imu01,fusion_20260817T182717Z,2836,62484276,482889689633182
482889718000000,62504,-0.675,-0.039,-0.738,-0.01,0.14,0.03,1,imu01,fusion_20260817T182717Z,2837,62504272,482889709628462
482889734000000,62524,-0.679,-0.023,-0.736,0.04,0.05,-0.06,1,imu01,fusion_20260817T182717Z,2838,62524276,482889729631741
482889765000000,62544,-0.675,-0.033,-0.732,-0.05,-0.08,0.0,1,imu01,fusion_20260817T182717Z,2839,62544272,482889749627020
482889781000000,62564,-0.68,-0.037,-0.735,-0.01,0.03,0.06,1,imu01,fusion_20260817T182717Z,2840,62564276,482889769630299
482889796000000,62584,-0.676,-0.034,-0.733,-0.08,0.05,0.08,1,imu01,fusion_20260817T182717Z,2841,62584272,482889789625579
482889812000000,62604,-0.686,-0.029,-0.725,0.1,0.03,-0.03,1,imu01,fusion_20260817T182717Z,2842,62604276,482889809628858
482889843000000,62624,-0.672,-0.038,-0.731,0.21,-0.03,-0.11,1,imu01,fusion_20260817T182717Z,2843,62624272,482889829624138
482889859000000,62644,-0.678,-0.037,-0.725,0.01,0.0,-0.13,1,imu01,fusion_20260817T182717Z,2844,62644276,482889849627417
482889875000000,62664,-0.673,-0.031,-0.729,-0.05,0.08,0.02,1,imu01,fusion_20260817T182717Z,2845,62664272,482889869622696
482889906000000,62684,-0.686,-0.034,-0.73,-0.02,0.08,0.14,1,imu01,fusion_20260817T182717Z,2846,62684276,482889889625976
482889921000000,62704,-0.686,-0.04,-0.726,0.08,-0.01,-0.0,1,imu01,fusion_20260817T182717Z,2847,62704272,482889909621255
482889937000000,62724,-0.671,-0.032,-0.72,0.08,0.07,-0.09,1,imu01,fusion_20260817T182717Z,2848,62724276,482889929624534
482889953000000,62744,-0.683,-0.04,-0.746,0.02,0.04,0.03,1,imu01,fusion_20260817T182717Z,2849,62744272,482889949619814
482889984000000,62764,-0.673,-0.043,-0.725,-0.01,0.04,0.01,1,imu01,fusion_20260817T182717Z,2850,62764276,482889969623093
482890000000000,62784,-0.68,-0.039,-0.746,0.03,-0.01,-0.01,1,imu01,fusion_20260817T182717Z,2851,62784272,482889989618372
482890015000000,62804,-0.676,-0.037,-0.743,0.05,0.02,-0.02,1,imu01,fusion_20260817T182717Z,2852,62804276,482890009621652
482890046000000,62824,-0.673,-0.034,-0.719,-0.13,0.06,-0.08,1,imu01,fusion_20260817T182717Z,2853,62824272,482890029616931
482890062000000,62844,-0.67,-0.024,-0.734,-0.1,-0.08,-0.06,1,imu01,fusion_20260817T182717Z,2854,62844276,482890049620210
482890078000000,62864,-0.686,-0.037,-0.736,0.11,0.1,-0.1,1,imu01,fusion_20260817T182717Z,2855,62864272,482890069615490
482890093000000,62884,-0.679,-0.035,-0.721,-0.04,0.07,0.1,1,imu01,fusion_20260817T182717Z,2856,62884276,482890089618769
482890125000000,62904,-0.679,-0.031,-0.735,-0.15,-0.02,-0.07,1,imu01,fusion_20260817T182717Z,2857,62904272,482890109614049
482890140000000,62924,-0.684,-0.037,-0.728,-0.15,-0.08,-0.13,1,imu01,fusion_20260817T182717Z,2858,62924276,482890129617328
482890156000000,62944,-0.674,-0.045,-0.732,-0.15,-0.07,-0.04,1,imu01,fusion_20260817T182717Z,2859,62944272,482890149612607
482890171000000,62964,-0.669,-0.032,-0.747,0.18,0.22,0.01,1,imu01,fusion_20260817T182717Z,2860,62964276,482890169615887
482890203000000,62984,-0.682,-0.018,-0.735,-0.04,0.07,0.06,1,imu01,fusion_20260817T182717Z,2861,62984272,482890189611166
482890218000000,63004,-0.675,-0.053,-0.719,-0.09,-0.01,-0.1,1,imu01,fusion_20260817T182717Z,2862,63004276,482890209614445
482890234000000,63024,-0.668,-0.029,-0.73,0.04,0.03,-0.02,1,imu01,fusion_20260817T182717Z,2863,63024272,482890229609725
482890265000000,63044,-0.688,-0.033,-0.734,-0.08,0.04,0.06,1,imu01,fusion_20260817T182717Z,2864,63044276,482890249613004
482890281000000,63064,-0.679,-0.044,-0.719,0.01,0.01,0.08,1,imu01,fusion_20260817T182717Z,2865,63064272,482890269608284
482890296000000,63084,-0.681,-0.031,-0.739,0.16,0.09,-0.02,1,imu01,fusion_20260817T182717Z,2866,63084276,482890289611563
482890312000000,63104,-0.686,-0.027,-0.744,0.04,-0.03,0.07,1,imu01,fusion_20260817T182717Z,2867,63104272,482890309606842
482890343000000,63124,-0.681,-0.033,-0.738,0.07,0.1,0.0,1,imu01,fusion_20260817T182717Z,2868,63124276,482890329610121
482890359000000,63144,-0.676,-0.022,-0.73,-0.02,-0.15,0.0,1,imu01,fusion_20260817T182717Z,2869,63144272,482890349605401
482890375000000,63164,-0.673,-0.057,-0.719,0.11,0.06,0.03,1,imu01,fusion_20260817T182717Z,2870,63164276,482890369608680
482890406000000,63184,-0.672,-0.029,-0.725,-0.13,-0.03,0.07,1,imu01,fusion_20260817T182717Z,2871,63184272,482890389603960
482890421000000,63204,-0.685,-0.039,-0.723,-0.08,0.17,0.03,1,imu01,fusion_20260817T182717Z,2872,63204276,482890409607239
482890437000000,63224,-0.685,-0.039,-0.734,-0.03,-0.03,-0.06,1,imu01,fusion_20260817T182717Z,2873,63224272,482890429602518
482890453000000,63244,-0.699,-0.038,-0.744,0.06,0.09,0.0,1,imu01,fusion_20260817T182717Z,2874,63244276,482890449605798
482890484000000,63264,-0.687,-0.026,-0.727,-0.01,0.06,0.13,1,imu01,fusion_20260817T182717Z,2875,63264272,482890469601077
482890500000000,63284,-0.679,-0.035,-0.713,-0.05,0.04,0.0,1,imu01,fusion_20260817T182717Z,2876,63284276,482890489604356
482890515000000,63304,-0.692,-0.051,-0.733,0.11,0.12,-0.1,1,imu01,fusion_20260817T182717Z,2877,63304272,482890509599636
482890546000000,63324,-0.676,-0.035,-0.734,0.08,0.03,-0.04,1,imu01,fusion_20260817T182717Z,2878,63324276,482890529602915
482890562000000,63344,-0.675,-0.046,-0.733,0.09,0.25,-0.03,1,imu01,fusion_20260817T182717Z,2879,63344272,482890549598195
482890578000000,63364,-0.68,-0.037,-0.736,-0.01,0.06,0.06,1,imu01,fusion_20260817T182717Z,2880,63364276,482890569601474
482890593000000,63384,-0.683,-0.016,-0.727,0.09,-0.01,0.02,1,imu01,fusion_20260817T182717Z,2881,63384272,482890589596753
482890625000000,63404,-0.679,-0.034,-0.719,-0.15,-0.12,0.08,1,imu01,fusion_20260817T182717Z,2882,63404276,482890609600032
482890640000000,63424,-0.683,-0.032,-0.716,0.02,0.13,-0.03,1,imu01,fusion_20260817T182717Z,2883,63424272,482890629595312
482890656000000,63444,-0.683,-0.021,-0.729,-0.05,-0.03,0.09,1,imu01,fusion_20260817T182717Z,2884,63444276,482890649598591
482890671000000,63464,-0.683,-0.026,-0.726,-0.06,0.05,-0.05,1,imu01,fusion_20260817T182717Z,2885,63464272,482890669593871
482890703000000,63484,-0.688,-0.026,-0.729,0.03,-0.06,0.03,1,imu01,fusion_20260817T182717Z,2886,63484276,482890689597150
482890718000000,63504,-0.677,-0.047,-0.719,-0.08,-0.03,0.08,1,imu01,fusion_20260817T182717Z,2887,63504272,482890709592429
482890734000000,63524,-0.664,-0.03,-0.718,0.07,-0.03,0.02,1,imu01,fusion_20260817T182717Z,2888,63524276,482890729595709
482890765000000,63544,-0.686,-0.037,-0.722,-0.02,0.07,-0.02,1,imu01,fusion_20260817T182717Z,2889,63544272,482890749590988
482890781000000,63564,-0.678,-0.036,-0.733,0.04,0.03,-0.01,1,imu01,fusion_20260817T182717Z,2890,63564276,482890769594267
482890796000000,63584,-0.68,-0.035,-0.726,0.11,0.15,-0.1,1,imu01,fusion_20260817T182717Z,2891,63584272,482890789589547
482890812000000,63604,-0.668,-0.04,-0.733,-0.07,-0.16,-0.1,1,imu01,fusion_20260817T182717Z,2892,63604276,482890809592826
482890843000000,63624,-0.69,-0.027,-0.729,-0.0,-0.01,-0.08,1,imu01,fusion_20260817T182717Z,2893,63624272,482890829588106
482890859000000,63644,-0.667,-0.04,-0.745,-0.0,0.08,0.03,1,imu01,fusion_20260817T182717Z,2894,63644276,482890849591385
482890875000000,63664,-0.687,-0.036,-0.722,-0.11,0.08,0.03,1,imu01,fusion_20260817T182717Z,2895,63664272,482890869586664
482890906000000,63684,-0.68,-0.043,-0.714,0.04,0.04,-0.0,1,imu01,fusion_20260817T182717Z,2896,63684276,482890889589944
482890921000000,63704,-0.662,-0.038,-0.725,-0.1,-0.12,-0.02,1,imu01,fusion_20260817T182717Z,2897,63704272,482890909585223
482890937000000,63724,-0.679,-0.032,-0.732,-0.05,0.17,0.02,1,imu01,fusion_20260817T182717Z,2898,63724276,482890929588502
482890953000000,63744,-0.659,-0.036,-0.736,0.08,0.09,0.19,1,imu01,fusion_20260817T182717Z,2899,63744272,482890949583782
482890984000000,63764,-0.678,-0.04,-0.717,-0.02,-0.02,0.07,1,imu01,fusion_20260817T182717Z,2900,63764276,482890969587061
482891000000000,63784,-0.678,-0.035,-0.723,0.17,0.01,-0.04,1,imu01,fusion_20260817T182717Z,2901,63784272,482890989582340
482891015000000,63804,-0.69,-0.023,-0.727,-0.03,0.13,-0.07,1,imu01,fusion_20260817T182717Z,2902,63804276,482891009585620
482891046000000,63824,-0.686,-0.032,-0.738,0.16,-0.02,0.0,1,imu01,fusion_20260817T182717Z,2903,63824272,482891029580899
482891062000000,63844,-0.671,-0.036,-0.724,0.08,-0.09,0.01,1,imu01,fusion_20260817T182717Z,2904,63844276,482891049584178
482891078000000,63864,-0.683,-0.029,-0.738,-0.03,-0.1,-0.09,1,imu01,fusion_20260817T182717Z,2905,63864272,482891069579458
482891093000000,63884,-0.677,-0.036,-0.735,-0.03,0.17,-0.05,1,imu01,fusion_20260817T182717Z,2906,63884276,482891089582737
482891125000000,63904,-0.682,-0.038,-0.708,-0.1,0.01,-0.07,1,imu01,fusion_20260817T182717Z,2907,63904272,482891109578017
482891140000000,63924,-0.668,-0.031,-0.736,0.08,-0.01,0.03,1,imu01,fusion_20260817T182717Z,2908,63924276,482891129581296
482891156000000,63944,-0.676,-0.035,-0.727,-0.0,0.04,0.09,1,imu01,fusion_20260817T182717Z,2909,63944272,482891149576575
482891171000000,63964,-0.676,-0.036,-0.73,-0.09,-0.0,0.01,1,imu01,fusion_20260817T182717Z,2910,63964276,482891169579854
482891203000000,63984,-0.68,-0.041,-0.731,-0.07,-0.06,-0.16,1,imu01,fusion_20260817T182717Z,2911,63984272,482891189575134
482891218000000,64004,-0.669,-0.026,-0.723,0.14,-0.07,-0.06,1,imu01,fusion_20260817T182717Z,2912,64004276,482891209578413
482891234000000,64024,-0.69,-0.04,-0.718,0.01,0.0,-0.1,1,imu01,fusion_20260817T182717Z,2913,64024272,482891229573693
482891265000000,64044,-0.671,-0.034,-0.719,-0.01,0.1,0.03,1,imu01,fusion_20260817T182717Z,2914,64044276,482891249576972
482891281000000,64064,-0.663,-0.047,-0.729,-0.07,-0.09,-0.0,1,imu01,fusion_20260817T182717Z,2915,64064272,482891269572251
482891296000000,64084,-0.674,-0.046,-0.734,-0.2,-0.19,-0.06,1,imu01,fusion_20260817T182717Z,2916,64084276,482891289575531
482891312000000,64104,-0.673,-0.041,-0.724,-0.52,-0.08,0.04,1,imu01,fusion_20260817T182717Z,2917,64104272,482891309570810
482891343000000,64124,-0.681,-0.026,-0.72,0.13,0.04,0.02,1,imu01,fusion_20260817T182717Z,2918,64124276,482891329574089
482891359000000,64144,-0.686,-0.044,-0.717,0.13,0.17,0.0,1,imu01,fusion_20260817T182717Z,2919,64144272,482891349569369
482891375000000,64164,-0.677,-0.038,-0.737,0.08,0.04,0.01,1,imu01,fusion_20260817T182717Z,2920,64164276,482891369572648
482891406000000,64184,-0.68,-0.025,-0.733,0.22,0.18,-0.07,1,imu01,fusion_20260817T182717Z,2921,64184272,482891389567928
482891421000000,64204,-0.684,-0.042,-0.723,0.26,-0.08,-0.02,1,imu01,fusion_20260817T182717Z,2922,64204276,482891409571207
482891437000000,64224,-0.677,-0.038,-0.722,-0.15,-0.13,-0.13,1,imu01,fusion_20260817T182717Z,2923,64224272,482891429566486
482891453000000,64244,-0.68,-0.03,-0.741,-0.13,-0.16,0.02,1,imu01,fusion_20260817T182717Z,2924,64244276,482891449569766
482891484000000,64264,-0.682,-0.032,-0.734,-0.04,0.2,-0.01,1,imu01,fusion_20260817T182717Z,2925,64264272,482891469565045
482891500000000,64284,-0.687,-0.051,-0.724,0.09,-0.06,-0.07,1,imu01,fusion_20260817T182717Z,2926,64284276,482891489568324
482891515000000,64304,-0.682,-0.044,-0.719,-0.04,-0.02,-0.08,1,imu01,fusion_20260817T182717Z,2927,64304272,482891509563604
482891546000000,64324,-0.675,-0.027,-0.73,-0.15,0.09,0.03,1,imu01,fusion_20260817T182717Z,2928,64324276,482891529566883
482891562000000,64344,-0.671,-0.046,-0.724,0.2,0.19,-0.02,1,imu01,fusion_20260817T182717Z,2929,64344272,482891549562162
482891578000000,64364,-0.674,-0.03,-0.72,0.07,-0.02,-0.14,1,imu01,fusion_20260817T182717Z,2930,64364276,482891569565442
482891593000000,64384,-0.677,-0.042,-0.727,0.04,-0.16,-0.1,1,imu01,fusion_20260817T182717Z,2931,64384272,482891589560721
482891625000000,64404,-0.668,-0.03,-0.715,0.08,0.07,-0.05,1,imu01,fusion_20260817T182717Z,2932,64404276,482891609564000
482891640000000,64424,-0.677,-0.039,-0.728,0.03,0.06,0.13,1,imu01,fusion_20260817T182717Z,2933,64424272,482891629559280
482891656000000,64444,-0.67,-0.034,-0.72,-0.08,0.16,-0.0,1,imu01,fusion_20260817T182717Z,2934,64444276,482891649562559
482891687000000,64464,-0.673,-0.041,-0.732,0.11,-0.02,0.03,1,imu01,fusion_20260817T182717Z,2935,64464272,482891669557839
482891703000000,64484,-0.673,-0.034,-0.725,-0.28,0.13,-0.09,1,imu01,fusion_20260817T182717Z,2936,64484276,482891689561118
482891718000000,64504,-0.685,-0.03,-0.734,0.06,0.0,0.07,1,imu01,fusion_20260817T182717Z,2937,64504272,482891709556397
482891734000000,64524,-0.674,-0.023,-0.726,-0.16,-0.02,0.04,1,imu01,fusion_20260817T182717Z,2938,64524276,482891729559677
482891765000000,64544,-0.685,-0.032,-0.735,-0.07,-0.19,-0.04,1,imu01,fusion_20260817T182717Z,2939,64544272,482891749554956
482891781000000,64564,-0.675,-0.039,-0.723,0.46,0.28,-0.16,1,imu01,fusion_20260817T182717Z,2940,64564276,482891769558235
482891796000000,64584,-0.675,-0.034,-0.735,0.23,-0.03,0.01,1,imu01,fusion_20260817T182717Z,2941,64584272,482891789553515
482891812000000,64604,-0.68,-0.048,-0.732,0.03,-0.02,0.01,1,imu01,fusion_20260817T182717Z,2942,64604276,482891809556794
482891843000000,64624,-0.676,-0.034,-0.722,0.11,0.13,0.12,1,imu01,fusion_20260817T182717Z,2943,64624272,482891829552074
482891859000000,64644,-0.678,-0.036,-0.727,-0.13,0.04,-0.01,1,imu01,fusion_20260817T182717Z,2944,64644276,482891849555353
482891875000000,64664,-0.683,-0.039,-0.733,-0.01,-0.1,-0.13,1,imu01,fusion_20260817T182717Z,2945,64664272,482891869550632
482891906000000,64684,-0.682,-0.036,-0.722,-0.05,-0.1,-0.07,1,imu01,fusion_20260817T182717Z,2946,64684276,482891889553911
482891921000000,64704,-0.677,-0.033,-0.735,-0.08,0.03,-0.0,1,imu01,fusion_20260817T182717Z,2947,64704272,482891909549191
482891937000000,64724,-0.674,-0.045,-0.729,-0.07,0.03,0.1,1,imu01,fusion_20260817T182717Z,2948,64724276,482891929552470
482891953000000,64744,-0.674,-0.036,-0.739,-0.19,-0.04,-0.07,1,imu01,fusion_20260817T182717Z,2949,64744272,482891949547750
482891984000000,64764,-0.671,-0.033,-0.744,0.24,-0.0,-0.07,1,imu01,fusion_20260817T182717Z,2950,64764276,482891969551029
482892000000000,64784,-0.67,-0.042,-0.734,-0.01,0.15,-0.07,1,imu01,fusion_20260817T182717Z,2951,64784272,482891989546308
482892015000000,64804,-0.678,-0.037,-0.738,0.23,0.03,0.05,1,imu01,fusion_20260817T182717Z,2952,64804276,482892009549588
482892046000000,64824,-0.677,-0.04,-0.734,-0.08,0.13,-0.04,1,imu01,fusion_20260817T182717Z,2953,64824272,482892029544867
482892062000000,64844,-0.678,-0.031,-0.73,-0.14,-0.13,0.09,1,imu01,fusion_20260817T182717Z,2954,64844276,482892049548146
482892078000000,64864,-0.678,-0.036,-0.728,-0.01,0.24,0.08,1,imu01,fusion_20260817T182717Z,2955,64864272,482892069543426
482892093000000,64884,-0.672,-0.032,-0.738,-0.01,-0.13,0.06,1,imu01,fusion_20260817T182717Z,2956,64884276,482892089546705
482892125000000,64904,-0.676,-0.036,-0.735,0.07,-0.0,-0.02,1,imu01,fusion_20260817T182717Z,2957,64904272,482892109541984
482892140000000,64924,-0.676,-0.037,-0.734,0.01,0.01,0.07,1,imu01,fusion_20260817T182717Z,2958,64924276,482892129545264
482892156000000,64944,-0.675,-0.031,-0.733,-0.09,0.23,-0.03,1,imu01,fusion_20260817T182717Z,2959,64944272,482892149540543
482892171000000,64964,-0.68,-0.035,-0.732,-0.11,-0.1,-0.01,1,imu01,fusion_20260817T182717Z,2960,64964276,482892169543822
482892203000000,64984,-0.68,-0.036,-0.732,0.17,0.05,-0.05,1,imu01,fusion_20260817T182717Z,2961,64984272,482892189539102
482892218000000,65004,-0.676,-0.041,-0.736,0.01,0.13,0.09,1,imu01,fusion_20260817T182717Z,2962,65004276,482892209542381
482892234000000,65024,-0.674,-0.038,-0.747,-0.02,0.02,0.05,1,imu01,fusion_20260817T182717Z,2963,65024272,482892229537661
482892265000000,65044,-0.677,-0.034,-0.737,0.06,0.0,-0.04,1,imu01,fusion_20260817T182717Z,2964,65044276,482892249540940
482892281000000,65064,-0.676,-0.04,-0.739,0.11,-0.05,0.01,1,imu01,fusion_20260817T182717Z,2965,65064272,482892269536219
482892296000000,65084,-0.673,-0.032,-0.73,0.01,0.19,0.06,1,imu01,fusion_20260817T182717Z,2966,65084276,482892289539499
482892312000000,65104,-0.674,-0.035,-0.738,-0.08,0.0,0.09,1,imu01,fusion_20260817T182717Z,2967,65104272,482892309534778
482892343000000,65124,-0.676,-0.037,-0.74,-0.1,0.07,-0.1,1,imu01,fusion_20260817T182717Z,2968,65124276,482892329538057
482892359000000,65144,-0.678,-0.036,-0.74,0.21,-0.03,-0.09,1,imu01,fusion_20260817T182717Z,2969,65144272,482892349533337
482892375000000,65164,-0.677,-0.039,-0.739,0.09,0.19,-0.06,1,imu01,fusion_20260817T182717Z,2970,65164276,482892369536616
482892406000000,65184,-0.679,-0.037,-0.742,0.12,-0.03,0.16,1,imu01,fusion_20260817T182717Z,2971,65184272,482892389531896
482892421000000,65204,-0.681,-0.037,-0.734,0.07,-0.03,-0.0,1,imu01,fusion_20260817T182717Z,2972,65204276,482892409535175
482892437000000,65224,-0.678,-0.038,-0.736,0.29,-0.03,-0.07,1,imu01,fusion_20260817T182717Z,2973,65224272,482892429530454
482892453000000,65244,-0.679,-0.035,-0.738,-0.14,0.2,0.0,1,imu01,fusion_20260817T182717Z,2974,65244276,482892449533734
482892484000000,65264,-0.675,-0.033,-0.738,-0.05,-0.1,-0.03,1,imu01,fusion_20260817T182717Z,2975,65264272,482892469529013
482892500000000,65284,-0.682,-0.036,-0.74,-0.08,-0.05,0.02,1,imu01,fusion_20260817T182717Z,2976,65284276,482892489532292
482892515000000,65304,-0.679,-0.034,-0.735,-0.2,-0.06,0.12,1,imu01,fusion_20260817T182717Z,2977,65304272,482892509527572
482892546000000,65324,-0.675,-0.034,-0.735,-0.19,0.01,-0.01,1,imu01,fusion_20260817T182717Z,2978,65324276,482892529530851
482892562000000,65344,-0.677,-0.038,-0.736,0.07,-0.02,-0.06,1,imu01,fusion_20260817T182717Z,2979,65344272,482892549526130
482892578000000,65364,-0.682,-0.035,-0.734,0.05,0.04,0.01,1,imu01,fusion_20260817T182717Z,2980,65364276,482892569529410
482892593000000,65384,-0.675,-0.04,-0.737,0.14,0.19,0.13,1,imu01,fusion_20260817T182717Z,2981,65384272,482892589524689
482892625000000,65404,-0.677,-0.033,-0.736,0.07,0.02,-0.0,1,imu01,fusion_20260817T182717Z,2982,65404276,482892609527968
482892640000000,65424,-0.676,-0.035,-0.738,-0.02,-0.08,-0.04,1,imu01,fusion_20260817T182717Z,2983,65424272,482892629523248
482892656000000,65444,-0.679,-0.038,-0.736,-0.18,0.16,-0.12,1,imu01,fusion_20260817T182717Z,2984,65444276,482892649526527
482892687000000,65464,-0.68,-0.034,-0.736,0.06,0.09,0.06,1,imu01,fusion_20260817T182717Z,2985,65464272,482892669521807
482892703000000,65484,-0.677,-0.033,-0.741,-0.3,-0.11,0.01,1,imu01,fusion_20260817T182717Z,2986,65484276,482892689525086
482892718000000,65504,-0.678,-0.033,-0.732,0.19,-0.06,-0.03,1,imu01,fusion_20260817T182717Z,2987,65504272,482892709520365
482892734000000,65524,-0.679,-0.037,-0.742,-0.03,0.23,0.0,1,imu01,fusion_20260817T182717Z,2988,65524276,482892729523644
482892765000000,65544,-0.678,-0.033,-0.738,-0.11,-0.13,0.03,1,imu01,fusion_20260817T182717Z,2989,65544272,482892749518924
482892781000000,65564,-0.677,-0.037,-0.738,-0.08,-0.03,0.09,1,imu01,fusion_20260817T182717Z,2990,65564276,482892769522203
482892796000000,65584,-0.678,-0.035,-0.731,0.24,0.13,0.03,1,imu01,fusion_20260817T182717Z,2991,65584272,482892789517483
482892812000000,65604,-0.674,-0.039,-0.733,-0.08,0.21,-0.04,1,imu01,fusion_20260817T182717Z,2992,65604276,482892809520762
482892843000000,65624,-0.681,-0.031,-0.738,-0.13,-0.09,0.0,1,imu01,fusion_20260817T182717Z,2993,65624272,482892829516041
482892859000000,65644,-0.677,-0.035,-0.737,-0.28,-0.09,0.0,1,imu01,fusion_20260817T182717Z,2994,65644276,482892849519321
482892875000000,65664,-0.676,-0.034,-0.735,-0.27,-0.0,0.19,1,imu01,fusion_20260817T182717Z,2995,65664272,482892869514600
482892906000000,65684,-0.677,-0.04,-0.74,-0.22,-0.03,0.01,1,imu01,fusion_20260817T182717Z,2996,65684276,482892889517879
482892921000000,65704,-0.669,-0.041,-0.736,0.01,-0.03,-0.1,1,imu01,fusion_20260817T182717Z,2997,65704272,482892909513159
482892937000000,65724,-0.68,-0.037,-0.733,0.14,0.04,-0.02,1,imu01,fusion_20260817T182717Z,2998,65724276,482892929516438
482892953000000,65744,-0.676,-0.035,-0.735,0.26,0.42,-0.05,1,imu01,fusion_20260817T182717Z,2999,65744272,482892949511718
482892984000000,65764,-0.679,-0.037,-0.732,-0.17,0.0,0.11,1,imu01,fusion_20260817T182717Z,3000,65764276,482892969514997
482893000000000,65784,-0.675,-0.035,-0.742,0.33,0.13,-0.06,1,imu01,fusion_20260817T182717Z,3001,65784272,482892989510276
482893015000000,65804,-0.674,-0.036,-0.732,0.28,0.06,-0.1,1,imu01,fusion_20260817T182717Z,3002,65804276,482893009513556
482893046000000,65824,-0.676,-0.034,-0.739,-0.0,0.17,-0.09,1,imu01,fusion_20260817T182717Z,3003,65824272,482893029508835
482893062000000,65844,-0.676,-0.037,-0.729,-0.05,0.13,-0.01,1,imu01,fusion_20260817T182717Z,3004,65844276,482893049512114
482893078000000,65864,-0.674,-0.037,-0.731,-0.15,-0.11,-0.05,1,imu01,fusion_20260817T182717Z,3005,65864272,482893069507394
482893093000000,65884,-0.674,-0.039,-0.736,0.01,-0.18,-0.01,1,imu01,fusion_20260817T182717Z,3006,65884276,482893089510673
482893125000000,65904,-0.68,-0.034,-0.74,0.01,0.26,-0.04,1,imu01,fusion_20260817T182717Z,3007,65904272,482893109505952
482893140000000,65924,-0.677,-0.039,-0.733,-0.23,-0.24,-0.04,1,imu01,fusion_20260817T182717Z,3008,65924276,482893129509232
482893156000000,65944,-0.674,-0.039,-0.73,-0.06,-0.05,-0.12,1,imu01,fusion_20260817T182717Z,3009,65944272,482893149504511
482893171000000,65964,-0.678,-0.035,-0.736,-0.22,-0.13,0.01,1,imu01,fusion_20260817T182717Z,3010,65964276,482893169507790
482893203000000,65984,-0.675,-0.036,-0.736,-0.45,-0.12,-0.05,1,imu01,fusion_20260817T182717Z,3011,65984272,482893189503070
482893218000000,66004,-0.676,-0.037,-0.734,0.24,-0.05,-0.0,1,imu01,fusion_20260817T182717Z,3012,66004276,482893209506349
482893234000000,66024,-0.679,-0.038,-0.731,0.34,0.16,-0.09,1,imu01,fusion_20260817T182717Z,3013,66024272,482893229501629
482893265000000,66044,-0.678,-0.036,-0.737,0.08,0.14,0.07,1,imu01,fusion_20260817T182717Z,3014,66044276,482893249504908
482893281000000,66064,-0.674,-0.038,-0.734,0.15,0.16,-0.08,1,imu01,fusion_20260817T182717Z,3015,66064272,482893269500187
482893296000000,66084,-0.676,-0.036,-0.734,0.27,0.11,-0.1,1,imu01,fusion_20260817T182717Z,3016,66084276,482893289503467
482893312000000,66104,-0.68,-0.032,-0.733,0.05,-0.01,-0.05,1,imu01,fusion_20260817T182717Z,3017,66104272,482893309498746
482893343000000,66124,-0.675,-0.036,-0.733,0.08,0.17,0.01,1,imu01,fusion_20260817T182717Z,3018,66124276,482893329502025
482893359000000,66144,-0.675,-0.03,-0.744,0.14,0.09,0.1,1,imu01,fusion_20260817T182717Z,3019,66144272,482893349497305
482893375000000,66164,-0.677,-0.037,-0.74,-0.16,-0.01,0.07,1,imu01,fusion_20260817T182717Z,3020,66164276,482893369500584
482893406000000,66184,-0.68,-0.037,-0.739,0.24,-0.0,-0.21,1,imu01,fusion_20260817T182717Z,3021,66184272,482893389495864
482893421000000,66204,-0.676,-0.034,-0.733,-0.18,0.05,-0.1,1,imu01,fusion_20260817T182717Z,3022,66204276,482893409499143
482893437000000,66224,-0.677,-0.039,-0.734,0.04,-0.06,0.07,1,imu01,fusion_20260817T182717Z,3023,66224272,482893429494422
482893453000000,66244,-0.677,-0.037,-0.741,0.02,0.04,0.03,1,imu01,fusion_20260817T182717Z,3024,66244276,482893449497701
482893484000000,66264,-0.676,-0.035,-0.727,0.2,-0.06,-0.04,1,imu01,fusion_20260817T182717Z,3025,66264272,482893469492981
482893500000000,66284,-0.678,-0.033,-0.741,-0.08,0.1,-0.02,1,imu01,fusion_20260817T182717Z,3026,66284276,482893489496260
482893515000000,66304,-0.672,-0.036,-0.741,0.01,-0.07,-0.0,1,imu01,fusion_20260817T182717Z,3027,66304272,482893509491540
482893546000000,66324,-0.68,-0.034,-0.738,-0.08,-0.07,-0.0,1,imu01,fusion_20260817T182717Z,3028,66324276,482893529494819
482893562000000,66344,-0.674,-0.031,-0.739,-0.05,0.1,0.05,1,imu01,fusion_20260817T182717Z,3029,66344272,482893549490098
482893578000000,66364,-0.677,-0.033,-0.744,-0.07,0.06,-0.01,1,imu01,fusion_20260817T182717Z,3030,66364276,482893569493378
482893593000000,66384,-0.674,-0.037,-0.739,-0.02,-0.13,-0.11,1,imu01,fusion_20260817T182717Z,3031,66384272,482893589488657
482893625000000,66404,-0.677,-0.036,-0.743,-0.14,0.04,-0.01,1,imu01,fusion_20260817T182717Z,3032,66404276,482893609491936
482893640000000,66424,-0.673,-0.035,-0.742,-0.06,0.05,0.11,1,imu01,fusion_20260817T182717Z,3033,66424272,482893629487216
482893656000000,66444,-0.676,-0.034,-0.737,-0.15,0.1,0.09,1,imu01,fusion_20260817T182717Z,3034,66444276,482893649490495
482893671000000,66464,-0.674,-0.039,-0.741,-0.02,0.03,-0.01,1,imu01,fusion_20260817T182717Z,3035,66464272,482893669485774
482893703000000,66484,-0.679,-0.038,-0.747,0.11,-0.0,-0.08,1,imu01,fusion_20260817T182717Z,3036,66484276,482893689489054
482893718000000,66504,-0.674,-0.031,-0.738,0.14,0.19,-0.02,1,imu01,fusion_20260817T182717Z,3037,66504272,482893709484333
482893734000000,66524,-0.679,-0.038,-0.742,0.12,0.01,0.13,1,imu01,fusion_20260817T182717Z,3038,66524276,482893729487612
482893765000000,66544,-0.679,-0.039,-0.734,-0.03,-0.07,-0.05,1,imu01,fusion_20260817T182717Z,3039,66544272,482893749482892
