host_monotonic_ns,t_ms,ax_g,ay_g,az_g,gx_dps,gy_dps,gz_dps,schema_version,device_id,session_id,sequence,device_timestamp_us,host_capture_monotonic_ns
639130609000000,8864,-0.664,-0.172,-0.726,0.04,-0.04,0.01,1,imu01,fusion_usb_step4_20260819,155,8864618,639130608710560
639130640000000,8884,-0.662,-0.177,-0.725,-0.05,0.08,0.07,1,imu01,fusion_usb_step4_20260819,156,8884622,639130628713627
639130656000000,8904,-0.664,-0.178,-0.724,0.29,-0.21,-0.14,1,imu01,fusion_usb_step4_20260819,157,8904618,639130648708694
639130671000000,8924,-0.663,-0.172,-0.729,-0.0,-0.03,0.02,1,imu01,fusion_usb_step4_20260819,158,8924622,639130668711760
639130703000000,8944,-0.659,-0.174,-0.73,-0.02,-0.07,-0.1,1,imu01,fusion_usb_step4_20260819,159,8944618,639130688706827
639130718000000,8964,-0.66,-0.176,-0.733,0.08,-0.03,-0.06,1,imu01,fusion_usb_step4_20260819,160,8964622,639130708709893
639130734000000,8984,-0.658,-0.174,-0.735,-0.0,0.08,-0.01,1,imu01,fusion_usb_step4_20260819,161,8984618,639130728704960
639130750000000,9004,-0.662,-0.172,-0.735,-0.14,0.03,0.22,1,imu01,fusion_usb_step4_20260819,162,9004622,639130748708027
639130781000000,9024,-0.663,-0.173,-0.731,-0.09,0.08,0.06,1,imu01,fusion_usb_step4_20260819,163,9024618,639130768703094
639130796000000,9044,-0.66,-0.17,-0.729,0.07,-0.13,-0.02,1,imu01,fusion_usb_step4_20260819,164,9044622,639130788706160
639130812000000,9064,-0.662,-0.177,-0.736,0.07,0.08,-0.02,1,imu01,fusion_usb_step4_20260819,165,9064618,639130808701227
639130843000000,9084,-0.662,-0.174,-0.732,0.13,-0.02,-0.04,1,imu01,fusion_usb_step4_20260819,166,9084622,639130828704293
639130859000000,9104,-0.666,-0.173,-0.729,-0.0,-0.03,0.09,1,imu01,fusion_usb_step4_20260819,167,9104618,639130848699360
639130875000000,9124,-0.662,-0.172,-0.73,0.02,-0.13,0.0,1,imu01,fusion_usb_step4_20260819,168,9124622,639130868702427
639130890000000,9144,-0.661,-0.173,-0.729,0.05,0.14,-0.17,1,imu01,fusion_usb_step4_20260819,169,9144618,639130888697494
639130921000000,9164,-0.658,-0.178,-0.729,-0.03,-0.03,-0.14,1,imu01,fusion_usb_step4_20260819,170,9164622,639130908700560
639130937000000,9184,-0.658,-0.176,-0.725,0.08,-0.08,-0.14,1,imu01,fusion_usb_step4_20260819,171,9184618,639130928695627
639130953000000,9204,-0.66,-0.175,-0.728,0.01,0.06,-0.01,1,imu01,fusion_usb_step4_20260819,172,9204622,639130948698693
639130984000000,9224,-0.658,-0.177,-0.727,-0.12,0.13,0.19,1,imu01,fusion_usb_step4_20260819,173,9224618,639130968693760
639131000000000,9244,-0.663,-0.171,-0.728,0.04,-0.0,0.12,1,imu01,fusion_usb_step4_20260819,174,9244622,639130988696827
639131015000000,9264,-0.664,-0.171,-0.725,-0.16,0.09,0.14,1,imu01,fusion_usb_step4_20260819,175,9264618,639131008691894
639131031000000,9284,-0.662,-0.173,-0.725,-0.11,0.23,-0.04,1,imu01,fusion_usb_step4_20260819,176,9284622,639131028694960
639131062000000,9304,-0.657,-0.174,-0.726,0.21,-0.09,0.06,1,imu01,fusion_usb_step4_20260819,177,9304618,639131048690027
639131078000000,9324,-0.661,-0.173,-0.73,-0.03,-0.11,0.02,1,imu01,fusion_usb_step4_20260819,178,9324622,639131068693093
639131093000000,9344,-0.66,-0.176,-0.731,0.24,-0.14,-0.07,1,imu01,fusion_usb_step4_20260819,179,9344618,639131088688160
639131109000000,9364,-0.661,-0.176,-0.737,-0.21,-0.0,-0.1,1,imu01,fusion_usb_step4_20260819,180,9364621,639131108690227
639131140000000,9384,-0.663,-0.178,-0.734,-0.02,-0.17,-0.08,1,imu01,fusion_usb_step4_20260819,181,9384618,639131128686293
639131156000000,9404,-0.661,-0.175,-0.732,-0.01,0.07,-0.04,1,imu01,fusion_usb_step4_20260819,182,9404622,639131148689360
639131171000000,9424,-0.66,-0.179,-0.725,0.06,-0.01,0.01,1,imu01,fusion_usb_step4_20260819,183,9424618,639131168684427
639131203000000,9444,-0.662,-0.177,-0.724,0.01,-0.06,0.01,1,imu01,fusion_usb_step4_20260819,184,9444622,639131188687493
639131218000000,9464,-0.661,-0.173,-0.73,-0.09,-0.06,-0.02,1,imu01,fusion_usb_step4_20260819,185,9464618,639131208682560
639131234000000,9484,-0.659,-0.17,-0.727,0.09,-0.09,-0.06,1,imu01,fusion_usb_step4_20260819,186,9484622,639131228685626
639131250000000,9504,-0.657,-0.174,-0.727,-0.07,0.07,-0.08,1,imu01,fusion_usb_step4_20260819,187,9504618,639131248680693
639131281000000,9524,-0.662,-0.169,-0.728,0.01,-0.05,0.06,1,imu01,fusion_usb_step4_20260819,188,9524622,639131268683760
639131296000000,9544,-0.663,-0.175,-0.727,-0.06,0.07,-0.03,1,imu01,fusion_usb_step4_20260819,189,9544618,639131288678827
639131312000000,9564,-0.658,-0.174,-0.727,0.04,-0.13,-0.08,1,imu01,fusion_usb_step4_20260819,190,9564622,639131308681893
639131343000000,9584,-0.663,-0.172,-0.728,-0.05,0.11,-0.1,1,imu01,fusion_usb_step4_20260819,191,9584618,639131328676960
639131359000000,9604,-0.661,-0.177,-0.731,-0.12,-0.07,-0.07,1,imu01,fusion_usb_step4_20260819,192,9604621,639131348679026
639131375000000,9624,-0.658,-0.176,-0.73,0.04,-0.04,-0.01,1,imu01,fusion_usb_step4_20260819,193,9624618,639131368675093
639131390000000,9644,-0.665,-0.175,-0.729,0.15,-0.18,0.08,1,imu01,fusion_usb_step4_20260819,194,9644622,639131388678160
639131421000000,9664,-0.661,-0.173,-0.735,-0.16,0.23,0.09,1,imu01,fusion_usb_step4_20260819,195,9664618,639131408673227
639131437000000,9684,-0.664,-0.169,-0.731,0.11,0.06,0.02,1,imu01,fusion_usb_step4_20260819,196,9684622,639131428676293
639131453000000,9704,-0.664,-0.173,-0.731,-0.09,0.02,-0.01,1,imu01,fusion_usb_step4_20260819,197,9704618,639131448671360
639131484000000,9724,-0.662,-0.175,-0.729,0.03,0.1,-0.06,1,imu01,fusion_usb_step4_20260819,198,9724622,639131468674426
639131500000000,9744,-0.657,-0.176,-0.735,0.01,-0.01,0.09,1,imu01,fusion_usb_step4_20260819,199,9744618,639131488669493
639131515000000,9764,-0.66,-0.175,-0.728,-0.09,0.04,-0.03,1,imu01,fusion_usb_step4_20260819,200,9764622,639131508672560
639131531000000,9784,-0.662,-0.174,-0.732,-0.02,-0.02,-0.07,1,imu01,fusion_usb_step4_20260819,201,9784618,639131528667627
639131562000000,9804,-0.658,-0.18,-0.734,0.06,0.09,-0.17,1,imu01,fusion_usb_step4_20260819,202,9804622,639131548670693
639131578000000,9824,-0.663,-0.173,-0.728,0.03,-0.08,0.02,1,imu01,fusion_usb_step4_20260819,203,9824618,639131568665760
639131593000000,9844,-0.66,-0.177,-0.728,0.13,-0.13,0.0,1,imu01,fusion_usb_step4_20260819,204,9844622,639131588668826
639131609000000,9864,-0.66,-0.178,-0.73,0.14,-0.04,-0.03,1,imu01,fusion_usb_step4_20260819,205,9864618,639131608663893
639131640000000,9884,-0.658,-0.175,-0.732,-0.17,0.2,0.11,1,imu01,fusion_usb_step4_20260819,206,9884622,639131628666960
639131656000000,9904,-0.661,-0.173,-0.726,-0.15,0.07,0.12,1,imu01,fusion_usb_step4_20260819,207,9904618,639131648662027
639131671000000,9924,-0.663,-0.171,-0.73,0.12,-0.06,0.02,1,imu01,fusion_usb_step4_20260819,208,9924622,639131668665093
639131703000000,9944,-0.664,-0.174,-0.724,-0.12,0.02,0.15,1,imu01,fusion_usb_step4_20260819,209,9944618,639131688660160
639131718000000,9964,-0.654,-0.176,-0.737,0.1,-0.03,0.02,1,imu01,fusion_usb_step4_20260819,210,9964622,639131708663226
639131734000000,9984,-0.66,-0.174,-0.73,-0.03,0.11,-0.02,1,imu01,fusion_usb_step4_20260819,211,9984618,639131728658293
639131750000000,10004,-0.66,-0.171,-0.728,-0.01,-0.06,-0.03,1,imu01,fusion_usb_step4_20260819,212,10004622,639131748661360
639131781000000,10024,-0.664,-0.174,-0.739,-0.12,0.06,-0.04,1,imu01,fusion_usb_step4_20260819,213,10024618,639131768656426
639131796000000,10044,-0.661,-0.174,-0.732,0.08,-0.04,0.15,1,imu01,fusion_usb_step4_20260819,214,10044622,639131788659493
639131812000000,10064,-0.657,-0.175,-0.739,0.05,0.03,0.05,1,imu01,fusion_usb_step4_20260819,215,10064618,639131808654560
639131843000000,10084,-0.66,-0.179,-0.733,0.08,-0.25,0.04,1,imu01,fusion_usb_step4_20260819,216,10084622,639131828657626
639131859000000,10104,-0.659,-0.172,-0.731,0.23,-0.05,0.02,1,imu01,fusion_usb_step4_20260819,217,10104618,639131848652693
639131875000000,10124,-0.66,-0.179,-0.733,0.08,0.04,0.08,1,imu01,fusion_usb_step4_20260819,218,10124622,639131868655760
639131890000000,10144,-0.667,-0.173,-0.733,-0.18,0.13,0.15,1,imu01,fusion_usb_step4_20260819,219,10144618,639131888650826
639131921000000,10164,-0.662,-0.174,-0.727,0.18,0.06,-0.03,1,imu01,fusion_usb_step4_20260819,220,10164622,639131908653893
639131937000000,10184,-0.662,-0.172,-0.736,0.09,0.03,-0.08,1,imu01,fusion_usb_step4_20260819,221,10184618,639131928648960
639131953000000,10204,-0.662,-0.171,-0.735,0.29,-0.07,-0.22,1,imu01,fusion_usb_step4_20260819,222,10204622,639131948652026
639131968000000,10224,-0.664,-0.176,-0.729,0.09,-0.02,-0.17,1,imu01,fusion_usb_step4_20260819,223,10224618,639131968647093
639132000000000,10244,-0.661,-0.179,-0.731,0.09,0.09,-0.14,1,imu01,fusion_usb_step4_20260819,224,10244622,639131988650160
639132015000000,10264,-0.661,-0.176,-0.73,-0.0,-0.02,0.18,1,imu01,fusion_usb_step4_20260819,225,10264618,639132008645226
639132031000000,10284,-0.663,-0.172,-0.725,-0.0,-0.09,0.23,1,imu01,fusion_usb_step4_20260819,226,10284622,639132028648293
639132062000000,10304,-0.662,-0.18,-0.728,-0.2,0.04,0.06,1,imu01,fusion_usb_step4_20260819,227,10304618,639132048643360
639132078000000,10324,-0.661,-0.174,-0.731,-0.24,0.23,-0.04,1,imu01,fusion_usb_step4_20260819,228,10324622,639132068646426
639132093000000,10344,-0.659,-0.179,-0.735,0.22,-0.18,-0.1,1,imu01,fusion_usb_step4_20260819,229,10344618,639132088641493
639132109000000,10364,-0.656,-0.172,-0.732,-0.04,-0.03,-0.09,1,imu01,fusion_usb_step4_20260819,230,10364622,639132108644560
639132140000000,10384,-0.661,-0.178,-0.725,0.17,-0.16,-0.04,1,imu01,fusion_usb_step4_20260819,231,10384618,639132128639626
639132156000000,10404,-0.661,-0.173,-0.726,-0.0,-0.09,0.06,1,imu01,fusion_usb_step4_20260819,232,10404622,639132148642693
639132171000000,10424,-0.661,-0.176,-0.739,0.09,-0.11,-0.07,1,imu01,fusion_usb_step4_20260819,233,10424618,639132168637760
639132203000000,10444,-0.658,-0.169,-0.725,-0.06,-0.06,-0.11,1,imu01,fusion_usb_step4_20260819,234,10444622,639132188640826
639132218000000,10464,-0.657,-0.174,-0.726,-0.02,0.04,-0.14,1,imu01,fusion_usb_step4_20260819,235,10464618,639132208635893
639132234000000,10484,-0.659,-0.176,-0.728,0.3,-0.06,0.02,1,imu01,fusion_usb_step4_20260819,236,10484622,639132228638960
639132250000000,10504,-0.659,-0.177,-0.73,-0.0,0.03,0.03,1,imu01,fusion_usb_step4_20260819,237,10504618,639132248634026
639132281000000,10524,-0.659,-0.176,-0.727,-0.28,0.16,0.15,1,imu01,fusion_usb_step4_20260819,238,10524622,639132268637093
639132296000000,10544,-0.662,-0.177,-0.73,-0.07,0.11,-0.07,1,imu01,fusion_usb_step4_20260819,239,10544618,639132288632160
639132312000000,10564,-0.662,-0.171,-0.735,-0.1,-0.1,0.01,1,imu01,fusion_usb_step4_20260819,240,10564622,639132308635226
639132343000000,10584,-0.657,-0.173,-0.727,-0.13,0.0,0.0,1,imu01,fusion_usb_step4_20260819,241,10584618,639132328630293
639132359000000,10604,-0.663,-0.177,-0.727,-0.11,0.09,0.02,1,imu01,fusion_usb_step4_20260819,242,10604622,639132348633360
639132375000000,10624,-0.661,-0.174,-0.737,-0.13,0.02,-0.01,1,imu01,fusion_usb_step4_20260819,243,10624618,639132368628426
639132390000000,10644,-0.661,-0.172,-0.728,-0.11,-0.02,0.02,1,imu01,fusion_usb_step4_20260819,244,10644622,639132388631493
639132421000000,10664,-0.664,-0.175,-0.73,-0.03,-0.05,-0.03,1,imu01,fusion_usb_step4_20260819,245,10664618,639132408626560
639132437000000,10684,-0.664,-0.173,-0.733,-0.12,0.23,-0.01,1,imu01,fusion_usb_step4_20260819,246,10684622,639132428629626
639132453000000,10704,-0.664,-0.173,-0.729,0.19,-0.04,0.01,1,imu01,fusion_usb_step4_20260819,247,10704618,639132448624693
639132484000000,10724,-0.66,-0.175,-0.735,-0.15,0.04,-0.09,1,imu01,fusion_usb_step4_20260819,248,10724622,639132468627760
639132500000000,10744,-0.656,-0.172,-0.727,0.14,-0.05,-0.19,1,imu01,fusion_usb_step4_20260819,249,10744618,639132488622826
639132515000000,10764,-0.66,-0.175,-0.73,-0.15,0.06,-0.27,1,imu01,fusion_usb_step4_20260819,250,10764622,639132508625893
639132531000000,10784,-0.668,-0.164,-0.738,0.05,-0.0,0.02,1,imu01,fusion_usb_step4_20260819,251,10784618,639132528620960
639132562000000,10804,-0.656,-0.191,-0.718,-0.07,-0.04,-0.11,1,imu01,fusion_usb_step4_20260819,252,10804622,639132548624026
639132578000000,10824,-0.667,-0.164,-0.74,-0.19,0.06,0.11,1,imu01,fusion_usb_step4_20260819,253,10824618,639132568619093
639132593000000,10844,-0.654,-0.183,-0.723,0.88,0.01,-0.31,1,imu01,fusion_usb_step4_20260819,254,10844622,639132588622159
639132609000000,10864,-0.66,-0.174,-0.732,-1.54,0.26,0.48,1,imu01,fusion_usb_step4_20260819,255,10864618,639132608617226
639132640000000,10884,-0.651,-0.167,-0.732,1.16,0.27,-0.11,1,imu01,fusion_usb_step4_20260819,256,10884622,639132628620293
639132656000000,10904,-0.672,-0.182,-0.737,-0.23,-0.48,0.13,1,imu01,fusion_usb_step4_20260819,257,10904618,639132648615360
639132671000000,10924,-0.663,-0.167,-0.735,-1.63,0.88,0.67,1,imu01,fusion_usb_step4_20260819,258,10924622,639132668618426
639132703000000,10944,-0.659,-0.174,-0.725,2.27,-0.73,-0.78,1,imu01,fusion_usb_step4_20260819,259,10944618,639132688613493
639132718000000,10964,-0.667,-0.172,-0.731,-1.9,0.27,0.38,1,imu01,fusion_usb_step4_20260819,260,10964622,639132708616559
639132734000000,10984,-0.66,-0.169,-0.729,1.53,-0.35,-0.65,1,imu01,fusion_usb_step4_20260819,261,10984618,639132728611626
639132750000000,11004,-0.663,-0.179,-0.726,-0.04,-0.19,-0.2,1,imu01,fusion_usb_step4_20260819,262,11004622,639132748614693
639132781000000,11024,-0.657,-0.177,-0.727,-0.53,0.15,-0.01,1,imu01,fusion_usb_step4_20260819,263,11024618,639132768609760
639132796000000,11044,-0.66,-0.176,-0.738,0.87,-0.4,-0.27,1,imu01,fusion_usb_step4_20260819,264,11044622,639132788612826
639132812000000,11064,-0.658,-0.174,-0.732,-0.74,0.23,0.14,1,imu01,fusion_usb_step4_20260819,265,11064618,639132808607893
639132843000000,11084,-0.656,-0.172,-0.725,0.24,0.02,-0.02,1,imu01,fusion_usb_step4_20260819,266,11084622,639132828610959
639132859000000,11104,-0.656,-0.178,-0.73,0.08,-0.02,0.08,1,imu01,fusion_usb_step4_20260819,267,11104618,639132848606026
639132875000000,11124,-0.663,-0.175,-0.728,-0.48,0.07,0.34,1,imu01,fusion_usb_step4_20260819,268,11124622,639132868609093
639132890000000,11144,-0.662,-0.175,-0.729,0.17,0.18,0.25,1,imu01,fusion_usb_step4_20260819,269,11144618,639132888604160
639132921000000,11164,-0.664,-0.173,-0.725,-0.38,0.11,0.15,1,imu01,fusion_usb_step4_20260819,270,11164622,639132908607226
639132937000000,11184,-0.666,-0.168,-0.727,-0.05,0.0,0.09,1,imu01,fusion_usb_step4_20260819,271,11184618,639132928602293
639132953000000,11204,-0.667,-0.169,-0.727,0.2,-0.12,-0.12,1,imu01,fusion_usb_step4_20260819,272,11204622,639132948605359
639132984000000,11224,-0.662,-0.177,-0.728,-0.0,-0.08,-0.11,1,imu01,fusion_usb_step4_20260819,273,11224618,639132968600426
639133000000000,11244,-0.658,-0.179,-0.737,0.33,-0.16,-0.27,1,imu01,fusion_usb_step4_20260819,274,11244622,639132988603493
639133015000000,11264,-0.659,-0.177,-0.732,0.01,-0.16,-0.04,1,imu01,fusion_usb_step4_20260819,275,11264618,639133008598560
639133031000000,11284,-0.663,-0.173,-0.737,0.05,-0.01,-0.1,1,imu01,fusion_usb_step4_20260819,276,11284622,639133028601626
639133062000000,11304,-0.663,-0.172,-0.732,-0.19,0.07,0.24,1,imu01,fusion_usb_step4_20260819,277,11304618,639133048596693
639133078000000,11324,-0.664,-0.176,-0.729,-0.27,0.1,0.22,1,imu01,fusion_usb_step4_20260819,278,11324622,639133068599759
639133093000000,11344,-0.662,-0.175,-0.728,-0.04,0.01,0.15,1,imu01,fusion_usb_step4_20260819,279,11344618,639133088594826
639133109000000,11364,-0.655,-0.172,-0.732,0.05,0.13,0.02,1,imu01,fusion_usb_step4_20260819,280,11364622,639133108597892
639133140000000,11384,-0.659,-0.17,-0.73,0.19,0.0,0.01,1,imu01,fusion_usb_step4_20260819,281,11384618,639133128592959
639133156000000,11404,-0.66,-0.178,-0.732,0.08,-0.15,-0.03,1,imu01,fusion_usb_step4_20260819,282,11404622,639133148596026
639133171000000,11424,-0.659,-0.174,-0.726,-0.07,0.04,0.0,1,imu01,fusion_usb_step4_20260819,283,11424618,639133168591093
639133203000000,11444,-0.661,-0.172,-0.728,-0.2,0.04,0.15,1,imu01,fusion_usb_step4_20260819,284,11444622,639133188594159
639133218000000,11464,-0.661,-0.172,-0.726,-0.03,0.02,-0.01,1,imu01,fusion_usb_step4_20260819,285,11464618,639133208589226
639133234000000,11484,-0.661,-0.177,-0.728,0.16,-0.13,-0.14,1,imu01,fusion_usb_step4_20260819,286,11484622,639133228592292
639133250000000,11504,-0.66,-0.181,-0.733,0.15,0.0,-0.16,1,imu01,fusion_usb_step4_20260819,287,11504618,639133248587359
639133281000000,11524,-0.663,-0.175,-0.735,0.2,-0.04,-0.06,1,imu01,fusion_usb_step4_20260819,288,11524622,639133268590426
639133296000000,11544,-0.663,-0.174,-0.734,-0.07,0.01,0.09,1,imu01,fusion_usb_step4_20260819,289,11544618,639133288585493
639133312000000,11564,-0.662,-0.176,-0.729,-0.11,0.05,0.16,1,imu01,fusion_usb_step4_20260819,290,11564622,639133308588559
639133343000000,11584,-0.662,-0.174,-0.73,-0.05,0.16,0.05,1,imu01,fusion_usb_step4_20260819,291,11584618,639133328583626
639133359000000,11604,-0.665,-0.177,-0.736,0.01,0.07,-0.1,1,imu01,fusion_usb_step4_20260819,292,11604622,639133348586692
639133375000000,11624,-0.662,-0.176,-0.729,0.06,-0.04,-0.1,1,imu01,fusion_usb_step4_20260819,293,11624618,639133368581759
639133390000000,11644,-0.664,-0.174,-0.737,0.1,0.03,-0.02,1,imu01,fusion_usb_step4_20260819,294,11644622,639133388584826
639133421000000,11664,-0.665,-0.181,-0.728,-0.0,-0.02,0.16,1,imu01,fusion_usb_step4_20260819,295,11664618,639133408579893
639133437000000,11684,-0.661,-0.173,-0.727,-0.02,0.0,0.04,1,imu01,fusion_usb_step4_20260819,296,11684622,639133428582959
639133453000000,11704,-0.66,-0.17,-0.729,0.09,-0.16,-0.07,1,imu01,fusion_usb_step4_20260819,297,11704618,639133448578026
639133484000000,11724,-0.659,-0.175,-0.727,0.01,-0.05,-0.09,1,imu01,fusion_usb_step4_20260819,298,11724622,639133468581092
639133500000000,11744,-0.663,-0.171,-0.729,0.22,-0.14,0.05,1,imu01,fusion_usb_step4_20260819,299,11744618,639133488576159
639133515000000,11764,-0.664,-0.175,-0.729,-0.05,0.05,0.1,1,imu01,fusion_usb_step4_20260819,300,11764622,639133508579226
639133531000000,11784,-0.657,-0.171,-0.729,-0.01,-0.01,0.13,1,imu01,fusion_usb_step4_20260819,301,11784618,639133528574293
639133562000000,11804,-0.657,-0.172,-0.724,-0.13,0.11,0.02,1,imu01,fusion_usb_step4_20260819,302,11804622,639133548577359
639133578000000,11824,-0.661,-0.172,-0.726,-0.04,-0.03,0.01,1,imu01,fusion_usb_step4_20260819,303,11824618,639133568572426
639133593000000,11844,-0.663,-0.172,-0.724,0.13,-0.07,-0.07,1,imu01,fusion_usb_step4_20260819,304,11844622,639133588575492
639133609000000,11864,-0.661,-0.178,-0.731,-0.0,-0.05,0.02,1,imu01,fusion_usb_step4_20260819,305,11864618,639133608570559
639133640000000,11884,-0.662,-0.171,-0.727,0.04,-0.09,0.01,1,imu01,fusion_usb_step4_20260819,306,11884622,639133628573626
639133656000000,11904,-0.663,-0.172,-0.727,-0.06,-0.0,0.02,1,imu01,fusion_usb_step4_20260819,307,11904618,639133648568692
639133671000000,11924,-0.664,-0.177,-0.732,0.01,-0.11,-0.07,1,imu01,fusion_usb_step4_20260819,308,11924622,639133668571759
639133703000000,11944,-0.661,-0.175,-0.731,0.01,0.13,-0.03,1,imu01,fusion_usb_step4_20260819,309,11944618,639133688566826
639133718000000,11964,-0.659,-0.175,-0.731,0.11,0.02,0.06,1,imu01,fusion_usb_step4_20260819,310,11964622,639133708569892
639133734000000,11984,-0.659,-0.176,-0.729,-0.05,0.13,0.1,1,imu01,fusion_usb_step4_20260819,311,11984618,639133728564959
639133750000000,12004,-0.662,-0.173,-0.734,0.02,-0.05,0.0,1,imu01,fusion_usb_step4_20260819,312,12004622,639133748568026
639133781000000,12024,-0.659,-0.175,-0.731,-0.08,0.1,-0.01,1,imu01,fusion_usb_step4_20260819,313,12024618,639133768563092
639133796000000,12044,-0.66,-0.172,-0.728,-0.09,0.0,0.02,1,imu01,fusion_usb_step4_20260819,314,12044622,639133788566159
639133812000000,12064,-0.663,-0.172,-0.723,-0.2,-0.0,-0.01,1,imu01,fusion_usb_step4_20260819,315,12064618,639133808561226
639133843000000,12084,-0.658,-0.176,-0.721,0.18,-0.03,-0.13,1,imu01,fusion_usb_step4_20260819,316,12084622,639133828564292
639133859000000,12104,-0.66,-0.172,-0.722,-0.11,-0.06,-0.05,1,imu01,fusion_usb_step4_20260819,317,12104618,639133848559359
639133875000000,12124,-0.661,-0.172,-0.73,0.2,-0.06,-0.08,1,imu01,fusion_usb_step4_20260819,318,12124622,639133868562426
639133890000000,12144,-0.66,-0.173,-0.734,0.2,-0.0,-0.04,1,imu01,fusion_usb_step4_20260819,319,12144618,639133888557492
639133921000000,12164,-0.662,-0.173,-0.727,-0.29,0.16,-0.01,1,imu01,fusion_usb_step4_20260819,320,12164622,639133908560559
639133937000000,12184,-0.664,-0.173,-0.733,-0.06,-0.0,0.12,1,imu01,fusion_usb_step4_20260819,321,12184618,639133928555626
639133953000000,12204,-0.666,-0.175,-0.727,-0.15,0.07,0.12,1,imu01,fusion_usb_step4_20260819,322,12204622,639133948558692
639133984000000,12224,-0.659,-0.176,-0.732,0.23,-0.15,-0.03,1,imu01,fusion_usb_step4_20260819,323,12224618,639133968553759
639134000000000,12244,-0.664,-0.175,-0.729,0.08,0.0,-0.07,1,imu01,fusion_usb_step4_20260819,324,12244622,639133988556826
639134015000000,12264,-0.659,-0.176,-0.738,0.04,0.01,-0.09,1,imu01,fusion_usb_step4_20260819,325,12264618,639134008551892
639134031000000,12284,-0.657,-0.174,-0.73,0.01,0.05,-0.03,1,imu01,fusion_usb_step4_20260819,326,12284622,639134028554959
639134062000000,12304,-0.66,-0.174,-0.73,-0.19,0.05,0.12,1,imu01,fusion_usb_step4_20260819,327,12304618,639134048550026
639134078000000,12324,-0.661,-0.173,-0.727,0.01,0.11,0.05,1,imu01,fusion_usb_step4_20260819,328,12324622,639134068553092
639134093000000,12344,-0.664,-0.172,-0.731,0.04,-0.03,-0.05,1,imu01,fusion_usb_step4_20260819,329,12344618,639134088548159
639134109000000,12364,-0.658,-0.171,-0.726,0.09,-0.11,-0.13,1,imu01,fusion_usb_step4_20260819,330,12364622,639134108551226
639134140000000,12384,-0.659,-0.175,-0.731,0.08,0.03,-0.03,1,imu01,fusion_usb_step4_20260819,331,12384618,639134128546292
639134156000000,12404,-0.663,-0.179,-0.731,0.08,-0.08,0.01,1,imu01,fusion_usb_step4_20260819,332,12404622,639134148549359
639134171000000,12424,-0.661,-0.175,-0.732,-0.04,0.04,0.0,1,imu01,fusion_usb_step4_20260819,333,12424618,639134168544426
639134203000000,12444,-0.658,-0.176,-0.73,-0.06,0.0,0.01,1,imu01,fusion_usb_step4_20260819,334,12444622,639134188547492
639134218000000,12464,-0.657,-0.172,-0.732,-0.02,0.1,-0.01,1,imu01,fusion_usb_step4_20260819,335,12464618,639134208542559
639134234000000,12484,-0.659,-0.175,-0.73,-0.04,0.04,0.02,1,imu01,fusion_usb_step4_20260819,336,12484622,639134228545626
639134250000000,12504,-0.66,-0.171,-0.732,0.27,-0.14,-0.07,1,imu01,fusion_usb_step4_20260819,337,12504618,639134248540692
639134281000000,12524,-0.664,-0.175,-0.732,0.26,-0.26,-0.1,1,imu01,fusion_usb_step4_20260819,338,12524622,639134268543759
639134296000000,12544,-0.662,-0.18,-0.736,0.08,-0.02,-0.1,1,imu01,fusion_usb_step4_20260819,339,12544618,639134288538826
639134312000000,12564,-0.663,-0.174,-0.73,0.29,-0.06,-0.04,1,imu01,fusion_usb_step4_20260819,340,12564622,639134308541892
639134343000000,12584,-0.665,-0.173,-0.727,-0.14,-0.02,0.04,1,imu01,fusion_usb_step4_20260819,341,12584618,639134328536959
639134359000000,12604,-0.666,-0.174,-0.74,0.27,-0.13,-0.13,1,imu01,fusion_usb_step4_20260819,342,12604622,639134348540026
639134375000000,12624,-0.657,-0.176,-0.729,-0.42,0.25,0.13,1,imu01,fusion_usb_step4_20260819,343,12624618,639134368535092
639134390000000,12644,-0.651,-0.172,-0.729,-0.17,0.16,0.06,1,imu01,fusion_usb_step4_20260819,344,12644622,639134388538159
639134421000000,12664,-0.658,-0.172,-0.733,0.19,-0.09,-0.03,1,imu01,fusion_usb_step4_20260819,345,12664618,639134408533226
639134437000000,12684,-0.66,-0.174,-0.728,0.4,-0.11,-0.14,1,imu01,fusion_usb_step4_20260819,346,12684622,639134428536292
639134453000000,12704,-0.66,-0.18,-0.728,-0.41,0.14,0.25,1,imu01,fusion_usb_step4_20260819,347,12704618,639134448531359
639134468000000,12724,-0.66,-0.174,-0.734,-0.02,-0.03,0.09,1,imu01,fusion_usb_step4_20260819,348,12724622,639134468534425
639134500000000,12744,-0.663,-0.165,-0.728,-0.27,0.1,0.12,1,imu01,fusion_usb_step4_20260819,349,12744618,639134488529492
639134515000000,12764,-0.658,-0.174,-0.729,0.38,-0.19,-0.04,1,imu01,fusion_usb_step4_20260819,350,12764622,639134508532559
639134531000000,12784,-0.661,-0.176,-0.727,0.1,-0.22,-0.17,1,imu01,fusion_usb_step4_20260819,351,12784618,639134528527626
639134562000000,12804,-0.657,-0.178,-0.734,0.03,0.04,-0.08,1,imu01,fusion_usb_step4_20260819,352,12804622,639134548530692
639134578000000,12824,-0.655,-0.179,-0.734,0.04,0.04,0.0,1,imu01,fusion_usb_step4_20260819,353,12824618,639134568525759
639134593000000,12844,-0.667,-0.172,-0.733,0.05,-0.07,0.07,1,imu01,fusion_usb_step4_20260819,354,12844622,639134588528825
639134609000000,12864,-0.662,-0.175,-0.731,0.2,-0.03,-0.07,1,imu01,fusion_usb_step4_20260819,355,12864618,639134608523892
639134640000000,12884,-0.659,-0.175,-0.731,-0.38,0.16,0.12,1,imu01,fusion_usb_step4_20260819,356,12884622,639134628526959
639134656000000,12904,-0.661,-0.174,-0.722,-0.02,0.05,-0.04,1,imu01,fusion_usb_step4_20260819,357,12904618,639134648522026
639134671000000,12924,-0.662,-0.171,-0.727,0.12,-0.05,0.02,1,imu01,fusion_usb_step4_20260819,358,12924622,639134668525092
639134703000000,12944,-0.659,-0.173,-0.732,0.01,-0.06,-0.04,1,imu01,fusion_usb_step4_20260819,359,12944618,639134688520159
639134718000000,12964,-0.655,-0.181,-0.731,0.02,-0.14,-0.1,1,imu01,fusion_usb_step4_20260819,360,12964622,639134708523225
639134734000000,12984,-0.661,-0.174,-0.73,0.08,0.02,0.03,1,imu01,fusion_usb_step4_20260819,361,12984618,639134728518292
639134750000000,13004,-0.663,-0.174,-0.728,0.16,0.01,0.0,1,imu01,fusion_usb_step4_20260819,362,13004622,639134748521359
639134781000000,13024,-0.66,-0.178,-0.734,-0.59,0.29,0.23,1,imu01,fusion_usb_step4_20260819,363,13024618,639134768516426
639134796000000,13044,-0.66,-0.175,-0.726,0.04,-0.08,0.02,1,imu01,fusion_usb_step4_20260819,364,13044622,639134788519492
639134812000000,13064,-0.659,-0.173,-0.727,-0.05,-0.01,-0.05,1,imu01,fusion_usb_step4_20260819,365,13064618,639134808514559
639134843000000,13084,-0.657,-0.174,-0.73,0.04,0.0,-0.15,1,imu01,fusion_usb_step4_20260819,366,13084622,639134828517625
639134859000000,13104,-0.658,-0.173,-0.733,-0.09,0.03,-0.1,1,imu01,fusion_usb_step4_20260819,367,13104618,639134848512692
639134875000000,13124,-0.661,-0.174,-0.734,0.09,-0.11,-0.12,1,imu01,fusion_usb_step4_20260819,368,13124622,639134868515759
639134890000000,13144,-0.658,-0.173,-0.73,0.24,-0.1,-0.04,1,imu01,fusion_usb_step4_20260819,369,13144618,639134888510826
639134921000000,13164,-0.659,-0.172,-0.731,-0.01,-0.03,-0.06,1,imu01,fusion_usb_step4_20260819,370,13164622,639134908513892
639134937000000,13184,-0.66,-0.18,-0.738,0.09,-0.2,-0.1,1,imu01,fusion_usb_step4_20260819,371,13184618,639134928508959
639134953000000,13204,-0.664,-0.182,-0.73,0.24,-0.04,-0.17,1,imu01,fusion_usb_step4_20260819,372,13204622,639134948512025
639134968000000,13224,-0.656,-0.172,-0.739,0.2,-0.13,-0.08,1,imu01,fusion_usb_step4_20260819,373,13224618,639134968507092
639135000000000,13244,-0.659,-0.179,-0.731,0.14,-0.05,0.02,1,imu01,fusion_usb_step4_20260819,374,13244622,639134988510159
639135015000000,13264,-0.667,-0.173,-0.731,-0.09,0.07,0.07,1,imu01,fusion_usb_step4_20260819,375,13264618,639135008505225
639135031000000,13284,-0.663,-0.168,-0.73,-0.44,0.32,0.12,1,imu01,fusion_usb_step4_20260819,376,13284622,639135028508292
639135062000000,13304,-0.658,-0.173,-0.718,0.13,0.02,-0.17,1,imu01,fusion_usb_step4_20260819,377,13304618,639135048503359
639135078000000,13324,-0.656,-0.178,-0.726,-0.13,0.04,-0.01,1,imu01,fusion_usb_step4_20260819,378,13324622,639135068506425
639135093000000,13344,-0.655,-0.179,-0.731,-0.18,0.16,0.12,1,imu01,fusion_usb_step4_20260819,379,13344618,639135088501492
639135109000000,13364,-0.667,-0.179,-0.733,0.08,0.01,0.08,1,imu01,fusion_usb_step4_20260819,380,13364622,639135108504558
639135140000000,13384,-0.65,-0.175,-0.721,-0.14,0.08,0.07,1,imu01,fusion_usb_step4_20260819,381,13384618,639135128499625
639135156000000,13404,-0.664,-0.18,-0.725,0.61,-0.38,-0.21,1,imu01,fusion_usb_step4_20260819,382,13404622,639135148502692
639135171000000,13424,-0.663,-0.179,-0.726,0.13,-0.09,-0.04,1,imu01,fusion_usb_step4_20260819,383,13424618,639135168497759
639135203000000,13444,-0.658,-0.179,-0.729,0.33,-0.09,0.02,1,imu01,fusion_usb_step4_20260819,384,13444622,639135188500825
639135218000000,13464,-0.654,-0.167,-0.729,-0.54,0.29,0.15,1,imu01,fusion_usb_step4_20260819,385,13464618,639135208495892
639135234000000,13484,-0.659,-0.179,-0.7,0.21,-0.12,-0.09,1,imu01,fusion_usb_step4_20260819,386,13484622,639135228498958
639135250000000,13504,-0.671,-0.185,-0.722,-0.21,0.08,0.07,1,imu01,fusion_usb_step4_20260819,387,13504618,639135248494025
639135281000000,13524,-0.664,-0.177,-0.725,-0.05,0.04,-0.02,1,imu01,fusion_usb_step4_20260819,388,13524622,639135268497092
639135296000000,13544,-0.655,-0.178,-0.722,-0.26,0.19,0.12,1,imu01,fusion_usb_step4_20260819,389,13544618,639135288492159
639135312000000,13564,-0.665,-0.179,-0.717,-0.25,0.23,0.13,1,imu01,fusion_usb_step4_20260819,390,13564622,639135308495225
639135343000000,13584,-0.657,-0.173,-0.727,-0.02,-0.06,0.07,1,imu01,fusion_usb_step4_20260819,391,13584618,639135328490292
639135359000000,13604,-0.672,-0.17,-0.728,0.35,-0.09,-0.15,1,imu01,fusion_usb_step4_20260819,392,13604622,639135348493358
639135375000000,13624,-0.664,-0.161,-0.718,0.11,-0.1,-0.09,1,imu01,fusion_usb_step4_20260819,393,13624618,639135368488425
639135390000000,13644,-0.661,-0.179,-0.707,-0.41,0.13,0.14,1,imu01,fusion_usb_step4_20260819,394,13644622,639135388491492
639135421000000,13664,-0.667,-0.185,-0.723,0.16,-0.1,0.02,1,imu01,fusion_usb_step4_20260819,395,13664618,639135408486559
639135437000000,13684,-0.656,-0.181,-0.716,-0.14,0.08,0.09,1,imu01,fusion_usb_step4_20260819,396,13684622,639135428489625
639135453000000,13704,-0.655,-0.172,-0.726,-0.07,0.0,0.04,1,imu01,fusion_usb_step4_20260819,397,13704618,639135448484692
639135468000000,13724,-0.652,-0.176,-0.723,0.04,-0.03,-0.12,1,imu01,fusion_usb_step4_20260819,398,13724622,639135468487758
639135500000000,13744,-0.662,-0.175,-0.725,-0.0,0.03,0.05,1,imu01,fusion_usb_step4_20260819,399,13744618,639135488482825
639135515000000,13764,-0.668,-0.182,-0.725,-0.06,0.04,0.06,1,imu01,fusion_usb_step4_20260819,400,13764622,639135508485892
639135531000000,13784,-0.67,-0.194,-0.719,0.04,-0.02,-0.02,1,imu01,fusion_usb_step4_20260819,401,13784618,639135528480959
639135562000000,13804,-0.665,-0.162,-0.717,0.01,-0.02,0.12,1,imu01,fusion_usb_step4_20260819,402,13804622,639135548484025
639135578000000,13824,-0.666,-0.188,-0.722,-0.18,0.08,0.06,1,imu01,fusion_usb_step4_20260819,403,13824618,639135568479092
639135593000000,13844,-0.666,-0.17,-0.725,-0.28,0.2,0.0,1,imu01,fusion_usb_step4_20260819,404,13844622,639135588482158
639135609000000,13864,-0.668,-0.188,-0.725,0.17,-0.06,-0.1,1,imu01,fusion_usb_step4_20260819,405,13864618,639135608477225
639135640000000,13884,-0.661,-0.164,-0.712,0.48,-0.18,-0.13,1,imu01,fusion_usb_step4_20260819,406,13884622,639135628480292
639135656000000,13904,-0.651,-0.165,-0.732,0.42,-0.25,-0.14,1,imu01,fusion_usb_step4_20260819,407,13904618,639135648475358
639135671000000,13924,-0.665,-0.176,-0.723,-0.23,0.02,-0.1,1,imu01,fusion_usb_step4_20260819,408,13924622,639135668478425
639135703000000,13944,-0.661,-0.178,-0.725,0.53,-0.17,-0.3,1,imu01,fusion_usb_step4_20260819,409,13944618,639135688473492
639135718000000,13964,-0.664,-0.17,-0.729,0.04,-0.01,0.0,1,imu01,fusion_usb_step4_20260819,410,13964622,639135708476558
639135734000000,13984,-0.653,-0.181,-0.726,0.25,-0.24,-0.04,1,imu01,fusion_usb_step4_20260819,411,13984618,639135728471625
639135750000000,14004,-0.658,-0.175,-0.731,-0.04,0.04,-0.01,1,imu01,fusion_usb_step4_20260819,412,14004622,639135748474692
639135781000000,14024,-0.658,-0.166,-0.742,-0.41,0.2,0.12,1,imu01,fusion_usb_step4_20260819,413,14024618,639135768469758
639135796000000,14044,-0.676,-0.185,-0.725,0.54,-0.16,-0.12,1,imu01,fusion_usb_step4_20260819,414,14044622,639135788472825
639135812000000,14064,-0.658,-0.173,-0.729,-0.19,0.1,0.03,1,imu01,fusion_usb_step4_20260819,415,14064618,639135808467892
639135843000000,14084,-0.666,-0.171,-0.716,-0.21,0.07,0.06,1,imu01,fusion_usb_step4_20260819,416,14084622,639135828470958
639135859000000,14104,-0.65,-0.172,-0.731,-0.19,0.21,0.08,1,imu01,fusion_usb_step4_20260819,417,14104618,639135848466025
639135875000000,14124,-0.668,-0.176,-0.716,-0.23,0.06,0.02,1,imu01,fusion_usb_step4_20260819,418,14124622,639135868469092
639135890000000,14144,-0.66,-0.187,-0.719,-0.15,0.1,-0.03,1,imu01,fusion_usb_step4_20260819,419,14144618,639135888464158
639135921000000,14164,-0.671,-0.185,-0.733,0.23,-0.09,-0.2,1,imu01,fusion_usb_step4_20260819,420,14164622,639135908467225
639135937000000,14184,-0.659,-0.175,-0.713,-0.37,0.06,0.09,1,imu01,fusion_usb_step4_20260819,421,14184618,639135928462292
639135953000000,14204,-0.659,-0.18,-0.726,-0.02,-0.06,0.06,1,imu01,fusion_usb_step4_20260819,422,14204622,639135948465358
639135968000000,14224,-0.686,-0.17,-0.707,0.1,-0.03,-0.07,1,imu01,fusion_usb_step4_20260819,423,14224618,639135968460425
639136000000000,14244,-0.655,-0.171,-0.702,0.08,-0.13,-0.13,1,imu01,fusion_usb_step4_20260819,424,14244622,639135988463492
639136015000000,14264,-0.663,-0.174,-0.697,-0.08,0.08,0.0,1,imu01,fusion_usb_step4_20260819,425,14264618,639136008458558
639136031000000,14284,-0.673,-0.172,-0.718,0.09,-0.02,0.12,1,imu01,fusion_usb_step4_20260819,426,14284622,639136028461625
639136062000000,14304,-0.665,-0.177,-0.721,-0.0,-0.13,0.09,1,imu01,fusion_usb_step4_20260819,427,14304618,639136048456692
639136078000000,14324,-0.676,-0.182,-0.723,-0.1,0.08,0.06,1,imu01,fusion_usb_step4_20260819,428,14324622,639136068459758
639136093000000,14344,-0.659,-0.189,-0.707,-0.0,0.15,-0.04,1,imu01,fusion_usb_step4_20260819,429,14344618,639136088454825
639136109000000,14364,-0.643,-0.188,-0.703,0.28,-0.17,-0.14,1,imu01,fusion_usb_step4_20260819,430,14364622,639136108457892
639136140000000,14384,-0.674,-0.176,-0.7,0.16,-0.09,-0.13,1,imu01,fusion_usb_step4_20260819,431,14384618,639136128452958
639136156000000,14404,-0.671,-0.176,-0.717,0.3,-0.11,-0.06,1,imu01,fusion_usb_step4_20260819,432,14404622,639136148456025
639136171000000,14424,-0.669,-0.171,-0.705,-0.2,0.16,0.16,1,imu01,fusion_usb_step4_20260819,433,14424618,639136168451092
639136203000000,14444,-0.675,-0.168,-0.707,-0.32,0.16,0.16,1,imu01,fusion_usb_step4_20260819,434,14444622,639136188454158
639136218000000,14464,-0.678,-0.173,-0.708,-0.02,-0.14,0.02,1,imu01,fusion_usb_step4_20260819,435,14464618,639136208449225
639136234000000,14484,-0.659,-0.176,-0.717,0.01,-0.02,-0.15,1,imu01,fusion_usb_step4_20260819,436,14484622,639136228452292
639136250000000,14504,-0.661,-0.18,-0.72,-0.01,0.02,0.06,1,imu01,fusion_usb_step4_20260819,437,14504618,639136248447358
639136281000000,14524,-0.666,-0.176,-0.723,-0.09,0.08,0.06,1,imu01,fusion_usb_step4_20260819,438,14524622,639136268450425
639136296000000,14544,-0.639,-0.168,-0.717,0.1,-0.11,0.15,1,imu01,fusion_usb_step4_20260819,439,14544618,639136288445492
639136312000000,14564,-0.662,-0.176,-0.716,0.3,-0.06,-0.04,1,imu01,fusion_usb_step4_20260819,440,14564622,639136308448558
639136343000000,14584,-0.667,-0.172,-0.716,-0.15,-0.02,-0.03,1,imu01,fusion_usb_step4_20260819,441,14584618,639136328443625
639136359000000,14604,-0.651,-0.184,-0.716,0.22,-0.03,-0.11,1,imu01,fusion_usb_step4_20260819,442,14604622,639136348446692
639136375000000,14624,-0.66,-0.172,-0.729,-0.02,-0.02,0.1,1,imu01,fusion_usb_step4_20260819,443,14624618,639136368441758
639136390000000,14644,-0.651,-0.184,-0.716,-0.74,0.22,0.24,1,imu01,fusion_usb_step4_20260819,444,14644622,639136388444825
639136421000000,14664,-0.658,-0.182,-0.723,0.23,0.07,-0.15,1,imu01,fusion_usb_step4_20260819,445,14664618,639136408439892
639136437000000,14684,-0.664,-0.169,-0.72,-0.1,-0.04,0.02,1,imu01,fusion_usb_step4_20260819,446,14684622,639136428442958
639136453000000,14704,-0.671,-0.174,-0.732,-0.02,-0.19,-0.05,1,imu01,fusion_usb_step4_20260819,447,14704618,639136448438025
639136484000000,14724,-0.674,-0.181,-0.731,0.25,-0.16,-0.1,1,imu01,fusion_usb_step4_20260819,448,14724622,639136468441091
639136500000000,14744,-0.65,-0.173,-0.711,0.14,-0.0,-0.14,1,imu01,fusion_usb_step4_20260819,449,14744618,639136488436158
639136515000000,14764,-0.673,-0.179,-0.72,0.14,-0.06,-0.02,1,imu01,fusion_usb_step4_20260819,450,14764622,639136508439225
639136531000000,14784,-0.662,-0.159,-0.706,-0.08,0.12,-0.04,1,imu01,fusion_usb_step4_20260819,451,14784618,639136528434292
639136562000000,14804,-0.664,-0.179,-0.72,-0.44,0.09,0.16,1,imu01,fusion_usb_step4_20260819,452,14804622,639136548437358
639136578000000,14824,-0.661,-0.171,-0.707,0.72,-0.35,-0.24,1,imu01,fusion_usb_step4_20260819,453,14824618,639136568432425
639136593000000,14844,-0.671,-0.173,-0.71,-0.25,0.16,0.09,1,imu01,fusion_usb_step4_20260819,454,14844622,639136588435491
639136609000000,14864,-0.65,-0.181,-0.718,-0.14,0.04,0.22,1,imu01,fusion_usb_step4_20260819,455,14864618,639136608430558
639136640000000,14884,-0.659,-0.172,-0.705,-0.02,-0.03,-0.11,1,imu01,fusion_usb_step4_20260819,456,14884622,639136628433625
639136656000000,14904,-0.655,-0.172,-0.702,0.2,-0.24,-0.14,1,imu01,fusion_usb_step4_20260819,457,14904618,639136648428692
639136671000000,14924,-0.674,-0.166,-0.712,-0.16,0.2,0.06,1,imu01,fusion_usb_step4_20260819,458,14924622,639136668431758
639136703000000,14944,-0.655,-0.172,-0.703,0.01,-0.06,0.15,1,imu01,fusion_usb_step4_20260819,459,14944618,639136688426825
639136718000000,14964,-0.665,-0.165,-0.699,-0.27,0.12,0.12,1,imu01,fusion_usb_step4_20260819,460,14964622,639136708429891
639136734000000,14984,-0.653,-0.17,-0.712,-0.25,-0.0,0.0,1,imu01,fusion_usb_step4_20260819,461,14984618,639136728424958
639136750000000,15004,-0.662,-0.174,-0.704,0.13,0.04,-0.04,1,imu01,fusion_usb_step4_20260819,462,15004622,639136748428025
639136781000000,15024,-0.662,-0.178,-0.724,-0.05,0.02,0.1,1,imu01,fusion_usb_step4_20260819,463,15024618,639136768423092
639136796000000,15044,-0.674,-0.166,-0.705,-0.15,-0.03,0.1,1,imu01,fusion_usb_step4_20260819,464,15044622,639136788426158
639136812000000,15064,-0.657,-0.175,-0.727,0.42,-0.14,-0.05,1,imu01,fusion_usb_step4_20260819,465,15064618,639136808421225
639136843000000,15084,-0.666,-0.177,-0.71,0.01,0.07,-0.02,1,imu01,fusion_usb_step4_20260819,466,15084622,639136828424291
639136859000000,15104,-0.657,-0.168,-0.709,-0.03,-0.09,-0.17,1,imu01,fusion_usb_step4_20260819,467,15104618,639136848419358
639136875000000,15124,-0.663,-0.172,-0.704,0.05,-0.13,0.01,1,imu01,fusion_usb_step4_20260819,468,15124622,639136868422425
639136890000000,15144,-0.667,-0.179,-0.711,-0.1,0.14,0.17,1,imu01,fusion_usb_step4_20260819,469,15144618,639136888417492
639136921000000,15164,-0.659,-0.181,-0.724,0.1,-0.05,0.02,1,imu01,fusion_usb_step4_20260819,470,15164622,639136908420558
639136937000000,15184,-0.66,-0.179,-0.728,0.19,-0.01,-0.17,1,imu01,fusion_usb_step4_20260819,471,15184618,639136928415625
639136953000000,15204,-0.654,-0.159,-0.712,-0.14,-0.05,-0.06,1,imu01,fusion_usb_step4_20260819,472,15204622,639136948418691
639136968000000,15224,-0.645,-0.167,-0.724,-0.02,0.12,-0.03,1,imu01,fusion_usb_step4_20260819,473,15224618,639136968413758
639137000000000,15244,-0.662,-0.183,-0.717,0.08,-0.03,0.15,1,imu01,fusion_usb_step4_20260819,474,15244622,639136988416824
639137015000000,15264,-0.67,-0.175,-0.729,-0.31,0.12,0.11,1,imu01,fusion_usb_step4_20260819,475,15264618,639137008411891
639137031000000,15284,-0.659,-0.174,-0.733,0.55,-0.25,-0.18,1,imu01,fusion_usb_step4_20260819,476,15284622,639137028414958
639137062000000,15304,-0.665,-0.173,-0.726,0.01,0.08,-0.02,1,imu01,fusion_usb_step4_20260819,477,15304618,639137048410025
639137078000000,15324,-0.666,-0.172,-0.729,-0.05,-0.03,-0.02,1,imu01,fusion_usb_step4_20260819,478,15324622,639137068413091
639137093000000,15344,-0.677,-0.184,-0.726,0.04,-0.03,-0.04,1,imu01,fusion_usb_step4_20260819,479,15344618,639137088408158
639137109000000,15364,-0.661,-0.18,-0.732,-0.06,-0.0,0.04,1,imu01,fusion_usb_step4_20260819,480,15364622,639137108411224
639137140000000,15384,-0.659,-0.182,-0.723,0.01,0.05,-0.02,1,imu01,fusion_usb_step4_20260819,481,15384618,639137128406291
639137156000000,15404,-0.661,-0.173,-0.711,0.11,-0.01,-0.08,1,imu01,fusion_usb_step4_20260819,482,15404622,639137148409358
639137171000000,15424,-0.66,-0.175,-0.719,0.05,-0.24,0.08,1,imu01,fusion_usb_step4_20260819,483,15424618,639137168404425
639137203000000,15444,-0.669,-0.182,-0.722,-0.18,0.2,0.0,1,imu01,fusion_usb_step4_20260819,484,15444622,639137188407491
639137218000000,15464,-0.67,-0.176,-0.724,0.02,-0.03,0.1,1,imu01,fusion_usb_step4_20260819,485,15464618,639137208402558
639137234000000,15484,-0.655,-0.168,-0.729,-0.21,0.21,0.06,1,imu01,fusion_usb_step4_20260819,486,15484622,639137228405624
639137250000000,15504,-0.655,-0.179,-0.721,0.12,-0.12,0.02,1,imu01,fusion_usb_step4_20260819,487,15504618,639137248400691
639137281000000,15524,-0.656,-0.177,-0.723,0.05,0.07,-0.14,1,imu01,fusion_usb_step4_20260819,488,15524622,639137268403758
639137296000000,15544,-0.662,-0.18,-0.721,-0.02,0.07,-0.01,1,imu01,fusion_usb_step4_20260819,489,15544618,639137288398825
639137312000000,15564,-0.661,-0.179,-0.724,-0.12,0.07,-0.04,1,imu01,fusion_usb_step4_20260819,490,15564622,639137308401891
639137343000000,15584,-0.652,-0.184,-0.721,0.01,-0.04,0.08,1,imu01,fusion_usb_step4_20260819,491,15584618,639137328396958
639137359000000,15604,-0.675,-0.178,-0.719,0.1,0.1,-0.03,1,imu01,fusion_usb_step4_20260819,492,15604622,639137348400024
639137375000000,15624,-0.662,-0.174,-0.722,-0.14,0.08,-0.07,1,imu01,fusion_usb_step4_20260819,493,15624618,639137368395091
639137390000000,15644,-0.661,-0.161,-0.728,-0.06,-0.0,-0.05,1,imu01,fusion_usb_step4_20260819,494,15644622,639137388398158
639137421000000,15664,-0.656,-0.171,-0.715,0.29,-0.01,-0.14,1,imu01,fusion_usb_step4_20260819,495,15664618,639137408393225
639137437000000,15684,-0.661,-0.176,-0.718,0.01,0.05,0.09,1,imu01,fusion_usb_step4_20260819,496,15684622,639137428396291
639137453000000,15704,-0.676,-0.176,-0.718,-0.08,0.03,-0.01,1,imu01,fusion_usb_step4_20260819,497,15704618,639137448391358
639137468000000,15724,-0.662,-0.168,-0.709,0.29,-0.29,-0.15,1,imu01,fusion_usb_step4_20260819,498,15724622,639137468394424
639137500000000,15744,-0.666,-0.172,-0.729,-0.02,0.08,-0.19,1,imu01,fusion_usb_step4_20260819,499,15744618,639137488389491
639137515000000,15764,-0.66,-0.179,-0.725,0.22,-0.16,-0.04,1,imu01,fusion_usb_step4_20260819,500,15764622,639137508392558
639137531000000,15784,-0.668,-0.172,-0.723,0.21,-0.12,-0.05,1,imu01,fusion_usb_step4_20260819,501,15784618,639137528387624
639137562000000,15804,-0.67,-0.17,-0.72,-0.28,-0.03,0.01,1,imu01,fusion_usb_step4_20260819,502,15804622,639137548390691
639137578000000,15824,-0.662,-0.176,-0.713,0.03,-0.02,-0.05,1,imu01,fusion_usb_step4_20260819,503,15824618,639137568385758
639137593000000,15844,-0.659,-0.173,-0.724,-0.15,-0.03,0.03,1,imu01,fusion_usb_step4_20260819,504,15844622,639137588388824
639137609000000,15864,-0.658,-0.177,-0.727,-0.33,0.1,0.14,1,imu01,fusion_usb_step4_20260819,505,15864618,639137608383891
639137640000000,15884,-0.663,-0.172,-0.72,0.18,-0.11,-0.02,1,imu01,fusion_usb_step4_20260819,506,15884622,639137628386958
639137656000000,15904,-0.662,-0.174,-0.737,0.07,0.03,0.0,1,imu01,fusion_usb_step4_20260819,507,15904618,639137648382024
639137671000000,15924,-0.668,-0.179,-0.726,-0.15,0.14,0.02,1,imu01,fusion_usb_step4_20260819,508,15924622,639137668385091
639137703000000,15944,-0.66,-0.174,-0.729,0.21,-0.2,-0.03,1,imu01,fusion_usb_step4_20260819,509,15944618,639137688380158
639137718000000,15964,-0.661,-0.177,-0.728,-0.1,0.14,-0.06,1,imu01,fusion_usb_step4_20260819,510,15964622,639137708383224
639137734000000,15984,-0.658,-0.172,-0.734,-0.23,0.12,0.14,1,imu01,fusion_usb_step4_20260819,511,15984618,639137728378291
639137750000000,16004,-0.66,-0.174,-0.733,-0.18,0.06,0.14,1,imu01,fusion_usb_step4_20260819,512,16004622,639137748381358
639137781000000,16024,-0.661,-0.175,-0.727,0.11,-0.26,0.08,1,imu01,fusion_usb_step4_20260819,513,16024618,639137768376424
639137796000000,16044,-0.659,-0.179,-0.728,-0.16,0.23,-0.11,1,imu01,fusion_usb_step4_20260819,514,16044622,639137788379491
639137812000000,16064,-0.662,-0.175,-0.733,-0.21,-0.02,-0.1,1,imu01,fusion_usb_step4_20260819,515,16064618,639137808374558
639137843000000,16084,-0.665,-0.178,-0.729,-0.05,-0.0,0.04,1,imu01,fusion_usb_step4_20260819,516,16084622,639137828377624
639137859000000,16104,-0.662,-0.176,-0.728,-0.16,0.11,0.05,1,imu01,fusion_usb_step4_20260819,517,16104618,639137848372691
639137875000000,16124,-0.656,-0.175,-0.729,0.07,0.04,-0.07,1,imu01,fusion_usb_step4_20260819,518,16124622,639137868375758
639137890000000,16144,-0.658,-0.17,-0.729,-0.15,-0.06,0.09,1,imu01,fusion_usb_step4_20260819,519,16144618,639137888370824
639137921000000,16164,-0.656,-0.175,-0.731,-0.12,-0.01,0.02,1,imu01,fusion_usb_step4_20260819,520,16164622,639137908373891
639137937000000,16184,-0.661,-0.174,-0.734,0.06,0.06,-0.04,1,imu01,fusion_usb_step4_20260819,521,16184618,639137928368958
639137953000000,16204,-0.66,-0.173,-0.731,0.04,-0.14,0.12,1,imu01,fusion_usb_step4_20260819,522,16204622,639137948372024
639137968000000,16224,-0.655,-0.173,-0.732,0.16,-0.01,-0.05,1,imu01,fusion_usb_step4_20260819,523,16224618,639137968367091
639138000000000,16244,-0.66,-0.167,-0.734,0.08,-0.13,-0.07,1,imu01,fusion_usb_step4_20260819,524,16244622,639137988370158
639138015000000,16264,-0.659,-0.176,-0.726,-0.13,0.08,0.04,1,imu01,fusion_usb_step4_20260819,525,16264618,639138008365224
639138031000000,16284,-0.666,-0.177,-0.728,0.17,-0.09,0.06,1,imu01,fusion_usb_step4_20260819,526,16284622,639138028368291
639138062000000,16304,-0.66,-0.173,-0.729,-0.05,0.05,-0.01,1,imu01,fusion_usb_step4_20260819,527,16304618,639138048363358
639138078000000,16324,-0.66,-0.176,-0.737,-0.09,0.06,0.12,1,imu01,fusion_usb_step4_20260819,528,16324622,639138068366424
639138093000000,16344,-0.663,-0.176,-0.736,0.08,-0.02,-0.11,1,imu01,fusion_usb_step4_20260819,529,16344618,639138088361491
639138109000000,16364,-0.658,-0.174,-0.729,-0.15,-0.01,0.08,1,imu01,fusion_usb_step4_20260819,530,16364622,639138108364558
639138140000000,16384,-0.662,-0.172,-0.73,-0.0,-0.1,0.04,1,imu01,fusion_usb_step4_20260819,531,16384618,639138128359624
639138156000000,16404,-0.657,-0.173,-0.729,-0.04,0.06,0.05,1,imu01,fusion_usb_step4_20260819,532,16404622,639138148362691
639138171000000,16424,-0.661,-0.176,-0.727,0.04,0.1,-0.08,1,imu01,fusion_usb_step4_20260819,533,16424618,639138168357758
639138203000000,16444,-0.66,-0.171,-0.732,0.09,-0.13,-0.11,1,imu01,fusion_usb_step4_20260819,534,16444622,639138188360824
639138218000000,16464,-0.661,-0.173,-0.727,-0.07,0.08,-0.06,1,imu01,fusion_usb_step4_20260819,535,16464618,639138208355891
639138234000000,16484,-0.66,-0.174,-0.731,-0.03,-0.07,0.16,1,imu01,fusion_usb_step4_20260819,536,16484622,639138228358958
639138250000000,16504,-0.658,-0.173,-0.731,-0.01,0.05,0.07,1,imu01,fusion_usb_step4_20260819,537,16504618,639138248354024
639138281000000,16524,-0.659,-0.169,-0.736,0.12,-0.07,0.02,1,imu01,fusion_usb_step4_20260819,538,16524622,639138268357091
639138296000000,16544,-0.658,-0.173,-0.734,-0.15,0.14,0.03,1,imu01,fusion_usb_step4_20260819,539,16544618,639138288352158
639138312000000,16564,-0.66,-0.173,-0.726,0.17,-0.06,-0.07,1,imu01,fusion_usb_step4_20260819,540,16564622,639138308355224
639138343000000,16584,-0.661,-0.173,-0.734,0.05,-0.04,-0.11,1,imu01,fusion_usb_step4_20260819,541,16584618,639138328350291
639138359000000,16604,-0.664,-0.172,-0.734,0.01,0.1,0.15,1,imu01,fusion_usb_step4_20260819,542,16604622,639138348353357
639138375000000,16624,-0.66,-0.171,-0.729,0.14,0.03,0.08,1,imu01,fusion_usb_step4_20260819,543,16624618,639138368348424
639138390000000,16644,-0.661,-0.174,-0.732,-0.06,0.07,0.0,1,imu01,fusion_usb_step4_20260819,544,16644622,639138388351491
639138421000000,16664,-0.663,-0.179,-0.73,-0.05,0.02,-0.12,1,imu01,fusion_usb_step4_20260819,545,16664618,639138408346558
639138437000000,16684,-0.662,-0.174,-0.731,-0.09,0.26,-0.01,1,imu01,fusion_usb_step4_20260819,546,16684622,639138428349624
639138453000000,16704,-0.661,-0.173,-0.736,-0.02,-0.08,0.12,1,imu01,fusion_usb_step4_20260819,547,16704618,639138448344691
639138484000000,16724,-0.66,-0.173,-0.732,-0.15,0.09,0.07,1,imu01,fusion_usb_step4_20260819,548,16724622,639138468347757
639138500000000,16744,-0.66,-0.176,-0.726,0.16,-0.13,-0.01,1,imu01,fusion_usb_step4_20260819,549,16744618,639138488342824
639138515000000,16764,-0.659,-0.177,-0.727,-0.02,0.12,-0.07,1,imu01,fusion_usb_step4_20260819,550,16764622,639138508345891
639138531000000,16784,-0.655,-0.173,-0.731,0.19,-0.21,-0.11,1,imu01,fusion_usb_step4_20260819,551,16784618,639138528340958
639138562000000,16804,-0.659,-0.173,-0.72,0.08,-0.06,0.0,1,imu01,fusion_usb_step4_20260819,552,16804622,639138548344024
639138578000000,16824,-0.663,-0.175,-0.728,-0.09,-0.05,0.19,1,imu01,fusion_usb_step4_20260819,553,16824618,639138568339091
639138593000000,16844,-0.659,-0.174,-0.732,0.02,0.05,-0.03,1,imu01,fusion_usb_step4_20260819,554,16844622,639138588342157
639138609000000,16864,-0.661,-0.174,-0.726,-0.02,0.0,-0.01,1,imu01,fusion_usb_step4_20260819,555,16864618,639138608337224
639138640000000,16884,-0.661,-0.175,-0.736,-0.05,-0.07,-0.14,1,imu01,fusion_usb_step4_20260819,556,16884622,639138628340291
639138656000000,16904,-0.66,-0.175,-0.735,-0.1,0.18,0.09,1,imu01,fusion_usb_step4_20260819,557,16904618,639138648335358
639138671000000,16924,-0.664,-0.175,-0.738,-0.0,-0.03,0.1,1,imu01,fusion_usb_step4_20260819,558,16924622,639138668338424
639138703000000,16944,-0.66,-0.173,-0.733,0.27,-0.13,-0.1,1,imu01,fusion_usb_step4_20260819,559,16944618,639138688333491
639138718000000,16964,-0.661,-0.171,-0.73,-0.09,0.02,0.0,1,imu01,fusion_usb_step4_20260819,560,16964622,639138708336557
639138734000000,16984,-0.66,-0.177,-0.725,-0.15,0.16,-0.07,1,imu01,fusion_usb_step4_20260819,561,16984618,639138728331624
639138750000000,17004,-0.662,-0.18,-0.736,0.11,-0.23,0.07,1,imu01,fusion_usb_step4_20260819,562,17004622,639138748334691
639138781000000,17024,-0.663,-0.175,-0.73,0.03,0.04,0.06,1,imu01,fusion_usb_step4_20260819,563,17024618,639138768329758
639138796000000,17044,-0.658,-0.175,-0.725,-0.11,0.12,0.2,1,imu01,fusion_usb_step4_20260819,564,17044622,639138788332824
639138812000000,17064,-0.658,-0.175,-0.728,-0.05,0.07,-0.03,1,imu01,fusion_usb_step4_20260819,565,17064618,639138808327891
639138843000000,17084,-0.66,-0.173,-0.722,0.56,-0.26,-0.23,1,imu01,fusion_usb_step4_20260819,566,17084622,639138828330957
639138859000000,17104,-0.662,-0.175,-0.73,0.01,0.03,-0.04,1,imu01,fusion_usb_step4_20260819,567,17104618,639138848326024
639138875000000,17124,-0.659,-0.175,-0.73,0.11,0.0,0.0,1,imu01,fusion_usb_step4_20260819,568,17124622,639138868329091
639138890000000,17144,-0.655,-0.176,-0.733,0.17,0.02,-0.01,1,imu01,fusion_usb_step4_20260819,569,17144618,639138888324157
639138921000000,17164,-0.661,-0.172,-0.722,-0.32,0.23,0.09,1,imu01,fusion_usb_step4_20260819,570,17164622,639138908327224
639138937000000,17184,-0.657,-0.175,-0.737,0.25,-0.13,-0.07,1,imu01,fusion_usb_step4_20260819,571,17184618,639138928322291
639138953000000,17204,-0.662,-0.179,-0.73,0.07,-0.07,-0.01,1,imu01,fusion_usb_step4_20260819,572,17204622,639138948325357
639138968000000,17224,-0.658,-0.175,-0.726,0.32,-0.14,0.09,1,imu01,fusion_usb_step4_20260819,573,17224618,639138968320424
639139000000000,17244,-0.663,-0.178,-0.729,-0.12,0.21,0.1,1,imu01,fusion_usb_step4_20260819,574,17244622,639138988323490
639139015000000,17264,-0.662,-0.174,-0.733,0.34,-0.3,-0.01,1,imu01,fusion_usb_step4_20260819,575,17264618,639139008318557
639139031000000,17284,-0.662,-0.173,-0.734,-0.03,0.14,-0.04,1,imu01,fusion_usb_step4_20260819,576,17284622,639139028321624
639139062000000,17304,-0.663,-0.18,-0.73,-0.02,-0.12,0.05,1,imu01,fusion_usb_step4_20260819,577,17304618,639139048316691
639139078000000,17324,-0.666,-0.174,-0.729,-0.21,0.1,0.12,1,imu01,fusion_usb_step4_20260819,578,17324622,639139068319757
639139093000000,17344,-0.658,-0.173,-0.727,-0.18,0.06,0.2,1,imu01,fusion_usb_step4_20260819,579,17344618,639139088314824
639139109000000,17364,-0.655,-0.174,-0.726,0.04,0.04,-0.05,1,imu01,fusion_usb_step4_20260819,580,17364622,639139108317890
639139140000000,17384,-0.661,-0.174,-0.733,-0.22,-0.0,-0.01,1,imu01,fusion_usb_step4_20260819,581,17384618,639139128312957
639139156000000,17404,-0.661,-0.177,-0.726,-0.14,-0.09,-0.02,1,imu01,fusion_usb_step4_20260819,582,17404622,639139148316024
639139171000000,17424,-0.662,-0.175,-0.724,-0.01,0.2,-0.01,1,imu01,fusion_usb_step4_20260819,583,17424618,639139168311091
639139203000000,17444,-0.658,-0.172,-0.735,0.14,-0.07,0.06,1,imu01,fusion_usb_step4_20260819,584,17444622,639139188314157
639139218000000,17464,-0.66,-0.169,-0.723,-0.25,0.13,0.05,1,imu01,fusion_usb_step4_20260819,585,17464618,639139208309224
639139234000000,17484,-0.657,-0.172,-0.727,0.3,-0.29,-0.11,1,imu01,fusion_usb_step4_20260819,586,17484622,639139228312290
639139250000000,17504,-0.658,-0.178,-0.731,-0.05,0.03,-0.09,1,imu01,fusion_usb_step4_20260819,587,17504618,639139248307357
639139281000000,17524,-0.66,-0.173,-0.731,-0.18,-0.02,0.21,1,imu01,fusion_usb_step4_20260819,588,17524622,639139268310424
639139296000000,17544,-0.659,-0.174,-0.733,-0.09,0.13,0.0,1,imu01,fusion_usb_step4_20260819,589,17544618,639139288305491
639139312000000,17564,-0.662,-0.174,-0.73,0.23,-0.08,-0.01,1,imu01,fusion_usb_step4_20260819,590,17564622,639139308308557
639139343000000,17584,-0.657,-0.168,-0.729,0.14,0.13,-0.08,1,imu01,fusion_usb_step4_20260819,591,17584618,639139328303624
639139359000000,17604,-0.665,-0.176,-0.728,-0.03,-0.0,-0.02,1,imu01,fusion_usb_step4_20260819,592,17604622,639139348306690
639139375000000,17624,-0.665,-0.177,-0.729,0.42,-0.14,-0.11,1,imu01,fusion_usb_step4_20260819,593,17624618,639139368301757
639139390000000,17644,-0.664,-0.177,-0.735,-0.03,0.1,0.11,1,imu01,fusion_usb_step4_20260819,594,17644622,639139388304824
639139421000000,17664,-0.66,-0.174,-0.74,0.7,-0.29,-0.22,1,imu01,fusion_usb_step4_20260819,595,17664618,639139408299891
639139437000000,17684,-0.659,-0.172,-0.725,-0.38,0.21,0.19,1,imu01,fusion_usb_step4_20260819,596,17684622,639139428302957
639139453000000,17704,-0.657,-0.174,-0.73,0.06,-0.01,-0.03,1,imu01,fusion_usb_step4_20260819,597,17704618,639139448298024
639139484000000,17724,-0.657,-0.174,-0.728,-0.03,0.05,-0.04,1,imu01,fusion_usb_step4_20260819,598,17724622,639139468301090
639139500000000,17744,-0.655,-0.17,-0.728,-0.21,0.05,0.15,1,imu01,fusion_usb_step4_20260819,599,17744618,639139488296157
639139515000000,17764,-0.661,-0.175,-0.73,0.16,-0.06,-0.01,1,imu01,fusion_usb_step4_20260819,600,17764622,639139508299224
639139531000000,17784,-0.657,-0.179,-0.718,-0.0,-0.16,0.02,1,imu01,fusion_usb_step4_20260819,601,17784618,639139528294290
639139562000000,17804,-0.659,-0.174,-0.722,0.07,0.0,-0.1,1,imu01,fusion_usb_step4_20260819,602,17804622,639139548297357
639139578000000,17824,-0.661,-0.175,-0.73,-0.09,0.01,-0.01,1,imu01,fusion_usb_step4_20260819,603,17824618,639139568292424
639139593000000,17844,-0.662,-0.178,-0.719,0.11,-0.03,-0.03,1,imu01,fusion_usb_step4_20260819,604,17844622,639139588295490
639139609000000,17864,-0.659,-0.169,-0.731,0.01,0.05,0.1,1,imu01,fusion_usb_step4_20260819,605,17864618,639139608290557
639139640000000,17884,-0.661,-0.174,-0.736,0.26,-0.09,-0.07,1,imu01,fusion_usb_step4_20260819,606,17884622,639139628293624
639139656000000,17904,-0.661,-0.173,-0.73,-0.18,0.03,-0.08,1,imu01,fusion_usb_step4_20260819,607,17904618,639139648288690
639139671000000,17924,-0.661,-0.173,-0.729,0.11,-0.16,-0.04,1,imu01,fusion_usb_step4_20260819,608,17924622,639139668291757
639139703000000,17944,-0.661,-0.175,-0.731,-0.54,0.46,0.28,1,imu01,fusion_usb_step4_20260819,609,17944618,639139688286824
639139718000000,17964,-0.66,-0.176,-0.733,-0.02,-0.1,0.17,1,imu01,fusion_usb_step4_20260819,610,17964622,639139708289890
639139734000000,17984,-0.656,-0.172,-0.727,-0.04,0.13,0.06,1,imu01,fusion_usb_step4_20260819,611,17984618,639139728284957
639139750000000,18004,-0.664,-0.177,-0.728,0.12,-0.13,-0.06,1,imu01,fusion_usb_step4_20260819,612,18004622,639139748288024
639139781000000,18024,-0.663,-0.174,-0.73,0.03,0.26,-0.14,1,imu01,fusion_usb_step4_20260819,613,18024618,639139768283090
639139796000000,18044,-0.657,-0.174,-0.724,0.16,-0.15,-0.01,1,imu01,fusion_usb_step4_20260819,614,18044622,639139788286157
639139812000000,18064,-0.655,-0.174,-0.727,-0.28,0.12,0.01,1,imu01,fusion_usb_step4_20260819,615,18064618,639139808281224
639139843000000,18084,-0.66,-0.177,-0.729,-0.12,0.11,0.08,1,imu01,fusion_usb_step4_20260819,616,18084622,639139828284290
639139859000000,18104,-0.66,-0.172,-0.725,-0.09,0.14,0.05,1,imu01,fusion_usb_step4_20260819,617,18104618,639139848279357
639139875000000,18124,-0.664,-0.175,-0.731,-0.06,-0.03,0.09,1,imu01,fusion_usb_step4_20260819,618,18124622,639139868282424
639139890000000,18144,-0.66,-0.173,-0.73,-0.09,-0.01,0.15,1,imu01,fusion_usb_step4_20260819,619,18144618,639139888277490
639139921000000,18164,-0.66,-0.174,-0.728,-0.11,0.0,0.06,1,imu01,fusion_usb_step4_20260819,620,18164622,639139908280557
639139937000000,18184,-0.659,-0.173,-0.726,0.04,-0.0,0.02,1,imu01,fusion_usb_step4_20260819,621,18184618,639139928275624
639139953000000,18204,-0.66,-0.179,-0.729,0.06,-0.07,-0.08,1,imu01,fusion_usb_step4_20260819,622,18204622,639139948278690
639139984000000,18224,-0.658,-0.174,-0.736,0.2,-0.2,-0.09,1,imu01,fusion_usb_step4_20260819,623,18224618,639139968273757
639140000000000,18244,-0.663,-0.177,-0.731,0.02,0.1,-0.1,1,imu01,fusion_usb_step4_20260819,624,18244622,639139988276824
639140015000000,18264,-0.661,-0.18,-0.733,-0.06,-0.01,0.12,1,imu01,fusion_usb_step4_20260819,625,18264618,639140008271890
639140031000000,18284,-0.659,-0.171,-0.726,0.04,0.07,-0.02,1,imu01,fusion_usb_step4_20260819,626,18284622,639140028274957
639140062000000,18304,-0.665,-0.176,-0.728,0.2,-0.29,0.06,1,imu01,fusion_usb_step4_20260819,627,18304618,639140048270024
639140078000000,18324,-0.662,-0.172,-0.727,-0.14,0.11,-0.1,1,imu01,fusion_usb_step4_20260819,628,18324622,639140068273090
639140093000000,18344,-0.657,-0.177,-0.729,0.24,-0.09,-0.12,1,imu01,fusion_usb_step4_20260819,629,18344618,639140088268157
639140109000000,18364,-0.663,-0.178,-0.724,-0.05,-0.02,-0.05,1,imu01,fusion_usb_step4_20260819,630,18364622,639140108271224
639140140000000,18384,-0.663,-0.173,-0.729,0.25,-0.14,0.03,1,imu01,fusion_usb_step4_20260819,631,18384618,639140128266290
639140156000000,18404,-0.659,-0.175,-0.73,-0.11,0.21,0.06,1,imu01,fusion_usb_step4_20260819,632,18404622,639140148269357
639140171000000,18424,-0.662,-0.173,-0.73,-0.24,-0.03,-0.1,1,imu01,fusion_usb_step4_20260819,633,18424618,639140168264424
639140203000000,18444,-0.658,-0.176,-0.73,0.33,-0.17,-0.16,1,imu01,fusion_usb_step4_20260819,634,18444622,639140188267490
639140218000000,18464,-0.66,-0.176,-0.73,0.05,0.03,-0.01,1,imu01,fusion_usb_step4_20260819,635,18464618,639140208262557
639140234000000,18484,-0.663,-0.172,-0.733,0.19,-0.1,0.15,1,imu01,fusion_usb_step4_20260819,636,18484622,639140228265624
639140250000000,18504,-0.665,-0.175,-0.734,-0.12,0.1,0.09,1,imu01,fusion_usb_step4_20260819,637,18504618,639140248260690
639140281000000,18524,-0.661,-0.175,-0.732,0.12,-0.11,0.01,1,imu01,fusion_usb_step4_20260819,638,18524622,639140268263757
639140296000000,18544,-0.665,-0.172,-0.721,0.14,0.05,-0.15,1,imu01,fusion_usb_step4_20260819,639,18544618,639140288258824
639140312000000,18564,-0.659,-0.172,-0.724,-0.12,-0.07,-0.01,1,imu01,fusion_usb_step4_20260819,640,18564622,639140308261890
639140343000000,18584,-0.663,-0.178,-0.73,-0.2,0.14,-0.11,1,imu01,fusion_usb_step4_20260819,641,18584618,639140328256957
639140359000000,18604,-0.659,-0.177,-0.729,0.1,0.03,0.07,1,imu01,fusion_usb_step4_20260819,642,18604622,639140348260023
639140375000000,18624,-0.661,-0.18,-0.738,-0.05,0.17,0.14,1,imu01,fusion_usb_step4_20260819,643,18624618,639140368255090
639140390000000,18644,-0.66,-0.177,-0.733,-0.15,0.06,0.05,1,imu01,fusion_usb_step4_20260819,644,18644622,639140388258157
639140421000000,18664,-0.659,-0.174,-0.734,-0.09,0.05,0.02,1,imu01,fusion_usb_step4_20260819,645,18664618,639140408253224
639140437000000,18684,-0.66,-0.173,-0.729,-0.34,0.19,-0.03,1,imu01,fusion_usb_step4_20260819,646,18684622,639140428256290
639140453000000,18704,-0.66,-0.173,-0.731,0.22,-0.09,-0.04,1,imu01,fusion_usb_step4_20260819,647,18704618,639140448251357
639140484000000,18724,-0.658,-0.174,-0.734,0.16,-0.06,-0.18,1,imu01,fusion_usb_step4_20260819,648,18724622,639140468254423
639140500000000,18744,-0.659,-0.175,-0.727,0.17,-0.16,-0.14,1,imu01,fusion_usb_step4_20260819,649,18744618,639140488249490
639140515000000,18764,-0.66,-0.174,-0.732,-0.02,0.06,-0.14,1,imu01,fusion_usb_step4_20260819,650,18764622,639140508252557
639140531000000,18784,-0.66,-0.179,-0.725,0.1,-0.04,0.09,1,imu01,fusion_usb_step4_20260819,651,18784618,639140528247624
639140562000000,18804,-0.658,-0.173,-0.731,0.14,0.02,0.02,1,imu01,fusion_usb_step4_20260819,652,18804622,639140548250690
639140578000000,18824,-0.659,-0.172,-0.732,0.01,-0.13,0.11,1,imu01,fusion_usb_step4_20260819,653,18824618,639140568245757
639140593000000,18844,-0.664,-0.182,-0.736,0.17,-0.03,-0.11,1,imu01,fusion_usb_step4_20260819,654,18844622,639140588248823
639140609000000,18864,-0.664,-0.169,-0.741,-0.34,0.04,0.05,1,imu01,fusion_usb_step4_20260819,655,18864618,639140608243890
639140640000000,18884,-0.661,-0.176,-0.734,0.04,0.04,-0.06,1,imu01,fusion_usb_step4_20260819,656,18884622,639140628246957
639140656000000,18904,-0.657,-0.173,-0.736,-0.01,0.01,0.11,1,imu01,fusion_usb_step4_20260819,657,18904618,639140648242024
639140671000000,18924,-0.66,-0.179,-0.73,0.04,-0.1,0.04,1,imu01,fusion_usb_step4_20260819,658,18924622,639140668245090
639140703000000,18944,-0.662,-0.172,-0.727,-0.1,0.02,-0.08,1,imu01,fusion_usb_step4_20260819,659,18944618,639140688240157
639140718000000,18964,-0.661,-0.175,-0.728,0.12,-0.18,-0.08,1,imu01,fusion_usb_step4_20260819,660,18964622,639140708243223
639140734000000,18984,-0.66,-0.178,-0.726,-0.11,0.12,0.02,1,imu01,fusion_usb_step4_20260819,661,18984618,639140728238290
639140750000000,19004,-0.66,-0.176,-0.734,0.18,-0.16,0.0,1,imu01,fusion_usb_step4_20260819,662,19004622,639140748241357
639140781000000,19024,-0.659,-0.18,-0.733,-0.05,0.04,-0.01,1,imu01,fusion_usb_step4_20260819,663,19024618,639140768236424
639140796000000,19044,-0.667,-0.177,-0.729,0.27,-0.24,-0.11,1,imu01,fusion_usb_step4_20260819,664,19044622,639140788239490
639140812000000,19064,-0.661,-0.177,-0.735,-0.12,0.1,-0.04,1,imu01,fusion_usb_step4_20260819,665,19064618,639140808234557
639140843000000,19084,-0.662,-0.175,-0.734,0.08,-0.1,-0.01,1,imu01,fusion_usb_step4_20260819,666,19084622,639140828237623
639140859000000,19104,-0.661,-0.174,-0.731,-0.16,0.12,0.09,1,imu01,fusion_usb_step4_20260819,667,19104618,639140848232690
639140875000000,19124,-0.66,-0.173,-0.729,-0.12,0.1,0.13,1,imu01,fusion_usb_step4_20260819,668,19124622,639140868235756
639140890000000,19144,-0.66,-0.173,-0.736,-0.04,0.07,0.04,1,imu01,fusion_usb_step4_20260819,669,19144618,639140888230823
639140921000000,19164,-0.666,-0.175,-0.727,-0.09,0.1,0.04,1,imu01,fusion_usb_step4_20260819,670,19164622,639140908233890
639140937000000,19184,-0.659,-0.176,-0.725,-0.09,0.07,0.0,1,imu01,fusion_usb_step4_20260819,671,19184618,639140928228957
639140953000000,19204,-0.661,-0.178,-0.728,0.02,0.13,-0.05,1,imu01,fusion_usb_step4_20260819,672,19204622,639140948232023
639140968000000,19224,-0.66,-0.175,-0.735,-0.14,0.06,0.21,1,imu01,fusion_usb_step4_20260819,673,19224618,639140968227090
639141000000000,19244,-0.664,-0.176,-0.731,0.24,-0.03,-0.07,1,imu01,fusion_usb_step4_20260819,674,19244622,639140988230156
639141015000000,19264,-0.658,-0.175,-0.733,0.04,-0.09,-0.16,1,imu01,fusion_usb_step4_20260819,675,19264618,639141008225223
639141031000000,19284,-0.659,-0.173,-0.727,-0.31,0.21,0.02,1,imu01,fusion_usb_step4_20260819,676,19284622,639141028228290
639141062000000,19304,-0.661,-0.173,-0.728,-0.32,0.07,0.14,1,imu01,fusion_usb_step4_20260819,677,19304618,639141048223357
639141078000000,19324,-0.663,-0.173,-0.727,-0.02,-0.04,-0.01,1,imu01,fusion_usb_step4_20260819,678,19324622,639141068226423
639141093000000,19344,-0.66,-0.169,-0.731,0.36,-0.21,-0.07,1,imu01,fusion_usb_step4_20260819,679,19344618,639141088221490
639141109000000,19364,-0.662,-0.179,-0.728,0.04,0.03,-0.11,1,imu01,fusion_usb_step4_20260819,680,19364622,639141108224556
639141140000000,19384,-0.662,-0.174,-0.732,-0.11,0.0,-0.14,1,imu01,fusion_usb_step4_20260819,681,19384618,639141128219623
639141156000000,19404,-0.658,-0.178,-0.728,0.42,-0.2,-0.18,1,imu01,fusion_usb_step4_20260819,682,19404622,639141148222690
639141171000000,19424,-0.663,-0.176,-0.734,-0.11,0.04,0.11,1,imu01,fusion_usb_step4_20260819,683,19424618,639141168217757
639141203000000,19444,-0.663,-0.173,-0.729,-0.2,-0.0,0.05,1,imu01,fusion_usb_step4_20260819,684,19444622,639141188220823
639141218000000,19464,-0.658,-0.174,-0.722,-0.26,0.13,-0.07,1,imu01,fusion_usb_step4_20260819,685,19464618,639141208215890
639141234000000,19484,-0.66,-0.176,-0.727,0.21,-0.2,-0.04,1,imu01,fusion_usb_step4_20260819,686,19484622,639141228218956
639141250000000,19504,-0.659,-0.171,-0.729,-0.02,-0.01,-0.02,1,imu01,fusion_usb_step4_20260819,687,19504618,639141248214023
639141281000000,19524,-0.665,-0.171,-0.736,0.28,-0.29,-0.01,1,imu01,fusion_usb_step4_20260819,688,19524622,639141268217090
639141296000000,19544,-0.661,-0.174,-0.729,-0.2,0.3,0.12,1,imu01,fusion_usb_step4_20260819,689,19544618,639141288212157
639141312000000,19564,-0.662,-0.176,-0.721,0.11,-0.14,0.06,1,imu01,fusion_usb_step4_20260819,690,19564622,639141308215223
639141343000000,19584,-0.665,-0.177,-0.728,-0.12,-0.02,-0.1,1,imu01,fusion_usb_step4_20260819,691,19584618,639141328210290
639141359000000,19604,-0.655,-0.174,-0.723,-0.05,-0.08,-0.12,1,imu01,fusion_usb_step4_20260819,692,19604622,639141348213356
639141375000000,19624,-0.657,-0.175,-0.73,0.04,0.13,-0.08,1,imu01,fusion_usb_step4_20260819,693,19624618,639141368208423
639141390000000,19644,-0.66,-0.175,-0.729,-0.12,0.1,0.1,1,imu01,fusion_usb_step4_20260819,694,19644622,639141388211490
639141421000000,19664,-0.663,-0.176,-0.726,-0.19,0.13,0.17,1,imu01,fusion_usb_step4_20260819,695,19664618,639141408206556
639141437000000,19684,-0.659,-0.174,-0.727,-0.04,-0.02,-0.04,1,imu01,fusion_usb_step4_20260819,696,19684622,639141428209623
639141453000000,19704,-0.659,-0.172,-0.728,-0.06,-0.07,0.04,1,imu01,fusion_usb_step4_20260819,697,19704618,639141448204690
639141468000000,19724,-0.656,-0.175,-0.735,0.16,-0.05,-0.05,1,imu01,fusion_usb_step4_20260819,698,19724622,639141468207756
639141500000000,19744,-0.659,-0.172,-0.733,0.03,0.04,0.06,1,imu01,fusion_usb_step4_20260819,699,19744618,639141488202823
639141515000000,19764,-0.659,-0.17,-0.729,-0.09,0.13,-0.07,1,imu01,fusion_usb_step4_20260819,700,19764622,639141508205890
639141531000000,19784,-0.66,-0.175,-0.731,0.03,-0.13,-0.14,1,imu01,fusion_usb_step4_20260819,701,19784618,639141528200956
639141562000000,19804,-0.66,-0.172,-0.73,-0.0,0.08,-0.03,1,imu01,fusion_usb_step4_20260819,702,19804622,639141548204023
639141578000000,19824,-0.666,-0.178,-0.732,0.45,-0.38,-0.11,1,imu01,fusion_usb_step4_20260819,703,19824618,639141568199090
639141593000000,19844,-0.665,-0.177,-0.724,-0.47,0.13,0.03,1,imu01,fusion_usb_step4_20260819,704,19844622,639141588202156
639141609000000,19864,-0.658,-0.172,-0.727,0.64,-0.11,-0.08,1,imu01,fusion_usb_step4_20260819,705,19864618,639141608197223
639141640000000,19884,-0.666,-0.176,-0.736,-0.28,-0.01,0.15,1,imu01,fusion_usb_step4_20260819,706,19884622,639141628200290
639141656000000,19904,-0.659,-0.166,-0.731,-0.11,-0.0,0.06,1,imu01,fusion_usb_step4_20260819,707,19904618,639141648195356
639141671000000,19924,-0.655,-0.172,-0.73,0.59,-0.11,-0.14,1,imu01,fusion_usb_step4_20260819,708,19924622,639141668198423
639141703000000,19944,-0.665,-0.179,-0.73,-0.23,-0.03,0.02,1,imu01,fusion_usb_step4_20260819,709,19944618,639141688193490
639141718000000,19964,-0.659,-0.177,-0.726,-0.04,0.03,0.14,1,imu01,fusion_usb_step4_20260819,710,19964622,639141708196556
639141734000000,19984,-0.659,-0.173,-0.725,-0.12,0.19,0.05,1,imu01,fusion_usb_step4_20260819,711,19984618,639141728191623
639141750000000,20004,-0.661,-0.177,-0.727,-0.18,-0.03,-0.05,1,imu01,fusion_usb_step4_20260819,712,20004622,639141748194690
639141781000000,20024,-0.66,-0.175,-0.733,-0.07,0.16,-0.03,1,imu01,fusion_usb_step4_20260819,713,20024618,639141768189756
639141796000000,20044,-0.664,-0.176,-0.733,0.57,-0.36,-0.16,1,imu01,fusion_usb_step4_20260819,714,20044622,639141788192823
639141812000000,20064,-0.66,-0.174,-0.729,-0.4,0.23,0.06,1,imu01,fusion_usb_step4_20260819,715,20064618,639141808187890
639141843000000,20084,-0.66,-0.172,-0.733,0.11,-0.12,0.08,1,imu01,fusion_usb_step4_20260819,716,20084622,639141828190956
639141859000000,20104,-0.661,-0.174,-0.73,-0.23,0.18,0.05,1,imu01,fusion_usb_step4_20260819,717,20104618,639141848186023
639141875000000,20124,-0.66,-0.174,-0.729,-0.25,0.04,-0.01,1,imu01,fusion_usb_step4_20260819,718,20124622,639141868189090
639141890000000,20144,-0.663,-0.172,-0.733,0.09,-0.04,-0.01,1,imu01,fusion_usb_step4_20260819,719,20144618,639141888184156
639141921000000,20164,-0.657,-0.173,-0.736,-0.17,0.17,0.08,1,imu01,fusion_usb_step4_20260819,720,20164622,639141908187223
639141937000000,20184,-0.66,-0.177,-0.726,0.11,0.04,-0.04,1,imu01,fusion_usb_step4_20260819,721,20184618,639141928182290
639141953000000,20204,-0.662,-0.176,-0.728,0.26,-0.18,-0.13,1,imu01,fusion_usb_step4_20260819,722,20204622,639141948185356
639141984000000,20224,-0.663,-0.176,-0.73,0.3,-0.33,-0.24,1,imu01,fusion_usb_step4_20260819,723,20224618,639141968180423
639142000000000,20244,-0.658,-0.17,-0.729,0.04,0.08,-0.06,1,imu01,fusion_usb_step4_20260819,724,20244622,639141988183490
639142015000000,20264,-0.665,-0.172,-0.727,-0.25,0.13,0.12,1,imu01,fusion_usb_step4_20260819,725,20264618,639142008178556
639142031000000,20284,-0.662,-0.173,-0.73,-0.12,0.02,0.0,1,imu01,fusion_usb_step4_20260819,726,20284622,639142028181623
639142062000000,20304,-0.655,-0.179,-0.729,0.2,-0.16,-0.07,1,imu01,fusion_usb_step4_20260819,727,20304618,639142048176690
639142078000000,20324,-0.659,-0.173,-0.733,-0.39,0.19,0.02,1,imu01,fusion_usb_step4_20260819,728,20324622,639142068179756
639142093000000,20344,-0.658,-0.173,-0.732,0.19,-0.24,-0.16,1,imu01,fusion_usb_step4_20260819,729,20344618,639142088174823
639142109000000,20364,-0.662,-0.174,-0.733,0.3,-0.15,-0.19,1,imu01,fusion_usb_step4_20260819,730,20364622,639142108177890
639142140000000,20384,-0.665,-0.177,-0.738,-0.31,0.14,0.22,1,imu01,fusion_usb_step4_20260819,731,20384618,639142128172956
639142156000000,20404,-0.662,-0.171,-0.734,-0.1,0.08,0.12,1,imu01,fusion_usb_step4_20260819,732,20404622,639142148176023
639142171000000,20424,-0.661,-0.174,-0.729,0.3,-0.15,-0.12,1,imu01,fusion_usb_step4_20260819,733,20424618,639142168171090
639142203000000,20444,-0.659,-0.177,-0.725,-0.01,0.07,-0.07,1,imu01,fusion_usb_step4_20260819,734,20444622,639142188174156
639142218000000,20464,-0.661,-0.177,-0.726,-0.09,0.07,0.06,1,imu01,fusion_usb_step4_20260819,735,20464618,639142208169223
639142234000000,20484,-0.66,-0.173,-0.729,0.05,-0.12,0.25,1,imu01,fusion_usb_step4_20260819,736,20484622,639142228172289
639142250000000,20504,-0.661,-0.175,-0.733,0.03,0.07,0.03,1,imu01,fusion_usb_step4_20260819,737,20504618,639142248167356
639142281000000,20524,-0.659,-0.176,-0.722,0.18,-0.11,-0.2,1,imu01,fusion_usb_step4_20260819,738,20524622,639142268170423
639142296000000,20544,-0.661,-0.176,-0.73,-0.17,0.05,-0.03,1,imu01,fusion_usb_step4_20260819,739,20544618,639142288165490
639142312000000,20564,-0.661,-0.176,-0.728,0.1,-0.21,-0.02,1,imu01,fusion_usb_step4_20260819,740,20564622,639142308168556
639142343000000,20584,-0.66,-0.175,-0.728,-0.13,0.01,0.1,1,imu01,fusion_usb_step4_20260819,741,20584618,639142328163623
639142359000000,20604,-0.657,-0.176,-0.722,-0.02,-0.04,0.04,1,imu01,fusion_usb_step4_20260819,742,20604622,639142348166689
639142375000000,20624,-0.662,-0.173,-0.728,-0.12,0.2,0.02,1,imu01,fusion_usb_step4_20260819,743,20624618,639142368161756
639142390000000,20644,-0.661,-0.172,-0.727,0.11,-0.06,0.02,1,imu01,fusion_usb_step4_20260819,744,20644622,639142388164823
639142421000000,20664,-0.658,-0.174,-0.726,-0.07,0.02,0.15,1,imu01,fusion_usb_step4_20260819,745,20664618,639142408159890
639142437000000,20684,-0.659,-0.169,-0.732,0.04,0.07,0.03,1,imu01,fusion_usb_step4_20260819,746,20684622,639142428162956
639142453000000,20704,-0.664,-0.174,-0.732,0.04,0.07,0.02,1,imu01,fusion_usb_step4_20260819,747,20704618,639142448158023
639142484000000,20724,-0.658,-0.174,-0.733,-0.0,0.02,-0.06,1,imu01,fusion_usb_step4_20260819,748,20724622,639142468161089
639142500000000,20744,-0.66,-0.177,-0.734,0.06,-0.09,0.0,1,imu01,fusion_usb_step4_20260819,749,20744618,639142488156156
639142515000000,20764,-0.662,-0.171,-0.734,-0.02,0.05,-0.1,1,imu01,fusion_usb_step4_20260819,750,20764622,639142508159223
639142531000000,20784,-0.66,-0.171,-0.729,0.08,0.13,0.07,1,imu01,fusion_usb_step4_20260819,751,20784618,639142528154290
639142562000000,20804,-0.661,-0.176,-0.732,-0.18,0.06,0.05,1,imu01,fusion_usb_step4_20260819,752,20804622,639142548157356
639142578000000,20824,-0.661,-0.173,-0.726,0.17,-0.12,0.03,1,imu01,fusion_usb_step4_20260819,753,20824618,639142568152423
639142593000000,20844,-0.656,-0.171,-0.73,-0.09,0.17,-0.05,1,imu01,fusion_usb_step4_20260819,754,20844622,639142588155489
639142609000000,20864,-0.661,-0.173,-0.729,-0.08,-0.06,0.05,1,imu01,fusion_usb_step4_20260819,755,20864618,639142608150556
639142640000000,20884,-0.662,-0.175,-0.726,0.08,-0.11,-0.01,1,imu01,fusion_usb_step4_20260819,756,20884622,639142628153623
639142656000000,20904,-0.663,-0.179,-0.729,0.1,0.07,0.06,1,imu01,fusion_usb_step4_20260819,757,20904618,639142648148690
639142671000000,20924,-0.657,-0.177,-0.728,0.11,0.07,-0.04,1,imu01,fusion_usb_step4_20260819,758,20924622,639142668151756
639142703000000,20944,-0.659,-0.174,-0.732,0.08,-0.12,-0.05,1,imu01,fusion_usb_step4_20260819,759,20944618,639142688146823
639142718000000,20964,-0.66,-0.171,-0.726,-0.0,-0.11,-0.02,1,imu01,fusion_usb_step4_20260819,760,20964622,639142708149889
639142734000000,20984,-0.66,-0.174,-0.726,-0.12,0.14,-0.03,1,imu01,fusion_usb_step4_20260819,761,20984618,639142728144956
639142750000000,21004,-0.662,-0.172,-0.723,0.07,-0.02,0.05,1,imu01,fusion_usb_step4_20260819,762,21004622,639142748148023
639142781000000,21024,-0.662,-0.176,-0.73,0.04,0.08,-0.02,1,imu01,fusion_usb_step4_20260819,763,21024618,639142768143089
639142796000000,21044,-0.664,-0.172,-0.736,0.07,-0.13,-0.01,1,imu01,fusion_usb_step4_20260819,764,21044622,639142788146156
639142812000000,21064,-0.664,-0.169,-0.73,-0.13,0.08,-0.07,1,imu01,fusion_usb_step4_20260819,765,21064618,639142808141223
639142843000000,21084,-0.664,-0.173,-0.734,0.08,-0.16,-0.05,1,imu01,fusion_usb_step4_20260819,766,21084622,639142828144289
639142859000000,21104,-0.663,-0.177,-0.731,-0.14,0.1,-0.11,1,imu01,fusion_usb_step4_20260819,767,21104618,639142848139356
639142875000000,21124,-0.663,-0.172,-0.733,0.23,-0.1,0.0,1,imu01,fusion_usb_step4_20260819,768,21124622,639142868142422
639142890000000,21144,-0.66,-0.181,-0.732,0.11,-0.09,-0.01,1,imu01,fusion_usb_step4_20260819,769,21144618,639142888137489
639142921000000,21164,-0.658,-0.176,-0.728,-0.15,0.08,-0.01,1,imu01,fusion_usb_step4_20260819,770,21164622,639142908140556
639142937000000,21184,-0.658,-0.177,-0.733,0.08,-0.03,-0.02,1,imu01,fusion_usb_step4_20260819,771,21184618,639142928135623
639142953000000,21204,-0.663,-0.177,-0.726,0.17,0.02,-0.05,1,imu01,fusion_usb_step4_20260819,772,21204622,639142948138689
639142968000000,21224,-0.663,-0.176,-0.733,-0.1,0.16,0.09,1,imu01,fusion_usb_step4_20260819,773,21224618,639142968133756
639143000000000,21244,-0.66,-0.172,-0.736,-0.18,0.07,-0.05,1,imu01,fusion_usb_step4_20260819,774,21244622,639142988136822
639143015000000,21264,-0.659,-0.177,-0.726,0.63,-0.3,-0.19,1,imu01,fusion_usb_step4_20260819,775,21264618,639143008131889
639143031000000,21284,-0.663,-0.173,-0.733,-0.45,0.35,0.15,1,imu01,fusion_usb_step4_20260819,776,21284622,639143028134956
639143062000000,21304,-0.66,-0.174,-0.736,-0.41,0.07,0.15,1,imu01,fusion_usb_step4_20260819,777,21304618,639143048130023
639143078000000,21324,-0.66,-0.175,-0.729,-0.13,0.06,-0.05,1,imu01,fusion_usb_step4_20260819,778,21324622,639143068133089
639143093000000,21344,-0.658,-0.175,-0.726,0.34,-0.32,-0.07,1,imu01,fusion_usb_step4_20260819,779,21344618,639143088128156
639143109000000,21364,-0.664,-0.175,-0.732,-0.19,0.35,0.06,1,imu01,fusion_usb_step4_20260819,780,21364622,639143108131222
639143140000000,21384,-0.66,-0.178,-0.729,-0.0,-0.09,-0.03,1,imu01,fusion_usb_step4_20260819,781,21384618,639143128126289
639143156000000,21404,-0.665,-0.174,-0.733,-0.15,-0.03,0.07,1,imu01,fusion_usb_step4_20260819,782,21404622,639143148129356
639143171000000,21424,-0.662,-0.171,-0.733,0.27,-0.15,-0.01,1,imu01,fusion_usb_step4_20260819,783,21424618,639143168124423
639143203000000,21444,-0.662,-0.177,-0.737,-0.08,0.11,0.02,1,imu01,fusion_usb_step4_20260819,784,21444622,639143188127489
639143218000000,21464,-0.662,-0.177,-0.726,0.08,-0.03,-0.06,1,imu01,fusion_usb_step4_20260819,785,21464618,639143208122556
639143234000000,21484,-0.66,-0.173,-0.726,0.09,-0.04,-0.08,1,imu01,fusion_usb_step4_20260819,786,21484622,639143228125622
639143250000000,21504,-0.658,-0.176,-0.729,0.07,0.07,-0.09,1,imu01,fusion_usb_step4_20260819,787,21504618,639143248120689
639143281000000,21524,-0.656,-0.172,-0.737,-0.25,-0.02,0.25,1,imu01,fusion_usb_step4_20260819,788,21524622,639143268123756
639143296000000,21544,-0.661,-0.174,-0.72,-0.07,0.06,-0.02,1,imu01,fusion_usb_step4_20260819,789,21544618,639143288118823
639143312000000,21564,-0.655,-0.173,-0.729,0.24,-0.19,-0.1,1,imu01,fusion_usb_step4_20260819,790,21564622,639143308121889
639143343000000,21584,-0.659,-0.173,-0.733,-0.03,0.08,-0.14,1,imu01,fusion_usb_step4_20260819,791,21584618,639143328116956
639143359000000,21604,-0.658,-0.173,-0.73,-0.0,-0.03,0.09,1,imu01,fusion_usb_step4_20260819,792,21604622,639143348120022
639143375000000,21624,-0.665,-0.176,-0.736,-0.14,0.12,-0.01,1,imu01,fusion_usb_step4_20260819,793,21624618,639143368115089
639143390000000,21644,-0.66,-0.174,-0.728,0.08,0.01,0.04,1,imu01,fusion_usb_step4_20260819,794,21644622,639143388118156
639143421000000,21664,-0.666,-0.173,-0.725,-0.15,0.16,0.0,1,imu01,fusion_usb_step4_20260819,795,21664618,639143408113222
639143437000000,21684,-0.659,-0.173,-0.724,-0.05,-0.06,0.02,1,imu01,fusion_usb_step4_20260819,796,21684622,639143428116289
639143453000000,21704,-0.66,-0.174,-0.732,0.08,-0.05,-0.04,1,imu01,fusion_usb_step4_20260819,797,21704618,639143448111356
639143468000000,21724,-0.659,-0.171,-0.734,-0.09,0.08,-0.06,1,imu01,fusion_usb_step4_20260819,798,21724622,639143468114422
639143500000000,21744,-0.657,-0.18,-0.731,0.04,-0.07,0.0,1,imu01,fusion_usb_step4_20260819,799,21744618,639143488109489
639143515000000,21764,-0.656,-0.17,-0.73,-0.21,0.08,-0.02,1,imu01,fusion_usb_step4_20260819,800,21764622,639143508112556
639143531000000,21784,-0.66,-0.174,-0.724,0.04,-0.08,-0.04,1,imu01,fusion_usb_step4_20260819,801,21784618,639143528107622
639143562000000,21804,-0.661,-0.172,-0.729,-0.01,0.11,-0.1,1,imu01,fusion_usb_step4_20260819,802,21804622,639143548110689
639143578000000,21824,-0.659,-0.177,-0.729,0.08,-0.12,0.05,1,imu01,fusion_usb_step4_20260819,803,21824618,639143568105756
639143593000000,21844,-0.659,-0.175,-0.728,0.04,0.02,-0.07,1,imu01,fusion_usb_step4_20260819,804,21844622,639143588108822
639143609000000,21864,-0.662,-0.173,-0.723,0.08,-0.21,0.17,1,imu01,fusion_usb_step4_20260819,805,21864618,639143608103889
639143640000000,21884,-0.661,-0.174,-0.726,-0.07,0.12,0.0,1,imu01,fusion_usb_step4_20260819,806,21884622,639143628106956
639143656000000,21904,-0.66,-0.174,-0.726,-0.13,-0.09,-0.04,1,imu01,fusion_usb_step4_20260819,807,21904618,639143648102022
639143671000000,21924,-0.662,-0.175,-0.727,-0.02,-0.12,0.02,1,imu01,fusion_usb_step4_20260819,808,21924622,639143668105089
639143703000000,21944,-0.662,-0.177,-0.73,0.24,0.04,0.06,1,imu01,fusion_usb_step4_20260819,809,21944618,639143688100156
639143718000000,21964,-0.662,-0.177,-0.734,-0.01,0.07,0.03,1,imu01,fusion_usb_step4_20260819,810,21964622,639143708103222
639143734000000,21984,-0.659,-0.178,-0.734,-0.02,0.08,-0.06,1,imu01,fusion_usb_step4_20260819,811,21984618,639143728098289
639143750000000,22004,-0.657,-0.177,-0.727,-0.05,-0.08,-0.02,1,imu01,fusion_usb_step4_20260819,812,22004622,639143748101356
639143781000000,22024,-0.664,-0.175,-0.728,-0.15,0.19,0.11,1,imu01,fusion_usb_step4_20260819,813,22024618,639143768096422
639143796000000,22044,-0.666,-0.169,-0.731,0.01,-0.01,0.18,1,imu01,fusion_usb_step4_20260819,814,22044622,639143788099489
639143812000000,22064,-0.664,-0.174,-0.727,-0.15,0.12,0.08,1,imu01,fusion_usb_step4_20260819,815,22064618,639143808094556
639143843000000,22084,-0.659,-0.173,-0.727,0.29,-0.22,-0.07,1,imu01,fusion_usb_step4_20260819,816,22084622,639143828097622
639143859000000,22104,-0.665,-0.174,-0.73,-0.04,0.09,-0.16,1,imu01,fusion_usb_step4_20260819,817,22104618,639143848092689
639143875000000,22124,-0.662,-0.177,-0.734,0.28,-0.08,-0.06,1,imu01,fusion_usb_step4_20260819,818,22124622,639143868095756
639143890000000,22144,-0.661,-0.179,-0.738,-0.27,0.1,0.0,1,imu01,fusion_usb_step4_20260819,819,22144618,639143888090822
639143921000000,22164,-0.662,-0.175,-0.724,-0.14,0.16,-0.06,1,imu01,fusion_usb_step4_20260819,820,22164622,639143908093889
639143937000000,22184,-0.655,-0.177,-0.726,0.14,0.1,-0.1,1,imu01,fusion_usb_step4_20260819,821,22184618,639143928088956
639143953000000,22204,-0.664,-0.172,-0.734,-0.38,0.09,0.02,1,imu01,fusion_usb_step4_20260819,822,22204622,639143948092022
639143968000000,22224,-0.658,-0.176,-0.73,0.26,-0.02,-0.23,1,imu01,fusion_usb_step4_20260819,823,22224618,639143968087089
639144000000000,22244,-0.657,-0.172,-0.733,-0.02,0.0,-0.13,1,imu01,fusion_usb_step4_20260819,824,22244622,639143988090156
639144015000000,22264,-0.66,-0.179,-0.73,0.17,-0.21,-0.1,1,imu01,fusion_usb_step4_20260819,825,22264618,639144008085222
639144031000000,22284,-0.664,-0.169,-0.723,-0.23,0.09,0.04,1,imu01,fusion_usb_step4_20260819,826,22284622,639144028088289
639144062000000,22304,-0.662,-0.174,-0.733,0.44,-0.2,-0.15,1,imu01,fusion_usb_step4_20260819,827,22304618,639144048083356
639144078000000,22324,-0.664,-0.178,-0.73,-0.3,0.01,-0.2,1,imu01,fusion_usb_step4_20260819,828,22324622,639144068086422
639144093000000,22344,-0.658,-0.175,-0.728,0.18,-0.09,-0.19,1,imu01,fusion_usb_step4_20260819,829,22344618,639144088081489
639144109000000,22364,-0.659,-0.179,-0.731,0.08,-0.06,0.0,1,imu01,fusion_usb_step4_20260819,830,22364622,639144108084555
639144140000000,22384,-0.664,-0.175,-0.739,-0.33,-0.06,0.21,1,imu01,fusion_usb_step4_20260819,831,22384618,639144128079622
639144156000000,22404,-0.659,-0.173,-0.73,0.01,0.1,-0.11,1,imu01,fusion_usb_step4_20260819,832,22404622,639144148082689
639144171000000,22424,-0.658,-0.171,-0.723,-0.11,0.13,0.0,1,imu01,fusion_usb_step4_20260819,833,22424618,639144168077756
639144203000000,22444,-0.661,-0.175,-0.736,-0.02,-0.06,-0.01,1,imu01,fusion_usb_step4_20260819,834,22444622,639144188080822
639144218000000,22464,-0.659,-0.17,-0.736,-0.0,0.03,0.06,1,imu01,fusion_usb_step4_20260819,835,22464618,639144208075889
639144234000000,22484,-0.661,-0.173,-0.724,0.14,-0.07,-0.07,1,imu01,fusion_usb_step4_20260819,836,22484622,639144228078955
639144250000000,22504,-0.66,-0.178,-0.728,0.08,-0.05,-0.17,1,imu01,fusion_usb_step4_20260819,837,22504618,639144248074022
639144281000000,22524,-0.66,-0.18,-0.731,0.28,-0.35,-0.11,1,imu01,fusion_usb_step4_20260819,838,22524622,639144268077089
639144296000000,22544,-0.665,-0.17,-0.736,-0.02,-0.06,-0.07,1,imu01,fusion_usb_step4_20260819,839,22544618,639144288072156
639144312000000,22564,-0.666,-0.177,-0.73,0.01,-0.12,-0.07,1,imu01,fusion_usb_step4_20260819,840,22564622,639144308075222
639144343000000,22584,-0.659,-0.178,-0.724,-0.16,0.22,-0.08,1,imu01,fusion_usb_step4_20260819,841,22584618,639144328070289
639144359000000,22604,-0.658,-0.176,-0.738,0.65,-0.38,-0.07,1,imu01,fusion_usb_step4_20260819,842,22604622,639144348073355
639144375000000,22624,-0.665,-0.172,-0.737,-0.34,-0.09,0.21,1,imu01,fusion_usb_step4_20260819,843,22624618,639144368068422
639144390000000,22644,-0.658,-0.173,-0.738,-0.05,0.1,0.15,1,imu01,fusion_usb_step4_20260819,844,22644622,639144388071489
639144421000000,22664,-0.655,-0.173,-0.727,0.23,0.25,-0.05,1,imu01,fusion_usb_step4_20260819,845,22664618,639144408066556
639144437000000,22684,-0.659,-0.177,-0.729,-0.05,-0.1,0.17,1,imu01,fusion_usb_step4_20260819,846,22684622,639144428069622
639144453000000,22704,-0.667,-0.17,-0.736,0.06,-0.08,0.05,1,imu01,fusion_usb_step4_20260819,847,22704618,639144448064689
639144468000000,22724,-0.659,-0.169,-0.737,0.14,0.07,-0.02,1,imu01,fusion_usb_step4_20260819,848,22724622,639144468067755
639144500000000,22744,-0.661,-0.176,-0.725,-0.13,-0.07,-0.2,1,imu01,fusion_usb_step4_20260819,849,22744618,639144488062822
639144515000000,22764,-0.653,-0.174,-0.729,0.14,0.17,-0.17,1,imu01,fusion_usb_step4_20260819,850,22764622,639144508065889
639144531000000,22784,-0.661,-0.176,-0.727,0.14,-0.2,0.2,1,imu01,fusion_usb_step4_20260819,851,22784618,639144528060956
639144562000000,22804,-0.666,-0.172,-0.73,-0.7,0.16,0.33,1,imu01,fusion_usb_step4_20260819,852,22804622,639144548064022
639144578000000,22824,-0.66,-0.173,-0.724,0.3,-0.04,-0.13,1,imu01,fusion_usb_step4_20260819,853,22824618,639144568059089
639144593000000,22844,-0.662,-0.175,-0.726,-0.5,0.29,-0.04,1,imu01,fusion_usb_step4_20260819,854,22844622,639144588062155
639144609000000,22864,-0.66,-0.172,-0.732,0.09,-0.09,-0.06,1,imu01,fusion_usb_step4_20260819,855,22864618,639144608057222
639144640000000,22884,-0.666,-0.182,-0.741,0.1,0.04,-0.19,1,imu01,fusion_usb_step4_20260819,856,22884622,639144628060289
639144656000000,22904,-0.658,-0.179,-0.732,-0.12,0.26,0.06,1,imu01,fusion_usb_step4_20260819,857,22904618,639144648055355
639144671000000,22924,-0.659,-0.181,-0.733,0.37,0.01,-0.05,1,imu01,fusion_usb_step4_20260819,858,22924622,639144668058422
639144703000000,22944,-0.662,-0.174,-0.726,0.07,-0.11,0.22,1,imu01,fusion_usb_step4_20260819,859,22944618,639144688053489
639144718000000,22964,-0.658,-0.164,-0.727,0.24,-0.12,0.09,1,imu01,fusion_usb_step4_20260819,860,22964622,639144708056555
639144734000000,22984,-0.668,-0.17,-0.736,0.3,0.1,0.04,1,imu01,fusion_usb_step4_20260819,861,22984618,639144728051622
639144750000000,23004,-0.669,-0.172,-0.733,-0.18,0.0,0.06,1,imu01,fusion_usb_step4_20260819,862,23004622,639144748054688
639144781000000,23024,-0.661,-0.172,-0.729,0.16,0.03,-0.18,1,imu01,fusion_usb_step4_20260819,863,23024618,639144768049755
639144796000000,23044,-0.663,-0.174,-0.73,-0.38,-0.06,-0.19,1,imu01,fusion_usb_step4_20260819,864,23044622,639144788052822
639144812000000,23064,-0.66,-0.179,-0.731,0.12,-0.09,-0.52,1,imu01,fusion_usb_step4_20260819,865,23064618,639144808047889
639144843000000,23084,-0.655,-0.184,-0.723,0.62,-0.21,-0.44,1,imu01,fusion_usb_step4_20260819,866,23084622,639144828050955
639144859000000,23104,-0.659,-0.184,-0.728,0.14,-0.02,-0.17,1,imu01,fusion_usb_step4_20260819,867,23104618,639144848046022
639144875000000,23124,-0.662,-0.183,-0.734,0.08,-0.38,0.01,1,imu01,fusion_usb_step4_20260819,868,23124622,639144868049088
639144890000000,23144,-0.658,-0.176,-0.723,-0.4,0.17,0.11,1,imu01,fusion_usb_step4_20260819,869,23144618,639144888044155
639144921000000,23164,-0.655,-0.179,-0.725,0.1,-0.1,0.02,1,imu01,fusion_usb_step4_20260819,870,23164622,639144908047222
639144937000000,23184,-0.66,-0.178,-0.73,0.04,0.03,0.18,1,imu01,fusion_usb_step4_20260819,871,23184618,639144928042289
639144953000000,23204,-0.665,-0.171,-0.733,-0.05,0.1,0.33,1,imu01,fusion_usb_step4_20260819,872,23204622,639144948045355
639144984000000,23224,-0.662,-0.169,-0.726,-0.53,0.37,0.45,1,imu01,fusion_usb_step4_20260819,873,23224618,639144968040422
639145000000000,23244,-0.661,-0.179,-0.728,0.4,-0.05,0.02,1,imu01,fusion_usb_step4_20260819,874,23244622,639144988043488
639145015000000,23264,-0.661,-0.177,-0.731,-0.19,0.04,0.04,1,imu01,fusion_usb_step4_20260819,875,23264618,639145008038555
639145031000000,23284,-0.664,-0.171,-0.726,-0.31,0.26,0.22,1,imu01,fusion_usb_step4_20260819,876,23284622,639145028041622
639145062000000,23304,-0.666,-0.17,-0.734,0.14,-0.26,0.17,1,imu01,fusion_usb_step4_20260819,877,23304618,639145048036689
639145078000000,23324,-0.662,-0.179,-0.726,-0.28,0.13,-0.02,1,imu01,fusion_usb_step4_20260819,878,23324622,639145068039755
639145093000000,23344,-0.656,-0.183,-0.727,0.21,-0.13,-0.21,1,imu01,fusion_usb_step4_20260819,879,23344618,639145088034822
639145109000000,23364,-0.657,-0.178,-0.73,0.41,-0.07,-0.23,1,imu01,fusion_usb_step4_20260819,880,23364622,639145108037888
639145140000000,23384,-0.658,-0.18,-0.73,-0.63,0.25,0.22,1,imu01,fusion_usb_step4_20260819,881,23384618,639145128032955
639145156000000,23404,-0.663,-0.171,-0.732,0.01,0.12,0.12,1,imu01,fusion_usb_step4_20260819,882,23404622,639145148036022
639145171000000,23424,-0.664,-0.172,-0.721,-0.9,0.44,0.49,1,imu01,fusion_usb_step4_20260819,883,23424618,639145168031089
639145203000000,23444,-0.666,-0.161,-0.73,-0.16,-0.07,0.08,1,imu01,fusion_usb_step4_20260819,884,23444622,639145188034155
639145218000000,23464,-0.668,-0.167,-0.732,0.08,-0.41,-0.43,1,imu01,fusion_usb_step4_20260819,885,23464618,639145208029222
639145234000000,23484,-0.657,-0.176,-0.725,0.56,-0.43,-0.86,1,imu01,fusion_usb_step4_20260819,886,23484622,639145228032288
639145250000000,23504,-0.651,-0.187,-0.736,1.01,-0.42,-1.04,1,imu01,fusion_usb_step4_20260819,887,23504618,639145248027355
639145281000000,23524,-0.655,-0.185,-0.735,0.39,-0.38,-0.37,1,imu01,fusion_usb_step4_20260819,888,23524622,639145268030422
639145296000000,23544,-0.654,-0.185,-0.736,-0.23,0.34,0.3,1,imu01,fusion_usb_step4_20260819,889,23544618,639145288025488
639145312000000,23564,-0.657,-0.173,-0.732,-0.51,0.29,0.64,1,imu01,fusion_usb_step4_20260819,890,23564622,639145308028555
639145343000000,23584,-0.668,-0.169,-0.725,-0.54,0.32,0.56,1,imu01,fusion_usb_step4_20260819,891,23584618,639145328023622
639145359000000,23604,-0.67,-0.163,-0.723,-0.85,0.33,0.63,1,imu01,fusion_usb_step4_20260819,892,23604622,639145348026688
639145375000000,23624,-0.67,-0.168,-0.726,0.8,-0.5,-0.39,1,imu01,fusion_usb_step4_20260819,893,23624618,639145368021755
639145390000000,23644,-0.658,-0.171,-0.729,0.17,-0.17,-0.43,1,imu01,fusion_usb_step4_20260819,894,23644622,639145388024822
639145421000000,23664,-0.656,-0.183,-0.733,1.2,-0.64,-0.86,1,imu01,fusion_usb_step4_20260819,895,23664618,639145408019888
639145437000000,23684,-0.656,-0.181,-0.728,-0.02,-0.03,-0.35,1,imu01,fusion_usb_step4_20260819,896,23684622,639145428022955
639145453000000,23704,-0.657,-0.182,-0.729,0.14,0.0,-0.17,1,imu01,fusion_usb_step4_20260819,897,23704618,639145448018022
639145468000000,23724,-0.66,-0.189,-0.726,-0.63,0.28,0.33,1,imu01,fusion_usb_step4_20260819,898,23724622,639145468021088
639145500000000,23744,-0.662,-0.175,-0.73,-0.35,0.19,0.26,1,imu01,fusion_usb_step4_20260819,899,23744618,639145488016155
639145515000000,23764,-0.66,-0.169,-0.73,0.13,0.1,0.12,1,imu01,fusion_usb_step4_20260819,900,23764622,639145508019222
639145531000000,23784,-0.659,-0.175,-0.732,0.16,-0.34,-0.04,1,imu01,fusion_usb_step4_20260819,901,23784618,639145528014288
639145562000000,23804,-0.657,-0.172,-0.723,0.14,0.0,-0.05,1,imu01,fusion_usb_step4_20260819,902,23804622,639145548017355
639145578000000,23824,-0.664,-0.176,-0.728,0.04,-0.11,0.08,1,imu01,fusion_usb_step4_20260819,903,23824618,639145568012422
639145593000000,23844,-0.66,-0.174,-0.725,-0.26,0.12,0.18,1,imu01,fusion_usb_step4_20260819,904,23844622,639145588015488
639145609000000,23864,-0.655,-0.178,-0.729,0.48,-0.09,-0.23,1,imu01,fusion_usb_step4_20260819,905,23864618,639145608010555
639145640000000,23884,-0.656,-0.184,-0.736,0.26,0.0,-0.07,1,imu01,fusion_usb_step4_20260819,906,23884622,639145628013622
639145656000000,23904,-0.654,-0.187,-0.741,0.48,-0.13,0.12,1,imu01,fusion_usb_step4_20260819,907,23904618,639145648008688
639145671000000,23924,-0.656,-0.178,-0.729,-0.81,0.55,0.79,1,imu01,fusion_usb_step4_20260819,908,23924622,639145668011755
639145703000000,23944,-0.665,-0.173,-0.726,-0.87,0.42,0.99,1,imu01,fusion_usb_step4_20260819,909,23944618,639145688006822
639145718000000,23964,-0.673,-0.16,-0.726,-0.72,0.41,0.78,1,imu01,fusion_usb_step4_20260819,910,23964622,639145708009888
639145734000000,23984,-0.673,-0.156,-0.724,-0.31,0.12,0.19,1,imu01,fusion_usb_step4_20260819,911,23984618,639145728004955
639145750000000,24004,-0.672,-0.165,-0.724,0.3,-0.38,-0.51,1,imu01,fusion_usb_step4_20260819,912,24004622,639145748008022
639145781000000,24024,-0.655,-0.169,-0.731,1.36,-0.52,-1.25,1,imu01,fusion_usb_step4_20260819,913,24024618,639145768003088
639145796000000,24044,-0.655,-0.189,-0.734,0.83,-0.62,-1.07,1,imu01,fusion_usb_step4_20260819,914,24044622,639145788006155
639145812000000,24064,-0.649,-0.191,-0.729,0.51,-0.24,-0.56,1,imu01,fusion_usb_step4_20260819,915,24064618,639145808001222
639145843000000,24084,-0.653,-0.182,-0.73,0.27,-0.19,-0.11,1,imu01,fusion_usb_step4_20260819,916,24084622,639145828004288
639145859000000,24104,-0.661,-0.179,-0.731,-0.83,0.36,0.54,1,imu01,fusion_usb_step4_20260819,917,24104618,639145847999355
639145875000000,24124,-0.668,-0.166,-0.719,-0.09,0.01,0.49,1,imu01,fusion_usb_step4_20260819,918,24124622,639145868002422
639145890000000,24144,-0.667,-0.173,-0.727,-0.57,0.37,0.42,1,imu01,fusion_usb_step4_20260819,919,24144618,639145887997488
639145921000000,24164,-0.663,-0.178,-0.731,0.28,-0.04,0.16,1,imu01,fusion_usb_step4_20260819,920,24164622,639145908000555
639145937000000,24184,-0.66,-0.176,-0.738,0.28,0.21,-0.11,1,imu01,fusion_usb_step4_20260819,921,24184618,639145927995622
639145953000000,24204,-0.661,-0.179,-0.726,-0.1,-0.05,0.06,1,imu01,fusion_usb_step4_20260819,922,24204622,639145947998688
639145968000000,24224,-0.661,-0.175,-0.734,-0.53,0.31,0.44,1,imu01,fusion_usb_step4_20260819,923,24224618,639145967993755
639146000000000,24244,-0.667,-0.17,-0.733,-0.35,0.22,0.31,1,imu01,fusion_usb_step4_20260819,924,24244622,639145987996822
639146015000000,24264,-0.666,-0.165,-0.73,-0.63,0.2,0.31,1,imu01,fusion_usb_step4_20260819,925,24264618,639146007991888
639146031000000,24284,-0.658,-0.171,-0.734,0.1,0.0,-0.05,1,imu01,fusion_usb_step4_20260819,926,24284622,639146027994955
639146062000000,24304,-0.656,-0.178,-0.734,0.37,-0.29,-0.19,1,imu01,fusion_usb_step4_20260819,927,24304618,639146047990022
639146078000000,24324,-0.657,-0.173,-0.73,0.12,-0.09,-0.23,1,imu01,fusion_usb_step4_20260819,928,24324622,639146067993088
639146093000000,24344,-0.662,-0.177,-0.736,0.02,-0.09,0.04,1,imu01,fusion_usb_step4_20260819,929,24344618,639146087988155
639146109000000,24364,-0.66,-0.176,-0.729,-0.21,0.2,0.25,1,imu01,fusion_usb_step4_20260819,930,24364622,639146107991221
639146140000000,24384,-0.66,-0.169,-0.732,-0.0,-0.1,0.01,1,imu01,fusion_usb_step4_20260819,931,24384618,639146127986288
639146156000000,24404,-0.665,-0.172,-0.726,-0.0,0.07,-0.11,1,imu01,fusion_usb_step4_20260819,932,24404622,639146147989355
639146171000000,24424,-0.661,-0.174,-0.731,0.11,-0.19,-0.11,1,imu01,fusion_usb_step4_20260819,933,24424618,639146167984422
639146203000000,24444,-0.661,-0.175,-0.726,-0.05,-0.08,-0.06,1,imu01,fusion_usb_step4_20260819,934,24444622,639146187987488
639146218000000,24464,-0.662,-0.179,-0.731,-0.09,0.08,0.08,1,imu01,fusion_usb_step4_20260819,935,24464618,639146207982555
639146234000000,24484,-0.661,-0.177,-0.735,-0.15,0.16,0.09,1,imu01,fusion_usb_step4_20260819,936,24484622,639146227985621
639146250000000,24504,-0.656,-0.176,-0.731,-0.1,0.07,0.03,1,imu01,fusion_usb_step4_20260819,937,24504618,639146247980688
639146281000000,24524,-0.662,-0.173,-0.732,-0.2,0.04,0.12,1,imu01,fusion_usb_step4_20260819,938,24524622,639146267983755
639146296000000,24544,-0.663,-0.176,-0.734,-0.12,0.19,0.17,1,imu01,fusion_usb_step4_20260819,939,24544618,639146287978822
639146312000000,24564,-0.656,-0.171,-0.725,-0.15,0.07,0.18,1,imu01,fusion_usb_step4_20260819,940,24564622,639146307981888
639146343000000,24584,-0.661,-0.174,-0.728,0.03,-0.0,0.05,1,imu01,fusion_usb_step4_20260819,941,24584618,639146327976955
639146359000000,24604,-0.663,-0.172,-0.737,0.12,-0.12,0.06,1,imu01,fusion_usb_step4_20260819,942,24604622,639146347980021
639146375000000,24624,-0.661,-0.172,-0.727,0.03,0.0,-0.11,1,imu01,fusion_usb_step4_20260819,943,24624618,639146367975088
639146390000000,24644,-0.662,-0.176,-0.736,-0.09,-0.06,-0.07,1,imu01,fusion_usb_step4_20260819,944,24644622,639146387978155
639146421000000,24664,-0.654,-0.175,-0.728,-0.02,0.13,-0.03,1,imu01,fusion_usb_step4_20260819,945,24664618,639146407973222
639146437000000,24684,-0.66,-0.175,-0.734,0.13,-0.04,0.05,1,imu01,fusion_usb_step4_20260819,946,24684622,639146427976288
639146453000000,24704,-0.659,-0.182,-0.732,-0.17,0.1,-0.01,1,imu01,fusion_usb_step4_20260819,947,24704618,639146447971355
639146484000000,24724,-0.659,-0.171,-0.733,-0.02,0.1,0.06,1,imu01,fusion_usb_step4_20260819,948,24724622,639146467974421
639146500000000,24744,-0.662,-0.171,-0.733,-0.11,0.1,0.04,1,imu01,fusion_usb_step4_20260819,949,24744618,639146487969488
639146515000000,24764,-0.661,-0.174,-0.728,-0.11,-0.0,0.02,1,imu01,fusion_usb_step4_20260819,950,24764622,639146507972555
639146531000000,24784,-0.663,-0.173,-0.729,-0.01,0.1,0.02,1,imu01,fusion_usb_step4_20260819,951,24784618,639146527967622
639146562000000,24804,-0.666,-0.174,-0.738,0.02,-0.06,-0.07,1,imu01,fusion_usb_step4_20260819,952,24804622,639146547970688
639146578000000,24824,-0.657,-0.174,-0.734,0.13,-0.17,-0.17,1,imu01,fusion_usb_step4_20260819,953,24824618,639146567965755
639146593000000,24844,-0.66,-0.177,-0.726,0.21,-0.07,-0.19,1,imu01,fusion_usb_step4_20260819,954,24844622,639146587968821
639146609000000,24864,-0.662,-0.177,-0.724,0.04,-0.09,0.02,1,imu01,fusion_usb_step4_20260819,955,24864618,639146607963888
639146640000000,24884,-0.662,-0.178,-0.729,-0.06,-0.01,0.0,1,imu01,fusion_usb_step4_20260819,956,24884622,639146627966955
639146656000000,24904,-0.656,-0.176,-0.725,0.18,-0.12,-0.01,1,imu01,fusion_usb_step4_20260819,957,24904618,639146647962021
639146671000000,24924,-0.659,-0.173,-0.729,-0.0,0.01,-0.01,1,imu01,fusion_usb_step4_20260819,958,24924622,639146667965088
639146703000000,24944,-0.661,-0.179,-0.733,0.17,-0.03,-0.03,1,imu01,fusion_usb_step4_20260819,959,24944618,639146687960155
639146718000000,24964,-0.662,-0.175,-0.728,0.1,-0.04,-0.02,1,imu01,fusion_usb_step4_20260819,960,24964622,639146707963221
639146734000000,24984,-0.661,-0.172,-0.728,-0.1,0.07,0.2,1,imu01,fusion_usb_step4_20260819,961,24984618,639146727958288
639146750000000,25004,-0.659,-0.175,-0.726,0.18,-0.0,-0.09,1,imu01,fusion_usb_step4_20260819,962,25004622,639146747961354
639146781000000,25024,-0.659,-0.176,-0.736,0.02,-0.07,-0.07,1,imu01,fusion_usb_step4_20260819,963,25024618,639146767956421
639146796000000,25044,-0.661,-0.176,-0.73,0.21,-0.22,-0.17,1,imu01,fusion_usb_step4_20260819,964,25044622,639146787959488
639146812000000,25064,-0.663,-0.179,-0.732,-0.04,0.01,0.02,1,imu01,fusion_usb_step4_20260819,965,25064618,639146807954555
639146843000000,25084,-0.662,-0.175,-0.726,0.02,-0.08,0.15,1,imu01,fusion_usb_step4_20260819,966,25084622,639146827957621
639146859000000,25104,-0.66,-0.177,-0.727,-0.04,0.01,0.04,1,imu01,fusion_usb_step4_20260819,967,25104618,639146847952688
639146875000000,25124,-0.661,-0.173,-0.734,0.2,-0.19,-0.06,1,imu01,fusion_usb_step4_20260819,968,25124622,639146867955754
639146890000000,25144,-0.664,-0.173,-0.725,-0.06,0.15,-0.04,1,imu01,fusion_usb_step4_20260819,969,25144618,639146887950821
639146921000000,25164,-0.659,-0.176,-0.733,0.13,-0.09,-0.07,1,imu01,fusion_usb_step4_20260819,970,25164622,639146907953888
639146937000000,25184,-0.66,-0.178,-0.731,0.12,0.01,-0.13,1,imu01,fusion_usb_step4_20260819,971,25184618,639146927948955
639146953000000,25204,-0.663,-0.179,-0.723,-0.02,-0.05,0.0,1,imu01,fusion_usb_step4_20260819,972,25204622,639146947952021
639146968000000,25224,-0.663,-0.175,-0.733,-0.05,0.13,-0.07,1,imu01,fusion_usb_step4_20260819,973,25224618,639146967947088
639147000000000,25244,-0.662,-0.178,-0.73,-0.02,0.01,0.02,1,imu01,fusion_usb_step4_20260819,974,25244622,639146987950154
639147015000000,25264,-0.659,-0.173,-0.728,-0.17,0.01,0.08,1,imu01,fusion_usb_step4_20260819,975,25264618,639147007945221
639147031000000,25284,-0.662,-0.176,-0.729,0.33,-0.16,-0.14,1,imu01,fusion_usb_step4_20260819,976,25284622,639147027948288
639147062000000,25304,-0.664,-0.172,-0.732,-0.07,0.15,0.06,1,imu01,fusion_usb_step4_20260819,977,25304618,639147047943355
639147078000000,25324,-0.657,-0.175,-0.737,-0.43,0.2,0.12,1,imu01,fusion_usb_step4_20260819,978,25324622,639147067946421
639147093000000,25344,-0.66,-0.175,-0.724,0.2,-0.11,-0.07,1,imu01,fusion_usb_step4_20260819,979,25344618,639147087941488
639147109000000,25364,-0.662,-0.173,-0.733,-0.17,0.1,-0.01,1,imu01,fusion_usb_step4_20260819,980,25364622,639147107944554
639147140000000,25384,-0.662,-0.176,-0.728,-0.16,-0.07,0.1,1,imu01,fusion_usb_step4_20260819,981,25384618,639147127939621
639147156000000,25404,-0.659,-0.173,-0.73,0.12,-0.06,-0.01,1,imu01,fusion_usb_step4_20260819,982,25404622,639147147942688
639147171000000,25424,-0.664,-0.172,-0.728,0.14,-0.15,0.01,1,imu01,fusion_usb_step4_20260819,983,25424618,639147167937755
639147203000000,25444,-0.662,-0.176,-0.737,-0.01,0.02,-0.04,1,imu01,fusion_usb_step4_20260819,984,25444622,639147187940821
639147218000000,25464,-0.663,-0.174,-0.733,-0.07,0.0,-0.01,1,imu01,fusion_usb_step4_20260819,985,25464618,639147207935888
639147234000000,25484,-0.662,-0.176,-0.725,-0.19,0.07,-0.02,1,imu01,fusion_usb_step4_20260819,986,25484622,639147227938954
639147250000000,25504,-0.661,-0.169,-0.736,-0.01,0.1,0.06,1,imu01,fusion_usb_step4_20260819,987,25504618,639147247934021
639147281000000,25524,-0.66,-0.176,-0.733,-0.07,0.09,-0.08,1,imu01,fusion_usb_step4_20260819,988,25524622,639147267937088
639147296000000,25544,-0.66,-0.174,-0.735,-0.04,0.1,-0.03,1,imu01,fusion_usb_step4_20260819,989,25544618,639147287932154
639147312000000,25564,-0.659,-0.185,-0.737,0.16,0.04,0.02,1,imu01,fusion_usb_step4_20260819,990,25564622,639147307935221
639147343000000,25584,-0.656,-0.179,-0.733,-0.09,0.34,0.14,1,imu01,fusion_usb_step4_20260819,991,25584618,639147327930288
639147359000000,25604,-0.658,-0.175,-0.727,-0.29,0.48,0.55,1,imu01,fusion_usb_step4_20260819,992,25604622,639147347933354
639147375000000,25624,-0.662,-0.173,-0.729,-0.84,0.67,0.76,1,imu01,fusion_usb_step4_20260819,993,25624618,639147367928421
639147390000000,25644,-0.659,-0.168,-0.721,-0.61,0.49,0.73,1,imu01,fusion_usb_step4_20260819,994,25644622,639147387931488
639147421000000,25664,-0.665,-0.168,-0.727,0.17,0.25,0.19,1,imu01,fusion_usb_step4_20260819,995,25664618,639147407926554
639147437000000,25684,-0.661,-0.175,-0.732,0.88,-0.09,-0.06,1,imu01,fusion_usb_step4_20260819,996,25684622,639147427929621
639147453000000,25704,-0.663,-0.17,-0.733,-0.22,0.61,0.31,1,imu01,fusion_usb_step4_20260819,997,25704618,639147447924688
639147484000000,25724,-0.661,-0.172,-0.736,-0.01,0.3,0.28,1,imu01,fusion_usb_step4_20260819,998,25724622,639147467927754
639147500000000,25744,-0.655,-0.176,-0.726,-0.05,0.42,0.11,1,imu01,fusion_usb_step4_20260819,999,25744618,639147487922821
639147515000000,25764,-0.656,-0.176,-0.732,0.87,0.2,-0.06,1,imu01,fusion_usb_step4_20260819,1000,25764622,639147507925888
639147531000000,25784,-0.659,-0.174,-0.732,-0.67,0.56,0.52,1,imu01,fusion_usb_step4_20260819,1001,25784618,639147527920954
639147562000000,25804,-0.664,-0.171,-0.731,-0.62,0.59,0.48,1,imu01,fusion_usb_step4_20260819,1002,25804622,639147547924021
639147578000000,25824,-0.667,-0.169,-0.727,-0.36,0.39,0.36,1,imu01,fusion_usb_step4_20260819,1003,25824618,639147567919088
639147593000000,25844,-0.663,-0.163,-0.736,-0.18,0.49,0.18,1,imu01,fusion_usb_step4_20260819,1004,25844622,639147587922154
639147609000000,25864,-0.664,-0.178,-0.726,1.08,-0.67,-0.39,1,imu01,fusion_usb_step4_20260819,1005,25864618,639147607917221
639147640000000,25884,-0.653,-0.18,-0.732,0.85,-0.16,-0.5,1,imu01,fusion_usb_step4_20260819,1006,25884622,639147627920288
639147656000000,25904,-0.657,-0.182,-0.726,0.2,0.16,-0.04,1,imu01,fusion_usb_step4_20260819,1007,25904618,639147647915354
639147671000000,25924,-0.655,-0.17,-0.734,-0.93,0.58,0.39,1,imu01,fusion_usb_step4_20260819,1008,25924622,639147667918421
639147703000000,25944,-0.661,-0.177,-0.729,-0.14,0.11,0.2,1,imu01,fusion_usb_step4_20260819,1009,25944618,639147687913488
639147718000000,25964,-0.655,-0.174,-0.728,0.14,0.23,-0.06,1,imu01,fusion_usb_step4_20260819,1010,25964622,639147707916554
639147734000000,25984,-0.66,-0.172,-0.735,0.56,-0.07,0.09,1,imu01,fusion_usb_step4_20260819,1011,25984618,639147727911621
639147750000000,26004,-0.666,-0.177,-0.735,-0.34,0.03,0.31,1,imu01,fusion_usb_step4_20260819,1012,26004622,639147747914688
639147781000000,26024,-0.66,-0.168,-0.735,-0.44,0.6,0.23,1,imu01,fusion_usb_step4_20260819,1013,26024618,639147767909754
639147796000000,26044,-0.653,-0.173,-0.727,0.66,0.03,-0.13,1,imu01,fusion_usb_step4_20260819,1014,26044622,639147787912821
639147812000000,26064,-0.662,-0.17,-0.728,-0.93,0.33,0.33,1,imu01,fusion_usb_step4_20260819,1015,26064618,639147807907888
639147843000000,26084,-0.66,-0.165,-0.731,0.64,-0.25,-0.19,1,imu01,fusion_usb_step4_20260819,1016,26084622,639147827910954
639147859000000,26104,-0.661,-0.173,-0.738,-0.02,0.32,-0.02,1,imu01,fusion_usb_step4_20260819,1017,26104618,639147847906021
639147875000000,26124,-0.654,-0.175,-0.728,0.22,0.16,-0.02,1,imu01,fusion_usb_step4_20260819,1018,26124622,639147867909088
639147890000000,26144,-0.658,-0.173,-0.731,-0.15,0.01,0.15,1,imu01,fusion_usb_step4_20260819,1019,26144618,639147887904154
639147921000000,26164,-0.663,-0.159,-0.729,-0.43,0.17,0.31,1,imu01,fusion_usb_step4_20260819,1020,26164622,639147907907221
639147937000000,26184,-0.665,-0.166,-0.734,0.08,-0.06,-0.14,1,imu01,fusion_usb_step4_20260819,1021,26184618,639147927902288
639147953000000,26204,-0.661,-0.17,-0.734,-0.15,-0.33,-0.31,1,imu01,fusion_usb_step4_20260819,1022,26204622,639147947905354
639147968000000,26224,-0.655,-0.169,-0.738,0.9,-0.16,-0.69,1,imu01,fusion_usb_step4_20260819,1023,26224618,639147967900421
639148000000000,26244,-0.66,-0.187,-0.735,-0.0,-0.4,-0.62,1,imu01,fusion_usb_step4_20260819,1024,26244622,639147987903487
639148015000000,26264,-0.647,-0.188,-0.728,-0.46,0.29,-0.02,1,imu01,fusion_usb_step4_20260819,1025,26264618,639148007898554
639148031000000,26284,-0.657,-0.179,-0.73,0.43,-0.04,0.18,1,imu01,fusion_usb_step4_20260819,1026,26284622,639148027901621
639148062000000,26304,-0.666,-0.164,-0.732,-1.36,0.31,0.88,1,imu01,fusion_usb_step4_20260819,1027,26304618,639148047896688
639148078000000,26324,-0.664,-0.161,-0.729,-0.19,0.14,0.24,1,imu01,fusion_usb_step4_20260819,1028,26324622,639148067899754
639148093000000,26344,-0.661,-0.173,-0.729,0.18,0.13,-0.16,1,imu01,fusion_usb_step4_20260819,1029,26344618,639148087894821
639148109000000,26364,-0.655,-0.181,-0.734,0.38,-0.16,-0.38,1,imu01,fusion_usb_step4_20260819,1030,26364622,639148107897887
639148140000000,26384,-0.654,-0.176,-0.737,0.37,-0.16,-0.13,1,imu01,fusion_usb_step4_20260819,1031,26384618,639148127892954
639148156000000,26404,-0.662,-0.168,-0.743,-0.57,0.46,0.22,1,imu01,fusion_usb_step4_20260819,1032,26404622,639148147896021
639148171000000,26424,-0.659,-0.174,-0.742,0.02,0.2,0.26,1,imu01,fusion_usb_step4_20260819,1033,26424618,639148167891088
639148203000000,26444,-0.657,-0.175,-0.726,-0.74,0.55,0.31,1,imu01,fusion_usb_step4_20260819,1034,26444622,639148187894154
639148218000000,26464,-0.66,-0.172,-0.728,-0.2,0.55,0.42,1,imu01,fusion_usb_step4_20260819,1035,26464618,639148207889221
639148234000000,26484,-0.665,-0.167,-0.744,0.25,-0.21,0.11,1,imu01,fusion_usb_step4_20260819,1036,26484622,639148227892287
639148250000000,26504,-0.662,-0.166,-0.735,-0.4,0.14,0.23,1,imu01,fusion_usb_step4_20260819,1037,26504618,639148247887354
639148281000000,26524,-0.658,-0.175,-0.727,0.66,-0.19,-0.3,1,imu01,fusion_usb_step4_20260819,1038,26524622,639148267890421
639148296000000,26544,-0.657,-0.173,-0.723,-0.56,0.23,0.12,1,imu01,fusion_usb_step4_20260819,1039,26544618,639148287885488
639148312000000,26564,-0.66,-0.169,-0.719,0.5,-0.28,0.08,1,imu01,fusion_usb_step4_20260819,1040,26564622,639148307888554
639148343000000,26584,-0.664,-0.165,-0.73,-0.49,-0.14,0.18,1,imu01,fusion_usb_step4_20260819,1041,26584618,639148327883621
639148359000000,26604,-0.652,-0.165,-0.737,0.69,-0.35,-0.53,1,imu01,fusion_usb_step4_20260819,1042,26604622,639148347886687
639148375000000,26624,-0.66,-0.186,-0.734,0.9,-0.74,-0.77,1,imu01,fusion_usb_step4_20260819,1043,26624618,639148367881754
639148390000000,26644,-0.651,-0.192,-0.732,-0.36,-0.13,-0.05,1,imu01,fusion_usb_step4_20260819,1044,26644622,639148387884821
639148421000000,26664,-0.652,-0.169,-0.739,0.46,-0.18,0.23,1,imu01,fusion_usb_step4_20260819,1045,26664618,639148407879888
639148437000000,26684,-0.669,-0.165,-0.733,-0.53,-0.31,0.62,1,imu01,fusion_usb_step4_20260819,1046,26684622,639148427882954
639148453000000,26704,-0.662,-0.164,-0.735,-0.76,0.27,0.19,1,imu01,fusion_usb_step4_20260819,1047,26704618,639148447878021
639148484000000,26724,-0.66,-0.174,-0.729,1.5,-0.41,-0.74,1,imu01,fusion_usb_step4_20260819,1048,26724622,639148467881087
639148500000000,26744,-0.655,-0.185,-0.742,0.79,-0.8,-0.53,1,imu01,fusion_usb_step4_20260819,1049,26744618,639148487876154
639148515000000,26764,-0.655,-0.191,-0.743,0.37,-0.42,-0.18,1,imu01,fusion_usb_step4_20260819,1050,26764622,639148507879221
639148531000000,26784,-0.652,-0.172,-0.73,0.22,0.27,0.21,1,imu01,fusion_usb_step4_20260819,1051,26784618,639148527874287
639148562000000,26804,-0.664,-0.17,-0.728,-0.17,-0.06,0.52,1,imu01,fusion_usb_step4_20260819,1052,26804622,639148547877354
639148578000000,26824,-0.67,-0.163,-0.736,-0.44,-0.29,0.34,1,imu01,fusion_usb_step4_20260819,1053,26824618,639148567872421
639148593000000,26844,-0.657,-0.173,-0.726,1.21,-0.19,-0.54,1,imu01,fusion_usb_step4_20260819,1054,26844622,639148587875487
639148609000000,26864,-0.656,-0.183,-0.725,0.19,-0.61,-0.31,1,imu01,fusion_usb_step4_20260819,1055,26864618,639148607870554
639148640000000,26884,-0.651,-0.168,-0.731,-0.3,0.33,0.18,1,imu01,fusion_usb_step4_20260819,1056,26884622,639148627873620
639148656000000,26904,-0.665,-0.176,-0.734,1.27,-0.95,-0.25,1,imu01,fusion_usb_step4_20260819,1057,26904618,639148647868687
639148671000000,26924,-0.662,-0.17,-0.726,-1.67,0.37,0.33,1,imu01,fusion_usb_step4_20260819,1058,26924622,639148667871754
639148703000000,26944,-0.656,-0.17,-0.721,1.54,-0.71,-0.68,1,imu01,fusion_usb_step4_20260819,1059,26944618,639148687866821
639148718000000,26964,-0.671,-0.18,-0.726,0.68,-1.03,-0.49,1,imu01,fusion_usb_step4_20260819,1060,26964622,639148707869887
639148734000000,26984,-0.664,-0.171,-0.74,-0.45,-0.36,-0.3,1,imu01,fusion_usb_step4_20260819,1061,26984618,639148727864954
639148750000000,27004,-0.661,-0.178,-0.726,1.17,-0.6,-1.02,1,imu01,fusion_usb_step4_20260819,1062,27004622,639148747868020
639148781000000,27024,-0.726,-0.19,-0.759,-0.44,-0.51,-0.69,1,imu01,fusion_usb_step4_20260819,1063,27024618,639148767863087
639148796000000,27044,-0.642,-0.161,-0.713,-1.79,0.27,-0.4,1,imu01,fusion_usb_step4_20260819,1064,27044622,639148787866154
639148812000000,27064,-0.685,-0.188,-0.754,2.52,-1.49,-2.14,1,imu01,fusion_usb_step4_20260819,1065,27064618,639148807861221
639148843000000,27084,-0.625,-0.15,-0.743,0.79,0.03,-1.29,1,imu01,fusion_usb_step4_20260819,1066,27084622,639148827864287
639148859000000,27104,-0.664,-0.203,-0.73,-1.05,-0.84,-0.46,1,imu01,fusion_usb_step4_20260819,1067,27104618,639148847859354
639148875000000,27124,-0.631,-0.174,-0.713,-3.09,0.01,0.02,1,imu01,fusion_usb_step4_20260819,1068,27124622,639148867862420
639148890000000,27144,-0.643,-0.162,-0.736,1.59,0.76,-0.69,1,imu01,fusion_usb_step4_20260819,1069,27144618,639148887857487
639148921000000,27164,-0.67,-0.204,-0.714,0.49,-2.5,-1.04,1,imu01,fusion_usb_step4_20260819,1070,27164622,639148907860554
639148937000000,27184,-0.68,-0.179,-0.796,-5.43,1.49,1.27,1,imu01,fusion_usb_step4_20260819,1071,27184618,639148927855621
639148953000000,27204,-0.652,-0.178,-0.736,4.34,-1.24,-1.2,1,imu01,fusion_usb_step4_20260819,1072,27204622,639148947858687
639148968000000,27224,-0.657,-0.163,-0.739,-1.42,0.89,0.62,1,imu01,fusion_usb_step4_20260819,1073,27224618,639148967853754
639149000000000,27244,-0.67,-0.157,-0.747,-1.67,0.31,0.78,1,imu01,fusion_usb_step4_20260819,1074,27244622,639148987856820
639149015000000,27264,-0.669,-0.161,-0.73,0.8,-0.79,-0.48,1,imu01,fusion_usb_step4_20260819,1075,27264618,639149007851887
639149031000000,27284,-0.684,-0.199,-0.695,-1.73,0.16,0.21,1,imu01,fusion_usb_step4_20260819,1076,27284622,639149027854954
639149062000000,27304,-0.655,-0.164,-0.723,4.2,-1.8,-1.36,1,imu01,fusion_usb_step4_20260819,1077,27304618,639149047850021
639149078000000,27324,-0.651,-0.146,-0.73,1.26,1.03,0.11,1,imu01,fusion_usb_step4_20260819,1078,27324622,639149067853087
639149093000000,27344,-0.662,-0.165,-0.734,3.32,-1.45,-1.13,1,imu01,fusion_usb_step4_20260819,1079,27344618,639149087848154
639149109000000,27364,-0.657,-0.173,-0.721,-3.5,1.23,0.47,1,imu01,fusion_usb_step4_20260819,1080,27364622,639149107851220
639149140000000,27384,-0.656,-0.185,-0.735,2.33,-1.08,-0.94,1,imu01,fusion_usb_step4_20260819,1081,27384618,639149127846287
639149156000000,27404,-0.661,-0.186,-0.737,0.17,-0.03,0.13,1,imu01,fusion_usb_step4_20260819,1082,27404622,639149147849354
639149171000000,27424,-0.655,-0.179,-0.743,-0.44,0.29,0.38,1,imu01,fusion_usb_step4_20260819,1083,27424618,639149167844420
639149203000000,27444,-0.645,-0.18,-0.73,1.27,-0.01,-0.44,1,imu01,fusion_usb_step4_20260819,1084,27444622,639149187847487
639149218000000,27464,-0.659,-0.188,-0.724,-0.41,-0.13,0.06,1,imu01,fusion_usb_step4_20260819,1085,27464618,639149207842554
639149234000000,27484,-0.668,-0.186,-0.726,-2.91,-0.02,0.76,1,imu01,fusion_usb_step4_20260819,1086,27484622,639149227845620
639149250000000,27504,-0.649,-0.164,-0.725,-0.12,0.62,0.13,1,imu01,fusion_usb_step4_20260819,1087,27504618,639149247840687
639149281000000,27524,-0.664,-0.171,-0.725,1.36,-0.5,-0.61,1,imu01,fusion_usb_step4_20260819,1088,27524622,639149267843754
639149296000000,27544,-0.663,-0.176,-0.726,-3.06,0.91,0.7,1,imu01,fusion_usb_step4_20260819,1089,27544618,639149287838820
639149312000000,27564,-0.666,-0.169,-0.72,0.69,-0.43,-0.24,1,imu01,fusion_usb_step4_20260819,1090,27564622,639149307841887
639149343000000,27584,-0.66,-0.166,-0.725,-0.59,0.3,0.23,1,imu01,fusion_usb_step4_20260819,1091,27584618,639149327836954
639149359000000,27604,-0.663,-0.162,-0.736,0.15,0.02,0.13,1,imu01,fusion_usb_step4_20260819,1092,27604622,639149347840020
639149375000000,27624,-0.663,-0.168,-0.731,0.74,-0.37,-0.21,1,imu01,fusion_usb_step4_20260819,1093,27624618,639149367835087
639149390000000,27644,-0.665,-0.183,-0.732,0.44,-0.29,-0.28,1,imu01,fusion_usb_step4_20260819,1094,27644622,639149387838154
639149421000000,27664,-0.668,-0.188,-0.723,-0.6,-0.12,-0.17,1,imu01,fusion_usb_step4_20260819,1095,27664618,639149407833220
639149437000000,27684,-0.652,-0.176,-0.738,0.85,0.16,-0.17,1,imu01,fusion_usb_step4_20260819,1096,27684622,639149427836287
639149453000000,27704,-0.658,-0.173,-0.737,1.37,-0.58,-0.36,1,imu01,fusion_usb_step4_20260819,1097,27704618,639149447831354
639149468000000,27724,-0.657,-0.178,-0.735,-0.8,0.33,0.23,1,imu01,fusion_usb_step4_20260819,1098,27724622,639149467834420
639149500000000,27744,-0.654,-0.181,-0.737,0.97,-0.29,-0.43,1,imu01,fusion_usb_step4_20260819,1099,27744618,639149487829487
639149515000000,27764,-0.663,-0.179,-0.731,-0.28,-0.24,0.07,1,imu01,fusion_usb_step4_20260819,1100,27764622,639149507832554
639149531000000,27784,-0.66,-0.168,-0.732,-0.47,0.03,0.22,1,imu01,fusion_usb_step4_20260819,1101,27784618,639149527827620
639149562000000,27804,-0.667,-0.176,-0.733,0.62,-0.45,-0.24,1,imu01,fusion_usb_step4_20260819,1102,27804622,639149547830687
639149578000000,27824,-0.669,-0.184,-0.722,0.24,-0.35,-0.07,1,imu01,fusion_usb_step4_20260819,1103,27824618,639149567825754
639149593000000,27844,-0.664,-0.172,-0.734,-1.57,0.47,0.47,1,imu01,fusion_usb_step4_20260819,1104,27844622,639149587828820
639149609000000,27864,-0.663,-0.168,-0.732,1.55,-0.36,-0.56,1,imu01,fusion_usb_step4_20260819,1105,27864618,639149607823887
639149640000000,27884,-0.663,-0.175,-0.73,-0.76,0.13,-0.14,1,imu01,fusion_usb_step4_20260819,1106,27884622,639149627826954
639149656000000,27904,-0.655,-0.182,-0.726,-0.04,0.03,-0.08,1,imu01,fusion_usb_step4_20260819,1107,27904618,639149647822020
639149671000000,27924,-0.66,-0.175,-0.737,0.86,-0.33,-0.22,1,imu01,fusion_usb_step4_20260819,1108,27924622,639149667825087
639149703000000,27944,-0.664,-0.172,-0.731,-0.38,0.23,0.22,1,imu01,fusion_usb_step4_20260819,1109,27944618,639149687820154
639149718000000,27964,-0.657,-0.172,-0.737,0.34,0.16,-0.08,1,imu01,fusion_usb_step4_20260819,1110,27964622,639149707823220
639149734000000,27984,-0.672,-0.189,-0.745,-0.01,-0.15,-0.01,1,imu01,fusion_usb_step4_20260819,1111,27984618,639149727818287
639149750000000,28004,-0.662,-0.218,-0.689,0.67,-1.14,-0.48,1,imu01,fusion_usb_step4_20260819,1112,28004622,639149747821354
639149781000000,28024,-0.657,-0.181,-0.719,-1.28,0.39,0.49,1,imu01,fusion_usb_step4_20260819,1113,28024618,639149767816420
639149796000000,28044,-0.655,-0.175,-0.732,1.62,-0.09,-0.31,1,imu01,fusion_usb_step4_20260819,1114,28044622,639149787819487
639149812000000,28064,-0.663,-0.179,-0.736,0.2,-0.38,-0.1,1,imu01,fusion_usb_step4_20260819,1115,28064618,639149807814554
639149828000000,28084,-0.664,-0.175,-0.734,-1.42,0.35,0.24,1,imu01,fusion_usb_step4_20260819,1116,28084622,639149827817620
639149859000000,28104,-0.661,-0.174,-0.726,1.53,-0.74,-0.49,1,imu01,fusion_usb_step4_20260819,1117,28104618,639149847812687
639149875000000,28124,-0.662,-0.173,-0.723,-0.81,0.32,0.43,1,imu01,fusion_usb_step4_20260819,1118,28124621,639149867814754
639149890000000,28144,-0.666,-0.175,-0.723,0.45,-0.29,-0.05,1,imu01,fusion_usb_step4_20260819,1119,28144618,639149887810820
639149921000000,28164,-0.661,-0.171,-0.73,0.17,0.16,-0.04,1,imu01,fusion_usb_step4_20260819,1120,28164622,639149907813887
639149937000000,28184,-0.657,-0.177,-0.726,-0.03,-0.03,-0.07,1,imu01,fusion_usb_step4_20260819,1121,28184618,639149927808954
639149953000000,28204,-0.665,-0.183,-0.728,-0.5,-0.03,0.17,1,imu01,fusion_usb_step4_20260819,1122,28204622,639149947812020
639149968000000,28224,-0.619,-0.162,-0.648,-0.1,0.2,0.12,1,imu01,fusion_usb_step4_20260819,1123,28224618,639149967807087
639150000000000,28244,-0.815,-0.221,-0.903,2.53,-1.19,-0.49,1,imu01,fusion_usb_step4_20260819,1124,28244622,639149987810153
639150015000000,28264,-0.816,-0.172,-0.835,-0.79,0.46,0.19,1,imu01,fusion_usb_step4_20260819,1125,28264618,639150007805220
639150031000000,28284,-0.698,-0.145,-0.775,-0.76,0.09,0.0,1,imu01,fusion_usb_step4_20260819,1126,28284622,639150027808287
639150062000000,28304,-0.639,-0.181,-0.719,-0.15,0.0,-0.01,1,imu01,fusion_usb_step4_20260819,1127,28304618,639150047803354
639150078000000,28324,-0.671,-0.163,-0.759,-0.35,0.25,0.47,1,imu01,fusion_usb_step4_20260819,1128,28324622,639150067806420
639150093000000,28344,-0.665,-0.173,-0.744,1.3,-0.38,-0.27,1,imu01,fusion_usb_step4_20260819,1129,28344618,639150087801487
639150109000000,28364,-0.663,-0.177,-0.719,-0.35,0.02,-0.04,1,imu01,fusion_usb_step4_20260819,1130,28364622,639150107804553
639150140000000,28384,-0.762,-0.197,-0.838,-0.25,0.19,0.09,1,imu01,fusion_usb_step4_20260819,1131,28384618,639150127799620
639150156000000,28404,-0.746,-0.194,-0.842,0.77,-0.92,-0.54,1,imu01,fusion_usb_step4_20260819,1132,28404622,639150147802687
639150171000000,28424,-0.636,-0.157,-0.735,-1.82,1.29,0.57,1,imu01,fusion_usb_step4_20260819,1133,28424618,639150167797754
639150203000000,28444,-0.679,-0.194,-0.731,1.51,-0.29,-0.3,1,imu01,fusion_usb_step4_20260819,1134,28444622,639150187800820
639150218000000,28464,-0.565,-0.217,-0.585,0.12,0.34,0.06,1,imu01,fusion_usb_step4_20260819,1135,28464618,639150207795887
639150234000000,28484,-0.725,-0.22,-0.753,1.1,-0.85,-0.43,1,imu01,fusion_usb_step4_20260819,1136,28484622,639150227798953
639150250000000,28504,-0.578,-0.16,-0.68,-2.34,1.0,0.61,1,imu01,fusion_usb_step4_20260819,1137,28504618,639150247794020
639150281000000,28524,-0.629,-0.17,-0.704,-0.16,-0.27,-0.28,1,imu01,fusion_usb_step4_20260819,1138,28524622,639150267797087
639150296000000,28544,-0.688,-0.206,-0.751,1.54,-1.42,-0.46,1,imu01,fusion_usb_step4_20260819,1139,28544618,639150287792154
639150312000000,28564,-0.616,-0.126,-0.732,-0.25,0.97,0.45,1,imu01,fusion_usb_step4_20260819,1140,28564622,639150307795220
639150343000000,28584,-0.763,-0.21,-0.823,1.54,-0.75,-0.33,1,imu01,fusion_usb_step4_20260819,1141,28584618,639150327790287
639150359000000,28604,-0.728,-0.166,-0.845,-2.6,0.49,0.89,1,imu01,fusion_usb_step4_20260819,1142,28604622,639150347793353
639150375000000,28624,-0.594,-0.187,-0.687,0.43,0.1,0.23,1,imu01,fusion_usb_step4_20260819,1143,28624618,639150367788420
639150390000000,28644,-0.62,-0.169,-0.658,0.95,-0.61,0.13,1,imu01,fusion_usb_step4_20260819,1144,28644622,639150387791487
639150421000000,28664,-0.645,-0.146,-0.714,-0.73,1.04,0.16,1,imu01,fusion_usb_step4_20260819,1145,28664618,639150407786554
639150437000000,28684,-0.708,-0.178,-0.694,1.29,-2.06,-1.27,1,imu01,fusion_usb_step4_20260819,1146,28684622,639150427789620
639150453000000,28704,-0.678,-0.184,-0.735,1.53,-0.65,-1.2,1,imu01,fusion_usb_step4_20260819,1147,28704618,639150447784687
639150468000000,28724,-0.676,-0.184,-0.74,0.68,0.15,-0.3,1,imu01,fusion_usb_step4_20260819,1148,28724622,639150467787753
639150500000000,28744,-0.652,-0.175,-0.728,-0.15,0.75,-0.01,1,imu01,fusion_usb_step4_20260819,1149,28744618,639150487782820
639150515000000,28764,-0.655,-0.172,-0.752,1.58,0.18,-0.04,1,imu01,fusion_usb_step4_20260819,1150,28764622,639150507785886
639150531000000,28784,-0.645,-0.171,-0.743,1.27,-0.43,-0.18,1,imu01,fusion_usb_step4_20260819,1151,28784618,639150527780953
639150562000000,28804,-0.656,-0.186,-0.737,-1.44,0.3,0.26,1,imu01,fusion_usb_step4_20260819,1152,28804622,639150547784020
639150578000000,28824,-0.668,-0.228,-0.683,-0.48,-0.79,-0.37,1,imu01,fusion_usb_step4_20260819,1153,28824618,639150567779087
639150593000000,28844,-0.655,-0.181,-0.733,0.13,-1.52,-0.08,1,imu01,fusion_usb_step4_20260819,1154,28844622,639150587782153
639150609000000,28864,-0.64,-0.15,-0.716,-0.63,2.46,1.04,1,imu01,fusion_usb_step4_20260819,1155,28864618,639150607777220
639150640000000,28884,-0.646,-0.17,-0.733,3.38,-1.15,-1.09,1,imu01,fusion_usb_step4_20260819,1156,28884622,639150627780286
639150656000000,28904,-0.658,-0.177,-0.726,-5.04,1.19,0.99,1,imu01,fusion_usb_step4_20260819,1157,28904618,639150647775353
639150671000000,28924,-0.669,-0.181,-0.713,0.68,-1.03,-0.58,1,imu01,fusion_usb_step4_20260819,1158,28924622,639150667778420
639150703000000,28944,-0.677,-0.176,-0.719,0.4,-0.34,0.19,1,imu01,fusion_usb_step4_20260819,1159,28944618,639150687773487
639150718000000,28964,-0.671,-0.169,-0.729,-1.34,0.91,0.76,1,imu01,fusion_usb_step4_20260819,1160,28964622,639150707776553
639150734000000,28984,-0.662,-0.164,-0.724,1.87,-0.24,-0.35,1,imu01,fusion_usb_step4_20260819,1161,28984618,639150727771620
639150750000000,29004,-0.663,-0.172,-0.731,0.41,-0.29,-0.32,1,imu01,fusion_usb_step4_20260819,1162,29004622,639150747774686
639150781000000,29024,-0.667,-0.179,-0.724,-0.87,-0.16,-0.07,1,imu01,fusion_usb_step4_20260819,1163,29024618,639150767769753
639150796000000,29044,-0.663,-0.194,-0.72,0.31,-0.22,-0.33,1,imu01,fusion_usb_step4_20260819,1164,29044622,639150787772820
639150812000000,29064,-0.656,-0.187,-0.727,0.9,0.05,-0.19,1,imu01,fusion_usb_step4_20260819,1165,29064618,639150807767887
639150828000000,29084,-0.655,-0.179,-0.736,0.62,0.02,0.01,1,imu01,fusion_usb_step4_20260819,1166,29084622,639150827770953
639150859000000,29104,-0.192,-0.836,-0.929,-40.15,1.84,29.35,1,imu01,fusion_usb_step4_20260819,1167,29104618,639150847766020
639150875000000,29124,-0.966,0.076,-0.37,22.46,3.79,-66.72,1,imu01,fusion_usb_step4_20260819,1168,29124622,639150867769086
639150890000000,29144,-0.633,-0.181,-0.693,51.52,7.86,-24.65,1,imu01,fusion_usb_step4_20260819,1169,29144618,639150887764153
639150921000000,29164,-0.388,-0.348,-0.978,-57.21,-3.1,59.24,1,imu01,fusion_usb_step4_20260819,1170,29164622,639150907767220
639150937000000,29184,-0.789,-0.154,-0.72,170.37,-32.26,29.81,1,imu01,fusion_usb_step4_20260819,1171,29184618,639150927762287
639150953000000,29204,-1.111,-0.047,-0.737,22.85,-34.1,-57.33,1,imu01,fusion_usb_step4_20260819,1172,29204622,639150947765353
639150984000000,29224,-0.641,-0.01,-0.241,-50.41,90.91,-79.77,1,imu01,fusion_usb_step4_20260819,1173,29224618,639150967760420
639151000000000,29244,-0.392,-0.079,0.019,-249.42,56.7,-8.97,1,imu01,fusion_usb_step4_20260819,1174,29244622,639150987763486
639151015000000,29264,-0.395,-0.555,-1.123,22.36,-45.35,51.86,1,imu01,fusion_usb_step4_20260819,1175,29264618,639151007758553
639151031000000,29284,-0.797,-0.313,-1.022,156.88,-101.87,55.72,1,imu01,fusion_usb_step4_20260819,1176,29284622,639151027761620
639151062000000,29304,-0.648,-0.246,-0.517,41.3,-2.8,25.83,1,imu01,fusion_usb_step4_20260819,1177,29304618,639151047756687
639151078000000,29324,-0.66,-0.064,-0.76,-78.05,-14.93,9.32,1,imu01,fusion_usb_step4_20260819,1178,29324622,639151067759753
639151093000000,29344,-0.659,-0.136,-0.715,12.75,15.29,-0.51,1,imu01,fusion_usb_step4_20260819,1179,29344618,639151087754820
639151109000000,29364,-0.4,0.311,-0.223,-32.04,20.68,-11.33,1,imu01,fusion_usb_step4_20260819,1180,29364622,639151107757886
639151140000000,29384,0.05,-0.185,-0.294,-69.86,3.53,-11.65,1,imu01,fusion_usb_step4_20260819,1181,29384618,639151127752953
639151156000000,29404,-1.688,-0.217,-0.982,-21.91,27.42,-67.65,1,imu01,fusion_usb_step4_20260819,1182,29404622,639151147756020
639151171000000,29424,-1.27,-0.555,-0.116,93.78,7.8,-97.43,1,imu01,fusion_usb_step4_20260819,1183,29424618,639151167751086
639151203000000,29444,-0.675,-0.343,-0.591,-13.79,-5.9,-97.89,1,imu01,fusion_usb_step4_20260819,1184,29444622,639151187754153
639151218000000,29464,-0.33,-0.119,-0.875,7.58,43.48,-11.1,1,imu01,fusion_usb_step4_20260819,1185,29464618,639151207749220
639151234000000,29484,-0.979,-0.565,-0.589,-50.68,73.87,23.57,1,imu01,fusion_usb_step4_20260819,1186,29484622,639151227752286
639151250000000,29504,-0.415,0.207,-0.56,-111.02,82.87,-37.36,1,imu01,fusion_usb_step4_20260819,1187,29504618,639151247747353
639151281000000,29524,0.2,-0.457,-0.93,-249.42,79.35,-77.17,1,imu01,fusion_usb_step4_20260819,1188,29524622,639151267750420
639151296000000,29544,-0.567,-0.028,-0.923,-148.53,73.8,-76.18,1,imu01,fusion_usb_step4_20260819,1189,29544618,639151287745486
639151312000000,29564,-0.636,0.064,-0.704,-113.33,64.23,-55.45,1,imu01,fusion_usb_step4_20260819,1190,29564622,639151307748553
639151343000000,29584,-0.572,-0.217,-1.111,-159.94,100.5,-8.24,1,imu01,fusion_usb_step4_20260819,1191,29584618,639151327743620
639151359000000,29604,-0.025,0.05,-1.211,-192.11,118.0,-4.01,1,imu01,fusion_usb_step4_20260819,1192,29604622,639151347746686
639151375000000,29624,-0.209,0.194,-0.787,-229.48,139.42,-49.96,1,imu01,fusion_usb_step4_20260819,1193,29624618,639151367741753
639151390000000,29644,-0.474,1.06,-0.212,-178.95,98.83,-67.69,1,imu01,fusion_usb_step4_20260819,1194,29644622,639151387744820
639151421000000,29664,-0.278,-0.087,-0.619,53.68,-8.51,71.22,1,imu01,fusion_usb_step4_20260819,1195,29664618,639151407739886
639151437000000,29684,-0.401,-0.011,-0.938,104.72,-46.97,51.93,1,imu01,fusion_usb_step4_20260819,1196,29684622,639151427742953
639151453000000,29704,-0.395,0.09,-1.028,-60.83,8.26,-40.98,1,imu01,fusion_usb_step4_20260819,1197,29704618,639151447738020
639151484000000,29724,-0.387,0.159,-0.848,-49.73,5.24,-35.82,1,imu01,fusion_usb_step4_20260819,1198,29724622,639151467741086
639151500000000,29744,-0.396,0.162,-1.164,-67.86,16.52,-33.04,1,imu01,fusion_usb_step4_20260819,1199,29744618,639151487736153
639151515000000,29764,-0.358,0.186,-0.844,-12.21,-1.33,-19.45,1,imu01,fusion_usb_step4_20260819,1200,29764622,639151507739220
639151531000000,29784,-0.575,0.175,-0.789,-9.94,-14.48,-12.04,1,imu01,fusion_usb_step4_20260819,1201,29784618,639151527734286
639151562000000,29804,-0.408,0.199,-0.725,1.96,-20.08,-40.1,1,imu01,fusion_usb_step4_20260819,1202,29804622,639151547737353
639151578000000,29824,-0.385,0.035,-0.631,-9.02,-16.75,-33.38,1,imu01,fusion_usb_step4_20260819,1203,29824618,639151567732420
639151593000000,29844,-0.467,0.161,-0.917,40.94,-45.85,11.99,1,imu01,fusion_usb_step4_20260819,1204,29844622,639151587735486
639151609000000,29864,-0.365,0.19,-0.882,-27.02,-41.99,-19.06,1,imu01,fusion_usb_step4_20260819,1205,29864618,639151607730553
639151640000000,29884,-0.681,0.202,-0.816,-39.83,-78.51,-18.49,1,imu01,fusion_usb_step4_20260819,1206,29884622,639151627733620
639151656000000,29904,-1.142,0.16,-0.972,-128.98,-96.48,-51.12,1,imu01,fusion_usb_step4_20260819,1207,29904618,639151647728686
639151671000000,29924,-0.382,0.399,-1.039,-196.67,-90.8,-81.53,1,imu01,fusion_usb_step4_20260819,1208,29924622,639151667731753
639151703000000,29944,-0.764,0.129,-0.879,-87.26,-115.8,11.44,1,imu01,fusion_usb_step4_20260819,1209,29944618,639151687726820
639151718000000,29964,-0.634,0.235,-0.803,-145.47,-118.17,14.9,1,imu01,fusion_usb_step4_20260819,1210,29964622,639151707729886
639151734000000,29984,-0.652,1.05,-1.252,-113.08,-94.03,-1.11,1,imu01,fusion_usb_step4_20260819,1211,29984618,639151727724953
639151750000000,30004,-0.564,0.061,-0.716,74.26,-3.91,80.65,1,imu01,fusion_usb_step4_20260819,1212,30004622,639151747728020
639151781000000,30024,-0.811,0.265,-0.484,45.29,33.94,57.34,1,imu01,fusion_usb_step4_20260819,1213,30024618,639151767723086
639151796000000,30044,0.117,-0.281,-0.859,18.75,-27.67,26.88,1,imu01,fusion_usb_step4_20260819,1214,30044622,639151787726153
639151812000000,30064,-0.495,1.009,-0.983,-226.41,-134.07,47.85,1,imu01,fusion_usb_step4_20260819,1215,30064618,639151807721220
639151843000000,30084,-0.629,0.207,-1.419,-92.1,-145.69,145.41,1,imu01,fusion_usb_step4_20260819,1216,30084622,639151827724286
639151859000000,30104,-0.577,0.37,-0.521,-21.63,35.47,2.26,1,imu01,fusion_usb_step4_20260819,1217,30104618,639151847719353
639151875000000,30124,-0.567,0.511,-0.622,-8.17,42.24,41.51,1,imu01,fusion_usb_step4_20260819,1218,30124621,639151867721420
639151890000000,30144,-0.601,0.339,-0.838,-19.36,20.03,51.64,1,imu01,fusion_usb_step4_20260819,1219,30144618,639151887717486
639151921000000,30164,-0.605,0.443,-0.658,15.68,64.74,42.12,1,imu01,fusion_usb_step4_20260819,1220,30164622,639151907720553
639151937000000,30184,-0.575,0.32,-0.463,21.79,95.87,36.71,1,imu01,fusion_usb_step4_20260819,1221,30184618,639151927715620
639151953000000,30204,-0.539,0.654,-0.666,24.02,80.26,16.92,1,imu01,fusion_usb_step4_20260819,1222,30204622,639151947718686
639151968000000,30224,-0.587,0.69,-0.86,12.53,57.07,40.17,1,imu01,fusion_usb_step4_20260819,1223,30224618,639151967713753
639152000000000,30244,-0.576,0.607,-0.95,-2.6,66.08,42.25,1,imu01,fusion_usb_step4_20260819,1224,30244622,639151987716819
639152015000000,30264,-0.507,0.464,-0.872,-31.44,90.29,30.61,1,imu01,fusion_usb_step4_20260819,1225,30264618,639152007711886
639152031000000,30284,-0.453,0.673,-0.884,-15.74,91.42,30.69,1,imu01,fusion_usb_step4_20260819,1226,30284622,639152027714953
639152062000000,30304,-0.54,0.668,-1.154,-15.71,61.94,48.23,1,imu01,fusion_usb_step4_20260819,1227,30304618,639152047710020
639152078000000,30324,-0.361,0.704,-0.692,-3.19,99.98,62.27,1,imu01,fusion_usb_step4_20260819,1228,30324622,639152067713086
639152093000000,30344,-0.307,0.494,-0.966,-13.06,74.38,61.39,1,imu01,fusion_usb_step4_20260819,1229,30344618,639152087708153
639152109000000,30364,-0.301,0.513,-1.477,22.17,55.46,68.41,1,imu01,fusion_usb_step4_20260819,1230,30364622,639152107711219
639152140000000,30384,-0.282,0.637,-1.052,41.33,156.75,64.41,1,imu01,fusion_usb_step4_20260819,1231,30384618,639152127706286
639152156000000,30404,-0.243,0.26,-0.498,62.03,204.71,81.46,1,imu01,fusion_usb_step4_20260819,1232,30404622,639152147709353
639152171000000,30424,-0.247,0.132,-0.746,34.57,133.33,61.41,1,imu01,fusion_usb_step4_20260819,1233,30424618,639152167704420
639152203000000,30444,-0.053,0.268,-1.139,11.11,99.67,23.52,1,imu01,fusion_usb_step4_20260819,1234,30444622,639152187707486
639152218000000,30464,0.028,0.31,-0.8,43.79,143.78,1.02,1,imu01,fusion_usb_step4_20260819,1235,30464618,639152207702553
639152234000000,30484,0.066,0.395,-0.657,48.51,134.81,-2.69,1,imu01,fusion_usb_step4_20260819,1236,30484622,639152227705619
639152250000000,30504,0.082,0.439,-0.849,20.18,86.55,-1.82,1,imu01,fusion_usb_step4_20260819,1237,30504618,639152247700686
639152281000000,30524,0.052,0.432,-0.644,37.91,79.45,3.79,1,imu01,fusion_usb_step4_20260819,1238,30524622,639152267703753
639152296000000,30544,0.006,0.404,-0.66,0.29,58.43,2.45,1,imu01,fusion_usb_step4_20260819,1239,30544618,639152287698820
639152312000000,30564,0.003,0.38,-0.79,-46.56,39.95,1.59,1,imu01,fusion_usb_step4_20260819,1240,30564622,639152307701886
639152343000000,30584,0.069,0.568,-0.847,-15.57,36.86,-4.78,1,imu01,fusion_usb_step4_20260819,1241,30584618,639152327696953
639152359000000,30604,0.097,0.531,-0.937,-3.34,42.67,5.57,1,imu01,fusion_usb_step4_20260819,1242,30604622,639152347700019
639152375000000,30624,0.097,0.514,-0.629,22.49,66.81,14.8,1,imu01,fusion_usb_step4_20260819,1243,30624618,639152367695086
639152390000000,30644,0.068,0.508,-0.632,5.69,45.52,13.7,1,imu01,fusion_usb_step4_20260819,1244,30644622,639152387698153
639152421000000,30664,0.074,0.541,-0.888,-45.54,8.58,8.81,1,imu01,fusion_usb_step4_20260819,1245,30664618,639152407693219
639152437000000,30684,0.146,0.497,-0.734,-35.8,21.13,10.38,1,imu01,fusion_usb_step4_20260819,1246,30684622,639152427696286
639152453000000,30704,0.073,0.519,-0.584,-38.92,18.95,5.82,1,imu01,fusion_usb_step4_20260819,1247,30704618,639152447691353
639152468000000,30724,0.023,0.554,-0.417,-48.01,3.63,1.54,1,imu01,fusion_usb_step4_20260819,1248,30724622,639152467694419
639152500000000,30744,0.002,0.625,-0.476,-59.54,-22.61,-0.09,1,imu01,fusion_usb_step4_20260819,1249,30744618,639152487689486
639152515000000,30764,0.005,0.774,-0.945,-66.88,-56.57,4.27,1,imu01,fusion_usb_step4_20260819,1250,30764622,639152507692552
639152531000000,30784,0.02,0.774,-0.99,-39.51,-31.25,21.36,1,imu01,fusion_usb_step4_20260819,1251,30784618,639152527687619
639152562000000,30804,0.053,0.748,-0.645,-9.57,16.15,38.01,1,imu01,fusion_usb_step4_20260819,1252,30804622,639152547690686
639152578000000,30824,0.085,0.586,-0.653,-30.8,5.29,44.77,1,imu01,fusion_usb_step4_20260819,1253,30824618,639152567685753
639152593000000,30844,0.132,0.61,-0.935,-60.83,-18.76,36.56,1,imu01,fusion_usb_step4_20260819,1254,30844622,639152587688819
639152609000000,30864,0.145,0.58,-0.862,-18.57,15.09,30.44,1,imu01,fusion_usb_step4_20260819,1255,30864618,639152607683886
639152640000000,30884,0.185,0.559,-0.676,17.11,44.24,26.21,1,imu01,fusion_usb_step4_20260819,1256,30884622,639152627686952
639152656000000,30904,0.201,0.495,-0.583,5.16,41.27,17.89,1,imu01,fusion_usb_step4_20260819,1257,30904618,639152647682019
639152671000000,30924,0.224,0.511,-0.668,-6.36,24.32,8.33,1,imu01,fusion_usb_step4_20260819,1258,30924622,639152667685086
639152703000000,30944,0.253,0.627,-0.72,-4.08,19.94,2.3,1,imu01,fusion_usb_step4_20260819,1259,30944618,639152687680153
639152718000000,30964,0.302,0.61,-0.79,-11.89,14.0,4.73,1,imu01,fusion_usb_step4_20260819,1260,30964622,639152707683219
639152734000000,30984,0.356,0.626,-0.898,-41.34,5.02,0.28,1,imu01,fusion_usb_step4_20260819,1261,30984618,639152727678286
639152750000000,31004,0.385,0.761,-0.871,-36.8,19.22,3.15,1,imu01,fusion_usb_step4_20260819,1262,31004622,639152747681352
639152781000000,31024,0.391,0.613,-0.572,-17.6,46.81,21.95,1,imu01,fusion_usb_step4_20260819,1263,31024618,639152767676419
639152796000000,31044,0.388,0.432,-0.543,-6.6,39.89,31.41,1,imu01,fusion_usb_step4_20260819,1264,31044622,639152787679486
639152812000000,31064,0.349,0.38,-0.574,-3.25,21.14,16.18,1,imu01,fusion_usb_step4_20260819,1265,31064618,639152807674553
639152843000000,31084,0.302,0.565,-0.713,-25.35,6.12,-14.11,1,imu01,fusion_usb_step4_20260819,1266,31084622,639152827677619
639152859000000,31104,0.275,0.841,-0.86,-36.8,11.6,-30.5,1,imu01,fusion_usb_step4_20260819,1267,31104618,639152847672686
639152875000000,31124,0.27,0.869,-0.853,-31.25,31.8,-22.86,1,imu01,fusion_usb_step4_20260819,1268,31124622,639152867675752
639152890000000,31144,0.264,0.787,-0.599,-6.67,61.09,-8.15,1,imu01,fusion_usb_step4_20260819,1269,31144618,639152887670819
639152921000000,31164,0.259,0.695,-0.553,3.72,62.19,-4.5,1,imu01,fusion_usb_step4_20260819,1270,31164622,639152907673886
639152937000000,31184,0.303,0.725,-0.68,-27.53,47.71,-10.59,1,imu01,fusion_usb_step4_20260819,1271,31184618,639152927668953
639152953000000,31204,0.294,0.79,-0.638,-27.87,58.7,-13.85,1,imu01,fusion_usb_step4_20260819,1272,31204622,639152947672019
639152968000000,31224,0.31,0.683,-0.538,-10.5,69.2,-5.37,1,imu01,fusion_usb_step4_20260819,1273,31224618,639152967667086
639153000000000,31244,0.3,0.524,-0.556,14.52,68.06,-2.36,1,imu01,fusion_usb_step4_20260819,1274,31244622,639152987670152
639153015000000,31264,0.294,0.671,-0.725,5.72,59.44,-21.1,1,imu01,fusion_usb_step4_20260819,1275,31264618,639153007665219
639153031000000,31284,0.313,0.695,-0.655,-0.07,66.1,-31.46,1,imu01,fusion_usb_step4_20260819,1276,31284622,639153027668286
639153062000000,31304,0.278,0.742,-0.81,-5.4,60.65,-32.3,1,imu01,fusion_usb_step4_20260819,1277,31304618,639153047663352
639153078000000,31324,0.209,0.684,-0.572,33.24,94.66,-22.86,1,imu01,fusion_usb_step4_20260819,1278,31324622,639153067666419
639153093000000,31344,0.152,0.475,-0.278,61.88,118.7,-16.47,1,imu01,fusion_usb_step4_20260819,1279,31344618,639153087661486
639153109000000,31364,0.167,0.509,-0.276,66.27,96.75,-26.79,1,imu01,fusion_usb_step4_20260819,1280,31364622,639153107664552
639153140000000,31384,0.173,0.735,-0.446,39.95,63.81,-39.12,1,imu01,fusion_usb_step4_20260819,1281,31384618,639153127659619
639153156000000,31404,0.28,0.945,-0.66,9.47,47.88,-36.46,1,imu01,fusion_usb_step4_20260819,1282,31404622,639153147662686
639153171000000,31424,0.324,0.852,-0.653,34.47,61.49,-10.76,1,imu01,fusion_usb_step4_20260819,1283,31424618,639153167657752
639153187000000,31444,0.319,0.568,-0.533,59.24,68.42,9.62,1,imu01,fusion_usb_step4_20260819,1284,31444622,639153187660819
639153218000000,31464,0.361,0.502,-0.622,21.04,48.28,5.49,1,imu01,fusion_usb_step4_20260819,1285,31464618,639153207655886
639153234000000,31484,0.362,0.593,-0.688,3.59,37.65,-4.23,1,imu01,fusion_usb_step4_20260819,1286,31484622,639153227658952
639153250000000,31504,0.372,0.622,-0.623,13.64,46.0,-5.26,1,imu01,fusion_usb_step4_20260819,1287,31504618,639153247654019
639153281000000,31524,0.359,0.547,-0.441,26.8,55.5,2.58,1,imu01,fusion_usb_step4_20260819,1288,31524622,639153267657086
639153296000000,31544,0.417,0.513,-0.266,24.27,48.1,-0.5,1,imu01,fusion_usb_step4_20260819,1289,31544618,639153287652152
639153312000000,31564,0.454,0.612,-0.456,5.08,16.05,-8.37,1,imu01,fusion_usb_step4_20260819,1290,31564622,639153307655219
639153328000000,31584,0.474,0.692,-0.635,-1.43,2.8,-13.3,1,imu01,fusion_usb_step4_20260819,1291,31584618,639153327650286
639153359000000,31604,0.448,0.641,-0.578,26.32,17.82,-6.12,1,imu01,fusion_usb_step4_20260819,1292,31604622,639153347653352
639153375000000,31624,0.432,0.641,-0.465,30.72,22.36,-10.93,1,imu01,fusion_usb_step4_20260819,1293,31624618,639153367648419
639153390000000,31644,0.384,0.54,-0.569,14.87,2.81,-19.5,1,imu01,fusion_usb_step4_20260819,1294,31644622,639153387651486
639153421000000,31664,0.348,0.73,-0.732,0.09,-10.24,-32.19,1,imu01,fusion_usb_step4_20260819,1295,31664618,639153407646552
639153437000000,31684,0.316,0.892,-0.686,9.54,9.62,-29.74,1,imu01,fusion_usb_step4_20260819,1296,31684622,639153427649619
639153453000000,31704,0.345,0.782,-0.485,21.11,30.52,-12.46,1,imu01,fusion_usb_step4_20260819,1297,31704618,639153447644686
639153468000000,31724,0.396,0.73,-0.421,8.97,26.28,-2.75,1,imu01,fusion_usb_step4_20260819,1298,31724622,639153467647752
639153500000000,31744,0.435,0.676,-0.476,-3.96,5.32,0.71,1,imu01,fusion_usb_step4_20260819,1299,31744618,639153487642819
639153515000000,31764,0.455,0.568,-0.648,-13.22,-11.7,2.02,1,imu01,fusion_usb_step4_20260819,1300,31764622,639153507645886
639153531000000,31784,0.473,0.609,-0.786,-18.61,-8.79,-4.25,1,imu01,fusion_usb_step4_20260819,1301,31784618,639153527640952
639153562000000,31804,0.495,0.672,-0.616,3.04,22.34,-5.06,1,imu01,fusion_usb_step4_20260819,1302,31804622,639153547644019
639153578000000,31824,0.52,0.606,-0.319,18.24,41.68,-1.93,1,imu01,fusion_usb_step4_20260819,1303,31824618,639153567639086
639153593000000,31844,0.553,0.52,-0.314,13.51,17.07,-6.84,1,imu01,fusion_usb_step4_20260819,1304,31844622,639153587642152
639153609000000,31864,0.534,0.578,-0.598,-2.84,-22.63,-21.81,1,imu01,fusion_usb_step4_20260819,1305,31864618,639153607637219
639153640000000,31884,0.53,0.667,-0.86,-11.09,-34.71,-34.56,1,imu01,fusion_usb_step4_20260819,1306,31884622,639153627640286
639153656000000,31904,0.495,0.785,-0.755,8.37,-0.52,-34.74,1,imu01,fusion_usb_step4_20260819,1307,31904618,639153647635352
639153671000000,31924,0.485,0.746,-0.369,31.4,32.68,-23.5,1,imu01,fusion_usb_step4_20260819,1308,31924622,639153667638419
639153703000000,31944,0.519,0.706,-0.435,10.95,6.44,-14.17,1,imu01,fusion_usb_step4_20260819,1309,31944618,639153687633486
639153718000000,31964,0.518,0.679,-0.732,-15.7,-26.5,-10.73,1,imu01,fusion_usb_step4_20260819,1310,31964622,639153707636552
639153734000000,31984,0.511,0.675,-0.835,-6.34,-14.4,-9.54,1,imu01,fusion_usb_step4_20260819,1311,31984618,639153727631619
639153750000000,32004,0.469,0.647,-0.579,15.1,19.05,-8.01,1,imu01,fusion_usb_step4_20260819,1312,32004622,639153747634686
639153781000000,32024,0.435,0.646,-0.381,17.44,26.99,-8.16,1,imu01,fusion_usb_step4_20260819,1313,32024618,639153767629752
639153796000000,32044,0.437,0.618,-0.395,11.5,5.53,-9.92,1,imu01,fusion_usb_step4_20260819,1314,32044622,639153787632819
639153812000000,32064,0.44,0.683,-0.536,-9.73,-19.22,-15.91,1,imu01,fusion_usb_step4_20260819,1315,32064618,639153807627886
639153843000000,32084,0.453,0.777,-0.636,-18.5,-28.38,-20.17,1,imu01,fusion_usb_step4_20260819,1316,32084622,639153827630952
639153859000000,32104,0.429,0.751,-0.591,-17.92,-19.33,-14.65,1,imu01,fusion_usb_step4_20260819,1317,32104618,639153847626019
639153875000000,32124,0.429,0.679,-0.525,-18.96,-12.04,-10.14,1,imu01,fusion_usb_step4_20260819,1318,32124621,639153867628086
639153890000000,32144,0.462,0.635,-0.574,-12.62,-14.76,-9.44,1,imu01,fusion_usb_step4_20260819,1319,32144618,639153887624152
639153921000000,32164,0.47,0.607,-0.608,-13.79,-13.32,-15.22,1,imu01,fusion_usb_step4_20260819,1320,32164622,639153907627219
639153937000000,32184,0.449,0.655,-0.491,-4.9,-3.45,-24.3,1,imu01,fusion_usb_step4_20260819,1321,32184618,639153927622286
639153953000000,32204,0.389,0.75,-0.579,-19.55,-8.72,-29.84,1,imu01,fusion_usb_step4_20260819,1322,32204622,639153947625352
639153968000000,32224,0.389,0.626,-0.436,-6.17,4.87,-26.31,1,imu01,fusion_usb_step4_20260819,1323,32224618,639153967620419
639154000000000,32244,0.399,0.467,-0.418,13.46,4.43,-27.46,1,imu01,fusion_usb_step4_20260819,1324,32244622,639153987623485
639154015000000,32264,0.377,0.678,-0.719,-8.8,-26.48,-49.33,1,imu01,fusion_usb_step4_20260819,1325,32264618,639154007618552
639154031000000,32284,0.36,0.967,-0.772,-22.27,-14.99,-64.68,1,imu01,fusion_usb_step4_20260819,1326,32284622,639154027621619
639154062000000,32304,0.333,0.938,-0.466,43.98,39.15,-39.74,1,imu01,fusion_usb_step4_20260819,1327,32304618,639154047616686
639154078000000,32324,0.409,0.647,-0.32,84.67,40.78,-11.34,1,imu01,fusion_usb_step4_20260819,1328,32324622,639154067619752
639154093000000,32344,0.417,0.503,-0.661,41.68,-6.09,-15.91,1,imu01,fusion_usb_step4_20260819,1329,32344618,639154087614819
639154109000000,32364,0.401,0.769,-0.995,1.58,-23.1,-37.98,1,imu01,fusion_usb_step4_20260819,1330,32364622,639154107617885
639154140000000,32384,0.41,0.728,-0.731,12.37,17.49,-40.64,1,imu01,fusion_usb_step4_20260819,1331,32384618,639154127612952
639154156000000,32404,0.372,0.586,-0.72,13.7,34.83,-37.43,1,imu01,fusion_usb_step4_20260819,1332,32404622,639154147616019
639154171000000,32424,0.327,0.554,-0.531,31.1,54.73,-49.42,1,imu01,fusion_usb_step4_20260819,1333,32424618,639154167611086
639154203000000,32444,0.288,0.598,-0.397,38.98,54.62,-61.95,1,imu01,fusion_usb_step4_20260819,1334,32444622,639154187614152
639154218000000,32464,0.263,0.775,-0.525,21.33,29.71,-71.86,1,imu01,fusion_usb_step4_20260819,1335,32464618,639154207609219
639154234000000,32484,0.252,0.822,-0.736,22.43,18.6,-67.98,1,imu01,fusion_usb_step4_20260819,1336,32484622,639154227612285
639154250000000,32504,0.271,0.837,-0.751,22.18,28.09,-58.88,1,imu01,fusion_usb_step4_20260819,1337,32504618,639154247607352
639154281000000,32524,0.282,0.715,-0.768,26.68,43.25,-51.07,1,imu01,fusion_usb_step4_20260819,1338,32524622,639154267610419
639154296000000,32544,0.258,0.673,-0.652,38.81,54.9,-51.51,1,imu01,fusion_usb_step4_20260819,1339,32544618,639154287605486
639154312000000,32564,0.224,0.717,-0.669,32.34,54.97,-54.52,1,imu01,fusion_usb_step4_20260819,1340,32564622,639154307608552
639154328000000,32584,0.229,0.696,-0.663,37.85,51.39,-53.57,1,imu01,fusion_usb_step4_20260819,1341,32584618,639154327603619
639154359000000,32604,0.226,0.687,-0.687,34.82,45.85,-54.55,1,imu01,fusion_usb_step4_20260819,1342,32604622,639154347606685
639154375000000,32624,0.229,0.711,-0.755,34.38,47.65,-55.71,1,imu01,fusion_usb_step4_20260819,1343,32624618,639154367601752
639154390000000,32644,0.21,0.67,-0.632,41.92,58.16,-53.67,1,imu01,fusion_usb_step4_20260819,1344,32644622,639154387604818
639154421000000,32664,0.214,0.697,-0.671,22.96,47.52,-51.66,1,imu01,fusion_usb_step4_20260819,1345,32664618,639154407599885
639154437000000,32684,0.212,0.664,-0.702,16.36,39.02,-46.55,1,imu01,fusion_usb_step4_20260819,1346,32684622,639154427602952
639154453000000,32704,0.23,0.611,-0.711,20.09,42.87,-44.4,1,imu01,fusion_usb_step4_20260819,1347,32704618,639154447598019
639154468000000,32724,0.228,0.6,-0.788,18.96,41.52,-45.61,1,imu01,fusion_usb_step4_20260819,1348,32724622,639154467601085
639154500000000,32744,0.219,0.661,-0.775,20.71,46.61,-50.55,1,imu01,fusion_usb_step4_20260819,1349,32744618,639154487596152
639154515000000,32764,0.218,0.713,-0.75,24.56,52.41,-49.69,1,imu01,fusion_usb_step4_20260819,1350,32764622,639154507599218
639154531000000,32784,0.207,0.72,-0.738,22.34,53.68,-45.12,1,imu01,fusion_usb_step4_20260819,1351,32784618,639154527594285
639154562000000,32804,0.232,0.707,-0.706,25.23,55.44,-39.43,1,imu01,fusion_usb_step4_20260819,1352,32804622,639154547597352
639154578000000,32824,0.279,0.722,-0.642,24.66,55.62,-36.96,1,imu01,fusion_usb_step4_20260819,1353,32824618,639154567592419
639154593000000,32844,0.295,0.555,-0.769,31.27,47.81,-32.7,1,imu01,fusion_usb_step4_20260819,1354,32844622,639154587595485
639154609000000,32864,0.301,0.621,-0.764,29.83,49.93,-43.0,1,imu01,fusion_usb_step4_20260819,1355,32864618,639154607590552
639154640000000,32884,0.307,0.645,-0.756,23.27,48.25,-46.36,1,imu01,fusion_usb_step4_20260819,1356,32884622,639154627593618
639154656000000,32904,0.3,0.589,-0.721,28.11,50.23,-43.37,1,imu01,fusion_usb_step4_20260819,1357,32904618,639154647588685
639154671000000,32924,0.296,0.663,-0.747,27.09,48.21,-45.33,1,imu01,fusion_usb_step4_20260819,1358,32924622,639154667591752
639154703000000,32944,0.303,0.659,-0.678,28.37,49.27,-42.85,1,imu01,fusion_usb_step4_20260819,1359,32944618,639154687586819
639154718000000,32964,0.335,0.624,-0.701,26.46,44.07,-37.69,1,imu01,fusion_usb_step4_20260819,1360,32964622,639154707589885
639154734000000,32984,0.346,0.535,-0.693,27.55,44.55,-34.8,1,imu01,fusion_usb_step4_20260819,1361,32984618,639154727584952
639154750000000,33004,0.339,0.487,-0.58,39.46,53.43,-39.87,1,imu01,fusion_usb_step4_20260819,1362,33004622,639154747588018
639154781000000,33024,0.323,0.57,-0.623,28.61,39.23,-50.42,1,imu01,fusion_usb_step4_20260819,1363,33024618,639154767583085
639154796000000,33044,0.3,0.668,-0.673,22.42,33.68,-56.05,1,imu01,fusion_usb_step4_20260819,1364,33044622,639154787586152
639154812000000,33064,0.288,0.717,-0.659,28.03,39.12,-51.46,1,imu01,fusion_usb_step4_20260819,1365,33064618,639154807581219
639154828000000,33084,0.3,0.735,-0.599,27.39,36.74,-42.05,1,imu01,fusion_usb_step4_20260819,1366,33084622,639154827584285
639154859000000,33104,0.325,0.713,-0.78,12.46,20.3,-30.47,1,imu01,fusion_usb_step4_20260819,1367,33104618,639154847579352
639154875000000,33124,0.349,0.578,-0.728,23.56,27.66,-21.52,1,imu01,fusion_usb_step4_20260819,1368,33124622,639154867582418
639154890000000,33144,0.37,0.536,-0.77,30.22,27.84,-21.98,1,imu01,fusion_usb_step4_20260819,1369,33144618,639154887577485
639154921000000,33164,0.377,0.588,-0.782,25.82,29.33,-30.21,1,imu01,fusion_usb_step4_20260819,1370,33164622,639154907580552
639154937000000,33184,0.371,0.612,-0.771,32.22,35.6,-32.7,1,imu01,fusion_usb_step4_20260819,1371,33184618,639154927575618
639154953000000,33204,0.346,0.548,-0.64,40.15,43.11,-32.2,1,imu01,fusion_usb_step4_20260819,1372,33204622,639154947578685
639154968000000,33224,0.309,0.559,-0.715,28.2,34.26,-35.2,1,imu01,fusion_usb_step4_20260819,1373,33224618,639154967573752
639155000000000,33244,0.284,0.539,-0.565,31.08,36.71,-38.3,1,imu01,fusion_usb_step4_20260819,1374,33244622,639154987576818
639155015000000,33264,0.266,0.567,-0.62,21.44,22.78,-41.32,1,imu01,fusion_usb_step4_20260819,1375,33264618,639155007571885
639155031000000,33284,0.242,0.664,-0.682,11.71,8.2,-43.01,1,imu01,fusion_usb_step4_20260819,1376,33284622,639155027574952
639155062000000,33304,0.248,0.716,-0.798,20.69,10.55,-34.64,1,imu01,fusion_usb_step4_20260819,1377,33304618,639155047570018
639155078000000,33324,0.281,0.572,-0.72,22.23,16.64,-23.37,1,imu01,fusion_usb_step4_20260819,1378,33324622,639155067573085
639155093000000,33344,0.301,0.527,-0.837,3.46,5.35,-25.15,1,imu01,fusion_usb_step4_20260819,1379,33344618,639155087568152
639155109000000,33364,0.296,0.561,-0.838,21.47,11.81,-27.4,1,imu01,fusion_usb_step4_20260819,1380,33364622,639155107571218
639155140000000,33384,0.278,0.58,-0.788,30.28,19.57,-28.17,1,imu01,fusion_usb_step4_20260819,1381,33384618,639155127566285
639155156000000,33404,0.252,0.558,-0.793,30.19,21.89,-24.23,1,imu01,fusion_usb_step4_20260819,1382,33404622,639155147569352
639155171000000,33424,0.263,0.527,-0.628,39.91,26.13,-22.78,1,imu01,fusion_usb_step4_20260819,1383,33424618,639155167564418
639155203000000,33444,0.247,0.505,-0.799,19.79,1.58,-24.48,1,imu01,fusion_usb_step4_20260819,1384,33444622,639155187567485
639155218000000,33464,0.234,0.468,-0.868,14.4,-3.95,-27.92,1,imu01,fusion_usb_step4_20260819,1385,33464618,639155207562552
639155234000000,33484,0.194,0.517,-0.831,26.11,8.24,-34.73,1,imu01,fusion_usb_step4_20260819,1386,33484622,639155227565618
639155250000000,33504,0.165,0.66,-0.618,25.14,16.87,-40.43,1,imu01,fusion_usb_step4_20260819,1387,33504618,639155247560685
639155281000000,33524,0.165,0.691,-0.799,-10.77,-15.13,-34.52,1,imu01,fusion_usb_step4_20260819,1388,33524622,639155267563752
639155296000000,33544,0.211,0.668,-0.98,-26.99,-25.41,-25.46,1,imu01,fusion_usb_step4_20260819,1389,33544618,639155287558818
639155312000000,33564,0.215,0.633,-0.882,14.43,7.42,-15.04,1,imu01,fusion_usb_step4_20260819,1390,33564622,639155307561885
639155328000000,33584,0.219,0.672,-0.788,22.83,25.04,-10.58,1,imu01,fusion_usb_step4_20260819,1391,33584618,639155327556952
639155359000000,33604,0.248,0.696,-0.737,8.76,20.43,-4.78,1,imu01,fusion_usb_step4_20260819,1392,33604622,639155347560018
639155375000000,33624,0.262,0.553,-0.875,-0.16,4.18,3.04,1,imu01,fusion_usb_step4_20260819,1393,33624618,639155367555085
639155390000000,33644,0.248,0.509,-0.93,10.85,13.2,1.96,1,imu01,fusion_usb_step4_20260819,1394,33644622,639155387558152
639155421000000,33664,0.236,0.503,-0.695,36.55,38.97,-5.48,1,imu01,fusion_usb_step4_20260819,1395,33664618,639155407553218
639155437000000,33684,0.237,0.585,-0.545,29.79,33.24,-13.62,1,imu01,fusion_usb_step4_20260819,1396,33684622,639155427556285
639155453000000,33704,0.224,0.634,-0.734,0.81,-5.66,-11.97,1,imu01,fusion_usb_step4_20260819,1397,33704618,639155447551352
639155468000000,33724,0.237,0.551,-0.912,-5.79,-19.29,-4.23,1,imu01,fusion_usb_step4_20260819,1398,33724622,639155467554418
639155500000000,33744,0.271,0.541,-0.793,-0.96,1.81,-5.22,1,imu01,fusion_usb_step4_20260819,1399,33744618,639155487549485
639155515000000,33764,0.263,0.636,-0.763,-3.38,5.18,-7.14,1,imu01,fusion_usb_step4_20260819,1400,33764622,639155507552552
639155531000000,33784,0.246,0.588,-0.767,3.2,4.96,-2.01,1,imu01,fusion_usb_step4_20260819,1401,33784618,639155527547618
639155562000000,33804,0.261,0.576,-0.601,9.63,14.55,0.11,1,imu01,fusion_usb_step4_20260819,1402,33804622,639155547550685
639155578000000,33824,0.271,0.535,-0.78,-5.26,-0.49,0.99,1,imu01,fusion_usb_step4_20260819,1403,33824618,639155567545752
639155593000000,33844,0.285,0.552,-0.664,0.14,1.94,-2.66,1,imu01,fusion_usb_step4_20260819,1404,33844622,639155587548818
639155609000000,33864,0.283,0.622,-0.831,-10.7,-11.93,-5.3,1,imu01,fusion_usb_step4_20260819,1405,33864618,639155607543885
639155640000000,33884,0.272,0.637,-0.696,-7.15,-4.87,-4.2,1,imu01,fusion_usb_step4_20260819,1406,33884622,639155627546952
639155656000000,33904,0.254,0.553,-0.802,-17.73,-16.59,-1.64,1,imu01,fusion_usb_step4_20260819,1407,33904618,639155647542018
639155671000000,33924,0.234,0.5,-0.974,-20.57,-27.3,-5.5,1,imu01,fusion_usb_step4_20260819,1408,33924622,639155667545085
639155703000000,33944,0.207,0.641,-0.903,4.44,-4.05,-15.52,1,imu01,fusion_usb_step4_20260819,1409,33944618,639155687540152
639155718000000,33964,0.197,0.701,-0.793,20.27,13.08,-11.71,1,imu01,fusion_usb_step4_20260819,1410,33964622,639155707543218
639155734000000,33984,0.212,0.647,-0.812,10.82,9.34,-1.08,1,imu01,fusion_usb_step4_20260819,1411,33984618,639155727538285
639155750000000,34004,0.246,0.605,-0.76,9.91,9.81,6.83,1,imu01,fusion_usb_step4_20260819,1412,34004622,639155747541351
639155781000000,34024,0.253,0.568,-0.752,5.87,4.32,7.69,1,imu01,fusion_usb_step4_20260819,1413,34024618,639155767536418
639155796000000,34044,0.253,0.568,-0.806,-2.18,-2.19,7.04,1,imu01,fusion_usb_step4_20260819,1414,34044622,639155787539485
639155812000000,34064,0.254,0.517,-0.719,4.59,7.48,4.39,1,imu01,fusion_usb_step4_20260819,1415,34064618,639155807534552
639155828000000,34084,0.241,0.581,-0.76,-3.99,-0.49,0.86,1,imu01,fusion_usb_step4_20260819,1416,34084622,639155827537618
639155859000000,34104,0.235,0.656,-0.74,-1.42,1.02,1.95,1,imu01,fusion_usb_step4_20260819,1417,34104618,639155847532685
639155875000000,34124,0.257,0.545,-0.705,17.59,3.99,10.16,1,imu01,fusion_usb_step4_20260819,1418,34124621,639155867534751
639155890000000,34144,0.262,0.471,-0.849,13.7,-2.8,12.05,1,imu01,fusion_usb_step4_20260819,1419,34144618,639155887530818
639155921000000,34164,0.254,0.477,-0.691,24.19,6.72,3.93,1,imu01,fusion_usb_step4_20260819,1420,34164622,639155907533885
639155937000000,34184,0.232,0.521,-0.725,14.46,-3.63,-3.97,1,imu01,fusion_usb_step4_20260819,1421,34184618,639155927528952
639155953000000,34204,0.239,0.616,-0.846,-3.03,-20.22,-10.46,1,imu01,fusion_usb_step4_20260819,1422,34204622,639155947532018
639155968000000,34224,0.225,0.605,-0.837,0.3,-21.71,-7.36,1,imu01,fusion_usb_step4_20260819,1423,34224618,639155967527085
639156000000000,34244,0.216,0.571,-0.823,-1.8,-21.45,-4.47,1,imu01,fusion_usb_step4_20260819,1424,34244622,639155987530151
639156015000000,34264,0.196,0.609,-0.91,-15.86,-28.07,-5.95,1,imu01,fusion_usb_step4_20260819,1425,34264618,639156007525218
639156031000000,34284,0.169,0.678,-0.865,-11.97,-21.32,-4.28,1,imu01,fusion_usb_step4_20260819,1426,34284622,639156027528285
639156062000000,34304,0.174,0.667,-0.79,2.11,-12.36,6.82,1,imu01,fusion_usb_step4_20260819,1427,34304618,639156047523352
639156078000000,34324,0.153,0.585,-0.835,-0.09,-14.08,18.51,1,imu01,fusion_usb_step4_20260819,1428,34324622,639156067526418
639156093000000,34344,0.175,0.541,-0.775,5.04,-10.77,22.73,1,imu01,fusion_usb_step4_20260819,1429,34344618,639156087521485
639156109000000,34364,0.18,0.541,-0.79,-3.41,-17.97,21.38,1,imu01,fusion_usb_step4_20260819,1430,34364622,639156107524551
639156140000000,34384,0.184,0.564,-0.774,-2.45,-18.05,20.15,1,imu01,fusion_usb_step4_20260819,1431,34384618,639156127519618
639156156000000,34404,0.212,0.587,-0.716,0.77,-14.74,22.35,1,imu01,fusion_usb_step4_20260819,1432,34404622,639156147522685
639156171000000,34424,0.209,0.583,-0.623,-1.58,-17.26,25.95,1,imu01,fusion_usb_step4_20260819,1433,34424618,639156167517752
639156203000000,34444,0.224,0.531,-0.736,-18.11,-31.8,29.35,1,imu01,fusion_usb_step4_20260819,1434,34444622,639156187520818
639156218000000,34464,0.236,0.524,-0.76,-6.81,-33.87,29.1,1,imu01,fusion_usb_step4_20260819,1435,34464618,639156207515885
639156234000000,34484,0.218,0.564,-0.845,7.21,-28.69,26.88,1,imu01,fusion_usb_step4_20260819,1436,34484622,639156227518951
639156250000000,34504,0.192,0.637,-0.704,17.3,-16.15,26.73,1,imu01,fusion_usb_step4_20260819,1437,34504618,639156247514018
639156281000000,34524,0.17,0.654,-0.701,3.72,-23.49,32.91,1,imu01,fusion_usb_step4_20260819,1438,34524622,639156267517085
639156296000000,34544,0.162,0.633,-0.818,-11.05,-39.28,41.21,1,imu01,fusion_usb_step4_20260819,1439,34544618,639156287512151
639156312000000,34564,0.179,0.521,-0.733,6.98,-26.33,46.6,1,imu01,fusion_usb_step4_20260819,1440,34564622,639156307515218
639156328000000,34584,0.152,0.529,-0.744,7.19,-24.04,42.05,1,imu01,fusion_usb_step4_20260819,1441,34584618,639156327510285
639156359000000,34604,0.14,0.586,-0.786,0.27,-26.74,32.82,1,imu01,fusion_usb_step4_20260819,1442,34604622,639156347513351
639156375000000,34624,0.131,0.624,-0.724,-1.57,-19.69,28.41,1,imu01,fusion_usb_step4_20260819,1443,34624618,639156367508418
639156390000000,34644,0.122,0.696,-0.59,3.5,-14.16,28.93,1,imu01,fusion_usb_step4_20260819,1444,34644622,639156387511484
639156421000000,34664,0.15,0.573,-0.594,12.62,-33.11,40.78,1,imu01,fusion_usb_step4_20260819,1445,34664618,639156407506551
639156437000000,34684,0.231,0.506,-0.778,10.63,-73.95,46.37,1,imu01,fusion_usb_step4_20260819,1446,34684622,639156427509618
639156453000000,34704,0.268,0.397,-1.172,-11.22,-114.9,48.1,1,imu01,fusion_usb_step4_20260819,1447,34704618,639156447504685
639156468000000,34724,0.262,0.399,-1.119,-21.88,-110.3,34.91,1,imu01,fusion_usb_step4_20260819,1448,34724622,639156467507751
639156500000000,34744,0.213,0.468,-1.479,-35.65,-89.62,20.24,1,imu01,fusion_usb_step4_20260819,1449,34744618,639156487502818
639156515000000,34764,0.148,0.412,-0.957,25.65,5.36,22.38,1,imu01,fusion_usb_step4_20260819,1450,34764622,639156507505884
639156531000000,34784,0.128,0.439,-0.606,57.04,41.59,9.47,1,imu01,fusion_usb_step4_20260819,1451,34784618,639156527500951
639156562000000,34804,0.119,0.427,-0.804,19.89,-2.42,16.38,1,imu01,fusion_usb_step4_20260819,1452,34804622,639156547504018
639156578000000,34824,0.111,0.412,-0.874,25.08,-8.43,16.73,1,imu01,fusion_usb_step4_20260819,1453,34824618,639156567499085
639156593000000,34844,0.1,0.442,-0.697,38.34,8.54,13.78,1,imu01,fusion_usb_step4_20260819,1454,34844622,639156587502151
639156609000000,34864,0.11,0.44,-0.796,1.43,-9.22,14.91,1,imu01,fusion_usb_step4_20260819,1455,34864618,639156607497218
639156640000000,34884,0.131,0.367,-0.945,-17.52,-21.15,18.29,1,imu01,fusion_usb_step4_20260819,1456,34884622,639156627500284
639156656000000,34904,0.146,0.395,-0.798,9.53,-0.45,15.22,1,imu01,fusion_usb_step4_20260819,1457,34904618,639156647495351
639156671000000,34924,0.173,0.362,-0.815,-2.57,-9.59,16.12,1,imu01,fusion_usb_step4_20260819,1458,34924622,639156667498418
639156703000000,34944,0.17,0.439,-0.955,-29.08,-31.31,19.01,1,imu01,fusion_usb_step4_20260819,1459,34944618,639156687493485
639156718000000,34964,0.154,0.446,-0.925,-28.65,-25.76,24.46,1,imu01,fusion_usb_step4_20260819,1460,34964622,639156707496551
639156734000000,34984,0.171,0.451,-0.836,-28.6,-22.38,32.07,1,imu01,fusion_usb_step4_20260819,1461,34984618,639156727491618
639156750000000,35004,0.164,0.433,-0.902,-38.7,-30.76,40.76,1,imu01,fusion_usb_step4_20260819,1462,35004622,639156747494684
639156781000000,35024,0.191,0.384,-0.935,-41.17,-32.96,43.56,1,imu01,fusion_usb_step4_20260819,1463,35024618,639156767489751
639156796000000,35044,0.188,0.408,-0.739,-21.28,-19.9,39.14,1,imu01,fusion_usb_step4_20260819,1464,35044622,639156787492818
639156812000000,35064,0.184,0.393,-0.797,-33.79,-40.61,35.52,1,imu01,fusion_usb_step4_20260819,1465,35064618,639156807487885
639156828000000,35084,0.16,0.394,-0.916,-47.86,-63.7,32.21,1,imu01,fusion_usb_step4_20260819,1466,35084622,639156827490951
639156859000000,35104,0.136,0.435,-0.944,-38.12,-62.69,27.88,1,imu01,fusion_usb_step4_20260819,1467,35104618,639156847486018
639156875000000,35124,0.16,0.421,-1.012,-30.25,-64.87,28.76,1,imu01,fusion_usb_step4_20260819,1468,35124622,639156867489084
639156890000000,35144,0.155,0.453,-0.956,-21.68,-51.7,26.67,1,imu01,fusion_usb_step4_20260819,1469,35144618,639156887484151
639156921000000,35164,0.164,0.435,-0.736,-7.03,-34.71,19.46,1,imu01,fusion_usb_step4_20260819,1470,35164622,639156907487218
639156937000000,35184,0.156,0.413,-0.623,-14.83,-41.58,9.86,1,imu01,fusion_usb_step4_20260819,1471,35184618,639156927482284
639156953000000,35204,0.056,0.603,-0.73,-27.25,-62.91,-0.24,1,imu01,fusion_usb_step4_20260819,1472,35204622,639156947485351
639156968000000,35224,0.029,0.558,-0.911,-25.24,-71.46,7.05,1,imu01,fusion_usb_step4_20260819,1473,35224618,639156967480418
639157000000000,35244,0.039,0.502,-0.631,5.31,-36.48,17.71,1,imu01,fusion_usb_step4_20260819,1474,35244622,639156987483484
639157015000000,35264,0.116,0.316,-0.328,18.58,-33.06,19.78,1,imu01,fusion_usb_step4_20260819,1475,35264618,639157007478551
639157031000000,35284,0.125,0.347,-0.641,-20.8,-97.43,-0.84,1,imu01,fusion_usb_step4_20260819,1476,35284622,639157027481618
639157062000000,35304,0.058,0.382,-0.936,-15.95,-120.68,-13.97,1,imu01,fusion_usb_step4_20260819,1477,35304618,639157047476684
639157078000000,35324,0.011,0.621,-0.831,5.43,-87.43,-26.54,1,imu01,fusion_usb_step4_20260819,1478,35324622,639157067479751
639157093000000,35344,-0.053,0.636,-0.857,12.56,-75.03,-10.7,1,imu01,fusion_usb_step4_20260819,1479,35344618,639157087474818
639157109000000,35364,-0.037,0.428,-0.751,38.85,-60.42,12.86,1,imu01,fusion_usb_step4_20260819,1480,35364622,639157107477884
639157140000000,35384,-0.099,0.318,-0.694,43.51,-55.35,6.57,1,imu01,fusion_usb_step4_20260819,1481,35384618,639157127472951
639157156000000,35404,-0.138,0.562,-1.007,24.76,-76.09,-12.79,1,imu01,fusion_usb_step4_20260819,1482,35404622,639157147476018
639157171000000,35424,-0.197,0.398,-0.925,43.95,-48.03,-9.94,1,imu01,fusion_usb_step4_20260819,1483,35424618,639157167471084
639157203000000,35444,-0.254,0.452,-0.765,49.05,-21.19,-24.51,1,imu01,fusion_usb_step4_20260819,1484,35444622,639157187474151
639157218000000,35464,-0.336,0.51,-0.782,35.72,-31.93,-28.59,1,imu01,fusion_usb_step4_20260819,1485,35464618,639157207469218
639157234000000,35484,-0.381,0.622,-0.905,17.61,-54.47,-36.45,1,imu01,fusion_usb_step4_20260819,1486,35484622,639157227472284
639157250000000,35504,-0.39,0.534,-1.107,21.59,-70.94,-27.33,1,imu01,fusion_usb_step4_20260819,1487,35504618,639157247467351
639157281000000,35524,-0.409,0.599,-1.112,24.94,-54.94,-29.43,1,imu01,fusion_usb_step4_20260819,1488,35524622,639157267470418
639157296000000,35544,-0.413,0.781,-1.042,22.25,-37.2,-28.77,1,imu01,fusion_usb_step4_20260819,1489,35544618,639157287465484
639157312000000,35564,-0.408,0.57,-0.982,16.27,-31.48,-8.22,1,imu01,fusion_usb_step4_20260819,1490,35564622,639157307468551
639157343000000,35584,-0.376,0.513,-1.112,11.56,-37.71,-1.48,1,imu01,fusion_usb_step4_20260819,1491,35584618,639157327463618
639157359000000,35604,-0.399,0.577,-1.105,8.14,-25.3,-7.59,1,imu01,fusion_usb_step4_20260819,1492,35604622,639157347466684
639157375000000,35624,-0.402,0.552,-1.002,5.85,-5.19,-4.19,1,imu01,fusion_usb_step4_20260819,1493,35624618,639157367461751
639157390000000,35644,-0.42,0.553,-0.841,-3.58,4.36,-4.24,1,imu01,fusion_usb_step4_20260819,1494,35644622,639157387464818
639157421000000,35664,-0.395,0.591,-0.89,-2.78,-4.74,1.28,1,imu01,fusion_usb_step4_20260819,1495,35664618,639157407459884
639157437000000,35684,-0.405,0.548,-0.837,3.41,0.85,6.24,1,imu01,fusion_usb_step4_20260819,1496,35684622,639157427462951
639157453000000,35704,-0.385,0.546,-0.744,0.54,6.48,9.87,1,imu01,fusion_usb_step4_20260819,1497,35704618,639157447458018
639157468000000,35724,-0.383,0.442,-0.795,-8.88,-4.35,20.52,1,imu01,fusion_usb_step4_20260819,1498,35724622,639157467461084
639157500000000,35744,-0.393,0.415,-0.807,-13.2,-4.9,17.36,1,imu01,fusion_usb_step4_20260819,1499,35744618,639157487456151
639157515000000,35764,-0.368,0.441,-0.717,-1.01,3.46,9.06,1,imu01,fusion_usb_step4_20260819,1500,35764622,639157507459218
639157531000000,35784,-0.347,0.481,-0.863,-7.44,-13.0,3.56,1,imu01,fusion_usb_step4_20260819,1501,35784618,639157527454284
639157562000000,35804,-0.343,0.526,-0.855,-10.31,-8.87,1.14,1,imu01,fusion_usb_step4_20260819,1502,35804622,639157547457351
639157578000000,35824,-0.322,0.533,-0.837,-7.09,-0.19,4.02,1,imu01,fusion_usb_step4_20260819,1503,35824618,639157567452418
639157593000000,35844,-0.312,0.526,-0.879,-13.44,-1.5,10.65,1,imu01,fusion_usb_step4_20260819,1504,35844622,639157587455484
639157609000000,35864,-0.322,0.532,-0.782,-12.64,8.07,14.44,1,imu01,fusion_usb_step4_20260819,1505,35864618,639157607450551
639157640000000,35884,-0.301,0.525,-0.778,-7.86,7.82,17.79,1,imu01,fusion_usb_step4_20260819,1506,35884622,639157627453618
639157656000000,35904,-0.293,0.432,-0.798,-13.94,3.97,22.7,1,imu01,fusion_usb_step4_20260819,1507,35904618,639157647448684
639157671000000,35924,-0.301,0.458,-0.796,-17.73,3.45,18.12,1,imu01,fusion_usb_step4_20260819,1508,35924622,639157667451751
639157703000000,35944,-0.334,0.541,-0.723,-12.31,8.91,12.66,1,imu01,fusion_usb_step4_20260819,1509,35944618,639157687446818
639157718000000,35964,-0.367,0.671,-0.705,-17.47,2.68,13.81,1,imu01,fusion_usb_step4_20260819,1510,35964622,639157707449884
639157734000000,35984,-0.404,0.629,-0.756,-28.23,-7.78,33.11,1,imu01,fusion_usb_step4_20260819,1511,35984618,639157727444951
639157750000000,36004,-0.397,0.455,-0.675,-21.59,-5.91,50.4,1,imu01,fusion_usb_step4_20260819,1512,36004622,639157747448017
639157781000000,36024,-0.333,0.364,-0.751,-11.23,-16.13,51.31,1,imu01,fusion_usb_step4_20260819,1513,36024618,639157767443084
639157796000000,36044,-0.278,0.57,-0.825,-9.69,-23.16,34.44,1,imu01,fusion_usb_step4_20260819,1514,36044622,639157787446151
639157812000000,36064,-0.294,0.696,-0.671,-9.19,-10.73,33.12,1,imu01,fusion_usb_step4_20260819,1515,36064618,639157807441218
639157843000000,36084,-0.332,0.697,-0.684,-16.44,-22.73,52.79,1,imu01,fusion_usb_step4_20260819,1516,36084622,639157827444284
639157859000000,36104,-0.322,0.453,-0.744,-12.51,-36.92,73.71,1,imu01,fusion_usb_step4_20260819,1517,36104618,639157847439351
639157875000000,36124,-0.295,0.491,-0.763,-0.99,-40.71,70.77,1,imu01,fusion_usb_step4_20260819,1518,36124621,639157867441417
639157890000000,36144,-0.267,0.514,-0.744,4.34,-41.84,65.75,1,imu01,fusion_usb_step4_20260819,1519,36144618,639157887437484
639157921000000,36164,-0.263,0.56,-0.799,4.95,-50.8,66.96,1,imu01,fusion_usb_step4_20260819,1520,36164622,639157907440551
639157937000000,36184,-0.248,0.633,-0.77,6.5,-48.65,71.62,1,imu01,fusion_usb_step4_20260819,1521,36184618,639157927435618
639157953000000,36204,-0.215,0.487,-0.829,8.62,-54.92,83.5,1,imu01,fusion_usb_step4_20260819,1522,36204622,639157947438684
639157968000000,36224,-0.2,0.491,-0.905,9.43,-57.16,81.02,1,imu01,fusion_usb_step4_20260819,1523,36224618,639157967433751
639158000000000,36244,-0.209,0.611,-0.789,16.56,-45.39,68.04,1,imu01,fusion_usb_step4_20260819,1524,36244622,639157987436817
639158015000000,36264,-0.236,0.606,-0.773,16.79,-52.1,66.91,1,imu01,fusion_usb_step4_20260819,1525,36264618,639158007431884
639158031000000,36284,-0.257,0.642,-0.81,12.63,-59.13,69.39,1,imu01,fusion_usb_step4_20260819,1526,36284622,639158027434951
639158062000000,36304,-0.252,0.57,-0.678,16.44,-54.74,73.18,1,imu01,fusion_usb_step4_20260819,1527,36304618,639158047430018
639158078000000,36324,-0.25,0.458,-0.873,9.73,-74.65,76.96,1,imu01,fusion_usb_step4_20260819,1528,36324622,639158067433084
639158093000000,36344,-0.26,0.546,-0.923,15.69,-69.31,63.42,1,imu01,fusion_usb_step4_20260819,1529,36344618,639158087428151
639158109000000,36364,-0.267,0.665,-0.657,40.46,-43.09,55.64,1,imu01,fusion_usb_step4_20260819,1530,36364622,639158107431217
639158140000000,36384,-0.283,0.732,-0.749,32.04,-62.64,61.29,1,imu01,fusion_usb_step4_20260819,1531,36384618,639158127426284
639158156000000,36404,-0.28,0.718,-0.986,12.62,-80.6,72.22,1,imu01,fusion_usb_step4_20260819,1532,36404622,639158147429351
639158171000000,36424,-0.25,0.607,-0.881,20.37,-48.33,82.98,1,imu01,fusion_usb_step4_20260819,1533,36424618,639158167424418
639158203000000,36444,-0.218,0.537,-0.578,29.97,-12.68,84.23,1,imu01,fusion_usb_step4_20260819,1534,36444622,639158187427484
639158218000000,36464,-0.219,0.427,-0.581,17.1,-23.04,80.47,1,imu01,fusion_usb_step4_20260819,1535,36464618,639158207422551
639158234000000,36484,-0.219,0.465,-0.605,13.86,-34.76,61.57,1,imu01,fusion_usb_step4_20260819,1536,36484622,639158227425617
639158250000000,36504,-0.228,0.651,-0.549,15.82,-35.58,42.01,1,imu01,fusion_usb_step4_20260819,1537,36504618,639158247420684
639158281000000,36524,-0.279,0.691,-0.681,2.62,-54.42,43.47,1,imu01,fusion_usb_step4_20260819,1538,36524622,639158267423750
639158296000000,36544,-0.323,0.67,-0.847,-9.88,-69.28,49.89,1,imu01,fusion_usb_step4_20260819,1539,36544618,639158287418817
639158312000000,36564,-0.334,0.745,-0.878,-4.41,-59.59,50.9,1,imu01,fusion_usb_step4_20260819,1540,36564622,639158307421884
639158328000000,36584,-0.328,0.712,-0.866,-0.9,-51.89,57.96,1,imu01,fusion_usb_step4_20260819,1541,36584618,639158327416951
639158359000000,36604,-0.32,0.724,-0.905,-6.63,-51.51,66.49,1,imu01,fusion_usb_step4_20260819,1542,36604622,639158347420017
639158375000000,36624,-0.291,0.637,-0.799,-3.86,-38.89,74.74,1,imu01,fusion_usb_step4_20260819,1543,36624618,639158367415084
639158390000000,36644,-0.261,0.608,-0.746,-2.48,-34.71,76.26,1,imu01,fusion_usb_step4_20260819,1544,36644622,639158387418150
639158421000000,36664,-0.222,0.595,-0.767,-5.99,-41.86,71.87,1,imu01,fusion_usb_step4_20260819,1545,36664618,639158407413217
639158437000000,36684,-0.203,0.612,-0.793,-6.27,-39.67,64.2,1,imu01,fusion_usb_step4_20260819,1546,36684622,639158427416284
639158453000000,36704,-0.185,0.611,-0.7,-2.79,-27.77,58.57,1,imu01,fusion_usb_step4_20260819,1547,36704618,639158447411351
639158468000000,36724,-0.17,0.653,-0.695,-6.21,-25.09,55.18,1,imu01,fusion_usb_step4_20260819,1548,36724622,639158467414417
639158500000000,36744,-0.156,0.604,-0.749,-12.73,-31.34,54.59,1,imu01,fusion_usb_step4_20260819,1549,36744618,639158487409484
639158515000000,36764,-0.155,0.521,-0.623,-8.63,-20.83,52.21,1,imu01,fusion_usb_step4_20260819,1550,36764622,639158507412550
639158531000000,36784,-0.167,0.601,-0.677,-10.13,-26.35,35.99,1,imu01,fusion_usb_step4_20260819,1551,36784618,639158527407617
639158562000000,36804,-0.182,0.706,-0.771,-10.63,-34.14,26.28,1,imu01,fusion_usb_step4_20260819,1552,36804622,639158547410684
639158578000000,36824,-0.177,0.777,-0.681,-1.6,-16.65,26.34,1,imu01,fusion_usb_step4_20260819,1553,36824618,639158567405751
639158593000000,36844,-0.175,0.663,-0.602,-2.02,-9.13,37.33,1,imu01,fusion_usb_step4_20260819,1554,36844622,639158587408817
639158609000000,36864,-0.158,0.552,-0.658,-4.29,-19.17,43.47,1,imu01,fusion_usb_step4_20260819,1555,36864618,639158607403884
639158640000000,36884,-0.172,0.753,-0.697,-9.17,-20.6,26.1,1,imu01,fusion_usb_step4_20260819,1556,36884622,639158627406950
639158656000000,36904,-0.171,0.618,-0.564,2.2,-6.65,34.54,1,imu01,fusion_usb_step4_20260819,1557,36904618,639158647402017
639158671000000,36924,-0.117,0.56,-0.553,10.97,-15.52,38.72,1,imu01,fusion_usb_step4_20260819,1558,36924622,639158667405084
639158703000000,36944,-0.115,0.658,-0.714,0.93,-38.11,23.67,1,imu01,fusion_usb_step4_20260819,1559,36944618,639158687400151
639158718000000,36964,-0.129,0.724,-0.834,-6.5,-45.39,14.36,1,imu01,fusion_usb_step4_20260819,1560,36964622,639158707403217
639158734000000,36984,-0.145,0.782,-0.81,-2.73,-30.84,15.4,1,imu01,fusion_usb_step4_20260819,1561,36984618,639158727398284
639158750000000,37004,-0.179,0.796,-0.751,-0.67,-16.48,19.67,1,imu01,fusion_usb_step4_20260819,1562,37004622,639158747401350
639158781000000,37024,-0.172,0.767,-0.712,-2.68,-9.24,29.65,1,imu01,fusion_usb_step4_20260819,1563,37024618,639158767396417
639158796000000,37044,-0.146,0.685,-0.58,8.15,0.66,39.31,1,imu01,fusion_usb_step4_20260819,1564,37044622,639158787399484
639158812000000,37064,-0.137,0.687,-0.517,3.32,-3.85,39.52,1,imu01,fusion_usb_step4_20260819,1565,37064618,639158807394550
639158828000000,37084,-0.133,0.634,-0.616,-5.6,-21.83,39.76,1,imu01,fusion_usb_step4_20260819,1566,37084622,639158827397617
639158859000000,37104,-0.113,0.73,-0.704,-5.03,-27.27,31.31,1,imu01,fusion_usb_step4_20260819,1567,37104618,639158847392684
639158875000000,37124,-0.109,0.755,-0.614,6.82,-15.4,31.15,1,imu01,fusion_usb_step4_20260819,1568,37124622,639158867395750
639158890000000,37144,-0.113,0.76,-0.633,4.61,-18.8,34.29,1,imu01,fusion_usb_step4_20260819,1569,37144618,639158887390817
639158921000000,37164,-0.121,0.827,-0.718,-1.44,-28.62,37.06,1,imu01,fusion_usb_step4_20260819,1570,37164622,639158907393884
639158937000000,37184,-0.034,0.792,-0.731,7.75,-23.2,46.57,1,imu01,fusion_usb_step4_20260819,1571,37184618,639158927388950
639158953000000,37204,-0.07,0.7,-0.819,6.03,-22.87,50.41,1,imu01,fusion_usb_step4_20260819,1572,37204622,639158947392017
639158968000000,37224,-0.078,0.766,-0.713,8.66,-13.0,38.54,1,imu01,fusion_usb_step4_20260819,1573,37224618,639158967387084
639159000000000,37244,-0.096,0.83,-0.704,5.36,-12.71,33.55,1,imu01,fusion_usb_step4_20260819,1574,37244622,639158987390150
639159015000000,37264,-0.099,0.761,-0.747,5.08,-14.81,38.12,1,imu01,fusion_usb_step4_20260819,1575,37264618,639159007385217
639159031000000,37284,-0.101,0.813,-0.637,9.61,-4.63,37.51,1,imu01,fusion_usb_step4_20260819,1576,37284622,639159027388284
639159062000000,37304,-0.085,0.808,-0.523,15.18,1.23,43.54,1,imu01,fusion_usb_step4_20260819,1577,37304618,639159047383350
639159078000000,37324,-0.072,0.64,-0.625,8.22,-16.5,54.12,1,imu01,fusion_usb_step4_20260819,1578,37324622,639159067386417
639159093000000,37344,-0.062,0.65,-0.679,5.25,-21.32,49.28,1,imu01,fusion_usb_step4_20260819,1579,37344618,639159087381484
639159109000000,37364,-0.061,0.749,-0.627,10.54,-16.51,42.4,1,imu01,fusion_usb_step4_20260819,1580,37364622,639159107384550
639159140000000,37384,-0.069,0.736,-0.641,10.07,-20.45,47.63,1,imu01,fusion_usb_step4_20260819,1581,37384618,639159127379617
639159156000000,37404,-0.049,0.694,-0.717,7.91,-26.77,55.7,1,imu01,fusion_usb_step4_20260819,1582,37404622,639159147382684
639159171000000,37424,-0.014,0.655,-0.731,14.85,-24.81,61.22,1,imu01,fusion_usb_step4_20260819,1583,37424618,639159167377750
639159203000000,37444,0.009,0.624,-0.716,19.98,-24.61,58.86,1,imu01,fusion_usb_step4_20260819,1584,37444622,639159187380817
639159218000000,37464,0.026,0.684,-0.866,5.42,-34.64,48.64,1,imu01,fusion_usb_step4_20260819,1585,37464618,639159207375884
639159234000000,37484,0.021,0.745,-0.857,3.24,-25.61,42.05,1,imu01,fusion_usb_step4_20260819,1586,37484622,639159227378950
639159250000000,37504,0.011,0.691,-0.703,15.31,-5.51,44.41,1,imu01,fusion_usb_step4_20260819,1587,37504618,639159247374017
639159281000000,37524,-0.006,0.634,-0.673,15.09,-6.36,45.57,1,imu01,fusion_usb_step4_20260819,1588,37524622,639159267377084
639159296000000,37544,0.007,0.64,-0.673,9.38,-8.37,40.58,1,imu01,fusion_usb_step4_20260819,1589,37544618,639159287372150
639159312000000,37564,0.016,0.614,-0.58,15.02,-4.44,36.31,1,imu01,fusion_usb_step4_20260819,1590,37564622,639159307375217
639159328000000,37584,0.019,0.658,-0.638,6.2,-16.32,32.7,1,imu01,fusion_usb_step4_20260819,1591,37584618,639159327370284
639159359000000,37604,0.032,0.671,-0.762,-0.7,-26.68,32.36,1,imu01,fusion_usb_step4_20260819,1592,37604622,639159347373350
639159375000000,37624,0.053,0.658,-0.701,6.83,-17.67,31.75,1,imu01,fusion_usb_step4_20260819,1593,37624618,639159367368417
639159390000000,37644,0.056,0.701,-0.773,3.82,-21.77,33.37,1,imu01,fusion_usb_step4_20260819,1594,37644622,639159387371484
639159421000000,37664,0.079,0.643,-0.813,3.94,-21.64,35.8,1,imu01,fusion_usb_step4_20260819,1595,37664618,639159407366550
639159437000000,37684,0.091,0.612,-0.845,6.58,-17.44,34.39,1,imu01,fusion_usb_step4_20260819,1596,37684622,639159427369617
639159453000000,37704,0.086,0.659,-0.831,7.48,-10.36,25.61,1,imu01,fusion_usb_step4_20260819,1597,37704618,639159447364684
639159468000000,37724,0.079,0.676,-0.816,5.98,-3.77,19.12,1,imu01,fusion_usb_step4_20260819,1598,37724622,639159467367750
639159500000000,37744,0.065,0.645,-0.739,9.62,2.9,16.69,1,imu01,fusion_usb_step4_20260819,1599,37744618,639159487362817
639159515000000,37764,0.09,0.852,-0.643,28.55,1.05,2.23,1,imu01,fusion_usb_step4_20260819,1600,37764622,639159507365884
639159531000000,37784,0.009,0.599,-0.696,-3.24,-2.19,15.7,1,imu01,fusion_usb_step4_20260819,1601,37784618,639159527360950
639159562000000,37804,0.041,0.659,-0.57,8.83,7.46,12.45,1,imu01,fusion_usb_step4_20260819,1602,37804622,639159547364017
639159578000000,37824,0.06,0.673,-0.798,-8.01,-16.94,12.44,1,imu01,fusion_usb_step4_20260819,1603,37824618,639159567359084
639159593000000,37844,0.065,0.616,-0.705,-3.68,-6.87,11.71,1,imu01,fusion_usb_step4_20260819,1604,37844622,639159587362150
639159609000000,37864,0.075,0.611,-0.697,-2.86,-10.14,9.11,1,imu01,fusion_usb_step4_20260819,1605,37864618,639159607357217
639159640000000,37884,0.084,0.691,-0.911,-30.45,-23.82,1.47,1,imu01,fusion_usb_step4_20260819,1606,37884622,639159627360283
639159656000000,37904,0.065,0.672,-0.825,-11.22,-3.92,2.89,1,imu01,fusion_usb_step4_20260819,1607,37904618,639159647355350
639159671000000,37924,0.058,0.652,-0.713,-1.03,9.55,3.37,1,imu01,fusion_usb_step4_20260819,1608,37924622,639159667358417
639159687000000,37944,0.068,0.629,-0.578,11.91,12.83,6.96,1,imu01,fusion_usb_step4_20260819,1609,37944618,639159687353484
639159718000000,37964,0.079,0.623,-0.777,-4.75,-9.81,6.57,1,imu01,fusion_usb_step4_20260819,1610,37964622,639159707356550
639159734000000,37984,0.072,0.683,-0.788,-2.71,-8.31,0.96,1,imu01,fusion_usb_step4_20260819,1611,37984618,639159727351617
639159750000000,38004,0.064,0.68,-0.657,12.81,6.09,-1.98,1,imu01,fusion_usb_step4_20260819,1612,38004622,639159747354683
639159781000000,38024,0.074,0.72,-0.721,15.09,-2.28,-2.26,1,imu01,fusion_usb_step4_20260819,1613,38024618,639159767349750
639159796000000,38044,0.073,0.672,-0.779,1.4,-1.95,4.1,1,imu01,fusion_usb_step4_20260819,1614,38044622,639159787352817
639159812000000,38064,0.086,0.629,-0.595,14.27,17.29,7.65,1,imu01,fusion_usb_step4_20260819,1615,38064618,639159807347884
639159828000000,38084,0.095,0.612,-0.737,1.17,0.75,4.96,1,imu01,fusion_usb_step4_20260819,1616,38084622,639159827350950
639159859000000,38104,0.105,0.635,-0.755,2.73,-0.0,-2.33,1,imu01,fusion_usb_step4_20260819,1617,38104618,639159847346017
639159875000000,38124,0.109,0.636,-0.706,9.33,5.23,-8.46,1,imu01,fusion_usb_step4_20260819,1618,38124621,639159867348083
639159890000000,38144,0.1,0.708,-0.854,-0.62,-2.8,-12.31,1,imu01,fusion_usb_step4_20260819,1619,38144618,639159887344150
639159921000000,38164,0.1,0.696,-0.786,4.75,8.7,-12.49,1,imu01,fusion_usb_step4_20260819,1620,38164622,639159907347217
639159937000000,38184,0.098,0.678,-0.794,1.98,11.45,-10.25,1,imu01,fusion_usb_step4_20260819,1621,38184618,639159927342284
639159953000000,38204,0.099,0.661,-0.757,3.56,14.2,-11.98,1,imu01,fusion_usb_step4_20260819,1622,38204622,639159947345350
639159968000000,38224,0.105,0.656,-0.791,4.51,13.07,-14.22,1,imu01,fusion_usb_step4_20260819,1623,38224618,639159967340417
639160000000000,38244,0.14,0.659,-0.803,3.14,13.45,-15.94,1,imu01,fusion_usb_step4_20260819,1624,38244622,639159987343483
639160015000000,38264,0.135,0.667,-0.823,2.06,16.78,-20.41,1,imu01,fusion_usb_step4_20260819,1625,38264618,639160007338550
639160031000000,38284,0.128,0.666,-0.814,3.69,21.99,-26.07,1,imu01,fusion_usb_step4_20260819,1626,38284622,639160027341617
639160062000000,38304,0.119,0.634,-0.721,7.86,29.75,-28.4,1,imu01,fusion_usb_step4_20260819,1627,38304618,639160047336684
639160078000000,38324,0.116,0.696,-0.735,-1.55,24.02,-33.56,1,imu01,fusion_usb_step4_20260819,1628,38324622,639160067339750
639160093000000,38344,0.105,0.712,-0.769,-7.61,19.81,-33.48,1,imu01,fusion_usb_step4_20260819,1629,38344618,639160087334817
639160109000000,38364,0.104,0.652,-0.788,-5.8,22.47,-31.43,1,imu01,fusion_usb_step4_20260819,1630,38364622,639160107337883
639160140000000,38384,0.096,0.673,-0.758,-3.47,27.49,-33.86,1,imu01,fusion_usb_step4_20260819,1631,38384618,639160127332950
639160156000000,38404,0.098,0.705,-0.67,2.36,35.24,-35.03,1,imu01,fusion_usb_step4_20260819,1632,38404622,639160147336017
639160171000000,38424,0.098,0.672,-0.75,-3.05,26.72,-32.8,1,imu01,fusion_usb_step4_20260819,1633,38424618,639160167331083
639160203000000,38444,0.085,0.655,-0.819,-7.32,25.23,-34.62,1,imu01,fusion_usb_step4_20260819,1634,38444622,639160187334150
639160218000000,38464,0.087,0.667,-0.7,3.21,39.7,-38.68,1,imu01,fusion_usb_step4_20260819,1635,38464618,639160207329217
639160234000000,38484,0.082,0.687,-0.787,-6.54,35.74,-38.92,1,imu01,fusion_usb_step4_20260819,1636,38484622,639160227332283
639160250000000,38504,0.081,0.614,-0.725,-2.58,43.2,-37.88,1,imu01,fusion_usb_step4_20260819,1637,38504618,639160247327350
639160281000000,38524,0.077,0.685,-0.671,-0.89,47.68,-42.32,1,imu01,fusion_usb_step4_20260819,1638,38524622,639160267330416
639160296000000,38544,0.057,0.701,-0.762,-10.9,37.93,-40.88,1,imu01,fusion_usb_step4_20260819,1639,38544618,639160287325483
639160312000000,38564,0.062,0.643,-0.683,-0.62,45.68,-36.17,1,imu01,fusion_usb_step4_20260819,1640,38564622,639160307328550
639160328000000,38584,0.054,0.63,-0.695,-0.63,45.45,-35.82,1,imu01,fusion_usb_step4_20260819,1641,38584618,639160327323617
639160359000000,38604,0.053,0.651,-0.672,-0.71,44.4,-39.01,1,imu01,fusion_usb_step4_20260819,1642,38604622,639160347326683
639160375000000,38624,0.052,0.657,-0.627,0.94,43.14,-41.06,1,imu01,fusion_usb_step4_20260819,1643,38624618,639160367321750
639160390000000,38644,0.029,0.72,-0.774,-9.54,29.56,-40.79,1,imu01,fusion_usb_step4_20260819,1644,38644622,639160387324816
639160421000000,38664,0.034,0.72,-0.71,-4.29,37.55,-37.1,1,imu01,fusion_usb_step4_20260819,1645,38664618,639160407319883
639160437000000,38684,0.048,0.687,-0.763,-2.83,38.87,-31.07,1,imu01,fusion_usb_step4_20260819,1646,38684622,639160427322950
639160453000000,38704,0.067,0.661,-0.718,1.01,43.91,-29.33,1,imu01,fusion_usb_step4_20260819,1647,38704618,639160447318017
639160468000000,38724,0.076,0.654,-0.689,3.44,45.57,-29.01,1,imu01,fusion_usb_step4_20260819,1648,38724622,639160467321083
639160500000000,38744,0.079,0.673,-0.642,-1.44,42.75,-30.33,1,imu01,fusion_usb_step4_20260819,1649,38744618,639160487316150
639160515000000,38764,0.083,0.673,-0.711,-4.6,32.23,-32.2,1,imu01,fusion_usb_step4_20260819,1650,38764622,639160507319216
639160531000000,38784,0.065,0.752,-0.784,-7.03,26.13,-36.85,1,imu01,fusion_usb_step4_20260819,1651,38784618,639160527314283
639160562000000,38804,0.07,0.721,-0.702,2.56,35.13,-33.55,1,imu01,fusion_usb_step4_20260819,1652,38804622,639160547317350
639160578000000,38824,0.082,0.715,-0.733,1.38,33.78,-29.24,1,imu01,fusion_usb_step4_20260819,1653,38824618,639160567312417
639160593000000,38844,0.082,0.677,-0.685,1.76,37.49,-27.67,1,imu01,fusion_usb_step4_20260819,1654,38844622,639160587315483
639160609000000,38864,0.088,0.648,-0.669,2.63,36.62,-28.77,1,imu01,fusion_usb_step4_20260819,1655,38864618,639160607310550
639160640000000,38884,0.089,0.727,-0.653,2.5,30.51,-35.53,1,imu01,fusion_usb_step4_20260819,1656,38884622,639160627313616
639160656000000,38904,0.102,0.722,-0.676,1.77,24.35,-34.22,1,imu01,fusion_usb_step4_20260819,1657,38904618,639160647308683
639160671000000,38924,0.109,0.726,-0.717,1.99,18.76,-31.98,1,imu01,fusion_usb_step4_20260819,1658,38924622,639160667311750
639160703000000,38944,0.112,0.713,-0.716,2.3,19.3,-28.62,1,imu01,fusion_usb_step4_20260819,1659,38944618,639160687306817
639160718000000,38964,0.119,0.732,-0.7,-2.28,20.62,-26.03,1,imu01,fusion_usb_step4_20260819,1660,38964622,639160707309883
639160734000000,38984,0.106,0.651,-0.705,-1.74,20.35,-20.88,1,imu01,fusion_usb_step4_20260819,1661,38984618,639160727304950
639160750000000,39004,0.093,0.591,-0.712,2.8,19.68,-21.69,1,imu01,fusion_usb_step4_20260819,1662,39004622,639160747308016
639160781000000,39024,0.068,0.686,-0.714,2.71,16.95,-30.3,1,imu01,fusion_usb_step4_20260819,1663,39024618,639160767303083
639160796000000,39044,0.037,0.779,-0.715,-1.73,15.13,-33.36,1,imu01,fusion_usb_step4_20260819,1664,39044622,639160787306150
639160812000000,39064,0.031,0.758,-0.697,-1.38,17.06,-25.52,1,imu01,fusion_usb_step4_20260819,1665,39064618,639160807301216
639160828000000,39084,0.058,0.665,-0.694,2.56,17.91,-17.94,1,imu01,fusion_usb_step4_20260819,1666,39084622,639160827304283
639160859000000,39104,0.074,0.639,-0.695,4.85,17.91,-19.5,1,imu01,fusion_usb_step4_20260819,1667,39104618,639160847299350
639160875000000,39124,0.066,0.724,-0.638,5.59,20.04,-27.05,1,imu01,fusion_usb_step4_20260819,1668,39124622,639160867302416
639160890000000,39144,0.037,0.762,-0.71,-1.67,12.36,-27.06,1,imu01,fusion_usb_step4_20260819,1669,39144618,639160887297483
639160921000000,39164,0.044,0.703,-0.723,0.35,12.58,-21.76,1,imu01,fusion_usb_step4_20260819,1670,39164622,639160907300550
639160937000000,39184,0.053,0.637,-0.728,4.24,15.67,-18.26,1,imu01,fusion_usb_step4_20260819,1671,39184618,639160927295616
639160953000000,39204,0.058,0.678,-0.749,0.55,16.16,-24.85,1,imu01,fusion_usb_step4_20260819,1672,39204622,639160947298683
639160968000000,39224,0.056,0.693,-0.737,-3.57,19.89,-27.43,1,imu01,fusion_usb_step4_20260819,1673,39224618,639160967293750
639161000000000,39244,0.052,0.656,-0.701,-3.62,26.94,-24.46,1,imu01,fusion_usb_step4_20260819,1674,39244622,639160987296816
639161015000000,39264,0.045,0.7,-0.625,0.3,32.64,-26.46,1,imu01,fusion_usb_step4_20260819,1675,39264618,639161007291883
639161031000000,39284,0.015,0.718,-0.682,-2.09,24.01,-26.11,1,imu01,fusion_usb_step4_20260819,1676,39284622,639161027294950
639161062000000,39304,0.002,0.675,-0.671,2.91,24.76,-23.47,1,imu01,fusion_usb_step4_20260819,1677,39304618,639161047290016
639161078000000,39324,0.009,0.647,-0.654,6.66,27.09,-22.39,1,imu01,fusion_usb_step4_20260819,1678,39324622,639161067293083
639161093000000,39344,-0.003,0.674,-0.722,4.92,20.53,-25.59,1,imu01,fusion_usb_step4_20260819,1679,39344618,639161087288150
639161109000000,39364,-0.018,0.731,-0.733,3.51,19.49,-28.41,1,imu01,fusion_usb_step4_20260819,1680,39364622,639161107291216
639161140000000,39384,0.008,0.714,-0.803,0.33,19.55,-25.24,1,imu01,fusion_usb_step4_20260819,1681,39384618,639161127286283
639161156000000,39404,0.017,0.678,-0.822,3.01,28.15,-23.1,1,imu01,fusion_usb_step4_20260819,1682,39404622,639161147289350
639161171000000,39424,0.018,0.722,-0.692,8.33,45.63,-27.28,1,imu01,fusion_usb_step4_20260819,1683,39424618,639161167284416
639161203000000,39444,0.011,0.709,-0.645,3.57,45.03,-25.29,1,imu01,fusion_usb_step4_20260819,1684,39444622,639161187287483
639161218000000,39464,0.015,0.719,-0.651,-1.64,36.86,-25.94,1,imu01,fusion_usb_step4_20260819,1685,39464618,639161207282550
639161234000000,39484,0.031,0.707,-0.729,-4.08,27.48,-23.01,1,imu01,fusion_usb_step4_20260819,1686,39484622,639161227285616
639161250000000,39504,0.059,0.726,-0.784,-2.96,26.22,-22.98,1,imu01,fusion_usb_step4_20260819,1687,39504618,639161247280683
639161281000000,39524,0.087,0.676,-0.829,-0.05,31.17,-20.63,1,imu01,fusion_usb_step4_20260819,1688,39524622,639161267283750
639161296000000,39544,0.094,0.697,-0.74,4.25,41.29,-22.18,1,imu01,fusion_usb_step4_20260819,1689,39544618,639161287278816
639161312000000,39564,0.119,0.589,-0.64,7.39,46.43,-20.14,1,imu01,fusion_usb_step4_20260819,1690,39564622,639161307281883
639161328000000,39584,0.132,0.606,-0.838,-1.19,26.3,-26.98,1,imu01,fusion_usb_step4_20260819,1691,39584618,639161327276950
639161359000000,39604,0.1,0.735,-0.841,-9.49,32.08,-42.24,1,imu01,fusion_usb_step4_20260819,1692,39604622,639161347280016
639161375000000,39624,0.09,0.69,-0.747,1.58,49.78,-39.49,1,imu01,fusion_usb_step4_20260819,1693,39624618,639161367275083
639161390000000,39644,0.101,0.602,-0.548,0.83,60.2,-31.53,1,imu01,fusion_usb_step4_20260819,1694,39644622,639161387278150
639161421000000,39664,0.108,0.481,-0.512,7.07,50.36,-30.64,1,imu01,fusion_usb_step4_20260819,1695,39664618,639161407273216
639161437000000,39684,0.1,0.641,-0.649,-1.61,26.42,-46.88,1,imu01,fusion_usb_step4_20260819,1696,39684622,639161427276283
639161453000000,39704,0.085,0.796,-0.676,2.97,21.11,-54.02,1,imu01,fusion_usb_step4_20260819,1697,39704618,639161447271350
639161468000000,39724,0.074,0.86,-0.749,2.75,16.92,-48.78,1,imu01,fusion_usb_step4_20260819,1698,39724622,639161467274416
639161500000000,39744,0.088,0.713,-0.828,5.72,17.92,-35.1,1,imu01,fusion_usb_step4_20260819,1699,39744618,639161487269483
639161515000000,39764,0.101,0.634,-0.813,10.17,27.77,-30.62,1,imu01,fusion_usb_step4_20260819,1700,39764622,639161507272550
639161531000000,39784,0.09,0.636,-0.68,16.26,40.95,-38.04,1,imu01,fusion_usb_step4_20260819,1701,39784618,639161527267616
639161562000000,39804,0.092,0.75,-0.561,12.76,40.91,-44.57,1,imu01,fusion_usb_step4_20260819,1702,39804622,639161547270683
639161578000000,39824,0.093,0.667,-0.59,2.11,25.66,-38.03,1,imu01,fusion_usb_step4_20260819,1703,39824618,639161567265750
639161593000000,39844,0.086,0.711,-0.742,-3.57,8.58,-38.76,1,imu01,fusion_usb_step4_20260819,1704,39844622,639161587268816
639161609000000,39864,0.079,0.741,-0.788,-1.92,11.94,-37.16,1,imu01,fusion_usb_step4_20260819,1705,39864618,639161607263883
639161640000000,39884,0.065,0.711,-0.723,7.02,22.94,-32.71,1,imu01,fusion_usb_step4_20260819,1706,39884622,639161627266949
639161656000000,39904,0.058,0.698,-0.662,8.59,24.51,-31.24,1,imu01,fusion_usb_step4_20260819,1707,39904618,639161647262016
639161671000000,39924,0.035,0.712,-0.685,5.01,16.9,-31.28,1,imu01,fusion_usb_step4_20260819,1708,39924622,639161667265083
639161703000000,39944,0.018,0.737,-0.723,0.69,11.55,-30.15,1,imu01,fusion_usb_step4_20260819,1709,39944618,639161687260150
639161718000000,39964,0.004,0.709,-0.728,0.37,15.06,-26.41,1,imu01,fusion_usb_step4_20260819,1710,39964622,639161707263216
639161734000000,39984,-0.009,0.647,-0.655,7.54,21.12,-23.65,1,imu01,fusion_usb_step4_20260819,1711,39984618,639161727258283
639161750000000,40004,-0.037,0.71,-0.626,4.66,17.12,-27.89,1,imu01,fusion_usb_step4_20260819,1712,40004622,639161747261349
639161781000000,40024,-0.054,0.707,-0.645,2.83,8.35,-24.09,1,imu01,fusion_usb_step4_20260819,1713,40024618,639161767256416
639161796000000,40044,-0.05,0.71,-0.655,7.46,4.1,-20.81,1,imu01,fusion_usb_step4_20260819,1714,40044622,639161787259483
639161812000000,40064,-0.021,0.686,-0.72,10.48,-4.64,-16.65,1,imu01,fusion_usb_step4_20260819,1715,40064618,639161807254550
639161828000000,40084,-0.02,0.753,-0.881,0.86,-16.44,-15.98,1,imu01,fusion_usb_step4_20260819,1716,40084622,639161827257616
639161859000000,40104,-0.046,0.795,-0.908,-2.81,-8.53,-13.04,1,imu01,fusion_usb_step4_20260819,1717,40104618,639161847252683
639161875000000,40124,-0.046,0.726,-0.734,7.72,13.33,-3.38,1,imu01,fusion_usb_step4_20260819,1718,40124621,639161867254749
639161890000000,40144,-0.011,0.529,-0.561,19.3,25.29,3.49,1,imu01,fusion_usb_step4_20260819,1719,40144618,639161887250816
639161921000000,40164,-0.026,0.561,-0.681,1.62,5.0,-5.69,1,imu01,fusion_usb_step4_20260819,1720,40164622,639161907253883
639161937000000,40184,-0.044,0.664,-0.648,-2.02,0.81,-16.82,1,imu01,fusion_usb_step4_20260819,1721,40184618,639161927248950
639161953000000,40204,-0.057,0.689,-0.726,-2.65,-3.62,-14.64,1,imu01,fusion_usb_step4_20260819,1722,40204622,639161947252016
639161968000000,40224,-0.059,0.673,-0.69,4.52,0.14,-9.46,1,imu01,fusion_usb_step4_20260819,1723,40224618,639161967247083
639162000000000,40244,-0.055,0.708,-0.717,9.01,-4.48,-7.88,1,imu01,fusion_usb_step4_20260819,1724,40244622,639161987250149
639162015000000,40264,-0.051,0.72,-0.858,-3.7,-20.22,-7.14,1,imu01,fusion_usb_step4_20260819,1725,40264618,639162007245216
639162031000000,40284,-0.067,0.766,-0.974,-12.39,-22.36,-7.49,1,imu01,fusion_usb_step4_20260819,1726,40284622,639162027248283
639162062000000,40304,-0.092,0.837,-0.923,-10.24,-2.95,-5.7,1,imu01,fusion_usb_step4_20260819,1727,40304618,639162047243350
639162078000000,40324,-0.108,0.758,-0.69,4.96,23.94,5.02,1,imu01,fusion_usb_step4_20260819,1728,40324622,639162067246416
639162093000000,40344,-0.075,0.62,-0.554,10.37,28.32,14.09,1,imu01,fusion_usb_step4_20260819,1729,40344618,639162087241483
639162109000000,40364,-0.052,0.541,-0.555,1.76,13.25,12.37,1,imu01,fusion_usb_step4_20260819,1730,40364622,639162107244549
639162140000000,40384,-0.051,0.661,-0.673,-10.76,-5.91,0.36,1,imu01,fusion_usb_step4_20260819,1731,40384618,639162127239616
639162156000000,40404,-0.053,0.765,-0.814,-14.73,-13.68,-5.65,1,imu01,fusion_usb_step4_20260819,1732,40404622,639162147242682
639162171000000,40424,-0.034,0.814,-0.805,-7.15,-3.08,-2.5,1,imu01,fusion_usb_step4_20260819,1733,40424618,639162167237749
639162203000000,40444,-0.033,0.704,-0.808,-5.16,7.72,5.03,1,imu01,fusion_usb_step4_20260819,1734,40444622,639162187240816
639162218000000,40464,-0.02,0.663,-0.621,6.2,23.51,2.54,1,imu01,fusion_usb_step4_20260819,1735,40464618,639162207235883
639162234000000,40484,-0.004,0.689,-0.658,3.53,14.97,0.23,1,imu01,fusion_usb_step4_20260819,1736,40484622,639162227238949
639162250000000,40504,0.031,0.566,-0.557,14.2,11.75,1.0,1,imu01,fusion_usb_step4_20260819,1737,40504618,639162247234016
639162281000000,40524,0.05,0.622,-0.743,7.92,-14.61,-9.75,1,imu01,fusion_usb_step4_20260819,1738,40524622,639162267237082
639162296000000,40544,-0.004,0.825,-1.136,-28.1,-45.8,-24.24,1,imu01,fusion_usb_step4_20260819,1739,40544618,639162287232149
639162312000000,40564,-0.034,0.91,-0.979,-8.17,-6.51,-19.82,1,imu01,fusion_usb_step4_20260819,1740,40564622,639162307235216
639162328000000,40584,-0.026,0.693,-0.646,18.47,33.33,1.96,1,imu01,fusion_usb_step4_20260819,1741,40584618,639162327230283
639162359000000,40604,-0.022,0.535,-0.455,22.58,35.76,11.65,1,imu01,fusion_usb_step4_20260819,1742,40604622,639162347233349
639162375000000,40624,-0.041,0.622,-0.52,2.98,9.22,4.09,1,imu01,fusion_usb_step4_20260819,1743,40624618,639162367228416
639162390000000,40644,-0.041,0.719,-0.579,-3.34,-5.79,1.76,1,imu01,fusion_usb_step4_20260819,1744,40644622,639162387231482
639162421000000,40664,-0.021,0.732,-0.7,-3.44,-13.71,7.18,1,imu01,fusion_usb_step4_20260819,1745,40664618,639162407226549
639162437000000,40684,0.005,0.695,-0.836,-4.12,-15.42,12.29,1,imu01,fusion_usb_step4_20260819,1746,40684622,639162427229616
639162453000000,40704,0.025,0.649,-0.784,9.17,-0.31,12.93,1,imu01,fusion_usb_step4_20260819,1747,40704618,639162447224683
639162468000000,40724,0.037,0.673,-0.749,16.28,5.97,10.64,1,imu01,fusion_usb_step4_20260819,1748,40724622,639162467227749
639162500000000,40744,0.009,0.693,-0.706,11.59,7.12,5.66,1,imu01,fusion_usb_step4_20260819,1749,40744618,639162487222816
639162515000000,40764,0.021,0.762,-0.641,4.31,6.75,1.67,1,imu01,fusion_usb_step4_20260819,1750,40764622,639162507225882
639162531000000,40784,0.011,0.724,-0.7,-6.49,-3.37,4.19,1,imu01,fusion_usb_step4_20260819,1751,40784618,639162527220949
639162562000000,40804,0.011,0.626,-0.68,-1.57,-1.37,7.53,1,imu01,fusion_usb_step4_20260819,1752,40804622,639162547224016
639162578000000,40824,0.015,0.65,-0.745,-4.93,-6.26,3.04,1,imu01,fusion_usb_step4_20260819,1753,40824618,639162567219083
639162593000000,40844,0.012,0.706,-0.714,-1.51,-2.96,-1.91,1,imu01,fusion_usb_step4_20260819,1754,40844622,639162587222149
639162609000000,40864,0.012,0.734,-0.724,-2.22,-3.64,-1.88,1,imu01,fusion_usb_step4_20260819,1755,40864618,639162607217216
639162640000000,40884,0.022,0.675,-0.737,-1.22,-5.39,2.89,1,imu01,fusion_usb_step4_20260819,1756,40884622,639162627220282
639162656000000,40904,0.038,0.623,-0.739,1.85,-4.16,3.33,1,imu01,fusion_usb_step4_20260819,1757,40904618,639162647215349
639162671000000,40924,0.038,0.703,-0.775,0.46,-4.38,-1.98,1,imu01,fusion_usb_step4_20260819,1758,40924622,639162667218416
639162687000000,40944,0.039,0.753,-0.758,0.56,1.91,-4.4,1,imu01,fusion_usb_step4_20260819,1759,40944618,639162687213482
639162718000000,40964,0.048,0.734,-0.707,3.4,10.23,-2.23,1,imu01,fusion_usb_step4_20260819,1760,40964622,639162707216549
639162734000000,40984,0.066,0.676,-0.722,0.66,8.45,0.67,1,imu01,fusion_usb_step4_20260819,1761,40984618,639162727211616
639162750000000,41004,0.085,0.667,-0.716,1.92,9.09,-0.73,1,imu01,fusion_usb_step4_20260819,1762,41004622,639162747214682
639162781000000,41024,0.101,0.642,-0.719,4.4,11.33,-4.71,1,imu01,fusion_usb_step4_20260819,1763,41024618,639162767209749
639162796000000,41044,0.119,0.622,-0.656,4.64,13.14,-12.64,1,imu01,fusion_usb_step4_20260819,1764,41044622,639162787212816
639162812000000,41064,0.117,0.675,-0.73,-3.18,3.75,-21.35,1,imu01,fusion_usb_step4_20260819,1765,41064618,639162807207882
639162828000000,41084,0.103,0.737,-0.858,-12.32,-2.25,-27.64,1,imu01,fusion_usb_step4_20260819,1766,41084622,639162827210949
639162859000000,41104,0.094,0.75,-0.794,-4.22,14.0,-28.45,1,imu01,fusion_usb_step4_20260819,1767,41104618,639162847206016
639162875000000,41124,0.08,0.693,-0.768,-2.24,22.46,-26.51,1,imu01,fusion_usb_step4_20260819,1768,41124622,639162867209082
639162890000000,41144,0.055,0.665,-0.642,1.18,30.39,-30.53,1,imu01,fusion_usb_step4_20260819,1769,41144618,639162887204149
639162921000000,41164,0.024,0.765,-0.614,-2.86,25.71,-36.36,1,imu01,fusion_usb_step4_20260819,1770,41164622,639162907207216
639162937000000,41184,0.0,0.765,-0.621,-8.89,17.07,-36.11,1,imu01,fusion_usb_step4_20260819,1771,41184618,639162927202282
639162953000000,41204,-0.032,0.676,-0.706,-11.12,9.81,-33.88,1,imu01,fusion_usb_step4_20260819,1772,41204622,639162947205349
639162968000000,41224,-0.046,0.683,-0.714,-9.99,12.51,-35.3,1,imu01,fusion_usb_step4_20260819,1773,41224618,639162967200416
639163000000000,41244,-0.054,0.732,-0.769,-9.69,14.2,-35.41,1,imu01,fusion_usb_step4_20260819,1774,41244622,639162987203482
639163015000000,41264,-0.06,0.74,-0.752,-9.41,19.81,-34.74,1,imu01,fusion_usb_step4_20260819,1775,41264618,639163007198549
639163031000000,41284,-0.065,0.78,-0.704,-7.44,26.39,-32.38,1,imu01,fusion_usb_step4_20260819,1776,41284622,639163027201616
639163062000000,41304,-0.055,0.761,-0.702,-6.59,27.65,-25.23,1,imu01,fusion_usb_step4_20260819,1777,41304618,639163047196682
639163078000000,41324,-0.03,0.688,-0.683,-4.76,28.73,-16.92,1,imu01,fusion_usb_step4_20260819,1778,41324622,639163067199749
639163093000000,41344,-0.004,0.637,-0.745,-6.24,25.75,-14.7,1,imu01,fusion_usb_step4_20260819,1779,41344618,639163087194816
639163109000000,41364,0.009,0.622,-0.722,-3.54,31.24,-20.46,1,imu01,fusion_usb_step4_20260819,1780,41364622,639163107197882
639163140000000,41384,0.003,0.665,-0.768,-7.07,31.8,-28.9,1,imu01,fusion_usb_step4_20260819,1781,41384618,639163127192949
639163156000000,41404,-0.014,0.669,-0.746,-6.25,39.84,-34.91,1,imu01,fusion_usb_step4_20260819,1782,41404622,639163147196016
639163171000000,41424,-0.023,0.663,-0.673,0.18,49.15,-39.17,1,imu01,fusion_usb_step4_20260819,1783,41424618,639163167191082
639163203000000,41444,-0.038,0.66,-0.701,-5.88,45.66,-43.91,1,imu01,fusion_usb_step4_20260819,1784,41444622,639163187194149
639163218000000,41464,-0.062,0.71,-0.706,-7.26,44.78,-47.1,1,imu01,fusion_usb_step4_20260819,1785,41464618,639163207189216
639163234000000,41484,-0.071,0.669,-0.673,-3.89,48.04,-49.88,1,imu01,fusion_usb_step4_20260819,1786,41484622,639163227192282
639163250000000,41504,-0.087,0.715,-0.691,-7.21,47.81,-53.09,1,imu01,fusion_usb_step4_20260819,1787,41504618,639163247187349
639163281000000,41524,-0.087,0.698,-0.713,-12.51,46.68,-51.81,1,imu01,fusion_usb_step4_20260819,1788,41524622,639163267190416
639163296000000,41544,-0.084,0.709,-0.739,-14.02,48.49,-48.34,1,imu01,fusion_usb_step4_20260819,1789,41544618,639163287185482
639163312000000,41564,-0.082,0.742,-0.729,-11.6,55.01,-44.26,1,imu01,fusion_usb_step4_20260819,1790,41564622,639163307188549
639163328000000,41584,-0.046,0.7,-0.639,-15.7,64.44,-33.68,1,imu01,fusion_usb_step4_20260819,1791,41584618,639163327183616
639163359000000,41604,-0.032,0.572,-0.55,1.88,63.27,-25.65,1,imu01,fusion_usb_step4_20260819,1792,41604622,639163347186682
639163375000000,41624,-0.013,0.509,-0.723,2.62,38.1,-34.65,1,imu01,fusion_usb_step4_20260819,1793,41624618,639163367181749
639163390000000,41644,-0.027,0.711,-0.838,-4.31,25.32,-52.56,1,imu01,fusion_usb_step4_20260819,1794,41644622,639163387184816
639163421000000,41664,-0.055,0.865,-0.851,-7.64,33.22,-57.49,1,imu01,fusion_usb_step4_20260819,1795,41664618,639163407179882
639163437000000,41684,-0.024,0.83,-0.707,2.55,53.87,-42.96,1,imu01,fusion_usb_step4_20260819,1796,41684622,639163427182949
639163453000000,41704,0.027,0.63,-0.586,13.65,62.94,-22.29,1,imu01,fusion_usb_step4_20260819,1797,41704618,639163447178016
639163468000000,41724,0.077,0.574,-0.636,9.88,46.74,-23.82,1,imu01,fusion_usb_step4_20260819,1798,41724622,639163467181082
639163500000000,41744,0.085,0.672,-0.769,5.75,32.28,-37.53,1,imu01,fusion_usb_step4_20260819,1799,41744618,639163487176149
639163515000000,41764,0.077,0.721,-0.805,11.75,36.49,-43.4,1,imu01,fusion_usb_step4_20260819,1800,41764622,639163507179215
639163531000000,41784,0.078,0.727,-0.777,27.14,45.31,-42.79,1,imu01,fusion_usb_step4_20260819,1801,41784618,639163527174282
639163562000000,41804,0.055,0.749,-0.828,28.12,47.87,-38.53,1,imu01,fusion_usb_step4_20260819,1802,41804622,639163547177349
639163578000000,41824,0.087,0.699,-0.72,34.17,64.39,-33.26,1,imu01,fusion_usb_step4_20260819,1803,41824618,639163567172416
639163593000000,41844,0.096,0.537,-0.522,19.35,77.23,-23.49,1,imu01,fusion_usb_step4_20260819,1804,41844622,639163587175482
639163609000000,41864,0.083,0.432,-0.606,22.63,58.63,-36.04,1,imu01,fusion_usb_step4_20260819,1805,41864618,639163607170549
639163640000000,41884,0.075,0.651,-0.666,9.01,37.81,-60.37,1,imu01,fusion_usb_step4_20260819,1806,41884622,639163627173615
639163656000000,41904,0.064,0.699,-0.748,6.42,30.53,-61.59,1,imu01,fusion_usb_step4_20260819,1807,41904618,639163647168682
639163671000000,41924,0.041,0.707,-0.845,12.55,32.83,-56.35,1,imu01,fusion_usb_step4_20260819,1808,41924622,639163667171749
639163703000000,41944,0.037,0.681,-0.68,22.37,47.76,-50.44,1,imu01,fusion_usb_step4_20260819,1809,41944618,639163687166816
639163718000000,41964,0.027,0.693,-0.726,22.8,41.0,-46.7,1,imu01,fusion_usb_step4_20260819,1810,41964622,639163707169882
639163734000000,41984,0.026,0.672,-0.717,24.37,37.25,-40.44,1,imu01,fusion_usb_step4_20260819,1811,41984618,639163727164949
639163750000000,42004,0.022,0.591,-0.675,18.78,36.81,-37.43,1,imu01,fusion_usb_step4_20260819,1812,42004622,639163747168015
639163781000000,42024,-0.015,0.632,-0.827,11.61,21.26,-42.83,1,imu01,fusion_usb_step4_20260819,1813,42024618,639163767163082
639163796000000,42044,-0.021,0.67,-0.772,14.74,24.93,-44.98,1,imu01,fusion_usb_step4_20260819,1814,42044622,639163787166149
639163812000000,42064,-0.054,0.69,-0.747,13.92,28.81,-45.88,1,imu01,fusion_usb_step4_20260819,1815,42064618,639163807161216
639163828000000,42084,-0.05,0.697,-0.716,15.63,25.18,-41.63,1,imu01,fusion_usb_step4_20260819,1816,42084622,639163827164282
639163859000000,42104,-0.057,0.68,-0.828,9.45,16.71,-33.03,1,imu01,fusion_usb_step4_20260819,1817,42104618,639163847159349
639163875000000,42124,-0.055,0.59,-0.751,20.06,23.86,-22.57,1,imu01,fusion_usb_step4_20260819,1818,42124621,639163867161415
639163890000000,42144,-0.028,0.594,-0.768,12.76,22.0,-21.41,1,imu01,fusion_usb_step4_20260819,1819,42144618,639163887157482
639163921000000,42164,-0.026,0.594,-0.789,13.71,16.71,-23.58,1,imu01,fusion_usb_step4_20260819,1820,42164622,639163907160549
639163937000000,42184,-0.027,0.62,-0.787,15.76,12.58,-27.73,1,imu01,fusion_usb_step4_20260819,1821,42184618,639163927155616
639163953000000,42204,-0.023,0.633,-0.82,16.57,10.62,-25.67,1,imu01,fusion_usb_step4_20260819,1822,42204622,639163947158682
639163968000000,42224,-0.031,0.549,-0.78,21.88,21.36,-20.56,1,imu01,fusion_usb_step4_20260819,1823,42224618,639163967153749
639164000000000,42244,0.019,0.472,-0.723,19.31,22.33,-24.82,1,imu01,fusion_usb_step4_20260819,1824,42244622,639163987156815
639164015000000,42264,0.011,0.542,-0.939,2.16,3.33,-32.86,1,imu01,fusion_usb_step4_20260819,1825,42264618,639164007151882
639164031000000,42284,-0.038,0.583,-0.954,10.93,4.62,-35.99,1,imu01,fusion_usb_step4_20260819,1826,42284622,639164027154949
639164062000000,42304,-0.063,0.635,-0.884,13.5,16.42,-38.2,1,imu01,fusion_usb_step4_20260819,1827,42304618,639164047150015
639164078000000,42324,-0.044,0.579,-0.779,26.01,26.62,-34.08,1,imu01,fusion_usb_step4_20260819,1828,42324622,639164067153082
639164093000000,42344,-0.056,0.536,-0.732,28.98,24.83,-30.92,1,imu01,fusion_usb_step4_20260819,1829,42344618,639164087148149
639164109000000,42364,-0.085,0.558,-0.755,18.8,19.31,-31.98,1,imu01,fusion_usb_step4_20260819,1830,42364622,639164107151215
639164140000000,42384,-0.079,0.564,-0.719,17.3,17.7,-34.57,1,imu01,fusion_usb_step4_20260819,1831,42384618,639164127146282
639164156000000,42404,-0.107,0.628,-0.794,10.44,6.61,-33.9,1,imu01,fusion_usb_step4_20260819,1832,42404622,639164147149348
639164171000000,42424,-0.113,0.642,-0.846,2.48,-1.03,-31.94,1,imu01,fusion_usb_step4_20260819,1833,42424618,639164167144415
639164203000000,42444,-0.071,0.659,-0.99,6.55,-4.53,-28.3,1,imu01,fusion_usb_step4_20260819,1834,42444622,639164187147482
639164218000000,42464,-0.044,0.576,-1.006,15.73,9.0,-19.89,1,imu01,fusion_usb_step4_20260819,1835,42464618,639164207142549
639164234000000,42484,-0.057,0.515,-0.908,25.26,25.94,-19.32,1,imu01,fusion_usb_step4_20260819,1836,42484622,639164227145615
639164250000000,42504,-0.086,0.548,-0.847,16.14,31.55,-27.75,1,imu01,fusion_usb_step4_20260819,1837,42504618,639164247140682
639164281000000,42524,-0.086,0.638,-0.79,12.56,32.33,-30.11,1,imu01,fusion_usb_step4_20260819,1838,42524622,639164267143748
639164296000000,42544,-0.094,0.604,-0.826,4.1,32.25,-21.32,1,imu01,fusion_usb_step4_20260819,1839,42544618,639164287138815
639164312000000,42564,-0.057,0.515,-0.837,9.98,36.79,-12.59,1,imu01,fusion_usb_step4_20260819,1840,42564622,639164307141882
639164343000000,42584,-0.015,0.467,-0.774,13.98,41.61,-10.85,1,imu01,fusion_usb_step4_20260819,1841,42584618,639164327136949
639164359000000,42604,-0.011,0.487,-0.767,13.25,36.22,-16.01,1,imu01,fusion_usb_step4_20260819,1842,42604622,639164347140015
639164375000000,42624,-0.007,0.471,-0.862,4.62,22.97,-20.67,1,imu01,fusion_usb_step4_20260819,1843,42624618,639164367135082
639164390000000,42644,-0.002,0.521,-1.015,-9.95,13.51,-25.31,1,imu01,fusion_usb_step4_20260819,1844,42644622,639164387138148
639164421000000,42664,-0.049,0.544,-0.919,-0.38,24.2,-23.42,1,imu01,fusion_usb_step4_20260819,1845,42664618,639164407133215
639164437000000,42684,0.01,0.568,-0.871,2.34,35.51,-18.83,1,imu01,fusion_usb_step4_20260819,1846,42684622,639164427136282
639164453000000,42704,0.044,0.453,-0.668,23.82,45.85,-11.43,1,imu01,fusion_usb_step4_20260819,1847,42704618,639164447131349
639164468000000,42724,0.055,0.354,-0.827,-4.25,25.75,-9.83,1,imu01,fusion_usb_step4_20260819,1848,42724622,639164467134415
639164500000000,42744,0.038,0.419,-0.862,11.86,18.91,-17.27,1,imu01,fusion_usb_step4_20260819,1849,42744618,639164487129482
639164515000000,42764,0.06,0.557,-0.882,4.7,18.19,-28.68,1,imu01,fusion_usb_step4_20260819,1850,42764622,639164507132548
639164531000000,42784,0.017,0.583,-0.875,8.07,23.49,-24.28,1,imu01,fusion_usb_step4_20260819,1851,42784618,639164527127615
639164562000000,42804,0.042,0.564,-0.856,7.24,31.33,-20.97,1,imu01,fusion_usb_step4_20260819,1852,42804622,639164547130682
639164578000000,42824,0.062,0.505,-0.764,17.49,39.61,-19.1,1,imu01,fusion_usb_step4_20260819,1853,42824618,639164567125749
639164593000000,42844,0.085,0.515,-0.796,5.83,31.39,-24.17,1,imu01,fusion_usb_step4_20260819,1854,42844622,639164587128815
639164609000000,42864,0.089,0.586,-0.864,-6.35,22.03,-28.91,1,imu01,fusion_usb_step4_20260819,1855,42864618,639164607123882
639164640000000,42884,0.083,0.599,-0.955,-0.89,18.33,-26.27,1,imu01,fusion_usb_step4_20260819,1856,42884622,639164627126948
639164656000000,42904,0.076,0.574,-0.929,6.27,25.02,-23.56,1,imu01,fusion_usb_step4_20260819,1857,42904618,639164647122015
639164671000000,42924,0.058,0.577,-0.818,13.69,30.37,-21.77,1,imu01,fusion_usb_step4_20260819,1858,42924622,639164667125082
639164703000000,42944,0.048,0.581,-0.82,1.47,24.04,-17.99,1,imu01,fusion_usb_step4_20260819,1859,42944618,639164687120148
639164718000000,42964,0.056,0.565,-0.814,2.82,20.49,-11.36,1,imu01,fusion_usb_step4_20260819,1860,42964622,639164707123215
639164734000000,42984,0.045,0.501,-0.825,2.87,16.74,-5.91,1,imu01,fusion_usb_step4_20260819,1861,42984618,639164727118282
639164750000000,43004,0.045,0.469,-0.817,3.19,13.0,-6.52,1,imu01,fusion_usb_step4_20260819,1862,43004622,639164747121348
639164781000000,43024,0.029,0.519,-0.874,-3.21,6.16,-11.33,1,imu01,fusion_usb_step4_20260819,1863,43024618,639164767116415
639164796000000,43044,0.003,0.605,-0.868,-0.46,6.93,-13.65,1,imu01,fusion_usb_step4_20260819,1864,43044622,639164787119482
639164812000000,43064,0.024,0.628,-0.817,1.56,9.79,-5.92,1,imu01,fusion_usb_step4_20260819,1865,43064618,639164807114548
639164843000000,43084,0.051,0.486,-0.928,-8.12,3.97,5.36,1,imu01,fusion_usb_step4_20260819,1866,43084622,639164827117615
639164859000000,43104,0.073,0.395,-0.92,1.91,8.65,5.93,1,imu01,fusion_usb_step4_20260819,1867,43104618,639164847112682
639164875000000,43124,0.072,0.46,-0.848,10.3,13.49,-2.76,1,imu01,fusion_usb_step4_20260819,1868,43124622,639164867115748
639164890000000,43144,0.056,0.48,-0.816,4.27,10.51,-7.49,1,imu01,fusion_usb_step4_20260819,1869,43144618,639164887110815
639164921000000,43164,0.057,0.444,-0.801,2.66,9.19,-9.5,1,imu01,fusion_usb_step4_20260819,1870,43164622,639164907113882
639164937000000,43184,0.068,0.442,-0.834,3.43,5.91,-11.74,1,imu01,fusion_usb_step4_20260819,1871,43184618,639164927108948
639164953000000,43204,0.057,0.497,-0.836,5.27,4.66,-14.29,1,imu01,fusion_usb_step4_20260819,1872,43204622,639164947112015
639164968000000,43224,0.051,0.546,-0.838,7.42,2.62,-14.9,1,imu01,fusion_usb_step4_20260819,1873,43224618,639164967107082
639165000000000,43244,0.057,0.606,-0.915,-2.98,-4.2,-13.01,1,imu01,fusion_usb_step4_20260819,1874,43244622,639164987110148
639165015000000,43264,0.068,0.565,-0.93,-2.57,-4.08,-4.75,1,imu01,fusion_usb_step4_20260819,1875,43264618,639165007105215
639165031000000,43284,0.068,0.542,-0.901,5.69,-1.12,1.38,1,imu01,fusion_usb_step4_20260819,1876,43284622,639165027108282
639165062000000,43304,0.044,0.525,-0.91,8.19,-2.18,4.76,1,imu01,fusion_usb_step4_20260819,1877,43304618,639165047103348
639165078000000,43324,0.042,0.56,-0.861,7.83,0.94,5.29,1,imu01,fusion_usb_step4_20260819,1878,43324622,639165067106415
639165093000000,43344,0.049,0.528,-0.82,7.95,0.9,9.55,1,imu01,fusion_usb_step4_20260819,1879,43344618,639165087101482
639165109000000,43364,0.05,0.509,-0.817,3.18,-3.35,12.47,1,imu01,fusion_usb_step4_20260819,1880,43364622,639165107104548
639165140000000,43384,0.053,0.488,-0.841,-0.21,-7.64,13.99,1,imu01,fusion_usb_step4_20260819,1881,43384618,639165127099615
639165156000000,43404,0.061,0.501,-0.866,-3.58,-8.36,13.25,1,imu01,fusion_usb_step4_20260819,1882,43404622,639165147102682
639165171000000,43424,0.057,0.506,-0.859,-0.3,-7.17,13.06,1,imu01,fusion_usb_step4_20260819,1883,43424618,639165167097748
639165187000000,43444,0.068,0.536,-0.838,-3.17,-8.59,12.73,1,imu01,fusion_usb_step4_20260819,1884,43444622,639165187100815
639165218000000,43464,0.061,0.522,-0.892,-7.62,-10.15,15.79,1,imu01,fusion_usb_step4_20260819,1885,43464618,639165207095882
639165234000000,43484,0.075,0.484,-0.836,-2.31,-6.93,17.56,1,imu01,fusion_usb_step4_20260819,1886,43484622,639165227098948
639165250000000,43504,0.08,0.462,-0.862,-0.97,-7.01,18.02,1,imu01,fusion_usb_step4_20260819,1887,43504618,639165247094015
639165281000000,43524,0.08,0.47,-0.831,-2.48,-6.99,15.06,1,imu01,fusion_usb_step4_20260819,1888,43524622,639165267097082
639165296000000,43544,0.074,0.509,-0.869,-7.69,-9.68,12.42,1,imu01,fusion_usb_step4_20260819,1889,43544618,639165287092148
639165312000000,43564,0.056,0.523,-0.857,0.43,-9.4,13.55,1,imu01,fusion_usb_step4_20260819,1890,43564622,639165307095215
639165328000000,43584,0.05,0.58,-0.896,-8.7,-12.85,14.02,1,imu01,fusion_usb_step4_20260819,1891,43584618,639165327090282
639165359000000,43604,0.066,0.549,-0.925,-7.37,-11.54,18.95,1,imu01,fusion_usb_step4_20260819,1892,43604622,639165347093348
639165375000000,43624,0.067,0.507,-0.851,-1.53,-5.75,22.75,1,imu01,fusion_usb_step4_20260819,1893,43624618,639165367088415
639165390000000,43644,0.078,0.494,-0.804,-7.12,-4.97,22.25,1,imu01,fusion_usb_step4_20260819,1894,43644622,639165387091481
639165421000000,43664,0.082,0.485,-0.828,-11.39,-10.67,21.19,1,imu01,fusion_usb_step4_20260819,1895,43664618,639165407086548
639165437000000,43684,0.082,0.514,-0.866,-14.83,-14.67,18.88,1,imu01,fusion_usb_step4_20260819,1896,43684622,639165427089615
639165453000000,43704,0.076,0.5,-0.859,-7.75,-14.29,18.49,1,imu01,fusion_usb_step4_20260819,1897,43704618,639165447084682
639165468000000,43724,0.068,0.499,-0.85,-13.21,-14.73,17.67,1,imu01,fusion_usb_step4_20260819,1898,43724622,639165467087748
639165500000000,43744,0.071,0.459,-0.835,-14.38,-15.32,18.31,1,imu01,fusion_usb_step4_20260819,1899,43744618,639165487082815
639165515000000,43764,0.06,0.489,-0.868,-20.51,-17.66,17.15,1,imu01,fusion_usb_step4_20260819,1900,43764622,639165507085881
639165531000000,43784,0.052,0.52,-0.778,-7.0,-13.51,17.15,1,imu01,fusion_usb_step4_20260819,1901,43784618,639165527080948
639165562000000,43804,0.06,0.487,-0.805,-9.47,-17.27,19.38,1,imu01,fusion_usb_step4_20260819,1902,43804622,639165547084015
639165578000000,43824,0.063,0.525,-0.799,-13.92,-22.3,19.46,1,imu01,fusion_usb_step4_20260819,1903,43824618,639165567079082
639165593000000,43844,0.037,0.554,-0.848,-16.22,-29.99,20.67,1,imu01,fusion_usb_step4_20260819,1904,43844622,639165587082148
639165609000000,43864,0.069,0.63,-0.927,-20.47,-35.06,23.87,1,imu01,fusion_usb_step4_20260819,1905,43864618,639165607077215
639165640000000,43884,0.069,0.556,-0.894,-3.76,-27.6,34.74,1,imu01,fusion_usb_step4_20260819,1906,43884622,639165627080281
639165656000000,43904,0.074,0.573,-0.877,-5.08,-26.73,37.62,1,imu01,fusion_usb_step4_20260819,1907,43904618,639165647075348
639165671000000,43924,0.064,0.54,-0.896,-2.76,-25.13,40.44,1,imu01,fusion_usb_step4_20260819,1908,43924622,639165667078415
639165687000000,43944,0.071,0.533,-0.806,4.14,-22.1,42.56,1,imu01,fusion_usb_step4_20260819,1909,43944618,639165687073482
639165718000000,43964,0.067,0.525,-0.803,0.59,-24.93,43.78,1,imu01,fusion_usb_step4_20260819,1910,43964622,639165707076548
639165734000000,43984,0.073,0.561,-0.758,1.14,-28.51,44.96,1,imu01,fusion_usb_step4_20260819,1911,43984618,639165727071615
639165750000000,44004,0.063,0.534,-0.83,-6.09,-36.11,48.49,1,imu01,fusion_usb_step4_20260819,1912,44004622,639165747074681
639165781000000,44024,0.065,0.522,-0.792,-2.24,-36.72,52.5,1,imu01,fusion_usb_step4_20260819,1913,44024618,639165767069748
639165796000000,44044,0.092,0.545,-0.82,-4.0,-38.35,52.96,1,imu01,fusion_usb_step4_20260819,1914,44044622,639165787072815
639165812000000,44064,0.053,0.522,-0.853,-5.42,-43.11,55.6,1,imu01,fusion_usb_step4_20260819,1915,44064618,639165807067882
639165843000000,44084,0.065,0.547,-0.875,-11.53,-46.89,55.18,1,imu01,fusion_usb_step4_20260819,1916,44084622,639165827070948
639165859000000,44104,0.084,0.547,-0.864,-15.45,-40.84,56.47,1,imu01,fusion_usb_step4_20260819,1917,44104618,639165847066015
639165875000000,44124,0.061,0.532,-0.896,-13.2,-43.38,57.35,1,imu01,fusion_usb_step4_20260819,1918,44124621,639165867068081
639165890000000,44144,0.053,0.52,-0.81,-4.44,-41.09,58.5,1,imu01,fusion_usb_step4_20260819,1919,44144618,639165887064148
639165921000000,44164,0.055,0.542,-0.806,-6.96,-43.36,59.82,1,imu01,fusion_usb_step4_20260819,1920,44164622,639165907067215
639165937000000,44184,0.045,0.481,-0.782,-5.21,-47.37,63.65,1,imu01,fusion_usb_step4_20260819,1921,44184618,639165927062281
639165953000000,44204,0.054,0.574,-0.827,-17.31,-54.12,62.06,1,imu01,fusion_usb_step4_20260819,1922,44204622,639165947065348
639165968000000,44224,0.057,0.604,-0.85,-15.54,-60.91,65.73,1,imu01,fusion_usb_step4_20260819,1923,44224618,639165967060415
639166000000000,44244,0.049,0.594,-0.986,-17.86,-73.61,70.36,1,imu01,fusion_usb_step4_20260819,1924,44244622,639165987063481
639166015000000,44264,0.032,0.584,-1.054,-16.97,-71.46,74.28,1,imu01,fusion_usb_step4_20260819,1925,44264618,639166007058548
639166031000000,44284,0.01,0.524,-0.955,-2.08,-55.29,79.06,1,imu01,fusion_usb_step4_20260819,1926,44284622,639166027061614
639166062000000,44304,-0.002,0.46,-0.763,11.01,-40.96,81.1,1,imu01,fusion_usb_step4_20260819,1927,44304618,639166047056681
639166078000000,44324,0.005,0.442,-0.737,-1.28,-43.48,78.28,1,imu01,fusion_usb_step4_20260819,1928,44324622,639166067059748
639166093000000,44344,0.013,0.48,-0.784,-10.03,-52.51,73.11,1,imu01,fusion_usb_step4_20260819,1929,44344618,639166087054815
639166109000000,44364,0.014,0.475,-0.796,-8.94,-57.72,68.93,1,imu01,fusion_usb_step4_20260819,1930,44364622,639166107057881
639166140000000,44384,0.029,0.51,-0.838,-14.63,-63.45,63.51,1,imu01,fusion_usb_step4_20260819,1931,44384618,639166127052948
639166156000000,44404,0.039,0.496,-0.894,-14.76,-64.38,58.65,1,imu01,fusion_usb_step4_20260819,1932,44404622,639166147056014
639166171000000,44424,0.034,0.57,-0.904,-15.25,-60.97,53.46,1,imu01,fusion_usb_step4_20260819,1933,44424618,639166167051081
639166203000000,44444,0.027,0.586,-0.828,-6.83,-53.71,54.12,1,imu01,fusion_usb_step4_20260819,1934,44444622,639166187054148
639166218000000,44464,0.016,0.583,-0.855,-11.08,-51.76,56.22,1,imu01,fusion_usb_step4_20260819,1935,44464618,639166207049215
639166234000000,44484,0.006,0.504,-0.84,-8.22,-47.54,58.41,1,imu01,fusion_usb_step4_20260819,1936,44484622,639166227052281
639166250000000,44504,-0.001,0.527,-0.828,-9.64,-45.3,54.39,1,imu01,fusion_usb_step4_20260819,1937,44504618,639166247047348
639166281000000,44524,-0.019,0.582,-0.81,-12.68,-45.37,49.42,1,imu01,fusion_usb_step4_20260819,1938,44524622,639166267050414
639166296000000,44544,-0.029,0.656,-0.849,-17.89,-45.32,49.23,1,imu01,fusion_usb_step4_20260819,1939,44544618,639166287045481
639166312000000,44564,-0.027,0.607,-0.791,-7.77,-36.45,56.73,1,imu01,fusion_usb_step4_20260819,1940,44564622,639166307048548
639166328000000,44584,-0.007,0.555,-0.744,-0.99,-30.87,61.8,1,imu01,fusion_usb_step4_20260819,1941,44584618,639166327043615
639166359000000,44604,0.001,0.526,-0.778,-8.09,-34.59,61.16,1,imu01,fusion_usb_step4_20260819,1942,44604622,639166347046681
639166375000000,44624,0.016,0.508,-0.796,-12.47,-38.45,56.34,1,imu01,fusion_usb_step4_20260819,1943,44624618,639166367041748
639166390000000,44644,0.021,0.564,-0.871,-15.84,-38.64,48.58,1,imu01,fusion_usb_step4_20260819,1944,44644622,639166387044814
639166421000000,44664,-0.012,0.655,-0.877,-17.23,-33.71,43.5,1,imu01,fusion_usb_step4_20260819,1945,44664618,639166407039881
639166437000000,44684,-0.026,0.71,-0.825,-10.54,-21.96,45.54,1,imu01,fusion_usb_step4_20260819,1946,44684622,639166427042948
639166453000000,44704,-0.003,0.64,-0.728,-1.74,-12.68,53.31,1,imu01,fusion_usb_step4_20260819,1947,44704618,639166447038015
639166468000000,44724,0.006,0.496,-0.799,-8.68,-16.25,56.51,1,imu01,fusion_usb_step4_20260819,1948,44724622,639166467041081
639166500000000,44744,0.02,0.482,-0.748,-8.91,-14.71,46.31,1,imu01,fusion_usb_step4_20260819,1949,44744618,639166487036148
639166515000000,44764,0.001,0.601,-0.795,-19.11,-17.16,32.32,1,imu01,fusion_usb_step4_20260819,1950,44764622,639166507039214
639166531000000,44784,-0.011,0.63,-0.735,-13.41,-15.97,26.51,1,imu01,fusion_usb_step4_20260819,1951,44784618,639166527034281
639166562000000,44804,-0.018,0.725,-0.834,-26.14,-19.27,26.79,1,imu01,fusion_usb_step4_20260819,1952,44804622,639166547037348
639166578000000,44824,-0.001,0.689,-0.786,-15.31,-9.74,36.07,1,imu01,fusion_usb_step4_20260819,1953,44824618,639166567032414
639166593000000,44844,0.038,0.576,-0.743,-8.57,-1.59,43.77,1,imu01,fusion_usb_step4_20260819,1954,44844622,639166587035481
639166609000000,44864,0.084,0.511,-0.682,-1.86,0.91,41.76,1,imu01,fusion_usb_step4_20260819,1955,44864618,639166607030548
639166640000000,44884,0.096,0.529,-0.693,-8.16,-6.2,32.36,1,imu01,fusion_usb_step4_20260819,1956,44884622,639166627033614
639166656000000,44904,0.094,0.603,-0.728,-11.09,-14.05,23.51,1,imu01,fusion_usb_step4_20260819,1957,44904618,639166647028681
639166671000000,44924,0.108,0.641,-0.794,-15.14,-21.6,20.64,1,imu01,fusion_usb_step4_20260819,1958,44924622,639166667031748
639166703000000,44944,0.112,0.699,-0.89,-14.57,-22.74,21.63,1,imu01,fusion_usb_step4_20260819,1959,44944618,639166687026814
639166718000000,44964,0.131,0.644,-0.85,-7.93,-10.05,26.45,1,imu01,fusion_usb_step4_20260819,1960,44964622,639166707029881
639166734000000,44984,0.124,0.573,-0.684,7.69,5.99,29.76,1,imu01,fusion_usb_step4_20260819,1961,44984618,639166727024948
639166750000000,45004,0.149,0.5,-0.641,0.95,6.68,25.88,1,imu01,fusion_usb_step4_20260819,1962,45004622,639166747028014
639166781000000,45024,0.16,0.513,-0.631,-0.28,0.51,16.83,1,imu01,fusion_usb_step4_20260819,1963,45024618,639166767023081
639166796000000,45044,0.16,0.618,-0.726,-11.73,-9.34,6.4,1,imu01,fusion_usb_step4_20260819,1964,45044622,639166787026148
639166812000000,45064,0.154,0.643,-0.714,-3.38,-6.06,6.37,1,imu01,fusion_usb_step4_20260819,1965,45064618,639166807021214
639166828000000,45084,0.173,0.622,-0.695,4.94,-2.26,10.07,1,imu01,fusion_usb_step4_20260819,1966,45084622,639166827024281
639166859000000,45104,0.183,0.553,-0.699,14.98,-4.46,10.1,1,imu01,fusion_usb_step4_20260819,1967,45104618,639166847019348
639166875000000,45124,0.182,0.62,-0.796,5.84,-13.87,0.37,1,imu01,fusion_usb_step4_20260819,1968,45124622,639166867022414
639166890000000,45144,0.162,0.803,-0.872,1.72,-21.55,-8.72,1,imu01,fusion_usb_step4_20260819,1969,45144618,639166887017481
639166921000000,45164,0.12,0.863,-0.911,-1.94,-19.99,-6.34,1,imu01,fusion_usb_step4_20260819,1970,45164622,639166907020548
639166937000000,45184,0.125,0.793,-0.852,14.36,-9.87,6.31,1,imu01,fusion_usb_step4_20260819,1971,45184618,639166927015614
639166953000000,45204,0.115,0.735,-0.836,9.82,-8.06,13.57,1,imu01,fusion_usb_step4_20260819,1972,45204622,639166947018681
639166968000000,45224,0.107,0.669,-0.819,10.27,-3.9,17.7,1,imu01,fusion_usb_step4_20260819,1973,45224618,639166967013748
639167000000000,45244,0.108,0.644,-0.697,13.42,1.97,16.01,1,imu01,fusion_usb_step4_20260819,1974,45244622,639166987016814
639167015000000,45264,0.072,0.62,-0.67,7.46,-2.22,14.45,1,imu01,fusion_usb_step4_20260819,1975,45264618,639167007011881
639167031000000,45284,0.092,0.633,-0.682,1.96,-8.14,12.34,1,imu01,fusion_usb_step4_20260819,1976,45284622,639167027014948
639167062000000,45304,0.071,0.618,-0.692,5.67,-13.26,13.84,1,imu01,fusion_usb_step4_20260819,1977,45304618,639167047010014
639167078000000,45324,0.098,0.627,-0.673,8.68,-18.07,16.47,1,imu01,fusion_usb_step4_20260819,1978,45324622,639167067013081
639167093000000,45344,0.092,0.622,-0.776,9.29,-29.96,17.73,1,imu01,fusion_usb_step4_20260819,1979,45344618,639167087008148
639167109000000,45364,0.099,0.746,-0.977,-10.82,-42.84,14.89,1,imu01,fusion_usb_step4_20260819,1980,45364622,639167107011214
639167140000000,45384,0.047,0.729,-0.957,-6.03,-30.86,18.22,1,imu01,fusion_usb_step4_20260819,1981,45384618,639167127006281
639167156000000,45404,0.045,0.724,-0.839,10.17,-9.13,30.27,1,imu01,fusion_usb_step4_20260819,1982,45404622,639167147009348
639167171000000,45424,0.058,0.522,-0.717,29.7,5.7,42.86,1,imu01,fusion_usb_step4_20260819,1983,45424618,639167167004414
639167203000000,45444,0.079,0.37,-0.642,24.76,6.77,40.8,1,imu01,fusion_usb_step4_20260819,1984,45444622,639167187007481
639167218000000,45464,0.116,0.411,-0.733,11.94,3.26,23.18,1,imu01,fusion_usb_step4_20260819,1985,45464618,639167207002548
639167234000000,45484,0.109,0.479,-0.687,15.78,-0.06,5.91,1,imu01,fusion_usb_step4_20260819,1986,45484622,639167227005614
639167250000000,45504,0.095,0.594,-0.768,8.66,-10.95,-5.25,1,imu01,fusion_usb_step4_20260819,1987,45504618,639167247000681
639167281000000,45524,0.049,0.654,-0.91,-0.62,-20.86,-8.08,1,imu01,fusion_usb_step4_20260819,1988,45524622,639167267003748
639167296000000,45544,0.037,0.747,-0.954,-3.97,-18.12,-6.19,1,imu01,fusion_usb_step4_20260819,1989,45544618,639167286998814
639167312000000,45564,0.039,0.682,-0.944,12.83,-6.97,3.93,1,imu01,fusion_usb_step4_20260819,1990,45564622,639167307001881
639167328000000,45584,0.071,0.633,-0.864,15.37,5.58,9.09,1,imu01,fusion_usb_step4_20260819,1991,45584618,639167326996948
639167359000000,45604,0.08,0.539,-0.754,19.7,12.42,10.43,1,imu01,fusion_usb_step4_20260819,1992,45604622,639167347000014
639167375000000,45624,0.078,0.524,-0.71,4.2,6.0,4.32,1,imu01,fusion_usb_step4_20260819,1993,45624618,639167366995081
639167390000000,45644,0.075,0.55,-0.798,-5.66,-4.5,0.12,1,imu01,fusion_usb_step4_20260819,1994,45644622,639167386998147
639167421000000,45664,0.072,0.557,-0.826,-0.31,-5.39,-0.79,1,imu01,fusion_usb_step4_20260819,1995,45664618,639167406993214
639167437000000,45684,0.077,0.58,-0.866,5.36,-1.58,-0.58,1,imu01,fusion_usb_step4_20260819,1996,45684622,639167426996281
639167453000000,45704,0.082,0.542,-0.787,20.91,6.1,0.49,1,imu01,fusion_usb_step4_20260819,1997,45704618,639167446991348
639167468000000,45724,0.082,0.543,-0.805,16.62,3.04,-0.98,1,imu01,fusion_usb_step4_20260819,1998,45724622,639167466994414
639167500000000,45744,0.093,0.57,-0.854,10.33,-0.19,1.9,1,imu01,fusion_usb_step4_20260819,1999,45744618,639167486989481
639167515000000,45764,0.085,0.531,-0.782,17.75,3.38,5.45,1,imu01,fusion_usb_step4_20260819,2000,45764622,639167506992547
639167531000000,45784,0.109,0.514,-0.816,12.79,2.52,4.39,1,imu01,fusion_usb_step4_20260819,2001,45784618,639167526987614
639167562000000,45804,0.11,0.485,-0.799,21.18,3.62,2.33,1,imu01,fusion_usb_step4_20260819,2002,45804622,639167546990681
639167578000000,45824,0.112,0.483,-0.808,21.87,0.18,-2.62,1,imu01,fusion_usb_step4_20260819,2003,45824618,639167566985748
639167593000000,45844,0.116,0.448,-0.919,16.08,-3.14,-10.14,1,imu01,fusion_usb_step4_20260819,2004,45844622,639167586988814
639167609000000,45864,0.109,0.554,-0.878,9.83,0.91,-20.04,1,imu01,fusion_usb_step4_20260819,2005,45864618,639167606983881
639167640000000,45884,0.089,0.569,-0.844,13.7,3.0,-16.96,1,imu01,fusion_usb_step4_20260819,2006,45884622,639167626986947
639167656000000,45904,0.08,0.513,-0.792,15.14,3.57,-13.44,1,imu01,fusion_usb_step4_20260819,2007,45904618,639167646982014
639167671000000,45924,0.093,0.498,-0.892,5.66,-0.93,-11.98,1,imu01,fusion_usb_step4_20260819,2008,45924622,639167666985081
639167703000000,45944,0.103,0.389,-0.774,20.66,7.31,-15.75,1,imu01,fusion_usb_step4_20260819,2009,45944618,639167686980148
639167718000000,45964,0.091,0.504,-0.869,5.17,1.04,-26.88,1,imu01,fusion_usb_step4_20260819,2010,45964622,639167706983214
639167734000000,45984,0.062,0.545,-0.882,-2.12,-1.8,-31.58,1,imu01,fusion_usb_step4_20260819,2011,45984618,639167726978281
639167750000000,46004,0.021,0.532,-0.911,0.84,2.15,-29.85,1,imu01,fusion_usb_step4_20260819,2012,46004622,639167746981347
639167781000000,46024,0.046,0.563,-0.858,3.72,6.13,-26.33,1,imu01,fusion_usb_step4_20260819,2013,46024618,639167766976414
639167796000000,46044,0.051,0.498,-0.93,-0.68,2.26,-18.74,1,imu01,fusion_usb_step4_20260819,2014,46044622,639167786979481
639167812000000,46064,0.064,0.451,-0.82,7.88,7.68,-19.35,1,imu01,fusion_usb_step4_20260819,2015,46064618,639167806974548
639167828000000,46084,0.05,0.474,-0.808,2.85,5.56,-24.32,1,imu01,fusion_usb_step4_20260819,2016,46084622,639167826977614
639167859000000,46104,0.037,0.505,-0.789,-4.83,-1.13,-27.01,1,imu01,fusion_usb_step4_20260819,2017,46104618,639167846972681
639167875000000,46124,0.029,0.535,-0.738,-4.14,-4.55,-25.53,1,imu01,fusion_usb_step4_20260819,2018,46124621,639167866974747
639167890000000,46144,0.016,0.55,-0.839,-7.38,-12.84,-22.52,1,imu01,fusion_usb_step4_20260819,2019,46144618,639167886970814
639167921000000,46164,-0.003,0.557,-0.911,-8.14,-15.21,-17.38,1,imu01,fusion_usb_step4_20260819,2020,46164622,639167906973881
639167937000000,46184,-0.019,0.585,-0.839,2.73,-5.39,-11.34,1,imu01,fusion_usb_step4_20260819,2021,46184618,639167926968947
639167953000000,46204,0.0,0.581,-0.779,8.59,-0.14,-5.12,1,imu01,fusion_usb_step4_20260819,2022,46204622,639167946972014
639167968000000,46224,0.023,0.594,-0.763,12.08,0.26,0.89,1,imu01,fusion_usb_step4_20260819,2023,46224618,639167966967081
639168000000000,46244,0.032,0.547,-0.766,12.17,-1.35,5.22,1,imu01,fusion_usb_step4_20260819,2024,46244622,639167986970147
639168015000000,46264,0.024,0.539,-0.848,4.85,-7.21,4.82,1,imu01,fusion_usb_step4_20260819,2025,46264618,639168006965214
639168031000000,46284,0.016,0.582,-0.971,-5.71,-12.61,4.86,1,imu01,fusion_usb_step4_20260819,2026,46284622,639168026968280
639168062000000,46304,0.02,0.535,-0.858,10.53,3.61,8.77,1,imu01,fusion_usb_step4_20260819,2027,46304618,639168046963347
639168078000000,46324,0.021,0.507,-0.807,10.9,8.02,10.07,1,imu01,fusion_usb_step4_20260819,2028,46324622,639168066966414
639168093000000,46344,0.025,0.548,-0.82,-4.54,2.07,5.46,1,imu01,fusion_usb_step4_20260819,2029,46344618,639168086961481
639168109000000,46364,0.014,0.548,-0.843,0.24,1.75,7.89,1,imu01,fusion_usb_step4_20260819,2030,46364622,639168106964547
639168140000000,46384,0.022,0.486,-0.853,-3.81,-3.0,10.75,1,imu01,fusion_usb_step4_20260819,2031,46384618,639168126959614
639168156000000,46404,0.01,0.465,-0.909,-3.17,-6.44,10.7,1,imu01,fusion_usb_step4_20260819,2032,46404622,639168146962680
639168171000000,46424,0.002,0.529,-0.956,-11.54,-9.9,6.23,1,imu01,fusion_usb_step4_20260819,2033,46424618,639168166957747
639168203000000,46444,0.002,0.604,-1.018,-13.79,-8.55,8.22,1,imu01,fusion_usb_step4_20260819,2034,46444622,639168186960814
639168218000000,46464,0.001,0.496,-0.869,3.27,5.76,17.7,1,imu01,fusion_usb_step4_20260819,2035,46464618,639168206955881
639168234000000,46484,0.038,0.403,-0.886,4.0,8.16,22.51,1,imu01,fusion_usb_step4_20260819,2036,46484622,639168226958947
639168250000000,46504,0.041,0.353,-0.767,10.3,13.52,21.05,1,imu01,fusion_usb_step4_20260819,2037,46504618,639168246954014
639168281000000,46524,0.038,0.373,-0.779,5.2,5.18,15.08,1,imu01,fusion_usb_step4_20260819,2038,46524622,639168266957080
639168296000000,46544,0.042,0.397,-0.783,-4.12,-5.99,7.18,1,imu01,fusion_usb_step4_20260819,2039,46544618,639168286952147
639168312000000,46564,0.04,0.499,-0.893,-6.15,-13.93,3.93,1,imu01,fusion_usb_step4_20260819,2040,46564622,639168306955214
639168328000000,46584,0.001,0.572,-0.937,-8.78,-16.54,4.4,1,imu01,fusion_usb_step4_20260819,2041,46584618,639168326950281
639168359000000,46604,0.011,0.586,-0.962,-8.47,-9.21,11.46,1,imu01,fusion_usb_step4_20260819,2042,46604622,639168346953347
639168375000000,46624,0.032,0.504,-0.889,5.75,1.13,21.96,1,imu01,fusion_usb_step4_20260819,2043,46624618,639168366948414
639168390000000,46644,0.04,0.442,-0.781,10.55,10.39,24.15,1,imu01,fusion_usb_step4_20260819,2044,46644622,639168386951480
639168421000000,46664,0.077,0.461,-0.724,9.81,7.5,20.0,1,imu01,fusion_usb_step4_20260819,2045,46664618,639168406946547
639168437000000,46684,0.082,0.508,-0.841,-5.9,-7.35,14.69,1,imu01,fusion_usb_step4_20260819,2046,46684622,639168426949614
639168453000000,46704,0.095,0.51,-0.864,-0.89,-9.28,13.73,1,imu01,fusion_usb_step4_20260819,2047,46704618,639168446944681
639168468000000,46724,0.087,0.551,-0.903,-1.11,-8.01,11.84,1,imu01,fusion_usb_step4_20260819,2048,46724622,639168466947747
639168500000000,46744,0.078,0.524,-0.895,0.91,-1.3,11.53,1,imu01,fusion_usb_step4_20260819,2049,46744618,639168486942814
639168515000000,46764,0.08,0.52,-0.84,3.9,3.74,10.81,1,imu01,fusion_usb_step4_20260819,2050,46764622,639168506945880
639168531000000,46784,0.047,0.534,-0.84,-1.44,3.13,8.47,1,imu01,fusion_usb_step4_20260819,2051,46784618,639168526940947
639168562000000,46804,0.041,0.594,-0.802,-0.03,5.55,6.53,1,imu01,fusion_usb_step4_20260819,2052,46804622,639168546944014
639168578000000,46824,0.033,0.553,-0.804,-1.22,3.78,10.89,1,imu01,fusion_usb_step4_20260819,2053,46824618,639168566939080
639168593000000,46844,0.063,0.472,-0.796,2.15,1.71,16.53,1,imu01,fusion_usb_step4_20260819,2054,46844622,639168586942147
639168609000000,46864,0.066,0.363,-0.809,3.18,-0.44,15.32,1,imu01,fusion_usb_step4_20260819,2055,46864618,639168606937214
639168640000000,46884,0.068,0.451,-0.838,-4.72,-3.8,3.94,1,imu01,fusion_usb_step4_20260819,2056,46884622,639168626940280
639168656000000,46904,0.04,0.508,-0.812,-8.88,-3.9,-4.63,1,imu01,fusion_usb_step4_20260819,2057,46904618,639168646935347
639168671000000,46924,0.032,0.588,-0.841,-16.46,-3.42,-4.82,1,imu01,fusion_usb_step4_20260819,2058,46924622,639168666938414
639168703000000,46944,0.024,0.575,-0.812,-5.18,5.82,6.36,1,imu01,fusion_usb_step4_20260819,2059,46944618,639168686933480
639168718000000,46964,0.058,0.432,-0.737,6.39,16.59,17.53,1,imu01,fusion_usb_step4_20260819,2060,46964622,639168706936547
639168734000000,46984,0.095,0.315,-0.674,5.45,17.92,16.68,1,imu01,fusion_usb_step4_20260819,2061,46984618,639168726931614
639168750000000,47004,0.102,0.376,-0.774,-13.35,6.25,-1.11,1,imu01,fusion_usb_step4_20260819,2062,47004622,639168746934680
639168781000000,47024,0.08,0.482,-0.841,-14.92,4.53,-11.4,1,imu01,fusion_usb_step4_20260819,2063,47024618,639168766929747
639168796000000,47044,0.087,0.517,-0.758,-12.33,7.03,-15.05,1,imu01,fusion_usb_step4_20260819,2064,47044622,639168786932814
639168812000000,47064,0.072,0.53,-0.773,-15.8,5.37,-14.3,1,imu01,fusion_usb_step4_20260819,2065,47064618,639168806927880
639168828000000,47084,0.093,0.464,-0.675,-11.05,8.42,-10.56,1,imu01,fusion_usb_step4_20260819,2066,47084622,639168826930947
639168859000000,47104,0.096,0.363,-0.624,-12.61,3.44,-9.15,1,imu01,fusion_usb_step4_20260819,2067,47104618,639168846926014
639168875000000,47124,0.121,0.447,-0.811,-25.53,-13.38,-15.8,1,imu01,fusion_usb_step4_20260819,2068,47124622,639168866929080
639168890000000,47144,0.11,0.56,-0.849,-38.59,-20.64,-25.4,1,imu01,fusion_usb_step4_20260819,2069,47144618,639168886924147
639168921000000,47164,0.1,0.588,-0.904,-32.21,-19.69,-27.41,1,imu01,fusion_usb_step4_20260819,2070,47164622,639168906927214
639168937000000,47184,0.059,0.555,-0.914,-24.87,-13.71,-24.61,1,imu01,fusion_usb_step4_20260819,2071,47184618,639168926922280
639168953000000,47204,0.073,0.686,-1.018,-41.47,-8.87,-17.81,1,imu01,fusion_usb_step4_20260819,2072,47204622,639168946925347
639168968000000,47224,0.062,0.589,-0.894,-18.62,15.1,-6.31,1,imu01,fusion_usb_step4_20260819,2073,47224618,639168966920414
639169000000000,47244,0.095,0.536,-0.801,-0.72,26.62,0.82,1,imu01,fusion_usb_step4_20260819,2074,47244622,639168986923480
639169015000000,47264,0.075,0.42,-0.891,-2.57,24.41,1.82,1,imu01,fusion_usb_step4_20260819,2075,47264618,639169006918547
639169031000000,47284,0.163,0.42,-0.873,-12.84,31.1,-6.71,1,imu01,fusion_usb_step4_20260819,2076,47284622,639169026921614
639169062000000,47304,0.21,0.446,-0.783,-7.92,47.71,-21.3,1,imu01,fusion_usb_step4_20260819,2077,47304618,639169046916680
639169078000000,47324,0.259,0.701,-1.129,-16.72,49.66,-21.76,1,imu01,fusion_usb_step4_20260819,2078,47324622,639169066919747
639169093000000,47344,0.187,0.437,-0.34,9.4,77.22,-10.77,1,imu01,fusion_usb_step4_20260819,2079,47344618,639169086914814
639169109000000,47364,0.137,0.744,-0.71,-43.32,19.93,-30.78,1,imu01,fusion_usb_step4_20260819,2080,47364622,639169106917880
639169140000000,47384,0.118,0.853,-0.745,-48.55,-2.03,-18.85,1,imu01,fusion_usb_step4_20260819,2081,47384618,639169126912947
639169156000000,47404,0.093,0.843,-0.871,-53.65,-9.17,7.0,1,imu01,fusion_usb_step4_20260819,2082,47404622,639169146916014
639169171000000,47424,0.028,0.44,-1.238,-44.92,-5.87,37.0,1,imu01,fusion_usb_step4_20260819,2083,47424618,639169166911080
639169203000000,47444,0.1,0.553,-1.12,-1.12,21.8,33.9,1,imu01,fusion_usb_step4_20260819,2084,47444622,639169186914147
639169218000000,47464,0.134,0.612,-0.791,-8.18,55.46,16.51,1,imu01,fusion_usb_step4_20260819,2085,47464618,639169206909214
639169234000000,47484,0.141,0.591,-0.684,-5.75,64.07,0.95,1,imu01,fusion_usb_step4_20260819,2086,47484622,639169226912280
639169250000000,47504,0.133,0.666,-0.587,-6.3,56.91,-1.38,1,imu01,fusion_usb_step4_20260819,2087,47504618,639169246907347
639169281000000,47524,0.132,0.752,-0.689,-9.12,34.26,1.44,1,imu01,fusion_usb_step4_20260819,2088,47524622,639169266910413
639169296000000,47544,0.147,0.646,-0.752,-17.99,16.88,5.72,1,imu01,fusion_usb_step4_20260819,2089,47544618,639169286905480
639169312000000,47564,0.157,0.679,-0.755,-22.1,14.52,2.31,1,imu01,fusion_usb_step4_20260819,2090,47564622,639169306908547
639169328000000,47584,0.135,0.64,-0.693,-21.77,21.39,-4.49,1,imu01,fusion_usb_step4_20260819,2091,47584618,639169326903614
639169359000000,47604,0.155,0.698,-0.528,-13.19,25.31,-11.41,1,imu01,fusion_usb_step4_20260819,2092,47604622,639169346906680
639169375000000,47624,0.106,0.786,-0.568,-29.11,-6.32,-20.45,1,imu01,fusion_usb_step4_20260819,2093,47624618,639169366901747
639169390000000,47644,0.122,0.913,-0.833,-67.19,-42.58,-23.15,1,imu01,fusion_usb_step4_20260819,2094,47644622,639169386904813
639169421000000,47664,0.13,0.898,-0.961,-62.76,-44.77,-9.11,1,imu01,fusion_usb_step4_20260819,2095,47664618,639169406899880
639169437000000,47684,0.182,0.851,-0.834,-31.97,-15.84,4.01,1,imu01,fusion_usb_step4_20260819,2096,47684622,639169426902947
639169453000000,47704,0.233,0.827,-0.723,-1.45,12.53,14.99,1,imu01,fusion_usb_step4_20260819,2097,47704618,639169446898014
639169468000000,47724,0.268,0.706,-0.569,4.75,32.65,18.7,1,imu01,fusion_usb_step4_20260819,2098,47724622,639169466901080
639169500000000,47744,0.266,0.607,-0.627,-6.95,24.69,14.93,1,imu01,fusion_usb_step4_20260819,2099,47744618,639169486896147
639169515000000,47764,0.214,0.803,-0.518,-13.28,20.65,-0.33,1,imu01,fusion_usb_step4_20260819,2100,47764622,639169506899213
639169531000000,47784,0.143,0.867,-0.323,14.41,27.1,6.31,1,imu01,fusion_usb_step4_20260819,2101,47784618,639169526894280
639169562000000,47804,0.116,0.911,-0.319,17.04,0.63,20.45,1,imu01,fusion_usb_step4_20260819,2102,47804622,639169546897347
639169578000000,47824,0.165,0.727,-0.568,-8.44,-42.52,34.75,1,imu01,fusion_usb_step4_20260819,2103,47824618,639169566892414
639169593000000,47844,0.225,0.532,-0.865,-29.34,-71.38,36.14,1,imu01,fusion_usb_step4_20260819,2104,47844622,639169586895480
639169609000000,47864,0.207,0.56,-0.894,-21.61,-64.71,16.88,1,imu01,fusion_usb_step4_20260819,2105,47864618,639169606890547
639169640000000,47884,0.093,0.931,-0.913,-19.52,-50.61,-8.55,1,imu01,fusion_usb_step4_20260819,2106,47884622,639169626893613
639169656000000,47904,0.107,1.032,-0.844,-28.65,-21.47,-6.61,1,imu01,fusion_usb_step4_20260819,2107,47904618,639169646888680
639169671000000,47924,0.112,0.703,-0.608,2.08,8.9,19.53,1,imu01,fusion_usb_step4_20260819,2108,47924622,639169666891747
639169703000000,47944,0.129,0.669,-0.475,-9.99,10.55,15.7,1,imu01,fusion_usb_step4_20260819,2109,47944618,639169686886814
639169718000000,47964,0.115,0.694,-0.489,-16.14,-2.45,6.9,1,imu01,fusion_usb_step4_20260819,2110,47964622,639169706889880
639169734000000,47984,0.136,0.76,-0.614,-35.54,-19.76,-1.24,1,imu01,fusion_usb_step4_20260819,2111,47984618,639169726884947
639169750000000,48004,0.135,0.814,-0.569,-29.44,-18.28,-3.53,1,imu01,fusion_usb_step4_20260819,2112,48004622,639169746888013
639169781000000,48024,0.11,0.835,-0.613,-32.37,-19.13,0.68,1,imu01,fusion_usb_step4_20260819,2113,48024618,639169766883080
639169796000000,48044,0.13,0.868,-0.554,-12.62,-7.67,7.3,1,imu01,fusion_usb_step4_20260819,2114,48044622,639169786886147
639169812000000,48064,0.162,0.782,-0.545,-2.06,-3.22,17.83,1,imu01,fusion_usb_step4_20260819,2115,48064618,639169806881213
639169828000000,48084,0.2,0.732,-0.449,11.49,1.0,19.48,1,imu01,fusion_usb_step4_20260819,2116,48084622,639169826884280
639169859000000,48104,0.218,0.71,-0.557,-4.8,-14.21,13.91,1,imu01,fusion_usb_step4_20260819,2117,48104618,639169846879347
639169875000000,48124,0.208,0.709,-0.641,-15.29,-24.66,6.85,1,imu01,fusion_usb_step4_20260819,2118,48124621,639169866881413
639169890000000,48144,0.184,0.804,-0.712,-16.85,-19.81,-0.19,1,imu01,fusion_usb_step4_20260819,2119,48144618,639169886877480
639169921000000,48164,0.197,0.849,-0.629,-8.31,-6.21,-1.54,1,imu01,fusion_usb_step4_20260819,2120,48164622,639169906880546
639169937000000,48184,0.211,0.754,-0.58,3.72,2.99,3.31,1,imu01,fusion_usb_step4_20260819,2121,48184618,639169926875613
639169953000000,48204,0.365,0.986,-0.184,7.4,8.75,-7.43,1,imu01,fusion_usb_step4_20260819,2122,48204622,639169946878680
639169968000000,48224,0.133,0.552,-0.869,-15.58,-22.44,-1.26,1,imu01,fusion_usb_step4_20260819,2123,48224618,639169966873747
639170000000000,48244,0.118,0.817,-0.56,-15.6,-22.77,-35.44,1,imu01,fusion_usb_step4_20260819,2124,48244622,639169986876813
639170015000000,48264,0.045,1.064,-0.908,-47.33,-33.0,-36.65,1,imu01,fusion_usb_step4_20260819,2125,48264618,639170006871880
639170031000000,48284,0.106,1.099,-0.663,-13.7,-7.61,-14.77,1,imu01,fusion_usb_step4_20260819,2126,48284622,639170026874946
639170062000000,48304,0.165,0.754,-0.578,25.12,16.97,21.22,1,imu01,fusion_usb_step4_20260819,2127,48304618,639170046870013
639170078000000,48324,0.203,0.583,-0.472,20.4,16.97,26.33,1,imu01,fusion_usb_step4_20260819,2128,48324622,639170066873080
639170093000000,48344,0.222,0.623,-0.528,9.37,7.08,10.71,1,imu01,fusion_usb_step4_20260819,2129,48344618,639170086868147
639170109000000,48364,0.174,0.775,-0.657,-11.15,-7.22,-4.75,1,imu01,fusion_usb_step4_20260819,2130,48364622,639170106871213
639170140000000,48384,0.167,0.811,-0.664,-11.99,-5.65,-5.34,1,imu01,fusion_usb_step4_20260819,2131,48384618,639170126866280
639170156000000,48404,0.169,0.749,-0.586,3.4,5.68,2.66,1,imu01,fusion_usb_step4_20260819,2132,48404622,639170146869346
639170171000000,48424,0.185,0.69,-0.52,8.44,9.39,4.75,1,imu01,fusion_usb_step4_20260819,2133,48424618,639170166864413
639170203000000,48444,0.186,0.695,-0.577,1.9,4.78,1.38,1,imu01,fusion_usb_step4_20260819,2134,48444622,639170186867480
639170218000000,48464,0.185,0.738,-0.589,-2.73,2.41,-3.2,1,imu01,fusion_usb_step4_20260819,2135,48464618,639170206862547
639170234000000,48484,0.208,0.8,-0.582,0.21,4.5,-3.27,1,imu01,fusion_usb_step4_20260819,2136,48484622,639170226865613
639170250000000,48504,0.21,0.734,-0.562,3.58,4.68,-0.41,1,imu01,fusion_usb_step4_20260819,2137,48504618,639170246860680
639170281000000,48524,0.197,0.793,-0.556,-0.26,2.92,-3.01,1,imu01,fusion_usb_step4_20260819,2138,48524622,639170266863746
639170296000000,48544,0.175,0.784,-0.62,-2.81,0.47,-4.32,1,imu01,fusion_usb_step4_20260819,2139,48544618,639170286858813
639170312000000,48564,0.155,0.84,-0.593,1.69,3.53,-5.07,1,imu01,fusion_usb_step4_20260819,2140,48564622,639170306861880
639170328000000,48584,0.159,0.834,-0.595,1.95,4.92,-2.87,1,imu01,fusion_usb_step4_20260819,2141,48584618,639170326856947
639170359000000,48604,0.165,0.823,-0.65,-0.36,2.67,-0.35,1,imu01,fusion_usb_step4_20260819,2142,48604622,639170346860013
639170375000000,48624,0.169,0.789,-0.643,-0.57,3.04,2.43,1,imu01,fusion_usb_step4_20260819,2143,48624618,639170366855080
639170390000000,48644,0.15,0.76,-0.66,-2.2,4.03,3.67,1,imu01,fusion_usb_step4_20260819,2144,48644622,639170386858146
639170421000000,48664,0.146,0.802,-0.629,-0.02,7.46,-0.18,1,imu01,fusion_usb_step4_20260819,2145,48664618,639170406853213
639170437000000,48684,0.135,0.818,-0.628,0.7,9.33,1.44,1,imu01,fusion_usb_step4_20260819,2146,48684622,639170426856280
639170453000000,48704,0.135,0.789,-0.621,0.96,11.71,5.1,1,imu01,fusion_usb_step4_20260819,2147,48704618,639170446851346
639170468000000,48724,0.143,0.755,-0.581,6.14,15.1,6.69,1,imu01,fusion_usb_step4_20260819,2148,48724622,639170466854413
639170500000000,48744,0.151,0.73,-0.57,7.27,13.15,6.36,1,imu01,fusion_usb_step4_20260819,2149,48744618,639170486849480
639170515000000,48764,0.161,0.694,-0.53,6.88,8.4,2.8,1,imu01,fusion_usb_step4_20260819,2150,48764622,639170506852546
639170531000000,48784,0.148,0.727,-0.549,2.76,0.33,-3.58,1,imu01,fusion_usb_step4_20260819,2151,48784618,639170526847613
639170562000000,48804,0.14,0.811,-0.601,-6.15,-7.81,-8.38,1,imu01,fusion_usb_step4_20260819,2152,48804622,639170546850680
639170578000000,48824,0.133,0.814,-0.589,-2.59,-7.31,-4.73,1,imu01,fusion_usb_step4_20260819,2153,48824618,639170566845746
639170593000000,48844,0.14,0.8,-0.647,-1.8,-7.82,-2.35,1,imu01,fusion_usb_step4_20260819,2154,48844622,639170586848813
639170609000000,48864,0.135,0.801,-0.599,6.66,-1.17,0.21,1,imu01,fusion_usb_step4_20260819,2155,48864618,639170606843880
639170640000000,48884,0.131,0.795,-0.578,8.1,2.43,2.54,1,imu01,fusion_usb_step4_20260819,2156,48884622,639170626846946
639170656000000,48904,0.139,0.762,-0.517,6.88,0.13,4.02,1,imu01,fusion_usb_step4_20260819,2157,48904618,639170646842013
639170671000000,48924,0.147,0.767,-0.627,-8.54,-9.24,1.86,1,imu01,fusion_usb_step4_20260819,2158,48924622,639170666845080
639170703000000,48944,0.143,0.824,-0.649,-4.6,-8.78,0.99,1,imu01,fusion_usb_step4_20260819,2159,48944618,639170686840146
639170718000000,48964,0.142,0.798,-0.641,0.01,-5.06,3.69,1,imu01,fusion_usb_step4_20260819,2160,48964622,639170706843213
639170734000000,48984,0.16,0.762,-0.602,5.11,-1.43,5.26,1,imu01,fusion_usb_step4_20260819,2161,48984618,639170726838280
639170750000000,49004,0.177,0.758,-0.597,1.44,-2.61,4.7,1,imu01,fusion_usb_step4_20260819,2162,49004622,639170746841346
639170781000000,49024,0.179,0.781,-0.624,-1.83,-4.35,3.09,1,imu01,fusion_usb_step4_20260819,2163,49024618,639170766836413
639170796000000,49044,0.177,0.803,-0.643,-2.63,-4.0,3.89,1,imu01,fusion_usb_step4_20260819,2164,49044622,639170786839480
639170812000000,49064,0.178,0.794,-0.63,-1.1,-1.61,5.92,1,imu01,fusion_usb_step4_20260819,2165,49064618,639170806834546
639170828000000,49084,0.192,0.774,-0.608,1.76,1.62,7.12,1,imu01,fusion_usb_step4_20260819,2166,49084622,639170826837613
639170859000000,49104,0.205,0.746,-0.622,0.9,1.06,8.5,1,imu01,fusion_usb_step4_20260819,2167,49104618,639170846832680
639170875000000,49124,0.219,0.712,-0.59,7.06,4.51,7.47,1,imu01,fusion_usb_step4_20260819,2168,49124622,639170866835746
639170890000000,49144,0.206,0.733,-0.601,4.98,4.54,4.29,1,imu01,fusion_usb_step4_20260819,2169,49144618,639170886830813
639170921000000,49164,0.208,0.725,-0.547,6.75,5.4,1.7,1,imu01,fusion_usb_step4_20260819,2170,49164622,639170906833880
639170937000000,49184,0.199,0.732,-0.627,-0.6,0.41,1.32,1,imu01,fusion_usb_step4_20260819,2171,49184618,639170926828946
639170953000000,49204,0.186,0.766,-0.639,-1.03,-1.05,-1.27,1,imu01,fusion_usb_step4_20260819,2172,49204622,639170946832013
639170968000000,49224,0.186,0.768,-0.633,2.12,-0.33,-0.85,1,imu01,fusion_usb_step4_20260819,2173,49224618,639170966827080
639171000000000,49244,0.181,0.773,-0.645,3.49,1.33,-0.36,1,imu01,fusion_usb_step4_20260819,2174,49244622,639170986830146
639171015000000,49264,0.179,0.788,-0.628,4.22,2.91,0.76,1,imu01,fusion_usb_step4_20260819,2175,49264618,639171006825213
639171031000000,49284,0.194,0.765,-0.632,4.64,5.23,2.16,1,imu01,fusion_usb_step4_20260819,2176,49284622,639171026828280
639171062000000,49304,0.175,0.765,-0.661,2.36,3.75,0.28,1,imu01,fusion_usb_step4_20260819,2177,49304618,639171046823346
639171078000000,49324,0.169,0.778,-0.584,2.79,4.18,-1.86,1,imu01,fusion_usb_step4_20260819,2178,49324622,639171066826413
639171093000000,49344,0.168,0.786,-0.612,0.47,2.09,-2.15,1,imu01,fusion_usb_step4_20260819,2179,49344618,639171086821480
639171109000000,49364,0.164,0.774,-0.623,-1.8,0.36,-1.21,1,imu01,fusion_usb_step4_20260819,2180,49364622,639171106824546
639171140000000,49384,0.168,0.773,-0.612,-0.53,0.52,-0.32,1,imu01,fusion_usb_step4_20260819,2181,49384618,639171126819613
639171156000000,49404,0.178,0.753,-0.611,0.85,0.3,1.31,1,imu01,fusion_usb_step4_20260819,2182,49404622,639171146822680
639171171000000,49424,0.184,0.744,-0.617,-0.57,-0.75,1.4,1,imu01,fusion_usb_step4_20260819,2183,49424618,639171166817746
639171203000000,49444,0.183,0.76,-0.641,-3.49,-2.12,0.59,1,imu01,fusion_usb_step4_20260819,2184,49444622,639171186820813
639171218000000,49464,0.185,0.765,-0.64,-4.51,-2.13,0.25,1,imu01,fusion_usb_step4_20260819,2185,49464618,639171206815880
639171234000000,49484,0.186,0.758,-0.628,1.38,0.97,1.16,1,imu01,fusion_usb_step4_20260819,2186,49484622,639171226818946
639171250000000,49504,0.18,0.763,-0.593,4.04,2.87,-0.01,1,imu01,fusion_usb_step4_20260819,2187,49504618,639171246814013
639171281000000,49524,0.167,0.766,-0.597,0.11,0.78,-0.29,1,imu01,fusion_usb_step4_20260819,2188,49524622,639171266817079
639171296000000,49544,0.181,0.746,-0.588,1.2,-0.28,0.96,1,imu01,fusion_usb_step4_20260819,2189,49544618,639171286812146
639171312000000,49564,0.178,0.763,-0.624,-2.13,-3.28,1.01,1,imu01,fusion_usb_step4_20260819,2190,49564622,639171306815213
639171328000000,49584,0.178,0.786,-0.638,-1.01,-2.08,1.15,1,imu01,fusion_usb_step4_20260819,2191,49584618,639171326810280
639171359000000,49604,0.184,0.781,-0.67,0.48,-0.15,3.67,1,imu01,fusion_usb_step4_20260819,2192,49604622,639171346813346
639171375000000,49624,0.196,0.712,-0.611,5.93,4.28,5.27,1,imu01,fusion_usb_step4_20260819,2193,49624618,639171366808413
639171390000000,49644,0.196,0.752,-0.611,2.98,4.32,1.35,1,imu01,fusion_usb_step4_20260819,2194,49644622,639171386811479
639171421000000,49664,0.183,0.759,-0.592,2.79,2.49,-1.54,1,imu01,fusion_usb_step4_20260819,2195,49664618,639171406806546
639171437000000,49684,0.18,0.786,-0.605,-2.9,-2.13,-2.26,1,imu01,fusion_usb_step4_20260819,2196,49684622,639171426809613
639171453000000,49704,0.19,0.787,-0.611,-1.25,-2.19,0.92,1,imu01,fusion_usb_step4_20260819,2197,49704618,639171446804680
639171468000000,49724,0.197,0.727,-0.614,1.08,-1.72,3.89,1,imu01,fusion_usb_step4_20260819,2198,49724622,639171466807746
639171500000000,49744,0.194,0.741,-0.626,-0.29,-1.3,1.64,1,imu01,fusion_usb_step4_20260819,2199,49744618,639171486802813
639171515000000,49764,0.18,0.768,-0.63,-2.66,-1.54,-1.43,1,imu01,fusion_usb_step4_20260819,2200,49764622,639171506805879
639171531000000,49784,0.182,0.772,-0.623,-0.21,0.39,-0.75,1,imu01,fusion_usb_step4_20260819,2201,49784618,639171526800946
639171562000000,49804,0.186,0.747,-0.601,2.19,1.78,1.19,1,imu01,fusion_usb_step4_20260819,2202,49804622,639171546804013
639171578000000,49824,0.182,0.746,-0.599,2.04,0.69,0.72,1,imu01,fusion_usb_step4_20260819,2203,49824618,639171566799080
639171593000000,49844,0.174,0.769,-0.633,-1.79,-2.44,-0.77,1,imu01,fusion_usb_step4_20260819,2204,49844622,639171586802146
639171609000000,49864,0.18,0.766,-0.615,0.17,-0.91,-0.47,1,imu01,fusion_usb_step4_20260819,2205,49864618,639171606797213
639171640000000,49884,0.182,0.759,-0.619,1.15,-0.09,0.88,1,imu01,fusion_usb_step4_20260819,2206,49884622,639171626800279
639171656000000,49904,0.188,0.748,-0.609,1.35,-0.07,1.2,1,imu01,fusion_usb_step4_20260819,2207,49904618,639171646795346
639171671000000,49924,0.184,0.763,-0.633,-0.23,-1.22,1.06,1,imu01,fusion_usb_step4_20260819,2208,49924622,639171666798413
639171703000000,49944,0.192,0.765,-0.611,1.78,-1.16,1.35,1,imu01,fusion_usb_step4_20260819,2209,49944618,639171686793480
639171718000000,49964,0.187,0.772,-0.632,-2.49,-1.62,0.82,1,imu01,fusion_usb_step4_20260819,2210,49964622,639171706796546
639171734000000,49984,0.189,0.765,-0.652,-1.8,-1.68,0.97,1,imu01,fusion_usb_step4_20260819,2211,49984618,639171726791613
639171750000000,50004,0.193,0.749,-0.617,-0.07,0.79,1.33,1,imu01,fusion_usb_step4_20260819,2212,50004622,639171746794679
639171781000000,50024,0.195,0.756,-0.608,0.74,1.36,0.99,1,imu01,fusion_usb_step4_20260819,2213,50024618,639171766789746
639171796000000,50044,0.183,0.748,-0.628,-0.81,0.07,-0.27,1,imu01,fusion_usb_step4_20260819,2214,50044622,639171786792813
639171812000000,50064,0.183,0.766,-0.622,-0.51,-0.22,-0.98,1,imu01,fusion_usb_step4_20260819,2215,50064618,639171806787879
639171828000000,50084,0.183,0.76,-0.611,0.43,0.83,0.07,1,imu01,fusion_usb_step4_20260819,2216,50084622,639171826790946
639171859000000,50104,0.185,0.77,-0.629,0.41,0.78,0.8,1,imu01,fusion_usb_step4_20260819,2217,50104618,639171846786013
639171875000000,50124,0.181,0.761,-0.612,1.23,0.81,1.03,1,imu01,fusion_usb_step4_20260819,2218,50124621,639171866788079
639171890000000,50144,0.175,0.77,-0.627,-0.42,0.36,0.74,1,imu01,fusion_usb_step4_20260819,2219,50144618,639171886784146
639171921000000,50164,0.182,0.765,-0.61,1.58,1.67,1.39,1,imu01,fusion_usb_step4_20260819,2220,50164622,639171906787212
639171937000000,50184,0.198,0.763,-0.623,-1.25,0.54,2.57,1,imu01,fusion_usb_step4_20260819,2221,50184618,639171926782279
639171953000000,50204,0.211,0.73,-0.643,-1.81,1.04,3.79,1,imu01,fusion_usb_step4_20260819,2222,50204622,639171946785346
639171968000000,50224,0.212,0.727,-0.605,3.25,3.8,2.38,1,imu01,fusion_usb_step4_20260819,2223,50224618,639171966780413
639172000000000,50244,0.196,0.776,-0.62,-0.44,2.26,-0.48,1,imu01,fusion_usb_step4_20260819,2224,50244622,639171986783479
639172015000000,50264,0.195,0.737,-0.599,2.99,2.34,0.18,1,imu01,fusion_usb_step4_20260819,2225,50264618,639172006778546
639172031000000,50284,0.196,0.755,-0.612,0.88,0.34,-0.09,1,imu01,fusion_usb_step4_20260819,2226,50284622,639172026781612
639172062000000,50304,0.193,0.768,-0.609,0.29,0.49,0.09,1,imu01,fusion_usb_step4_20260819,2227,50304618,639172046776679
639172078000000,50324,0.194,0.752,-0.616,0.11,0.58,1.69,1,imu01,fusion_usb_step4_20260819,2228,50324622,639172066779746
639172093000000,50344,0.205,0.753,-0.623,1.49,1.15,2.31,1,imu01,fusion_usb_step4_20260819,2229,50344618,639172086774813
639172109000000,50364,0.201,0.733,-0.602,2.15,0.49,1.83,1,imu01,fusion_usb_step4_20260819,2230,50364622,639172106777879
639172140000000,50384,0.204,0.746,-0.627,-0.17,-0.87,0.41,1,imu01,fusion_usb_step4_20260819,2231,50384618,639172126772946
639172156000000,50404,0.195,0.754,-0.636,-0.75,-0.57,-0.96,1,imu01,fusion_usb_step4_20260819,2232,50404622,639172146776012
639172171000000,50424,0.192,0.755,-0.605,-0.43,0.58,-1.31,1,imu01,fusion_usb_step4_20260819,2233,50424618,639172166771079
639172187000000,50444,0.193,0.764,-0.631,-2.94,-0.65,-0.78,1,imu01,fusion_usb_step4_20260819,2234,50444622,639172186774146
639172218000000,50464,0.187,0.758,-0.612,2.79,1.6,0.32,1,imu01,fusion_usb_step4_20260819,2235,50464618,639172206769213
639172234000000,50484,0.194,0.754,-0.606,1.09,1.42,0.28,1,imu01,fusion_usb_step4_20260819,2236,50484622,639172226772279
639172250000000,50504,0.192,0.759,-0.616,-0.44,-0.55,0.86,1,imu01,fusion_usb_step4_20260819,2237,50504618,639172246767346
639172281000000,50524,0.197,0.748,-0.632,1.41,-0.89,1.04,1,imu01,fusion_usb_step4_20260819,2238,50524622,639172266770412
639172296000000,50544,0.195,0.761,-0.671,-1.04,-0.64,0.78,1,imu01,fusion_usb_step4_20260819,2239,50544618,639172286765479
639172312000000,50564,0.205,0.746,-0.609,5.05,3.66,1.31,1,imu01,fusion_usb_step4_20260819,2240,50564622,639172306768546
639172328000000,50584,0.206,0.768,-0.606,-0.81,1.84,0.38,1,imu01,fusion_usb_step4_20260819,2241,50584618,639172326763613
639172359000000,50604,0.202,0.766,-0.636,-3.15,0.28,-0.04,1,imu01,fusion_usb_step4_20260819,2242,50604622,639172346766679
639172375000000,50624,0.201,0.74,-0.592,-0.02,-0.34,-0.18,1,imu01,fusion_usb_step4_20260819,2243,50624618,639172366761746
639172390000000,50644,0.194,0.756,-0.642,-5.53,-1.93,-0.94,1,imu01,fusion_usb_step4_20260819,2244,50644622,639172386764812
639172421000000,50664,0.191,0.768,-0.589,2.86,1.24,-0.61,1,imu01,fusion_usb_step4_20260819,2245,50664618,639172406759879
639172437000000,50684,0.191,0.765,-0.615,-1.22,-1.16,-0.14,1,imu01,fusion_usb_step4_20260819,2246,50684622,639172426762946
639172453000000,50704,0.184,0.764,-0.63,-2.6,-1.93,0.02,1,imu01,fusion_usb_step4_20260819,2247,50704618,639172446758012
639172468000000,50724,0.192,0.76,-0.635,-0.47,-0.74,1.22,1,imu01,fusion_usb_step4_20260819,2248,50724622,639172466761079
639172500000000,50744,0.207,0.734,-0.617,-0.43,0.39,1.32,1,imu01,fusion_usb_step4_20260819,2249,50744618,639172486756146
639172515000000,50764,0.201,0.755,-0.645,-1.58,0.76,0.35,1,imu01,fusion_usb_step4_20260819,2250,50764622,639172506759212
639172531000000,50784,0.195,0.752,-0.592,2.53,3.01,0.53,1,imu01,fusion_usb_step4_20260819,2251,50784618,639172526754279
639172562000000,50804,0.191,0.766,-0.609,-0.12,1.82,0.47,1,imu01,fusion_usb_step4_20260819,2252,50804622,639172546757346
639172578000000,50824,0.2,0.766,-0.627,-0.37,0.51,0.96,1,imu01,fusion_usb_step4_20260819,2253,50824618,639172566752412
639172593000000,50844,0.216,0.757,-0.62,1.11,0.01,1.28,1,imu01,fusion_usb_step4_20260819,2254,50844622,639172586755479
639172609000000,50864,0.206,0.744,-0.648,-1.21,-0.44,1.35,1,imu01,fusion_usb_step4_20260819,2255,50864618,639172606750546
639172640000000,50884,0.205,0.743,-0.605,1.88,1.94,0.76,1,imu01,fusion_usb_step4_20260819,2256,50884622,639172626753612
639172656000000,50904,0.197,0.769,-0.629,1.25,2.67,0.06,1,imu01,fusion_usb_step4_20260819,2257,50904618,639172646748679
639172671000000,50924,0.206,0.745,-0.599,3.48,2.36,0.72,1,imu01,fusion_usb_step4_20260819,2258,50924622,639172666751746
639172703000000,50944,0.202,0.759,-0.647,-0.41,1.43,-0.05,1,imu01,fusion_usb_step4_20260819,2259,50944618,639172686746812
639172718000000,50964,0.198,0.761,-0.607,4.98,3.0,0.62,1,imu01,fusion_usb_step4_20260819,2260,50964622,639172706749879
639172734000000,50984,0.21,0.767,-0.609,2.7,2.65,0.89,1,imu01,fusion_usb_step4_20260819,2261,50984618,639172726744946
639172750000000,51004,0.201,0.744,-0.625,1.38,0.8,1.72,1,imu01,fusion_usb_step4_20260819,2262,51004622,639172746748012
639172781000000,51024,0.206,0.754,-0.584,-0.34,0.0,0.06,1,imu01,fusion_usb_step4_20260819,2263,51024618,639172766743079
639172796000000,51044,0.209,0.779,-0.658,-4.78,-2.02,0.07,1,imu01,fusion_usb_step4_20260819,2264,51044622,639172786746146
639172812000000,51064,0.207,0.747,-0.635,-0.05,0.84,1.83,1,imu01,fusion_usb_step4_20260819,2265,51064618,639172806741212
639172828000000,51084,0.216,0.745,-0.614,0.4,2.13,1.31,1,imu01,fusion_usb_step4_20260819,2266,51084622,639172826744279
639172859000000,51104,0.201,0.751,-0.63,-0.67,1.91,-0.34,1,imu01,fusion_usb_step4_20260819,2267,51104618,639172846739346
639172875000000,51124,0.202,0.748,-0.596,0.95,2.15,-0.77,1,imu01,fusion_usb_step4_20260819,2268,51124622,639172866742412
639172890000000,51144,0.204,0.749,-0.648,-3.21,-0.24,-0.42,1,imu01,fusion_usb_step4_20260819,2269,51144618,639172886737479
639172921000000,51164,0.201,0.742,-0.593,2.47,1.89,-0.44,1,imu01,fusion_usb_step4_20260819,2270,51164622,639172906740546
639172937000000,51184,0.194,0.763,-0.64,-3.21,0.5,-0.73,1,imu01,fusion_usb_step4_20260819,2271,51184618,639172926735612
639172953000000,51204,0.203,0.752,-0.583,6.1,4.26,1.33,1,imu01,fusion_usb_step4_20260819,2272,51204622,639172946738679
639172968000000,51224,0.203,0.746,-0.614,-0.87,1.13,1.91,1,imu01,fusion_usb_step4_20260819,2273,51224618,639172966733746
639173000000000,51244,0.205,0.732,-0.602,3.48,2.27,2.05,1,imu01,fusion_usb_step4_20260819,2274,51244622,639172986736812
639173015000000,51264,0.212,0.767,-0.632,-1.73,0.13,0.22,1,imu01,fusion_usb_step4_20260819,2275,51264618,639173006731879
639173031000000,51284,0.208,0.77,-0.623,2.47,1.63,0.48,1,imu01,fusion_usb_step4_20260819,2276,51284622,639173026734946
639173062000000,51304,0.211,0.747,-0.629,-0.57,0.44,1.18,1,imu01,fusion_usb_step4_20260819,2277,51304618,639173046730012
639173078000000,51324,0.205,0.757,-0.634,-0.0,1.04,0.66,1,imu01,fusion_usb_step4_20260819,2278,51324622,639173066733079
639173093000000,51344,0.208,0.771,-0.636,-0.97,0.57,1.09,1,imu01,fusion_usb_step4_20260819,2279,51344618,639173086728146
639173109000000,51364,0.214,0.755,-0.615,1.63,2.29,2.89,1,imu01,fusion_usb_step4_20260819,2280,51364622,639173106731212
639173140000000,51384,0.22,0.749,-0.625,0.59,1.94,3.76,1,imu01,fusion_usb_step4_20260819,2281,51384618,639173126726279
639173156000000,51404,0.224,0.737,-0.603,1.75,2.0,3.25,1,imu01,fusion_usb_step4_20260819,2282,51404622,639173146729345
639173171000000,51424,0.232,0.756,-0.623,0.79,1.32,1.51,1,imu01,fusion_usb_step4_20260819,2283,51424618,639173166724412
639173187000000,51444,0.225,0.74,-0.609,3.03,1.44,1.41,1,imu01,fusion_usb_step4_20260819,2284,51444622,639173186727479
639173218000000,51464,0.225,0.742,-0.613,-0.15,-0.33,0.89,1,imu01,fusion_usb_step4_20260819,2285,51464618,639173206722546
639173234000000,51484,0.223,0.733,-0.637,-1.21,-1.18,0.28,1,imu01,fusion_usb_step4_20260819,2286,51484622,639173226725612
639173250000000,51504,0.215,0.739,-0.617,-1.4,-0.32,-1.2,1,imu01,fusion_usb_step4_20260819,2287,51504618,639173246720679
639173281000000,51524,0.208,0.753,-0.629,-1.21,0.14,-1.43,1,imu01,fusion_usb_step4_20260819,2288,51524622,639173266723745
639173296000000,51544,0.212,0.74,-0.611,-0.2,0.62,-0.33,1,imu01,fusion_usb_step4_20260819,2289,51544618,639173286718812
639173312000000,51564,0.215,0.731,-0.604,0.96,0.5,-0.4,1,imu01,fusion_usb_step4_20260819,2290,51564622,639173306721879
639173328000000,51584,0.214,0.75,-0.622,-0.88,-0.96,-1.3,1,imu01,fusion_usb_step4_20260819,2291,51584618,639173326716946
639173359000000,51604,0.207,0.749,-0.624,0.04,-0.69,-0.75,1,imu01,fusion_usb_step4_20260819,2292,51604622,639173346720012
639173375000000,51624,0.213,0.744,-0.622,-0.42,-0.14,-0.35,1,imu01,fusion_usb_step4_20260819,2293,51624618,639173366715079
639173390000000,51644,0.21,0.742,-0.62,0.95,0.37,-1.06,1,imu01,fusion_usb_step4_20260819,2294,51644622,639173386718145
639173421000000,51664,0.209,0.766,-0.63,-3.38,-0.74,-2.47,1,imu01,fusion_usb_step4_20260819,2295,51664618,639173406713212
639173437000000,51684,0.204,0.768,-0.622,-0.01,0.81,-0.51,1,imu01,fusion_usb_step4_20260819,2296,51684622,639173426716279
639173453000000,51704,0.201,0.755,-0.586,3.74,2.08,0.74,1,imu01,fusion_usb_step4_20260819,2297,51704618,639173446711346
639173468000000,51724,0.203,0.762,-0.604,-0.98,-1.12,0.12,1,imu01,fusion_usb_step4_20260819,2298,51724622,639173466714412
639173500000000,51744,0.212,0.761,-0.651,-2.78,-3.04,0.62,1,imu01,fusion_usb_step4_20260819,2299,51744618,639173486709479
639173515000000,51764,0.21,0.751,-0.635,1.75,-0.22,1.53,1,imu01,fusion_usb_step4_20260819,2300,51764622,639173506712545
639173531000000,51784,0.209,0.748,-0.612,4.29,2.1,1.77,1,imu01,fusion_usb_step4_20260819,2301,51784618,639173526707612
639173546000000,51804,0.218,0.747,-0.61,0.47,0.04,0.66,1,imu01,fusion_usb_step4_20260819,2302,51804622,639173546710679
639173578000000,51824,0.22,0.765,-0.645,-6.01,-2.61,-0.04,1,imu01,fusion_usb_step4_20260819,2303,51824618,639173566705746
639173593000000,51844,0.218,0.73,-0.63,0.12,0.32,1.28,1,imu01,fusion_usb_step4_20260819,2304,51844622,639173586708812
639173609000000,51864,0.222,0.733,-0.626,-0.63,0.42,0.24,1,imu01,fusion_usb_step4_20260819,2305,51864618,639173606703879
639173640000000,51884,0.215,0.741,-0.613,0.45,0.57,-1.19,1,imu01,fusion_usb_step4_20260819,2306,51884622,639173626706945
639173656000000,51904,0.215,0.762,-0.632,-2.33,-0.75,-1.17,1,imu01,fusion_usb_step4_20260819,2307,51904618,639173646702012
639173671000000,51924,0.212,0.747,-0.62,-0.27,1.07,0.41,1,imu01,fusion_usb_step4_20260819,2308,51924622,639173666705079
639173687000000,51944,0.219,0.736,-0.601,2.39,2.03,0.89,1,imu01,fusion_usb_step4_20260819,2309,51944618,639173686700145
639173718000000,51964,0.219,0.753,-0.618,-0.99,0.26,-1.15,1,imu01,fusion_usb_step4_20260819,2310,51964622,639173706703212
639173734000000,51984,0.22,0.756,-0.6,0.19,-0.02,-1.71,1,imu01,fusion_usb_step4_20260819,2311,51984618,639173726698279
639173750000000,52004,0.215,0.757,-0.642,-3.79,-1.44,-1.45,1,imu01,fusion_usb_step4_20260819,2312,52004622,639173746701345
639173781000000,52024,0.209,0.75,-0.622,0.72,0.76,-0.77,1,imu01,fusion_usb_step4_20260819,2313,52024618,639173766696412
639173796000000,52044,0.203,0.775,-0.61,-0.47,1.48,-1.41,1,imu01,fusion_usb_step4_20260819,2314,52044622,639173786699478
639173812000000,52064,0.2,0.762,-0.606,0.82,1.91,-0.07,1,imu01,fusion_usb_step4_20260819,2315,52064618,639173806694545
639173828000000,52084,0.216,0.741,-0.585,2.24,1.61,0.94,1,imu01,fusion_usb_step4_20260819,2316,52084622,639173826697612
639173859000000,52104,0.219,0.743,-0.626,-1.31,-1.12,-0.03,1,imu01,fusion_usb_step4_20260819,2317,52104618,639173846692679
639173875000000,52124,0.215,0.763,-0.649,-1.63,-0.96,-0.24,1,imu01,fusion_usb_step4_20260819,2318,52124621,639173866694745
639173890000000,52144,0.213,0.756,-0.631,1.87,1.87,0.51,1,imu01,fusion_usb_step4_20260819,2319,52144618,639173886690812
639173921000000,52164,0.209,0.738,-0.613,1.46,2.32,0.75,1,imu01,fusion_usb_step4_20260819,2320,52164622,639173906693878
639173937000000,52184,0.207,0.736,-0.608,1.2,1.76,-0.24,1,imu01,fusion_usb_step4_20260819,2321,52184618,639173926688945
639173953000000,52204,0.205,0.769,-0.613,-0.18,0.79,-1.91,1,imu01,fusion_usb_step4_20260819,2322,52204622,639173946692012
639173968000000,52224,0.206,0.766,-0.616,-0.6,0.28,-1.14,1,imu01,fusion_usb_step4_20260819,2323,52224618,639173966687079
639174000000000,52244,0.212,0.765,-0.62,1.03,0.36,0.52,1,imu01,fusion_usb_step4_20260819,2324,52244622,639173986690145
639174015000000,52264,0.214,0.734,-0.628,0.75,-0.13,1.36,1,imu01,fusion_usb_step4_20260819,2325,52264618,639174006685212
639174031000000,52284,0.215,0.766,-0.649,-1.19,-0.22,1.7,1,imu01,fusion_usb_step4_20260819,2326,52284622,639174026688278
639174062000000,52304,0.218,0.735,-0.617,1.33,1.16,2.2,1,imu01,fusion_usb_step4_20260819,2327,52304618,639174046683345
639174078000000,52324,0.226,0.752,-0.633,-1.08,0.3,1.03,1,imu01,fusion_usb_step4_20260819,2328,52324622,639174066686412
639174093000000,52344,0.221,0.767,-0.625,-0.6,1.01,0.48,1,imu01,fusion_usb_step4_20260819,2329,52344618,639174086681479
639174109000000,52364,0.22,0.719,-0.612,1.49,1.5,1.37,1,imu01,fusion_usb_step4_20260819,2330,52364622,639174106684545
639174140000000,52384,0.224,0.732,-0.603,-0.32,0.78,-0.29,1,imu01,fusion_usb_step4_20260819,2331,52384618,639174126679612
639174156000000,52404,0.215,0.754,-0.585,1.87,1.38,-1.47,1,imu01,fusion_usb_step4_20260819,2332,52404622,639174146682678
639174171000000,52424,0.214,0.75,-0.593,-0.87,-0.66,-0.37,1,imu01,fusion_usb_step4_20260819,2333,52424618,639174166677745
639174187000000,52444,0.236,0.746,-0.62,-1.51,-2.39,1.1,1,imu01,fusion_usb_step4_20260819,2334,52444622,639174186680812
639174218000000,52464,0.271,0.732,-0.563,-2.82,-1.71,0.35,1,imu01,fusion_usb_step4_20260819,2335,52464618,639174206675879
639174234000000,52484,0.216,0.778,-0.667,-5.67,-2.76,-1.72,1,imu01,fusion_usb_step4_20260819,2336,52484622,639174226678945
639174250000000,52504,0.205,0.767,-0.612,3.88,1.26,-2.59,1,imu01,fusion_usb_step4_20260819,2337,52504618,639174246674012
639174281000000,52524,0.22,0.764,-0.644,-3.51,-1.18,-1.81,1,imu01,fusion_usb_step4_20260819,2338,52524622,639174266677078
639174296000000,52544,0.205,0.761,-0.634,2.54,1.36,-0.75,1,imu01,fusion_usb_step4_20260819,2339,52544618,639174286672145
639174312000000,52564,0.196,0.76,-0.605,0.31,1.46,-1.27,1,imu01,fusion_usb_step4_20260819,2340,52564622,639174306675212
639174328000000,52584,0.204,0.764,-0.617,0.62,1.0,-0.39,1,imu01,fusion_usb_step4_20260819,2341,52584618,639174326670278
639174359000000,52604,0.209,0.748,-0.622,2.73,1.06,1.18,1,imu01,fusion_usb_step4_20260819,2342,52604622,639174346673345
639174375000000,52624,0.22,0.747,-0.602,3.49,0.9,1.25,1,imu01,fusion_usb_step4_20260819,2343,52624618,639174366668412
639174390000000,52644,0.221,0.726,-0.619,0.19,-1.04,1.19,1,imu01,fusion_usb_step4_20260819,2344,52644622,639174386671478
639174421000000,52664,0.218,0.742,-0.642,-2.51,-1.91,-0.25,1,imu01,fusion_usb_step4_20260819,2345,52664618,639174406666545
639174437000000,52684,0.215,0.769,-0.641,-0.44,-0.16,-1.37,1,imu01,fusion_usb_step4_20260819,2346,52684622,639174426669612
639174453000000,52704,0.212,0.769,-0.64,0.11,0.62,-0.69,1,imu01,fusion_usb_step4_20260819,2347,52704618,639174446664678
639174468000000,52724,0.204,0.766,-0.609,0.92,1.81,-0.07,1,imu01,fusion_usb_step4_20260819,2348,52724622,639174466667745
639174500000000,52744,0.207,0.758,-0.614,-1.92,0.59,-0.19,1,imu01,fusion_usb_step4_20260819,2349,52744618,639174486662812
639174515000000,52764,0.206,0.749,-0.609,-0.28,0.49,0.76,1,imu01,fusion_usb_step4_20260819,2350,52764622,639174506665878
639174531000000,52784,0.223,0.762,-0.613,-0.24,-0.14,1.41,1,imu01,fusion_usb_step4_20260819,2351,52784618,639174526660945
639174562000000,52804,0.226,0.757,-0.654,-2.53,-0.72,1.86,1,imu01,fusion_usb_step4_20260819,2352,52804622,639174546664012
639174578000000,52824,0.229,0.724,-0.606,1.02,2.03,2.21,1,imu01,fusion_usb_step4_20260819,2353,52824618,639174566659078
639174593000000,52844,0.218,0.735,-0.61,-0.51,2.04,0.66,1,imu01,fusion_usb_step4_20260819,2354,52844622,639174586662145
639174609000000,52864,0.218,0.747,-0.582,4.33,2.74,-0.2,1,imu01,fusion_usb_step4_20260819,2355,52864618,639174606657212
639174640000000,52884,0.219,0.757,-0.648,-3.84,-1.87,-0.88,1,imu01,fusion_usb_step4_20260819,2356,52884622,639174626660278
639174656000000,52904,0.221,0.744,-0.612,-0.52,-0.07,-0.27,1,imu01,fusion_usb_step4_20260819,2357,52904618,639174646655345
639174671000000,52924,0.218,0.767,-0.631,-3.09,-0.25,-0.52,1,imu01,fusion_usb_step4_20260819,2358,52924622,639174666658412
639174687000000,52944,0.211,0.756,-0.615,2.94,1.32,0.73,1,imu01,fusion_usb_step4_20260819,2359,52944618,639174686653478
639174718000000,52964,0.225,0.752,-0.61,-0.11,0.39,0.22,1,imu01,fusion_usb_step4_20260819,2360,52964622,639174706656545
639174734000000,52984,0.224,0.744,-0.626,2.68,1.61,0.3,1,imu01,fusion_usb_step4_20260819,2361,52984618,639174726651612
639174750000000,53004,0.223,0.745,-0.603,1.8,1.43,-0.88,1,imu01,fusion_usb_step4_20260819,2362,53004622,639174746654678
639174781000000,53024,0.217,0.756,-0.639,-0.8,0.35,-1.6,1,imu01,fusion_usb_step4_20260819,2363,53024618,639174766649745
639174796000000,53044,0.209,0.752,-0.601,0.87,0.61,-1.24,1,imu01,fusion_usb_step4_20260819,2364,53044622,639174786652812
639174812000000,53064,0.207,0.761,-0.645,-0.69,0.51,-0.46,1,imu01,fusion_usb_step4_20260819,2365,53064618,639174806647878
639174828000000,53084,0.219,0.75,-0.593,4.52,3.03,1.22,1,imu01,fusion_usb_step4_20260819,2366,53084622,639174826650945
639174859000000,53104,0.226,0.739,-0.637,2.39,1.68,1.4,1,imu01,fusion_usb_step4_20260819,2367,53104618,639174846646012
639174875000000,53124,0.217,0.731,-0.583,3.4,1.94,-0.17,1,imu01,fusion_usb_step4_20260819,2368,53124622,639174866649078
639174890000000,53144,0.214,0.778,-0.618,-4.02,-1.25,-2.29,1,imu01,fusion_usb_step4_20260819,2369,53144618,639174886644145
639174921000000,53164,0.226,0.771,-0.638,-2.7,-1.9,0.22,1,imu01,fusion_usb_step4_20260819,2370,53164622,639174906647212
639174937000000,53184,0.236,0.726,-0.615,1.46,0.22,2.22,1,imu01,fusion_usb_step4_20260819,2371,53184618,639174926642278
639174953000000,53204,0.234,0.741,-0.637,0.38,1.74,0.57,1,imu01,fusion_usb_step4_20260819,2372,53204622,639174946645345
639174968000000,53224,0.227,0.742,-0.587,1.33,2.2,-1.36,1,imu01,fusion_usb_step4_20260819,2373,53224618,639174966640412
639175000000000,53244,0.215,0.76,-0.623,-2.12,0.86,-2.39,1,imu01,fusion_usb_step4_20260819,2374,53244622,639174986643478
639175015000000,53264,0.219,0.735,-0.603,0.64,0.48,-0.85,1,imu01,fusion_usb_step4_20260819,2375,53264618,639175006638545
639175031000000,53284,0.227,0.748,-0.633,-0.96,-0.03,-0.75,1,imu01,fusion_usb_step4_20260819,2376,53284622,639175026641612
639175062000000,53304,0.224,0.76,-0.629,0.97,0.4,-0.69,1,imu01,fusion_usb_step4_20260819,2377,53304618,639175046636678
639175078000000,53324,0.219,0.748,-0.638,0.4,1.03,-0.7,1,imu01,fusion_usb_step4_20260819,2378,53324622,639175066639745
639175093000000,53344,0.225,0.751,-0.612,1.21,2.3,-0.83,1,imu01,fusion_usb_step4_20260819,2379,53344618,639175086634812
639175109000000,53364,0.215,0.764,-0.628,-1.53,1.26,-1.52,1,imu01,fusion_usb_step4_20260819,2380,53364622,639175106637878
639175140000000,53384,0.22,0.755,-0.611,-0.2,1.56,-2.04,1,imu01,fusion_usb_step4_20260819,2381,53384618,639175126632945
639175156000000,53404,0.226,0.758,-0.599,1.0,1.27,-1.82,1,imu01,fusion_usb_step4_20260819,2382,53404622,639175146636011
639175171000000,53424,0.223,0.763,-0.646,-3.08,0.35,-1.04,1,imu01,fusion_usb_step4_20260819,2383,53424618,639175166631078
639175187000000,53444,0.216,0.748,-0.604,2.17,2.59,-0.22,1,imu01,fusion_usb_step4_20260819,2384,53444622,639175186634145
639175218000000,53464,0.205,0.759,-0.61,-0.65,2.26,-1.58,1,imu01,fusion_usb_step4_20260819,2385,53464618,639175206629212
639175234000000,53484,0.209,0.777,-0.601,0.46,2.26,-1.38,1,imu01,fusion_usb_step4_20260819,2386,53484622,639175226632278
639175250000000,53504,0.214,0.751,-0.623,-0.45,0.92,0.71,1,imu01,fusion_usb_step4_20260819,2387,53504618,639175246627345
639175281000000,53524,0.22,0.748,-0.584,1.56,0.93,1.03,1,imu01,fusion_usb_step4_20260819,2388,53524622,639175266630411
639175296000000,53544,0.226,0.748,-0.643,-2.56,-1.11,0.89,1,imu01,fusion_usb_step4_20260819,2389,53544618,639175286625478
639175312000000,53564,0.223,0.745,-0.625,-0.94,-0.15,0.36,1,imu01,fusion_usb_step4_20260819,2390,53564622,639175306628545
639175328000000,53584,0.219,0.746,-0.614,-1.75,1.0,-0.1,1,imu01,fusion_usb_step4_20260819,2391,53584618,639175326623612
639175359000000,53604,0.225,0.761,-0.612,0.03,1.72,-0.14,1,imu01,fusion_usb_step4_20260819,2392,53604622,639175346626678
639175375000000,53624,0.223,0.753,-0.623,-0.68,1.27,0.06,1,imu01,fusion_usb_step4_20260819,2393,53624618,639175366621745
639175390000000,53644,0.219,0.742,-0.612,-0.36,1.55,-0.24,1,imu01,fusion_usb_step4_20260819,2394,53644622,639175386624811
639175421000000,53664,0.234,0.769,-0.616,-1.66,1.73,-1.59,1,imu01,fusion_usb_step4_20260819,2395,53664618,639175406619878
639175437000000,53684,0.217,0.758,-0.607,-0.09,1.93,-1.86,1,imu01,fusion_usb_step4_20260819,2396,53684622,639175426622945
639175453000000,53704,0.233,0.759,-0.612,-2.49,1.1,-1.12,1,imu01,fusion_usb_step4_20260819,2397,53704618,639175446618012
639175468000000,53724,0.224,0.733,-0.625,3.08,2.87,0.95,1,imu01,fusion_usb_step4_20260819,2398,53724622,639175466621078
639175500000000,53744,0.222,0.736,-0.586,3.59,3.42,-0.41,1,imu01,fusion_usb_step4_20260819,2399,53744618,639175486616145
639175515000000,53764,0.216,0.743,-0.601,-0.41,1.23,-1.29,1,imu01,fusion_usb_step4_20260819,2400,53764622,639175506619211
639175531000000,53784,0.22,0.742,-0.597,0.02,0.04,-1.52,1,imu01,fusion_usb_step4_20260819,2401,53784618,639175526614278
639175562000000,53804,0.214,0.771,-0.614,-1.75,-0.33,-1.78,1,imu01,fusion_usb_step4_20260819,2402,53804622,639175546617345
639175578000000,53824,0.216,0.755,-0.587,2.62,1.15,0.75,1,imu01,fusion_usb_step4_20260819,2403,53824618,639175566612412
639175593000000,53844,0.231,0.727,-0.594,3.17,0.46,1.72,1,imu01,fusion_usb_step4_20260819,2404,53844622,639175586615478
639175609000000,53864,0.234,0.747,-0.617,0.18,-2.51,0.21,1,imu01,fusion_usb_step4_20260819,2405,53864618,639175606610545
639175640000000,53884,0.222,0.756,-0.642,-1.4,-2.67,-1.6,1,imu01,fusion_usb_step4_20260819,2406,53884622,639175626613611
639175656000000,53904,0.227,0.781,-0.619,0.83,0.33,-2.31,1,imu01,fusion_usb_step4_20260819,2407,53904618,639175646608678
639175671000000,53924,0.228,0.785,-0.639,-0.63,0.1,-0.46,1,imu01,fusion_usb_step4_20260819,2408,53924622,639175666611744
639175687000000,53944,0.224,0.746,-0.621,1.16,1.31,1.28,1,imu01,fusion_usb_step4_20260819,2409,53944618,639175686606811
639175718000000,53964,0.226,0.74,-0.621,0.72,1.68,0.54,1,imu01,fusion_usb_step4_20260819,2410,53964622,639175706609878
639175734000000,53984,0.217,0.739,-0.61,1.22,1.55,-0.35,1,imu01,fusion_usb_step4_20260819,2411,53984618,639175726604945
639175750000000,54004,0.22,0.761,-0.595,0.36,1.33,-1.27,1,imu01,fusion_usb_step4_20260819,2412,54004622,639175746608011
639175781000000,54024,0.219,0.753,-0.609,-0.63,-0.09,-0.15,1,imu01,fusion_usb_step4_20260819,2413,54024618,639175766603078
639175796000000,54044,0.217,0.724,-0.612,0.56,-0.35,0.8,1,imu01,fusion_usb_step4_20260819,2414,54044622,639175786606144
639175812000000,54064,0.227,0.743,-0.6,1.7,0.46,-0.39,1,imu01,fusion_usb_step4_20260819,2415,54064618,639175806601211
639175828000000,54084,0.215,0.759,-0.632,-1.25,-1.48,-1.44,1,imu01,fusion_usb_step4_20260819,2416,54084622,639175826604278
639175859000000,54104,0.218,0.757,-0.616,0.95,0.29,-0.2,1,imu01,fusion_usb_step4_20260819,2417,54104618,639175846599345
639175875000000,54124,0.23,0.75,-0.621,1.75,1.07,0.58,1,imu01,fusion_usb_step4_20260819,2418,54124621,639175866601411
639175890000000,54144,0.222,0.757,-0.618,1.51,0.7,-0.59,1,imu01,fusion_usb_step4_20260819,2419,54144618,639175886597478
639175921000000,54164,0.222,0.766,-0.623,-0.67,-0.09,-0.95,1,imu01,fusion_usb_step4_20260819,2420,54164622,639175906600544
639175937000000,54184,0.232,0.745,-0.622,0.65,0.2,0.02,1,imu01,fusion_usb_step4_20260819,2421,54184618,639175926595611
639175953000000,54204,0.22,0.743,-0.637,-0.86,0.1,-0.33,1,imu01,fusion_usb_step4_20260819,2422,54204622,639175946598678
639175968000000,54224,0.217,0.766,-0.601,1.26,1.54,-0.96,1,imu01,fusion_usb_step4_20260819,2423,54224618,639175966593745
639176000000000,54244,0.218,0.755,-0.635,-1.86,-0.76,-0.09,1,imu01,fusion_usb_step4_20260819,2424,54244622,639175986596811
639176015000000,54264,0.231,0.736,-0.632,0.23,0.51,0.41,1,imu01,fusion_usb_step4_20260819,2425,54264618,639176006591878
639176031000000,54284,0.23,0.758,-0.619,1.33,1.6,-0.16,1,imu01,fusion_usb_step4_20260819,2426,54284622,639176026594944
639176062000000,54304,0.221,0.773,-0.647,-3.47,0.65,-0.12,1,imu01,fusion_usb_step4_20260819,2427,54304618,639176046590011
639176078000000,54324,0.22,0.736,-0.606,4.14,3.8,1.47,1,imu01,fusion_usb_step4_20260819,2428,54324622,639176066593078
639176093000000,54344,0.224,0.741,-0.592,1.3,2.37,0.7,1,imu01,fusion_usb_step4_20260819,2429,54344618,639176086588145
639176109000000,54364,0.223,0.758,-0.616,-0.52,0.39,0.02,1,imu01,fusion_usb_step4_20260819,2430,54364622,639176106591211
639176140000000,54384,0.225,0.737,-0.619,-0.28,-0.36,0.23,1,imu01,fusion_usb_step4_20260819,2431,54384618,639176126586278
639176156000000,54404,0.225,0.759,-0.626,-1.28,0.13,-0.49,1,imu01,fusion_usb_step4_20260819,2432,54404622,639176146589344
639176171000000,54424,0.231,0.741,-0.599,2.4,1.49,0.44,1,imu01,fusion_usb_step4_20260819,2433,54424618,639176166584411
639176187000000,54444,0.222,0.737,-0.617,-0.29,0.0,0.18,1,imu01,fusion_usb_step4_20260819,2434,54444622,639176186587478
639176218000000,54464,0.223,0.744,-0.626,-0.8,-0.07,0.24,1,imu01,fusion_usb_step4_20260819,2435,54464618,639176206582544
639176234000000,54484,0.223,0.743,-0.619,1.73,1.38,-0.01,1,imu01,fusion_usb_step4_20260819,2436,54484622,639176226585611
639176250000000,54504,0.22,0.748,-0.611,1.83,1.57,-0.55,1,imu01,fusion_usb_step4_20260819,2437,54504618,639176246580678
639176281000000,54524,0.225,0.757,-0.593,3.75,1.58,-0.82,1,imu01,fusion_usb_step4_20260819,2438,54524622,639176266583744
639176296000000,54544,0.229,0.761,-0.616,0.95,-0.99,-0.59,1,imu01,fusion_usb_step4_20260819,2439,54544618,639176286578811
639176312000000,54564,0.226,0.767,-0.639,-2.32,-3.06,-0.11,1,imu01,fusion_usb_step4_20260819,2440,54564622,639176306581878
639176328000000,54584,0.224,0.752,-0.659,-3.06,-2.5,0.49,1,imu01,fusion_usb_step4_20260819,2441,54584618,639176326576944
639176359000000,54604,0.226,0.745,-0.622,1.68,1.59,0.64,1,imu01,fusion_usb_step4_20260819,2442,54604622,639176346580011
639176375000000,54624,0.221,0.765,-0.612,0.88,1.52,-0.48,1,imu01,fusion_usb_step4_20260819,2443,54624618,639176366575078
639176390000000,54644,0.222,0.755,-0.627,-1.8,-0.2,-0.24,1,imu01,fusion_usb_step4_20260819,2444,54644622,639176386578144
639176421000000,54664,0.229,0.746,-0.617,0.54,1.02,0.56,1,imu01,fusion_usb_step4_20260819,2445,54664618,639176406573211
639176437000000,54684,0.236,0.74,-0.606,2.01,1.6,0.89,1,imu01,fusion_usb_step4_20260819,2446,54684622,639176426576278
639176453000000,54704,0.23,0.724,-0.613,0.12,1.33,0.2,1,imu01,fusion_usb_step4_20260819,2447,54704618,639176446571344
639176468000000,54724,0.23,0.733,-0.597,0.66,0.99,-0.59,1,imu01,fusion_usb_step4_20260819,2448,54724622,639176466574411
639176500000000,54744,0.23,0.748,-0.593,1.61,0.19,-1.54,1,imu01,fusion_usb_step4_20260819,2449,54744618,639176486569478
639176515000000,54764,0.227,0.759,-0.618,0.24,-1.75,-1.27,1,imu01,fusion_usb_step4_20260819,2450,54764622,639176506572544
639176531000000,54784,0.225,0.745,-0.638,-1.22,-1.94,-0.77,1,imu01,fusion_usb_step4_20260819,2451,54784618,639176526567611
639176562000000,54804,0.234,0.771,-0.621,-0.95,-0.87,-0.93,1,imu01,fusion_usb_step4_20260819,2452,54804622,639176546570678
639176578000000,54824,0.222,0.74,-0.643,-0.24,0.09,0.02,1,imu01,fusion_usb_step4_20260819,2453,54824618,639176566565744
639176593000000,54844,0.22,0.743,-0.586,3.01,1.83,-0.77,1,imu01,fusion_usb_step4_20260819,2454,54844622,639176586568811
639176609000000,54864,0.219,0.766,-0.628,-2.84,-0.9,-2.03,1,imu01,fusion_usb_step4_20260819,2455,54864618,639176606563878
639176640000000,54884,0.212,0.767,-0.62,-1.34,-1.45,-1.56,1,imu01,fusion_usb_step4_20260819,2456,54884622,639176626566944
639176656000000,54904,0.212,0.77,-0.629,-1.15,-0.61,0.19,1,imu01,fusion_usb_step4_20260819,2457,54904618,639176646562011
639176671000000,54924,0.215,0.747,-0.612,1.33,1.28,1.41,1,imu01,fusion_usb_step4_20260819,2458,54924622,639176666565078
639176687000000,54944,0.215,0.752,-0.612,0.55,0.9,1.26,1,imu01,fusion_usb_step4_20260819,2459,54944618,639176686560144
639176718000000,54964,0.224,0.735,-0.611,-0.38,-0.19,1.44,1,imu01,fusion_usb_step4_20260819,2460,54964622,639176706563211
639176734000000,54984,0.229,0.725,-0.62,0.19,-0.13,0.77,1,imu01,fusion_usb_step4_20260819,2461,54984618,639176726558278
639176750000000,55004,0.229,0.745,-0.603,0.62,-0.1,-0.77,1,imu01,fusion_usb_step4_20260819,2462,55004622,639176746561344
639176781000000,55024,0.227,0.759,-0.635,-3.04,-1.99,-0.77,1,imu01,fusion_usb_step4_20260819,2463,55024618,639176766556411
639176796000000,55044,0.234,0.753,-0.614,0.12,-0.22,0.35,1,imu01,fusion_usb_step4_20260819,2464,55044622,639176786559478
639176812000000,55064,0.231,0.737,-0.615,1.85,0.91,0.57,1,imu01,fusion_usb_step4_20260819,2465,55064618,639176806554544
639176828000000,55084,0.223,0.746,-0.606,1.01,0.78,-0.16,1,imu01,fusion_usb_step4_20260819,2466,55084622,639176826557611
639176859000000,55104,0.225,0.743,-0.628,-2.02,-0.6,-0.37,1,imu01,fusion_usb_step4_20260819,2467,55104618,639176846552678
639176875000000,55124,0.225,0.758,-0.638,-0.74,-0.45,-0.18,1,imu01,fusion_usb_step4_20260819,2468,55124622,639176866555744
639176890000000,55144,0.221,0.745,-0.632,1.93,1.2,0.24,1,imu01,fusion_usb_step4_20260819,2469,55144618,639176886550811
639176921000000,55164,0.213,0.744,-0.603,6.05,4.04,0.25,1,imu01,fusion_usb_step4_20260819,2470,55164622,639176906553878
639176937000000,55184,0.213,0.741,-0.587,1.67,1.41,-0.56,1,imu01,fusion_usb_step4_20260819,2471,55184618,639176926548944
639176953000000,55204,0.215,0.765,-0.631,-4.37,-2.19,-1.53,1,imu01,fusion_usb_step4_20260819,2472,55204622,639176946552011
639176968000000,55224,0.212,0.764,-0.631,-0.8,-0.57,-0.19,1,imu01,fusion_usb_step4_20260819,2473,55224618,639176966547078
639177000000000,55244,0.211,0.75,-0.584,2.01,1.3,1.51,1,imu01,fusion_usb_step4_20260819,2474,55244622,639176986550144
639177015000000,55264,0.23,0.726,-0.604,0.46,-1.02,1.63,1,imu01,fusion_usb_step4_20260819,2475,55264618,639177006545211
639177031000000,55284,0.242,0.748,-0.652,-3.76,-3.85,-0.58,1,imu01,fusion_usb_step4_20260819,2476,55284622,639177026548277
639177062000000,55304,0.232,0.763,-0.662,-1.77,-1.16,-1.21,1,imu01,fusion_usb_step4_20260819,2477,55304618,639177046543344
639177078000000,55324,0.229,0.767,-0.607,1.32,2.01,-0.56,1,imu01,fusion_usb_step4_20260819,2478,55324622,639177066546411
639177093000000,55344,0.227,0.76,-0.616,-1.58,0.61,0.32,1,imu01,fusion_usb_step4_20260819,2479,55344618,639177086541478
639177109000000,55364,0.229,0.73,-0.623,-1.7,-0.62,0.91,1,imu01,fusion_usb_step4_20260819,2480,55364622,639177106544544
639177140000000,55384,0.225,0.738,-0.628,-0.97,0.79,-0.14,1,imu01,fusion_usb_step4_20260819,2481,55384618,639177126539611
639177156000000,55404,0.213,0.73,-0.612,2.08,2.16,-0.81,1,imu01,fusion_usb_step4_20260819,2482,55404622,639177146542677
639177171000000,55424,0.216,0.746,-0.58,0.75,1.78,-2.03,1,imu01,fusion_usb_step4_20260819,2483,55424618,639177166537744
639177187000000,55444,0.213,0.759,-0.617,0.12,-0.32,-1.17,1,imu01,fusion_usb_step4_20260819,2484,55444622,639177186540811
639177218000000,55464,0.226,0.739,-0.604,1.56,-0.03,0.46,1,imu01,fusion_usb_step4_20260819,2485,55464618,639177206535878
639177234000000,55484,0.233,0.729,-0.624,0.8,-0.89,1.16,1,imu01,fusion_usb_step4_20260819,2486,55484622,639177226538944
639177250000000,55504,0.226,0.743,-0.625,-1.54,-1.91,-0.7,1,imu01,fusion_usb_step4_20260819,2487,55504618,639177246534011
639177281000000,55524,0.217,0.765,-0.647,-1.73,-1.64,-1.71,1,imu01,fusion_usb_step4_20260819,2488,55524622,639177266537077
639177296000000,55544,0.216,0.772,-0.63,0.89,0.78,-1.69,1,imu01,fusion_usb_step4_20260819,2489,55544618,639177286532144
639177312000000,55564,0.215,0.771,-0.624,0.89,1.19,-1.12,1,imu01,fusion_usb_step4_20260819,2490,55564622,639177306535211
639177328000000,55584,0.217,0.772,-0.644,0.82,0.78,-0.75,1,imu01,fusion_usb_step4_20260819,2491,55584618,639177326530278
639177359000000,55604,0.224,0.77,-0.627,0.11,1.17,0.34,1,imu01,fusion_usb_step4_20260819,2492,55604622,639177346533344
639177375000000,55624,0.224,0.744,-0.616,1.71,2.59,1.06,1,imu01,fusion_usb_step4_20260819,2493,55624618,639177366528411
639177390000000,55644,0.212,0.742,-0.596,-0.28,0.98,0.31,1,imu01,fusion_usb_step4_20260819,2494,55644622,639177386531477
639177421000000,55664,0.216,0.745,-0.615,-1.86,-1.12,0.4,1,imu01,fusion_usb_step4_20260819,2495,55664618,639177406526544
639177437000000,55684,0.222,0.741,-0.622,0.4,-0.63,0.47,1,imu01,fusion_usb_step4_20260819,2496,55684622,639177426529611
639177453000000,55704,0.217,0.738,-0.617,1.14,-0.06,-0.02,1,imu01,fusion_usb_step4_20260819,2497,55704618,639177446524678
639177468000000,55724,0.218,0.745,-0.626,-0.21,-0.45,-0.93,1,imu01,fusion_usb_step4_20260819,2498,55724622,639177466527744
639177500000000,55744,0.207,0.766,-0.621,-0.0,-0.35,-2.65,1,imu01,fusion_usb_step4_20260819,2499,55744618,639177486522811
639177515000000,55764,0.21,0.802,-0.605,-0.06,-0.16,-1.91,1,imu01,fusion_usb_step4_20260819,2500,55764622,639177506525877
639177531000000,55784,0.225,0.773,-0.621,0.16,-1.05,1.6,1,imu01,fusion_usb_step4_20260819,2501,55784618,639177526520944
639177562000000,55804,0.235,0.729,-0.631,-1.21,-1.67,3.26,1,imu01,fusion_usb_step4_20260819,2502,55804622,639177546524011
639177578000000,55824,0.24,0.712,-0.605,1.18,-0.07,1.8,1,imu01,fusion_usb_step4_20260819,2503,55824618,639177566519077
639177593000000,55844,0.234,0.745,-0.623,-2.04,-1.06,-0.94,1,imu01,fusion_usb_step4_20260819,2504,55844622,639177586522144
639177609000000,55864,0.232,0.759,-0.644,-1.14,-0.62,-0.55,1,imu01,fusion_usb_step4_20260819,2505,55864618,639177606517211
639177640000000,55884,0.24,0.706,-0.613,1.84,1.21,1.33,1,imu01,fusion_usb_step4_20260819,2506,55884622,639177626520277
639177656000000,55904,0.233,0.731,-0.615,0.48,1.31,-1.13,1,imu01,fusion_usb_step4_20260819,2507,55904618,639177646515344
639177671000000,55924,0.216,0.78,-0.605,0.72,1.79,-2.88,1,imu01,fusion_usb_step4_20260819,2508,55924622,639177666518410
639177687000000,55944,0.22,0.758,-0.605,1.79,1.26,-0.36,1,imu01,fusion_usb_step4_20260819,2509,55944618,639177686513477
639177718000000,55964,0.236,0.741,-0.6,1.47,0.04,1.2,1,imu01,fusion_usb_step4_20260819,2510,55964622,639177706516544
639177734000000,55984,0.233,0.742,-0.644,-1.96,-1.82,0.17,1,imu01,fusion_usb_step4_20260819,2511,55984618,639177726511611
639177750000000,56004,0.221,0.76,-0.634,-1.34,-0.85,-1.57,1,imu01,fusion_usb_step4_20260819,2512,56004622,639177746514677
639177781000000,56024,0.209,0.769,-0.625,-0.8,0.94,-2.37,1,imu01,fusion_usb_step4_20260819,2513,56024618,639177766509744
639177796000000,56044,0.213,0.758,-0.595,1.16,2.55,-1.17,1,imu01,fusion_usb_step4_20260819,2514,56044622,639177786512810
639177812000000,56064,0.21,0.759,-0.632,-1.17,0.77,0.22,1,imu01,fusion_usb_step4_20260819,2515,56064618,639177806507877
639177828000000,56084,0.218,0.727,-0.611,2.04,1.19,0.86,1,imu01,fusion_usb_step4_20260819,2516,56084622,639177826510944
639177859000000,56104,0.223,0.741,-0.631,-2.01,-0.58,-0.45,1,imu01,fusion_usb_step4_20260819,2517,56104618,639177846506011
639177875000000,56124,0.218,0.754,-0.622,0.07,0.22,-0.65,1,imu01,fusion_usb_step4_20260819,2518,56124621,639177866508077
639177890000000,56144,0.232,0.753,-0.606,2.3,0.93,-0.41,1,imu01,fusion_usb_step4_20260819,2519,56144618,639177886504144
639177921000000,56164,0.224,0.765,-0.655,-2.8,-0.3,0.22,1,imu01,fusion_usb_step4_20260819,2520,56164622,639177906507210
639177937000000,56184,0.227,0.737,-0.599,4.36,2.85,1.77,1,imu01,fusion_usb_step4_20260819,2521,56184618,639177926502277
639177953000000,56204,0.222,0.755,-0.626,-1.11,0.52,-0.29,1,imu01,fusion_usb_step4_20260819,2522,56204622,639177946505344
639177968000000,56224,0.217,0.758,-0.632,-0.34,0.81,-0.77,1,imu01,fusion_usb_step4_20260819,2523,56224618,639177966500411
639178000000000,56244,0.215,0.748,-0.606,-0.56,1.36,-0.43,1,imu01,fusion_usb_step4_20260819,2524,56244622,639177986503477
639178015000000,56264,0.219,0.763,-0.614,-0.25,1.77,0.24,1,imu01,fusion_usb_step4_20260819,2525,56264618,639178006498544
639178031000000,56284,0.215,0.741,-0.609,1.74,1.64,1.36,1,imu01,fusion_usb_step4_20260819,2526,56284622,639178026501610
639178046000000,56304,0.218,0.741,-0.598,-0.12,0.43,1.14,1,imu01,fusion_usb_step4_20260819,2527,56304618,639178046496677
639178078000000,56324,0.222,0.74,-0.625,-0.68,-0.51,0.8,1,imu01,fusion_usb_step4_20260819,2528,56324622,639178066499744
639178093000000,56344,0.234,0.716,-0.596,1.91,0.29,0.66,1,imu01,fusion_usb_step4_20260819,2529,56344618,639178086494811
639178109000000,56364,0.233,0.758,-0.644,-2.41,-1.77,-0.82,1,imu01,fusion_usb_step4_20260819,2530,56364622,639178106497877
639178140000000,56384,0.229,0.78,-0.632,-0.44,-0.87,-0.67,1,imu01,fusion_usb_step4_20260819,2531,56384618,639178126492944
639178156000000,56404,0.226,0.752,-0.614,1.26,1.1,1.18,1,imu01,fusion_usb_step4_20260819,2532,56404622,639178146496010
639178171000000,56424,0.234,0.734,-0.608,2.38,1.63,1.8,1,imu01,fusion_usb_step4_20260819,2533,56424618,639178166491077
639178187000000,56444,0.232,0.742,-0.613,-0.13,0.56,-0.22,1,imu01,fusion_usb_step4_20260819,2534,56444622,639178186494144
639178218000000,56464,0.23,0.768,-0.621,-0.57,0.09,-1.13,1,imu01,fusion_usb_step4_20260819,2535,56464618,639178206489210
639178234000000,56484,0.227,0.752,-0.615,0.74,0.71,0.18,1,imu01,fusion_usb_step4_20260819,2536,56484622,639178226492277
639178250000000,56504,0.229,0.724,-0.607,1.41,0.39,0.83,1,imu01,fusion_usb_step4_20260819,2537,56504618,639178246487344
639178281000000,56524,0.239,0.732,-0.618,-0.86,-0.46,-0.13,1,imu01,fusion_usb_step4_20260819,2538,56524622,639178266490410
639178296000000,56544,0.226,0.754,-0.653,-2.09,-0.37,-1.3,1,imu01,fusion_usb_step4_20260819,2539,56544618,639178286485477
639178312000000,56564,0.22,0.744,-0.611,2.77,2.61,-1.31,1,imu01,fusion_usb_step4_20260819,2540,56564622,639178306488544
639178328000000,56584,0.215,0.748,-0.601,0.63,1.83,-1.38,1,imu01,fusion_usb_step4_20260819,2541,56584618,639178326483610
639178359000000,56604,0.214,0.758,-0.599,1.11,1.65,-1.49,1,imu01,fusion_usb_step4_20260819,2542,56604622,639178346486677
639178375000000,56624,0.215,0.759,-0.607,1.11,-0.18,-0.48,1,imu01,fusion_usb_step4_20260819,2543,56624618,639178366481744
639178390000000,56644,0.225,0.748,-0.627,0.15,-1.86,0.36,1,imu01,fusion_usb_step4_20260819,2544,56644622,639178386484810
639178421000000,56664,0.229,0.756,-0.655,-1.51,-1.91,0.43,1,imu01,fusion_usb_step4_20260819,2545,56664618,639178406479877
639178437000000,56684,0.223,0.753,-0.64,1.07,1.27,0.09,1,imu01,fusion_usb_step4_20260819,2546,56684622,639178426482944
639178453000000,56704,0.216,0.754,-0.593,2.75,3.37,-0.56,1,imu01,fusion_usb_step4_20260819,2547,56704618,639178446478010
639178468000000,56724,0.218,0.743,-0.596,0.68,1.55,-0.17,1,imu01,fusion_usb_step4_20260819,2548,56724622,639178466481077
639178500000000,56744,0.224,0.743,-0.615,-0.4,-0.45,-0.03,1,imu01,fusion_usb_step4_20260819,2549,56744618,639178486476144
639178515000000,56764,0.226,0.741,-0.618,1.74,-0.93,0.41,1,imu01,fusion_usb_step4_20260819,2550,56764622,639178506479210
639178531000000,56784,0.265,0.819,-0.634,2.2,0.4,-0.33,1,imu01,fusion_usb_step4_20260819,2551,56784618,639178526474277
639178562000000,56804,0.237,0.752,-0.648,3.85,0.23,1.57,1,imu01,fusion_usb_step4_20260819,2552,56804622,639178546477344
639178578000000,56824,0.243,0.731,-0.605,-1.62,-0.59,0.41,1,imu01,fusion_usb_step4_20260819,2553,56824618,639178566472410
639178593000000,56844,0.232,0.751,-0.659,-1.41,0.02,0.01,1,imu01,fusion_usb_step4_20260819,2554,56844622,639178586475477
639178609000000,56864,0.237,0.739,-0.627,0.98,1.39,-0.44,1,imu01,fusion_usb_step4_20260819,2555,56864618,639178606470544
639178640000000,56884,0.235,0.736,-0.595,-1.82,0.47,-1.85,1,imu01,fusion_usb_step4_20260819,2556,56884622,639178626473610
639178656000000,56904,0.219,0.78,-0.643,-4.76,-1.1,-2.64,1,imu01,fusion_usb_step4_20260819,2557,56904618,639178646468677
639178671000000,56924,0.216,0.753,-0.632,0.04,1.01,-1.11,1,imu01,fusion_usb_step4_20260819,2558,56924622,639178666471744
639178687000000,56944,0.223,0.753,-0.606,1.38,2.7,-0.05,1,imu01,fusion_usb_step4_20260819,2559,56944618,639178686466810
639178718000000,56964,0.221,0.74,-0.622,0.65,1.65,0.52,1,imu01,fusion_usb_step4_20260819,2560,56964622,639178706469877
639178734000000,56984,0.225,0.758,-0.606,-0.48,0.63,-0.25,1,imu01,fusion_usb_step4_20260819,2561,56984618,639178726464944
639178750000000,57004,0.212,0.764,-0.632,-2.73,-0.69,-0.43,1,imu01,fusion_usb_step4_20260819,2562,57004622,639178746468010
639178781000000,57024,0.219,0.746,-0.601,0.71,1.24,0.95,1,imu01,fusion_usb_step4_20260819,2563,57024618,639178766463077
639178796000000,57044,0.221,0.74,-0.597,-0.12,0.9,1.15,1,imu01,fusion_usb_step4_20260819,2564,57044622,639178786466144
639178812000000,57064,0.218,0.738,-0.63,-2.51,-0.47,-0.49,1,imu01,fusion_usb_step4_20260819,2565,57064618,639178806461210
639178828000000,57084,0.213,0.771,-0.624,-2.19,-0.0,-1.39,1,imu01,fusion_usb_step4_20260819,2566,57084622,639178826464277
639178859000000,57104,0.218,0.759,-0.611,0.06,0.84,-0.02,1,imu01,fusion_usb_step4_20260819,2567,57104618,639178846459344
639178875000000,57124,0.229,0.736,-0.607,1.31,1.32,1.35,1,imu01,fusion_usb_step4_20260819,2568,57124622,639178866462410
639178890000000,57144,0.23,0.735,-0.613,-0.07,-0.25,0.44,1,imu01,fusion_usb_step4_20260819,2569,57144618,639178886457477
639178921000000,57164,0.231,0.744,-0.629,-0.47,-0.89,-1.28,1,imu01,fusion_usb_step4_20260819,2570,57164622,639178906460544
639178937000000,57184,0.225,0.76,-0.633,-1.43,-0.57,-1.49,1,imu01,fusion_usb_step4_20260819,2571,57184618,639178926455610
639178953000000,57204,0.235,0.743,-0.604,0.56,1.07,0.2,1,imu01,fusion_usb_step4_20260819,2572,57204622,639178946458677
639178968000000,57224,0.228,0.746,-0.608,0.66,1.03,0.09,1,imu01,fusion_usb_step4_20260819,2573,57224618,639178966453744
639179000000000,57244,0.224,0.747,-0.615,-0.54,-0.84,-0.3,1,imu01,fusion_usb_step4_20260819,2574,57244622,639178986456810
639179015000000,57264,0.228,0.752,-0.641,-2.3,-1.13,-0.69,1,imu01,fusion_usb_step4_20260819,2575,57264618,639179006451877
639179031000000,57284,0.226,0.757,-0.605,1.15,1.59,-0.46,1,imu01,fusion_usb_step4_20260819,2576,57284622,639179026454943
639179062000000,57304,0.224,0.747,-0.598,1.64,1.36,0.11,1,imu01,fusion_usb_step4_20260819,2577,57304618,639179046450010
639179078000000,57324,0.229,0.737,-0.61,0.41,-0.58,0.16,1,imu01,fusion_usb_step4_20260819,2578,57324622,639179066453077
639179093000000,57344,0.226,0.769,-0.639,-4.02,-2.44,-0.86,1,imu01,fusion_usb_step4_20260819,2579,57344618,639179086448144
639179109000000,57364,0.217,0.771,-0.641,-1.68,-0.03,-0.48,1,imu01,fusion_usb_step4_20260819,2580,57364622,639179106451210
639179140000000,57384,0.223,0.757,-0.595,2.48,3.25,0.41,1,imu01,fusion_usb_step4_20260819,2581,57384618,639179126446277
639179156000000,57404,0.212,0.749,-0.601,0.17,1.29,0.27,1,imu01,fusion_usb_step4_20260819,2582,57404622,639179146449343
639179171000000,57424,0.221,0.767,-0.613,-2.31,-0.33,-0.33,1,imu01,fusion_usb_step4_20260819,2583,57424618,639179166444410
639179187000000,57444,0.228,0.739,-0.625,-0.09,-0.15,1.25,1,imu01,fusion_usb_step4_20260819,2584,57444622,639179186447477
639179218000000,57464,0.23,0.73,-0.613,1.33,1.05,1.54,1,imu01,fusion_usb_step4_20260819,2585,57464618,639179206442544
639179234000000,57484,0.23,0.755,-0.594,2.09,0.58,0.38,1,imu01,fusion_usb_step4_20260819,2586,57484622,639179226445610
639179250000000,57504,0.225,0.792,-0.658,-1.69,-1.53,0.44,1,imu01,fusion_usb_step4_20260819,2587,57504618,639179246440677
639179281000000,57524,0.244,0.719,-0.601,2.85,1.52,3.03,1,imu01,fusion_usb_step4_20260819,2588,57524622,639179266443743
639179296000000,57544,0.234,0.73,-0.645,0.98,1.73,1.83,1,imu01,fusion_usb_step4_20260819,2589,57544618,639179286438810
639179312000000,57564,0.237,0.761,-0.601,2.49,2.31,-0.78,1,imu01,fusion_usb_step4_20260819,2590,57564622,639179306441877
639179328000000,57584,0.219,0.752,-0.631,-1.55,-0.11,-1.5,1,imu01,fusion_usb_step4_20260819,2591,57584618,639179326436944
639179359000000,57604,0.233,0.754,-0.584,0.85,0.86,-0.83,1,imu01,fusion_usb_step4_20260819,2592,57604622,639179346440010
639179375000000,57624,0.219,0.764,-0.626,-2.67,-1.35,-0.33,1,imu01,fusion_usb_step4_20260819,2593,57624618,639179366435077
639179390000000,57644,0.224,0.762,-0.617,-1.57,-1.48,0.12,1,imu01,fusion_usb_step4_20260819,2594,57644622,639179386438143
639179421000000,57664,0.223,0.732,-0.639,-1.76,-1.01,0.95,1,imu01,fusion_usb_step4_20260819,2595,57664618,639179406433210
639179437000000,57684,0.228,0.737,-0.614,0.26,0.84,0.18,1,imu01,fusion_usb_step4_20260819,2596,57684622,639179426436277
639179453000000,57704,0.223,0.75,-0.609,0.79,1.42,-1.01,1,imu01,fusion_usb_step4_20260819,2597,57704618,639179446431344
639179468000000,57724,0.224,0.758,-0.592,0.75,0.98,-0.88,1,imu01,fusion_usb_step4_20260819,2598,57724622,639179466434410
639179500000000,57744,0.223,0.741,-0.61,-1.06,-1.06,0.55,1,imu01,fusion_usb_step4_20260819,2599,57744618,639179486429477
639179515000000,57764,0.234,0.736,-0.596,-0.41,-1.01,0.91,1,imu01,fusion_usb_step4_20260819,2600,57764622,639179506432543
639179531000000,57784,0.24,0.734,-0.625,-0.57,-1.18,0.6,1,imu01,fusion_usb_step4_20260819,2601,57784618,639179526427610
639179562000000,57804,0.23,0.755,-0.627,-0.8,-0.91,-0.46,1,imu01,fusion_usb_step4_20260819,2602,57804622,639179546430676
639179578000000,57824,0.226,0.748,-0.632,-1.01,-0.62,-1.12,1,imu01,fusion_usb_step4_20260819,2603,57824618,639179566425743
639179593000000,57844,0.236,0.77,-0.608,0.02,1.06,-0.91,1,imu01,fusion_usb_step4_20260819,2604,57844622,639179586428810
639179609000000,57864,0.23,0.762,-0.618,-0.04,0.71,-0.34,1,imu01,fusion_usb_step4_20260819,2605,57864618,639179606423877
639179640000000,57884,0.234,0.767,-0.6,0.08,0.61,0.35,1,imu01,fusion_usb_step4_20260819,2606,57884622,639179626426943
639179656000000,57904,0.229,0.745,-0.648,-2.18,-0.38,0.58,1,imu01,fusion_usb_step4_20260819,2607,57904618,639179646422010
639179671000000,57924,0.232,0.719,-0.605,1.77,1.75,0.32,1,imu01,fusion_usb_step4_20260819,2608,57924622,639179666425076
639179687000000,57944,0.221,0.743,-0.59,0.18,1.0,-1.08,1,imu01,fusion_usb_step4_20260819,2609,57944618,639179686420143
639179718000000,57964,0.221,0.753,-0.573,-0.51,-0.28,-1.72,1,imu01,fusion_usb_step4_20260819,2610,57964622,639179706423210
639179734000000,57984,0.223,0.774,-0.632,-4.9,-2.8,-1.33,1,imu01,fusion_usb_step4_20260819,2611,57984618,639179726418277
639179750000000,58004,0.229,0.741,-0.611,1.27,-0.58,1.14,1,imu01,fusion_usb_step4_20260819,2612,58004622,639179746421343
639179781000000,58024,0.232,0.734,-0.612,0.3,0.04,1.21,1,imu01,fusion_usb_step4_20260819,2613,58024618,639179766416410
639179796000000,58044,0.24,0.723,-0.61,1.08,-0.07,-0.43,1,imu01,fusion_usb_step4_20260819,2614,58044622,639179786419476
639179812000000,58064,0.227,0.761,-0.631,-3.25,-2.13,-2.65,1,imu01,fusion_usb_step4_20260819,2615,58064618,639179806414543
639179828000000,58084,0.224,0.773,-0.624,-0.94,-0.51,-2.51,1,imu01,fusion_usb_step4_20260819,2616,58084622,639179826417610
639179859000000,58104,0.227,0.758,-0.618,1.62,1.22,0.64,1,imu01,fusion_usb_step4_20260819,2617,58104618,639179846412677
639179875000000,58124,0.224,0.742,-0.61,1.78,1.86,0.65,1,imu01,fusion_usb_step4_20260819,2618,58124621,639179866414743
639179890000000,58144,0.222,0.761,-0.609,2.27,1.93,-0.05,1,imu01,fusion_usb_step4_20260819,2619,58144618,639179886410810
639179921000000,58164,0.221,0.756,-0.608,0.7,0.55,-0.53,1,imu01,fusion_usb_step4_20260819,2620,58164622,639179906413876
639179937000000,58184,0.219,0.769,-0.628,-0.76,0.29,-0.5,1,imu01,fusion_usb_step4_20260819,2621,58184618,639179926408943
639179953000000,58204,0.223,0.759,-0.623,-0.01,0.23,0.57,1,imu01,fusion_usb_step4_20260819,2622,58204622,639179946412010
639179968000000,58224,0.222,0.74,-0.594,0.92,0.87,1.02,1,imu01,fusion_usb_step4_20260819,2623,58224618,639179966407077
639180000000000,58244,0.22,0.746,-0.607,-0.26,-0.03,0.36,1,imu01,fusion_usb_step4_20260819,2624,58244622,639179986410143
639180015000000,58264,0.223,0.753,-0.612,-1.0,-0.19,-0.59,1,imu01,fusion_usb_step4_20260819,2625,58264618,639180006405210
639180031000000,58284,0.225,0.757,-0.624,-1.7,-0.99,-0.16,1,imu01,fusion_usb_step4_20260819,2626,58284622,639180026408276
639180046000000,58304,0.228,0.747,-0.609,-0.08,-0.18,1.22,1,imu01,fusion_usb_step4_20260819,2627,58304618,639180046403343
639180078000000,58324,0.235,0.739,-0.601,1.26,0.78,1.41,1,imu01,fusion_usb_step4_20260819,2628,58324622,639180066406410
639180093000000,58344,0.237,0.731,-0.63,-0.27,-0.15,0.18,1,imu01,fusion_usb_step4_20260819,2629,58344618,639180086401476
639180109000000,58364,0.235,0.758,-0.623,-1.29,-0.89,-1.57,1,imu01,fusion_usb_step4_20260819,2630,58364622,639180106404543
639180140000000,58384,0.23,0.759,-0.632,-1.9,-0.01,-0.82,1,imu01,fusion_usb_step4_20260819,2631,58384618,639180126399610
639180156000000,58404,0.239,0.746,-0.603,2.2,2.38,0.8,1,imu01,fusion_usb_step4_20260819,2632,58404622,639180146402676
639180171000000,58424,0.224,0.761,-0.621,-1.73,0.22,-0.18,1,imu01,fusion_usb_step4_20260819,2633,58424618,639180166397743
639180187000000,58444,0.223,0.752,-0.624,-0.31,0.44,-0.35,1,imu01,fusion_usb_step4_20260819,2634,58444622,639180186400810
639180218000000,58464,0.224,0.737,-0.604,0.28,1.22,-0.56,1,imu01,fusion_usb_step4_20260819,2635,58464618,639180206395876
639180234000000,58484,0.22,0.768,-0.584,1.37,2.07,-1.28,1,imu01,fusion_usb_step4_20260819,2636,58484622,639180226398943
639180250000000,58504,0.212,0.769,-0.607,-1.29,-0.15,-0.87,1,imu01,fusion_usb_step4_20260819,2637,58504618,639180246394010
639180281000000,58524,0.22,0.761,-0.589,-0.44,-0.66,0.57,1,imu01,fusion_usb_step4_20260819,2638,58524622,639180266397076
639180296000000,58544,0.224,0.751,-0.627,-2.44,-2.02,1.13,1,imu01,fusion_usb_step4_20260819,2639,58544618,639180286392143
639180312000000,58564,0.225,0.747,-0.609,0.21,-0.7,1.37,1,imu01,fusion_usb_step4_20260819,2640,58564622,639180306395210
639180328000000,58584,0.227,0.737,-0.628,0.03,-0.62,0.63,1,imu01,fusion_usb_step4_20260819,2641,58584618,639180326390276
639180359000000,58604,0.223,0.757,-0.611,-0.07,0.38,-0.62,1,imu01,fusion_usb_step4_20260819,2642,58604622,639180346393343
639180375000000,58624,0.226,0.758,-0.612,1.17,1.31,-0.08,1,imu01,fusion_usb_step4_20260819,2643,58624618,639180366388410
639180390000000,58644,0.237,0.752,-0.59,2.72,1.5,1.58,1,imu01,fusion_usb_step4_20260819,2644,58644622,639180386391476
639180421000000,58664,0.238,0.736,-0.619,0.78,-0.62,2.12,1,imu01,fusion_usb_step4_20260819,2645,58664618,639180406386543
639180437000000,58684,0.233,0.744,-0.632,-0.67,-1.26,0.89,1,imu01,fusion_usb_step4_20260819,2646,58684622,639180426389610
639180453000000,58704,0.24,0.761,-0.603,1.38,0.71,-0.11,1,imu01,fusion_usb_step4_20260819,2647,58704618,639180446384676
639180468000000,58724,0.234,0.77,-0.622,-0.28,0.27,0.07,1,imu01,fusion_usb_step4_20260819,2648,58724622,639180466387743
639180500000000,58744,0.236,0.741,-0.605,1.19,0.23,1.31,1,imu01,fusion_usb_step4_20260819,2649,58744618,639180486382810
639180515000000,58764,0.237,0.74,-0.628,-0.47,-0.25,0.81,1,imu01,fusion_usb_step4_20260819,2650,58764622,639180506385876
639180531000000,58784,0.236,0.748,-0.597,2.53,1.37,0.13,1,imu01,fusion_usb_step4_20260819,2651,58784618,639180526380943
639180562000000,58804,0.227,0.752,-0.638,-1.85,-0.25,-0.43,1,imu01,fusion_usb_step4_20260819,2652,58804622,639180546384010
639180578000000,58824,0.221,0.756,-0.608,2.55,1.71,-0.33,1,imu01,fusion_usb_step4_20260819,2653,58824618,639180566379076
639180593000000,58844,0.221,0.764,-0.626,0.76,0.08,-0.14,1,imu01,fusion_usb_step4_20260819,2654,58844622,639180586382143
639180609000000,58864,0.222,0.754,-0.63,1.04,0.62,0.56,1,imu01,fusion_usb_step4_20260819,2655,58864618,639180606377210
639180640000000,58884,0.226,0.73,-0.609,3.05,1.75,0.97,1,imu01,fusion_usb_step4_20260819,2656,58884622,639180626380276
639180656000000,58904,0.222,0.746,-0.603,2.22,1.31,-0.49,1,imu01,fusion_usb_step4_20260819,2657,58904618,639180646375343
639180671000000,58924,0.215,0.772,-0.62,-0.88,-0.85,-1.24,1,imu01,fusion_usb_step4_20260819,2658,58924622,639180666378410
639180687000000,58944,0.223,0.747,-0.621,0.91,-0.25,0.14,1,imu01,fusion_usb_step4_20260819,2659,58944618,639180686373476
639180718000000,58964,0.233,0.777,-0.609,2.82,0.73,0.32,1,imu01,fusion_usb_step4_20260819,2660,58964622,639180706376543
639180734000000,58984,0.234,0.739,-0.619,1.18,-0.47,1.84,1,imu01,fusion_usb_step4_20260819,2661,58984618,639180726371610
639180750000000,59004,0.244,0.742,-0.626,1.4,-0.25,1.35,1,imu01,fusion_usb_step4_20260819,2662,59004622,639180746374676
639180781000000,59024,0.235,0.76,-0.638,-0.08,-0.19,0.41,1,imu01,fusion_usb_step4_20260819,2663,59024618,639180766369743
639180796000000,59044,0.236,0.734,-0.609,1.59,1.05,0.93,1,imu01,fusion_usb_step4_20260819,2664,59044622,639180786372810
639180812000000,59064,0.238,0.735,-0.61,0.82,0.39,0.89,1,imu01,fusion_usb_step4_20260819,2665,59064618,639180806367876
639180828000000,59084,0.235,0.752,-0.616,-0.27,0.55,0.41,1,imu01,fusion_usb_step4_20260819,2666,59084622,639180826370943
639180859000000,59104,0.225,0.756,-0.612,0.59,1.0,1.08,1,imu01,fusion_usb_step4_20260819,2667,59104618,639180846366010
639180875000000,59124,0.222,0.696,-0.565,3.67,2.34,2.94,1,imu01,fusion_usb_step4_20260819,2668,59124622,639180866369076
639180890000000,59144,0.235,0.743,-0.619,-0.0,0.16,2.13,1,imu01,fusion_usb_step4_20260819,2669,59144618,639180886364143
639180921000000,59164,0.247,0.745,-0.637,2.13,0.52,-0.03,1,imu01,fusion_usb_step4_20260819,2670,59164622,639180906367209
639180937000000,59184,0.238,0.756,-0.631,-0.08,-1.06,-0.59,1,imu01,fusion_usb_step4_20260819,2671,59184618,639180926362276
639180953000000,59204,0.237,0.749,-0.63,0.54,-0.01,0.36,1,imu01,fusion_usb_step4_20260819,2672,59204622,639180946365343
639180968000000,59224,0.236,0.747,-0.636,0.79,0.61,1.02,1,imu01,fusion_usb_step4_20260819,2673,59224618,639180966360410
639181000000000,59244,0.234,0.736,-0.626,1.29,1.44,0.97,1,imu01,fusion_usb_step4_20260819,2674,59244622,639180986363476
639181015000000,59264,0.238,0.738,-0.63,0.39,0.91,-1.08,1,imu01,fusion_usb_step4_20260819,2675,59264618,639181006358543
639181031000000,59284,0.233,0.77,-0.62,0.01,0.91,-1.9,1,imu01,fusion_usb_step4_20260819,2676,59284622,639181026361609
639181046000000,59304,0.228,0.747,-0.604,0.74,0.29,0.41,1,imu01,fusion_usb_step4_20260819,2677,59304618,639181046356676
639181078000000,59324,0.238,0.745,-0.608,0.59,-0.38,1.53,1,imu01,fusion_usb_step4_20260819,2678,59324622,639181066359743
639181093000000,59344,0.239,0.734,-0.63,-1.63,-2.23,0.86,1,imu01,fusion_usb_step4_20260819,2679,59344618,639181086354810
639181109000000,59364,0.233,0.735,-0.647,-2.02,-1.51,-0.22,1,imu01,fusion_usb_step4_20260819,2680,59364622,639181106357876
639181140000000,59384,0.231,0.749,-0.613,0.96,1.33,-1.6,1,imu01,fusion_usb_step4_20260819,2681,59384618,639181126352943
639181156000000,59404,0.229,0.761,-0.627,-0.8,0.77,-1.14,1,imu01,fusion_usb_step4_20260819,2682,59404622,639181146356009
639181171000000,59424,0.239,0.748,-0.613,0.54,1.36,0.42,1,imu01,fusion_usb_step4_20260819,2683,59424618,639181166351076
639181187000000,59444,0.235,0.728,-0.6,0.98,0.55,0.93,1,imu01,fusion_usb_step4_20260819,2684,59444622,639181186354143
639181218000000,59464,0.236,0.739,-0.631,-2.69,-1.59,-0.03,1,imu01,fusion_usb_step4_20260819,2685,59464618,639181206349210
639181234000000,59484,0.244,0.761,-0.613,0.14,-0.2,-0.21,1,imu01,fusion_usb_step4_20260819,2686,59484622,639181226352276
639181250000000,59504,0.242,0.736,-0.641,-1.14,-0.6,0.16,1,imu01,fusion_usb_step4_20260819,2687,59504618,639181246347343
639181281000000,59524,0.245,0.73,-0.613,0.75,0.73,-0.2,1,imu01,fusion_usb_step4_20260819,2688,59524622,639181266350409
639181296000000,59544,0.238,0.749,-0.621,0.11,0.6,-1.33,1,imu01,fusion_usb_step4_20260819,2689,59544618,639181286345476
639181312000000,59564,0.227,0.755,-0.637,-1.93,-0.6,-2.0,1,imu01,fusion_usb_step4_20260819,2690,59564622,639181306348543
639181328000000,59584,0.234,0.753,-0.626,-2.29,0.1,-1.04,1,imu01,fusion_usb_step4_20260819,2691,59584618,639181326343610
639181359000000,59604,0.234,0.749,-0.603,-0.18,1.13,-0.13,1,imu01,fusion_usb_step4_20260819,2692,59604622,639181346346676
639181375000000,59624,0.228,0.759,-0.621,-1.34,0.73,-0.58,1,imu01,fusion_usb_step4_20260819,2693,59624618,639181366341743
639181390000000,59644,0.23,0.76,-0.606,-0.39,0.85,0.02,1,imu01,fusion_usb_step4_20260819,2694,59644622,639181386344809
639181421000000,59664,0.233,0.73,-0.611,-0.26,0.01,0.77,1,imu01,fusion_usb_step4_20260819,2695,59664618,639181406339876
639181437000000,59684,0.234,0.74,-0.606,-1.76,-1.09,-0.57,1,imu01,fusion_usb_step4_20260819,2696,59684622,639181426342943
639181453000000,59704,0.231,0.757,-0.634,-3.19,-1.65,-1.36,1,imu01,fusion_usb_step4_20260819,2697,59704618,639181446338009
639181468000000,59724,0.237,0.753,-0.617,0.75,0.49,-0.07,1,imu01,fusion_usb_step4_20260819,2698,59724622,639181466341076
639181500000000,59744,0.239,0.731,-0.61,0.54,0.17,0.31,1,imu01,fusion_usb_step4_20260819,2699,59744618,639181486336143
639181515000000,59764,0.233,0.744,-0.617,-1.49,-0.09,-0.82,1,imu01,fusion_usb_step4_20260819,2700,59764622,639181506339209
639181531000000,59784,0.229,0.776,-0.629,-2.71,-0.44,-1.24,1,imu01,fusion_usb_step4_20260819,2701,59784618,639181526334276
639181546000000,59804,0.225,0.765,-0.579,0.34,0.78,0.17,1,imu01,fusion_usb_step4_20260819,2702,59804622,639181546337342
639181578000000,59824,0.238,0.731,-0.624,-1.29,-0.4,1.14,1,imu01,fusion_usb_step4_20260819,2703,59824618,639181566332409
639181593000000,59844,0.232,0.76,-0.613,0.4,0.74,-0.72,1,imu01,fusion_usb_step4_20260819,2704,59844622,639181586335476
639181609000000,59864,0.235,0.76,-0.62,-0.46,-0.09,-0.23,1,imu01,fusion_usb_step4_20260819,2705,59864618,639181606330543
639181640000000,59884,0.23,0.731,-0.608,0.17,0.05,1.13,1,imu01,fusion_usb_step4_20260819,2706,59884622,639181626333609
639181656000000,59904,0.233,0.745,-0.595,0.33,-0.42,0.22,1,imu01,fusion_usb_step4_20260819,2707,59904618,639181646328676
639181671000000,59924,0.22,0.76,-0.636,-2.93,-2.29,-0.96,1,imu01,fusion_usb_step4_20260819,2708,59924622,639181666331742
639181687000000,59944,0.225,0.776,-0.59,1.2,-0.13,-0.16,1,imu01,fusion_usb_step4_20260819,2709,59944618,639181686326809
639181718000000,59964,0.222,0.745,-0.626,0.57,-0.45,1.48,1,imu01,fusion_usb_step4_20260819,2710,59964622,639181706329876
639181734000000,59984,0.234,0.725,-0.603,2.32,0.13,1.9,1,imu01,fusion_usb_step4_20260819,2711,59984618,639181726324943
639181750000000,60004,0.233,0.754,-0.598,1.55,-0.63,0.41,1,imu01,fusion_usb_step4_20260819,2712,60004622,639181746328009
639181781000000,60024,0.232,0.761,-0.601,2.84,-1.27,0.5,1,imu01,fusion_usb_step4_20260819,2713,60024618,639181766323076
639181796000000,60044,0.219,0.726,-0.659,0.62,-3.8,2.66,1,imu01,fusion_usb_step4_20260819,2714,60044622,639181786326142
639181812000000,60064,0.232,0.638,-0.599,7.46,-0.58,4.81,1,imu01,fusion_usb_step4_20260819,2715,60064618,639181806321209
639181828000000,60084,0.215,0.761,-0.613,4.74,-8.58,7.93,1,imu01,fusion_usb_step4_20260819,2716,60084622,639181826324276
639181859000000,60104,0.199,0.714,-0.628,12.31,-11.82,9.68,1,imu01,fusion_usb_step4_20260819,2717,60104618,639181846319343
639181875000000,60124,0.266,0.772,-0.625,5.39,-11.0,5.41,1,imu01,fusion_usb_step4_20260819,2718,60124621,639181866321409
639181890000000,60144,0.219,0.725,-0.59,9.82,-3.74,4.98,1,imu01,fusion_usb_step4_20260819,2719,60144618,639181886317476
639181921000000,60164,0.243,0.767,-0.666,2.55,-12.31,6.8,1,imu01,fusion_usb_step4_20260819,2720,60164622,639181906320542
639181937000000,60184,0.229,0.713,-0.655,1.01,-6.66,5.87,1,imu01,fusion_usb_step4_20260819,2721,60184618,639181926315609
639181953000000,60204,0.233,0.727,-0.628,4.59,-2.04,3.31,1,imu01,fusion_usb_step4_20260819,2722,60204622,639181946318676
639181968000000,60224,0.263,0.759,-0.624,-0.79,-3.8,2.9,1,imu01,fusion_usb_step4_20260819,2723,60224618,639181966313743
639182000000000,60244,0.229,0.728,-0.626,2.71,-6.25,5.47,1,imu01,fusion_usb_step4_20260819,2724,60244622,639181986316809
639182015000000,60264,0.212,0.669,-0.702,1.68,-8.81,5.22,1,imu01,fusion_usb_step4_20260819,2725,60264618,639182006311876
639182031000000,60284,0.222,0.741,-0.635,2.92,-3.87,2.86,1,imu01,fusion_usb_step4_20260819,2726,60284622,639182026314942
639182046000000,60304,0.24,0.767,-0.641,-3.52,-4.41,2.99,1,imu01,fusion_usb_step4_20260819,2727,60304618,639182046310009
639182078000000,60324,0.223,0.721,-0.667,-1.5,-3.61,4.8,1,imu01,fusion_usb_step4_20260819,2728,60324622,639182066313076
639182093000000,60344,0.248,0.739,-0.617,5.3,-0.21,5.59,1,imu01,fusion_usb_step4_20260819,2729,60344618,639182086308142
639182109000000,60364,0.245,0.754,-0.592,2.93,-3.26,6.99,1,imu01,fusion_usb_step4_20260819,2730,60364622,639182106311209
639182140000000,60384,0.245,0.708,-0.651,5.95,-11.33,8.18,1,imu01,fusion_usb_step4_20260819,2731,60384618,639182126306276
639182156000000,60404,0.252,0.691,-0.67,2.14,-11.0,4.46,1,imu01,fusion_usb_step4_20260819,2732,60404622,639182146309342
639182171000000,60424,0.241,0.728,-0.683,-1.67,-8.19,2.44,1,imu01,fusion_usb_step4_20260819,2733,60424618,639182166304409
639182187000000,60444,0.245,0.735,-0.629,-0.18,-2.33,3.7,1,imu01,fusion_usb_step4_20260819,2734,60444622,639182186307476
639182218000000,60464,0.224,0.713,-0.613,9.82,0.8,2.67,1,imu01,fusion_usb_step4_20260819,2735,60464618,639182206302542
639182234000000,60484,0.25,0.725,-0.651,6.53,-1.29,4.53,1,imu01,fusion_usb_step4_20260819,2736,60484622,639182226305609
639182250000000,60504,0.248,0.707,-0.607,13.79,-2.46,2.18,1,imu01,fusion_usb_step4_20260819,2737,60504618,639182246300676
639182281000000,60524,0.241,0.716,-0.669,7.7,-10.26,0.22,1,imu01,fusion_usb_step4_20260819,2738,60524622,639182266303742
639182296000000,60544,0.22,0.695,-0.718,-2.84,-7.99,-17.11,1,imu01,fusion_usb_step4_20260819,2739,60544618,639182286298809
639182312000000,60564,0.25,0.848,-0.614,12.01,7.92,-25.19,1,imu01,fusion_usb_step4_20260819,2740,60564622,639182306301876
639182328000000,60584,0.219,0.674,-0.7,-7.35,-3.53,0.38,1,imu01,fusion_usb_step4_20260819,2741,60584618,639182326296942
639182359000000,60604,0.223,0.715,-0.619,-6.42,4.16,-2.06,1,imu01,fusion_usb_step4_20260819,2742,60604622,639182346300009
639182375000000,60624,0.213,0.749,-0.617,-1.89,0.71,0.0,1,imu01,fusion_usb_step4_20260819,2743,60624618,639182366295076
639182390000000,60644,0.214,0.712,-0.659,-3.5,-4.65,2.49,1,imu01,fusion_usb_step4_20260819,2744,60644622,639182386298142
639182421000000,60664,0.224,0.729,-0.665,-1.14,-3.54,1.97,1,imu01,fusion_usb_step4_20260819,2745,60664618,639182406293209
639182437000000,60684,0.215,0.711,-0.652,1.39,-3.06,1.64,1,imu01,fusion_usb_step4_20260819,2746,60684622,639182426296276
639182453000000,60704,0.203,0.731,-0.649,-0.95,-4.33,0.6,1,imu01,fusion_usb_step4_20260819,2747,60704618,639182446291342
639182468000000,60724,0.212,0.735,-0.653,-2.2,-1.72,0.47,1,imu01,fusion_usb_step4_20260819,2748,60724622,639182466294409
639182500000000,60744,0.219,0.735,-0.614,-2.01,0.99,1.67,1,imu01,fusion_usb_step4_20260819,2749,60744618,639182486289476
639182515000000,60764,0.229,0.728,-0.636,-1.1,-3.13,3.93,1,imu01,fusion_usb_step4_20260819,2750,60764622,639182506292542
639182531000000,60784,0.24,0.696,-0.669,-2.69,-6.35,5.21,1,imu01,fusion_usb_step4_20260819,2751,60784618,639182526287609
639182546000000,60804,0.221,0.701,-0.673,-8.92,-5.75,3.0,1,imu01,fusion_usb_step4_20260819,2752,60804622,639182546290676
639182578000000,60824,0.222,0.728,-0.662,-4.18,-1.64,-0.99,1,imu01,fusion_usb_step4_20260819,2753,60824618,639182566285742
639182593000000,60844,0.214,0.748,-0.644,-0.06,1.68,-2.36,1,imu01,fusion_usb_step4_20260819,2754,60844622,639182586288809
639182609000000,60864,0.205,0.721,-0.651,-0.72,-0.5,1.19,1,imu01,fusion_usb_step4_20260819,2755,60864618,639182606283876
639182640000000,60884,0.199,0.76,-0.635,-3.94,-0.08,-0.54,1,imu01,fusion_usb_step4_20260819,2756,60884622,639182626286942
639182656000000,60904,0.208,0.713,-0.663,-7.1,-2.51,2.25,1,imu01,fusion_usb_step4_20260819,2757,60904618,639182646282009
639182671000000,60924,0.221,0.713,-0.639,-9.93,-1.2,1.52,1,imu01,fusion_usb_step4_20260819,2758,60924622,639182666285076
639182687000000,60944,0.225,0.781,-0.633,-12.86,-1.66,-3.37,1,imu01,fusion_usb_step4_20260819,2759,60944618,639182686280142
639182718000000,60964,0.216,0.728,-0.696,-9.05,-7.03,3.59,1,imu01,fusion_usb_step4_20260819,2760,60964622,639182706283209
639182734000000,60984,0.228,0.713,-0.657,-6.03,-1.43,2.36,1,imu01,fusion_usb_step4_20260819,2761,60984618,639182726278276
639182750000000,61004,0.21,0.725,-0.638,-7.86,1.3,1.06,1,imu01,fusion_usb_step4_20260819,2762,61004622,639182746281342
639182781000000,61024,0.217,0.768,-0.607,-0.87,2.61,-1.67,1,imu01,fusion_usb_step4_20260819,2763,61024618,639182766276409
639182796000000,61044,0.224,0.733,-0.618,-0.72,-0.06,2.32,1,imu01,fusion_usb_step4_20260819,2764,61044622,639182786279476
639182812000000,61064,0.203,0.711,-0.642,-6.2,-3.19,1.93,1,imu01,fusion_usb_step4_20260819,2765,61064618,639182806274542
639182828000000,61084,0.22,0.79,-0.621,-8.51,-3.64,-1.42,1,imu01,fusion_usb_step4_20260819,2766,61084622,639182826277609
639182859000000,61104,0.225,0.727,-0.642,-7.27,-5.59,3.99,1,imu01,fusion_usb_step4_20260819,2767,61104618,639182846272676
639182875000000,61124,0.216,0.74,-0.664,-5.08,-6.32,3.64,1,imu01,fusion_usb_step4_20260819,2768,61124622,639182866275742
639182890000000,61144,0.219,0.773,-0.621,-2.45,-0.51,1.75,1,imu01,fusion_usb_step4_20260819,2769,61144618,639182886270809
639182921000000,61164,0.216,0.752,-0.599,-5.06,0.48,4.84,1,imu01,fusion_usb_step4_20260819,2770,61164622,639182906273875
639182937000000,61184,0.227,0.747,-0.602,-6.67,-4.93,6.04,1,imu01,fusion_usb_step4_20260819,2771,61184618,639182926268942
639182953000000,61204,0.215,0.724,-0.652,-14.68,-7.78,6.75,1,imu01,fusion_usb_step4_20260819,2772,61204622,639182946272009
639182968000000,61224,0.2,0.768,-0.616,-7.64,-2.25,4.11,1,imu01,fusion_usb_step4_20260819,2773,61224618,639182966267076
639183000000000,61244,0.231,0.744,-0.6,-0.28,-1.22,5.39,1,imu01,fusion_usb_step4_20260819,2774,61244622,639182986270142
639183015000000,61264,0.216,0.718,-0.641,-10.0,-5.25,6.79,1,imu01,fusion_usb_step4_20260819,2775,61264618,639183006265209
639183031000000,61284,0.223,0.788,-0.61,-7.39,1.3,2.06,1,imu01,fusion_usb_step4_20260819,2776,61284622,639183026268275
639183046000000,61304,0.206,0.783,-0.552,-8.87,5.3,4.72,1,imu01,fusion_usb_step4_20260819,2777,61304618,639183046263342
639183078000000,61324,0.23,0.775,-0.54,-14.28,-5.83,8.18,1,imu01,fusion_usb_step4_20260819,2778,61324622,639183066266409
639183093000000,61344,0.227,0.751,-0.604,-21.63,-20.36,10.12,1,imu01,fusion_usb_step4_20260819,2779,61344618,639183086261476
639183109000000,61364,0.225,0.791,-0.668,-24.17,-22.45,7.25,1,imu01,fusion_usb_step4_20260819,2780,61364622,639183106264542
639183140000000,61384,0.215,0.827,-0.695,-17.35,-15.51,8.52,1,imu01,fusion_usb_step4_20260819,2781,61384618,639183126259609
639183156000000,61404,0.225,0.829,-0.616,-12.83,0.42,14.15,1,imu01,fusion_usb_step4_20260819,2782,61404622,639183146262675
639183171000000,61424,0.24,0.717,-0.569,-9.76,7.95,23.85,1,imu01,fusion_usb_step4_20260819,2783,61424618,639183166257742
639183187000000,61444,0.222,0.724,-0.581,-5.52,8.59,21.14,1,imu01,fusion_usb_step4_20260819,2784,61444622,639183186260809
639183218000000,61464,0.228,0.794,-0.49,1.93,15.0,11.44,1,imu01,fusion_usb_step4_20260819,2785,61464618,639183206255876
639183234000000,61484,0.242,0.78,-0.471,-4.45,2.51,16.54,1,imu01,fusion_usb_step4_20260819,2786,61484622,639183226258942
639183250000000,61504,0.256,0.817,-0.621,-24.98,-22.51,19.64,1,imu01,fusion_usb_step4_20260819,2787,61504618,639183246254009
639183281000000,61524,0.355,0.845,-0.686,-27.13,-26.0,26.17,1,imu01,fusion_usb_step4_20260819,2788,61524622,639183266257075
639183296000000,61544,0.246,0.735,-0.603,-39.18,-4.38,31.17,1,imu01,fusion_usb_step4_20260819,2789,61544618,639183286252142
639183312000000,61564,0.257,0.709,-0.562,-20.51,0.39,25.41,1,imu01,fusion_usb_step4_20260819,2790,61564622,639183306255209
639183328000000,61584,0.262,0.805,-0.554,-29.87,-2.33,12.3,1,imu01,fusion_usb_step4_20260819,2791,61584618,639183326250276
639183359000000,61604,0.261,0.794,-0.574,-32.69,-7.14,15.0,1,imu01,fusion_usb_step4_20260819,2792,61604622,639183346253342
639183375000000,61624,0.267,0.811,-0.559,-30.41,-2.48,16.29,1,imu01,fusion_usb_step4_20260819,2793,61624618,639183366248409
639183390000000,61644,0.293,0.759,-0.485,-18.19,5.96,19.02,1,imu01,fusion_usb_step4_20260819,2794,61644622,639183386251475
639183421000000,61664,0.298,0.7,-0.464,-28.75,1.59,19.28,1,imu01,fusion_usb_step4_20260819,2795,61664618,639183406246542
639183437000000,61684,0.29,0.747,-0.501,-30.51,-8.68,9.37,1,imu01,fusion_usb_step4_20260819,2796,61684622,639183426249608
639183453000000,61704,0.284,0.781,-0.568,-17.1,-13.88,2.71,1,imu01,fusion_usb_step4_20260819,2797,61704618,639183446244675
639183468000000,61724,0.307,0.826,-0.549,-4.76,-4.62,-0.02,1,imu01,fusion_usb_step4_20260819,2798,61724622,639183466247742
639183500000000,61744,0.287,0.793,-0.469,-8.46,6.67,4.98,1,imu01,fusion_usb_step4_20260819,2799,61744618,639183486242809
639183515000000,61764,0.306,0.709,-0.467,-5.19,2.26,7.6,1,imu01,fusion_usb_step4_20260819,2800,61764622,639183506245875
639183531000000,61784,0.277,0.864,-0.488,-17.7,-4.16,-5.38,1,imu01,fusion_usb_step4_20260819,2801,61784618,639183526240942
639183562000000,61804,0.283,0.788,-0.49,-26.84,-4.76,-2.66,1,imu01,fusion_usb_step4_20260819,2802,61804622,639183546244008
639183578000000,61824,0.29,0.803,-0.497,-25.25,-7.53,-3.5,1,imu01,fusion_usb_step4_20260819,2803,61824618,639183566239075
639183593000000,61844,0.279,0.888,-0.485,-35.02,-2.92,-10.0,1,imu01,fusion_usb_step4_20260819,2804,61844622,639183586242142
639183609000000,61864,0.278,0.849,-0.484,-21.63,-1.33,-4.49,1,imu01,fusion_usb_step4_20260819,2805,61864618,639183606237209
639183640000000,61884,1.864,0.768,-0.697,-11.11,1.16,4.68,1,imu01,fusion_usb_step4_20260819,2806,61884622,639183626240275
639183656000000,61904,0.276,0.964,-0.361,42.15,43.75,7.06,1,imu01,fusion_usb_step4_20260819,2807,61904618,639183646235342
639183671000000,61924,0.304,1.203,-0.319,-38.25,-11.2,-45.69,1,imu01,fusion_usb_step4_20260819,2808,61924622,639183666238408
639183703000000,61944,0.252,0.7,-0.677,-23.15,-63.06,33.02,1,imu01,fusion_usb_step4_20260819,2809,61944618,639183686233475
639183718000000,61964,0.268,0.853,-0.59,-35.58,-21.7,7.91,1,imu01,fusion_usb_step4_20260819,2810,61964622,639183706236542
639183734000000,61984,0.293,0.893,-0.434,-7.85,12.02,1.88,1,imu01,fusion_usb_step4_20260819,2811,61984618,639183726231609
639183750000000,62004,0.285,0.789,-0.389,1.81,9.81,15.33,1,imu01,fusion_usb_step4_20260819,2812,62004622,639183746234675
639183781000000,62024,0.289,0.784,-0.435,-3.44,-8.15,8.65,1,imu01,fusion_usb_step4_20260819,2813,62024618,639183766229742
639183796000000,62044,0.272,0.852,-0.479,-16.19,-10.19,-0.6,1,imu01,fusion_usb_step4_20260819,2814,62044622,639183786232808
639183812000000,62064,0.265,0.88,-0.449,-8.79,-4.96,-1.77,1,imu01,fusion_usb_step4_20260819,2815,62064618,639183806227875
639183828000000,62084,0.276,0.92,-0.445,-8.07,-5.02,2.77,1,imu01,fusion_usb_step4_20260819,2816,62084622,639183826230942
639183859000000,62104,0.273,0.855,-0.442,-3.18,-5.98,11.98,1,imu01,fusion_usb_step4_20260819,2817,62104618,639183846226009
639183875000000,62124,0.283,0.822,-0.461,-1.18,-7.56,15.39,1,imu01,fusion_usb_step4_20260819,2818,62124621,639183866228075
639183890000000,62144,0.293,0.822,-0.446,-7.96,-5.63,10.18,1,imu01,fusion_usb_step4_20260819,2819,62144618,639183886224142
639183921000000,62164,0.297,0.838,-0.463,-7.99,-6.99,8.76,1,imu01,fusion_usb_step4_20260819,2820,62164622,639183906227208
639183937000000,62184,0.306,0.85,-0.474,-2.67,-6.67,9.09,1,imu01,fusion_usb_step4_20260819,2821,62184618,639183926222275
639183953000000,62204,0.303,0.82,-0.444,-5.24,2.91,12.43,1,imu01,fusion_usb_step4_20260819,2822,62204622,639183946225342
639183968000000,62224,0.326,0.774,-0.403,4.92,4.96,11.64,1,imu01,fusion_usb_step4_20260819,2823,62224618,639183966220408
639184000000000,62244,0.31,0.861,-0.391,-16.37,-0.64,3.37,1,imu01,fusion_usb_step4_20260819,2824,62244622,639183986223475
639184015000000,62264,0.283,0.854,-0.373,-32.63,-7.51,3.15,1,imu01,fusion_usb_step4_20260819,2825,62264618,639184006218542
639184031000000,62284,0.289,0.859,-0.462,-28.05,-21.29,4.78,1,imu01,fusion_usb_step4_20260819,2826,62284622,639184026221608
639184062000000,62304,0.308,0.913,-0.501,-29.51,-19.31,1.88,1,imu01,fusion_usb_step4_20260819,2827,62304618,639184046216675
639184078000000,62324,0.306,0.84,-0.469,-11.21,-2.99,12.15,1,imu01,fusion_usb_step4_20260819,2828,62324622,639184066219742
639184093000000,62344,0.292,0.851,-0.373,0.97,11.75,13.27,1,imu01,fusion_usb_step4_20260819,2829,62344618,639184086214808
639184109000000,62364,0.155,0.62,-0.659,13.09,8.68,19.1,1,imu01,fusion_usb_step4_20260819,2830,62364622,639184106217875
639184140000000,62384,0.015,1.0,-0.307,-25.56,38.23,1.71,1,imu01,fusion_usb_step4_20260819,2831,62384618,639184126212942
639184156000000,62404,0.388,0.996,-0.149,-55.04,2.68,-24.04,1,imu01,fusion_usb_step4_20260819,2832,62404622,639184146216008
639184171000000,62424,0.199,0.656,-0.682,-25.72,-55.05,22.38,1,imu01,fusion_usb_step4_20260819,2833,62424618,639184166211075
639184187000000,62444,0.133,0.736,-0.314,-9.48,-10.51,-2.11,1,imu01,fusion_usb_step4_20260819,2834,62444622,639184186214142
639184218000000,62464,0.345,1.138,-0.312,-18.18,-7.78,-42.17,1,imu01,fusion_usb_step4_20260819,2835,62464618,639184206209208
639184234000000,62484,0.288,0.888,-0.521,0.2,-34.16,3.27,1,imu01,fusion_usb_step4_20260819,2836,62484622,639184226212275
639184250000000,62504,0.308,0.772,-0.478,-4.89,-9.81,16.29,1,imu01,fusion_usb_step4_20260819,2837,62504618,639184246207342
639184281000000,62524,0.309,0.882,-0.344,7.4,15.2,-3.62,1,imu01,fusion_usb_step4_20260819,2838,62524622,639184266210408
639184296000000,62544,0.289,0.864,-0.298,1.93,8.66,-4.22,1,imu01,fusion_usb_step4_20260819,2839,62544618,639184286205475
639184312000000,62564,0.3,0.863,-0.42,-12.56,-8.2,-2.99,1,imu01,fusion_usb_step4_20260819,2840,62564622,639184306208542
639184328000000,62584,0.283,0.901,-0.391,-11.38,-4.05,-6.11,1,imu01,fusion_usb_step4_20260819,2841,62584618,639184326203608
639184359000000,62604,0.287,0.904,-0.369,-1.58,3.77,-1.94,1,imu01,fusion_usb_step4_20260819,2842,62604622,639184346206675
639184375000000,62624,0.308,0.848,-0.406,12.04,-0.39,4.89,1,imu01,fusion_usb_step4_20260819,2843,62624618,639184366201742
639184390000000,62644,0.298,0.853,-0.406,12.27,2.35,3.76,1,imu01,fusion_usb_step4_20260819,2844,62644622,639184386204808
639184421000000,62664,0.297,0.881,-0.312,6.95,10.49,-1.21,1,imu01,fusion_usb_step4_20260819,2845,62664618,639184406199875
639184437000000,62684,0.293,0.847,-0.349,-2.66,0.86,-1.46,1,imu01,fusion_usb_step4_20260819,2846,62684622,639184426202942
639184453000000,62704,0.298,0.895,-0.427,-3.73,-7.61,-3.77,1,imu01,fusion_usb_step4_20260819,2847,62704618,639184446198008
639184468000000,62724,0.294,0.898,-0.413,3.49,0.83,-1.93,1,imu01,fusion_usb_step4_20260819,2848,62724622,639184466201075
639184500000000,62744,0.291,0.854,-0.35,4.82,8.78,2.26,1,imu01,fusion_usb_step4_20260819,2849,62744618,639184486196142
639184515000000,62764,0.31,0.858,-0.336,2.53,4.49,-1.01,1,imu01,fusion_usb_step4_20260819,2850,62764622,639184506199208
639184531000000,62784,0.284,0.853,-0.406,2.63,-6.28,0.03,1,imu01,fusion_usb_step4_20260819,2851,62784618,639184526194275
639184546000000,62804,0.297,0.845,-0.371,12.51,0.23,-0.09,1,imu01,fusion_usb_step4_20260819,2852,62804622,639184546197342
639184578000000,62824,0.297,0.919,-0.411,-0.25,-0.35,-4.99,1,imu01,fusion_usb_step4_20260819,2853,62824618,639184566192408
639184593000000,62844,0.29,0.826,-0.454,-3.55,-0.37,1.34,1,imu01,fusion_usb_step4_20260819,2854,62844622,639184586195475
639184609000000,62864,0.303,0.846,-0.366,4.35,13.9,-1.0,1,imu01,fusion_usb_step4_20260819,2855,62864618,639184606190542
639184640000000,62884,0.295,0.872,-0.326,7.83,11.15,-3.84,1,imu01,fusion_usb_step4_20260819,2856,62884622,639184626193608
639184656000000,62904,0.283,0.896,-0.406,0.86,-3.83,-3.53,1,imu01,fusion_usb_step4_20260819,2857,62904618,639184646188675
639184671000000,62924,0.31,0.912,-0.394,-2.99,-0.42,-3.36,1,imu01,fusion_usb_step4_20260819,2858,62924622,639184666191742
639184687000000,62944,0.296,0.817,-0.351,2.44,4.29,3.46,1,imu01,fusion_usb_step4_20260819,2859,62944618,639184686186808
639184718000000,62964,0.291,0.879,-0.388,-2.6,-0.17,-2.06,1,imu01,fusion_usb_step4_20260819,2860,62964622,639184706189875
639184734000000,62984,0.284,0.913,-0.404,-3.17,-0.66,-3.05,1,imu01,fusion_usb_step4_20260819,2861,62984618,639184726184942
639184750000000,63004,0.285,0.883,-0.389,1.47,1.33,2.58,1,imu01,fusion_usb_step4_20260819,2862,63004622,639184746188008
639184781000000,63024,0.3,0.857,-0.347,1.9,4.29,2.98,1,imu01,fusion_usb_step4_20260819,2863,63024618,639184766183075
639184796000000,63044,0.295,0.838,-0.346,-1.57,2.32,1.83,1,imu01,fusion_usb_step4_20260819,2864,63044622,639184786186141
639184812000000,63064,0.293,0.856,-0.379,-2.25,-2.93,-0.4,1,imu01,fusion_usb_step4_20260819,2865,63064618,639184806181208
639184828000000,63084,0.286,0.854,-0.432,-0.85,-4.67,-0.35,1,imu01,fusion_usb_step4_20260819,2866,63084622,639184826184275
639184859000000,63104,0.281,0.873,-0.386,5.26,1.65,-0.24,1,imu01,fusion_usb_step4_20260819,2867,63104618,639184846179342
639184875000000,63124,0.298,0.87,-0.338,6.37,5.55,1.4,1,imu01,fusion_usb_step4_20260819,2868,63124622,639184866182408
639184890000000,63144,0.311,0.826,-0.374,0.01,-2.41,2.21,1,imu01,fusion_usb_step4_20260819,2869,63144618,639184886177475
639184921000000,63164,0.298,0.842,-0.423,-3.02,-5.92,-0.45,1,imu01,fusion_usb_step4_20260819,2870,63164622,639184906180541
639184937000000,63184,0.29,0.891,-0.435,-2.92,-1.37,-4.56,1,imu01,fusion_usb_step4_20260819,2871,63184618,639184926175608
639184953000000,63204,0.302,0.915,-0.386,4.05,5.23,-3.03,1,imu01,fusion_usb_step4_20260819,2872,63204622,639184946178675
639184968000000,63224,0.302,0.841,-0.368,7.1,4.03,2.47,1,imu01,fusion_usb_step4_20260819,2873,63224618,639184966173742
639185000000000,63244,0.297,0.883,-0.409,-0.17,-1.42,0.44,1,imu01,fusion_usb_step4_20260819,2874,63244622,639184986176808
639185015000000,63264,0.306,0.847,-0.375,2.36,0.95,0.5,1,imu01,fusion_usb_step4_20260819,2875,63264618,639185006171875
639185031000000,63284,0.302,0.878,-0.383,-0.85,2.61,-1.16,1,imu01,fusion_usb_step4_20260819,2876,63284622,639185026174941
639185062000000,63304,0.276,0.958,-0.4,-0.29,0.2,-2.98,1,imu01,fusion_usb_step4_20260819,2877,63304618,639185046170008
639185078000000,63324,0.297,0.858,-0.388,6.66,2.13,5.09,1,imu01,fusion_usb_step4_20260819,2878,63324622,639185066173075
639185093000000,63344,0.286,0.827,-0.362,4.8,3.71,5.44,1,imu01,fusion_usb_step4_20260819,2879,63344618,639185086168142
639185109000000,63364,0.315,0.852,-0.388,2.15,-2.05,0.61,1,imu01,fusion_usb_step4_20260819,2880,63364622,639185106171208
639185140000000,63384,0.288,0.856,-0.403,0.32,-1.15,0.56,1,imu01,fusion_usb_step4_20260819,2881,63384618,639185126166275
639185156000000,63404,0.302,0.848,-0.373,5.04,2.21,-0.03,1,imu01,fusion_usb_step4_20260819,2882,63404622,639185146169341
639185171000000,63424,0.298,0.869,-0.372,0.91,0.26,0.64,1,imu01,fusion_usb_step4_20260819,2883,63424618,639185166164408
639185187000000,63444,0.312,0.87,-0.395,0.07,-2.9,1.48,1,imu01,fusion_usb_step4_20260819,2884,63444622,639185186167475
639185218000000,63464,0.301,0.829,-0.425,-0.09,-3.57,2.56,1,imu01,fusion_usb_step4_20260819,2885,63464618,639185206162542
639185234000000,63484,0.306,0.842,-0.385,2.37,3.04,1.18,1,imu01,fusion_usb_step4_20260819,2886,63484622,639185226165608
639185250000000,63504,0.302,0.887,-0.347,4.25,5.52,-2.93,1,imu01,fusion_usb_step4_20260819,2887,63504618,639185246160675
639185281000000,63524,0.309,0.869,-0.389,4.1,-3.52,0.83,1,imu01,fusion_usb_step4_20260819,2888,63524622,639185266163741
639185296000000,63544,0.305,0.805,-0.424,1.0,-6.03,2.35,1,imu01,fusion_usb_step4_20260819,2889,63544618,639185286158808
639185312000000,63564,0.297,0.87,-0.358,-1.46,2.94,-4.17,1,imu01,fusion_usb_step4_20260819,2890,63564622,639185306161875
639185328000000,63584,0.288,0.868,-0.33,-4.29,-1.55,-5.09,1,imu01,fusion_usb_step4_20260819,2891,63584618,639185326156941
639185359000000,63604,0.275,0.832,-0.423,-8.74,-12.87,-3.05,1,imu01,fusion_usb_step4_20260819,2892,63604622,639185346160008
639185375000000,63624,0.297,0.885,-0.492,-5.02,-9.1,-4.59,1,imu01,fusion_usb_step4_20260819,2893,63624618,639185366155075
639185390000000,63644,0.299,0.849,-0.342,-0.09,12.29,-1.03,1,imu01,fusion_usb_step4_20260819,2894,63644622,639185386158141
639185421000000,63664,0.298,0.911,-0.299,2.3,7.73,-3.3,1,imu01,fusion_usb_step4_20260819,2895,63664618,639185406153208
639185437000000,63684,0.304,0.845,-0.445,-0.51,-11.05,2.88,1,imu01,fusion_usb_step4_20260819,2896,63684622,639185426156274
639185453000000,63704,0.281,0.86,-0.439,1.87,-4.51,2.43,1,imu01,fusion_usb_step4_20260819,2897,63704618,639185446151341
639185468000000,63724,0.294,0.864,-0.389,5.35,6.4,0.28,1,imu01,fusion_usb_step4_20260819,2898,63724622,639185466154408
639185500000000,63744,0.296,0.844,-0.393,0.4,1.87,-0.39,1,imu01,fusion_usb_step4_20260819,2899,63744618,639185486149475
639185515000000,63764,0.303,0.882,-0.424,-3.04,-1.53,-3.3,1,imu01,fusion_usb_step4_20260819,2900,63764622,639185506152541
639185531000000,63784,0.29,0.827,-0.368,5.07,5.1,1.77,1,imu01,fusion_usb_step4_20260819,2901,63784618,639185526147608
639185562000000,63804,0.275,0.859,-0.348,4.06,6.14,-0.55,1,imu01,fusion_usb_step4_20260819,2902,63804622,639185546150674
639185578000000,63824,0.286,0.833,-0.406,1.18,-2.77,-0.98,1,imu01,fusion_usb_step4_20260819,2903,63824618,639185566145741
639185593000000,63844,0.296,0.878,-0.439,-3.35,-3.96,-3.48,1,imu01,fusion_usb_step4_20260819,2904,63844622,639185586148808
639185609000000,63864,0.301,0.872,-0.363,3.26,3.33,-2.52,1,imu01,fusion_usb_step4_20260819,2905,63864618,639185606143875
639185640000000,63884,0.287,0.895,-0.37,5.56,2.84,-1.01,1,imu01,fusion_usb_step4_20260819,2906,63884622,639185626146941
639185656000000,63904,0.289,0.893,-0.386,0.75,-1.09,-1.49,1,imu01,fusion_usb_step4_20260819,2907,63904618,639185646142008
639185671000000,63924,0.294,0.898,-0.415,-3.95,-4.41,-1.76,1,imu01,fusion_usb_step4_20260819,2908,63924622,639185666145074
639185687000000,63944,0.298,0.87,-0.445,-2.12,-3.03,-0.51,1,imu01,fusion_usb_step4_20260819,2909,63944618,639185686140141
639185718000000,63964,0.292,0.872,-0.408,1.43,5.25,-0.19,1,imu01,fusion_usb_step4_20260819,2910,63964622,639185706143208
639185734000000,63984,0.294,0.864,-0.352,4.65,7.87,-0.17,1,imu01,fusion_usb_step4_20260819,2911,63984618,639185726138275
639185750000000,64004,0.297,0.892,-0.409,2.37,-2.96,-0.1,1,imu01,fusion_usb_step4_20260819,2912,64004622,639185746141341
639185781000000,64024,0.278,0.875,-0.434,4.18,-4.17,2.53,1,imu01,fusion_usb_step4_20260819,2913,64024618,639185766136408
639185796000000,64044,0.284,0.864,-0.382,1.93,3.49,0.74,1,imu01,fusion_usb_step4_20260819,2914,64044622,639185786139474
639185812000000,64064,0.29,0.875,-0.368,2.01,2.94,-0.27,1,imu01,fusion_usb_step4_20260819,2915,64064618,639185806134541
639185828000000,64084,0.293,0.857,-0.418,-0.36,-3.53,1.12,1,imu01,fusion_usb_step4_20260819,2916,64084622,639185826137608
639185859000000,64104,0.29,0.845,-0.432,0.88,-2.29,1.38,1,imu01,fusion_usb_step4_20260819,2917,64104618,639185846132675
639185875000000,64124,0.272,0.892,-0.395,-0.7,3.38,-3.17,1,imu01,fusion_usb_step4_20260819,2918,64124621,639185866134741
639185890000000,64144,0.291,0.883,-0.353,0.57,2.2,-0.42,1,imu01,fusion_usb_step4_20260819,2919,64144618,639185886130808
639185921000000,64164,0.299,0.845,-0.41,0.85,-3.92,2.57,1,imu01,fusion_usb_step4_20260819,2920,64164622,639185906133874
639185937000000,64184,0.313,0.815,-0.414,2.48,-3.22,3.07,1,imu01,fusion_usb_step4_20260819,2921,64184618,639185926128941
639185953000000,64204,0.311,0.877,-0.422,-5.96,-0.78,-5.25,1,imu01,fusion_usb_step4_20260819,2922,64204622,639185946132008
639185968000000,64224,0.281,0.87,-0.385,-0.84,2.44,-3.97,1,imu01,fusion_usb_step4_20260819,2923,64224618,639185966127074
639186000000000,64244,0.303,0.859,-0.375,0.4,2.26,-1.6,1,imu01,fusion_usb_step4_20260819,2924,64244622,639185986130141
639186015000000,64264,0.284,0.877,-0.368,-0.77,-2.6,0.23,1,imu01,fusion_usb_step4_20260819,2925,64264618,639186006125208
639186031000000,64284,0.29,0.855,-0.462,-0.25,-8.09,0.56,1,imu01,fusion_usb_step4_20260819,2926,64284622,639186026128274
639186062000000,64304,0.285,0.874,-0.402,3.61,2.79,-1.08,1,imu01,fusion_usb_step4_20260819,2927,64304618,639186046123341
639186078000000,64324,0.282,0.863,-0.364,2.2,5.28,-0.88,1,imu01,fusion_usb_step4_20260819,2928,64324622,639186066126408
639186093000000,64344,0.288,0.859,-0.4,0.87,-2.67,0.69,1,imu01,fusion_usb_step4_20260819,2929,64344618,639186086121474
639186109000000,64364,0.282,0.884,-0.367,4.66,2.43,0.16,1,imu01,fusion_usb_step4_20260819,2930,64364622,639186106124541
639186140000000,64384,0.301,0.851,-0.436,-1.09,-5.35,2.1,1,imu01,fusion_usb_step4_20260819,2931,64384618,639186126119608
639186156000000,64404,0.299,0.873,-0.445,-2.95,-2.64,1.47,1,imu01,fusion_usb_step4_20260819,2932,64404622,639186146122674
639186171000000,64424,0.293,0.841,-0.397,2.77,5.74,1.7,1,imu01,fusion_usb_step4_20260819,2933,64424618,639186166117741
639186187000000,64444,0.288,0.854,-0.356,2.56,4.38,0.73,1,imu01,fusion_usb_step4_20260819,2934,64444622,639186186120808
639186218000000,64464,0.291,0.854,-0.41,-1.4,-1.5,-0.54,1,imu01,fusion_usb_step4_20260819,2935,64464618,639186206115874
639186234000000,64484,0.299,0.881,-0.398,-2.21,0.71,-1.92,1,imu01,fusion_usb_step4_20260819,2936,64484622,639186226118941
639186250000000,64504,0.297,0.868,-0.382,0.66,1.86,-0.71,1,imu01,fusion_usb_step4_20260819,2937,64504618,639186246114008
639186281000000,64524,0.308,0.86,-0.423,0.94,-0.72,1.16,1,imu01,fusion_usb_step4_20260819,2938,64524622,639186266117074
639186296000000,64544,0.284,0.853,-0.403,2.39,2.33,0.43,1,imu01,fusion_usb_step4_20260819,2939,64544618,639186286112141
639186312000000,64564,0.294,0.848,-0.392,5.27,3.71,1.22,1,imu01,fusion_usb_step4_20260819,2940,64564622,639186306115208
639186328000000,64584,0.286,0.88,-0.376,4.39,1.98,-0.03,1,imu01,fusion_usb_step4_20260819,2941,64584618,639186326110274
639186359000000,64604,0.304,0.835,-0.383,3.53,1.02,2.02,1,imu01,fusion_usb_step4_20260819,2942,64604622,639186346113341
639186375000000,64624,0.286,0.849,-0.399,3.09,-2.54,1.06,1,imu01,fusion_usb_step4_20260819,2943,64624618,639186366108408
639186390000000,64644,0.289,0.872,-0.454,-0.89,-4.4,-1.15,1,imu01,fusion_usb_step4_20260819,2944,64644622,639186386111474
639186421000000,64664,0.283,0.857,-0.418,0.93,1.0,-0.59,1,imu01,fusion_usb_step4_20260819,2945,64664618,639186406106541
639186437000000,64684,0.284,0.886,-0.364,5.71,6.68,-0.91,1,imu01,fusion_usb_step4_20260819,2946,64684622,639186426109608
639186453000000,64704,0.293,0.869,-0.392,0.17,-0.13,0.62,1,imu01,fusion_usb_step4_20260819,2947,64704618,639186446104674
639186468000000,64724,0.297,0.856,-0.458,-2.28,-8.59,1.99,1,imu01,fusion_usb_step4_20260819,2948,64724622,639186466107741
639186500000000,64744,0.287,0.889,-0.412,0.77,1.52,-0.49,1,imu01,fusion_usb_step4_20260819,2949,64744618,639186486102808
639186515000000,64764,0.286,0.836,-0.345,3.3,7.46,1.64,1,imu01,fusion_usb_step4_20260819,2950,64764622,639186506105874
639186531000000,64784,0.303,0.846,-0.402,-0.03,-3.23,1.63,1,imu01,fusion_usb_step4_20260819,2951,64784618,639186526100941
639186546000000,64804,0.301,0.855,-0.433,-0.47,-5.3,1.17,1,imu01,fusion_usb_step4_20260819,2952,64804622,639186546104008
639186578000000,64824,0.296,0.846,-0.412,1.94,1.81,-0.11,1,imu01,fusion_usb_step4_20260819,2953,64824618,639186566099074
639186593000000,64844,0.294,0.873,-0.386,0.86,3.63,-1.67,1,imu01,fusion_usb_step4_20260819,2954,64844622,639186586102141
639186609000000,64864,0.299,0.863,-0.411,-0.28,-1.95,0.55,1,imu01,fusion_usb_step4_20260819,2955,64864618,639186606097208
639186640000000,64884,0.299,0.847,-0.413,0.98,-2.45,2.43,1,imu01,fusion_usb_step4_20260819,2956,64884622,639186626100274
639186656000000,64904,0.304,0.864,-0.418,2.57,-0.51,0.78,1,imu01,fusion_usb_step4_20260819,2957,64904618,639186646095341
639186671000000,64924,0.301,0.842,-0.429,2.72,0.42,1.38,1,imu01,fusion_usb_step4_20260819,2958,64924622,639186666098407
639186687000000,64944,0.296,0.876,-0.377,-1.16,2.41,-1.26,1,imu01,fusion_usb_step4_20260819,2959,64944618,639186686093474
639186718000000,64964,0.297,0.828,-0.423,-1.68,-3.03,1.25,1,imu01,fusion_usb_step4_20260819,2960,64964622,639186706096541
639186734000000,64984,0.289,0.801,-0.415,-0.75,-0.71,-0.81,1,imu01,fusion_usb_step4_20260819,2961,64984618,639186726091608
639186750000000,65004,0.285,0.887,-0.365,-0.76,5.26,-6.78,1,imu01,fusion_usb_step4_20260819,2962,65004622,639186746094674
639186781000000,65024,0.286,0.92,-0.373,-0.85,-1.1,-4.1,1,imu01,fusion_usb_step4_20260819,2963,65024618,639186766089741
639186796000000,65044,0.301,0.834,-0.472,-0.51,-10.83,4.16,1,imu01,fusion_usb_step4_20260819,2964,65044622,639186786092807
639186812000000,65064,0.308,0.844,-0.484,-2.27,-4.84,0.7,1,imu01,fusion_usb_step4_20260819,2965,65064618,639186806087874
639186828000000,65084,0.298,0.834,-0.364,-1.44,8.79,-2.44,1,imu01,fusion_usb_step4_20260819,2966,65084622,639186826090941
639186859000000,65104,0.215,0.485,-0.058,23.01,13.65,7.64,1,imu01,fusion_usb_step4_20260819,2967,65104618,639186846086008
639186875000000,65124,0.306,1.255,-0.54,-48.76,-38.07,-46.9,1,imu01,fusion_usb_step4_20260819,2968,65124622,639186866089074
639186890000000,65144,0.244,0.708,-0.613,-2.52,-31.22,8.94,1,imu01,fusion_usb_step4_20260819,2969,65144618,639186886084141
639186921000000,65164,0.289,0.928,-0.304,7.43,23.97,-1.58,1,imu01,fusion_usb_step4_20260819,2970,65164622,639186906087207
639186937000000,65184,0.3,0.822,-0.323,7.66,8.18,1.01,1,imu01,fusion_usb_step4_20260819,2971,65184618,639186926082274
639186953000000,65204,0.282,0.788,-0.507,-7.42,-17.65,4.13,1,imu01,fusion_usb_step4_20260819,2972,65204622,639186946085341
639186968000000,65224,0.269,0.944,-0.441,-6.12,0.32,-10.97,1,imu01,fusion_usb_step4_20260819,2973,65224618,639186966080408
639187000000000,65244,0.213,0.843,-0.335,11.01,13.17,-1.43,1,imu01,fusion_usb_step4_20260819,2974,65244622,639186986083474
639187015000000,65264,0.267,0.92,-0.38,6.4,0.9,-1.62,1,imu01,fusion_usb_step4_20260819,2975,65264618,639187006078541
639187031000000,65284,0.265,0.872,-0.419,-0.51,-5.93,0.57,1,imu01,fusion_usb_step4_20260819,2976,65284622,639187026081607
639187046000000,65304,0.259,0.943,-0.432,-4.31,-5.35,-1.18,1,imu01,fusion_usb_step4_20260819,2977,65304618,639187046076674
639187078000000,65324,0.261,0.92,-0.45,-3.83,-5.46,0.76,1,imu01,fusion_usb_step4_20260819,2978,65324622,639187066079741
639187093000000,65344,0.264,0.844,-0.443,-1.82,-4.06,6.22,1,imu01,fusion_usb_step4_20260819,2979,65344618,639187086074808
639187109000000,65364,0.268,0.889,-0.42,0.36,0.13,3.35,1,imu01,fusion_usb_step4_20260819,2980,65364622,639187106077874
639187140000000,65384,0.267,0.83,-0.372,2.82,3.33,6.19,1,imu01,fusion_usb_step4_20260819,2981,65384618,639187126072941
639187156000000,65404,0.26,0.788,-0.323,1.48,3.24,7.13,1,imu01,fusion_usb_step4_20260819,2982,65404622,639187146076007
639187171000000,65424,0.325,0.63,-0.1,14.75,3.84,7.59,1,imu01,fusion_usb_step4_20260819,2983,65424618,639187166071074
639187203000000,65444,0.283,1.016,-0.355,-34.49,-42.51,-22.91,1,imu01,fusion_usb_step4_20260819,2984,65444622,639187186074141
639187218000000,65464,0.33,0.93,-0.636,-26.08,-83.48,-16.92,1,imu01,fusion_usb_step4_20260819,2985,65464618,639187206069207
639187234000000,65484,0.298,0.885,-0.609,-23.31,-25.13,2.09,1,imu01,fusion_usb_step4_20260819,2986,65484622,639187226072274
639187250000000,65504,0.278,0.918,-0.403,14.62,7.33,2.96,1,imu01,fusion_usb_step4_20260819,2987,65504618,639187246067341
639187281000000,65524,0.278,0.792,-0.402,16.96,4.61,11.49,1,imu01,fusion_usb_step4_20260819,2988,65524622,639187266070407
639187296000000,65544,0.293,0.747,-0.267,24.33,17.16,8.86,1,imu01,fusion_usb_step4_20260819,2989,65544618,639187286065474
639187312000000,65564,0.301,0.832,-0.336,10.95,-1.87,-3.95,1,imu01,fusion_usb_step4_20260819,2990,65564622,639187306068540
639187328000000,65584,0.293,0.896,-0.509,-6.75,-22.03,-7.59,1,imu01,fusion_usb_step4_20260819,2991,65584618,639187326063607
639187359000000,65604,0.31,0.851,-0.518,-0.08,-11.37,-3.2,1,imu01,fusion_usb_step4_20260819,2992,65604622,639187346066674
639187375000000,65624,0.317,0.87,-0.423,6.47,6.61,-4.3,1,imu01,fusion_usb_step4_20260819,2993,65624618,639187366061741
639187390000000,65644,0.304,0.858,-0.415,10.67,4.45,-5.52,1,imu01,fusion_usb_step4_20260819,2994,65644622,639187386064807
639187421000000,65664,0.294,0.868,-0.529,-2.72,-8.44,-7.65,1,imu01,fusion_usb_step4_20260819,2995,65664618,639187406059874
639187437000000,65684,0.289,0.772,-0.55,5.22,-4.8,-6.91,1,imu01,fusion_usb_step4_20260819,2996,65684622,639187426062940
639187453000000,65704,0.243,0.78,-0.423,4.01,14.23,-15.2,1,imu01,fusion_usb_step4_20260819,2997,65704618,639187446058007
639187468000000,65724,0.228,0.912,-0.308,-7.34,16.39,-31.01,1,imu01,fusion_usb_step4_20260819,2998,65724622,639187466061074
639187500000000,65744,0.219,0.859,-0.424,-9.77,-7.15,-22.92,1,imu01,fusion_usb_step4_20260819,2999,65744618,639187486056141
639187515000000,65764,0.227,0.903,-0.537,-13.14,-12.24,-22.49,1,imu01,fusion_usb_step4_20260819,3000,65764622,639187506059207
639187531000000,65784,0.222,0.926,-0.521,-0.07,3.09,-20.12,1,imu01,fusion_usb_step4_20260819,3001,65784618,639187526054274
639187546000000,65804,0.199,0.888,-0.475,6.14,13.58,-15.55,1,imu01,fusion_usb_step4_20260819,3002,65804622,639187546057340
639187578000000,65824,0.174,0.93,-0.363,1.46,22.69,-18.04,1,imu01,fusion_usb_step4_20260819,3003,65824618,639187566052407
639187593000000,65844,0.173,0.879,-0.322,-0.53,15.97,-13.63,1,imu01,fusion_usb_step4_20260819,3004,65844622,639187586055474
639187609000000,65864,0.156,0.872,-0.422,-7.67,-0.51,-12.31,1,imu01,fusion_usb_step4_20260819,3005,65864618,639187606050541
639187640000000,65884,0.156,0.93,-0.493,-7.44,-1.94,-15.39,1,imu01,fusion_usb_step4_20260819,3006,65884622,639187626053607
639187656000000,65904,0.156,0.899,-0.418,-1.61,14.58,-9.07,1,imu01,fusion_usb_step4_20260819,3007,65904618,639187646048674
639187671000000,65924,0.14,0.924,-0.34,8.66,22.49,-5.53,1,imu01,fusion_usb_step4_20260819,3008,65924622,639187666051740
639187687000000,65944,0.174,0.977,-0.301,10.22,18.32,-1.91,1,imu01,fusion_usb_step4_20260819,3009,65944618,639187686046807
639187718000000,65964,0.193,0.917,-0.38,-0.36,2.23,6.58,1,imu01,fusion_usb_step4_20260819,3010,65964622,639187706049874
639187734000000,65984,0.206,0.939,-0.507,-5.07,-7.49,8.53,1,imu01,fusion_usb_step4_20260819,3011,65984618,639187726044941
639187750000000,66004,0.205,0.849,-0.552,2.88,0.63,10.72,1,imu01,fusion_usb_step4_20260819,3012,66004622,639187746048007
639187781000000,66024,0.174,0.742,-0.482,9.58,15.91,8.67,1,imu01,fusion_usb_step4_20260819,3013,66024618,639187766043074
639187796000000,66044,0.146,0.888,-0.414,-5.26,24.58,-10.72,1,imu01,fusion_usb_step4_20260819,3014,66044622,639187786046140
639187812000000,66064,0.16,0.99,-0.263,-2.72,30.29,-14.04,1,imu01,fusion_usb_step4_20260819,3015,66064618,639187806041207
639187828000000,66084,0.183,0.86,-0.215,1.74,23.63,-1.13,1,imu01,fusion_usb_step4_20260819,3016,66084622,639187826044274
639187859000000,66104,0.188,0.812,-0.444,-6.05,-8.01,2.0,1,imu01,fusion_usb_step4_20260819,3017,66104618,639187846039340
639187875000000,66124,0.207,0.798,-0.607,1.35,-11.35,-1.92,1,imu01,fusion_usb_step4_20260819,3018,66124621,639187866041407
639187890000000,66144,0.187,0.892,-0.465,17.45,24.03,-8.43,1,imu01,fusion_usb_step4_20260819,3019,66144618,639187886037474
639187921000000,66164,0.208,0.976,-0.259,19.46,43.46,-11.43,1,imu01,fusion_usb_step4_20260819,3020,66164622,639187906040540
639187937000000,66184,0.212,0.802,-0.322,12.49,17.82,3.05,1,imu01,fusion_usb_step4_20260819,3021,66184618,639187926035607
639187953000000,66204,0.234,0.904,-0.569,2.4,-6.83,-3.97,1,imu01,fusion_usb_step4_20260819,3022,66204622,639187946038674
639187968000000,66224,0.234,0.861,-0.545,23.16,14.11,0.14,1,imu01,fusion_usb_step4_20260819,3023,66224618,639187966033740
639188000000000,66244,0.219,0.816,-0.341,38.14,44.75,4.6,1,imu01,fusion_usb_step4_20260819,3024,66244622,639187986036807
639188015000000,66264,0.214,0.897,-0.266,17.2,37.94,-2.38,1,imu01,fusion_usb_step4_20260819,3025,66264618,639188006031874
639188031000000,66284,0.224,0.929,-0.34,4.82,14.58,2.41,1,imu01,fusion_usb_step4_20260819,3026,66284622,639188026034940
639188046000000,66304,0.216,0.995,-0.431,5.2,4.23,7.11,1,imu01,fusion_usb_step4_20260819,3027,66304618,639188046030007
639188078000000,66324,0.219,0.96,-0.475,14.95,7.44,17.82,1,imu01,fusion_usb_step4_20260819,3028,66324622,639188066033074
639188093000000,66344,0.229,0.952,-0.468,14.75,11.07,21.36,1,imu01,fusion_usb_step4_20260819,3029,66344618,639188086028140
639188109000000,66364,0.24,0.934,-0.459,11.24,9.71,23.38,1,imu01,fusion_usb_step4_20260819,3030,66364622,639188106031207
639188140000000,66384,0.269,0.921,-0.509,6.3,3.53,25.5,1,imu01,fusion_usb_step4_20260819,3031,66384618,639188126026274
639188156000000,66404,0.27,0.871,-0.513,0.54,4.97,27.24,1,imu01,fusion_usb_step4_20260819,3032,66404622,639188146029340
639188171000000,66424,0.283,0.867,-0.452,1.64,11.13,25.31,1,imu01,fusion_usb_step4_20260819,3033,66424618,639188166024407
639188187000000,66444,0.288,0.824,-0.435,-5.09,7.82,24.86,1,imu01,fusion_usb_step4_20260819,3034,66444622,639188186027474
639188218000000,66464,0.317,0.907,-0.435,-8.11,3.51,20.73,1,imu01,fusion_usb_step4_20260819,3035,66464618,639188206022540
639188234000000,66484,0.334,0.808,-0.457,3.29,-0.29,29.57,1,imu01,fusion_usb_step4_20260819,3036,66484622,639188226025607
639188250000000,66504,0.344,0.719,-0.499,7.48,-3.38,33.27,1,imu01,fusion_usb_step4_20260819,3037,66504618,639188246020674
639188281000000,66524,0.351,0.745,-0.479,-4.96,-1.13,22.35,1,imu01,fusion_usb_step4_20260819,3038,66524622,639188266023740
639188296000000,66544,0.354,0.774,-0.407,-6.51,1.53,14.74,1,imu01,fusion_usb_step4_20260819,3039,66544618,639188286018807
639188312000000,66564,0.358,0.781,-0.418,0.22,-2.64,12.79,1,imu01,fusion_usb_step4_20260819,3040,66564622,639188306021874
639188328000000,66584,0.347,0.741,-0.487,3.02,-10.94,12.48,1,imu01,fusion_usb_step4_20260819,3041,66584618,639188326016940
639188359000000,66604,0.358,0.802,-0.54,3.91,-10.96,6.78,1,imu01,fusion_usb_step4_20260819,3042,66604622,639188346020007
639188375000000,66624,0.345,0.868,-0.46,1.44,4.75,4.12,1,imu01,fusion_usb_step4_20260819,3043,66624618,639188366015074
639188390000000,66644,0.356,0.827,-0.385,2.82,7.97,9.43,1,imu01,fusion_usb_step4_20260819,3044,66644622,639188386018140
639188421000000,66664,0.377,0.786,-0.505,4.18,-9.2,13.51,1,imu01,fusion_usb_step4_20260819,3045,66664618,639188406013207
639188437000000,66684,0.372,0.767,-0.565,-1.49,-9.71,11.6,1,imu01,fusion_usb_step4_20260819,3046,66684622,639188426016274
639188453000000,66704,0.379,0.803,-0.502,-1.46,5.9,4.62,1,imu01,fusion_usb_step4_20260819,3047,66704618,639188446011340
639188468000000,66724,0.385,0.771,-0.43,1.69,12.91,4.83,1,imu01,fusion_usb_step4_20260819,3048,66724622,639188466014407
639188500000000,66744,0.381,0.823,-0.415,-2.06,8.16,2.09,1,imu01,fusion_usb_step4_20260819,3049,66744618,639188486009474
639188515000000,66764,0.386,0.8,-0.434,-5.23,0.86,3.86,1,imu01,fusion_usb_step4_20260819,3050,66764622,639188506012540
639188531000000,66784,0.393,0.784,-0.494,-5.86,-5.67,5.67,1,imu01,fusion_usb_step4_20260819,3051,66784618,639188526007607
639188562000000,66804,0.398,0.759,-0.516,-1.44,-0.85,5.89,1,imu01,fusion_usb_step4_20260819,3052,66804622,639188546010674
639188578000000,66824,0.386,0.738,-0.418,3.72,12.82,1.94,1,imu01,fusion_usb_step4_20260819,3053,66824618,639188566005740
639188593000000,66844,0.368,0.739,-0.41,3.03,7.63,-2.27,1,imu01,fusion_usb_step4_20260819,3054,66844622,639188586008807
639188609000000,66864,0.365,0.793,-0.481,-4.38,-1.88,-7.01,1,imu01,fusion_usb_step4_20260819,3055,66864618,639188606003874
639188640000000,66884,0.336,0.833,-0.38,-0.75,9.16,-7.27,1,imu01,fusion_usb_step4_20260819,3056,66884622,639188626006940
639188656000000,66904,0.348,0.832,-0.374,0.43,4.92,-4.52,1,imu01,fusion_usb_step4_20260819,3057,66904618,639188646002007
639188671000000,66924,0.343,0.752,-0.523,1.91,-10.96,4.89,1,imu01,fusion_usb_step4_20260819,3058,66924622,639188666005073
639188687000000,66944,0.346,0.765,-0.4,4.59,4.14,-1.6,1,imu01,fusion_usb_step4_20260819,3059,66944618,639188686000140
639188718000000,66964,0.34,0.823,-0.378,-1.12,5.65,-6.94,1,imu01,fusion_usb_step4_20260819,3060,66964622,639188706003207
639188734000000,66984,0.331,0.826,-0.462,-7.52,-7.84,-3.82,1,imu01,fusion_usb_step4_20260819,3061,66984618,639188725998274
639188750000000,67004,0.353,0.868,-0.484,0.56,-5.76,-1.61,1,imu01,fusion_usb_step4_20260819,3062,67004622,639188746001340
639188781000000,67024,0.364,0.788,-0.394,5.43,4.97,2.74,1,imu01,fusion_usb_step4_20260819,3063,67024618,639188765996407
639188796000000,67044,0.363,0.835,-0.426,3.56,-0.2,0.95,1,imu01,fusion_usb_step4_20260819,3064,67044622,639188785999473
639188812000000,67064,0.351,0.864,-0.455,-0.38,-3.6,0.42,1,imu01,fusion_usb_step4_20260819,3065,67064618,639188805994540
639188828000000,67084,0.383,0.878,-0.423,1.85,-0.74,2.78,1,imu01,fusion_usb_step4_20260819,3066,67084622,639188825997607
639188859000000,67104,0.392,0.768,-0.437,0.37,-4.16,6.11,1,imu01,fusion_usb_step4_20260819,3067,67104618,639188845992674
639188875000000,67124,0.372,0.836,-0.496,-5.62,-8.52,-1.51,1,imu01,fusion_usb_step4_20260819,3068,67124622,639188865995740
639188890000000,67144,0.362,0.815,-0.474,-8.1,-5.03,-2.84,1,imu01,fusion_usb_step4_20260819,3069,67144618,639188885990807
639188921000000,67164,0.333,0.832,-0.489,-9.99,-4.18,-3.08,1,imu01,fusion_usb_step4_20260819,3070,67164622,639188905993873
639188937000000,67184,0.311,0.922,-0.539,-5.96,-3.31,-1.97,1,imu01,fusion_usb_step4_20260819,3071,67184618,639188925988940
639188953000000,67204,0.346,0.804,-0.315,8.89,16.06,9.09,1,imu01,fusion_usb_step4_20260819,3072,67204622,639188945992007
639188968000000,67224,0.368,0.738,-0.362,0.2,1.71,11.24,1,imu01,fusion_usb_step4_20260819,3073,67224618,639188965987074
639189000000000,67244,0.38,0.771,-0.396,-9.96,-7.52,5.7,1,imu01,fusion_usb_step4_20260819,3074,67244622,639188985990140
639189015000000,67264,0.384,0.832,-0.395,-5.86,-6.16,2.03,1,imu01,fusion_usb_step4_20260819,3075,67264618,639189005985207
639189031000000,67284,0.388,0.784,-0.496,-0.92,-12.75,9.29,1,imu01,fusion_usb_step4_20260819,3076,67284622,639189025988273
639189046000000,67304,0.403,0.746,-0.472,7.62,-6.03,8.38,1,imu01,fusion_usb_step4_20260819,3077,67304618,639189045983340
639189078000000,67324,0.38,0.727,-0.421,7.43,-1.4,0.84,1,imu01,fusion_usb_step4_20260819,3078,67324622,639189065986407
639189093000000,67344,0.373,0.769,-0.493,6.43,-13.28,-5.3,1,imu01,fusion_usb_step4_20260819,3079,67344618,639189085981474
639189109000000,67364,0.397,0.955,-0.534,14.82,-9.3,-8.23,1,imu01,fusion_usb_step4_20260819,3080,67364622,639189105984540
639189140000000,67384,0.406,0.694,-0.334,35.39,14.3,14.93,1,imu01,fusion_usb_step4_20260819,3081,67384618,639189125979607
639189156000000,67404,0.394,0.656,-0.371,24.52,1.13,7.61,1,imu01,fusion_usb_step4_20260819,3082,67404622,639189145982673
639189171000000,67424,0.502,0.813,-0.599,-3.8,-21.3,-8.71,1,imu01,fusion_usb_step4_20260819,3083,67424618,639189165977740
639189187000000,67444,0.343,0.745,-0.469,51.76,-7.38,3.41,1,imu01,fusion_usb_step4_20260819,3084,67444622,639189185980807
639189218000000,67464,0.404,0.949,-0.624,2.79,-8.87,-28.35,1,imu01,fusion_usb_step4_20260819,3085,67464618,639189205975873
639189234000000,67484,0.31,0.653,-0.361,29.32,19.17,11.56,1,imu01,fusion_usb_step4_20260819,3086,67484622,639189225978940
639189250000000,67504,0.309,0.907,-0.379,15.22,6.24,-13.49,1,imu01,fusion_usb_step4_20260819,3087,67504618,639189245974007
639189281000000,67524,0.303,0.906,-0.639,-19.17,-27.4,-3.43,1,imu01,fusion_usb_step4_20260819,3088,67524622,639189265977073
639189296000000,67544,0.341,0.904,-0.502,5.07,3.82,5.03,1,imu01,fusion_usb_step4_20260819,3089,67544618,639189285972140
639189312000000,67564,0.367,0.714,-0.365,24.12,17.65,14.6,1,imu01,fusion_usb_step4_20260819,3090,67564622,639189305975206
639189328000000,67584,0.369,0.668,-0.384,11.51,-2.06,4.75,1,imu01,fusion_usb_step4_20260819,3091,67584618,639189325970273
639189359000000,67604,0.353,0.763,-0.537,-8.6,-24.74,-10.42,1,imu01,fusion_usb_step4_20260819,3092,67604622,639189345973340
639189375000000,67624,0.335,0.844,-0.478,-5.21,-18.19,-16.27,1,imu01,fusion_usb_step4_20260819,3093,67624618,639189365968407
639189390000000,67644,0.345,0.937,-0.513,0.78,-18.99,-14.12,1,imu01,fusion_usb_step4_20260819,3094,67644622,639189385971473
639189421000000,67664,0.309,0.834,-0.608,-2.12,-28.63,-2.52,1,imu01,fusion_usb_step4_20260819,3095,67664618,639189405966540
639189437000000,67684,0.375,0.745,-0.617,-3.8,-24.95,1.27,1,imu01,fusion_usb_step4_20260819,3096,67684622,639189425969606
639189453000000,67704,0.373,0.75,-0.627,-11.63,-20.8,-7.08,1,imu01,fusion_usb_step4_20260819,3097,67704618,639189445964673
639189468000000,67724,0.332,0.892,-0.674,-23.47,-17.0,-14.13,1,imu01,fusion_usb_step4_20260819,3098,67724622,639189465967740
639189500000000,67744,0.311,0.9,-0.547,-9.31,4.84,-10.15,1,imu01,fusion_usb_step4_20260819,3099,67744618,639189485962807
639189515000000,67764,0.325,0.825,-0.663,-7.96,-1.54,2.96,1,imu01,fusion_usb_step4_20260819,3100,67764622,639189505965873
639189531000000,67784,0.316,0.942,-0.625,4.65,18.26,6.49,1,imu01,fusion_usb_step4_20260819,3101,67784618,639189525960940
639189562000000,67804,0.327,0.659,-0.244,39.16,52.31,22.41,1,imu01,fusion_usb_step4_20260819,3102,67804622,639189545964006
639189578000000,67824,0.329,0.765,-0.402,0.69,12.62,10.08,1,imu01,fusion_usb_step4_20260819,3103,67824618,639189565959073
639189593000000,67844,0.339,0.706,-0.663,-30.99,-28.85,-1.09,1,imu01,fusion_usb_step4_20260819,3104,67844622,639189585962140
639189609000000,67864,0.312,0.887,-0.83,-30.34,-25.89,-9.59,1,imu01,fusion_usb_step4_20260819,3105,67864618,639189605957207
639189640000000,67884,0.284,0.806,-0.704,-11.13,10.78,-4.88,1,imu01,fusion_usb_step4_20260819,3106,67884622,639189625960273
639189656000000,67904,0.308,0.762,-0.353,3.21,43.61,-0.16,1,imu01,fusion_usb_step4_20260819,3107,67904618,639189645955340
639189671000000,67924,0.327,0.718,-0.37,-2.77,20.98,-1.68,1,imu01,fusion_usb_step4_20260819,3108,67924622,639189665958406
639189687000000,67944,0.308,0.834,-0.396,-6.07,2.9,-11.7,1,imu01,fusion_usb_step4_20260819,3109,67944618,639189685953473
639189718000000,67964,0.315,0.948,-0.407,-9.17,-3.97,-16.55,1,imu01,fusion_usb_step4_20260819,3110,67964622,639189705956540
639189734000000,67984,0.321,0.831,-0.498,-5.22,-14.71,-0.98,1,imu01,fusion_usb_step4_20260819,3111,67984618,639189725951607
639189750000000,68004,0.339,0.824,-0.429,-6.79,-6.8,-0.6,1,imu01,fusion_usb_step4_20260819,3112,68004622,639189745954673
639189781000000,68024,0.328,0.868,-0.436,-15.77,-10.35,-1.08,1,imu01,fusion_usb_step4_20260819,3113,68024618,639189765949740
639189796000000,68044,0.322,0.837,-0.519,-17.29,-18.13,1.12,1,imu01,fusion_usb_step4_20260819,3114,68044622,639189785952806
639189812000000,68064,0.316,0.845,-0.577,-15.81,-17.75,1.69,1,imu01,fusion_usb_step4_20260819,3115,68064618,639189805947873
639189828000000,68084,0.288,0.706,-0.57,-14.32,-10.62,4.44,1,imu01,fusion_usb_step4_20260819,3116,68084622,639189825950940
639189859000000,68104,0.292,0.72,-0.516,-15.31,-0.32,-3.75,1,imu01,fusion_usb_step4_20260819,3117,68104618,639189845946006
639189875000000,68124,0.286,0.848,-0.367,-11.18,10.91,-12.46,1,imu01,fusion_usb_step4_20260819,3118,68124621,639189865948073
639189890000000,68144,0.288,0.935,-0.345,-10.57,3.1,-12.24,1,imu01,fusion_usb_step4_20260819,3119,68144618,639189885944140
639189921000000,68164,0.292,0.865,-0.437,-9.65,-12.83,2.76,1,imu01,fusion_usb_step4_20260819,3120,68164622,639189905947206
639189937000000,68184,0.308,0.744,-0.435,-6.46,-9.86,10.71,1,imu01,fusion_usb_step4_20260819,3121,68184618,639189925942273
639189953000000,68204,0.292,0.712,-0.502,-6.47,-12.77,5.63,1,imu01,fusion_usb_step4_20260819,3122,68204622,639189945945340
639189968000000,68224,0.256,0.76,-0.575,-10.46,-13.69,-3.07,1,imu01,fusion_usb_step4_20260819,3123,68224618,639189965940406
639190000000000,68244,0.236,0.87,-0.33,3.43,14.45,-8.15,1,imu01,fusion_usb_step4_20260819,3124,68244622,639189985943473
639190015000000,68264,0.245,0.918,-0.179,11.08,15.49,-3.46,1,imu01,fusion_usb_step4_20260819,3125,68264618,639190005938540
639190031000000,68284,0.27,0.89,-0.362,2.63,-17.84,6.47,1,imu01,fusion_usb_step4_20260819,3126,68284622,639190025941606
639190046000000,68304,0.31,0.874,-0.568,0.32,-35.8,12.52,1,imu01,fusion_usb_step4_20260819,3127,68304618,639190045936673
639190078000000,68324,0.337,0.74,-0.607,7.75,-24.65,14.31,1,imu01,fusion_usb_step4_20260819,3128,68324622,639190065939740
639190093000000,68344,0.338,0.715,-0.542,6.37,-6.76,5.02,1,imu01,fusion_usb_step4_20260819,3129,68344618,639190085934806
639190109000000,68364,0.312,0.855,-0.37,-3.05,3.23,-9.36,1,imu01,fusion_usb_step4_20260819,3130,68364622,639190105937873
639190140000000,68384,0.305,0.962,-0.428,-13.95,-10.58,-9.44,1,imu01,fusion_usb_step4_20260819,3131,68384618,639190125932940
639190156000000,68404,0.32,0.87,-0.516,-5.28,-18.21,7.6,1,imu01,fusion_usb_step4_20260819,3132,68404622,639190145936006
639190171000000,68424,0.358,0.719,-0.472,4.32,-9.25,16.35,1,imu01,fusion_usb_step4_20260819,3133,68424618,639190165931073
639190187000000,68444,0.356,0.681,-0.461,6.17,-6.73,10.54,1,imu01,fusion_usb_step4_20260819,3134,68444622,639190185934140
639190218000000,68464,0.34,0.762,-0.469,-5.76,-7.42,-4.02,1,imu01,fusion_usb_step4_20260819,3135,68464618,639190205929206
639190234000000,68484,0.325,0.923,-0.424,-8.63,-1.4,-9.27,1,imu01,fusion_usb_step4_20260819,3136,68484622,639190225932273
639190250000000,68504,0.336,0.889,-0.342,0.75,2.86,0.84,1,imu01,fusion_usb_step4_20260819,3137,68504618,639190245927340
639190281000000,68524,0.323,0.763,-0.498,4.89,-12.22,11.07,1,imu01,fusion_usb_step4_20260819,3138,68524622,639190265930406
639190296000000,68544,0.337,0.785,-0.555,-0.54,-8.97,3.7,1,imu01,fusion_usb_step4_20260819,3139,68544618,639190285925473
639190312000000,68564,0.318,0.699,-0.49,6.54,5.84,1.39,1,imu01,fusion_usb_step4_20260819,3140,68564622,639190305928540
639190328000000,68584,0.297,0.782,-0.356,-0.47,13.7,-13.52,1,imu01,fusion_usb_step4_20260819,3141,68584618,639190325923606
639190359000000,68604,0.262,0.913,-0.346,-0.92,5.8,-16.08,1,imu01,fusion_usb_step4_20260819,3142,68604622,639190345926673
639190375000000,68624,0.249,0.877,-0.462,-4.31,-11.13,-9.82,1,imu01,fusion_usb_step4_20260819,3143,68624618,639190365921740
639190390000000,68644,0.261,0.896,-0.563,-5.34,-15.13,-4.91,1,imu01,fusion_usb_step4_20260819,3144,68644622,639190385924806
639190421000000,68664,0.256,0.809,-0.546,1.97,-3.9,0.38,1,imu01,fusion_usb_step4_20260819,3145,68664618,639190405919873
639190437000000,68684,0.273,0.833,-0.397,5.67,10.44,-1.74,1,imu01,fusion_usb_step4_20260819,3146,68684622,639190425922940
639190453000000,68704,0.277,0.818,-0.41,5.06,3.43,-1.03,1,imu01,fusion_usb_step4_20260819,3147,68704618,639190445918006
639190468000000,68724,0.282,0.802,-0.428,1.34,-4.35,-3.19,1,imu01,fusion_usb_step4_20260819,3148,68724622,639190465921073
639190500000000,68744,0.295,0.826,-0.439,2.37,-5.42,-5.63,1,imu01,fusion_usb_step4_20260819,3149,68744618,639190485916140
639190515000000,68764,0.283,0.805,-0.513,-1.92,-9.53,-6.85,1,imu01,fusion_usb_step4_20260819,3150,68764622,639190505919206
639190531000000,68784,0.272,0.819,-0.475,1.34,-4.82,-8.73,1,imu01,fusion_usb_step4_20260819,3151,68784618,639190525914273
639190546000000,68804,0.253,0.791,-0.492,3.19,-3.45,-9.5,1,imu01,fusion_usb_step4_20260819,3152,68804622,639190545917339
639190578000000,68824,0.237,0.842,-0.473,-1.42,-2.27,-12.83,1,imu01,fusion_usb_step4_20260819,3153,68824618,639190565912406
639190593000000,68844,0.245,0.868,-0.408,0.86,-0.05,-11.15,1,imu01,fusion_usb_step4_20260819,3154,68844622,639190585915473
