host_monotonic_ns,t_ms,ax_g,ay_g,az_g,gx_dps,gy_dps,gz_dps,schema_version,device_id,session_id,sequence,device_timestamp_us,host_capture_monotonic_ns
486347750000000,6044,-0.668,0.013,-0.745,-0.01,-0.07,0.01,1,imu01,fusion_20260817T192552Z,14,6044301,486347734882438
486347765000000,6064,-0.668,0.015,-0.742,0.11,-0.12,-0.05,1,imu01,fusion_20260817T192552Z,15,6064298,486347754878676
486347781000000,6084,-0.667,0.015,-0.741,-0.05,0.16,-0.07,1,imu01,fusion_20260817T192552Z,16,6084302,486347774881913
486347796000000,6104,-0.663,0.013,-0.746,0.04,-0.12,-0.09,1,imu01,fusion_20260817T192552Z,17,6104298,486347794877151
486347828000000,6124,-0.671,0.017,-0.743,0.08,-0.18,-0.03,1,imu01,fusion_20260817T192552Z,18,6124302,486347814880388
486347843000000,6144,-0.663,0.015,-0.748,-0.01,-0.01,0.02,1,imu01,fusion_20260817T192552Z,19,6144298,486347834875625
486347859000000,6164,-0.664,0.013,-0.746,0.06,0.19,0.07,1,imu01,fusion_20260817T192552Z,20,6164302,486347854878863
486347875000000,6184,-0.665,0.012,-0.75,-0.08,-0.01,-0.03,1,imu01,fusion_20260817T192552Z,21,6184298,486347874874100
486347906000000,6204,-0.664,0.013,-0.749,0.05,-0.11,-0.01,1,imu01,fusion_20260817T192552Z,22,6204302,486347894877338
486347921000000,6224,-0.668,0.017,-0.744,0.01,0.2,0.01,1,imu01,fusion_20260817T192552Z,23,6224298,486347914872575
486347937000000,6244,-0.664,0.013,-0.75,0.04,0.01,-0.0,1,imu01,fusion_20260817T192552Z,24,6244302,486347934875812
486347968000000,6264,-0.668,0.013,-0.748,-0.0,-0.01,-0.1,1,imu01,fusion_20260817T192552Z,25,6264298,486347954871050
486347984000000,6284,-0.663,0.016,-0.744,0.2,-0.11,-0.02,1,imu01,fusion_20260817T192552Z,26,6284301,486347974873287
486348000000000,6304,-0.664,0.012,-0.74,-0.09,0.12,-0.05,1,imu01,fusion_20260817T192552Z,27,6304298,486347994869525
486348031000000,6324,-0.669,0.014,-0.749,-0.03,0.04,0.14,1,imu01,fusion_20260817T192552Z,28,6324302,486348014872762
486348046000000,6344,-0.663,0.013,-0.751,-0.03,0.0,0.01,1,imu01,fusion_20260817T192552Z,29,6344298,486348034868000
486348062000000,6364,-0.661,0.016,-0.752,0.08,-0.03,0.03,1,imu01,fusion_20260817T192552Z,30,6364302,486348054871237
486348078000000,6384,-0.663,0.008,-0.756,-0.06,0.16,-0.04,1,imu01,fusion_20260817T192552Z,31,6384298,486348074866474
486348109000000,6404,-0.666,0.014,-0.746,0.02,-0.11,-0.03,1,imu01,fusion_20260817T192552Z,32,6404302,486348094869712
486348125000000,6424,-0.667,0.019,-0.743,-0.11,0.02,0.01,1,imu01,fusion_20260817T192552Z,33,6424298,486348114864949
486348140000000,6444,-0.665,0.015,-0.749,0.09,-0.18,-0.06,1,imu01,fusion_20260817T192552Z,34,6444302,486348134868187
486348156000000,6464,-0.663,0.014,-0.742,-0.0,0.15,-0.07,1,imu01,fusion_20260817T192552Z,35,6464298,486348154863424
486348187000000,6484,-0.669,0.016,-0.747,0.04,-0.13,-0.2,1,imu01,fusion_20260817T192552Z,36,6484302,486348174866662
486348203000000,6504,-0.666,0.014,-0.75,0.01,0.18,-0.09,1,imu01,fusion_20260817T192552Z,37,6504298,486348194861899
486348218000000,6524,-0.663,0.012,-0.749,-0.03,0.03,0.01,1,imu01,fusion_20260817T192552Z,38,6524302,486348214865136
486348250000000,6544,-0.663,0.011,-0.746,-0.06,0.14,0.03,1,imu01,fusion_20260817T192552Z,39,6544298,486348234860374
486348265000000,6564,-0.664,0.013,-0.747,0.03,-0.04,-0.11,1,imu01,fusion_20260817T192552Z,40,6564302,486348254863611
486348281000000,6584,-0.662,0.015,-0.748,0.01,-0.07,-0.0,1,imu01,fusion_20260817T192552Z,41,6584298,486348274858849
486348296000000,6604,-0.663,0.014,-0.746,-0.02,0.12,-0.01,1,imu01,fusion_20260817T192552Z,42,6604302,486348294862086
486348328000000,6624,-0.669,0.012,-0.748,0.01,0.12,0.04,1,imu01,fusion_20260817T192552Z,43,6624298,486348314857324
486348343000000,6644,-0.667,0.012,-0.748,-0.0,-0.01,-0.01,1,imu01,fusion_20260817T192552Z,44,6644302,486348334860561
486348359000000,6664,-0.662,0.011,-0.737,0.12,-0.12,0.01,1,imu01,fusion_20260817T192552Z,45,6664298,486348354855798
486348390000000,6684,-0.663,0.013,-0.752,0.03,0.19,-0.09,1,imu01,fusion_20260817T192552Z,46,6684302,486348374859036
486348406000000,6704,-0.666,0.009,-0.75,0.08,0.03,0.14,1,imu01,fusion_20260817T192552Z,47,6704298,486348394854273
486348421000000,6724,-0.661,0.01,-0.747,0.01,0.05,-0.03,1,imu01,fusion_20260817T192552Z,48,6724302,486348414857511
486348437000000,6744,-0.666,0.013,-0.749,0.19,-0.15,0.09,1,imu01,fusion_20260817T192552Z,49,6744298,486348434852748
486348468000000,6764,-0.667,0.015,-0.754,-0.05,0.19,-0.02,1,imu01,fusion_20260817T192552Z,50,6764302,486348454855985
486348484000000,6784,-0.666,0.02,-0.746,0.04,-0.04,0.04,1,imu01,fusion_20260817T192552Z,51,6784298,486348474851223
486348500000000,6804,-0.666,0.016,-0.743,-0.06,0.03,-0.02,1,imu01,fusion_20260817T192552Z,52,6804302,486348494854460
486348515000000,6824,-0.664,0.014,-0.745,0.12,-0.13,-0.02,1,imu01,fusion_20260817T192552Z,53,6824298,486348514849698
486348546000000,6844,-0.667,0.015,-0.739,0.01,0.11,-0.0,1,imu01,fusion_20260817T192552Z,54,6844302,486348534852935
486348562000000,6864,-0.665,0.01,-0.745,-0.04,-0.03,-0.12,1,imu01,fusion_20260817T192552Z,55,6864298,486348554848173
486348578000000,6884,-0.661,0.014,-0.746,-0.0,-0.09,0.02,1,imu01,fusion_20260817T192552Z,56,6884302,486348574851410
486348609000000,6904,-0.665,0.01,-0.745,-0.03,0.12,0.11,1,imu01,fusion_20260817T192552Z,57,6904298,486348594846648
486348625000000,6924,-0.666,0.015,-0.744,-0.1,0.05,0.05,1,imu01,fusion_20260817T192552Z,58,6924302,486348614849885
486348640000000,6944,-0.673,0.016,-0.747,-0.04,-0.08,-0.02,1,imu01,fusion_20260817T192552Z,59,6944298,486348634845122
486348656000000,6964,-0.629,0.01,-0.737,0.04,-0.02,-0.04,1,imu01,fusion_20260817T192552Z,60,6964302,486348654848360
486348687000000,6984,-0.669,0.014,-0.751,-0.09,0.09,0.04,1,imu01,fusion_20260817T192552Z,61,6984298,486348674843597
486348703000000,7004,-0.656,0.013,-0.742,0.01,0.07,0.05,1,imu01,fusion_20260817T192552Z,62,7004302,486348694846834
486348718000000,7024,-0.669,0.017,-0.74,-0.09,-0.01,-0.08,1,imu01,fusion_20260817T192552Z,63,7024298,486348714842072
486348750000000,7044,-0.666,0.017,-0.743,0.11,-0.1,-0.0,1,imu01,fusion_20260817T192552Z,64,7044301,486348734844309
486348765000000,7064,-0.668,0.013,-0.751,-0.02,0.15,-0.05,1,imu01,fusion_20260817T192552Z,65,7064298,486348754840547
486348781000000,7084,-0.663,0.015,-0.745,0.03,0.15,-0.02,1,imu01,fusion_20260817T192552Z,66,7084302,486348774843784
486348796000000,7104,-0.671,0.017,-0.75,-0.01,-0.04,-0.02,1,imu01,fusion_20260817T192552Z,67,7104298,486348794839022
486348828000000,7124,-0.667,0.012,-0.748,0.13,-0.15,0.03,1,imu01,fusion_20260817T192552Z,68,7124302,486348814842259
486348843000000,7144,-0.664,0.018,-0.747,-0.01,0.13,-0.09,1,imu01,fusion_20260817T192552Z,69,7144298,486348834837497
486348859000000,7164,-0.667,0.013,-0.752,0.07,-0.11,-0.04,1,imu01,fusion_20260817T192552Z,70,7164302,486348854840734
486348890000000,7184,-0.662,0.013,-0.749,-0.03,-0.04,0.01,1,imu01,fusion_20260817T192552Z,71,7184298,486348874835972
486348906000000,7204,-0.665,0.012,-0.745,0.01,0.03,0.07,1,imu01,fusion_20260817T192552Z,72,7204302,486348894839209
486348921000000,7224,-0.666,0.02,-0.749,-0.12,0.29,-0.04,1,imu01,fusion_20260817T192552Z,73,7224298,486348914834446
486348937000000,7244,-0.663,0.017,-0.749,-0.0,-0.04,0.04,1,imu01,fusion_20260817T192552Z,74,7244302,486348934837684
486348968000000,7264,-0.663,0.015,-0.751,-0.03,0.12,-0.04,1,imu01,fusion_20260817T192552Z,75,7264298,486348954832921
486348984000000,7284,-0.667,0.01,-0.744,0.1,0.12,0.01,1,imu01,fusion_20260817T192552Z,76,7284301,486348974835158
486349000000000,7304,-0.665,0.015,-0.751,-0.1,0.16,-0.09,1,imu01,fusion_20260817T192552Z,77,7304298,486348994831396
486349015000000,7324,-0.668,0.012,-0.746,0.04,-0.1,0.06,1,imu01,fusion_20260817T192552Z,78,7324302,486349014834633
486349046000000,7344,-0.667,0.012,-0.751,-0.04,-0.01,0.09,1,imu01,fusion_20260817T192552Z,79,7344298,486349034829871
486349062000000,7364,-0.664,0.015,-0.74,-0.03,0.11,-0.02,1,imu01,fusion_20260817T192552Z,80,7364302,486349054833108
486349078000000,7384,-0.661,0.012,-0.739,-0.11,0.17,-0.02,1,imu01,fusion_20260817T192552Z,81,7384298,486349074828346
486349109000000,7404,-0.668,0.014,-0.751,0.03,0.03,-0.01,1,imu01,fusion_20260817T192552Z,82,7404302,486349094831583
486349125000000,7424,-0.661,0.012,-0.754,0.09,-0.09,0.01,1,imu01,fusion_20260817T192552Z,83,7424298,486349114826821
486349140000000,7444,-0.668,0.015,-0.741,-0.0,0.18,-0.01,1,imu01,fusion_20260817T192552Z,84,7444302,486349134830058
486349156000000,7464,-0.66,0.016,-0.753,0.03,-0.04,0.02,1,imu01,fusion_20260817T192552Z,85,7464298,486349154825295
486349187000000,7484,-0.668,0.011,-0.75,-0.03,0.06,0.07,1,imu01,fusion_20260817T192552Z,86,7484302,486349174828533
486349203000000,7504,-0.665,0.01,-0.738,0.08,-0.05,-0.03,1,imu01,fusion_20260817T192552Z,87,7504298,486349194823770
486349218000000,7524,-0.66,0.014,-0.742,-0.04,0.19,-0.1,1,imu01,fusion_20260817T192552Z,88,7524302,486349214827008
486349250000000,7544,-0.668,0.013,-0.743,-0.04,0.03,0.11,1,imu01,fusion_20260817T192552Z,89,7544298,486349234822245
486349265000000,7564,-0.669,0.014,-0.745,0.03,-0.06,0.01,1,imu01,fusion_20260817T192552Z,90,7564302,486349254825482
486349281000000,7584,-0.665,0.015,-0.743,0.17,-0.07,0.02,1,imu01,fusion_20260817T192552Z,91,7584298,486349274820720
486349296000000,7604,-0.663,0.015,-0.743,-0.05,0.28,-0.13,1,imu01,fusion_20260817T192552Z,92,7604302,486349294823957
486349328000000,7624,-0.669,0.014,-0.748,0.06,-0.04,-0.06,1,imu01,fusion_20260817T192552Z,93,7624298,486349314819195
486349343000000,7644,-0.666,0.013,-0.749,-0.02,0.03,-0.06,1,imu01,fusion_20260817T192552Z,94,7644302,486349334822432
486349359000000,7664,-0.669,0.012,-0.745,0.06,-0.02,-0.11,1,imu01,fusion_20260817T192552Z,95,7664298,486349354817670
486349390000000,7684,-0.667,0.01,-0.753,0.04,0.17,-0.05,1,imu01,fusion_20260817T192552Z,96,7684302,486349374820907
486349406000000,7704,-0.665,0.011,-0.744,-0.01,-0.04,-0.05,1,imu01,fusion_20260817T192552Z,97,7704298,486349394816145
486349421000000,7724,-0.663,0.012,-0.742,0.03,0.02,-0.05,1,imu01,fusion_20260817T192552Z,98,7724302,486349414819382
486349437000000,7744,-0.667,0.018,-0.746,0.04,0.14,0.11,1,imu01,fusion_20260817T192552Z,99,7744298,486349434814619
486349468000000,7764,-0.668,0.009,-0.752,0.01,-0.07,0.01,1,imu01,fusion_20260817T192552Z,100,7764302,486349454817857
486349484000000,7784,-0.666,0.015,-0.748,0.01,-0.07,-0.09,1,imu01,fusion_20260817T192552Z,101,7784298,486349474813094
486349500000000,7804,-0.664,0.016,-0.739,0.13,-0.14,0.01,1,imu01,fusion_20260817T192552Z,102,7804302,486349494816332
486349515000000,7824,-0.665,0.016,-0.743,-0.03,0.2,0.01,1,imu01,fusion_20260817T192552Z,103,7824298,486349514811569
486349546000000,7844,-0.668,0.013,-0.748,0.07,-0.01,0.07,1,imu01,fusion_20260817T192552Z,104,7844302,486349534814806
486349562000000,7864,-0.661,0.014,-0.749,0.01,-0.01,-0.01,1,imu01,fusion_20260817T192552Z,105,7864298,486349554810044
486349578000000,7884,-0.665,0.013,-0.749,0.24,-0.2,-0.01,1,imu01,fusion_20260817T192552Z,106,7884302,486349574813281
486349609000000,7904,-0.664,0.017,-0.747,0.05,0.09,-0.09,1,imu01,fusion_20260817T192552Z,107,7904298,486349594808519
486349625000000,7924,-0.665,0.017,-0.738,-0.0,-0.1,-0.07,1,imu01,fusion_20260817T192552Z,108,7924302,486349614811756
486349640000000,7944,-0.67,0.01,-0.749,-0.12,0.03,0.04,1,imu01,fusion_20260817T192552Z,109,7944298,486349634806994
486349656000000,7964,-0.669,0.015,-0.753,0.09,-0.13,0.07,1,imu01,fusion_20260817T192552Z,110,7964302,486349654810231
486349687000000,7984,-0.665,0.016,-0.75,-0.03,0.16,-0.12,1,imu01,fusion_20260817T192552Z,111,7984298,486349674805468
486349703000000,8004,-0.664,0.015,-0.746,0.09,-0.07,-0.05,1,imu01,fusion_20260817T192552Z,112,8004302,486349694808706
486349718000000,8024,-0.666,0.015,-0.749,-0.02,-0.09,0.07,1,imu01,fusion_20260817T192552Z,113,8024298,486349714803943
486349750000000,8044,-0.664,0.013,-0.743,0.04,0.09,0.12,1,imu01,fusion_20260817T192552Z,114,8044302,486349734807181
486349765000000,8064,-0.66,0.015,-0.742,-0.05,0.21,-0.07,1,imu01,fusion_20260817T192552Z,115,8064298,486349754802418
486349781000000,8084,-0.666,0.011,-0.745,-0.01,0.0,-0.06,1,imu01,fusion_20260817T192552Z,116,8084302,486349774805655
486349796000000,8104,-0.665,0.011,-0.753,-0.0,-0.01,-0.04,1,imu01,fusion_20260817T192552Z,117,8104298,486349794800893
486349828000000,8124,-0.669,0.015,-0.747,-0.06,0.11,0.03,1,imu01,fusion_20260817T192552Z,118,8124302,486349814804130
486349843000000,8144,-0.667,0.013,-0.745,-0.03,0.07,0.04,1,imu01,fusion_20260817T192552Z,119,8144298,486349834799368
486349859000000,8164,-0.667,0.014,-0.753,0.04,-0.08,-0.04,1,imu01,fusion_20260817T192552Z,120,8164302,486349854802605
486349875000000,8184,-0.662,0.015,-0.752,0.04,-0.05,-0.12,1,imu01,fusion_20260817T192552Z,121,8184298,486349874797843
486349906000000,8204,-0.666,0.018,-0.749,0.01,0.25,-0.01,1,imu01,fusion_20260817T192552Z,122,8204302,486349894801080
486349921000000,8224,-0.664,0.011,-0.749,0.01,0.03,0.02,1,imu01,fusion_20260817T192552Z,123,8224298,486349914796318
486349937000000,8244,-0.666,0.012,-0.747,0.03,-0.01,0.03,1,imu01,fusion_20260817T192552Z,124,8244302,486349934799555
486349968000000,8264,-0.665,0.015,-0.747,0.17,-0.12,-0.11,1,imu01,fusion_20260817T192552Z,125,8264298,486349954794792
486349984000000,8284,-0.666,0.016,-0.744,-0.01,0.17,-0.12,1,imu01,fusion_20260817T192552Z,126,8284302,486349974798030
486350000000000,8304,-0.666,0.011,-0.746,0.1,-0.09,0.08,1,imu01,fusion_20260817T192552Z,127,8304298,486349994793267
486350015000000,8324,-0.666,0.017,-0.747,0.05,0.06,0.02,1,imu01,fusion_20260817T192552Z,128,8324302,486350014796505
486350046000000,8344,-0.668,0.015,-0.753,0.04,-0.1,0.02,1,imu01,fusion_20260817T192552Z,129,8344298,486350034791742
486350062000000,8364,-0.666,0.014,-0.745,0.01,0.22,-0.05,1,imu01,fusion_20260817T192552Z,130,8364302,486350054794979
486350078000000,8384,-0.666,0.017,-0.743,0.01,-0.06,0.01,1,imu01,fusion_20260817T192552Z,131,8384298,486350074790217
486350109000000,8404,-0.666,0.013,-0.737,-0.06,0.07,0.01,1,imu01,fusion_20260817T192552Z,132,8404302,486350094793454
486350125000000,8424,-0.664,0.015,-0.746,0.2,0.04,0.03,1,imu01,fusion_20260817T192552Z,133,8424298,486350114788692
486350140000000,8444,-0.665,0.011,-0.752,-0.06,0.22,0.01,1,imu01,fusion_20260817T192552Z,134,8444302,486350134791929
486350156000000,8464,-0.665,0.012,-0.742,-0.01,-0.04,-0.07,1,imu01,fusion_20260817T192552Z,135,8464298,486350154787167
486350187000000,8484,-0.665,0.01,-0.752,-0.0,-0.07,0.05,1,imu01,fusion_20260817T192552Z,136,8484302,486350174790404
486350203000000,8504,-0.67,0.013,-0.746,-0.06,0.08,0.07,1,imu01,fusion_20260817T192552Z,137,8504298,486350194785642
486350218000000,8524,-0.664,0.014,-0.747,0.05,0.08,0.02,1,imu01,fusion_20260817T192552Z,138,8524302,486350214788879
486350250000000,8544,-0.666,0.019,-0.741,-0.01,-0.06,-0.01,1,imu01,fusion_20260817T192552Z,139,8544298,486350234784116
486350265000000,8564,-0.668,0.013,-0.75,0.06,0.06,-0.0,1,imu01,fusion_20260817T192552Z,140,8564302,486350254787354
486350281000000,8584,-0.666,0.014,-0.74,-0.0,0.03,-0.06,1,imu01,fusion_20260817T192552Z,141,8584298,486350274782591
486350296000000,8604,-0.662,0.013,-0.746,-0.0,0.05,0.12,1,imu01,fusion_20260817T192552Z,142,8604302,486350294785828
486350328000000,8624,-0.665,0.015,-0.748,-0.05,-0.03,-0.07,1,imu01,fusion_20260817T192552Z,143,8624298,486350314781066
486350343000000,8644,-0.667,0.013,-0.739,0.1,-0.15,-0.05,1,imu01,fusion_20260817T192552Z,144,8644302,486350334784303
486350359000000,8664,-0.664,0.011,-0.745,-0.03,0.25,-0.01,1,imu01,fusion_20260817T192552Z,145,8664298,486350354779541
486350390000000,8684,-0.668,0.016,-0.745,0.02,-0.01,0.09,1,imu01,fusion_20260817T192552Z,146,8684302,486350374782778
486350406000000,8704,-0.665,0.015,-0.749,-0.04,0.08,0.06,1,imu01,fusion_20260817T192552Z,147,8704298,486350394778016
486350421000000,8724,-0.664,0.015,-0.742,0.11,-0.11,-0.05,1,imu01,fusion_20260817T192552Z,148,8724302,486350414781253
486350437000000,8744,-0.667,0.013,-0.737,-0.0,0.19,-0.04,1,imu01,fusion_20260817T192552Z,149,8744298,486350434776491
486350468000000,8764,-0.664,0.015,-0.748,0.01,-0.08,0.05,1,imu01,fusion_20260817T192552Z,150,8764302,486350454779728
486350484000000,8784,-0.661,0.01,-0.745,-0.03,-0.06,0.06,1,imu01,fusion_20260817T192552Z,151,8784298,486350474774965
486350500000000,8804,-0.666,0.015,-0.745,0.04,-0.02,0.1,1,imu01,fusion_20260817T192552Z,152,8804302,486350494778203
486350515000000,8824,-0.664,0.017,-0.747,0.01,0.16,-0.02,1,imu01,fusion_20260817T192552Z,153,8824298,486350514773440
486350546000000,8844,-0.67,0.012,-0.746,-0.0,0.01,-0.02,1,imu01,fusion_20260817T192552Z,154,8844302,486350534776678
486350562000000,8864,-0.669,0.01,-0.742,-0.01,-0.04,-0.04,1,imu01,fusion_20260817T192552Z,155,8864298,486350554771915
486350578000000,8884,-0.667,0.014,-0.749,0.07,0.08,0.08,1,imu01,fusion_20260817T192552Z,156,8884302,486350574775152
486350609000000,8904,-0.66,0.015,-0.745,0.03,0.13,-0.01,1,imu01,fusion_20260817T192552Z,157,8904298,486350594770390
486350625000000,8924,-0.661,0.012,-0.746,-0.05,-0.01,-0.09,1,imu01,fusion_20260817T192552Z,158,8924302,486350614773627
486350640000000,8944,-0.667,0.011,-0.746,0.02,-0.01,-0.07,1,imu01,fusion_20260817T192552Z,159,8944298,486350634768865
486350656000000,8964,-0.665,0.014,-0.745,-0.06,0.1,-0.03,1,imu01,fusion_20260817T192552Z,160,8964302,486350654772102
486350687000000,8984,-0.665,0.014,-0.744,0.01,0.03,0.09,1,imu01,fusion_20260817T192552Z,161,8984298,486350674767340
486350703000000,9004,-0.662,0.013,-0.742,-0.04,-0.01,-0.06,1,imu01,fusion_20260817T192552Z,162,9004302,486350694770577
486350718000000,9024,-0.66,0.013,-0.749,0.1,-0.04,-0.21,1,imu01,fusion_20260817T192552Z,163,9024298,486350714765815
486350750000000,9044,-0.67,0.015,-0.747,0.01,0.12,-0.11,1,imu01,fusion_20260817T192552Z,164,9044302,486350734769052
486350765000000,9064,-0.666,0.016,-0.749,0.1,-0.01,0.04,1,imu01,fusion_20260817T192552Z,165,9064298,486350754764289
486350781000000,9084,-0.666,0.014,-0.745,-0.01,-0.07,-0.05,1,imu01,fusion_20260817T192552Z,166,9084302,486350774767527
486350796000000,9104,-0.662,0.007,-0.74,0.07,-0.13,-0.07,1,imu01,fusion_20260817T192552Z,167,9104298,486350794762764
486350828000000,9124,-0.662,0.015,-0.748,-0.06,0.12,-0.11,1,imu01,fusion_20260817T192552Z,168,9124302,486350814766002
486350843000000,9144,-0.666,0.014,-0.749,0.06,-0.1,0.01,1,imu01,fusion_20260817T192552Z,169,9144298,486350834761239
486350859000000,9164,-0.666,0.012,-0.753,0.07,0.07,0.06,1,imu01,fusion_20260817T192552Z,170,9164302,486350854764476
486350890000000,9184,-0.664,0.015,-0.745,0.17,-0.04,0.07,1,imu01,fusion_20260817T192552Z,171,9184298,486350874759714
486350906000000,9204,-0.668,0.015,-0.744,-0.05,0.14,-0.05,1,imu01,fusion_20260817T192552Z,172,9204302,486350894762951
486350921000000,9224,-0.663,0.013,-0.748,-0.02,-0.11,-0.07,1,imu01,fusion_20260817T192552Z,173,9224298,486350914758189
486350937000000,9244,-0.67,0.019,-0.748,0.03,-0.07,0.05,1,imu01,fusion_20260817T192552Z,174,9244302,486350934761426
486350968000000,9264,-0.667,0.015,-0.75,0.01,0.03,-0.03,1,imu01,fusion_20260817T192552Z,175,9264298,486350954756664
486350984000000,9284,-0.665,0.014,-0.737,-0.0,0.06,-0.08,1,imu01,fusion_20260817T192552Z,176,9284301,486350974758901
486351000000000,9304,-0.666,0.015,-0.746,0.01,-0.07,-0.1,1,imu01,fusion_20260817T192552Z,177,9304298,486350994755138
486351015000000,9324,-0.666,0.011,-0.743,-0.02,-0.05,-0.13,1,imu01,fusion_20260817T192552Z,178,9324302,486351014758376
486351046000000,9344,-0.664,0.01,-0.746,-0.03,0.1,0.02,1,imu01,fusion_20260817T192552Z,179,9344298,486351034753613
486351062000000,9364,-0.663,0.013,-0.742,-0.02,0.07,0.09,1,imu01,fusion_20260817T192552Z,180,9364302,486351054756851
486351078000000,9384,-0.666,0.015,-0.748,-0.0,-0.08,-0.14,1,imu01,fusion_20260817T192552Z,181,9384298,486351074752088
486351109000000,9404,-0.666,0.011,-0.75,0.07,-0.12,-0.09,1,imu01,fusion_20260817T192552Z,182,9404302,486351094755325
486351125000000,9424,-0.662,0.012,-0.745,0.04,0.21,0.06,1,imu01,fusion_20260817T192552Z,183,9424298,486351114750563
486351140000000,9444,-0.663,0.016,-0.747,-0.02,-0.07,0.08,1,imu01,fusion_20260817T192552Z,184,9444302,486351134753800
486351156000000,9464,-0.666,0.011,-0.746,-0.03,-0.02,-0.09,1,imu01,fusion_20260817T192552Z,185,9464298,486351154749038
486351187000000,9484,-0.66,0.013,-0.74,0.13,-0.14,-0.01,1,imu01,fusion_20260817T192552Z,186,9484302,486351174752275
486351203000000,9504,-0.664,0.013,-0.743,-0.03,0.15,-0.04,1,imu01,fusion_20260817T192552Z,187,9504298,486351194747513
486351218000000,9524,-0.663,0.011,-0.747,0.03,-0.07,0.01,1,imu01,fusion_20260817T192552Z,188,9524302,486351214750750
486351250000000,9544,-0.667,0.015,-0.745,0.01,-0.04,-0.06,1,imu01,fusion_20260817T192552Z,189,9544298,486351234745988
486351265000000,9564,-0.666,0.015,-0.753,0.02,-0.04,-0.04,1,imu01,fusion_20260817T192552Z,190,9564302,486351254749225
486351281000000,9584,-0.668,0.016,-0.744,-0.08,0.12,-0.05,1,imu01,fusion_20260817T192552Z,191,9584298,486351274744462
486351296000000,9604,-0.664,0.016,-0.738,-0.03,-0.04,-0.05,1,imu01,fusion_20260817T192552Z,192,9604302,486351294747700
486351328000000,9624,-0.662,0.013,-0.746,0.04,0.06,-0.04,1,imu01,fusion_20260817T192552Z,193,9624298,486351314742937
486351343000000,9644,-0.662,0.014,-0.748,-0.07,0.01,0.16,1,imu01,fusion_20260817T192552Z,194,9644302,486351334746175
486351359000000,9664,-0.664,0.016,-0.745,-0.01,0.07,0.08,1,imu01,fusion_20260817T192552Z,195,9664298,486351354741412
486351390000000,9684,-0.666,0.014,-0.744,-0.0,-0.02,-0.07,1,imu01,fusion_20260817T192552Z,196,9684302,486351374744649
486351406000000,9704,-0.663,0.014,-0.75,0.07,-0.04,-0.09,1,imu01,fusion_20260817T192552Z,197,9704298,486351394739887
486351421000000,9724,-0.666,0.015,-0.748,0.01,0.1,0.11,1,imu01,fusion_20260817T192552Z,198,9724302,486351414743124
486351437000000,9744,-0.662,0.015,-0.746,-0.06,-0.01,0.05,1,imu01,fusion_20260817T192552Z,199,9744298,486351434738362
486351468000000,9764,-0.667,0.015,-0.751,-0.12,-0.01,-0.06,1,imu01,fusion_20260817T192552Z,200,9764302,486351454741599
486351484000000,9784,-0.665,0.013,-0.744,0.14,-0.12,-0.09,1,imu01,fusion_20260817T192552Z,201,9784298,486351474736837
486351500000000,9804,-0.665,0.018,-0.745,-0.05,0.07,-0.04,1,imu01,fusion_20260817T192552Z,202,9804302,486351494740074
486351515000000,9824,-0.663,0.017,-0.743,-0.01,0.04,0.1,1,imu01,fusion_20260817T192552Z,203,9824298,486351514735312
486351546000000,9844,-0.666,0.012,-0.751,-0.02,-0.02,0.03,1,imu01,fusion_20260817T192552Z,204,9844302,486351534738549
486351562000000,9864,-0.666,0.014,-0.743,0.13,-0.17,-0.05,1,imu01,fusion_20260817T192552Z,205,9864298,486351554733786
486351578000000,9884,-0.672,0.013,-0.756,0.02,0.07,-0.08,1,imu01,fusion_20260817T192552Z,206,9884302,486351574737024
486351609000000,9904,-0.664,0.012,-0.744,0.01,-0.01,0.01,1,imu01,fusion_20260817T192552Z,207,9904298,486351594732261
486351625000000,9924,-0.666,0.013,-0.75,-0.04,-0.01,0.04,1,imu01,fusion_20260817T192552Z,208,9924302,486351614735498
486351640000000,9944,-0.663,0.015,-0.746,0.09,-0.1,0.01,1,imu01,fusion_20260817T192552Z,209,9944298,486351634730736
486351656000000,9964,-0.67,0.012,-0.746,-0.0,0.17,0.01,1,imu01,fusion_20260817T192552Z,210,9964302,486351654733973
486351687000000,9984,-0.67,0.02,-0.748,-0.03,-0.07,-0.05,1,imu01,fusion_20260817T192552Z,211,9984298,486351674729211
486351703000000,10004,-0.664,0.012,-0.752,0.01,0.03,-0.05,1,imu01,fusion_20260817T192552Z,212,10004302,486351694732448
486351718000000,10024,-0.673,0.014,-0.743,0.1,0.0,0.17,1,imu01,fusion_20260817T192552Z,213,10024298,486351714727686
486351750000000,10044,-0.664,0.011,-0.752,-0.03,0.14,0.02,1,imu01,fusion_20260817T192552Z,214,10044302,486351734730923
486351765000000,10064,-0.664,0.016,-0.753,0.07,-0.01,-0.13,1,imu01,fusion_20260817T192552Z,215,10064298,486351754726161
486351781000000,10084,-0.667,0.017,-0.746,0.06,0.01,-0.09,1,imu01,fusion_20260817T192552Z,216,10084302,486351774729398
486351796000000,10104,-0.669,0.016,-0.751,0.02,-0.05,-0.03,1,imu01,fusion_20260817T192552Z,217,10104298,486351794724635
486351828000000,10124,-0.664,0.016,-0.745,0.01,0.06,0.05,1,imu01,fusion_20260817T192552Z,218,10124302,486351814727873
486351843000000,10144,-0.665,0.012,-0.737,-0.02,0.03,0.01,1,imu01,fusion_20260817T192552Z,219,10144298,486351834723110
486351859000000,10164,-0.664,0.012,-0.741,0.1,-0.02,-0.11,1,imu01,fusion_20260817T192552Z,220,10164302,486351854726348
486351890000000,10184,-0.666,0.014,-0.746,0.11,0.12,-0.02,1,imu01,fusion_20260817T192552Z,221,10184298,486351874721585
486351906000000,10204,-0.66,0.015,-0.753,0.07,-0.01,0.01,1,imu01,fusion_20260817T192552Z,222,10204302,486351894724822
486351921000000,10224,-0.664,0.014,-0.739,-0.04,-0.1,-0.0,1,imu01,fusion_20260817T192552Z,223,10224298,486351914720060
486351937000000,10244,-0.67,0.011,-0.746,0.13,-0.05,-0.05,1,imu01,fusion_20260817T192552Z,224,10244302,486351934723297
486351968000000,10264,-0.664,0.015,-0.747,0.03,0.05,-0.04,1,imu01,fusion_20260817T192552Z,225,10264298,486351954718535
486351984000000,10284,-0.666,0.014,-0.741,-0.0,-0.02,0.07,1,imu01,fusion_20260817T192552Z,226,10284302,486351974721772
486352000000000,10304,-0.664,0.013,-0.747,-0.06,-0.01,-0.02,1,imu01,fusion_20260817T192552Z,227,10304298,486351994717010
486352015000000,10324,-0.665,0.012,-0.745,0.04,-0.06,-0.0,1,imu01,fusion_20260817T192552Z,228,10324302,486352014720247
486352046000000,10344,-0.667,0.013,-0.745,-0.03,0.16,-0.0,1,imu01,fusion_20260817T192552Z,229,10344298,486352034715485
486352062000000,10364,-0.664,0.016,-0.745,0.02,0.0,-0.06,1,imu01,fusion_20260817T192552Z,230,10364302,486352054718722
486352078000000,10384,-0.662,0.02,-0.742,0.01,-0.01,0.04,1,imu01,fusion_20260817T192552Z,231,10384298,486352074713959
486352109000000,10404,-0.665,0.013,-0.753,-0.01,0.1,0.09,1,imu01,fusion_20260817T192552Z,232,10404302,486352094717197
486352125000000,10424,-0.665,0.014,-0.751,-0.04,0.18,-0.09,1,imu01,fusion_20260817T192552Z,233,10424298,486352114712434
486352140000000,10444,-0.666,0.014,-0.749,-0.04,-0.02,-0.08,1,imu01,fusion_20260817T192552Z,234,10444302,486352134715672
486352156000000,10464,-0.664,0.015,-0.752,0.01,-0.05,-0.04,1,imu01,fusion_20260817T192552Z,235,10464298,486352154710909
486352187000000,10484,-0.666,0.013,-0.746,0.04,0.12,0.06,1,imu01,fusion_20260817T192552Z,236,10484302,486352174714146
486352203000000,10504,-0.665,0.015,-0.747,0.01,0.16,0.11,1,imu01,fusion_20260817T192552Z,237,10504298,486352194709384
486352218000000,10524,-0.666,0.012,-0.744,-0.03,0.06,-0.01,1,imu01,fusion_20260817T192552Z,238,10524302,486352214712621
486352250000000,10544,-0.669,0.014,-0.745,0.07,-0.01,-0.05,1,imu01,fusion_20260817T192552Z,239,10544298,486352234707859
486352265000000,10564,-0.666,0.018,-0.75,0.06,0.19,0.02,1,imu01,fusion_20260817T192552Z,240,10564302,486352254711096
486352281000000,10584,-0.664,0.015,-0.752,-0.03,-0.05,0.09,1,imu01,fusion_20260817T192552Z,241,10584298,486352274706334
486352296000000,10604,-0.662,0.014,-0.75,-0.06,0.0,0.04,1,imu01,fusion_20260817T192552Z,242,10604302,486352294709571
486352328000000,10624,-0.665,0.015,-0.748,0.09,-0.08,-0.05,1,imu01,fusion_20260817T192552Z,243,10624298,486352314704808
486352343000000,10644,-0.668,0.016,-0.75,-0.04,0.14,-0.12,1,imu01,fusion_20260817T192552Z,244,10644302,486352334708046
486352359000000,10664,-0.662,0.016,-0.743,0.1,-0.11,-0.03,1,imu01,fusion_20260817T192552Z,245,10664298,486352354703283
486352390000000,10684,-0.665,0.011,-0.748,-0.01,-0.07,0.04,1,imu01,fusion_20260817T192552Z,246,10684302,486352374706521
486352406000000,10704,-0.662,0.012,-0.749,0.17,-0.01,-0.0,1,imu01,fusion_20260817T192552Z,247,10704298,486352394701758
486352421000000,10724,-0.666,0.012,-0.749,-0.03,0.17,-0.08,1,imu01,fusion_20260817T192552Z,248,10724302,486352414704996
486352437000000,10744,-0.665,0.013,-0.74,-0.02,-0.01,0.04,1,imu01,fusion_20260817T192552Z,249,10744298,486352434700233
486352468000000,10764,-0.667,0.013,-0.744,-0.02,0.0,-0.01,1,imu01,fusion_20260817T192552Z,250,10764302,486352454703470
486352484000000,10784,-0.668,0.012,-0.751,0.07,-0.12,0.02,1,imu01,fusion_20260817T192552Z,251,10784298,486352474698708
486352500000000,10804,-0.663,0.011,-0.743,-0.08,0.05,-0.01,1,imu01,fusion_20260817T192552Z,252,10804302,486352494701945
486352515000000,10824,-0.668,0.016,-0.751,-0.02,-0.08,-0.08,1,imu01,fusion_20260817T192552Z,253,10824298,486352514697183
486352546000000,10844,-0.665,0.012,-0.743,-0.04,-0.07,-0.06,1,imu01,fusion_20260817T192552Z,254,10844302,486352534700420
486352562000000,10864,-0.663,0.01,-0.748,0.09,0.09,0.16,1,imu01,fusion_20260817T192552Z,255,10864298,486352554695658
486352578000000,10884,-0.66,0.01,-0.753,0.04,0.01,0.05,1,imu01,fusion_20260817T192552Z,256,10884302,486352574698895
486352609000000,10904,-0.664,0.015,-0.747,-0.02,-0.1,-0.12,1,imu01,fusion_20260817T192552Z,257,10904298,486352594694132
486352625000000,10924,-0.665,0.012,-0.744,0.08,-0.18,-0.17,1,imu01,fusion_20260817T192552Z,258,10924302,486352614697370
486352640000000,10944,-0.664,0.015,-0.748,-0.0,0.01,-0.05,1,imu01,fusion_20260817T192552Z,259,10944298,486352634692607
486352656000000,10964,-0.66,0.015,-0.751,-0.03,-0.06,0.03,1,imu01,fusion_20260817T192552Z,260,10964302,486352654695845
486352687000000,10984,-0.668,0.011,-0.741,-0.06,-0.13,-0.07,1,imu01,fusion_20260817T192552Z,261,10984298,486352674691082
486352703000000,11004,-0.666,0.017,-0.747,0.13,-0.17,-0.09,1,imu01,fusion_20260817T192552Z,262,11004302,486352694694319
486352718000000,11024,-0.667,0.014,-0.741,0.02,0.06,-0.07,1,imu01,fusion_20260817T192552Z,263,11024298,486352714689557
486352750000000,11044,-0.664,0.014,-0.75,0.04,-0.02,-0.0,1,imu01,fusion_20260817T192552Z,264,11044302,486352734692794
486352765000000,11064,-0.667,0.013,-0.751,-0.01,-0.07,-0.04,1,imu01,fusion_20260817T192552Z,265,11064298,486352754688032
486352781000000,11084,-0.664,0.013,-0.744,0.1,-0.04,0.03,1,imu01,fusion_20260817T192552Z,266,11084302,486352774691269
486352796000000,11104,-0.666,0.015,-0.752,-0.06,0.16,0.08,1,imu01,fusion_20260817T192552Z,267,11104298,486352794686507
486352828000000,11124,-0.672,0.013,-0.753,-0.09,-0.01,-0.02,1,imu01,fusion_20260817T192552Z,268,11124302,486352814689744
486352843000000,11144,-0.665,0.009,-0.749,0.01,-0.01,-0.01,1,imu01,fusion_20260817T192552Z,269,11144298,486352834684982
486352859000000,11164,-0.663,0.012,-0.748,0.11,0.01,0.04,1,imu01,fusion_20260817T192552Z,270,11164302,486352854688219
486352890000000,11184,-0.663,0.016,-0.749,-0.03,0.14,-0.08,1,imu01,fusion_20260817T192552Z,271,11184298,486352874683456
486352906000000,11204,-0.667,0.012,-0.746,0.06,-0.1,-0.11,1,imu01,fusion_20260817T192552Z,272,11204302,486352894686694
486352921000000,11224,-0.667,0.019,-0.75,0.04,-0.03,-0.11,1,imu01,fusion_20260817T192552Z,273,11224298,486352914681931
486352937000000,11244,-0.665,0.014,-0.745,-0.0,0.07,-0.05,1,imu01,fusion_20260817T192552Z,274,11244302,486352934685168
486352968000000,11264,-0.661,0.015,-0.746,-0.08,0.13,-0.01,1,imu01,fusion_20260817T192552Z,275,11264298,486352954680406
486352984000000,11284,-0.666,0.009,-0.745,-0.09,-0.08,-0.09,1,imu01,fusion_20260817T192552Z,276,11284301,486352974682643
486353000000000,11304,-0.667,0.01,-0.747,-0.04,-0.04,-0.02,1,imu01,fusion_20260817T192552Z,277,11304298,486352994678881
486353015000000,11324,-0.669,0.015,-0.747,0.01,0.02,-0.02,1,imu01,fusion_20260817T192552Z,278,11324302,486353014682118
486353046000000,11344,-0.668,0.015,-0.744,0.01,-0.02,0.03,1,imu01,fusion_20260817T192552Z,279,11344298,486353034677356
486353062000000,11364,-0.662,0.014,-0.748,-0.11,-0.02,0.02,1,imu01,fusion_20260817T192552Z,280,11364302,486353054680593
486353078000000,11384,-0.662,0.016,-0.745,-0.03,-0.13,-0.09,1,imu01,fusion_20260817T192552Z,281,11384298,486353074675831
486353109000000,11404,-0.665,0.016,-0.751,-0.04,0.12,-0.07,1,imu01,fusion_20260817T192552Z,282,11404302,486353094679068
486353125000000,11424,-0.666,0.011,-0.749,0.1,0.04,0.06,1,imu01,fusion_20260817T192552Z,283,11424298,486353114674306
486353140000000,11444,-0.666,0.013,-0.748,0.02,0.06,0.01,1,imu01,fusion_20260817T192552Z,284,11444302,486353134677543
486353156000000,11464,-0.666,0.012,-0.747,0.08,-0.05,-0.0,1,imu01,fusion_20260817T192552Z,285,11464298,486353154672780
486353187000000,11484,-0.669,0.011,-0.746,-0.02,0.07,-0.09,1,imu01,fusion_20260817T192552Z,286,11484302,486353174676018
486353203000000,11504,-0.665,0.012,-0.754,-0.0,-0.08,0.01,1,imu01,fusion_20260817T192552Z,287,11504298,486353194671255
486353218000000,11524,-0.662,0.013,-0.749,0.03,-0.14,0.04,1,imu01,fusion_20260817T192552Z,288,11524302,486353214674492
486353250000000,11544,-0.664,0.015,-0.744,0.17,-0.07,0.14,1,imu01,fusion_20260817T192552Z,289,11544298,486353234669730
486353265000000,11564,-0.662,0.011,-0.747,0.04,0.04,-0.05,1,imu01,fusion_20260817T192552Z,290,11564302,486353254672967
486353281000000,11584,-0.667,0.012,-0.742,-0.0,-0.06,-0.03,1,imu01,fusion_20260817T192552Z,291,11584298,486353274668205
486353296000000,11604,-0.666,0.013,-0.743,0.02,-0.13,-0.11,1,imu01,fusion_20260817T192552Z,292,11604302,486353294671442
486353328000000,11624,-0.67,0.01,-0.752,0.03,0.0,0.01,1,imu01,fusion_20260817T192552Z,293,11624298,486353314666680
486353343000000,11644,-0.666,0.013,-0.756,0.04,0.08,0.13,1,imu01,fusion_20260817T192552Z,294,11644302,486353334669917
486353359000000,11664,-0.669,0.012,-0.737,-0.03,-0.11,-0.13,1,imu01,fusion_20260817T192552Z,295,11664298,486353354665155
486353390000000,11684,-0.668,0.016,-0.744,0.06,-0.1,-0.12,1,imu01,fusion_20260817T192552Z,296,11684302,486353374668392
486353406000000,11704,-0.666,0.013,-0.744,0.03,0.05,-0.03,1,imu01,fusion_20260817T192552Z,297,11704298,486353394663629
486353421000000,11724,-0.664,0.016,-0.751,-0.0,-0.07,0.01,1,imu01,fusion_20260817T192552Z,298,11724302,486353414666867
486353437000000,11744,-0.661,0.015,-0.749,-0.03,0.06,-0.02,1,imu01,fusion_20260817T192552Z,299,11744298,486353434662104
486353468000000,11764,-0.666,0.016,-0.747,0.1,-0.07,-0.02,1,imu01,fusion_20260817T192552Z,300,11764302,486353454665342
486353484000000,11784,-0.67,0.015,-0.74,-0.06,0.06,-0.06,1,imu01,fusion_20260817T192552Z,301,11784298,486353474660579
486353500000000,11804,-0.663,0.015,-0.748,0.07,-0.01,0.04,1,imu01,fusion_20260817T192552Z,302,11804302,486353494663816
486353531000000,11824,-0.67,0.013,-0.74,-0.08,-0.01,0.04,1,imu01,fusion_20260817T192552Z,303,11824298,486353514659054
486353546000000,11844,-0.665,0.014,-0.743,0.13,-0.08,0.04,1,imu01,fusion_20260817T192552Z,304,11844302,486353534662291
486353562000000,11864,-0.663,0.013,-0.746,-0.05,0.12,0.01,1,imu01,fusion_20260817T192552Z,305,11864298,486353554657529
486353578000000,11884,-0.667,0.013,-0.745,-0.1,-0.04,-0.07,1,imu01,fusion_20260817T192552Z,306,11884302,486353574660766
486353609000000,11904,-0.664,0.015,-0.744,-0.01,-0.02,-0.1,1,imu01,fusion_20260817T192552Z,307,11904298,486353594656004
486353625000000,11924,-0.662,0.011,-0.746,0.05,0.03,0.1,1,imu01,fusion_20260817T192552Z,308,11924302,486353614659241
486353640000000,11944,-0.667,0.014,-0.746,0.04,0.05,-0.02,1,imu01,fusion_20260817T192552Z,309,11944298,486353634654478
486353656000000,11964,-0.663,0.012,-0.746,-0.04,-0.01,-0.09,1,imu01,fusion_20260817T192552Z,310,11964302,486353654657716
486353687000000,11984,-0.665,0.013,-0.745,0.07,-0.04,-0.01,1,imu01,fusion_20260817T192552Z,311,11984298,486353674652953
486353703000000,12004,-0.669,0.017,-0.745,-0.06,0.06,0.05,1,imu01,fusion_20260817T192552Z,312,12004302,486353694656191
486353718000000,12024,-0.664,0.014,-0.74,-0.01,0.03,0.04,1,imu01,fusion_20260817T192552Z,313,12024298,486353714651428
486353750000000,12044,-0.671,0.016,-0.743,-0.0,-0.16,-0.08,1,imu01,fusion_20260817T192552Z,314,12044302,486353734654666
486353765000000,12064,-0.666,0.015,-0.741,0.03,-0.12,-0.03,1,imu01,fusion_20260817T192552Z,315,12064298,486353754649903
486353781000000,12084,-0.664,0.014,-0.75,0.02,0.09,-0.0,1,imu01,fusion_20260817T192552Z,316,12084302,486353774653140
486353796000000,12104,-0.662,0.012,-0.742,0.01,0.14,0.07,1,imu01,fusion_20260817T192552Z,317,12104298,486353794648378
486353828000000,12124,-0.661,0.015,-0.75,-0.02,0.03,-0.01,1,imu01,fusion_20260817T192552Z,318,12124302,486353814651615
486353843000000,12144,-0.665,0.009,-0.751,0.14,-0.07,-0.09,1,imu01,fusion_20260817T192552Z,319,12144298,486353834646853
486353859000000,12164,-0.666,0.013,-0.745,-0.03,0.11,-0.09,1,imu01,fusion_20260817T192552Z,320,12164302,486353854650090
486353875000000,12184,-0.663,0.013,-0.748,-0.05,0.04,0.01,1,imu01,fusion_20260817T192552Z,321,12184298,486353874645328
486353906000000,12204,-0.67,0.01,-0.747,0.01,0.01,-0.03,1,imu01,fusion_20260817T192552Z,322,12204302,486353894648565
486353921000000,12224,-0.664,0.011,-0.744,0.06,-0.14,-0.08,1,imu01,fusion_20260817T192552Z,323,12224298,486353914643802
486353937000000,12244,-0.663,0.017,-0.752,-0.04,0.1,-0.09,1,imu01,fusion_20260817T192552Z,324,12244302,486353934647040
486353968000000,12264,-0.668,0.013,-0.745,-0.0,-0.05,-0.02,1,imu01,fusion_20260817T192552Z,325,12264298,486353954642277
486353984000000,12284,-0.668,0.015,-0.753,-0.0,0.03,0.02,1,imu01,fusion_20260817T192552Z,326,12284302,486353974645515
486354000000000,12304,-0.663,0.014,-0.749,0.02,0.03,-0.05,1,imu01,fusion_20260817T192552Z,327,12304298,486353994640752
486354015000000,12324,-0.664,0.027,-0.752,0.79,5.99,1.11,1,imu01,fusion_20260817T192552Z,328,12324302,486354014643989
486354046000000,12344,-0.661,0.015,-0.76,1.43,13.82,1.85,1,imu01,fusion_20260817T192552Z,329,12344298,486354034639227
486354062000000,12364,-0.662,0.019,-0.774,-0.62,-3.42,-0.96,1,imu01,fusion_20260817T192552Z,330,12364302,486354054642464
486354078000000,12384,-0.662,0.011,-0.74,-0.57,-4.92,-0.86,1,imu01,fusion_20260817T192552Z,331,12384298,486354074637702
486354109000000,12404,-0.661,0.014,-0.751,-0.05,-0.17,0.02,1,imu01,fusion_20260817T192552Z,332,12404302,486354094640939
486354125000000,12424,-0.667,0.018,-0.757,0.02,0.1,-0.02,1,imu01,fusion_20260817T192552Z,333,12424298,486354114636177
486354140000000,12444,-0.664,0.016,-0.751,0.04,0.19,-0.12,1,imu01,fusion_20260817T192552Z,334,12444302,486354134639414
486354156000000,12464,-0.661,0.018,-0.756,0.04,0.06,-0.09,1,imu01,fusion_20260817T192552Z,335,12464298,486354154634652
486354187000000,12484,-0.66,0.014,-0.749,0.03,0.03,0.04,1,imu01,fusion_20260817T192552Z,336,12484302,486354174637889
486354203000000,12504,-0.66,0.017,-0.752,-0.05,0.36,0.01,1,imu01,fusion_20260817T192552Z,337,12504298,486354194633126
486354218000000,12524,-0.662,0.014,-0.752,0.01,-0.06,-0.14,1,imu01,fusion_20260817T192552Z,338,12524302,486354214636364
486354250000000,12544,-0.659,0.012,-0.745,-0.07,-0.24,-0.22,1,imu01,fusion_20260817T192552Z,339,12544298,486354234631601
486354265000000,12564,-0.66,0.014,-0.746,-0.25,0.02,-0.34,1,imu01,fusion_20260817T192552Z,340,12564302,486354254634838
486354281000000,12584,-0.659,0.032,-0.792,-0.68,10.16,-0.77,1,imu01,fusion_20260817T192552Z,341,12584298,486354274630076
486354296000000,12604,-0.654,0.015,-0.635,-1.45,2.12,-1.74,1,imu01,fusion_20260817T192552Z,342,12604302,486354294633313
486354328000000,12624,-0.65,0.015,-0.746,-0.32,18.51,-0.22,1,imu01,fusion_20260817T192552Z,343,12624298,486354314628551
486354343000000,12644,-0.649,0.018,-0.785,-0.54,25.19,-0.47,1,imu01,fusion_20260817T192552Z,344,12644302,486354334631788
486354359000000,12664,-0.64,0.011,-0.739,-0.35,8.0,-0.33,1,imu01,fusion_20260817T192552Z,345,12664298,486354354627026
486354390000000,12684,-0.648,0.016,-0.821,-0.74,11.62,-0.84,1,imu01,fusion_20260817T192552Z,346,12684302,486354374630263
486354406000000,12704,-0.648,0.016,-0.726,-0.25,-10.97,-0.31,1,imu01,fusion_20260817T192552Z,347,12704298,486354394625501
486354421000000,12724,-0.656,0.037,-0.712,-0.13,-14.7,-0.31,1,imu01,fusion_20260817T192552Z,348,12724302,486354414628738
486354437000000,12744,-0.688,0.045,-0.764,-1.25,-4.09,-1.92,1,imu01,fusion_20260817T192552Z,349,12744298,486354434623976
486354468000000,12764,-0.521,-0.062,-0.868,-7.41,-0.89,-10.43,1,imu01,fusion_20260817T192552Z,350,12764302,486354454627213
486354484000000,12784,-0.67,0.009,-0.725,-4.69,-1.1,-5.8,1,imu01,fusion_20260817T192552Z,351,12784298,486354474622450
486354500000000,12804,-0.623,0.013,-0.772,-1.84,-0.65,-3.63,1,imu01,fusion_20260817T192552Z,352,12804302,486354494625688
486354515000000,12824,-0.641,0.01,-0.764,-1.51,0.09,-2.09,1,imu01,fusion_20260817T192552Z,353,12824298,486354514620925
486354546000000,12844,-0.649,0.013,-0.761,-0.96,0.23,-1.02,1,imu01,fusion_20260817T192552Z,354,12844302,486354534624162
486354562000000,12864,-0.652,0.013,-0.757,-0.52,-0.17,-0.35,1,imu01,fusion_20260817T192552Z,355,12864298,486354554619400
486354578000000,12884,-0.652,0.013,-0.754,-0.72,-0.63,0.08,1,imu01,fusion_20260817T192552Z,356,12884302,486354574622637
486354609000000,12904,-0.65,0.014,-0.753,-0.25,-0.13,0.08,1,imu01,fusion_20260817T192552Z,357,12904298,486354594617875
486354625000000,12924,-0.685,0.002,-0.765,1.8,42.3,3.13,1,imu01,fusion_20260817T192552Z,358,12924302,486354614621112
486354640000000,12944,-0.631,0.012,-0.776,-4.61,31.35,2.19,1,imu01,fusion_20260817T192552Z,359,12944298,486354634616350
486354656000000,12964,-0.622,0.003,-0.786,-7.2,32.45,6.43,1,imu01,fusion_20260817T192552Z,360,12964302,486354654619587
486354687000000,12984,-0.618,0.016,-0.801,-3.16,20.1,6.3,1,imu01,fusion_20260817T192552Z,361,12984298,486354674614825
486354703000000,13004,-0.61,0.017,-0.783,-0.4,0.93,0.01,1,imu01,fusion_20260817T192552Z,362,13004302,486354694618062
486354718000000,13024,-0.596,0.022,-0.798,-4.47,18.98,4.12,1,imu01,fusion_20260817T192552Z,363,13024298,486354714613299
486354750000000,13044,-0.604,0.024,-0.803,-7.61,26.86,4.25,1,imu01,fusion_20260817T192552Z,364,13044302,486354734616537
486354765000000,13064,-0.611,0.047,-0.803,-7.89,28.82,5.46,1,imu01,fusion_20260817T192552Z,365,13064298,486354754611774
486354781000000,13084,-0.594,0.031,-0.805,-11.76,40.3,6.08,1,imu01,fusion_20260817T192552Z,366,13084302,486354774615012
486354796000000,13104,-0.582,0.048,-0.821,-14.11,39.24,2.24,1,imu01,fusion_20260817T192552Z,367,13104298,486354794610249
486354828000000,13124,-0.588,0.039,-0.832,-11.23,31.03,1.41,1,imu01,fusion_20260817T192552Z,368,13124302,486354814613486
486354843000000,13144,-0.564,0.042,-0.828,-1.2,6.35,1.95,1,imu01,fusion_20260817T192552Z,369,13144298,486354834608724
486354859000000,13164,-0.562,0.043,-0.821,0.7,-0.46,0.69,1,imu01,fusion_20260817T192552Z,370,13164302,486354854611961
486354890000000,13184,-0.56,0.047,-0.829,0.24,0.93,0.82,1,imu01,fusion_20260817T192552Z,371,13184298,486354874607199
486354906000000,13204,-0.564,0.04,-0.833,-1.04,3.54,0.38,1,imu01,fusion_20260817T192552Z,372,13204302,486354894610436
486354921000000,13224,-0.557,0.046,-0.825,-0.66,1.18,-0.09,1,imu01,fusion_20260817T192552Z,373,13224298,486354914605674
486354937000000,13244,-0.787,0.081,-0.832,6.14,-21.24,-4.09,1,imu01,fusion_20260817T192552Z,374,13244302,486354934608911
486354968000000,13264,-0.635,0.02,-0.711,40.33,-121.13,-7.31,1,imu01,fusion_20260817T192552Z,375,13264298,486354954604148
486354984000000,13284,-0.512,0.021,-0.876,2.55,-14.45,-12.36,1,imu01,fusion_20260817T192552Z,376,13284301,486354974606386
486355000000000,13304,-0.595,0.038,-0.813,-3.53,-7.42,-3.41,1,imu01,fusion_20260817T192552Z,377,13304298,486354994602623
486355015000000,13324,-0.599,0.016,-0.79,-5.36,-3.43,-8.58,1,imu01,fusion_20260817T192552Z,378,13324302,486355014605861
486355046000000,13344,-0.641,0.019,-0.763,-2.61,-6.55,-7.67,1,imu01,fusion_20260817T192552Z,379,13344298,486355034601098
486355062000000,13364,-0.536,0.025,-0.837,-3.2,-3.75,-6.57,1,imu01,fusion_20260817T192552Z,380,13364302,486355054604336
486355078000000,13384,-0.304,-0.039,-0.898,1.81,-18.07,-7.05,1,imu01,fusion_20260817T192552Z,381,13384298,486355074599573
486355109000000,13404,-0.589,0.052,-0.805,8.62,-16.39,-1.32,1,imu01,fusion_20260817T192552Z,382,13404302,486355094602810
486355125000000,13424,-0.654,-0.003,-0.701,1.85,4.7,-2.12,1,imu01,fusion_20260817T192552Z,383,13424298,486355114598048
486355140000000,13444,-0.456,-0.041,-0.919,-4.4,51.61,12.85,1,imu01,fusion_20260817T192552Z,384,13444302,486355134601285
486355156000000,13464,-0.426,0.037,-0.971,36.46,45.65,34.14,1,imu01,fusion_20260817T192552Z,385,13464298,486355154596523
486355187000000,13484,-0.577,0.047,-0.788,-6.19,33.18,18.66,1,imu01,fusion_20260817T192552Z,386,13484302,486355174599760
486355203000000,13504,-0.573,0.023,-0.855,-6.33,39.87,-6.31,1,imu01,fusion_20260817T192552Z,387,13504298,486355194594998
486355218000000,13524,-0.565,0.021,-0.826,-0.48,21.08,-4.11,1,imu01,fusion_20260817T192552Z,388,13524302,486355214598235
486355250000000,13544,-0.562,0.031,-0.83,-4.53,11.37,3.26,1,imu01,fusion_20260817T192552Z,389,13544298,486355234593472
486355265000000,13564,-0.577,-0.117,-0.972,-32.92,8.44,0.34,1,imu01,fusion_20260817T192552Z,390,13564302,486355254596710
486355281000000,13584,-0.555,0.029,-0.884,0.89,-5.75,-1.52,1,imu01,fusion_20260817T192552Z,391,13584298,486355274591947
486355296000000,13604,-0.561,0.029,-0.843,0.19,6.99,0.79,1,imu01,fusion_20260817T192552Z,392,13604302,486355294595185
486355328000000,13624,-0.484,0.049,-0.862,-10.17,20.41,2.9,1,imu01,fusion_20260817T192552Z,393,13624298,486355314590422
486355343000000,13644,-0.537,0.052,-0.853,-16.41,52.48,-3.27,1,imu01,fusion_20260817T192552Z,394,13644302,486355334593659
486355359000000,13664,-0.549,0.04,-0.892,1.97,57.28,-13.4,1,imu01,fusion_20260817T192552Z,395,13664298,486355354588897
486355390000000,13684,-0.523,0.016,-0.887,-13.06,38.21,-22.11,1,imu01,fusion_20260817T192552Z,396,13684302,486355374592134
486355406000000,13704,-0.426,0.08,-0.902,-12.52,-9.59,-8.75,1,imu01,fusion_20260817T192552Z,397,13704298,486355394587372
486355421000000,13724,-0.572,0.015,-0.807,-11.72,-27.94,5.85,1,imu01,fusion_20260817T192552Z,398,13724302,486355414590609
486355437000000,13744,-0.527,0.031,-0.85,-13.28,-13.93,3.64,1,imu01,fusion_20260817T192552Z,399,13744298,486355434585847
486355468000000,13764,-0.53,0.087,-0.849,-3.69,5.41,-1.34,1,imu01,fusion_20260817T192552Z,400,13764302,486355454589084
486355484000000,13784,-0.534,0.069,-0.852,0.65,10.27,-0.63,1,imu01,fusion_20260817T192552Z,401,13784298,486355474584322
486355500000000,13804,-0.53,-0.006,-0.865,-6.26,14.52,1.5,1,imu01,fusion_20260817T192552Z,402,13804302,486355494587559
486355515000000,13824,-0.517,0.107,-0.865,-12.74,4.51,-8.48,1,imu01,fusion_20260817T192552Z,403,13824298,486355514582796
486355546000000,13844,-0.516,0.053,-0.833,-11.61,3.88,-7.86,1,imu01,fusion_20260817T192552Z,404,13844302,486355534586034
486355562000000,13864,-0.531,0.047,-0.857,-0.64,8.91,-2.73,1,imu01,fusion_20260817T192552Z,405,13864298,486355554581271
486355578000000,13884,-0.489,0.105,-0.861,-4.61,8.93,-8.47,1,imu01,fusion_20260817T192552Z,406,13884302,486355574584509
486355609000000,13904,-0.522,0.052,-0.862,-2.27,12.19,-16.52,1,imu01,fusion_20260817T192552Z,407,13904298,486355594579746
486355625000000,13924,-0.493,0.021,-0.877,-0.25,17.0,-22.86,1,imu01,fusion_20260817T192552Z,408,13924302,486355614582983
486355640000000,13944,-0.544,0.052,-0.864,1.91,20.72,-26.29,1,imu01,fusion_20260817T192552Z,409,13944298,486355634578221
486355656000000,13964,-0.489,-0.002,-0.861,-5.06,15.22,-32.36,1,imu01,fusion_20260817T192552Z,410,13964302,486355654581458
486355687000000,13984,-0.524,0.061,-0.874,-3.8,14.37,-28.59,1,imu01,fusion_20260817T192552Z,411,13984298,486355674576696
486355703000000,14004,-0.487,0.019,-0.865,7.83,11.72,-18.39,1,imu01,fusion_20260817T192552Z,412,14004302,486355694579933
486355718000000,14024,-0.476,0.023,-0.879,6.32,19.14,-19.92,1,imu01,fusion_20260817T192552Z,413,14024298,486355714575171
486355750000000,14044,-0.503,0.025,-0.871,3.15,17.98,-16.31,1,imu01,fusion_20260817T192552Z,414,14044302,486355734578408
486355765000000,14064,-0.52,0.047,-0.853,1.52,9.23,-11.21,1,imu01,fusion_20260817T192552Z,415,14064298,486355754573646
486355781000000,14084,-0.493,0.002,-0.869,-2.14,1.5,-7.47,1,imu01,fusion_20260817T192552Z,416,14084302,486355774576883
486355796000000,14104,-0.489,0.007,-0.873,-2.54,0.38,-4.5,1,imu01,fusion_20260817T192552Z,417,14104298,486355794572120
486355828000000,14124,-0.478,-0.003,-0.812,0.77,7.47,-1.13,1,imu01,fusion_20260817T192552Z,418,14124302,486355814575358
486355843000000,14144,-0.476,0.019,-0.888,1.54,12.48,0.59,1,imu01,fusion_20260817T192552Z,419,14144298,486355834570595
486355859000000,14164,-0.491,0.025,-0.883,0.31,3.84,0.11,1,imu01,fusion_20260817T192552Z,420,14164302,486355854573832
486355890000000,14184,-0.487,0.016,-0.876,0.34,-1.94,-1.41,1,imu01,fusion_20260817T192552Z,421,14184298,486355874569070
486355906000000,14204,-0.483,0.034,-0.861,-1.33,-0.18,-5.73,1,imu01,fusion_20260817T192552Z,422,14204302,486355894572307
486355921000000,14224,-0.471,0.014,-0.895,1.13,4.35,-1.39,1,imu01,fusion_20260817T192552Z,423,14224298,486355914567545
486355937000000,14244,-0.463,0.014,-0.888,-1.2,-8.77,-5.47,1,imu01,fusion_20260817T192552Z,424,14244302,486355934570782
486355968000000,14264,-0.498,0.019,-0.888,1.54,-1.26,-5.87,1,imu01,fusion_20260817T192552Z,425,14264298,486355954566020
486355984000000,14284,-0.484,0.035,-0.869,-0.62,-11.71,-2.91,1,imu01,fusion_20260817T192552Z,426,14284302,486355974569257
486356000000000,14304,-0.49,0.009,-0.89,1.12,-4.86,-16.95,1,imu01,fusion_20260817T192552Z,427,14304298,486355994564495
486356015000000,14324,-0.483,-0.004,-0.858,1.33,-7.68,-22.38,1,imu01,fusion_20260817T192552Z,428,14324302,486356014567732
486356046000000,14344,-0.489,-0.009,-0.857,1.25,-17.47,-18.19,1,imu01,fusion_20260817T192552Z,429,14344298,486356034562969
486356062000000,14364,-0.506,-0.008,-0.878,3.42,-25.62,-2.11,1,imu01,fusion_20260817T192552Z,430,14364302,486356054566207
486356078000000,14384,-0.516,-0.014,-0.875,2.09,-41.93,16.86,1,imu01,fusion_20260817T192552Z,431,14384298,486356074561444
486356109000000,14404,-0.534,0.003,-0.846,-2.35,-42.87,23.85,1,imu01,fusion_20260817T192552Z,432,14404302,486356094564682
486356125000000,14424,-0.575,0.022,-0.839,-7.12,-44.59,26.37,1,imu01,fusion_20260817T192552Z,433,14424298,486356114559919
486356140000000,14444,-0.575,0.037,-0.823,-9.09,-69.46,35.39,1,imu01,fusion_20260817T192552Z,434,14444302,486356134563156
486356156000000,14464,-0.631,0.035,-0.78,-0.28,-66.31,32.92,1,imu01,fusion_20260817T192552Z,435,14464298,486356154558394
486356187000000,14484,-0.591,0.001,-0.829,15.26,-66.17,16.23,1,imu01,fusion_20260817T192552Z,436,14484302,486356174561631
486356203000000,14504,-0.682,0.033,-0.78,20.24,-69.2,18.77,1,imu01,fusion_20260817T192552Z,437,14504298,486356194556869
486356218000000,14524,-0.594,0.008,-0.748,1.94,-75.1,28.72,1,imu01,fusion_20260817T192552Z,438,14524302,486356214560106
486356250000000,14544,-0.621,0.039,-0.752,-10.68,-41.63,13.37,1,imu01,fusion_20260817T192552Z,439,14544298,486356234555344
486356265000000,14564,-0.669,0.077,-0.761,-8.28,-9.81,2.69,1,imu01,fusion_20260817T192552Z,440,14564302,486356254558581
486356281000000,14584,-0.671,0.028,-0.788,-19.15,-23.17,2.11,1,imu01,fusion_20260817T192552Z,441,14584298,486356274553819
486356296000000,14604,-0.634,-0.009,-0.788,-32.0,-39.34,3.67,1,imu01,fusion_20260817T192552Z,442,14604302,486356294557056
486356328000000,14624,-0.676,0.042,-0.739,-55.61,-40.21,4.88,1,imu01,fusion_20260817T192552Z,443,14624298,486356314552293
486356343000000,14644,-0.699,0.115,-0.741,-66.96,-42.72,4.27,1,imu01,fusion_20260817T192552Z,444,14644302,486356334555531
486356359000000,14664,-0.705,0.113,-0.704,-79.03,-52.41,14.0,1,imu01,fusion_20260817T192552Z,445,14664298,486356354550768
486356390000000,14684,-0.715,0.138,-0.001,0.57,-0.79,-0.13,1,imu01,fusion_20260817T192552Z,446,14684302,486356374554006
486358156000000,16464,0.502,-1.361,0.913,0.58,-0.78,-0.12,1,imu01,fusion_20260817T192552Z,535,16464298,486358154482136
486358578000000,16884,-0.022,-0.95,-0.393,0.58,-0.78,-0.12,1,imu01,fusion_20260817T192552Z,556,16884298,486358574466122
486358609000000,16904,-0.279,-1.028,-0.174,0.58,-0.78,-0.12,1,imu01,fusion_20260817T192552Z,557,16904298,486358594465360
486359906000000,18204,-0.279,-1.028,-0.174,0.58,-0.78,-0.12,1,imu01,fusion_20260817T192552Z,622,18204298,486359894415792
486360484000000,18784,-0.758,-0.491,-0.466,-62.58,57.27,73.63,1,imu01,fusion_20260817T192552Z,651,18784298,486360474393678
486360500000000,18804,-0.84,-0.468,-0.615,-20.68,-64.13,102.91,1,imu01,fusion_20260817T192552Z,652,18804298,486360494392915
486360515000000,18824,-0.758,-0.354,-0.644,4.32,-109.41,78.08,1,imu01,fusion_20260817T192552Z,653,18824302,486360514396152
486360546000000,18844,-0.699,-0.34,-0.526,28.43,-72.18,24.52,1,imu01,fusion_20260817T192552Z,654,18844298,486360534391390
486360562000000,18864,-0.693,-0.494,-0.414,29.64,-4.48,-25.48,1,imu01,fusion_20260817T192552Z,655,18864302,486360554394627
486360578000000,18884,-0.713,-0.439,-0.465,1.26,45.63,-27.49,1,imu01,fusion_20260817T192552Z,656,18884298,486360574389865
486360609000000,18904,-0.689,-0.37,-0.42,29.95,-24.68,-42.86,1,imu01,fusion_20260817T192552Z,657,18904302,486360594393102
486360625000000,18924,-0.741,-0.347,-0.475,15.15,-38.65,-18.12,1,imu01,fusion_20260817T192552Z,658,18924298,486360614388340
486360640000000,18944,-0.75,-0.324,-0.537,7.94,-57.33,-5.84,1,imu01,fusion_20260817T192552Z,659,18944302,486360634391577
486360656000000,18964,-0.747,-0.415,-0.513,15.32,-101.84,-42.15,1,imu01,fusion_20260817T192552Z,660,18964298,486360654386814
486360687000000,18984,-0.762,-0.521,-0.393,4.27,-112.6,-15.54,1,imu01,fusion_20260817T192552Z,661,18984302,486360674390052
486360703000000,19004,-0.779,-0.387,-0.297,-7.45,-66.49,-2.17,1,imu01,fusion_20260817T192552Z,662,19004298,486360694385289
486360718000000,19024,-0.772,-0.438,-0.297,7.5,-59.2,-10.94,1,imu01,fusion_20260817T192552Z,663,19024302,486360714388527
486360750000000,19044,-0.775,-0.414,-0.318,-1.11,-16.28,-12.36,1,imu01,fusion_20260817T192552Z,664,19044298,486360734383764
486360765000000,19064,-0.824,-0.46,-0.279,-11.03,-7.62,-5.51,1,imu01,fusion_20260817T192552Z,665,19064302,486360754387001
486360781000000,19084,-0.817,-0.517,-0.314,-7.48,-26.36,-17.96,1,imu01,fusion_20260817T192552Z,666,19084298,486360774382239
486360796000000,19104,-0.998,-0.576,-0.344,-15.7,-48.82,-8.69,1,imu01,fusion_20260817T192552Z,667,19104302,486360794385476
486360828000000,19124,-0.871,-0.519,-0.347,-8.7,-115.23,-14.27,1,imu01,fusion_20260817T192552Z,668,19124298,486360814380714
486360843000000,19144,-0.764,-0.342,-0.253,7.23,-129.58,-29.22,1,imu01,fusion_20260817T192552Z,669,19144302,486360834383951
486360859000000,19164,-0.645,-0.318,-0.373,9.84,-72.71,-35.68,1,imu01,fusion_20260817T192552Z,670,19164298,486360854379189
486360890000000,19184,-0.722,-0.368,-0.19,18.88,-32.39,-15.92,1,imu01,fusion_20260817T192552Z,671,19184302,486360874382426
486360906000000,19204,-0.738,-0.392,-0.171,-2.93,-12.78,5.06,1,imu01,fusion_20260817T192552Z,672,19204298,486360894377664
486360921000000,19224,-0.75,-0.377,-0.292,-18.11,24.87,37.65,1,imu01,fusion_20260817T192552Z,673,19224302,486360914380901
486360937000000,19244,-0.854,-0.678,-0.007,18.36,72.74,137.97,1,imu01,fusion_20260817T192552Z,674,19244298,486360934376138
486360968000000,19264,-1.112,-0.358,-0.469,-2.09,62.62,98.35,1,imu01,fusion_20260817T192552Z,675,19264302,486360954379376
486360984000000,19284,-0.954,-0.34,-0.326,18.36,-10.13,51.78,1,imu01,fusion_20260817T192552Z,676,19284298,486360974374613
486361000000000,19304,-0.852,-0.319,-0.304,17.66,-0.98,22.62,1,imu01,fusion_20260817T192552Z,677,19304302,486360994377851
486361015000000,19324,-0.867,-0.292,-0.199,5.88,20.55,8.58,1,imu01,fusion_20260817T192552Z,678,19324298,486361014373088
486361046000000,19344,-0.841,-0.28,-0.179,-1.74,67.13,-0.89,1,imu01,fusion_20260817T192552Z,679,19344302,486361034376325
486361062000000,19364,-0.948,-0.423,-0.387,1.88,30.46,-0.79,1,imu01,fusion_20260817T192552Z,680,19364298,486361054371563
486361078000000,19384,-1.032,-0.38,-0.143,-16.83,38.68,22.85,1,imu01,fusion_20260817T192552Z,681,19384302,486361074374800
486361109000000,19404,-0.963,-0.39,-0.342,-36.27,15.3,24.69,1,imu01,fusion_20260817T192552Z,682,19404298,486361094370038
486361125000000,19424,-0.929,-0.305,-0.355,-20.45,-20.25,16.27,1,imu01,fusion_20260817T192552Z,683,19424302,486361114373275
486361140000000,19444,-0.876,-0.26,-0.311,-11.28,-46.57,12.3,1,imu01,fusion_20260817T192552Z,684,19444298,486361134368513
486361156000000,19464,-0.922,-0.291,-0.428,-3.12,-45.98,3.52,1,imu01,fusion_20260817T192552Z,685,19464302,486361154371750
486361187000000,19484,-0.861,-0.248,-0.326,23.06,-44.17,8.41,1,imu01,fusion_20260817T192552Z,686,19484298,486361174366988
486361203000000,19504,-0.874,-0.349,-0.312,18.55,5.67,3.75,1,imu01,fusion_20260817T192552Z,687,19504302,486361194370225
486361218000000,19524,-1.03,-0.394,-0.274,8.18,-1.66,3.9,1,imu01,fusion_20260817T192552Z,688,19524298,486361214365462
486361250000000,19544,-1.017,-0.385,-0.23,26.46,-66.3,-31.97,1,imu01,fusion_20260817T192552Z,689,19544302,486361234368700
486361265000000,19564,-0.919,-0.354,-0.266,35.34,-69.66,-50.85,1,imu01,fusion_20260817T192552Z,690,19564298,486361254363937
486361281000000,19584,-0.956,-0.33,-0.295,25.07,-68.09,-40.72,1,imu01,fusion_20260817T192552Z,691,19584302,486361274367174
486361296000000,19604,-0.855,-0.367,-0.265,32.36,-27.26,-13.44,1,imu01,fusion_20260817T192552Z,692,19604298,486361294362412
486361328000000,19624,-0.863,-0.338,-0.209,42.86,-8.3,-35.53,1,imu01,fusion_20260817T192552Z,693,19624302,486361314365649
486361343000000,19644,-0.838,-0.351,-0.167,41.82,15.51,-32.08,1,imu01,fusion_20260817T192552Z,694,19644298,486361334360887
486361359000000,19664,-0.921,-0.426,-0.125,25.79,3.16,-24.3,1,imu01,fusion_20260817T192552Z,695,19664302,486361354364124
486361375000000,19684,-0.924,-0.418,-0.128,15.56,-30.31,-11.13,1,imu01,fusion_20260817T192552Z,696,19684298,486361374359362
486361406000000,19704,-0.876,-0.435,-0.191,20.69,-45.46,-1.25,1,imu01,fusion_20260817T192552Z,697,19704302,486361394362599
486361421000000,19724,-0.925,-0.422,-0.194,22.97,-31.13,8.82,1,imu01,fusion_20260817T192552Z,698,19724298,486361414357837
486361437000000,19744,-0.898,-0.424,-0.186,21.87,-23.78,21.71,1,imu01,fusion_20260817T192552Z,699,19744302,486361434361074
486361468000000,19764,-0.897,-0.367,-0.167,12.22,-32.28,29.61,1,imu01,fusion_20260817T192552Z,700,19764298,486361454356312
486361484000000,19784,-0.874,-0.381,-0.104,20.27,-11.69,21.55,1,imu01,fusion_20260817T192552Z,701,19784302,486361474359549
486361500000000,19804,-0.888,-0.384,-0.035,23.06,-39.17,23.08,1,imu01,fusion_20260817T192552Z,702,19804298,486361494354786
486361515000000,19824,-0.795,-0.429,-0.061,13.09,-34.1,37.17,1,imu01,fusion_20260817T192552Z,703,19824302,486361514358024
486361546000000,19844,-0.859,-0.431,-0.047,2.23,-1.97,62.92,1,imu01,fusion_20260817T192552Z,704,19844298,486361534353261
486361562000000,19864,-0.794,-0.306,-0.083,-2.26,26.55,51.55,1,imu01,fusion_20260817T192552Z,705,19864302,486361554356498
486361578000000,19884,-0.916,-0.324,-0.122,3.47,21.67,3.28,1,imu01,fusion_20260817T192552Z,706,19884298,486361574351736
486361609000000,19904,-0.83,-0.371,-0.134,18.9,35.09,-9.1,1,imu01,fusion_20260817T192552Z,707,19904302,486361594354973
486361625000000,19924,-0.979,-0.314,-0.064,17.04,38.76,-2.02,1,imu01,fusion_20260817T192552Z,708,19924298,486361614350211
486361640000000,19944,-0.986,-0.327,-0.129,16.0,26.63,1.2,1,imu01,fusion_20260817T192552Z,709,19944302,486361634353448
486361656000000,19964,-1.045,-0.308,-0.094,-1.48,-0.13,-6.76,1,imu01,fusion_20260817T192552Z,710,19964298,486361654348686
486361687000000,19984,-0.925,-0.337,-0.104,-3.17,3.31,-5.98,1,imu01,fusion_20260817T192552Z,711,19984302,486361674351923
486361703000000,20004,-0.885,-0.319,-0.078,-6.12,-9.97,-6.65,1,imu01,fusion_20260817T192552Z,712,20004298,486361694347161
486361718000000,20024,-1.271,-0.314,-0.015,8.63,-75.26,-33.07,1,imu01,fusion_20260817T192552Z,713,20024302,486361714350398
486361750000000,20044,-0.78,-0.301,0.002,2.49,-51.36,-10.81,1,imu01,fusion_20260817T192552Z,714,20044298,486361734345635
486361765000000,20064,-0.789,-0.28,-0.041,-22.67,10.35,22.71,1,imu01,fusion_20260817T192552Z,715,20064302,486361754348873
486361781000000,20084,-0.937,-0.298,-0.086,-40.51,63.32,30.85,1,imu01,fusion_20260817T192552Z,716,20084298,486361774344110
486361796000000,20104,-0.927,-0.349,-0.21,-43.09,90.71,25.19,1,imu01,fusion_20260817T192552Z,717,20104302,486361794347348
486361828000000,20124,-1.054,-0.379,-0.182,-35.57,31.17,20.49,1,imu01,fusion_20260817T192552Z,718,20124298,486361814342585
486361843000000,20144,-0.925,-0.317,-0.151,-31.54,-35.13,22.1,1,imu01,fusion_20260817T192552Z,719,20144302,486361834345822
486361859000000,20164,-0.926,-0.275,-0.123,-26.83,-46.34,28.79,1,imu01,fusion_20260817T192552Z,720,20164298,486361854341060
486361890000000,20184,-0.917,-0.292,-0.112,-20.64,-92.14,20.66,1,imu01,fusion_20260817T192552Z,721,20184302,486361874344297
486361906000000,20204,-0.875,-0.312,-0.101,-10.54,-90.39,5.27,1,imu01,fusion_20260817T192552Z,722,20204298,486361894339535
486361921000000,20224,-0.869,-0.296,-0.115,-12.1,-7.95,16.87,1,imu01,fusion_20260817T192552Z,723,20224302,486361914342772
486361937000000,20244,-0.934,-0.269,-0.118,-4.39,45.77,12.75,1,imu01,fusion_20260817T192552Z,724,20244298,486361934338010
486361968000000,20264,-0.897,-0.301,-0.187,6.85,93.48,12.56,1,imu01,fusion_20260817T192552Z,725,20264302,486361954341247
486361984000000,20284,-0.948,-0.283,-0.135,5.0,93.12,14.25,1,imu01,fusion_20260817T192552Z,726,20284298,486361974336484
486362000000000,20304,-0.902,-0.313,-0.205,19.97,75.39,11.04,1,imu01,fusion_20260817T192552Z,727,20304302,486361994339722
486362015000000,20324,-1.039,-0.298,-0.181,23.67,45.77,0.12,1,imu01,fusion_20260817T192552Z,728,20324298,486362014334959
486362046000000,20344,-0.992,-0.282,-0.166,24.47,-9.87,-18.31,1,imu01,fusion_20260817T192552Z,729,20344302,486362034338197
486362062000000,20364,-0.982,-0.309,-0.139,20.42,-11.29,-24.51,1,imu01,fusion_20260817T192552Z,730,20364298,486362054333434
486362078000000,20384,-0.945,-0.315,-0.124,7.15,-19.66,-19.12,1,imu01,fusion_20260817T192552Z,731,20384302,486362074336672
486362109000000,20404,-0.935,-0.306,-0.18,0.96,4.03,-11.43,1,imu01,fusion_20260817T192552Z,732,20404298,486362094331909
486362125000000,20424,-0.957,-0.301,-0.211,-0.21,17.12,-6.82,1,imu01,fusion_20260817T192552Z,733,20424302,486362114335146
486362140000000,20444,-0.968,-0.293,-0.218,4.92,21.87,-4.02,1,imu01,fusion_20260817T192552Z,734,20444298,486362134330384
486362156000000,20464,-0.928,-0.289,-0.194,4.62,30.94,3.64,1,imu01,fusion_20260817T192552Z,735,20464302,486362154333621
486362187000000,20484,-0.915,-0.29,-0.205,2.49,40.25,12.36,1,imu01,fusion_20260817T192552Z,736,20484298,486362174328859
486362203000000,20504,-0.913,-0.278,-0.208,1.31,21.67,10.43,1,imu01,fusion_20260817T192552Z,737,20504302,486362194332096
486362218000000,20524,-0.9,-0.271,-0.231,1.79,12.41,15.05,1,imu01,fusion_20260817T192552Z,738,20524298,486362214327334
486362250000000,20544,-0.947,-0.276,-0.198,2.38,-0.49,8.4,1,imu01,fusion_20260817T192552Z,739,20544302,486362234330571
486362265000000,20564,-0.899,-0.305,-0.199,0.17,-4.54,12.38,1,imu01,fusion_20260817T192552Z,740,20564298,486362254325808
486362281000000,20584,-0.873,-0.32,-0.202,-9.3,11.59,27.79,1,imu01,fusion_20260817T192552Z,741,20584302,486362274329046
486362296000000,20604,-0.918,-0.288,-0.224,-7.48,21.06,26.85,1,imu01,fusion_20260817T192552Z,742,20604298,486362294324283
486362328000000,20624,-0.913,-0.28,-0.232,-0.59,15.65,17.46,1,imu01,fusion_20260817T192552Z,743,20624302,486362314327521
486362343000000,20644,-0.916,-0.292,-0.227,0.34,23.79,11.37,1,imu01,fusion_20260817T192552Z,744,20644298,486362334322758
486362359000000,20664,-0.944,-0.302,-0.217,-5.42,32.19,13.24,1,imu01,fusion_20260817T192552Z,745,20664302,486362354325995
486362375000000,20684,-0.972,-0.298,-0.263,-3.03,18.51,7.33,1,imu01,fusion_20260817T192552Z,746,20684298,486362374321233
486362406000000,20704,-0.963,-0.299,-0.274,-2.61,15.03,5.67,1,imu01,fusion_20260817T192552Z,747,20704302,486362394324470
486362421000000,20724,-0.944,-0.272,-0.282,1.05,7.93,-1.79,1,imu01,fusion_20260817T192552Z,748,20724298,486362414319708
486362437000000,20744,-1.043,-0.197,-0.189,-14.28,-6.65,-12.25,1,imu01,fusion_20260817T192552Z,749,20744302,486362434322945
486362468000000,20764,-0.913,-0.344,-0.311,-2.83,12.53,1.68,1,imu01,fusion_20260817T192552Z,750,20764298,486362454318183
486362484000000,20784,-0.944,-0.293,-0.315,-9.89,11.41,-6.6,1,imu01,fusion_20260817T192552Z,751,20784302,486362474321420
486362500000000,20804,-0.927,-0.249,-0.314,-2.63,6.29,5.33,1,imu01,fusion_20260817T192552Z,752,20804298,486362494316658
486362515000000,20824,-0.885,-0.214,-0.294,-5.83,14.06,13.69,1,imu01,fusion_20260817T192552Z,753,20824302,486362514319895
486362546000000,20844,-0.884,-0.199,-0.264,-7.48,23.05,5.33,1,imu01,fusion_20260817T192552Z,754,20844298,486362534315132
486362562000000,20864,-0.809,-0.167,-0.283,-5.58,12.62,6.64,1,imu01,fusion_20260817T192552Z,755,20864302,486362554318370
486362578000000,20884,-0.827,-0.164,-0.28,-3.55,9.03,13.9,1,imu01,fusion_20260817T192552Z,756,20884298,486362574313607
486362609000000,20904,-0.83,-0.159,-0.339,6.79,1.07,14.59,1,imu01,fusion_20260817T192552Z,757,20904302,486362594316844
486362625000000,20924,-0.899,-0.178,-0.34,14.37,-12.82,9.08,1,imu01,fusion_20260817T192552Z,758,20924298,486362614312082
486362640000000,20944,-0.891,-0.241,-0.325,15.41,-18.64,9.07,1,imu01,fusion_20260817T192552Z,759,20944302,486362634315319
486362656000000,20964,-0.851,-0.347,-0.276,3.93,-23.91,4.39,1,imu01,fusion_20260817T192552Z,760,20964298,486362654310557
486362687000000,20984,-0.974,-0.227,-0.259,-2.77,6.61,-0.71,1,imu01,fusion_20260817T192552Z,761,20984302,486362674313794
486362703000000,21004,-0.935,-0.252,-0.283,1.83,7.96,-0.73,1,imu01,fusion_20260817T192552Z,762,21004298,486362694309032
486362718000000,21024,-0.867,-0.188,-0.3,-2.24,17.35,5.52,1,imu01,fusion_20260817T192552Z,763,21024302,486362714312269
486362750000000,21044,-0.945,-0.164,-0.288,-2.56,20.6,-6.88,1,imu01,fusion_20260817T192552Z,764,21044298,486362734307507
486362765000000,21064,-0.925,-0.181,-0.293,5.81,6.48,-4.65,1,imu01,fusion_20260817T192552Z,765,21064302,486362754310744
486362781000000,21084,-0.951,-0.145,-0.273,-8.96,-16.22,-3.31,1,imu01,fusion_20260817T192552Z,766,21084298,486362774305982
486362796000000,21104,-0.833,-0.207,-0.265,-1.57,-3.68,2.3,1,imu01,fusion_20260817T192552Z,767,21104302,486362794309219
486362828000000,21124,-0.855,-0.203,-0.284,-2.19,5.96,4.72,1,imu01,fusion_20260817T192552Z,768,21124298,486362814304456
486362843000000,21144,-0.928,-0.208,-0.315,2.13,6.94,5.56,1,imu01,fusion_20260817T192552Z,769,21144302,486362834307694
486362859000000,21164,-0.896,-0.202,-0.282,10.07,2.1,-5.22,1,imu01,fusion_20260817T192552Z,770,21164298,486362854302931
486362875000000,21184,-0.978,-0.228,-0.273,8.23,2.32,-12.07,1,imu01,fusion_20260817T192552Z,771,21184302,486362874306168
486362906000000,21204,-0.933,-0.252,-0.273,4.65,-1.95,-10.08,1,imu01,fusion_20260817T192552Z,772,21204298,486362894301406
486362921000000,21224,-0.985,-0.239,-0.31,2.52,-10.13,-5.57,1,imu01,fusion_20260817T192552Z,773,21224302,486362914304643
486362937000000,21244,-0.966,-0.252,-0.316,8.82,-22.03,-8.58,1,imu01,fusion_20260817T192552Z,774,21244298,486362934299881
486362968000000,21264,-0.949,-0.249,-0.316,13.27,-32.78,-15.75,1,imu01,fusion_20260817T192552Z,775,21264302,486362954303118
486362984000000,21284,-0.886,-0.256,-0.298,10.96,-19.04,-15.33,1,imu01,fusion_20260817T192552Z,776,21284298,486362974298356
486363000000000,21304,-0.884,-0.26,-0.219,5.23,8.32,-5.8,1,imu01,fusion_20260817T192552Z,777,21304302,486362994301593
486363015000000,21324,-0.891,-0.263,-0.288,-1.28,18.94,2.52,1,imu01,fusion_20260817T192552Z,778,21324298,486363014296831
486363046000000,21344,-0.932,-0.245,-0.315,0.22,9.19,5.0,1,imu01,fusion_20260817T192552Z,779,21344302,486363034300068
486363062000000,21364,-0.953,-0.237,-0.289,8.59,-26.23,-3.32,1,imu01,fusion_20260817T192552Z,780,21364298,486363054295305
486363078000000,21384,-0.868,-0.232,-0.258,7.07,-17.49,-9.54,1,imu01,fusion_20260817T192552Z,781,21384302,486363074298543
486363109000000,21404,-0.844,-0.249,-0.263,1.81,1.41,-3.11,1,imu01,fusion_20260817T192552Z,782,21404298,486363094293780
486363125000000,21424,-0.913,-0.26,-0.257,1.11,18.35,3.98,1,imu01,fusion_20260817T192552Z,783,21424302,486363114297018
486363140000000,21444,-0.909,-0.241,-0.27,1.72,7.91,4.54,1,imu01,fusion_20260817T192552Z,784,21444298,486363134292255
486363156000000,21464,-0.929,-0.24,-0.271,2.91,1.51,3.33,1,imu01,fusion_20260817T192552Z,785,21464302,486363154295492
486363187000000,21484,-0.916,-0.255,-0.267,4.91,-5.59,-1.14,1,imu01,fusion_20260817T192552Z,786,21484298,486363174290730
486363203000000,21504,-0.937,-0.279,-0.237,5.56,-3.68,-1.6,1,imu01,fusion_20260817T192552Z,787,21504302,486363194293967
486363218000000,21524,-0.922,-0.288,-0.247,1.04,-4.16,-0.98,1,imu01,fusion_20260817T192552Z,788,21524298,486363214289205
486363250000000,21544,-0.937,-0.283,-0.274,-0.61,3.6,-1.24,1,imu01,fusion_20260817T192552Z,789,21544302,486363234292442
486363265000000,21564,-0.945,-0.298,-0.262,-1.31,-0.3,0.4,1,imu01,fusion_20260817T192552Z,790,21564298,486363254287680
486363281000000,21584,-0.937,-0.279,-0.251,-1.41,-1.9,-0.48,1,imu01,fusion_20260817T192552Z,791,21584302,486363274290917
486363296000000,21604,-0.933,-0.276,-0.265,-3.07,-2.33,0.38,1,imu01,fusion_20260817T192552Z,792,21604298,486363294286154
486363328000000,21624,-0.947,-0.277,-0.26,-4.57,-0.7,0.63,1,imu01,fusion_20260817T192552Z,793,21624302,486363314289392
486363343000000,21644,-0.946,-0.281,-0.29,-5.87,5.25,2.76,1,imu01,fusion_20260817T192552Z,794,21644298,486363334284629
486363359000000,21664,-0.954,-0.242,-0.291,-5.12,-0.71,1.25,1,imu01,fusion_20260817T192552Z,795,21664302,486363354287867
486363375000000,21684,-0.933,-0.229,-0.276,-1.93,-13.76,-1.71,1,imu01,fusion_20260817T192552Z,796,21684298,486363374283104
486363406000000,21704,-0.912,-0.233,-0.26,-1.42,-6.3,3.14,1,imu01,fusion_20260817T192552Z,797,21704302,486363394286342
486363421000000,21724,-0.919,-0.231,-0.269,-6.41,0.03,7.44,1,imu01,fusion_20260817T192552Z,798,21724298,486363414281579
486363437000000,21744,-0.905,-0.233,-0.263,-5.02,7.85,10.37,1,imu01,fusion_20260817T192552Z,799,21744302,486363434284816
486363468000000,21764,-0.935,-0.249,-0.258,-8.8,5.86,10.02,1,imu01,fusion_20260817T192552Z,800,21764298,486363454280054
486363484000000,21784,-0.957,-0.229,-0.284,-6.09,4.54,5.37,1,imu01,fusion_20260817T192552Z,801,21784302,486363474283291
486363500000000,21804,-0.957,-0.215,-0.287,-2.17,-5.01,2.0,1,imu01,fusion_20260817T192552Z,802,21804298,486363494278529
486363515000000,21824,-0.908,-0.209,-0.288,3.63,-9.41,-3.63,1,imu01,fusion_20260817T192552Z,803,21824302,486363514281766
486363546000000,21844,-0.945,-0.236,-0.253,2.8,-7.81,-11.62,1,imu01,fusion_20260817T192552Z,804,21844298,486363534277004
486363562000000,21864,-0.937,-0.249,-0.229,-2.6,-4.82,-3.74,1,imu01,fusion_20260817T192552Z,805,21864302,486363554280241
486363578000000,21884,-0.863,-0.271,-0.253,-8.36,-0.6,3.91,1,imu01,fusion_20260817T192552Z,806,21884298,486363574275478
486363609000000,21904,-0.949,-0.251,-0.242,-11.75,-5.22,10.2,1,imu01,fusion_20260817T192552Z,807,21904302,486363594278716
486363625000000,21924,-0.929,-0.233,-0.27,-9.45,-5.8,6.67,1,imu01,fusion_20260817T192552Z,808,21924298,486363614273953
486363640000000,21944,-0.9,-0.219,-0.266,-6.65,2.35,0.59,1,imu01,fusion_20260817T192552Z,809,21944302,486363634277191
486363656000000,21964,-0.946,-0.21,-0.276,-5.93,8.61,-2.59,1,imu01,fusion_20260817T192552Z,810,21964298,486363654272428
486363687000000,21984,-0.923,-0.202,-0.268,-5.72,9.04,-0.79,1,imu01,fusion_20260817T192552Z,811,21984302,486363674275665
486363703000000,22004,-0.916,-0.202,-0.257,-7.21,1.21,0.14,1,imu01,fusion_20260817T192552Z,812,22004298,486363694270903
486363718000000,22024,-0.907,-0.223,-0.26,-6.8,3.09,1.46,1,imu01,fusion_20260817T192552Z,813,22024302,486363714274140
486363750000000,22044,-0.914,-0.22,-0.24,-6.88,-5.06,-2.06,1,imu01,fusion_20260817T192552Z,814,22044298,486363734269378
486363765000000,22064,-0.887,-0.236,-0.273,-3.54,-9.55,-7.31,1,imu01,fusion_20260817T192552Z,815,22064302,486363754272615
486363781000000,22084,-0.858,-0.26,-0.264,-0.61,-6.08,-9.53,1,imu01,fusion_20260817T192552Z,816,22084298,486363774267853
486363796000000,22104,-0.896,-0.255,-0.242,-6.58,1.96,-4.17,1,imu01,fusion_20260817T192552Z,817,22104302,486363794271090
486363828000000,22124,-0.906,-0.245,-0.252,-12.54,3.05,3.72,1,imu01,fusion_20260817T192552Z,818,22124298,486363814266328
486363843000000,22144,-0.925,-0.22,-0.271,-14.77,-1.32,5.3,1,imu01,fusion_20260817T192552Z,819,22144302,486363834269565
486363859000000,22164,-0.859,-0.223,-0.264,-12.3,1.78,-0.07,1,imu01,fusion_20260817T192552Z,820,22164298,486363854264802
486363875000000,22184,-0.904,-0.229,-0.243,-15.61,0.09,1.3,1,imu01,fusion_20260817T192552Z,821,22184302,486363874268040
486363906000000,22204,-0.881,-0.214,-0.286,-14.03,0.51,1.39,1,imu01,fusion_20260817T192552Z,822,22204298,486363894263277
486363921000000,22224,-0.901,-0.203,-0.282,-11.89,-7.71,2.14,1,imu01,fusion_20260817T192552Z,823,22224302,486363914266514
486363937000000,22244,-0.911,-0.213,-0.262,-11.45,-8.26,2.85,1,imu01,fusion_20260817T192552Z,824,22244298,486363934261752
486363968000000,22264,-0.893,-0.236,-0.253,-14.06,-1.1,3.07,1,imu01,fusion_20260817T192552Z,825,22264302,486363954264989
486363984000000,22284,-0.919,-0.249,-0.261,-14.99,6.16,2.67,1,imu01,fusion_20260817T192552Z,826,22284298,486363974260227
486364000000000,22304,-0.937,-0.247,-0.284,-12.38,8.26,0.85,1,imu01,fusion_20260817T192552Z,827,22304302,486363994263464
486364015000000,22324,-0.902,-0.247,-0.291,-9.55,9.29,-2.28,1,imu01,fusion_20260817T192552Z,828,22324298,486364014258702
486364046000000,22344,-0.891,-0.231,-0.253,-10.31,9.2,-1.82,1,imu01,fusion_20260817T192552Z,829,22344302,486364034261939
486364062000000,22364,-0.881,-0.193,-0.282,-11.18,7.71,-0.35,1,imu01,fusion_20260817T192552Z,830,22364298,486364054257177
486364078000000,22384,-0.921,-0.203,-0.297,-7.65,-2.59,0.21,1,imu01,fusion_20260817T192552Z,831,22384302,486364074260414
486364109000000,22404,-0.902,-0.221,-0.288,-5.7,-7.62,-4.33,1,imu01,fusion_20260817T192552Z,832,22404298,486364094255652
486364125000000,22424,-0.924,-0.26,-0.294,-2.65,-3.6,-4.28,1,imu01,fusion_20260817T192552Z,833,22424302,486364114258889
486364140000000,22444,-0.965,-0.262,-0.285,-4.16,-7.48,-6.99,1,imu01,fusion_20260817T192552Z,834,22444298,486364134254126
486364156000000,22464,-0.944,-0.268,-0.284,-7.25,-6.27,-7.25,1,imu01,fusion_20260817T192552Z,835,22464302,486364154257364
486364187000000,22484,-0.918,-0.273,-0.275,-8.65,-3.66,-9.42,1,imu01,fusion_20260817T192552Z,836,22484298,486364174252601
486364203000000,22504,-0.946,-0.274,-0.283,-12.23,-2.36,-8.68,1,imu01,fusion_20260817T192552Z,837,22504302,486364194255838
486364218000000,22524,-0.947,-0.246,-0.327,-13.44,-3.75,-6.79,1,imu01,fusion_20260817T192552Z,838,22524298,486364214251076
486364250000000,22544,-0.959,-0.238,-0.322,-10.76,-3.48,-0.31,1,imu01,fusion_20260817T192552Z,839,22544302,486364234254313
486364265000000,22564,-0.927,-0.242,-0.317,-11.64,2.44,-0.54,1,imu01,fusion_20260817T192552Z,840,22564298,486364254249551
486364281000000,22584,-0.931,-0.238,-0.313,-11.39,-5.25,-4.07,1,imu01,fusion_20260817T192552Z,841,22584302,486364274252788
486364296000000,22604,-0.944,-0.221,-0.326,-11.08,-1.63,0.22,1,imu01,fusion_20260817T192552Z,842,22604298,486364294248026
486364328000000,22624,-0.947,-0.212,-0.322,-8.16,-9.44,-1.3,1,imu01,fusion_20260817T192552Z,843,22624302,486364314251263
486364343000000,22644,-0.973,-0.23,-0.312,-9.38,-0.88,0.17,1,imu01,fusion_20260817T192552Z,844,22644298,486364334246501
486364359000000,22664,-0.999,-0.227,-0.331,-7.8,-5.76,-2.02,1,imu01,fusion_20260817T192552Z,845,22664302,486364354249738
486364390000000,22684,-1.007,-0.22,-0.339,-2.37,-12.31,-4.6,1,imu01,fusion_20260817T192552Z,846,22684298,486364374244975
486364406000000,22704,-0.952,-0.237,-0.325,1.79,-13.18,-6.98,1,imu01,fusion_20260817T192552Z,847,22704302,486364394248213
486364421000000,22724,-0.99,-0.222,-0.307,2.36,-4.01,-2.75,1,imu01,fusion_20260817T192552Z,848,22724298,486364414243450
486364437000000,22744,-0.963,-0.225,-0.297,5.46,2.11,-2.49,1,imu01,fusion_20260817T192552Z,849,22744302,486364434246688
486364468000000,22764,-0.941,-0.244,-0.367,4.49,4.63,0.98,1,imu01,fusion_20260817T192552Z,850,22764298,486364454241925
486364484000000,22784,-0.948,-0.191,-0.326,11.2,4.44,-0.69,1,imu01,fusion_20260817T192552Z,851,22784302,486364474245162
486364500000000,22804,-0.945,-0.179,-0.307,15.08,2.91,-2.64,1,imu01,fusion_20260817T192552Z,852,22804298,486364494240400
486364515000000,22824,-0.914,-0.194,-0.277,14.25,7.47,-0.05,1,imu01,fusion_20260817T192552Z,853,22824302,486364514243637
486364546000000,22844,-0.888,-0.199,-0.267,13.75,6.07,-0.41,1,imu01,fusion_20260817T192552Z,854,22844298,486364534238875
486364562000000,22864,-0.92,-0.204,-0.306,13.31,8.72,0.6,1,imu01,fusion_20260817T192552Z,855,22864302,486364554242112
486364578000000,22884,-0.918,-0.187,-0.305,16.67,17.65,3.22,1,imu01,fusion_20260817T192552Z,856,22884298,486364574237350
486364609000000,22904,-0.911,-0.193,-0.311,19.14,16.0,3.1,1,imu01,fusion_20260817T192552Z,857,22904302,486364594240587
486364625000000,22924,-0.897,-0.204,-0.316,27.01,6.55,-1.4,1,imu01,fusion_20260817T192552Z,858,22924298,486364614235825
486364640000000,22944,-0.879,-0.239,-0.27,32.25,6.52,-4.05,1,imu01,fusion_20260817T192552Z,859,22944302,486364634239062
486364656000000,22964,-0.884,-0.248,-0.262,29.71,6.65,-2.31,1,imu01,fusion_20260817T192552Z,860,22964298,486364654234299
486364687000000,22984,-0.881,-0.237,-0.276,31.68,8.82,-0.8,1,imu01,fusion_20260817T192552Z,861,22984302,486364674237537
486364703000000,23004,-0.893,-0.273,-0.271,32.94,12.75,-1.43,1,imu01,fusion_20260817T192552Z,862,23004298,486364694232774
486364718000000,23024,-0.89,-0.29,-0.211,26.45,13.01,-6.05,1,imu01,fusion_20260817T192552Z,863,23024302,486364714236012
486364750000000,23044,-0.869,-0.27,-0.241,20.67,11.8,-9.67,1,imu01,fusion_20260817T192552Z,864,23044298,486364734231249
486364765000000,23064,-0.846,-0.276,-0.279,18.01,12.31,-6.09,1,imu01,fusion_20260817T192552Z,865,23064302,486364754234486
486364781000000,23084,-0.873,-0.3,-0.236,15.52,16.12,-0.06,1,imu01,fusion_20260817T192552Z,866,23084298,486364774229724
486364796000000,23104,-0.844,-0.328,-0.21,2.7,18.53,-1.69,1,imu01,fusion_20260817T192552Z,867,23104302,486364794232961
486364828000000,23124,-0.92,-0.322,-0.266,-5.69,14.93,-3.2,1,imu01,fusion_20260817T192552Z,868,23124298,486364814228199
486364843000000,23144,-0.92,-0.311,-0.305,-3.12,13.12,-3.96,1,imu01,fusion_20260817T192552Z,869,23144302,486364834231436
486364859000000,23164,-0.847,-0.296,-0.293,-4.76,12.92,-4.2,1,imu01,fusion_20260817T192552Z,870,23164298,486364854226674
486364875000000,23184,-0.852,-0.291,-0.311,-9.36,10.82,0.76,1,imu01,fusion_20260817T192552Z,871,23184302,486364874229911
486364906000000,23204,-0.863,-0.229,-0.396,-9.9,-3.58,1.75,1,imu01,fusion_20260817T192552Z,872,23204298,486364894225148
486364921000000,23224,-0.866,-0.25,-0.34,0.75,12.3,0.39,1,imu01,fusion_20260817T192552Z,873,23224302,486364914228386
486364937000000,23244,-1.012,-0.235,-0.369,3.09,14.85,-1.66,1,imu01,fusion_20260817T192552Z,874,23244298,486364934223623
486364968000000,23264,-0.987,-0.245,-0.372,3.7,7.31,-12.87,1,imu01,fusion_20260817T192552Z,875,23264302,486364954226861
486364984000000,23284,-0.964,-0.261,-0.368,5.61,8.37,-12.68,1,imu01,fusion_20260817T192552Z,876,23284298,486364974222098
486365000000000,23304,-0.908,-0.248,-0.374,6.04,7.22,-6.67,1,imu01,fusion_20260817T192552Z,877,23304302,486364994225335
486365015000000,23324,-0.912,-0.284,-0.34,4.57,10.19,-2.18,1,imu01,fusion_20260817T192552Z,878,23324298,486365014220573
486365046000000,23344,-0.932,-0.315,-0.311,-3.61,11.86,0.59,1,imu01,fusion_20260817T192552Z,879,23344302,486365034223810
486365062000000,23364,-0.946,-0.3,-0.336,-10.41,1.39,-4.74,1,imu01,fusion_20260817T192552Z,880,23364298,486365054219048
486365078000000,23384,-0.864,-0.295,-0.335,-12.71,1.83,-11.05,1,imu01,fusion_20260817T192552Z,881,23384302,486365074222285
486365109000000,23404,-0.874,-0.284,-0.295,-18.8,5.53,-6.37,1,imu01,fusion_20260817T192552Z,882,23404298,486365094217523
486365125000000,23424,-0.852,-0.262,-0.311,-24.55,7.09,-2.15,1,imu01,fusion_20260817T192552Z,883,23424302,486365114220760
486365140000000,23444,-0.886,-0.261,-0.378,-24.14,8.21,-1.89,1,imu01,fusion_20260817T192552Z,884,23444298,486365134215998
486365156000000,23464,-0.953,-0.266,-0.402,-19.82,2.73,-3.94,1,imu01,fusion_20260817T192552Z,885,23464302,486365154219235
486365187000000,23484,-0.929,-0.296,-0.407,-10.95,-0.1,-2.76,1,imu01,fusion_20260817T192552Z,886,23484298,486365174214472
486365203000000,23504,-0.883,-0.283,-0.369,-14.74,-0.56,-3.45,1,imu01,fusion_20260817T192552Z,887,23504302,486365194217710
486365218000000,23524,-0.832,-0.287,-0.356,-3.96,13.51,-0.12,1,imu01,fusion_20260817T192552Z,888,23524298,486365214212947
486365250000000,23544,-0.882,-0.217,-0.39,-12.95,-2.49,-1.74,1,imu01,fusion_20260817T192552Z,889,23544302,486365234216185
486365265000000,23564,-0.796,-0.252,-0.357,-11.62,8.45,-1.14,1,imu01,fusion_20260817T192552Z,890,23564298,486365254211422
486365281000000,23584,-0.852,-0.263,-0.349,-12.91,5.38,4.46,1,imu01,fusion_20260817T192552Z,891,23584302,486365274214659
486365296000000,23604,-0.93,-0.244,-0.416,-6.29,-0.55,4.55,1,imu01,fusion_20260817T192552Z,892,23604298,486365294209897
486365328000000,23624,-0.958,-0.286,-0.363,-2.24,-3.28,2.14,1,imu01,fusion_20260817T192552Z,893,23624302,486365314213134
486365343000000,23644,-0.884,-0.296,-0.358,-6.87,8.97,-1.66,1,imu01,fusion_20260817T192552Z,894,23644298,486365334208372
486365359000000,23664,-0.82,-0.271,-0.328,-10.61,16.73,-5.54,1,imu01,fusion_20260817T192552Z,895,23664302,486365354211609
486365390000000,23684,-0.777,-0.238,-0.322,-13.94,26.16,-4.18,1,imu01,fusion_20260817T192552Z,896,23684298,486365374206847
486365406000000,23704,-0.72,-0.231,-0.328,-13.06,27.74,-2.97,1,imu01,fusion_20260817T192552Z,897,23704302,486365394210084
486365421000000,23724,-0.73,-0.222,-0.334,-14.67,25.53,-2.78,1,imu01,fusion_20260817T192552Z,898,23724298,486365414205322
486365437000000,23744,-0.733,-0.203,-0.401,-9.79,18.4,1.02,1,imu01,fusion_20260817T192552Z,899,23744302,486365434208559
486365468000000,23764,-0.71,-0.217,-0.416,-7.47,20.28,7.66,1,imu01,fusion_20260817T192552Z,900,23764298,486365454203796
486365484000000,23784,-0.856,-0.241,-0.381,-6.82,20.97,5.89,1,imu01,fusion_20260817T192552Z,901,23784302,486365474207034
486365500000000,23804,-0.889,-0.283,-0.4,-9.57,24.77,-3.44,1,imu01,fusion_20260817T192552Z,902,23804298,486365494202271
486365531000000,23824,-0.809,-0.24,-0.447,-9.49,24.53,-7.86,1,imu01,fusion_20260817T192552Z,903,23824302,486365514205508
486365546000000,23844,-0.751,-0.251,-0.408,-10.53,31.1,0.2,1,imu01,fusion_20260817T192552Z,904,23844298,486365534200746
486365562000000,23864,-0.789,-0.258,-0.428,-17.39,36.53,13.95,1,imu01,fusion_20260817T192552Z,905,23864302,486365554203983
486365578000000,23884,-0.898,-0.243,-0.509,-16.14,25.7,11.39,1,imu01,fusion_20260817T192552Z,906,23884298,486365574199221
486365609000000,23904,-0.924,-0.251,-0.504,-6.54,27.83,2.59,1,imu01,fusion_20260817T192552Z,907,23904302,486365594202458
486365625000000,23924,-0.92,-0.292,-0.438,-4.1,19.06,-3.62,1,imu01,fusion_20260817T192552Z,908,23924298,486365614197696
486365640000000,23944,-0.867,-0.274,-0.414,-9.81,13.2,-1.46,1,imu01,fusion_20260817T192552Z,909,23944302,486365634200933
486365656000000,23964,-0.836,-0.281,-0.39,-18.18,8.66,4.31,1,imu01,fusion_20260817T192552Z,910,23964298,486365654196171
486365687000000,23984,-0.813,-0.277,-0.459,-23.48,20.73,10.15,1,imu01,fusion_20260817T192552Z,911,23984302,486365674199408
486365703000000,24004,-0.867,-0.239,-0.563,-20.03,30.91,13.75,1,imu01,fusion_20260817T192552Z,912,24004298,486365694194645
486365718000000,24024,-0.897,-0.221,-0.596,-7.9,18.81,7.2,1,imu01,fusion_20260817T192552Z,913,24024302,486365714197883
486365734000000,24044,-0.866,-0.245,-0.533,-6.06,19.09,5.81,1,imu01,fusion_20260817T192552Z,914,24044298,486365734193120
486365765000000,24064,-0.847,-0.219,-0.572,-7.82,11.09,6.95,1,imu01,fusion_20260817T192552Z,915,24064302,486365754196358
486365781000000,24084,-0.826,-0.203,-0.614,1.49,-4.0,1.56,1,imu01,fusion_20260817T192552Z,916,24084298,486365774191595
486365796000000,24104,-0.896,-0.24,-0.559,7.42,-8.06,1.25,1,imu01,fusion_20260817T192552Z,917,24104302,486365794194832
486365828000000,24124,-0.923,-0.304,-0.493,4.49,-9.65,2.07,1,imu01,fusion_20260817T192552Z,918,24124298,486365814190070
486365843000000,24144,-0.954,-0.36,-0.445,-5.43,-0.23,6.77,1,imu01,fusion_20260817T192552Z,919,24144302,486365834193307
486365859000000,24164,-0.868,-0.314,-0.506,-15.35,10.7,9.0,1,imu01,fusion_20260817T192552Z,920,24164298,486365854188545
486365890000000,24184,-0.847,-0.21,-0.624,-14.42,25.47,18.76,1,imu01,fusion_20260817T192552Z,921,24184302,486365874191782
486365906000000,24204,-0.876,-0.184,-0.582,0.99,27.59,17.17,1,imu01,fusion_20260817T192552Z,922,24204298,486365894187020
486365921000000,24224,-0.833,-0.234,-0.513,4.09,12.74,6.75,1,imu01,fusion_20260817T192552Z,923,24224302,486365914190257
486365937000000,24244,-0.795,-0.246,-0.485,-6.8,5.6,-0.95,1,imu01,fusion_20260817T192552Z,924,24244298,486365934185495
486365968000000,24264,-0.77,-0.254,-0.553,-17.33,-0.52,-8.65,1,imu01,fusion_20260817T192552Z,925,24264302,486365954188732
486365984000000,24284,-0.808,-0.158,-0.68,-16.73,6.11,-9.46,1,imu01,fusion_20260817T192552Z,926,24284298,486365974183969
486366000000000,24304,-0.775,-0.041,-0.83,8.95,-3.2,-14.88,1,imu01,fusion_20260817T192552Z,927,24304302,486365994187207
486366015000000,24324,-0.739,-0.064,-0.722,36.0,-6.77,-18.21,1,imu01,fusion_20260817T192552Z,928,24324298,486366014182444
486366046000000,24344,-0.748,-0.176,-0.53,33.51,0.72,-8.69,1,imu01,fusion_20260817T192552Z,929,24344302,486366034185682
486366062000000,24364,-0.645,-0.194,-0.409,10.73,0.67,10.34,1,imu01,fusion_20260817T192552Z,930,24364298,486366054180919
486366078000000,24384,-0.704,-0.115,-0.486,-14.39,6.92,32.91,1,imu01,fusion_20260817T192552Z,931,24384302,486366074184156
486366109000000,24404,-0.94,-0.055,-0.699,-11.93,8.43,40.8,1,imu01,fusion_20260817T192552Z,932,24404298,486366094179394
486366125000000,24424,-1.157,-0.14,-0.679,-3.38,-5.1,23.72,1,imu01,fusion_20260817T192552Z,933,24424302,486366114182631
486366140000000,24444,-1.212,-0.218,-0.615,-1.55,-6.59,0.97,1,imu01,fusion_20260817T192552Z,934,24444298,486366134177869
486366156000000,24464,-1.046,-0.266,-0.572,0.91,-17.24,-26.15,1,imu01,fusion_20260817T192552Z,935,24464302,486366154181106
486366187000000,24484,-0.763,-0.274,-0.489,-5.62,-9.42,-35.98,1,imu01,fusion_20260817T192552Z,936,24484298,486366174176344
486366203000000,24504,-0.611,-0.212,-0.473,-17.47,5.56,-21.26,1,imu01,fusion_20260817T192552Z,937,24504302,486366194179581
486366218000000,24524,-0.624,-0.146,-0.543,-21.72,15.58,-3.18,1,imu01,fusion_20260817T192552Z,938,24524298,486366214174818
486366234000000,24544,-0.709,-0.122,-0.643,-13.59,13.67,2.3,1,imu01,fusion_20260817T192552Z,939,24544302,486366234178056
486366265000000,24564,-0.808,-0.155,-0.718,0.52,1.71,-1.05,1,imu01,fusion_20260817T192552Z,940,24564298,486366254173293
486366281000000,24584,-0.798,-0.198,-0.698,17.32,3.61,-6.85,1,imu01,fusion_20260817T192552Z,941,24584302,486366274176531
486366296000000,24604,-0.852,-0.223,-0.637,23.01,2.77,-7.34,1,imu01,fusion_20260817T192552Z,942,24604298,486366294171768
486366328000000,24624,-0.841,-0.264,-0.594,21.88,7.73,-6.31,1,imu01,fusion_20260817T192552Z,943,24624302,486366314175005
486366343000000,24644,-0.853,-0.251,-0.547,12.98,7.19,-4.06,1,imu01,fusion_20260817T192552Z,944,24644298,486366334170243
486366359000000,24664,-0.83,-0.209,-0.574,7.23,4.01,-8.35,1,imu01,fusion_20260817T192552Z,945,24664302,486366354173480
486366375000000,24684,-0.782,-0.191,-0.547,1.79,11.09,-7.88,1,imu01,fusion_20260817T192552Z,946,24684298,486366374168718
486366406000000,24704,-0.673,-0.205,-0.528,-8.59,7.1,0.47,1,imu01,fusion_20260817T192552Z,947,24704302,486366394171955
486366421000000,24724,-0.328,-0.161,-0.808,-4.27,-14.54,-11.67,1,imu01,fusion_20260817T192552Z,948,24724298,486366414167193
486366437000000,24744,-0.776,-0.255,-0.593,-7.36,-27.65,10.87,1,imu01,fusion_20260817T192552Z,949,24744302,486366434170430
486366468000000,24764,-1.027,-0.298,-0.549,-32.77,4.53,40.97,1,imu01,fusion_20260817T192552Z,950,24764298,486366454165668
486366484000000,24784,-1.157,-0.185,-0.677,-34.54,11.99,25.18,1,imu01,fusion_20260817T192552Z,951,24784302,486366474168905
486366500000000,24804,-1.007,-0.167,-0.757,-3.62,0.52,-9.2,1,imu01,fusion_20260817T192552Z,952,24804298,486366494164142
486366531000000,24824,-0.906,-0.19,-0.559,16.26,16.54,-17.96,1,imu01,fusion_20260817T192552Z,953,24824302,486366514167380
486366546000000,24844,-0.729,-0.186,-0.597,15.66,23.89,-8.48,1,imu01,fusion_20260817T192552Z,954,24844298,486366534162617
486366562000000,24864,-0.773,-0.176,-0.541,15.6,32.7,-3.46,1,imu01,fusion_20260817T192552Z,955,24864302,486366554165855
486366578000000,24884,-0.755,-0.205,-0.533,6.39,31.32,0.24,1,imu01,fusion_20260817T192552Z,956,24884298,486366574161092
486366609000000,24904,-0.625,-0.218,-0.611,1.62,19.87,-2.6,1,imu01,fusion_20260817T192552Z,957,24904302,486366594164329
486366625000000,24924,-0.676,-0.206,-0.575,-3.51,13.29,-4.62,1,imu01,fusion_20260817T192552Z,958,24924298,486366614159567
486366640000000,24944,-0.722,-0.187,-0.576,-1.63,-1.1,-4.92,1,imu01,fusion_20260817T192552Z,959,24944302,486366634162804
486366656000000,24964,-0.766,-0.176,-0.553,4.13,-15.56,-11.13,1,imu01,fusion_20260817T192552Z,960,24964298,486366654158042
486366687000000,24984,-0.728,-0.183,-0.525,6.69,-2.67,-13.87,1,imu01,fusion_20260817T192552Z,961,24984302,486366674161279
486366703000000,25004,-0.712,-0.138,-0.544,7.07,-2.04,-9.99,1,imu01,fusion_20260817T192552Z,962,25004298,486366694156517
486366718000000,25024,-0.698,-0.144,-0.543,8.29,-9.64,-6.56,1,imu01,fusion_20260817T192552Z,963,25024302,486366714159754
486366734000000,25044,-0.739,-0.19,-0.529,7.75,-13.59,-2.94,1,imu01,fusion_20260817T192552Z,964,25044298,486366734154992
486366765000000,25064,-0.741,-0.207,-0.546,4.57,-9.39,-0.94,1,imu01,fusion_20260817T192552Z,965,25064302,486366754158229
486366781000000,25084,-0.779,-0.235,-0.56,1.03,-7.86,0.43,1,imu01,fusion_20260817T192552Z,966,25084298,486366774153466
486366796000000,25104,-0.759,-0.239,-0.594,-2.11,-3.3,2.14,1,imu01,fusion_20260817T192552Z,967,25104302,486366794156704
486366828000000,25124,-0.833,-0.23,-0.623,-4.59,0.42,7.58,1,imu01,fusion_20260817T192552Z,968,25124298,486366814151941
486366843000000,25144,-0.846,-0.226,-0.616,-3.41,-4.67,4.99,1,imu01,fusion_20260817T192552Z,969,25144302,486366834155178
486366859000000,25164,-0.818,-0.221,-0.615,-1.32,-8.93,2.46,1,imu01,fusion_20260817T192552Z,970,25164298,486366854150416
486366875000000,25184,-0.791,-0.228,-0.601,0.69,-8.1,1.76,1,imu01,fusion_20260817T192552Z,971,25184302,486366874153653
486366906000000,25204,-0.777,-0.212,-0.584,-0.45,-2.68,4.53,1,imu01,fusion_20260817T192552Z,972,25204298,486366894148891
486366921000000,25224,-0.772,-0.182,-0.615,2.15,-6.01,2.75,1,imu01,fusion_20260817T192552Z,973,25224302,486366914152128
486366937000000,25244,-0.765,-0.187,-0.603,9.15,-12.65,1.75,1,imu01,fusion_20260817T192552Z,974,25244298,486366934147366
486366968000000,25264,-0.724,-0.228,-0.596,14.18,-9.6,1.29,1,imu01,fusion_20260817T192552Z,975,25264302,486366954150603
486366984000000,25284,-0.791,-0.231,-0.567,11.26,0.23,3.63,1,imu01,fusion_20260817T192552Z,976,25284298,486366974145841
486367000000000,25304,-0.774,-0.264,-0.561,9.84,7.43,1.72,1,imu01,fusion_20260817T192552Z,977,25304302,486366994149078
486367015000000,25324,-0.809,-0.257,-0.576,4.97,6.75,0.37,1,imu01,fusion_20260817T192552Z,978,25324298,486367014144316
486367046000000,25344,-0.826,-0.234,-0.579,4.49,4.23,-1.1,1,imu01,fusion_20260817T192552Z,979,25344302,486367034147553
486367062000000,25364,-0.78,-0.215,-0.608,4.02,5.03,1.98,1,imu01,fusion_20260817T192552Z,980,25364298,486367054142790
486367078000000,25384,-0.786,-0.212,-0.574,5.26,9.0,3.45,1,imu01,fusion_20260817T192552Z,981,25384302,486367074146028
486367109000000,25404,-0.786,-0.223,-0.563,3.13,4.48,4.15,1,imu01,fusion_20260817T192552Z,982,25404298,486367094141265
486367125000000,25424,-0.81,-0.22,-0.547,0.95,4.74,4.45,1,imu01,fusion_20260817T192552Z,983,25424302,486367114144502
486367140000000,25444,-0.788,-0.199,-0.576,-0.06,-0.3,1.33,1,imu01,fusion_20260817T192552Z,984,25444298,486367134139740
486367156000000,25464,-0.791,-0.181,-0.596,0.03,4.83,5.2,1,imu01,fusion_20260817T192552Z,985,25464302,486367154142977
486367187000000,25484,-0.779,-0.18,-0.588,-0.66,5.34,6.67,1,imu01,fusion_20260817T192552Z,986,25484298,486367174138215
486367203000000,25504,-0.728,-0.205,-0.598,3.94,9.03,9.34,1,imu01,fusion_20260817T192552Z,987,25504302,486367194141452
486367218000000,25524,-0.798,-0.213,-0.608,7.13,4.64,6.77,1,imu01,fusion_20260817T192552Z,988,25524298,486367214136690
486367234000000,25544,-0.8,-0.224,-0.57,9.8,6.28,2.27,1,imu01,fusion_20260817T192552Z,989,25544302,486367234139927
486367265000000,25564,-0.783,-0.237,-0.566,6.41,6.77,1.91,1,imu01,fusion_20260817T192552Z,990,25564298,486367254135165
486367281000000,25584,-0.775,-0.228,-0.602,5.78,8.7,1.64,1,imu01,fusion_20260817T192552Z,991,25584302,486367274138402
486367296000000,25604,-0.794,-0.223,-0.577,5.03,3.48,1.85,1,imu01,fusion_20260817T192552Z,992,25604298,486367294133639
486367328000000,25624,-0.774,-0.242,-0.573,1.05,4.69,3.88,1,imu01,fusion_20260817T192552Z,993,25624302,486367314136877
486367343000000,25644,-0.742,-0.246,-0.612,2.68,0.25,4.55,1,imu01,fusion_20260817T192552Z,994,25644298,486367334132114
486367359000000,25664,-0.83,-0.245,-0.585,2.97,0.37,6.53,1,imu01,fusion_20260817T192552Z,995,25664302,486367354135352
486367375000000,25684,-0.76,-0.249,-0.607,4.83,10.2,6.53,1,imu01,fusion_20260817T192552Z,996,25684298,486367374130589
486367406000000,25704,-0.827,-0.238,-0.586,5.23,7.45,8.99,1,imu01,fusion_20260817T192552Z,997,25704302,486367394133826
486367421000000,25724,-0.841,-0.205,-0.593,2.19,0.73,4.03,1,imu01,fusion_20260817T192552Z,998,25724298,486367414129064
486367437000000,25744,-0.798,-0.22,-0.622,5.91,-4.98,0.28,1,imu01,fusion_20260817T192552Z,999,25744302,486367434132301
486367468000000,25764,-0.741,-0.232,-0.582,4.55,6.03,1.22,1,imu01,fusion_20260817T192552Z,1000,25764298,486367454127539
486367484000000,25784,-0.776,-0.219,-0.585,0.26,7.95,4.28,1,imu01,fusion_20260817T192552Z,1001,25784302,486367474130776
486367500000000,25804,-0.772,-0.198,-0.609,1.67,4.05,2.38,1,imu01,fusion_20260817T192552Z,1002,25804298,486367494126014
486367515000000,25824,-0.748,-0.209,-0.592,3.96,0.45,0.49,1,imu01,fusion_20260817T192552Z,1003,25824302,486367514129251
486367546000000,25844,-0.747,-0.234,-0.557,0.55,1.11,0.71,1,imu01,fusion_20260817T192552Z,1004,25844298,486367534124488
486367562000000,25864,-0.755,-0.211,-0.592,-2.22,2.97,1.17,1,imu01,fusion_20260817T192552Z,1005,25864302,486367554127726
486367578000000,25884,-0.738,-0.199,-0.593,-3.91,5.95,2.89,1,imu01,fusion_20260817T192552Z,1006,25884298,486367574122963
486367609000000,25904,-0.756,-0.2,-0.612,-1.04,1.72,3.22,1,imu01,fusion_20260817T192552Z,1007,25904302,486367594126201
486367625000000,25924,-0.766,-0.224,-0.588,-1.91,4.11,2.47,1,imu01,fusion_20260817T192552Z,1008,25924298,486367614121438
486367640000000,25944,-0.745,-0.226,-0.599,0.75,8.34,1.64,1,imu01,fusion_20260817T192552Z,1009,25944302,486367634124676
486367656000000,25964,-0.757,-0.222,-0.594,1.67,4.81,-0.83,1,imu01,fusion_20260817T192552Z,1010,25964298,486367654119913
486367687000000,25984,-0.774,-0.228,-0.59,1.23,-0.23,-1.6,1,imu01,fusion_20260817T192552Z,1011,25984302,486367674123150
486367703000000,26004,-0.768,-0.22,-0.595,-0.35,-2.58,-0.93,1,imu01,fusion_20260817T192552Z,1012,26004298,486367694118388
486367718000000,26024,-0.756,-0.215,-0.598,-1.57,-1.88,-0.76,1,imu01,fusion_20260817T192552Z,1013,26024302,486367714121625
486367734000000,26044,-0.738,-0.23,-0.601,0.26,-3.08,-0.17,1,imu01,fusion_20260817T192552Z,1014,26044298,486367734116863
486367765000000,26064,-0.752,-0.224,-0.591,-0.56,-0.71,0.6,1,imu01,fusion_20260817T192552Z,1015,26064302,486367754120100
486367781000000,26084,-0.769,-0.206,-0.619,-1.19,-1.93,1.65,1,imu01,fusion_20260817T192552Z,1016,26084298,486367774115338
486367796000000,26104,-0.79,-0.219,-0.607,0.41,-6.97,0.2,1,imu01,fusion_20260817T192552Z,1017,26104302,486367794118575
486367828000000,26124,-0.76,-0.218,-0.618,1.37,-4.47,-0.16,1,imu01,fusion_20260817T192552Z,1018,26124298,486367814113812
486367843000000,26144,-0.768,-0.205,-0.6,-1.64,5.66,0.05,1,imu01,fusion_20260817T192552Z,1019,26144302,486367834117050
486367859000000,26164,-0.785,-0.197,-0.599,-0.46,3.96,0.21,1,imu01,fusion_20260817T192552Z,1020,26164298,486367854112287
486367875000000,26184,-0.806,-0.197,-0.607,-0.94,-3.19,-0.51,1,imu01,fusion_20260817T192552Z,1021,26184302,486367874115525
486367906000000,26204,-0.785,-0.208,-0.607,0.08,-4.17,-3.12,1,imu01,fusion_20260817T192552Z,1022,26204298,486367894110762
486367921000000,26224,-0.795,-0.214,-0.607,-0.72,-3.38,-3.32,1,imu01,fusion_20260817T192552Z,1023,26224302,486367914113999
486367937000000,26244,-0.752,-0.224,-0.622,-0.96,-1.76,-1.96,1,imu01,fusion_20260817T192552Z,1024,26244298,486367934109237
486367968000000,26264,-0.786,-0.222,-0.594,-1.81,3.21,0.64,1,imu01,fusion_20260817T192552Z,1025,26264302,486367954112474
486367984000000,26284,-0.8,-0.204,-0.61,-0.7,1.86,0.24,1,imu01,fusion_20260817T192552Z,1026,26284298,486367974107712
486368000000000,26304,-0.762,-0.217,-0.6,0.1,5.85,-1.09,1,imu01,fusion_20260817T192552Z,1027,26304302,486367994110949
486368015000000,26324,-0.757,-0.219,-0.581,-2.25,4.87,-1.12,1,imu01,fusion_20260817T192552Z,1028,26324298,486368014106187
486368046000000,26344,-0.768,-0.202,-0.611,-1.29,3.72,-0.53,1,imu01,fusion_20260817T192552Z,1029,26344302,486368034109424
486368062000000,26364,-0.782,-0.206,-0.599,0.19,-0.36,-0.76,1,imu01,fusion_20260817T192552Z,1030,26364298,486368054104662
486368078000000,26384,-0.783,-0.215,-0.599,1.29,-4.36,-2.25,1,imu01,fusion_20260817T192552Z,1031,26384302,486368074107899
486368109000000,26404,-0.775,-0.216,-0.594,0.36,0.4,-2.39,1,imu01,fusion_20260817T192552Z,1032,26404298,486368094103136
486368125000000,26424,-0.752,-0.211,-0.601,0.76,-1.68,-3.12,1,imu01,fusion_20260817T192552Z,1033,26424302,486368114106374
486368140000000,26444,-0.781,-0.223,-0.589,1.02,-2.77,-1.25,1,imu01,fusion_20260817T192552Z,1034,26444298,486368134101611
486368156000000,26464,-0.749,-0.221,-0.596,0.39,-2.41,-1.78,1,imu01,fusion_20260817T192552Z,1035,26464302,486368154104848
486368187000000,26484,-0.789,-0.219,-0.585,-1.98,-0.15,0.23,1,imu01,fusion_20260817T192552Z,1036,26484298,486368174100086
486368203000000,26504,-0.767,-0.198,-0.62,-0.43,-0.39,-1.02,1,imu01,fusion_20260817T192552Z,1037,26504302,486368194103323
486368218000000,26524,-0.788,-0.209,-0.594,0.58,-0.03,-1.06,1,imu01,fusion_20260817T192552Z,1038,26524298,486368214098561
486368250000000,26544,-0.777,-0.21,-0.595,-0.02,5.05,0.05,1,imu01,fusion_20260817T192552Z,1039,26544302,486368234101798
486368265000000,26564,-0.77,-0.201,-0.608,1.85,1.99,0.66,1,imu01,fusion_20260817T192552Z,1040,26564298,486368254097036
486368281000000,26584,-0.751,-0.214,-0.593,1.65,-1.64,-0.36,1,imu01,fusion_20260817T192552Z,1041,26584302,486368274100273
486368296000000,26604,-0.758,-0.219,-0.589,-1.08,1.15,-1.03,1,imu01,fusion_20260817T192552Z,1042,26604298,486368294095511
486368328000000,26624,-0.763,-0.206,-0.614,-0.47,2.38,0.1,1,imu01,fusion_20260817T192552Z,1043,26624302,486368314098748
486368343000000,26644,-0.769,-0.204,-0.621,3.61,-2.62,0.91,1,imu01,fusion_20260817T192552Z,1044,26644298,486368334093986
486368359000000,26664,-0.771,-0.217,-0.578,2.24,-2.4,2.3,1,imu01,fusion_20260817T192552Z,1045,26664302,486368354097223
486368375000000,26684,-0.766,-0.226,-0.587,0.23,-1.28,1.11,1,imu01,fusion_20260817T192552Z,1046,26684298,486368374092460
486368406000000,26704,-0.752,-0.224,-0.604,0.94,1.1,-0.89,1,imu01,fusion_20260817T192552Z,1047,26704302,486368394095698
486368421000000,26724,-0.761,-0.221,-0.596,-0.82,2.8,0.82,1,imu01,fusion_20260817T192552Z,1048,26724298,486368414090935
486368437000000,26744,-0.788,-0.212,-0.61,-0.06,2.02,3.2,1,imu01,fusion_20260817T192552Z,1049,26744302,486368434094172
486368468000000,26764,-0.783,-0.217,-0.608,1.33,-0.5,1.37,1,imu01,fusion_20260817T192552Z,1050,26764298,486368454089410
486368484000000,26784,-0.774,-0.229,-0.591,2.2,3.99,-0.86,1,imu01,fusion_20260817T192552Z,1051,26784302,486368474092647
486368500000000,26804,-0.76,-0.215,-0.617,1.9,-0.28,-1.15,1,imu01,fusion_20260817T192552Z,1052,26804298,486368494087885
486368515000000,26824,-0.753,-0.221,-0.611,4.6,2.3,0.57,1,imu01,fusion_20260817T192552Z,1053,26824302,486368514091122
486368546000000,26844,-0.728,-0.214,-0.634,12.43,0.56,-0.71,1,imu01,fusion_20260817T192552Z,1054,26844298,486368534086360
486368562000000,26864,-0.761,-0.233,-0.588,7.59,1.57,3.07,1,imu01,fusion_20260817T192552Z,1055,26864302,486368554089597
486368578000000,26884,-0.791,-0.244,-0.589,4.35,0.58,3.27,1,imu01,fusion_20260817T192552Z,1056,26884298,486368574084835
486368609000000,26904,-0.764,-0.23,-0.611,3.12,4.87,1.48,1,imu01,fusion_20260817T192552Z,1057,26904302,486368594088072
486368625000000,26924,-0.738,-0.243,-0.624,4.72,3.23,1.53,1,imu01,fusion_20260817T192552Z,1058,26924298,486368614083309
486368640000000,26944,-0.77,-0.232,-0.577,2.36,2.1,1.96,1,imu01,fusion_20260817T192552Z,1059,26944302,486368634086547
486368656000000,26964,-0.737,-0.217,-0.565,-2.46,13.54,5.89,1,imu01,fusion_20260817T192552Z,1060,26964298,486368654081784
486368687000000,26984,-0.758,-0.221,-0.613,-7.1,7.99,7.2,1,imu01,fusion_20260817T192552Z,1061,26984302,486368674085022
486368703000000,27004,-0.757,-0.218,-0.637,-4.3,4.61,5.6,1,imu01,fusion_20260817T192552Z,1062,27004298,486368694080259
486368718000000,27024,-0.781,-0.217,-0.61,0.39,11.06,4.45,1,imu01,fusion_20260817T192552Z,1063,27024302,486368714083496
486368750000000,27044,-0.766,-0.215,-0.616,-0.67,10.54,2.93,1,imu01,fusion_20260817T192552Z,1064,27044298,486368734078734
486368765000000,27064,-0.762,-0.204,-0.619,0.32,4.75,-1.11,1,imu01,fusion_20260817T192552Z,1065,27064302,486368754081971
486368781000000,27084,-0.746,-0.223,-0.607,1.91,7.61,0.47,1,imu01,fusion_20260817T192552Z,1066,27084298,486368774077209
486368796000000,27104,-0.763,-0.209,-0.605,0.84,7.61,1.44,1,imu01,fusion_20260817T192552Z,1067,27104302,486368794080446
486368828000000,27124,-0.745,-0.19,-0.635,4.59,-0.02,-0.94,1,imu01,fusion_20260817T192552Z,1068,27124298,486368814075684
486368843000000,27144,-0.715,-0.201,-0.628,7.39,8.83,-1.07,1,imu01,fusion_20260817T192552Z,1069,27144302,486368834078921
486368859000000,27164,-0.786,-0.224,-0.607,2.24,10.68,-1.32,1,imu01,fusion_20260817T192552Z,1070,27164298,486368854074158
486368875000000,27184,-0.737,-0.229,-0.601,0.94,17.53,-1.38,1,imu01,fusion_20260817T192552Z,1071,27184302,486368874077396
486368906000000,27204,-0.739,-0.209,-0.634,-4.85,11.54,0.2,1,imu01,fusion_20260817T192552Z,1072,27204298,486368894072633
486368921000000,27224,-0.757,-0.211,-0.649,-1.99,-2.18,0.49,1,imu01,fusion_20260817T192552Z,1073,27224302,486368914075871
486368937000000,27244,-0.719,-0.209,-0.649,0.39,-5.46,1.19,1,imu01,fusion_20260817T192552Z,1074,27244298,486368934071108
486368968000000,27264,-0.707,-0.219,-0.64,1.14,-0.91,0.4,1,imu01,fusion_20260817T192552Z,1075,27264302,486368954074346
486368984000000,27284,-0.784,-0.217,-0.642,0.6,4.1,0.72,1,imu01,fusion_20260817T192552Z,1076,27284298,486368974069583
486369000000000,27304,-0.752,-0.203,-0.653,2.57,-2.25,-2.05,1,imu01,fusion_20260817T192552Z,1077,27304302,486368994072820
486369015000000,27324,-0.709,-0.217,-0.629,3.26,-4.95,-1.89,1,imu01,fusion_20260817T192552Z,1078,27324298,486369014068058
486369046000000,27344,-0.749,-0.227,-0.618,0.72,-3.61,1.3,1,imu01,fusion_20260817T192552Z,1079,27344302,486369034071295
486369062000000,27364,-0.762,-0.211,-0.624,0.75,-0.74,1.26,1,imu01,fusion_20260817T192552Z,1080,27364298,486369054066533
486369078000000,27384,-0.741,-0.217,-0.632,0.94,-3.54,0.02,1,imu01,fusion_20260817T192552Z,1081,27384302,486369074069770
486369109000000,27404,-0.738,-0.22,-0.619,0.83,-2.87,-1.28,1,imu01,fusion_20260817T192552Z,1082,27404298,486369094065008
486369125000000,27424,-0.73,-0.219,-0.622,2.42,-2.39,0.38,1,imu01,fusion_20260817T192552Z,1083,27424302,486369114068245
486369140000000,27444,-0.755,-0.231,-0.608,-0.25,-2.42,3.58,1,imu01,fusion_20260817T192552Z,1084,27444298,486369134063482
486369156000000,27464,-0.759,-0.238,-0.619,-0.7,0.9,2.12,1,imu01,fusion_20260817T192552Z,1085,27464302,486369154066720
486369187000000,27484,-0.77,-0.227,-0.629,2.14,-4.23,-1.45,1,imu01,fusion_20260817T192552Z,1086,27484298,486369174061957
486369203000000,27504,-0.768,-0.233,-0.603,1.54,1.74,-0.87,1,imu01,fusion_20260817T192552Z,1087,27504302,486369194065195
486369218000000,27524,-0.757,-0.218,-0.633,-0.26,1.95,2.04,1,imu01,fusion_20260817T192552Z,1088,27524298,486369214060432
486369250000000,27544,-0.776,-0.217,-0.626,1.07,-1.67,1.94,1,imu01,fusion_20260817T192552Z,1089,27544302,486369234063669
486369265000000,27564,-0.768,-0.221,-0.623,2.43,1.43,-0.44,1,imu01,fusion_20260817T192552Z,1090,27564298,486369254058907
486369281000000,27584,-0.74,-0.213,-0.628,2.64,0.21,-0.52,1,imu01,fusion_20260817T192552Z,1091,27584302,486369274062144
486369296000000,27604,-0.757,-0.206,-0.617,1.38,-2.92,1.61,1,imu01,fusion_20260817T192552Z,1092,27604298,486369294057382
486369328000000,27624,-0.766,-0.215,-0.616,0.92,2.06,1.75,1,imu01,fusion_20260817T192552Z,1093,27624302,486369314060619
486369343000000,27644,-0.724,-0.217,-0.615,0.07,-0.55,1.92,1,imu01,fusion_20260817T192552Z,1094,27644298,486369334055857
486369359000000,27664,-0.76,-0.213,-0.626,1.0,-0.64,-0.15,1,imu01,fusion_20260817T192552Z,1095,27664302,486369354059094
486369375000000,27684,-0.7,-0.213,-0.633,2.97,0.35,-2.91,1,imu01,fusion_20260817T192552Z,1096,27684298,486369374054332
486369406000000,27704,-0.724,-0.203,-0.631,2.29,-7.09,-1.0,1,imu01,fusion_20260817T192552Z,1097,27704302,486369394057569
486369421000000,27724,-0.711,-0.208,-0.633,3.78,-4.49,-0.37,1,imu01,fusion_20260817T192552Z,1098,27724298,486369414052806
486369437000000,27744,-0.757,-0.212,-0.622,3.34,-8.33,-1.95,1,imu01,fusion_20260817T192552Z,1099,27744302,486369434056044
486369468000000,27764,-0.769,-0.218,-0.627,2.4,-0.09,-2.44,1,imu01,fusion_20260817T192552Z,1100,27764298,486369454051281
486369484000000,27784,-0.739,-0.219,-0.631,3.02,-6.21,-3.56,1,imu01,fusion_20260817T192552Z,1101,27784302,486369474054518
486369500000000,27804,-0.75,-0.217,-0.626,3.84,-6.42,-6.08,1,imu01,fusion_20260817T192552Z,1102,27804298,486369494049756
486369515000000,27824,-0.711,-0.221,-0.652,6.2,-11.8,-9.72,1,imu01,fusion_20260817T192552Z,1103,27824302,486369514052993
486369546000000,27844,-0.742,-0.228,-0.588,7.43,-6.75,-6.03,1,imu01,fusion_20260817T192552Z,1104,27844298,486369534048231
486369562000000,27864,-0.717,-0.236,-0.604,3.69,-2.49,-1.82,1,imu01,fusion_20260817T192552Z,1105,27864302,486369554051468
486369578000000,27884,-0.747,-0.238,-0.58,-0.67,-5.88,1.49,1,imu01,fusion_20260817T192552Z,1106,27884298,486369574046706
486369609000000,27904,-0.739,-0.231,-0.594,-3.1,-2.9,4.69,1,imu01,fusion_20260817T192552Z,1107,27904302,486369594049943
486369625000000,27924,-0.754,-0.234,-0.615,-3.39,0.84,4.57,1,imu01,fusion_20260817T192552Z,1108,27924298,486369614045181
486369640000000,27944,-0.759,-0.226,-0.625,1.11,-3.1,3.59,1,imu01,fusion_20260817T192552Z,1109,27944302,486369634048418
486369656000000,27964,-0.757,-0.231,-0.595,1.71,-4.36,5.3,1,imu01,fusion_20260817T192552Z,1110,27964298,486369654043656
486369687000000,27984,-0.745,-0.23,-0.587,-0.15,-1.61,7.49,1,imu01,fusion_20260817T192552Z,1111,27984302,486369674046893
486369703000000,28004,-0.775,-0.237,-0.6,0.25,-3.91,8.33,1,imu01,fusion_20260817T192552Z,1112,28004298,486369694042130
486369718000000,28024,-0.794,-0.241,-0.601,1.46,-10.18,8.56,1,imu01,fusion_20260817T192552Z,1113,28024302,486369714045368
486369750000000,28044,-0.806,-0.244,-0.582,3.11,-9.81,5.71,1,imu01,fusion_20260817T192552Z,1114,28044298,486369734040605
486369765000000,28064,-0.806,-0.25,-0.577,2.49,-9.01,0.43,1,imu01,fusion_20260817T192552Z,1115,28064302,486369754043842
486369781000000,28084,-0.8,-0.238,-0.576,3.36,-2.81,-3.48,1,imu01,fusion_20260817T192552Z,1116,28084298,486369774039080
486369796000000,28104,-0.761,-0.212,-0.576,4.81,-9.25,-8.96,1,imu01,fusion_20260817T192552Z,1117,28104302,486369794042317
486369828000000,28124,-0.744,-0.171,-0.633,10.13,-14.8,-12.8,1,imu01,fusion_20260817T192552Z,1118,28124298,486369814037555
486369843000000,28144,-0.72,-0.156,-0.657,20.38,-18.17,-9.82,1,imu01,fusion_20260817T192552Z,1119,28144302,486369834040792
486369859000000,28164,-0.786,-0.231,-0.543,16.97,-9.94,-2.22,1,imu01,fusion_20260817T192552Z,1120,28164298,486369854036030
486369875000000,28184,-0.799,-0.293,-0.563,8.85,-7.23,2.8,1,imu01,fusion_20260817T192552Z,1121,28184302,486369874039267
486369906000000,28204,-0.822,-0.288,-0.559,6.14,-8.55,1.91,1,imu01,fusion_20260817T192552Z,1122,28204298,486369894034505
486369921000000,28224,-0.796,-0.284,-0.565,6.61,-2.11,2.91,1,imu01,fusion_20260817T192552Z,1123,28224302,486369914037742
486369937000000,28244,-0.784,-0.292,-0.529,2.81,3.63,5.96,1,imu01,fusion_20260817T192552Z,1124,28244298,486369934032979
486369968000000,28264,-0.812,-0.308,-0.487,-2.95,2.74,2.8,1,imu01,fusion_20260817T192552Z,1125,28264302,486369954036217
486369984000000,28284,-0.793,-0.304,-0.516,-2.48,-4.46,-1.47,1,imu01,fusion_20260817T192552Z,1126,28284298,486369974031454
486370000000000,28304,-0.771,-0.275,-0.561,-1.44,-2.59,1.3,1,imu01,fusion_20260817T192552Z,1127,28304302,486369994034692
486370015000000,28324,-0.751,-0.264,-0.54,-0.83,5.81,9.66,1,imu01,fusion_20260817T192552Z,1128,28324298,486370014029929
486370046000000,28344,-0.765,-0.251,-0.537,-2.14,3.07,12.54,1,imu01,fusion_20260817T192552Z,1129,28344302,486370034033166
486370062000000,28364,-0.8,-0.26,-0.554,1.33,2.13,7.98,1,imu01,fusion_20260817T192552Z,1130,28364298,486370054028404
486370078000000,28384,-0.812,-0.254,-0.552,4.07,-3.13,0.89,1,imu01,fusion_20260817T192552Z,1131,28384302,486370074031641
486370109000000,28404,-0.757,-0.223,-0.576,7.3,-2.84,0.2,1,imu01,fusion_20260817T192552Z,1132,28404298,486370094026879
486370125000000,28424,-0.738,-0.256,-0.504,1.77,0.34,7.27,1,imu01,fusion_20260817T192552Z,1133,28424302,486370114030116
486370140000000,28444,-0.753,-0.249,-0.519,-6.16,2.84,10.57,1,imu01,fusion_20260817T192552Z,1134,28444298,486370134025354
486370156000000,28464,-0.753,-0.227,-0.536,-8.25,1.79,3.09,1,imu01,fusion_20260817T192552Z,1135,28464302,486370154028591
486370187000000,28484,-0.738,-0.199,-0.558,-6.65,-4.36,-4.13,1,imu01,fusion_20260817T192552Z,1136,28484298,486370174023829
486370203000000,28504,-0.699,-0.162,-0.611,0.46,-17.47,-6.54,1,imu01,fusion_20260817T192552Z,1137,28504302,486370194027066
486370218000000,28524,-0.71,-0.17,-0.626,12.25,-16.77,0.19,1,imu01,fusion_20260817T192552Z,1138,28524298,486370214022303
486370234000000,28544,-0.781,-0.243,-0.559,10.22,-4.3,10.37,1,imu01,fusion_20260817T192552Z,1139,28544302,486370234025541
486370265000000,28564,-0.809,-0.277,-0.527,3.43,-1.04,15.01,1,imu01,fusion_20260817T192552Z,1140,28564298,486370254020778
486370281000000,28584,-0.88,-0.276,-0.556,-4.45,10.49,14.63,1,imu01,fusion_20260817T192552Z,1141,28584302,486370274024016
486370296000000,28604,-0.95,-0.227,-0.674,-0.71,15.54,7.46,1,imu01,fusion_20260817T192552Z,1142,28604298,486370294019253
486370328000000,28624,-1.005,-0.231,-0.717,17.87,9.11,-11.73,1,imu01,fusion_20260817T192552Z,1143,28624302,486370314022490
486370343000000,28644,-0.951,-0.264,-0.626,30.05,-0.2,-29.02,1,imu01,fusion_20260817T192552Z,1144,28644298,486370334017728
486370359000000,28664,-0.838,-0.279,-0.534,24.33,5.16,-32.09,1,imu01,fusion_20260817T192552Z,1145,28664302,486370354020965
486370375000000,28684,-0.721,-0.246,-0.505,11.93,11.96,-22.29,1,imu01,fusion_20260817T192552Z,1146,28684298,486370374016203
486370406000000,28704,-0.691,-0.211,-0.53,2.07,12.01,-13.85,1,imu01,fusion_20260817T192552Z,1147,28704302,486370394019440
486370421000000,28724,-0.678,-0.182,-0.585,5.34,-0.78,-15.0,1,imu01,fusion_20260817T192552Z,1148,28724298,486370414014678
486370437000000,28744,-0.614,-0.164,-0.588,11.33,-8.13,-15.41,1,imu01,fusion_20260817T192552Z,1149,28744302,486370434017915
486370468000000,28764,-0.581,-0.128,-0.586,15.04,-10.07,-5.71,1,imu01,fusion_20260817T192552Z,1150,28764298,486370454013152
486370484000000,28784,-0.527,-0.094,-0.552,16.42,-8.26,16.39,1,imu01,fusion_20260817T192552Z,1151,28784302,486370474016390
486370500000000,28804,-0.656,-0.052,-0.547,17.26,-6.63,33.7,1,imu01,fusion_20260817T192552Z,1152,28804298,486370494011627
486370515000000,28824,-0.831,-0.097,-0.617,26.2,-10.48,39.96,1,imu01,fusion_20260817T192552Z,1153,28824302,486370514014865
486370546000000,28844,-0.961,-0.222,-0.603,33.49,-23.11,27.98,1,imu01,fusion_20260817T192552Z,1154,28844298,486370534010102
486370562000000,28864,-1.003,-0.336,-0.746,49.69,-17.91,10.19,1,imu01,fusion_20260817T192552Z,1155,28864302,486370554013339
486370578000000,28884,-1.078,-0.411,-0.692,58.6,2.16,-26.02,1,imu01,fusion_20260817T192552Z,1156,28884298,486370574008577
486370609000000,28904,-0.965,-0.456,-0.514,49.88,14.94,-57.34,1,imu01,fusion_20260817T192552Z,1157,28904302,486370594011814
486370625000000,28924,-0.711,-0.385,-0.457,30.22,21.59,-66.49,1,imu01,fusion_20260817T192552Z,1158,28924298,486370614007052
486370640000000,28944,-0.475,-0.315,-0.461,13.55,24.3,-45.3,1,imu01,fusion_20260817T192552Z,1159,28944302,486370634010289
486370656000000,28964,-0.447,-0.277,-0.482,-3.15,19.96,-11.86,1,imu01,fusion_20260817T192552Z,1160,28964298,486370654005527
486370687000000,28984,-0.567,-0.222,-0.643,-6.96,10.67,12.43,1,imu01,fusion_20260817T192552Z,1161,28984302,486370674008764
486370703000000,29004,-0.711,-0.243,-0.717,9.65,-4.19,17.29,1,imu01,fusion_20260817T192552Z,1162,29004298,486370694004002
486370718000000,29024,-0.853,-0.351,-0.643,19.84,-4.45,17.37,1,imu01,fusion_20260817T192552Z,1163,29024302,486370714007239
486370734000000,29044,-0.979,-0.442,-0.606,26.04,-6.3,10.73,1,imu01,fusion_20260817T192552Z,1164,29044298,486370734002476
486370765000000,29064,-1.06,-0.534,-0.51,25.34,7.67,2.69,1,imu01,fusion_20260817T192552Z,1165,29064302,486370754005714
486370781000000,29084,-1.089,-0.59,-0.443,13.84,20.79,-8.35,1,imu01,fusion_20260817T192552Z,1166,29084298,486370774000951
486370796000000,29104,-1.028,-0.573,-0.483,6.1,32.32,-18.05,1,imu01,fusion_20260817T192552Z,1167,29104302,486370794004189
486370828000000,29124,-0.928,-0.512,-0.481,6.83,38.26,-30.77,1,imu01,fusion_20260817T192552Z,1168,29124298,486370813999426
486370843000000,29144,-0.735,-0.453,-0.438,7.43,33.02,-35.99,1,imu01,fusion_20260817T192552Z,1169,29144302,486370834002663
486370859000000,29164,-0.637,-0.397,-0.441,0.93,22.22,-26.33,1,imu01,fusion_20260817T192552Z,1170,29164298,486370853997901
486370875000000,29184,-0.609,-0.368,-0.468,-10.24,19.83,-14.44,1,imu01,fusion_20260817T192552Z,1171,29184302,486370874001138
486370906000000,29204,-0.584,-0.337,-0.508,-20.41,17.88,-4.86,1,imu01,fusion_20260817T192552Z,1172,29204298,486370893996376
486370921000000,29224,-0.611,-0.289,-0.585,-24.32,7.87,3.4,1,imu01,fusion_20260817T192552Z,1173,29224302,486370913999613
486370937000000,29244,-0.605,-0.256,-0.647,-20.3,2.22,8.86,1,imu01,fusion_20260817T192552Z,1174,29244298,486370933994851
486370968000000,29264,-0.638,-0.292,-0.645,-12.36,-2.22,15.7,1,imu01,fusion_20260817T192552Z,1175,29264302,486370953998088
486370984000000,29284,-0.706,-0.328,-0.616,-7.56,-2.78,23.86,1,imu01,fusion_20260817T192552Z,1176,29284298,486370973993326
486371000000000,29304,-0.799,-0.402,-0.598,-9.0,-1.84,26.49,1,imu01,fusion_20260817T192552Z,1177,29304302,486370993996563
486371015000000,29324,-0.814,-0.432,-0.56,-2.34,-0.19,14.69,1,imu01,fusion_20260817T192552Z,1178,29324298,486371013991800
486371046000000,29344,-0.801,-0.433,-0.556,-1.86,3.0,1.19,1,imu01,fusion_20260817T192552Z,1179,29344302,486371033995038
486371062000000,29364,-0.723,-0.393,-0.572,2.48,4.93,-7.38,1,imu01,fusion_20260817T192552Z,1180,29364298,486371053990275
486371078000000,29384,-0.631,-0.381,-0.536,3.65,2.67,-6.06,1,imu01,fusion_20260817T192552Z,1181,29384302,486371073993512
486371109000000,29404,-0.622,-0.378,-0.515,-1.23,6.8,3.12,1,imu01,fusion_20260817T192552Z,1182,29404298,486371093988750
486371125000000,29424,-0.635,-0.368,-0.522,-9.94,8.4,8.11,1,imu01,fusion_20260817T192552Z,1183,29424302,486371113991987
486371140000000,29444,-0.647,-0.337,-0.581,-13.27,5.61,7.75,1,imu01,fusion_20260817T192552Z,1184,29444298,486371133987225
486371156000000,29464,-0.686,-0.299,-0.643,-11.68,7.34,3.92,1,imu01,fusion_20260817T192552Z,1185,29464302,486371153990462
486371187000000,29484,-0.654,-0.285,-0.68,-3.87,1.36,0.49,1,imu01,fusion_20260817T192552Z,1186,29484298,486371173985700
486371203000000,29504,-0.667,-0.287,-0.641,1.06,-5.1,0.71,1,imu01,fusion_20260817T192552Z,1187,29504302,486371193988937
486371218000000,29524,-0.675,-0.31,-0.598,-3.41,-3.01,6.06,1,imu01,fusion_20260817T192552Z,1188,29524298,486371213984175
486371250000000,29544,-0.748,-0.318,-0.63,-5.93,-2.19,6.9,1,imu01,fusion_20260817T192552Z,1189,29544302,486371233987412
486371265000000,29564,-0.752,-0.314,-0.661,-1.81,-4.46,4.25,1,imu01,fusion_20260817T192552Z,1190,29564298,486371253982649
486371281000000,29584,-0.75,-0.336,-0.613,1.02,-4.9,0.5,1,imu01,fusion_20260817T192552Z,1191,29584302,486371273985887
486371296000000,29604,-0.753,-0.354,-0.583,2.91,-9.79,-2.63,1,imu01,fusion_20260817T192552Z,1192,29604298,486371293981124
486371328000000,29624,-0.761,-0.361,-0.594,2.18,-7.52,-1.18,1,imu01,fusion_20260817T192552Z,1193,29624302,486371313984362
486371343000000,29644,-0.791,-0.364,-0.605,4.78,1.26,-2.39,1,imu01,fusion_20260817T192552Z,1194,29644298,486371333979599
486371359000000,29664,-0.793,-0.376,-0.594,6.3,-4.2,-8.2,1,imu01,fusion_20260817T192552Z,1195,29664302,486371353982836
486371375000000,29684,-0.759,-0.347,-0.618,6.41,-10.68,-12.72,1,imu01,fusion_20260817T192552Z,1196,29684298,486371373978074
486371406000000,29704,-0.703,-0.34,-0.618,6.29,-6.8,-11.26,1,imu01,fusion_20260817T192552Z,1197,29704302,486371393981311
486371421000000,29724,-0.687,-0.335,-0.633,3.35,-2.61,-4.31,1,imu01,fusion_20260817T192552Z,1198,29724298,486371413976549
486371437000000,29744,-0.74,-0.337,-0.636,5.1,-6.14,-0.92,1,imu01,fusion_20260817T192552Z,1199,29744302,486371433979786
486371468000000,29764,-0.766,-0.353,-0.621,6.46,-8.17,-1.42,1,imu01,fusion_20260817T192552Z,1200,29764298,486371453975024
486371484000000,29784,-0.796,-0.377,-0.575,4.27,-8.81,-3.66,1,imu01,fusion_20260817T192552Z,1201,29784302,486371473978261
486371500000000,29804,-0.748,-0.381,-0.574,0.6,3.0,-1.89,1,imu01,fusion_20260817T192552Z,1202,29804298,486371493973499
486371515000000,29824,-0.732,-0.371,-0.562,-1.25,4.33,0.53,1,imu01,fusion_20260817T192552Z,1203,29824302,486371513976736
486371546000000,29844,-0.715,-0.363,-0.575,-2.86,7.48,3.3,1,imu01,fusion_20260817T192552Z,1204,29844298,486371533971973
486371562000000,29864,-0.74,-0.356,-0.572,-4.67,5.58,4.9,1,imu01,fusion_20260817T192552Z,1205,29864302,486371553975211
486371578000000,29884,-0.731,-0.35,-0.585,-4.45,3.06,4.65,1,imu01,fusion_20260817T192552Z,1206,29884298,486371573970448
486371609000000,29904,-0.745,-0.346,-0.595,0.07,1.23,0.56,1,imu01,fusion_20260817T192552Z,1207,29904302,486371593973686
486371625000000,29924,-0.747,-0.344,-0.588,0.63,-1.22,-0.7,1,imu01,fusion_20260817T192552Z,1208,29924298,486371613968923
486371640000000,29944,-0.705,-0.331,-0.586,2.43,3.32,-0.11,1,imu01,fusion_20260817T192552Z,1209,29944302,486371633972160
486371656000000,29964,-0.707,-0.335,-0.573,4.28,3.77,1.06,1,imu01,fusion_20260817T192552Z,1210,29964298,486371653967398
486371687000000,29984,-0.702,-0.344,-0.565,4.34,-0.06,0.66,1,imu01,fusion_20260817T192552Z,1211,29984302,486371673970635
486371703000000,30004,-0.682,-0.353,-0.562,0.69,-0.71,0.88,1,imu01,fusion_20260817T192552Z,1212,30004298,486371693965873
486371718000000,30024,-0.724,-0.337,-0.592,-0.64,-0.53,1.99,1,imu01,fusion_20260817T192552Z,1213,30024302,486371713969110
486371734000000,30044,-0.718,-0.329,-0.607,-0.83,0.7,2.77,1,imu01,fusion_20260817T192552Z,1214,30044298,486371733964348
486371765000000,30064,-0.724,-0.327,-0.6,0.2,-0.22,2.9,1,imu01,fusion_20260817T192552Z,1215,30064302,486371753967585
486371781000000,30084,-0.74,-0.344,-0.586,-0.06,-1.47,1.69,1,imu01,fusion_20260817T192552Z,1216,30084298,486371773962822
486371796000000,30104,-0.721,-0.335,-0.587,0.05,-0.49,1.26,1,imu01,fusion_20260817T192552Z,1217,30104302,486371793966060
486371828000000,30124,-0.72,-0.355,-0.579,0.03,1.16,2.99,1,imu01,fusion_20260817T192552Z,1218,30124298,486371813961297
486371843000000,30144,-0.742,-0.37,-0.566,-7.51,13.84,8.18,1,imu01,fusion_20260817T192552Z,1219,30144302,486371833964535
486371859000000,30164,-0.737,-0.337,-0.619,-6.08,15.27,5.24,1,imu01,fusion_20260817T192552Z,1220,30164298,486371853959772
486371875000000,30184,-0.743,-0.328,-0.611,2.34,2.15,-1.94,1,imu01,fusion_20260817T192552Z,1221,30184302,486371873963009
486371906000000,30204,-0.697,-0.338,-0.583,4.24,1.3,-1.22,1,imu01,fusion_20260817T192552Z,1222,30204298,486371893958247
486371921000000,30224,-0.723,-0.352,-0.582,1.96,-1.46,2.37,1,imu01,fusion_20260817T192552Z,1223,30224302,486371913961484
486371937000000,30244,-0.749,-0.344,-0.61,1.59,-3.05,3.41,1,imu01,fusion_20260817T192552Z,1224,30244298,486371933956722
486371968000000,30264,-0.766,-0.36,-0.597,0.39,0.12,1.67,1,imu01,fusion_20260817T192552Z,1225,30264302,486371953959959
486371984000000,30284,-0.728,-0.352,-0.607,0.32,-1.51,-0.03,1,imu01,fusion_20260817T192552Z,1226,30284298,486371973955197
486372000000000,30304,-0.727,-0.347,-0.604,-0.08,-1.59,0.53,1,imu01,fusion_20260817T192552Z,1227,30304302,486371993958434
486372015000000,30324,-0.714,-0.345,-0.6,-0.81,1.39,2.85,1,imu01,fusion_20260817T192552Z,1228,30324298,486372013953672
486372046000000,30344,-0.729,-0.355,-0.604,-0.99,1.9,3.35,1,imu01,fusion_20260817T192552Z,1229,30344302,486372033956909
486372062000000,30364,-0.711,-0.358,-0.588,-0.57,4.86,1.71,1,imu01,fusion_20260817T192552Z,1230,30364298,486372053952146
486372078000000,30384,-0.711,-0.354,-0.59,0.26,4.64,0.27,1,imu01,fusion_20260817T192552Z,1231,30384302,486372073955384
486372109000000,30404,-0.705,-0.348,-0.589,1.68,-0.62,-1.7,1,imu01,fusion_20260817T192552Z,1232,30404298,486372093950621
486372125000000,30424,-0.699,-0.347,-0.567,1.94,-0.07,-1.04,1,imu01,fusion_20260817T192552Z,1233,30424302,486372113953859
486372140000000,30444,-0.715,-0.349,-0.566,-0.64,1.25,2.29,1,imu01,fusion_20260817T192552Z,1234,30444298,486372133949096
486372156000000,30464,-0.707,-0.336,-0.593,-0.65,0.77,3.18,1,imu01,fusion_20260817T192552Z,1235,30464302,486372153952333
486372187000000,30484,-0.751,-0.354,-0.581,-1.17,-1.65,2.61,1,imu01,fusion_20260817T192552Z,1236,30484298,486372173947571
486372203000000,30504,-0.734,-0.342,-0.591,-0.77,-0.78,2.0,1,imu01,fusion_20260817T192552Z,1237,30504302,486372193950808
486372218000000,30524,-0.739,-0.338,-0.581,-1.76,-1.48,1.49,1,imu01,fusion_20260817T192552Z,1238,30524298,486372213946046
486372234000000,30544,-0.723,-0.328,-0.597,0.76,-1.9,1.69,1,imu01,fusion_20260817T192552Z,1239,30544302,486372233949283
486372265000000,30564,-0.744,-0.308,-0.627,1.26,-2.55,3.72,1,imu01,fusion_20260817T192552Z,1240,30564298,486372253944521
486372281000000,30584,-0.759,-0.318,-0.608,2.17,1.24,4.87,1,imu01,fusion_20260817T192552Z,1241,30584302,486372273947758
486372296000000,30604,-0.756,-0.332,-0.601,0.65,0.8,3.7,1,imu01,fusion_20260817T192552Z,1242,30604298,486372293942996
486372328000000,30624,-0.753,-0.328,-0.61,2.2,-6.09,-0.21,1,imu01,fusion_20260817T192552Z,1243,30624302,486372313946233
486372343000000,30644,-0.75,-0.345,-0.62,5.89,-8.62,-0.68,1,imu01,fusion_20260817T192552Z,1244,30644298,486372333941470
486372359000000,30664,-0.708,-0.33,-0.6,2.87,0.16,0.94,1,imu01,fusion_20260817T192552Z,1245,30664302,486372353944708
486372375000000,30684,-0.719,-0.335,-0.595,2.77,-1.62,3.72,1,imu01,fusion_20260817T192552Z,1246,30684298,486372373939945
486372406000000,30704,-0.731,-0.351,-0.586,2.77,-3.57,4.42,1,imu01,fusion_20260817T192552Z,1247,30704302,486372393943182
486372421000000,30724,-0.759,-0.354,-0.58,4.51,-7.14,2.3,1,imu01,fusion_20260817T192552Z,1248,30724298,486372413938420
486372437000000,30744,-0.723,-0.353,-0.575,4.5,-1.55,0.72,1,imu01,fusion_20260817T192552Z,1249,30744302,486372433941657
486372468000000,30764,-0.717,-0.341,-0.581,2.83,3.42,1.54,1,imu01,fusion_20260817T192552Z,1250,30764298,486372453936895
486372484000000,30784,-0.669,-0.347,-0.568,2.65,5.04,2.51,1,imu01,fusion_20260817T192552Z,1251,30784302,486372473940132
486372500000000,30804,-0.75,-0.354,-0.559,0.06,7.51,2.91,1,imu01,fusion_20260817T192552Z,1252,30804298,486372493935370
486372515000000,30824,-0.743,-0.328,-0.59,0.49,0.46,1.17,1,imu01,fusion_20260817T192552Z,1253,30824302,486372513938607
486372546000000,30844,-0.75,-0.327,-0.591,3.6,-1.6,-1.82,1,imu01,fusion_20260817T192552Z,1254,30844298,486372533933845
486372562000000,30864,-0.728,-0.329,-0.596,5.64,-0.25,-2.66,1,imu01,fusion_20260817T192552Z,1255,30864302,486372553937082
486372578000000,30884,-0.711,-0.33,-0.6,9.13,-2.17,-3.37,1,imu01,fusion_20260817T192552Z,1256,30884298,486372573932319
486372609000000,30904,-0.684,-0.364,-0.543,7.22,4.7,-2.76,1,imu01,fusion_20260817T192552Z,1257,30904302,486372593935557
486372625000000,30924,-0.695,-0.377,-0.556,0.39,3.1,-3.63,1,imu01,fusion_20260817T192552Z,1258,30924298,486372613930794
486372640000000,30944,-0.713,-0.34,-0.618,1.9,0.4,-8.79,1,imu01,fusion_20260817T192552Z,1259,30944302,486372633934032
486372656000000,30964,-0.685,-0.328,-0.694,6.52,0.52,-12.83,1,imu01,fusion_20260817T192552Z,1260,30964298,486372653929269
486372687000000,30984,-0.697,-0.343,-0.65,10.96,5.49,-8.71,1,imu01,fusion_20260817T192552Z,1261,30984302,486372673932506
486372703000000,31004,-0.696,-0.361,-0.581,7.72,7.39,-4.79,1,imu01,fusion_20260817T192552Z,1262,31004298,486372693927744
486372718000000,31024,-0.779,-0.378,-0.576,0.23,3.15,-2.07,1,imu01,fusion_20260817T192552Z,1263,31024302,486372713930981
486372750000000,31044,-0.857,-0.404,-0.64,-2.57,9.59,-7.78,1,imu01,fusion_20260817T192552Z,1264,31044298,486372733926219
486372765000000,31064,-0.87,-0.418,-0.607,4.51,10.51,-22.99,1,imu01,fusion_20260817T192552Z,1265,31064302,486372753929456
486372781000000,31084,-0.813,-0.392,-0.628,13.77,4.9,-37.51,1,imu01,fusion_20260817T192552Z,1266,31084298,486372773924694
486372796000000,31104,-0.678,-0.403,-0.575,17.47,1.11,-38.82,1,imu01,fusion_20260817T192552Z,1267,31104302,486372793927931
486372828000000,31124,-0.561,-0.422,-0.499,6.63,-1.91,-27.98,1,imu01,fusion_20260817T192552Z,1268,31124298,486372813923169
486372843000000,31144,-0.525,-0.416,-0.443,-12.67,-1.28,-8.96,1,imu01,fusion_20260817T192552Z,1269,31144302,486372833926406
486372859000000,31164,-0.616,-0.412,-0.568,-22.9,-6.91,10.48,1,imu01,fusion_20260817T192552Z,1270,31164298,486372853921643
486372890000000,31184,-0.734,-0.396,-0.691,-23.05,-10.65,12.77,1,imu01,fusion_20260817T192552Z,1271,31184302,486372873924881
486372906000000,31204,-0.742,-0.389,-0.726,-17.24,-12.33,6.51,1,imu01,fusion_20260817T192552Z,1272,31204298,486372893920118
486372921000000,31224,-0.758,-0.392,-0.701,-16.7,-8.52,1.05,1,imu01,fusion_20260817T192552Z,1273,31224302,486372913923356
486372937000000,31244,-0.736,-0.372,-0.688,-17.04,-10.32,-2.89,1,imu01,fusion_20260817T192552Z,1274,31244298,486372933918593
486372968000000,31264,-0.694,-0.377,-0.662,-18.86,-14.64,-2.59,1,imu01,fusion_20260817T192552Z,1275,31264302,486372953921830
486372984000000,31284,-0.742,-0.361,-0.616,-29.36,-10.97,-2.15,1,imu01,fusion_20260817T192552Z,1276,31284298,486372973917068
486373000000000,31304,-0.748,-0.404,-0.621,-24.47,1.0,2.88,1,imu01,fusion_20260817T192552Z,1277,31304302,486372993920305
486373015000000,31324,-0.736,-0.399,-0.569,-26.57,6.54,-0.25,1,imu01,fusion_20260817T192552Z,1278,31324298,486373013915543
486373046000000,31344,-0.74,-0.376,-0.555,-31.44,6.76,-3.4,1,imu01,fusion_20260817T192552Z,1279,31344302,486373033918780
486373062000000,31364,-0.687,-0.311,-0.604,-29.04,2.52,-5.96,1,imu01,fusion_20260817T192552Z,1280,31364298,486373053914018
486373078000000,31384,-0.703,-0.308,-0.633,-20.65,8.36,-6.6,1,imu01,fusion_20260817T192552Z,1281,31384302,486373073917255
486373109000000,31404,-0.724,-0.322,-0.65,-9.44,2.24,-13.92,1,imu01,fusion_20260817T192552Z,1282,31404298,486373093912492
486373125000000,31424,-0.702,-0.353,-0.585,-5.58,-2.04,-20.89,1,imu01,fusion_20260817T192552Z,1283,31424302,486373113915730
486373140000000,31444,-0.656,-0.337,-0.585,-14.7,0.08,-14.12,1,imu01,fusion_20260817T192552Z,1284,31444298,486373133910967
486373156000000,31464,-0.666,-0.314,-0.636,-21.48,3.52,-3.66,1,imu01,fusion_20260817T192552Z,1285,31464302,486373153914205
486373187000000,31484,-0.729,-0.31,-0.696,-15.48,-7.36,-3.86,1,imu01,fusion_20260817T192552Z,1286,31484298,486373173909442
486373203000000,31504,-0.763,-0.33,-0.709,-6.09,-15.15,-11.28,1,imu01,fusion_20260817T192552Z,1287,31504302,486373193912680
486373218000000,31524,-0.726,-0.369,-0.649,-4.87,-7.38,-13.38,1,imu01,fusion_20260817T192552Z,1288,31524298,486373213907917
486373234000000,31544,-0.71,-0.353,-0.632,-9.93,-7.73,-13.18,1,imu01,fusion_20260817T192552Z,1289,31544302,486373233911154
486373265000000,31564,-0.674,-0.255,-0.718,-6.36,-9.56,-8.8,1,imu01,fusion_20260817T192552Z,1290,31564298,486373253906392
486373281000000,31584,-0.712,-0.248,-0.712,0.17,-7.61,-2.5,1,imu01,fusion_20260817T192552Z,1291,31584302,486373273909629
486373296000000,31604,-0.745,-0.293,-0.658,-1.22,-0.33,0.97,1,imu01,fusion_20260817T192552Z,1292,31604298,486373293904867
486373328000000,31624,-0.766,-0.305,-0.647,-4.93,7.35,-3.45,1,imu01,fusion_20260817T192552Z,1293,31624302,486373313908104
486373343000000,31644,-0.74,-0.265,-0.697,-3.11,8.99,-7.86,1,imu01,fusion_20260817T192552Z,1294,31644298,486373333903342
486373359000000,31664,-0.679,-0.254,-0.694,9.39,-0.3,-16.59,1,imu01,fusion_20260817T192552Z,1295,31664302,486373353906579
486373375000000,31684,-0.622,-0.301,-0.587,10.23,-1.8,-15.99,1,imu01,fusion_20260817T192552Z,1296,31684298,486373373901816
486373406000000,31704,-0.576,-0.333,-0.588,7.28,-9.3,-11.89,1,imu01,fusion_20260817T192552Z,1297,31704302,486373393905054
486373421000000,31724,-0.597,-0.353,-0.596,10.59,-9.94,-14.65,1,imu01,fusion_20260817T192552Z,1298,31724298,486373413900291
486373437000000,31744,-0.627,-0.385,-0.601,9.67,-20.45,-18.14,1,imu01,fusion_20260817T192552Z,1299,31744302,486373433903529
486373468000000,31764,-0.664,-0.316,-0.649,15.79,-17.21,-23.08,1,imu01,fusion_20260817T192552Z,1300,31764298,486373453898766
486373484000000,31784,-0.698,-0.384,-0.64,26.08,-14.3,-21.31,1,imu01,fusion_20260817T192552Z,1301,31784302,486373473902003
486373500000000,31804,-0.66,-0.45,-0.559,9.35,-13.97,-11.68,1,imu01,fusion_20260817T192552Z,1302,31804298,486373493897241
486373515000000,31824,-0.691,-0.421,-0.631,-8.03,-17.21,-5.75,1,imu01,fusion_20260817T192552Z,1303,31824302,486373513900478
486373546000000,31844,-0.74,-0.383,-0.732,-4.78,-13.17,-4.18,1,imu01,fusion_20260817T192552Z,1304,31844298,486373533895716
486373562000000,31864,-0.806,-0.397,-0.681,-7.8,-5.49,-10.03,1,imu01,fusion_20260817T192552Z,1305,31864302,486373553898953
486373578000000,31884,-0.835,-0.387,-0.633,-14.76,-10.79,-11.7,1,imu01,fusion_20260817T192552Z,1306,31884298,486373573894191
486373609000000,31904,-0.82,-0.41,-0.608,-13.99,-14.72,-13.22,1,imu01,fusion_20260817T192552Z,1307,31904302,486373593897428
486373625000000,31924,-0.775,-0.485,-0.561,-17.74,-11.87,-16.13,1,imu01,fusion_20260817T192552Z,1308,31924298,486373613892666
486373640000000,31944,-0.688,-0.431,-0.624,-19.74,-13.97,-12.72,1,imu01,fusion_20260817T192552Z,1309,31944302,486373633895903
486373656000000,31964,-0.665,-0.409,-0.678,-4.77,-23.44,-2.75,1,imu01,fusion_20260817T192552Z,1310,31964298,486373653891140
486373687000000,31984,-0.782,-0.565,-0.53,3.61,-23.62,10.32,1,imu01,fusion_20260817T192552Z,1311,31984302,486373673894378
486373703000000,32004,-0.881,-0.675,-0.394,-10.3,-15.72,20.7,1,imu01,fusion_20260817T192552Z,1312,32004298,486373693889615
486373718000000,32024,-0.899,-0.608,-0.348,-29.03,-14.46,20.36,1,imu01,fusion_20260817T192552Z,1313,32024302,486373713892852
486373750000000,32044,-0.901,-0.442,-0.545,-35.68,-17.14,11.99,1,imu01,fusion_20260817T192552Z,1314,32044298,486373733888090
486373765000000,32064,-0.917,-0.303,-0.701,-11.9,-31.94,-3.96,1,imu01,fusion_20260817T192552Z,1315,32064302,486373753891327
486373781000000,32084,-0.9,-0.354,-0.799,25.72,-56.05,-16.72,1,imu01,fusion_20260817T192552Z,1316,32084298,486373773886565
486373796000000,32104,-0.97,-0.503,-0.661,52.11,-70.58,-18.26,1,imu01,fusion_20260817T192552Z,1317,32104302,486373793889802
486373828000000,32124,-1.063,-0.73,-0.401,52.91,-75.78,-21.87,1,imu01,fusion_20260817T192552Z,1318,32124298,486373813885040
486373843000000,32144,-0.992,-0.779,-0.25,27.25,-74.79,-27.2,1,imu01,fusion_20260817T192552Z,1319,32144302,486373833888277
486373859000000,32164,-0.976,-0.563,-0.404,-1.06,-67.6,-18.46,1,imu01,fusion_20260817T192552Z,1320,32164298,486373853883515
486373875000000,32184,-0.868,-0.492,-0.668,38.95,-67.19,-19.41,1,imu01,fusion_20260817T192552Z,1321,32184302,486373873886752
486373906000000,32204,-1.025,-0.563,-0.417,59.81,-65.21,-29.7,1,imu01,fusion_20260817T192552Z,1322,32204298,486373893881990
486373921000000,32224,-0.942,-0.636,-0.305,49.29,-64.75,-29.95,1,imu01,fusion_20260817T192552Z,1323,32224302,486373913885227
486373937000000,32244,-0.815,-0.633,-0.235,25.8,-52.63,-15.44,1,imu01,fusion_20260817T192552Z,1324,32244298,486373933880464
486373968000000,32264,-0.688,-0.538,-0.182,-2.74,-26.08,3.77,1,imu01,fusion_20260817T192552Z,1325,32264302,486373953883702
486373984000000,32284,-0.672,-0.374,-0.285,-18.99,-19.36,14.91,1,imu01,fusion_20260817T192552Z,1326,32284298,486373973878939
486374000000000,32304,-0.758,-0.245,-0.502,4.53,-37.0,4.98,1,imu01,fusion_20260817T192552Z,1327,32304302,486373993882176
486374015000000,32324,-0.825,-0.363,-0.44,42.28,-56.42,-7.63,1,imu01,fusion_20260817T192552Z,1328,32324298,486374013877414
486374046000000,32344,-0.785,-0.503,-0.191,46.39,-51.07,-10.56,1,imu01,fusion_20260817T192552Z,1329,32344302,486374033880651
486374062000000,32364,-0.716,-0.528,-0.076,25.58,-46.15,-4.85,1,imu01,fusion_20260817T192552Z,1330,32364298,486374053875889
486374078000000,32384,-0.706,-0.466,-0.128,1.78,-36.5,12.83,1,imu01,fusion_20260817T192552Z,1331,32384302,486374073879126
486374109000000,32404,-0.713,-0.372,-0.237,-11.28,-27.05,23.91,1,imu01,fusion_20260817T192552Z,1332,32404298,486374093874364
486374125000000,32424,-0.69,-0.3,-0.261,-8.78,-22.75,25.33,1,imu01,fusion_20260817T192552Z,1333,32424302,486374113877601
486374140000000,32444,-0.676,-0.271,-0.268,-2.21,-13.81,21.45,1,imu01,fusion_20260817T192552Z,1334,32444298,486374133872839
486374156000000,32464,-0.676,-0.306,-0.224,4.74,-17.13,14.04,1,imu01,fusion_20260817T192552Z,1335,32464302,486374153876076
486374187000000,32484,-0.643,-0.342,-0.164,4.33,-10.33,9.85,1,imu01,fusion_20260817T192552Z,1336,32484298,486374173871313
486374203000000,32504,-0.659,-0.379,-0.126,1.52,-5.52,5.27,1,imu01,fusion_20260817T192552Z,1337,32504302,486374193874551
486374218000000,32524,-0.66,-0.371,-0.146,-4.87,-2.46,2.7,1,imu01,fusion_20260817T192552Z,1338,32524298,486374213869788
486374250000000,32544,-0.659,-0.32,-0.234,-0.88,-1.82,2.0,1,imu01,fusion_20260817T192552Z,1339,32544302,486374233873026
486374265000000,32564,-0.658,-0.32,-0.21,7.7,-1.27,1.67,1,imu01,fusion_20260817T192552Z,1340,32564298,486374253868263
486374281000000,32584,-0.663,-0.346,-0.172,12.52,-5.4,3.33,1,imu01,fusion_20260817T192552Z,1341,32584302,486374273871500
486374296000000,32604,-0.739,-0.381,-0.176,10.7,-0.33,8.4,1,imu01,fusion_20260817T192552Z,1342,32604298,486374293866738
486374328000000,32624,-0.785,-0.392,-0.227,10.74,-1.21,8.27,1,imu01,fusion_20260817T192552Z,1343,32624302,486374313869975
486374343000000,32644,-0.776,-0.391,-0.241,17.58,-4.77,2.12,1,imu01,fusion_20260817T192552Z,1344,32644298,486374333865213
486374359000000,32664,-0.796,-0.42,-0.208,22.09,-7.13,-0.09,1,imu01,fusion_20260817T192552Z,1345,32664302,486374353868450
486374375000000,32684,-0.822,-0.448,-0.213,23.16,-3.87,4.28,1,imu01,fusion_20260817T192552Z,1346,32684298,486374373863688
486374406000000,32704,-0.893,-0.458,-0.182,21.4,-0.25,4.46,1,imu01,fusion_20260817T192552Z,1347,32704302,486374393866925
486374421000000,32724,-0.935,-0.487,-0.157,13.19,0.6,3.14,1,imu01,fusion_20260817T192552Z,1348,32724298,486374413862162
486374437000000,32744,-0.879,-0.446,-0.186,7.8,5.43,-2.36,1,imu01,fusion_20260817T192552Z,1349,32744302,486374433865400
486374468000000,32764,-0.838,-0.409,-0.21,9.81,5.45,-6.57,1,imu01,fusion_20260817T192552Z,1350,32764298,486374453860637
486374484000000,32784,-0.789,-0.394,-0.176,10.58,3.13,-6.28,1,imu01,fusion_20260817T192552Z,1351,32784302,486374473863875
486374500000000,32804,-0.758,-0.406,-0.169,9.81,1.57,-2.02,1,imu01,fusion_20260817T192552Z,1352,32804298,486374493859112
486374515000000,32824,-0.805,-0.431,-0.179,11.73,-0.41,1.91,1,imu01,fusion_20260817T192552Z,1353,32824302,486374513862350
486374546000000,32844,-0.892,-0.479,-0.189,15.72,-1.21,2.82,1,imu01,fusion_20260817T192552Z,1354,32844298,486374533857587
486374562000000,32864,-0.959,-0.531,-0.152,15.07,-0.27,3.4,1,imu01,fusion_20260817T192552Z,1355,32864302,486374553860824
486374578000000,32884,-0.998,-0.557,-0.148,9.46,4.64,1.98,1,imu01,fusion_20260817T192552Z,1356,32884298,486374573856062
486374609000000,32904,-0.998,-0.52,-0.177,4.43,3.01,-1.02,1,imu01,fusion_20260817T192552Z,1357,32904302,486374593859299
486374625000000,32924,-0.959,-0.468,-0.197,5.81,2.28,-4.71,1,imu01,fusion_20260817T192552Z,1358,32924298,486374613854537
486374640000000,32944,-0.918,-0.462,-0.178,6.46,1.7,-4.08,1,imu01,fusion_20260817T192552Z,1359,32944302,486374633857774
486374656000000,32964,-0.889,-0.449,-0.152,0.87,2.92,-0.11,1,imu01,fusion_20260817T192552Z,1360,32964298,486374653853012
486374687000000,32984,-0.851,-0.428,-0.184,-0.5,3.15,1.92,1,imu01,fusion_20260817T192552Z,1361,32984302,486374673856249
486374703000000,33004,-0.865,-0.414,-0.19,-1.62,3.61,3.12,1,imu01,fusion_20260817T192552Z,1362,33004298,486374693851486
486374718000000,33024,-0.87,-0.428,-0.198,-0.09,-0.34,4.67,1,imu01,fusion_20260817T192552Z,1363,33024302,486374713854724
486374734000000,33044,-0.893,-0.45,-0.184,-0.74,0.44,4.55,1,imu01,fusion_20260817T192552Z,1364,33044298,486374733849961
486374765000000,33064,-0.888,-0.463,-0.188,-0.78,0.01,2.51,1,imu01,fusion_20260817T192552Z,1365,33064302,486374753853199
486374781000000,33084,-0.869,-0.473,-0.18,-0.86,3.58,2.29,1,imu01,fusion_20260817T192552Z,1366,33084298,486374773848436
486374796000000,33104,-0.87,-0.472,-0.175,-1.75,4.63,3.17,1,imu01,fusion_20260817T192552Z,1367,33104302,486374793851673
486374828000000,33124,-0.868,-0.472,-0.179,-2.46,3.05,3.82,1,imu01,fusion_20260817T192552Z,1368,33124298,486374813846911
486374843000000,33144,-0.874,-0.474,-0.169,-5.19,0.44,2.66,1,imu01,fusion_20260817T192552Z,1369,33144302,486374833850148
486374859000000,33164,-0.864,-0.464,-0.188,-6.06,1.38,0.74,1,imu01,fusion_20260817T192552Z,1370,33164298,486374853845386
486374875000000,33184,-0.841,-0.451,-0.196,-4.17,3.91,1.95,1,imu01,fusion_20260817T192552Z,1371,33184302,486374873848623
486374906000000,33204,-0.87,-0.455,-0.184,-4.25,1.12,4.58,1,imu01,fusion_20260817T192552Z,1372,33204298,486374893843861
486374921000000,33224,-0.914,-0.467,-0.196,-5.25,2.3,5.64,1,imu01,fusion_20260817T192552Z,1373,33224302,486374913847098
486374937000000,33244,-0.929,-0.468,-0.215,-1.51,4.86,-0.43,1,imu01,fusion_20260817T192552Z,1374,33244298,486374933842336
486374968000000,33264,-0.898,-0.469,-0.185,3.01,3.14,-6.97,1,imu01,fusion_20260817T192552Z,1375,33264302,486374953845573
486374984000000,33284,-0.857,-0.468,-0.16,0.95,4.22,-7.26,1,imu01,fusion_20260817T192552Z,1376,33284298,486374973840810
486375000000000,33304,-0.828,-0.453,-0.159,-1.57,3.87,-5.04,1,imu01,fusion_20260817T192552Z,1377,33304302,486374993844048
486375015000000,33324,-0.826,-0.435,-0.189,-0.96,3.83,-4.27,1,imu01,fusion_20260817T192552Z,1378,33324298,486375013839285
486375046000000,33344,-0.826,-0.444,-0.199,-0.42,7.1,-2.15,1,imu01,fusion_20260817T192552Z,1379,33344302,486375033842522
486375062000000,33364,-0.82,-0.445,-0.194,0.32,3.8,-3.15,1,imu01,fusion_20260817T192552Z,1380,33364298,486375053837760
486375078000000,33384,-0.835,-0.459,-0.196,-0.36,-1.96,-4.07,1,imu01,fusion_20260817T192552Z,1381,33384302,486375073840997
486375109000000,33404,-0.84,-0.454,-0.208,-0.54,-2.1,-3.35,1,imu01,fusion_20260817T192552Z,1382,33404298,486375093836235
486375125000000,33424,-0.832,-0.48,-0.185,-3.42,1.5,-0.0,1,imu01,fusion_20260817T192552Z,1383,33424302,486375113839472
486375140000000,33444,-0.85,-0.484,-0.192,-7.76,-1.41,0.89,1,imu01,fusion_20260817T192552Z,1384,33444298,486375133834710
486375156000000,33464,-0.874,-0.504,-0.185,-12.86,-4.08,0.22,1,imu01,fusion_20260817T192552Z,1385,33464302,486375153837947
486375187000000,33484,-0.847,-0.496,-0.18,-19.23,-3.93,0.54,1,imu01,fusion_20260817T192552Z,1386,33484298,486375173833185
486375203000000,33504,-0.856,-0.465,-0.211,-23.88,-6.75,2.53,1,imu01,fusion_20260817T192552Z,1387,33504302,486375193836422
486375218000000,33524,-0.869,-0.453,-0.215,-26.0,-6.77,5.24,1,imu01,fusion_20260817T192552Z,1388,33524298,486375213831660
486375250000000,33544,-0.881,-0.449,-0.223,-27.61,-7.11,4.26,1,imu01,fusion_20260817T192552Z,1389,33544302,486375233834897
486375265000000,33564,-0.884,-0.447,-0.242,-26.74,-7.73,-0.02,1,imu01,fusion_20260817T192552Z,1390,33564298,486375253830134
486375281000000,33584,-0.888,-0.427,-0.252,-23.09,-9.05,-3.46,1,imu01,fusion_20260817T192552Z,1391,33584302,486375273833372
486375296000000,33604,-0.857,-0.437,-0.235,-21.69,-7.82,-3.46,1,imu01,fusion_20260817T192552Z,1392,33604298,486375293828609
486375328000000,33624,-0.849,-0.461,-0.192,-24.22,-9.63,-2.79,1,imu01,fusion_20260817T192552Z,1393,33624302,486375313831846
486375343000000,33644,-0.85,-0.458,-0.19,-28.89,-9.29,-3.44,1,imu01,fusion_20260817T192552Z,1394,33644298,486375333827084
486375359000000,33664,-0.823,-0.437,-0.224,-28.12,-11.52,-3.85,1,imu01,fusion_20260817T192552Z,1395,33664302,486375353830321
486375375000000,33684,-0.812,-0.435,-0.256,-25.25,-15.84,-1.67,1,imu01,fusion_20260817T192552Z,1396,33684298,486375373825559
486375406000000,33704,-0.823,-0.435,-0.257,-22.09,-10.84,-0.89,1,imu01,fusion_20260817T192552Z,1397,33704302,486375393828796
486375421000000,33724,-0.866,-0.453,-0.232,-21.59,-15.2,-0.46,1,imu01,fusion_20260817T192552Z,1398,33724298,486375413824034
486375437000000,33744,-0.886,-0.467,-0.241,-21.79,-19.03,-2.16,1,imu01,fusion_20260817T192552Z,1399,33744302,486375433827271
486375468000000,33764,-0.881,-0.471,-0.236,-23.47,-17.5,-3.96,1,imu01,fusion_20260817T192552Z,1400,33764298,486375453822509
486375484000000,33784,-0.881,-0.472,-0.239,-23.78,-11.66,-6.7,1,imu01,fusion_20260817T192552Z,1401,33784302,486375473825746
486375500000000,33804,-0.878,-0.446,-0.246,-21.52,-7.93,-9.5,1,imu01,fusion_20260817T192552Z,1402,33804298,486375493820983
486375515000000,33824,-0.863,-0.438,-0.246,-19.16,-5.5,-9.4,1,imu01,fusion_20260817T192552Z,1403,33824302,486375513824221
486375546000000,33844,-0.859,-0.447,-0.224,-18.44,-7.43,-7.33,1,imu01,fusion_20260817T192552Z,1404,33844298,486375533819458
486375562000000,33864,-0.853,-0.461,-0.214,-19.78,-2.68,-6.99,1,imu01,fusion_20260817T192552Z,1405,33864302,486375553822696
486375578000000,33884,-0.873,-0.468,-0.223,-20.18,-6.36,-9.34,1,imu01,fusion_20260817T192552Z,1406,33884298,486375573817933
486375609000000,33904,-0.85,-0.476,-0.2,-20.52,-9.35,-11.86,1,imu01,fusion_20260817T192552Z,1407,33904302,486375593821170
486375625000000,33924,-0.828,-0.457,-0.234,-19.93,-12.72,-10.07,1,imu01,fusion_20260817T192552Z,1408,33924298,486375613816408
486375640000000,33944,-0.825,-0.464,-0.207,-17.9,-8.88,-5.01,1,imu01,fusion_20260817T192552Z,1409,33944302,486375633819645
486375656000000,33964,-0.846,-0.47,-0.207,-20.28,-8.09,-0.05,1,imu01,fusion_20260817T192552Z,1410,33964298,486375653814883
486375687000000,33984,-0.83,-0.457,-0.244,-18.57,-4.88,0.75,1,imu01,fusion_20260817T192552Z,1411,33984302,486375673818120
486375703000000,34004,-0.877,-0.463,-0.235,-19.67,-10.05,0.04,1,imu01,fusion_20260817T192552Z,1412,34004298,486375693813358
486375718000000,34024,-0.899,-0.456,-0.203,-22.63,-4.96,0.46,1,imu01,fusion_20260817T192552Z,1413,34024302,486375713816595
486375750000000,34044,-0.894,-0.438,-0.233,-22.78,-6.07,-0.88,1,imu01,fusion_20260817T192552Z,1414,34044298,486375733811832
486375765000000,34064,-0.874,-0.424,-0.243,-20.32,-9.7,-2.34,1,imu01,fusion_20260817T192552Z,1415,34064302,486375753815070
486375781000000,34084,-0.857,-0.4,-0.257,-16.32,-10.99,-2.59,1,imu01,fusion_20260817T192552Z,1416,34084298,486375773810307
486375796000000,34104,-0.838,-0.402,-0.278,-12.09,-8.33,1.9,1,imu01,fusion_20260817T192552Z,1417,34104302,486375793813545
486375828000000,34124,-0.87,-0.429,-0.253,-11.09,-8.43,5.87,1,imu01,fusion_20260817T192552Z,1418,34124298,486375813808782
486375843000000,34144,-0.883,-0.439,-0.259,-14.16,-1.75,7.43,1,imu01,fusion_20260817T192552Z,1419,34144302,486375833812020
486375859000000,34164,-0.88,-0.495,-0.212,-7.41,-5.2,4.45,1,imu01,fusion_20260817T192552Z,1420,34164298,486375853807257
486375875000000,34184,-0.884,-0.45,-0.211,-12.48,-7.35,1.14,1,imu01,fusion_20260817T192552Z,1421,34184302,486375873810494
486375906000000,34204,-0.844,-0.409,-0.201,-20.25,-3.61,2.17,1,imu01,fusion_20260817T192552Z,1422,34204298,486375893805732
486375921000000,34224,-0.87,-0.388,-0.181,-20.92,-7.49,6.11,1,imu01,fusion_20260817T192552Z,1423,34224302,486375913808969
486375937000000,34244,-0.871,-0.379,-0.252,-21.44,-14.04,5.11,1,imu01,fusion_20260817T192552Z,1424,34244298,486375933804207
486375968000000,34264,-0.87,-0.397,-0.211,-20.55,-13.46,3.95,1,imu01,fusion_20260817T192552Z,1425,34264302,486375953807444
486375984000000,34284,-0.908,-0.399,-0.21,-25.7,-15.35,0.57,1,imu01,fusion_20260817T192552Z,1426,34284298,486375973802682
486376000000000,34304,-0.902,-0.375,-0.246,-27.22,-11.93,-3.18,1,imu01,fusion_20260817T192552Z,1427,34304302,486375993805919
486376015000000,34324,-0.888,-0.347,-0.25,-29.61,-2.52,-7.7,1,imu01,fusion_20260817T192552Z,1428,34324298,486376013801156
486376046000000,34344,-0.863,-0.396,-0.207,-25.76,7.46,-7.51,1,imu01,fusion_20260817T192552Z,1429,34344302,486376033804394
486376062000000,34364,-0.84,-0.389,-0.195,-24.43,-14.87,-9.27,1,imu01,fusion_20260817T192552Z,1430,34364298,486376053799631
486376078000000,34384,-0.83,-0.401,-0.196,-29.01,-20.27,-4.6,1,imu01,fusion_20260817T192552Z,1431,34384302,486376073802869
486376109000000,34404,-0.856,-0.404,-0.201,-35.93,-12.17,-1.1,1,imu01,fusion_20260817T192552Z,1432,34404298,486376093798106
486376125000000,34424,-0.883,-0.406,-0.219,-37.84,-13.02,-1.82,1,imu01,fusion_20260817T192552Z,1433,34424302,486376113801343
486376140000000,34444,-0.873,-0.387,-0.215,-35.77,-15.6,-4.89,1,imu01,fusion_20260817T192552Z,1434,34444298,486376133796581
486376156000000,34464,-0.898,-0.387,-0.209,-38.02,-14.23,-6.78,1,imu01,fusion_20260817T192552Z,1435,34464302,486376153799818
486376187000000,34484,-0.878,-0.373,-0.217,-40.41,-12.69,-5.38,1,imu01,fusion_20260817T192552Z,1436,34484298,486376173795056
486376203000000,34504,-0.881,-0.365,-0.218,-40.25,-10.37,-3.39,1,imu01,fusion_20260817T192552Z,1437,34504302,486376193798293
486376218000000,34524,-0.913,-0.354,-0.266,-39.46,-14.09,-3.92,1,imu01,fusion_20260817T192552Z,1438,34524298,486376213793531
486376250000000,34544,-0.941,-0.356,-0.252,-35.74,-7.61,-7.36,1,imu01,fusion_20260817T192552Z,1439,34544302,486376233796768
486376265000000,34564,-0.978,-0.365,-0.237,-34.31,-3.81,-13.74,1,imu01,fusion_20260817T192552Z,1440,34564298,486376253792006
486376281000000,34584,-0.94,-0.337,-0.249,-31.01,-7.52,-19.46,1,imu01,fusion_20260817T192552Z,1441,34584302,486376273795243
486376296000000,34604,-0.902,-0.329,-0.232,-25.91,-12.52,-18.43,1,imu01,fusion_20260817T192552Z,1442,34604298,486376293790480
486376328000000,34624,-0.895,-0.369,-0.2,-26.77,-4.21,-11.14,1,imu01,fusion_20260817T192552Z,1443,34624302,486376313793718
486376343000000,34644,-0.91,-0.393,-0.178,-31.63,0.43,-9.3,1,imu01,fusion_20260817T192552Z,1444,34644298,486376333788955
486376359000000,34664,-0.911,-0.387,-0.205,-31.41,-5.62,-12.53,1,imu01,fusion_20260817T192552Z,1445,34664302,486376353792193
486376390000000,34684,-0.871,-0.368,-0.226,-25.05,-10.49,-15.47,1,imu01,fusion_20260817T192552Z,1446,34684298,486376373787430
486376406000000,34704,-0.835,-0.383,-0.22,-19.77,-9.52,-13.47,1,imu01,fusion_20260817T192552Z,1447,34704302,486376393790667
486376421000000,34724,-0.879,-0.408,-0.211,-19.34,-10.13,-8.67,1,imu01,fusion_20260817T192552Z,1448,34724298,486376413785905
486376437000000,34744,-0.907,-0.417,-0.198,-22.7,-9.36,-6.99,1,imu01,fusion_20260817T192552Z,1449,34744302,486376433789142
486376468000000,34764,-0.926,-0.412,-0.236,-24.89,-6.68,-10.34,1,imu01,fusion_20260817T192552Z,1450,34764298,486376453784380
486376484000000,34784,-0.922,-0.404,-0.269,-18.82,-5.9,-15.81,1,imu01,fusion_20260817T192552Z,1451,34784302,486376473787617
486376500000000,34804,-0.895,-0.4,-0.275,-14.13,-2.26,-14.47,1,imu01,fusion_20260817T192552Z,1452,34804298,486376493782855
486376515000000,34824,-0.858,-0.428,-0.252,-9.64,-2.84,-16.58,1,imu01,fusion_20260817T192552Z,1453,34824302,486376513786092
486376546000000,34844,-0.843,-0.443,-0.22,-12.64,-3.46,-15.51,1,imu01,fusion_20260817T192552Z,1454,34844298,486376533781330
486376562000000,34864,-0.793,-0.424,-0.235,-15.61,-5.12,-11.03,1,imu01,fusion_20260817T192552Z,1455,34864302,486376553784567
486376578000000,34884,-0.766,-0.41,-0.259,-14.5,-6.09,-3.1,1,imu01,fusion_20260817T192552Z,1456,34884298,486376573779804
486376609000000,34904,-0.803,-0.396,-0.307,-8.91,-5.47,3.18,1,imu01,fusion_20260817T192552Z,1457,34904302,486376593783042
486376625000000,34924,-0.883,-0.434,-0.305,0.09,-4.69,3.58,1,imu01,fusion_20260817T192552Z,1458,34924298,486376613778279
486376640000000,34944,-0.896,-0.473,-0.283,6.3,-1.13,-0.89,1,imu01,fusion_20260817T192552Z,1459,34944302,486376633781516
486376656000000,34964,-0.896,-0.5,-0.25,6.25,1.13,-1.05,1,imu01,fusion_20260817T192552Z,1460,34964298,486376653776754
486376687000000,34984,-0.914,-0.512,-0.261,4.51,-0.56,-1.46,1,imu01,fusion_20260817T192552Z,1461,34984302,486376673779991
486376703000000,35004,-0.903,-0.511,-0.263,5.56,1.83,-4.67,1,imu01,fusion_20260817T192552Z,1462,35004298,486376693775229
486376718000000,35024,-0.832,-0.485,-0.263,4.88,2.81,-6.39,1,imu01,fusion_20260817T192552Z,1463,35024302,486376713778466
486376734000000,35044,-0.81,-0.452,-0.256,4.23,3.49,-3.45,1,imu01,fusion_20260817T192552Z,1464,35044298,486376733773704
486376765000000,35064,-0.81,-0.454,-0.263,4.99,3.7,1.17,1,imu01,fusion_20260817T192552Z,1465,35064302,486376753776941
486376781000000,35084,-0.86,-0.461,-0.262,7.88,3.24,4.83,1,imu01,fusion_20260817T192552Z,1466,35084298,486376773772179
486376796000000,35104,-0.868,-0.476,-0.278,11.91,2.03,5.23,1,imu01,fusion_20260817T192552Z,1467,35104302,486376793775416
486376828000000,35124,-0.934,-0.517,-0.262,14.07,-0.65,3.92,1,imu01,fusion_20260817T192552Z,1468,35124298,486376813770653
486376843000000,35144,-0.963,-0.521,-0.245,10.91,0.87,-1.31,1,imu01,fusion_20260817T192552Z,1469,35144302,486376833773891
486376859000000,35164,-0.915,-0.48,-0.245,7.2,4.45,-7.99,1,imu01,fusion_20260817T192552Z,1470,35164298,486376853769128
486376875000000,35184,-0.827,-0.426,-0.237,4.6,5.65,-11.0,1,imu01,fusion_20260817T192552Z,1471,35184302,486376873772366
486376906000000,35204,-0.735,-0.395,-0.222,-0.5,3.58,-7.3,1,imu01,fusion_20260817T192552Z,1472,35204298,486376893767603
486376921000000,35224,-0.754,-0.369,-0.24,-4.91,2.17,0.4,1,imu01,fusion_20260817T192552Z,1473,35224302,486376913770840
486376937000000,35244,-0.775,-0.372,-0.276,-2.79,2.55,5.56,1,imu01,fusion_20260817T192552Z,1474,35244298,486376933766078
486376968000000,35264,-0.83,-0.397,-0.267,0.42,0.04,7.36,1,imu01,fusion_20260817T192552Z,1475,35264302,486376953769315
486376984000000,35284,-0.853,-0.415,-0.271,5.05,0.1,8.22,1,imu01,fusion_20260817T192552Z,1476,35284298,486376973764553
486377000000000,35304,-0.876,-0.465,-0.237,6.77,-0.2,8.37,1,imu01,fusion_20260817T192552Z,1477,35304302,486376993767790
486377015000000,35324,-0.92,-0.478,-0.23,4.57,2.7,7.37,1,imu01,fusion_20260817T192552Z,1478,35324298,486377013763028
486377046000000,35344,-0.891,-0.467,-0.251,4.76,-0.52,4.69,1,imu01,fusion_20260817T192552Z,1479,35344302,486377033766265
486377062000000,35364,-0.861,-0.449,-0.243,4.14,-2.21,5.01,1,imu01,fusion_20260817T192552Z,1480,35364298,486377053761503
486377078000000,35384,-0.874,-0.453,-0.222,0.15,-0.68,6.07,1,imu01,fusion_20260817T192552Z,1481,35384302,486377073764740
486377109000000,35404,-0.886,-0.44,-0.246,-3.71,-3.01,5.97,1,imu01,fusion_20260817T192552Z,1482,35404298,486377093759977
486377125000000,35424,-0.895,-0.418,-0.284,-5.85,1.65,4.33,1,imu01,fusion_20260817T192552Z,1483,35424302,486377113763215
486377140000000,35444,-0.878,-0.39,-0.299,-4.37,3.19,1.97,1,imu01,fusion_20260817T192552Z,1484,35444298,486377133758452
486377156000000,35464,-0.874,-0.37,-0.318,-0.28,0.5,2.28,1,imu01,fusion_20260817T192552Z,1485,35464302,486377153761690
486377187000000,35484,-0.867,-0.38,-0.306,3.94,0.32,2.4,1,imu01,fusion_20260817T192552Z,1486,35484298,486377173756927
486377203000000,35504,-0.863,-0.395,-0.27,6.57,0.62,1.39,1,imu01,fusion_20260817T192552Z,1487,35504302,486377193760164
486377218000000,35524,-0.85,-0.387,-0.282,9.75,0.83,0.78,1,imu01,fusion_20260817T192552Z,1488,35524298,486377213755402
486377250000000,35544,-0.851,-0.41,-0.259,13.55,5.48,2.18,1,imu01,fusion_20260817T192552Z,1489,35544302,486377233758639
486377265000000,35564,-0.896,-0.428,-0.264,13.98,9.75,3.44,1,imu01,fusion_20260817T192552Z,1490,35564298,486377253753877
486377281000000,35584,-0.934,-0.44,-0.254,11.31,1.29,2.67,1,imu01,fusion_20260817T192552Z,1491,35584302,486377273757114
486377296000000,35604,-0.914,-0.437,-0.269,11.95,0.25,-1.89,1,imu01,fusion_20260817T192552Z,1492,35604298,486377293752352
486377328000000,35624,-0.88,-0.435,-0.238,8.6,6.3,-2.6,1,imu01,fusion_20260817T192552Z,1493,35624302,486377313755589
486377343000000,35644,-0.859,-0.424,-0.242,3.95,5.56,-1.15,1,imu01,fusion_20260817T192552Z,1494,35644298,486377333750826
486377359000000,35664,-0.839,-0.402,-0.265,3.59,0.96,1.37,1,imu01,fusion_20260817T192552Z,1495,35664302,486377353754064
486377375000000,35684,-0.825,-0.4,-0.26,5.17,3.42,2.01,1,imu01,fusion_20260817T192552Z,1496,35684298,486377373749301
486377406000000,35704,-0.887,-0.421,-0.221,2.14,4.71,4.65,1,imu01,fusion_20260817T192552Z,1497,35704302,486377393752539
486377421000000,35724,-0.878,-0.404,-0.262,-1.71,2.97,6.74,1,imu01,fusion_20260817T192552Z,1498,35724298,486377413747776
486377437000000,35744,-0.91,-0.404,-0.281,2.46,0.12,4.09,1,imu01,fusion_20260817T192552Z,1499,35744302,486377433751013
486377468000000,35764,-0.875,-0.437,-0.262,3.95,1.2,0.16,1,imu01,fusion_20260817T192552Z,1500,35764298,486377453746251
486377484000000,35784,-0.886,-0.434,-0.251,2.81,3.32,-0.7,1,imu01,fusion_20260817T192552Z,1501,35784302,486377473749488
486377500000000,35804,-0.849,-0.426,-0.264,3.4,7.9,-0.79,1,imu01,fusion_20260817T192552Z,1502,35804298,486377493744726
486377515000000,35824,-0.85,-0.424,-0.26,4.49,5.52,-1.83,1,imu01,fusion_20260817T192552Z,1503,35824302,486377513747963
486377546000000,35844,-0.855,-0.43,-0.255,4.18,2.41,-0.97,1,imu01,fusion_20260817T192552Z,1504,35844298,486377533743201
486377562000000,35864,-0.847,-0.426,-0.25,4.61,-1.94,-1.11,1,imu01,fusion_20260817T192552Z,1505,35864302,486377553746438
486377578000000,35884,-0.839,-0.435,-0.248,3.51,4.36,0.06,1,imu01,fusion_20260817T192552Z,1506,35884298,486377573741676
486377609000000,35904,-0.871,-0.422,-0.265,0.96,6.65,2.25,1,imu01,fusion_20260817T192552Z,1507,35904302,486377593744913
486377625000000,35924,-0.882,-0.403,-0.293,1.05,6.36,2.27,1,imu01,fusion_20260817T192552Z,1508,35924298,486377613740150
486377640000000,35944,-0.889,-0.399,-0.289,5.3,1.09,0.62,1,imu01,fusion_20260817T192552Z,1509,35944302,486377633743388
486377656000000,35964,-0.838,-0.393,-0.286,9.52,-0.84,-0.0,1,imu01,fusion_20260817T192552Z,1510,35964298,486377653738625
486377687000000,35984,-0.851,-0.406,-0.261,8.51,0.29,1.95,1,imu01,fusion_20260817T192552Z,1511,35984302,486377673741863
486377703000000,36004,-0.854,-0.422,-0.225,5.77,5.34,4.17,1,imu01,fusion_20260817T192552Z,1512,36004298,486377693737100
486377718000000,36024,-0.852,-0.415,-0.252,3.74,1.38,5.37,1,imu01,fusion_20260817T192552Z,1513,36024302,486377713740337
486377750000000,36044,-0.872,-0.407,-0.283,4.29,0.8,5.62,1,imu01,fusion_20260817T192552Z,1514,36044298,486377733735575
486377765000000,36064,-0.888,-0.419,-0.278,4.58,1.35,4.61,1,imu01,fusion_20260817T192552Z,1515,36064302,486377753738812
486377781000000,36084,-0.903,-0.462,-0.316,4.82,-0.97,3.6,1,imu01,fusion_20260817T192552Z,1516,36084298,486377773734050
486377796000000,36104,-0.865,-0.419,-0.28,6.55,-0.45,5.52,1,imu01,fusion_20260817T192552Z,1517,36104302,486377793737287
486377828000000,36124,-0.87,-0.426,-0.252,5.61,4.11,6.64,1,imu01,fusion_20260817T192552Z,1518,36124298,486377813732525
486377843000000,36144,-0.891,-0.427,-0.243,5.5,-1.7,5.01,1,imu01,fusion_20260817T192552Z,1519,36144302,486377833735762
486377859000000,36164,-0.875,-0.422,-0.246,7.57,-2.88,3.02,1,imu01,fusion_20260817T192552Z,1520,36164298,486377853731000
486377875000000,36184,-0.87,-0.423,-0.235,9.3,1.96,3.95,1,imu01,fusion_20260817T192552Z,1521,36184302,486377873734237
486377906000000,36204,-0.869,-0.42,-0.221,8.92,4.6,7.38,1,imu01,fusion_20260817T192552Z,1522,36204298,486377893729474
486377921000000,36224,-0.858,-0.398,-0.238,9.91,4.35,9.78,1,imu01,fusion_20260817T192552Z,1523,36224302,486377913732712
486377937000000,36244,-0.86,-0.395,-0.239,12.45,5.38,11.69,1,imu01,fusion_20260817T192552Z,1524,36244298,486377933727949
486377968000000,36264,-0.852,-0.393,-0.255,15.12,6.12,12.8,1,imu01,fusion_20260817T192552Z,1525,36264302,486377953731186
486377984000000,36284,-0.831,-0.382,-0.242,18.52,2.45,15.17,1,imu01,fusion_20260817T192552Z,1526,36284298,486377973726424
486378000000000,36304,-0.807,-0.387,-0.211,18.91,-2.4,19.73,1,imu01,fusion_20260817T192552Z,1527,36304302,486377993729661
486378015000000,36324,-0.791,-0.377,-0.173,10.81,5.45,28.49,1,imu01,fusion_20260817T192552Z,1528,36324298,486378013724899
486378046000000,36344,-0.809,-0.331,-0.235,6.37,13.82,36.12,1,imu01,fusion_20260817T192552Z,1529,36344302,486378033728136
486378062000000,36364,-0.893,-0.322,-0.3,15.43,10.62,34.42,1,imu01,fusion_20260817T192552Z,1530,36364298,486378053723374
486378078000000,36384,-0.98,-0.368,-0.299,25.87,6.27,23.59,1,imu01,fusion_20260817T192552Z,1531,36384302,486378073726611
486378109000000,36404,-0.979,-0.387,-0.285,33.55,2.2,7.96,1,imu01,fusion_20260817T192552Z,1532,36404298,486378093721849
486378125000000,36424,-0.86,-0.363,-0.264,39.49,2.99,-3.53,1,imu01,fusion_20260817T192552Z,1533,36424302,486378113725086
486378140000000,36444,-0.794,-0.348,-0.241,35.11,6.06,0.86,1,imu01,fusion_20260817T192552Z,1534,36444298,486378133720323
486378156000000,36464,-0.821,-0.358,-0.237,29.07,10.26,11.39,1,imu01,fusion_20260817T192552Z,1535,36464302,486378153723561
486378187000000,36484,-0.962,-0.429,-0.232,25.25,9.56,15.03,1,imu01,fusion_20260817T192552Z,1536,36484298,486378173718798
486378203000000,36504,-1.063,-0.471,-0.235,21.07,10.11,6.4,1,imu01,fusion_20260817T192552Z,1537,36504302,486378193722036
486378218000000,36524,-1.062,-0.446,-0.237,19.4,7.24,-7.47,1,imu01,fusion_20260817T192552Z,1538,36524298,486378213717273
486378234000000,36544,-0.979,-0.402,-0.236,15.88,7.32,-15.31,1,imu01,fusion_20260817T192552Z,1539,36544302,486378233720510
486378265000000,36564,-0.941,-0.37,-0.221,11.43,9.76,-14.44,1,imu01,fusion_20260817T192552Z,1540,36564298,486378253715748
486378281000000,36584,-0.934,-0.364,-0.21,6.17,6.58,-14.55,1,imu01,fusion_20260817T192552Z,1541,36584302,486378273718985
486378296000000,36604,-0.93,-0.354,-0.251,5.32,5.87,-14.67,1,imu01,fusion_20260817T192552Z,1542,36604298,486378293714223
486378328000000,36624,-0.874,-0.332,-0.286,12.39,5.41,-19.21,1,imu01,fusion_20260817T192552Z,1543,36624302,486378313717460
486378343000000,36644,-0.839,-0.347,-0.243,16.78,7.67,-15.97,1,imu01,fusion_20260817T192552Z,1544,36644298,486378333712698
486378359000000,36664,-0.838,-0.388,-0.27,12.7,8.8,-10.39,1,imu01,fusion_20260817T192552Z,1545,36664302,486378353715935
486378375000000,36684,-0.832,-0.388,-0.222,9.59,12.74,-0.56,1,imu01,fusion_20260817T192552Z,1546,36684298,486378373711173
486378406000000,36704,-0.852,-0.405,-0.222,5.15,12.61,3.66,1,imu01,fusion_20260817T192552Z,1547,36704302,486378393714410
486378421000000,36724,-0.885,-0.423,-0.204,1.26,9.36,3.11,1,imu01,fusion_20260817T192552Z,1548,36724298,486378413709647
486378437000000,36744,-0.872,-0.396,-0.258,0.85,-2.19,-0.24,1,imu01,fusion_20260817T192552Z,1549,36744302,486378433712885
486378468000000,36764,-0.849,-0.359,-0.335,8.91,-16.33,5.49,1,imu01,fusion_20260817T192552Z,1550,36764298,486378453708122
486378484000000,36784,-0.866,-0.346,-0.285,18.82,-29.05,1.92,1,imu01,fusion_20260817T192552Z,1551,36784302,486378473711360
486378500000000,36804,-0.77,-0.44,-0.227,20.28,-22.55,0.77,1,imu01,fusion_20260817T192552Z,1552,36804298,486378493706597
486378515000000,36824,-0.937,-0.475,-0.067,4.78,2.8,4.9,1,imu01,fusion_20260817T192552Z,1553,36824302,486378513709834
486378546000000,36844,-0.879,-0.469,-0.193,-6.76,7.9,10.48,1,imu01,fusion_20260817T192552Z,1554,36844298,486378533705072
486378562000000,36864,-0.924,-0.425,-0.249,-10.41,15.67,12.95,1,imu01,fusion_20260817T192552Z,1555,36864302,486378553708309
486378578000000,36884,-0.925,-0.415,-0.29,-3.92,20.63,9.68,1,imu01,fusion_20260817T192552Z,1556,36884298,486378573703547
486378609000000,36904,-0.973,-0.427,-0.286,-2.35,26.19,3.11,1,imu01,fusion_20260817T192552Z,1557,36904302,486378593706784
486378625000000,36924,-0.908,-0.436,-0.26,0.14,30.5,-4.28,1,imu01,fusion_20260817T192552Z,1558,36924298,486378613702022
486378640000000,36944,-0.872,-0.409,-0.279,-0.03,36.5,-10.22,1,imu01,fusion_20260817T192552Z,1559,36944302,486378633705259
486378656000000,36964,-0.828,-0.364,-0.311,5.5,33.03,-9.86,1,imu01,fusion_20260817T192552Z,1560,36964298,486378653700496
486378687000000,36984,-0.84,-0.352,-0.328,12.36,23.68,-2.73,1,imu01,fusion_20260817T192552Z,1561,36984302,486378673703734
486378703000000,37004,-0.834,-0.365,-0.342,20.32,10.46,2.32,1,imu01,fusion_20260817T192552Z,1562,37004298,486378693698971
486378718000000,37024,-0.895,-0.406,-0.329,26.59,5.07,4.3,1,imu01,fusion_20260817T192552Z,1563,37024302,486378713702209
486378750000000,37044,-0.951,-0.457,-0.288,28.49,-6.24,4.04,1,imu01,fusion_20260817T192552Z,1564,37044298,486378733697446
486378765000000,37064,-0.941,-0.476,-0.28,23.74,3.22,2.08,1,imu01,fusion_20260817T192552Z,1565,37064302,486378753700683
486378781000000,37084,-0.906,-0.449,-0.302,20.47,4.47,-0.67,1,imu01,fusion_20260817T192552Z,1566,37084298,486378773695921
486378796000000,37104,-0.847,-0.396,-0.329,24.52,4.66,-1.65,1,imu01,fusion_20260817T192552Z,1567,37104302,486378793699158
486378828000000,37124,-0.773,-0.401,-0.321,29.97,7.83,0.7,1,imu01,fusion_20260817T192552Z,1568,37124298,486378813694396
486378843000000,37144,-0.776,-0.421,-0.265,29.42,13.83,4.46,1,imu01,fusion_20260817T192552Z,1569,37144302,486378833697633
486378859000000,37164,-0.802,-0.437,-0.245,20.69,12.86,10.31,1,imu01,fusion_20260817T192552Z,1570,37164298,486378853692871
486378875000000,37184,-0.806,-0.406,-0.274,12.86,11.01,17.09,1,imu01,fusion_20260817T192552Z,1571,37184302,486378873696108
486378906000000,37204,-0.807,-0.375,-0.316,11.26,4.91,20.09,1,imu01,fusion_20260817T192552Z,1572,37204298,486378893691346
486378921000000,37224,-0.813,-0.397,-0.285,12.37,4.64,17.67,1,imu01,fusion_20260817T192552Z,1573,37224302,486378913694583
486378937000000,37244,-0.814,-0.435,-0.253,8.97,2.23,16.62,1,imu01,fusion_20260817T192552Z,1574,37244298,486378933689820
486378968000000,37264,-0.826,-0.454,-0.254,2.15,-2.97,16.32,1,imu01,fusion_20260817T192552Z,1575,37264302,486378953693058
486378984000000,37284,-0.827,-0.429,-0.308,2.22,-0.4,16.42,1,imu01,fusion_20260817T192552Z,1576,37284298,486378973688295
486379000000000,37304,-0.812,-0.412,-0.319,7.78,3.41,18.4,1,imu01,fusion_20260817T192552Z,1577,37304302,486378993691533
486379015000000,37324,-0.792,-0.406,-0.287,14.55,9.49,19.23,1,imu01,fusion_20260817T192552Z,1578,37324298,486379013686770
486379046000000,37344,-0.801,-0.406,-0.254,21.09,13.64,20.63,1,imu01,fusion_20260817T192552Z,1579,37344302,486379033690007
486379062000000,37364,-0.819,-0.386,-0.259,28.95,3.94,23.95,1,imu01,fusion_20260817T192552Z,1580,37364298,486379053685245
486379078000000,37384,-0.861,-0.407,-0.246,36.23,-10.37,26.78,1,imu01,fusion_20260817T192552Z,1581,37384302,486379073688482
486379109000000,37404,-0.967,-0.474,-0.21,33.62,-8.78,25.75,1,imu01,fusion_20260817T192552Z,1582,37404298,486379093683720
486379125000000,37424,-0.973,-0.491,-0.236,27.26,-15.17,11.53,1,imu01,fusion_20260817T192552Z,1583,37424302,486379113686957
486379140000000,37444,-0.949,-0.416,-0.26,28.62,-2.07,0.78,1,imu01,fusion_20260817T192552Z,1584,37444298,486379133682195
486379156000000,37464,-0.869,-0.351,-0.269,32.81,-2.61,-4.83,1,imu01,fusion_20260817T192552Z,1585,37464302,486379153685432
486379187000000,37484,-0.814,-0.329,-0.239,31.18,4.87,2.79,1,imu01,fusion_20260817T192552Z,1586,37484298,486379173680670
486379203000000,37504,-0.826,-0.328,-0.232,28.75,2.74,10.63,1,imu01,fusion_20260817T192552Z,1587,37504302,486379193683907
486379218000000,37524,-0.892,-0.338,-0.231,25.98,8.13,15.58,1,imu01,fusion_20260817T192552Z,1588,37524298,486379213679144
486379234000000,37544,-0.944,-0.359,-0.259,25.48,10.25,15.64,1,imu01,fusion_20260817T192552Z,1589,37544302,486379233682382
486379265000000,37564,-1.0,-0.363,-0.262,26.68,10.02,12.64,1,imu01,fusion_20260817T192552Z,1590,37564298,486379253677619
486379281000000,37584,-1.017,-0.363,-0.238,28.68,3.72,7.54,1,imu01,fusion_20260817T192552Z,1591,37584302,486379273680856
486379296000000,37604,-0.964,-0.343,-0.165,26.21,5.29,-1.63,1,imu01,fusion_20260817T192552Z,1592,37604298,486379293676094
486379328000000,37624,-0.918,-0.379,-0.197,20.72,3.82,1.59,1,imu01,fusion_20260817T192552Z,1593,37624302,486379313679331
486379343000000,37644,-0.89,-0.358,-0.206,15.13,8.1,4.07,1,imu01,fusion_20260817T192552Z,1594,37644298,486379333674569
486379359000000,37664,-0.881,-0.363,-0.205,11.34,8.18,5.4,1,imu01,fusion_20260817T192552Z,1595,37664302,486379353677806
486379375000000,37684,-0.894,-0.361,-0.206,8.3,11.18,6.73,1,imu01,fusion_20260817T192552Z,1596,37684298,486379373673044
486379406000000,37704,-0.903,-0.364,-0.215,6.05,5.35,5.79,1,imu01,fusion_20260817T192552Z,1597,37704302,486379393676281
486379421000000,37724,-0.937,-0.362,-0.229,2.93,5.87,3.15,1,imu01,fusion_20260817T192552Z,1598,37724298,486379413671519
486379437000000,37744,-0.92,-0.328,-0.269,2.75,6.25,0.82,1,imu01,fusion_20260817T192552Z,1599,37744302,486379433674756
486379468000000,37764,-0.915,-0.32,-0.265,3.46,10.99,2.2,1,imu01,fusion_20260817T192552Z,1600,37764298,486379453669994
486379484000000,37784,-0.897,-0.309,-0.265,0.91,11.57,4.81,1,imu01,fusion_20260817T192552Z,1601,37784302,486379473673231
486379500000000,37804,-0.902,-0.286,-0.269,3.81,2.92,6.4,1,imu01,fusion_20260817T192552Z,1602,37804298,486379493668468
486379515000000,37824,-0.917,-0.313,-0.267,1.84,2.95,14.44,1,imu01,fusion_20260817T192552Z,1603,37824302,486379513671706
486379546000000,37844,-0.988,-0.355,-0.286,-3.05,7.91,19.47,1,imu01,fusion_20260817T192552Z,1604,37844298,486379533666943
486379562000000,37864,-1.021,-0.381,-0.284,-2.36,11.02,9.53,1,imu01,fusion_20260817T192552Z,1605,37864302,486379553670180
486379578000000,37884,-0.938,-0.34,-0.297,5.14,12.17,-5.02,1,imu01,fusion_20260817T192552Z,1606,37884298,486379573665418
486379609000000,37904,-0.805,-0.316,-0.246,12.2,10.01,-9.47,1,imu01,fusion_20260817T192552Z,1607,37904302,486379593668655
486379625000000,37924,-0.774,-0.312,-0.208,14.88,4.4,-3.21,1,imu01,fusion_20260817T192552Z,1608,37924298,486379613663893
486379640000000,37944,-0.838,-0.339,-0.212,13.07,2.25,3.37,1,imu01,fusion_20260817T192552Z,1609,37944302,486379633667130
486379656000000,37964,-0.919,-0.362,-0.242,12.91,-1.98,4.27,1,imu01,fusion_20260817T192552Z,1610,37964298,486379653662368
486379687000000,37984,-0.963,-0.39,-0.241,15.38,0.05,-1.34,1,imu01,fusion_20260817T192552Z,1611,37984302,486379673665605
486379703000000,38004,-0.948,-0.413,-0.222,13.29,-0.38,-5.77,1,imu01,fusion_20260817T192552Z,1612,38004298,486379693660843
486379718000000,38024,-0.906,-0.417,-0.186,4.88,-1.65,-8.09,1,imu01,fusion_20260817T192552Z,1613,38024302,486379713664080
486379734000000,38044,-0.869,-0.388,-0.213,-0.43,-2.2,-5.89,1,imu01,fusion_20260817T192552Z,1614,38044298,486379733659317
486379765000000,38064,-0.814,-0.369,-0.21,-5.36,-2.85,-2.21,1,imu01,fusion_20260817T192552Z,1615,38064302,486379753662555
486379781000000,38084,-0.83,-0.356,-0.229,-10.63,-0.96,5.49,1,imu01,fusion_20260817T192552Z,1616,38084298,486379773657792
486379796000000,38104,-0.884,-0.344,-0.267,-11.6,0.24,9.16,1,imu01,fusion_20260817T192552Z,1617,38104302,486379793661030
486379828000000,38124,-0.904,-0.338,-0.286,-7.11,-0.09,6.81,1,imu01,fusion_20260817T192552Z,1618,38124298,486379813656267
486379843000000,38144,-0.936,-0.337,-0.272,-4.48,0.16,3.52,1,imu01,fusion_20260817T192552Z,1619,38144302,486379833659504
486379859000000,38164,-0.94,-0.346,-0.271,-3.5,-0.42,1.56,1,imu01,fusion_20260817T192552Z,1620,38164298,486379853654742
486379875000000,38184,-0.907,-0.339,-0.3,-0.14,-5.24,-0.49,1,imu01,fusion_20260817T192552Z,1621,38184302,486379873657979
486379906000000,38204,-0.908,-0.354,-0.264,2.88,-10.09,-2.18,1,imu01,fusion_20260817T192552Z,1622,38204298,486379893653217
486379921000000,38224,-0.904,-0.366,-0.248,1.13,-3.55,-2.06,1,imu01,fusion_20260817T192552Z,1623,38224302,486379913656454
486379937000000,38244,-0.91,-0.382,-0.217,-1.83,1.34,-0.43,1,imu01,fusion_20260817T192552Z,1624,38244298,486379933651692
486379968000000,38264,-0.906,-0.362,-0.251,-4.5,2.71,-0.53,1,imu01,fusion_20260817T192552Z,1625,38264302,486379953654929
486379984000000,38284,-0.902,-0.347,-0.258,-3.07,2.13,-2.23,1,imu01,fusion_20260817T192552Z,1626,38284298,486379973650166
486380000000000,38304,-0.884,-0.349,-0.241,-4.12,3.06,-2.42,1,imu01,fusion_20260817T192552Z,1627,38304302,486379993653404
486380015000000,38324,-0.898,-0.378,-0.354,-4.31,-0.64,-3.97,1,imu01,fusion_20260817T192552Z,1628,38324298,486380013648641
486380046000000,38344,-0.919,-0.342,-0.25,-2.72,6.5,-1.6,1,imu01,fusion_20260817T192552Z,1629,38344302,486380033651879
486380062000000,38364,-0.91,-0.34,-0.255,-3.43,3.99,-0.9,1,imu01,fusion_20260817T192552Z,1630,38364298,486380053647116
486380078000000,38384,-0.929,-0.342,-0.256,-1.45,2.56,-0.74,1,imu01,fusion_20260817T192552Z,1631,38384302,486380073650354
486380109000000,38404,-0.905,-0.354,-0.238,0.9,4.27,-1.04,1,imu01,fusion_20260817T192552Z,1632,38404298,486380093645591
486380125000000,38424,-0.888,-0.363,-0.227,0.75,-1.78,-2.7,1,imu01,fusion_20260817T192552Z,1633,38424302,486380113648828
486380140000000,38444,-0.884,-0.365,-0.218,-0.84,-0.89,-1.69,1,imu01,fusion_20260817T192552Z,1634,38444298,486380133644066
486380156000000,38464,-0.885,-0.358,-0.232,-2.52,-0.79,-0.04,1,imu01,fusion_20260817T192552Z,1635,38464302,486380153647303
486380187000000,38484,-0.867,-0.355,-0.243,-1.38,-1.2,-1.59,1,imu01,fusion_20260817T192552Z,1636,38484298,486380173642541
486380203000000,38504,-0.841,-0.353,-0.246,-0.5,-1.14,-2.15,1,imu01,fusion_20260817T192552Z,1637,38504302,486380193645778
486380218000000,38524,-0.844,-0.346,-0.243,-0.44,-4.23,0.3,1,imu01,fusion_20260817T192552Z,1638,38524298,486380213641016
486380234000000,38544,-0.898,-0.362,-0.262,-0.54,-6.08,1.85,1,imu01,fusion_20260817T192552Z,1639,38544302,486380233644253
486380265000000,38564,-0.918,-0.337,-0.284,2.62,-4.61,1.37,1,imu01,fusion_20260817T192552Z,1640,38564298,486380253639490
486380281000000,38584,-0.915,-0.364,-0.254,2.59,0.88,-1.29,1,imu01,fusion_20260817T192552Z,1641,38584302,486380273642728
486380296000000,38604,-0.923,-0.347,-0.247,-1.36,3.67,-1.55,1,imu01,fusion_20260817T192552Z,1642,38604298,486380293637965
486380328000000,38624,-0.925,-0.323,-0.276,-3.0,1.83,-1.12,1,imu01,fusion_20260817T192552Z,1643,38624302,486380313641203
486380343000000,38644,-0.908,-0.327,-0.277,-1.53,2.44,0.95,1,imu01,fusion_20260817T192552Z,1644,38644298,486380333636440
486380359000000,38664,-0.926,-0.346,-0.25,-0.24,1.2,-0.05,1,imu01,fusion_20260817T192552Z,1645,38664302,486380353639677
486380375000000,38684,-0.91,-0.355,-0.251,-1.09,0.84,-0.04,1,imu01,fusion_20260817T192552Z,1646,38684298,486380373634915
486380406000000,38704,-0.919,-0.338,-0.263,-0.09,0.9,0.59,1,imu01,fusion_20260817T192552Z,1647,38704302,486380393638152
486380421000000,38724,-0.916,-0.344,-0.255,1.37,0.89,0.13,1,imu01,fusion_20260817T192552Z,1648,38724298,486380413633390
486380437000000,38744,-0.891,-0.354,-0.246,2.46,-1.78,-2.06,1,imu01,fusion_20260817T192552Z,1649,38744302,486380433636627
486380468000000,38764,-0.88,-0.363,-0.226,2.26,-3.26,-3.0,1,imu01,fusion_20260817T192552Z,1650,38764298,486380453631865
486380484000000,38784,-0.858,-0.362,-0.224,1.28,-2.69,-1.05,1,imu01,fusion_20260817T192552Z,1651,38784302,486380473635102
486380500000000,38804,-0.844,-0.367,-0.219,-0.0,-0.19,0.67,1,imu01,fusion_20260817T192552Z,1652,38804298,486380493630340
486380515000000,38824,-0.898,-0.389,-0.21,-2.64,-0.22,1.94,1,imu01,fusion_20260817T192552Z,1653,38824302,486380513633577
486380546000000,38844,-0.913,-0.384,-0.232,-2.88,-0.39,0.87,1,imu01,fusion_20260817T192552Z,1654,38844298,486380533628814
486380562000000,38864,-0.928,-0.386,-0.244,-1.34,-0.48,-5.0,1,imu01,fusion_20260817T192552Z,1655,38864302,486380553632052
486380578000000,38884,-0.941,-0.374,-0.283,2.52,-0.17,-10.6,1,imu01,fusion_20260817T192552Z,1656,38884298,486380573627289
486380609000000,38904,-0.923,-0.346,-0.268,5.24,-3.84,-10.41,1,imu01,fusion_20260817T192552Z,1657,38904302,486380593630526
486380625000000,38924,-0.886,-0.379,-0.241,8.97,-3.31,-15.54,1,imu01,fusion_20260817T192552Z,1658,38924298,486380613625764
486380640000000,38944,-0.835,-0.367,-0.21,4.34,-1.76,-9.87,1,imu01,fusion_20260817T192552Z,1659,38944302,486380633629001
486380656000000,38964,-0.839,-0.363,-0.216,-3.99,4.8,0.76,1,imu01,fusion_20260817T192552Z,1660,38964298,486380653624239
486380687000000,38984,-0.879,-0.367,-0.259,-2.82,3.78,5.64,1,imu01,fusion_20260817T192552Z,1661,38984302,486380673627476
486380703000000,39004,-0.906,-0.359,-0.26,-0.06,2.43,0.04,1,imu01,fusion_20260817T192552Z,1662,39004298,486380693622714
486380718000000,39024,-0.877,-0.36,-0.241,2.47,-0.62,-3.99,1,imu01,fusion_20260817T192552Z,1663,39024302,486380713625951
486380734000000,39044,-0.879,-0.363,-0.225,0.33,-0.19,-2.66,1,imu01,fusion_20260817T192552Z,1664,39044298,486380733621189
486380765000000,39064,-0.892,-0.371,-0.237,-1.64,0.78,-0.54,1,imu01,fusion_20260817T192552Z,1665,39064302,486380753624426
486380781000000,39084,-0.89,-0.376,-0.247,0.23,-1.38,-1.68,1,imu01,fusion_20260817T192552Z,1666,39084298,486380773619664
486380796000000,39104,-0.899,-0.379,-0.222,0.23,0.5,-2.32,1,imu01,fusion_20260817T192552Z,1667,39104302,486380793622901
486380828000000,39124,-0.876,-0.369,-0.234,-0.08,-2.56,-2.96,1,imu01,fusion_20260817T192552Z,1668,39124298,486380813618138
486380843000000,39144,-0.882,-0.382,-0.215,-2.66,1.65,-1.08,1,imu01,fusion_20260817T192552Z,1669,39144302,486380833621376
486380859000000,39164,-0.877,-0.378,-0.247,-2.97,1.58,-0.18,1,imu01,fusion_20260817T192552Z,1670,39164298,486380853616613
486380875000000,39184,-0.885,-0.368,-0.282,-1.57,-2.24,-1.51,1,imu01,fusion_20260817T192552Z,1671,39184302,486380873619850
486380906000000,39204,-0.857,-0.375,-0.288,0.7,-1.84,-2.73,1,imu01,fusion_20260817T192552Z,1672,39204298,486380893615088
486380921000000,39224,-0.863,-0.401,-0.262,-1.24,-0.66,-0.51,1,imu01,fusion_20260817T192552Z,1673,39224302,486380913618325
486380937000000,39244,-0.909,-0.416,-0.266,-6.0,4.69,3.54,1,imu01,fusion_20260817T192552Z,1674,39244298,486380933613563
486380968000000,39264,-0.928,-0.425,-0.278,-8.89,4.94,2.92,1,imu01,fusion_20260817T192552Z,1675,39264302,486380953616800
486380984000000,39284,-0.934,-0.412,-0.29,-6.41,3.02,-1.63,1,imu01,fusion_20260817T192552Z,1676,39284298,486380973612038
486381000000000,39304,-0.898,-0.39,-0.275,-4.55,5.49,-6.52,1,imu01,fusion_20260817T192552Z,1677,39304302,486380993615275
486381015000000,39324,-0.872,-0.374,-0.257,-2.48,2.45,-6.86,1,imu01,fusion_20260817T192552Z,1678,39324298,486381013610513
486381046000000,39344,-0.856,-0.356,-0.245,-0.51,-0.46,-5.27,1,imu01,fusion_20260817T192552Z,1679,39344302,486381033613750
486381062000000,39364,-0.852,-0.361,-0.204,1.33,-4.2,-6.4,1,imu01,fusion_20260817T192552Z,1680,39364298,486381053608987
486381078000000,39384,-0.9,-0.368,-0.187,-0.06,-10.13,-8.42,1,imu01,fusion_20260817T192552Z,1681,39384302,486381073612225
486381109000000,39404,-0.814,-0.385,-0.238,-4.93,-8.7,-14.21,1,imu01,fusion_20260817T192552Z,1682,39404298,486381093607462
486381125000000,39424,-0.876,-0.394,-0.18,-1.3,6.46,-7.9,1,imu01,fusion_20260817T192552Z,1683,39424302,486381113610700
486381140000000,39444,-0.837,-0.365,-0.211,-5.72,16.82,-7.78,1,imu01,fusion_20260817T192552Z,1684,39444298,486381133605937
486381156000000,39464,-0.809,-0.362,-0.246,-6.41,13.25,-7.87,1,imu01,fusion_20260817T192552Z,1685,39464302,486381153609174
486381187000000,39484,-0.806,-0.374,-0.233,-10.63,7.21,-6.44,1,imu01,fusion_20260817T192552Z,1686,39484298,486381173604412
486381203000000,39504,-0.789,-0.363,-0.255,-17.09,10.92,-5.73,1,imu01,fusion_20260817T192552Z,1687,39504302,486381193607649
486381218000000,39524,-0.754,-0.327,-0.268,-19.57,15.79,-8.01,1,imu01,fusion_20260817T192552Z,1688,39524298,486381213602887
486381234000000,39544,-0.687,-0.336,-0.245,-17.68,8.21,-9.25,1,imu01,fusion_20260817T192552Z,1689,39544302,486381233606124
486381265000000,39564,-0.656,-0.328,-0.242,-22.07,6.99,-0.4,1,imu01,fusion_20260817T192552Z,1690,39564298,486381253601362
486381281000000,39584,-0.696,-0.327,-0.275,-24.1,17.74,11.27,1,imu01,fusion_20260817T192552Z,1691,39584302,486381273604599
486381296000000,39604,-0.77,-0.369,-0.287,-21.44,22.0,13.34,1,imu01,fusion_20260817T192552Z,1692,39604298,486381293599836
486381328000000,39624,-0.842,-0.262,-0.184,-23.72,29.32,-4.52,1,imu01,fusion_20260817T192552Z,1693,39624302,486381313603074
486381343000000,39644,-0.828,-0.388,-0.348,-9.5,20.43,-12.92,1,imu01,fusion_20260817T192552Z,1694,39644298,486381333598311
486381359000000,39664,-0.775,-0.41,-0.332,-6.19,29.71,-12.6,1,imu01,fusion_20260817T192552Z,1695,39664302,486381353601549
486381375000000,39684,-0.82,-0.449,-0.271,-17.52,42.83,-7.31,1,imu01,fusion_20260817T192552Z,1696,39684298,486381373596786
486381406000000,39704,-0.88,-0.435,-0.312,-29.73,56.83,-5.22,1,imu01,fusion_20260817T192552Z,1697,39704302,486381393600024
486381421000000,39724,-0.819,-0.365,-0.382,-27.47,55.74,-15.12,1,imu01,fusion_20260817T192552Z,1698,39724298,486381413595261
486381437000000,39744,-0.73,-0.308,-0.397,-17.38,41.31,-20.83,1,imu01,fusion_20260817T192552Z,1699,39744302,486381433598498
486381468000000,39764,-0.668,-0.309,-0.375,-9.87,40.14,-16.99,1,imu01,fusion_20260817T192552Z,1700,39764298,486381453593736
486381484000000,39784,-0.71,-0.346,-0.325,-11.25,40.52,-8.09,1,imu01,fusion_20260817T192552Z,1701,39784302,486381473596973
486381500000000,39804,-0.736,-0.367,-0.346,-17.88,38.96,-2.52,1,imu01,fusion_20260817T192552Z,1702,39804298,486381493592211
486381515000000,39824,-0.76,-0.36,-0.386,-21.5,33.9,3.88,1,imu01,fusion_20260817T192552Z,1703,39824302,486381513595448
486381546000000,39844,-0.797,-0.37,-0.453,-14.8,24.0,0.29,1,imu01,fusion_20260817T192552Z,1704,39844298,486381533590686
486381562000000,39864,-0.836,-0.347,-0.487,-1.94,13.86,-2.94,1,imu01,fusion_20260817T192552Z,1705,39864302,486381553593923
486381578000000,39884,-0.9,-0.362,-0.47,6.45,-2.05,-9.92,1,imu01,fusion_20260817T192552Z,1706,39884298,486381573589160
486381609000000,39904,-0.756,-0.5,-0.467,4.37,20.58,-10.99,1,imu01,fusion_20260817T192552Z,1707,39904302,486381593592398
486381625000000,39924,-1.004,-0.556,-0.395,-11.36,32.3,-7.18,1,imu01,fusion_20260817T192552Z,1708,39924298,486381613587635
486381640000000,39944,-0.953,-0.447,-0.468,-25.54,38.9,-6.11,1,imu01,fusion_20260817T192552Z,1709,39944302,486381633590873
486381656000000,39964,-0.872,-0.368,-0.579,-26.6,34.38,2.8,1,imu01,fusion_20260817T192552Z,1710,39964298,486381653586110
486381687000000,39984,-0.833,-0.323,-0.571,-28.3,36.18,12.46,1,imu01,fusion_20260817T192552Z,1711,39984302,486381673589347
486381703000000,40004,-0.867,-0.323,-0.577,-25.8,26.87,13.55,1,imu01,fusion_20260817T192552Z,1712,40004298,486381693584585
486381718000000,40024,-0.875,-0.36,-0.565,-17.48,25.48,10.46,1,imu01,fusion_20260817T192552Z,1713,40024302,486381713587822
486381734000000,40044,-0.864,-0.369,-0.561,-14.79,10.58,4.14,1,imu01,fusion_20260817T192552Z,1714,40044298,486381733583060
486381765000000,40064,-0.847,-0.354,-0.583,-15.59,13.21,7.47,1,imu01,fusion_20260817T192552Z,1715,40064302,486381753586297
486381781000000,40084,-0.815,-0.344,-0.578,-8.87,21.16,8.08,1,imu01,fusion_20260817T192552Z,1716,40084298,486381773581535
486381796000000,40104,-0.819,-0.353,-0.552,-5.41,30.74,9.75,1,imu01,fusion_20260817T192552Z,1717,40104302,486381793584772
486381828000000,40124,-0.821,-0.375,-0.561,-5.93,23.79,10.87,1,imu01,fusion_20260817T192552Z,1718,40124298,486381813580010
486381843000000,40144,-0.817,-0.376,-0.568,-6.8,21.51,10.84,1,imu01,fusion_20260817T192552Z,1719,40144302,486381833583247
486381859000000,40164,-0.768,-0.347,-0.577,-3.0,13.45,5.14,1,imu01,fusion_20260817T192552Z,1720,40164298,486381853578484
486381875000000,40184,-0.751,-0.343,-0.611,2.7,6.57,-0.26,1,imu01,fusion_20260817T192552Z,1721,40184302,486381873581722
486381906000000,40204,-0.798,-0.329,-0.664,5.93,2.65,-2.69,1,imu01,fusion_20260817T192552Z,1722,40204298,486381893576959
486381921000000,40224,-0.832,-0.376,-0.654,5.7,5.46,-3.63,1,imu01,fusion_20260817T192552Z,1723,40224302,486381913580196
486381937000000,40244,-0.824,-0.408,-0.602,-5.32,11.64,-0.16,1,imu01,fusion_20260817T192552Z,1724,40244298,486381933575434
486381968000000,40264,-0.767,-0.343,-0.599,-14.07,24.8,5.49,1,imu01,fusion_20260817T192552Z,1725,40264302,486381953578671
486381984000000,40284,-0.742,-0.261,-0.678,-6.82,23.06,5.04,1,imu01,fusion_20260817T192552Z,1726,40284298,486381973573909
486382000000000,40304,-0.722,-0.24,-0.673,13.52,16.95,-2.37,1,imu01,fusion_20260817T192552Z,1727,40304302,486381993577146
486382015000000,40324,-0.719,-0.304,-0.592,30.06,4.88,-5.09,1,imu01,fusion_20260817T192552Z,1728,40324298,486382013572384
486382046000000,40344,-0.717,-0.331,-0.562,36.99,-6.32,-3.47,1,imu01,fusion_20260817T192552Z,1729,40344302,486382033575621
486382062000000,40364,-0.659,-0.352,-0.603,41.43,-17.46,2.2,1,imu01,fusion_20260817T192552Z,1730,40364298,486382053570859
486382078000000,40384,-0.676,-0.396,-0.568,35.81,-18.03,13.63,1,imu01,fusion_20260817T192552Z,1731,40384302,486382073574096
486382109000000,40404,-0.849,-0.439,-0.63,23.07,-22.46,15.04,1,imu01,fusion_20260817T192552Z,1732,40404298,486382093569334
486382125000000,40424,-0.922,-0.455,-0.685,11.59,-13.5,2.11,1,imu01,fusion_20260817T192552Z,1733,40424302,486382113572571
486382140000000,40444,-0.861,-0.4,-0.693,0.24,1.0,-9.37,1,imu01,fusion_20260817T192552Z,1734,40444298,486382133567808
486382156000000,40464,-0.736,-0.38,-0.678,-10.73,-16.54,-9.57,1,imu01,fusion_20260817T192552Z,1735,40464302,486382153571046
486382187000000,40484,-0.661,-0.282,-0.709,-22.4,10.02,-2.02,1,imu01,fusion_20260817T192552Z,1736,40484298,486382173566283
486382203000000,40504,-0.699,-0.249,-0.731,-20.56,13.93,5.41,1,imu01,fusion_20260817T192552Z,1737,40504302,486382193569520
486382218000000,40524,-0.695,-0.211,-0.698,-11.62,16.02,10.45,1,imu01,fusion_20260817T192552Z,1738,40524298,486382213564758
486382234000000,40544,-0.711,-0.259,-0.666,-3.85,12.97,8.66,1,imu01,fusion_20260817T192552Z,1739,40544302,486382233567995
486382265000000,40564,-0.716,-0.316,-0.634,5.72,7.52,-1.07,1,imu01,fusion_20260817T192552Z,1740,40564298,486382253563233
486382281000000,40584,-0.682,-0.353,-0.608,13.39,-1.48,-6.71,1,imu01,fusion_20260817T192552Z,1741,40584302,486382273566470
486382296000000,40604,-0.667,-0.394,-0.574,15.97,-3.98,-2.9,1,imu01,fusion_20260817T192552Z,1742,40604298,486382293561708
486382328000000,40624,-0.72,-0.429,-0.568,10.88,-4.41,1.35,1,imu01,fusion_20260817T192552Z,1743,40624302,486382313564945
486382343000000,40644,-0.756,-0.447,-0.568,2.77,1.48,0.59,1,imu01,fusion_20260817T192552Z,1744,40644298,486382333560183
486382359000000,40664,-0.787,-0.436,-0.626,-1.49,2.62,-4.31,1,imu01,fusion_20260817T192552Z,1745,40664302,486382353563420
486382375000000,40684,-0.737,-0.406,-0.621,-4.36,-0.11,-8.16,1,imu01,fusion_20260817T192552Z,1746,40684298,486382373558657
486382406000000,40704,-0.704,-0.365,-0.638,-6.24,0.25,-6.92,1,imu01,fusion_20260817T192552Z,1747,40704302,486382393561895
486382421000000,40724,-0.707,-0.335,-0.617,-7.23,4.4,-3.33,1,imu01,fusion_20260817T192552Z,1748,40724298,486382413557132
486382437000000,40744,-0.676,-0.33,-0.605,-9.06,-3.46,-3.47,1,imu01,fusion_20260817T192552Z,1749,40744302,486382433560370
486382468000000,40764,-0.622,-0.307,-0.623,-4.34,-2.46,-1.89,1,imu01,fusion_20260817T192552Z,1750,40764298,486382453555607
486382484000000,40784,-0.626,-0.335,-0.581,-4.22,-0.36,4.75,1,imu01,fusion_20260817T192552Z,1751,40784302,486382473558844
486382500000000,40804,-0.686,-0.355,-0.568,-9.25,2.04,10.88,1,imu01,fusion_20260817T192552Z,1752,40804298,486382493554082
486382515000000,40824,-0.742,-0.351,-0.61,-9.78,-2.26,7.0,1,imu01,fusion_20260817T192552Z,1753,40824302,486382513557319
486382546000000,40844,-0.732,-0.343,-0.617,-4.29,-2.72,-0.31,1,imu01,fusion_20260817T192552Z,1754,40844298,486382533552557
486382562000000,40864,-0.719,-0.331,-0.602,-2.54,-5.78,-2.43,1,imu01,fusion_20260817T192552Z,1755,40864302,486382553555794
486382578000000,40884,-0.678,-0.32,-0.584,-2.7,-0.62,0.03,1,imu01,fusion_20260817T192552Z,1756,40884298,486382573551032
486382609000000,40904,-0.693,-0.323,-0.605,-2.26,-3.65,3.46,1,imu01,fusion_20260817T192552Z,1757,40904302,486382593554269
486382625000000,40924,-0.744,-0.336,-0.589,-2.97,-1.53,4.01,1,imu01,fusion_20260817T192552Z,1758,40924298,486382613549507
486382640000000,40944,-0.778,-0.345,-0.601,-3.65,-0.6,1.31,1,imu01,fusion_20260817T192552Z,1759,40944302,486382633552744
486382656000000,40964,-0.767,-0.339,-0.603,-2.44,-7.26,-2.64,1,imu01,fusion_20260817T192552Z,1760,40964298,486382653547981
486382687000000,40984,-0.726,-0.33,-0.594,-1.07,-4.52,-2.5,1,imu01,fusion_20260817T192552Z,1761,40984302,486382673551219
486382703000000,41004,-0.682,-0.344,-0.541,-6.81,17.42,4.62,1,imu01,fusion_20260817T192552Z,1762,41004298,486382693546456
486382718000000,41024,-0.696,-0.328,-0.492,-14.36,17.69,11.75,1,imu01,fusion_20260817T192552Z,1763,41024302,486382713549694
486382734000000,41044,-0.74,-0.303,-0.635,-10.09,2.42,-0.89,1,imu01,fusion_20260817T192552Z,1764,41044298,486382733544931
486382765000000,41064,-0.699,-0.303,-0.658,1.97,-8.72,-9.81,1,imu01,fusion_20260817T192552Z,1765,41064302,486382753548168
486382781000000,41084,-0.659,-0.332,-0.616,10.0,-10.18,-10.24,1,imu01,fusion_20260817T192552Z,1766,41084298,486382773543406
486382796000000,41104,-0.633,-0.362,-0.578,9.7,-11.67,-5.75,1,imu01,fusion_20260817T192552Z,1767,41104302,486382793546643
486382828000000,41124,-0.673,-0.377,-0.58,3.95,-8.97,0.08,1,imu01,fusion_20260817T192552Z,1768,41124298,486382813541881
486382843000000,41144,-0.718,-0.38,-0.585,-0.94,-6.9,4.02,1,imu01,fusion_20260817T192552Z,1769,41144302,486382833545118
486382859000000,41164,-0.778,-0.375,-0.628,-0.73,-7.55,2.78,1,imu01,fusion_20260817T192552Z,1770,41164298,486382853540356
486382875000000,41184,-0.788,-0.37,-0.622,1.76,-8.36,-2.01,1,imu01,fusion_20260817T192552Z,1771,41184302,486382873543593
486382906000000,41204,-0.781,-0.37,-0.592,1.49,-7.83,-2.78,1,imu01,fusion_20260817T192552Z,1772,41204298,486382893538830
486382921000000,41224,-0.766,-0.345,-0.574,-3.55,0.11,1.96,1,imu01,fusion_20260817T192552Z,1773,41224302,486382913542068
486382937000000,41244,-0.763,-0.329,-0.6,-5.64,0.63,2.95,1,imu01,fusion_20260817T192552Z,1774,41244298,486382933537305
486382968000000,41264,-0.766,-0.32,-0.625,-0.3,0.39,1.63,1,imu01,fusion_20260817T192552Z,1775,41264302,486382953540543
486382984000000,41284,-0.772,-0.322,-0.581,2.37,2.35,-0.69,1,imu01,fusion_20260817T192552Z,1776,41284298,486382973535780
486383000000000,41304,-0.772,-0.33,-0.578,1.33,1.88,-0.03,1,imu01,fusion_20260817T192552Z,1777,41304302,486382993539017
486383015000000,41324,-0.762,-0.327,-0.562,1.84,4.31,-0.4,1,imu01,fusion_20260817T192552Z,1778,41324298,486383013534255
486383046000000,41344,-0.733,-0.33,-0.573,4.03,-2.69,-3.43,1,imu01,fusion_20260817T192552Z,1779,41344302,486383033537492
486383062000000,41364,-0.723,-0.335,-0.564,4.58,-4.59,-4.8,1,imu01,fusion_20260817T192552Z,1780,41364298,486383053532730
486383078000000,41384,-0.715,-0.333,-0.547,1.93,-4.32,-4.41,1,imu01,fusion_20260817T192552Z,1781,41384302,486383073535967
486383109000000,41404,-0.701,-0.326,-0.559,-0.38,-4.78,-2.24,1,imu01,fusion_20260817T192552Z,1782,41404298,486383093531205
486383125000000,41424,-0.734,-0.326,-0.582,-1.55,-4.92,1.53,1,imu01,fusion_20260817T192552Z,1783,41424302,486383113534442
486383140000000,41444,-0.77,-0.327,-0.599,-0.04,-5.12,0.78,1,imu01,fusion_20260817T192552Z,1784,41444298,486383133529680
486383156000000,41464,-0.779,-0.341,-0.575,1.1,-3.76,-0.74,1,imu01,fusion_20260817T192552Z,1785,41464302,486383153532917
486383187000000,41484,-0.759,-0.346,-0.586,-0.18,-3.93,-1.74,1,imu01,fusion_20260817T192552Z,1786,41484298,486383173528154
486383203000000,41504,-0.753,-0.342,-0.57,-1.22,1.4,-1.33,1,imu01,fusion_20260817T192552Z,1787,41504302,486383193531392
486383218000000,41524,-0.725,-0.337,-0.586,-1.87,-1.22,-0.37,1,imu01,fusion_20260817T192552Z,1788,41524298,486383213526629
486383234000000,41544,-0.708,-0.34,-0.579,0.36,0.82,0.09,1,imu01,fusion_20260817T192552Z,1789,41544302,486383233529867
486383265000000,41564,-0.728,-0.349,-0.562,-0.41,0.05,0.2,1,imu01,fusion_20260817T192552Z,1790,41564298,486383253525104
486383281000000,41584,-0.733,-0.346,-0.587,-0.57,1.52,0.3,1,imu01,fusion_20260817T192552Z,1791,41584302,486383273528341
486383296000000,41604,-0.73,-0.353,-0.579,1.06,1.21,0.16,1,imu01,fusion_20260817T192552Z,1792,41604298,486383293523579
486383328000000,41624,-0.738,-0.354,-0.567,0.35,-3.17,0.43,1,imu01,fusion_20260817T192552Z,1793,41624302,486383313526816
486383343000000,41644,-0.759,-0.341,-0.577,-1.08,-2.71,1.28,1,imu01,fusion_20260817T192552Z,1794,41644298,486383333522054
486383359000000,41664,-0.752,-0.331,-0.581,-1.06,0.84,0.39,1,imu01,fusion_20260817T192552Z,1795,41664302,486383353525291
486383375000000,41684,-0.715,-0.308,-0.579,-2.54,2.62,-2.75,1,imu01,fusion_20260817T192552Z,1796,41684298,486383373520529
486383406000000,41704,-0.723,-0.308,-0.581,4.01,-2.75,0.25,1,imu01,fusion_20260817T192552Z,1797,41704302,486383393523766
486383421000000,41724,-0.724,-0.329,-0.594,4.33,-2.37,4.0,1,imu01,fusion_20260817T192552Z,1798,41724298,486383413519004
486383437000000,41744,-0.75,-0.349,-0.575,2.49,4.35,4.2,1,imu01,fusion_20260817T192552Z,1799,41744302,486383433522241
486383468000000,41764,-0.76,-0.37,-0.565,2.61,1.69,1.43,1,imu01,fusion_20260817T192552Z,1800,41764298,486383453517478
486383484000000,41784,-0.755,-0.364,-0.557,1.84,-4.34,-1.51,1,imu01,fusion_20260817T192552Z,1801,41784302,486383473520716
486383500000000,41804,-0.722,-0.366,-0.549,0.75,-5.2,-2.23,1,imu01,fusion_20260817T192552Z,1802,41804298,486383493515953
486383515000000,41824,-0.68,-0.363,-0.554,-0.41,-0.67,-2.22,1,imu01,fusion_20260817T192552Z,1803,41824302,486383513519190
486383546000000,41844,-0.707,-0.343,-0.551,-1.05,3.59,-0.45,1,imu01,fusion_20260817T192552Z,1804,41844298,486383533514428
486383562000000,41864,-0.71,-0.335,-0.568,-0.8,1.82,1.42,1,imu01,fusion_20260817T192552Z,1805,41864302,486383553517665
486383578000000,41884,-0.719,-0.33,-0.576,1.37,0.93,2.22,1,imu01,fusion_20260817T192552Z,1806,41884298,486383573512903
486383609000000,41904,-0.726,-0.335,-0.567,0.22,3.83,5.17,1,imu01,fusion_20260817T192552Z,1807,41904302,486383593516140
486383625000000,41924,-0.752,-0.336,-0.564,-2.15,3.04,8.38,1,imu01,fusion_20260817T192552Z,1808,41924298,486383613511378
486383640000000,41944,-0.791,-0.334,-0.57,-3.99,-2.42,8.82,1,imu01,fusion_20260817T192552Z,1809,41944302,486383633514615
486383656000000,41964,-0.794,-0.328,-0.603,-10.05,3.67,11.84,1,imu01,fusion_20260817T192552Z,1810,41964298,486383653509853
486383687000000,41984,-0.789,-0.306,-0.643,-4.8,4.61,8.46,1,imu01,fusion_20260817T192552Z,1811,41984302,486383673513090
486383703000000,42004,-0.794,-0.297,-0.641,3.08,3.27,0.79,1,imu01,fusion_20260817T192552Z,1812,42004298,486383693508327
486383718000000,42024,-0.742,-0.331,-0.606,8.29,3.13,-4.96,1,imu01,fusion_20260817T192552Z,1813,42024302,486383713511565
486383750000000,42044,-0.702,-0.346,-0.577,7.95,0.64,-5.19,1,imu01,fusion_20260817T192552Z,1814,42044298,486383733506802
486383765000000,42064,-0.697,-0.368,-0.551,4.04,1.31,-1.51,1,imu01,fusion_20260817T192552Z,1815,42064302,486383753510040
486383781000000,42084,-0.696,-0.382,-0.54,0.05,-0.28,1.02,1,imu01,fusion_20260817T192552Z,1816,42084298,486383773505277
486383796000000,42104,-0.74,-0.393,-0.544,-4.92,0.22,1.55,1,imu01,fusion_20260817T192552Z,1817,42104302,486383793508514
486383828000000,42124,-0.739,-0.363,-0.586,-6.64,0.24,1.67,1,imu01,fusion_20260817T192552Z,1818,42124298,486383813503752
486383843000000,42144,-0.743,-0.346,-0.571,-6.12,1.03,1.07,1,imu01,fusion_20260817T192552Z,1819,42144302,486383833506989
486383859000000,42164,-0.741,-0.341,-0.565,-7.66,6.16,4.72,1,imu01,fusion_20260817T192552Z,1820,42164298,486383853502227
486383875000000,42184,-0.745,-0.326,-0.577,-9.16,5.78,6.3,1,imu01,fusion_20260817T192552Z,1821,42184302,486383873505464
486383906000000,42204,-0.736,-0.318,-0.569,-9.19,7.23,9.08,1,imu01,fusion_20260817T192552Z,1822,42204298,486383893500702
486383921000000,42224,-0.754,-0.306,-0.569,-12.16,8.96,12.31,1,imu01,fusion_20260817T192552Z,1823,42224302,486383913503939
486383937000000,42244,-0.763,-0.29,-0.587,-13.58,10.22,14.45,1,imu01,fusion_20260817T192552Z,1824,42244298,486383933499177
486383968000000,42264,-0.778,-0.269,-0.627,-11.14,5.32,14.35,1,imu01,fusion_20260817T192552Z,1825,42264302,486383953502414
486383984000000,42284,-0.793,-0.274,-0.626,-6.15,7.74,10.54,1,imu01,fusion_20260817T192552Z,1826,42284298,486383973497651
486384000000000,42304,-0.786,-0.275,-0.632,-0.51,1.24,2.28,1,imu01,fusion_20260817T192552Z,1827,42304302,486383993500889
486384015000000,42324,-0.754,-0.284,-0.613,4.26,1.02,-5.12,1,imu01,fusion_20260817T192552Z,1828,42324298,486384013496126
486384046000000,42344,-0.732,-0.283,-0.588,5.77,-0.13,-6.91,1,imu01,fusion_20260817T192552Z,1829,42344302,486384033499364
486384062000000,42364,-0.695,-0.302,-0.569,4.05,2.22,-5.18,1,imu01,fusion_20260817T192552Z,1830,42364298,486384053494601
486384078000000,42384,-0.683,-0.304,-0.584,0.69,1.74,-0.92,1,imu01,fusion_20260817T192552Z,1831,42384302,486384073497838
486384109000000,42404,-0.708,-0.316,-0.596,-0.41,3.07,1.26,1,imu01,fusion_20260817T192552Z,1832,42404298,486384093493076
486384125000000,42424,-0.743,-0.32,-0.618,0.84,-1.91,-0.57,1,imu01,fusion_20260817T192552Z,1833,42424302,486384113496313
486384140000000,42444,-0.705,-0.324,-0.589,2.68,-2.62,-3.02,1,imu01,fusion_20260817T192552Z,1834,42444298,486384133491551
486384156000000,42464,-0.695,-0.313,-0.607,1.64,-1.52,-2.52,1,imu01,fusion_20260817T192552Z,1835,42464302,486384153494788
486384187000000,42484,-0.727,-0.321,-0.591,1.65,-2.13,-1.01,1,imu01,fusion_20260817T192552Z,1836,42484298,486384173490026
486384203000000,42504,-0.753,-0.324,-0.623,-0.32,4.87,1.07,1,imu01,fusion_20260817T192552Z,1837,42504302,486384193493263
486384218000000,42524,-0.764,-0.322,-0.615,1.68,-0.69,-2.18,1,imu01,fusion_20260817T192552Z,1838,42524298,486384213488500
486384234000000,42544,-0.756,-0.317,-0.621,2.63,-2.0,-4.52,1,imu01,fusion_20260817T192552Z,1839,42544302,486384233491738
486384265000000,42564,-0.726,-0.326,-0.597,3.55,-1.69,-4.4,1,imu01,fusion_20260817T192552Z,1840,42564298,486384253486975
486384281000000,42584,-0.724,-0.331,-0.576,-0.46,-1.51,-2.39,1,imu01,fusion_20260817T192552Z,1841,42584302,486384273490213
486384296000000,42604,-0.718,-0.307,-0.605,0.33,0.73,-0.94,1,imu01,fusion_20260817T192552Z,1842,42604298,486384293485450
486384328000000,42624,-0.728,-0.306,-0.602,1.64,0.59,0.48,1,imu01,fusion_20260817T192552Z,1843,42624302,486384313488687
486384343000000,42644,-0.742,-0.313,-0.585,0.17,1.18,0.33,1,imu01,fusion_20260817T192552Z,1844,42644298,486384333483925
486384359000000,42664,-0.763,-0.316,-0.59,0.03,-0.92,-2.19,1,imu01,fusion_20260817T192552Z,1845,42664302,486384353487162
486384375000000,42684,-0.762,-0.309,-0.596,-0.15,0.16,-3.99,1,imu01,fusion_20260817T192552Z,1846,42684298,486384373482400
486384406000000,42704,-0.761,-0.29,-0.616,0.72,-0.47,-4.91,1,imu01,fusion_20260817T192552Z,1847,42704302,486384393485637
486384421000000,42724,-0.737,-0.303,-0.593,1.24,6.61,-4.22,1,imu01,fusion_20260817T192552Z,1848,42724298,486384413480875
486384437000000,42744,-0.74,-0.311,-0.602,0.84,3.17,-4.95,1,imu01,fusion_20260817T192552Z,1849,42744302,486384433484112
486384468000000,42764,-0.727,-0.304,-0.638,4.83,0.19,-7.32,1,imu01,fusion_20260817T192552Z,1850,42764298,486384453479350
486384484000000,42784,-0.687,-0.328,-0.595,5.65,-1.26,-8.29,1,imu01,fusion_20260817T192552Z,1851,42784302,486384473482587
486384500000000,42804,-0.697,-0.333,-0.582,1.2,1.3,-5.8,1,imu01,fusion_20260817T192552Z,1852,42804298,486384493477824
486384515000000,42824,-0.715,-0.325,-0.615,-0.58,-0.06,-4.92,1,imu01,fusion_20260817T192552Z,1853,42824302,486384513481062
486384546000000,42844,-0.722,-0.315,-0.645,1.51,-1.01,-6.85,1,imu01,fusion_20260817T192552Z,1854,42844298,486384533476299
486384562000000,42864,-0.734,-0.3,-0.645,4.36,-1.06,-8.51,1,imu01,fusion_20260817T192552Z,1855,42864302,486384553479537
486384578000000,42884,-0.74,-0.295,-0.63,7.65,-3.93,-10.16,1,imu01,fusion_20260817T192552Z,1856,42884298,486384573474774
486384609000000,42904,-0.687,-0.308,-0.604,10.16,-4.08,-11.01,1,imu01,fusion_20260817T192552Z,1857,42904302,486384593478011
486384625000000,42924,-0.708,-0.318,-0.581,6.45,-0.8,-10.88,1,imu01,fusion_20260817T192552Z,1858,42924298,486384613473249
486384640000000,42944,-0.684,-0.297,-0.621,7.55,1.5,-12.32,1,imu01,fusion_20260817T192552Z,1859,42944302,486384633476486
486384656000000,42964,-0.691,-0.308,-0.62,11.13,-2.82,-14.79,1,imu01,fusion_20260817T192552Z,1860,42964298,486384653471724
486384687000000,42984,-0.675,-0.313,-0.629,13.7,-2.78,-14.12,1,imu01,fusion_20260817T192552Z,1861,42984302,486384673474961
486384703000000,43004,-0.668,-0.358,-0.578,12.05,-4.15,-14.22,1,imu01,fusion_20260817T192552Z,1862,43004298,486384693470199
486384718000000,43024,-0.653,-0.377,-0.561,4.69,-3.59,-16.26,1,imu01,fusion_20260817T192552Z,1863,43024302,486384713473436
486384750000000,43044,-0.528,-0.372,-0.514,-7.8,0.74,0.26,1,imu01,fusion_20260817T192552Z,1864,43044298,486384733468674
486384765000000,43064,-0.534,-0.4,-0.477,-36.26,9.12,44.0,1,imu01,fusion_20260817T192552Z,1865,43064302,486384753471911
486384781000000,43084,-0.694,-0.381,-0.615,-59.56,25.22,76.58,1,imu01,fusion_20260817T192552Z,1866,43084298,486384773467148
486384796000000,43104,-0.964,-0.339,-0.854,-53.19,21.28,66.05,1,imu01,fusion_20260817T192552Z,1867,43104302,486384793470386
486384828000000,43124,-1.153,-0.364,-0.972,-21.18,16.33,13.92,1,imu01,fusion_20260817T192552Z,1868,43124298,486384813465623
486384843000000,43144,-1.032,-0.369,-0.846,7.14,6.77,-51.38,1,imu01,fusion_20260817T192552Z,1869,43144302,486384833468860
486384859000000,43164,-0.713,-0.262,-0.681,11.23,3.55,-78.03,1,imu01,fusion_20260817T192552Z,1870,43164298,486384853464098
486384875000000,43184,-0.436,-0.167,-0.62,2.62,7.44,-62.13,1,imu01,fusion_20260817T192552Z,1871,43184302,486384873467335
486384906000000,43204,-0.409,-0.158,-0.633,-12.92,12.27,-25.9,1,imu01,fusion_20260817T192552Z,1872,43204298,486384893462573
486384921000000,43224,-0.538,-0.188,-0.672,-18.93,13.65,-4.52,1,imu01,fusion_20260817T192552Z,1873,43224302,486384913465810
486384937000000,43244,-0.64,-0.25,-0.675,-12.75,4.51,-2.91,1,imu01,fusion_20260817T192552Z,1874,43244298,486384933461048
486384968000000,43264,-0.652,-0.306,-0.628,-11.16,-9.64,-5.37,1,imu01,fusion_20260817T192552Z,1875,43264302,486384953464285
486384984000000,43284,-0.65,-0.323,-0.632,-18.25,-11.71,3.77,1,imu01,fusion_20260817T192552Z,1876,43284298,486384973459523
486385000000000,43304,-0.664,-0.355,-0.565,-34.23,-0.06,29.71,1,imu01,fusion_20260817T192552Z,1877,43304302,486384993462760
486385015000000,43324,-0.839,-0.353,-0.606,-47.06,8.18,46.0,1,imu01,fusion_20260817T192552Z,1878,43324298,486385013457998
486385046000000,43344,-1.037,-0.388,-0.682,-41.32,0.03,28.04,1,imu01,fusion_20260817T192552Z,1879,43344302,486385033461235
486385062000000,43364,-1.095,-0.423,-0.678,-32.86,-0.48,0.1,1,imu01,fusion_20260817T192552Z,1880,43364298,486385053456472
486385078000000,43384,-0.974,-0.349,-0.796,-17.69,-18.97,-21.5,1,imu01,fusion_20260817T192552Z,1881,43384302,486385073459710
486385109000000,43404,-0.825,-0.282,-0.789,7.04,-34.96,-24.31,1,imu01,fusion_20260817T192552Z,1882,43404298,486385093454947
486385125000000,43424,-0.742,-0.303,-0.718,23.13,-44.5,-8.67,1,imu01,fusion_20260817T192552Z,1883,43424302,486385113458184
486385140000000,43444,-0.87,-0.424,-0.63,28.02,-47.36,4.48,1,imu01,fusion_20260817T192552Z,1884,43444298,486385133453422
486385156000000,43464,-1.015,-0.52,-0.6,21.76,-42.32,5.3,1,imu01,fusion_20260817T192552Z,1885,43464302,486385153456659
486385187000000,43484,-1.038,-0.512,-0.618,26.29,-49.49,-10.29,1,imu01,fusion_20260817T192552Z,1886,43484298,486385173451897
486385203000000,43504,-0.874,-0.456,-0.584,35.9,-61.28,-24.54,1,imu01,fusion_20260817T192552Z,1887,43504302,486385193455134
486385218000000,43524,-0.61,-0.396,-0.456,33.06,-60.07,-7.84,1,imu01,fusion_20260817T192552Z,1888,43524298,486385213450372
486385250000000,43544,-0.519,-0.391,-0.327,18.46,-47.63,26.98,1,imu01,fusion_20260817T192552Z,1889,43544302,486385233453609
486385265000000,43564,-0.7,-0.429,-0.304,-9.02,-47.55,55.51,1,imu01,fusion_20260817T192552Z,1890,43564298,486385253448847
486385281000000,43584,-0.893,-0.354,-0.518,-21.12,-48.94,59.75,1,imu01,fusion_20260817T192552Z,1891,43584302,486385273452084
486385296000000,43604,-0.987,-0.294,-0.627,-11.28,-50.46,43.72,1,imu01,fusion_20260817T192552Z,1892,43604298,486385293447321
486385328000000,43624,-1.008,-0.238,-0.645,9.72,-58.54,17.46,1,imu01,fusion_20260817T192552Z,1893,43624302,486385313450559
486385343000000,43644,-1.002,-0.264,-0.563,30.05,-73.2,-3.26,1,imu01,fusion_20260817T192552Z,1894,43644298,486385333445796
486385359000000,43664,-1.02,-0.361,-0.442,26.14,-70.09,-2.05,1,imu01,fusion_20260817T192552Z,1895,43664302,486385353449034
486385375000000,43684,-1.059,-0.388,-0.439,11.75,-47.79,5.96,1,imu01,fusion_20260817T192552Z,1896,43684298,486385373444271
486385406000000,43704,-1.066,-0.327,-0.477,9.84,-34.59,-1.75,1,imu01,fusion_20260817T192552Z,1897,43704302,486385393447508
486385421000000,43724,-0.999,-0.254,-0.48,23.62,-30.99,-21.8,1,imu01,fusion_20260817T192552Z,1898,43724298,486385413442746
486385437000000,43744,-0.89,-0.273,-0.384,35.65,-27.44,-32.05,1,imu01,fusion_20260817T192552Z,1899,43744302,486385433445983
486385468000000,43764,-0.783,-0.338,-0.248,26.62,-32.67,-26.09,1,imu01,fusion_20260817T192552Z,1900,43764298,486385453441221
486385484000000,43784,-0.693,-0.341,-0.228,6.89,-22.11,-10.8,1,imu01,fusion_20260817T192552Z,1901,43784302,486385473444458
486385500000000,43804,-0.659,-0.335,-0.397,9.08,-23.86,13.12,1,imu01,fusion_20260817T192552Z,1902,43804298,486385493439696
486385515000000,43824,-0.681,-0.215,-0.312,5.55,-7.99,8.02,1,imu01,fusion_20260817T192552Z,1903,43824302,486385513442933
486385546000000,43844,-0.789,-0.302,-0.296,10.44,-31.86,8.3,1,imu01,fusion_20260817T192552Z,1904,43844298,486385533438170
486385562000000,43864,-0.901,-0.354,-0.324,-0.03,-33.83,6.4,1,imu01,fusion_20260817T192552Z,1905,43864302,486385553441408
486385578000000,43884,-0.904,-0.319,-0.389,-9.65,-20.71,-0.96,1,imu01,fusion_20260817T192552Z,1906,43884298,486385573436645
486385609000000,43904,-0.839,-0.249,-0.472,-6.68,-12.78,-12.53,1,imu01,fusion_20260817T192552Z,1907,43904302,486385593439883
486385625000000,43924,-0.697,-0.157,-0.472,8.52,-7.96,-20.27,1,imu01,fusion_20260817T192552Z,1908,43924298,486385613435120
486385640000000,43944,-0.572,-0.13,-0.388,22.95,-9.55,-17.69,1,imu01,fusion_20260817T192552Z,1909,43944302,486385633438358
486385656000000,43964,-0.512,-0.166,-0.222,19.87,-9.35,-8.05,1,imu01,fusion_20260817T192552Z,1910,43964298,486385653433595
486385687000000,43984,-0.574,-0.208,-0.176,6.55,-14.39,5.53,1,imu01,fusion_20260817T192552Z,1911,43984302,486385673436832
486385703000000,44004,-0.711,-0.219,-0.233,-2.74,-10.62,14.64,1,imu01,fusion_20260817T192552Z,1912,44004298,486385693432070
486385718000000,44024,-0.776,-0.246,-0.272,-6.59,-1.88,17.22,1,imu01,fusion_20260817T192552Z,1913,44024302,486385713435307
486385750000000,44044,-0.895,-0.26,-0.342,-3.68,5.24,16.14,1,imu01,fusion_20260817T192552Z,1914,44044298,486385733430545
486385765000000,44064,-0.974,-0.282,-0.371,9.63,2.86,3.33,1,imu01,fusion_20260817T192552Z,1915,44064302,486385753433782
486385781000000,44084,-0.948,-0.308,-0.336,18.1,6.52,-7.67,1,imu01,fusion_20260817T192552Z,1916,44084298,486385773429020
486385796000000,44104,-0.89,-0.314,-0.311,21.37,8.22,-13.47,1,imu01,fusion_20260817T192552Z,1917,44104302,486385793432257
486385828000000,44124,-0.798,-0.284,-0.295,25.58,4.09,-16.68,1,imu01,fusion_20260817T192552Z,1918,44124298,486385813427494
486385843000000,44144,-0.749,-0.29,-0.223,23.75,0.24,-11.3,1,imu01,fusion_20260817T192552Z,1919,44144302,486385833430732
486385859000000,44164,-0.78,-0.321,-0.222,16.64,2.83,-0.86,1,imu01,fusion_20260817T192552Z,1920,44164298,486385853425969
486385875000000,44184,-0.878,-0.353,-0.275,13.5,1.38,1.98,1,imu01,fusion_20260817T192552Z,1921,44184302,486385873429207
486385906000000,44204,-0.92,-0.363,-0.271,10.33,1.98,2.58,1,imu01,fusion_20260817T192552Z,1922,44204298,486385893424444
486385921000000,44224,-0.961,-0.366,-0.26,1.99,8.57,6.58,1,imu01,fusion_20260817T192552Z,1923,44224302,486385913427681
486385937000000,44244,-0.978,-0.353,-0.301,0.96,10.94,3.42,1,imu01,fusion_20260817T192552Z,1924,44244298,486385933422919
486385968000000,44264,-0.911,-0.331,-0.304,7.32,7.63,-3.97,1,imu01,fusion_20260817T192552Z,1925,44264302,486385953426156
486385984000000,44284,-0.822,-0.335,-0.241,8.65,3.55,-5.11,1,imu01,fusion_20260817T192552Z,1926,44284298,486385973421394
486386000000000,44304,-0.823,-0.364,-0.191,2.19,1.3,-0.79,1,imu01,fusion_20260817T192552Z,1927,44304302,486385993424631
486386015000000,44324,-0.858,-0.376,-0.211,-5.69,2.07,6.17,1,imu01,fusion_20260817T192552Z,1928,44324298,486386013419869
486386046000000,44344,-0.909,-0.347,-0.306,-3.19,3.02,5.82,1,imu01,fusion_20260817T192552Z,1929,44344302,486386033423106
486386062000000,44364,-0.937,-0.374,-0.293,2.16,4.7,0.82,1,imu01,fusion_20260817T192552Z,1930,44364298,486386053418344
486386078000000,44384,-0.927,-0.365,-0.28,0.23,1.83,-0.31,1,imu01,fusion_20260817T192552Z,1931,44384302,486386073421581
486386109000000,44404,-0.931,-0.346,-0.299,-1.77,1.91,1.91,1,imu01,fusion_20260817T192552Z,1932,44404298,486386093416818
486386125000000,44424,-0.955,-0.349,-0.317,-0.69,-1.06,0.1,1,imu01,fusion_20260817T192552Z,1933,44424302,486386113420056
486386140000000,44444,-0.93,-0.344,-0.325,0.26,0.13,-4.93,1,imu01,fusion_20260817T192552Z,1934,44444298,486386133415293
486386156000000,44464,-0.907,-0.322,-0.316,2.36,-0.04,-7.38,1,imu01,fusion_20260817T192552Z,1935,44464302,486386153418530
486386187000000,44484,-0.849,-0.304,-0.303,3.23,1.35,-6.75,1,imu01,fusion_20260817T192552Z,1936,44484298,486386173413768
486386203000000,44504,-0.852,-0.318,-0.281,1.01,0.62,-3.67,1,imu01,fusion_20260817T192552Z,1937,44504302,486386193417005
486386218000000,44524,-0.86,-0.336,-0.299,-1.54,0.99,-2.15,1,imu01,fusion_20260817T192552Z,1938,44524298,486386213412243
486386250000000,44544,-0.875,-0.342,-0.306,-1.19,-2.02,-3.44,1,imu01,fusion_20260817T192552Z,1939,44544302,486386233415480
486386265000000,44564,-0.863,-0.334,-0.312,-2.31,0.31,-2.73,1,imu01,fusion_20260817T192552Z,1940,44564298,486386253410718
486386281000000,44584,-0.877,-0.341,-0.293,-4.93,-1.53,-1.28,1,imu01,fusion_20260817T192552Z,1941,44584302,486386273413955
486386296000000,44604,-0.887,-0.345,-0.308,-7.09,-0.32,-1.68,1,imu01,fusion_20260817T192552Z,1942,44604298,486386293409193
486386328000000,44624,-0.88,-0.339,-0.324,-6.95,2.48,-2.48,1,imu01,fusion_20260817T192552Z,1943,44624302,486386313412430
486386343000000,44644,-0.891,-0.329,-0.325,-6.25,4.24,-1.83,1,imu01,fusion_20260817T192552Z,1944,44644298,486386333407668
486386359000000,44664,-0.919,-0.333,-0.324,-4.64,1.75,-1.73,1,imu01,fusion_20260817T192552Z,1945,44664302,486386353410905
486386375000000,44684,-0.889,-0.335,-0.299,-0.19,-4.12,-5.12,1,imu01,fusion_20260817T192552Z,1946,44684298,486386373406142
486386406000000,44704,-0.86,-0.346,-0.285,-1.35,1.55,-3.21,1,imu01,fusion_20260817T192552Z,1947,44704302,486386393409380
486386421000000,44724,-0.874,-0.34,-0.281,-3.94,0.76,0.53,1,imu01,fusion_20260817T192552Z,1948,44724298,486386413404617
486386437000000,44744,-0.893,-0.345,-0.306,-5.32,3.52,3.77,1,imu01,fusion_20260817T192552Z,1949,44744302,486386433407854
486386468000000,44764,-0.9,-0.349,-0.326,-3.68,0.57,0.16,1,imu01,fusion_20260817T192552Z,1950,44764298,486386453403092
486386484000000,44784,-0.879,-0.353,-0.3,-2.19,1.72,-1.86,1,imu01,fusion_20260817T192552Z,1951,44784302,486386473406329
486386500000000,44804,-0.84,-0.347,-0.312,-3.41,3.9,-0.19,1,imu01,fusion_20260817T192552Z,1952,44804298,486386493401567
486386515000000,44824,-0.858,-0.34,-0.319,-3.14,0.3,1.98,1,imu01,fusion_20260817T192552Z,1953,44824302,486386513404804
486386546000000,44844,-0.886,-0.35,-0.316,-3.47,-0.16,0.75,1,imu01,fusion_20260817T192552Z,1954,44844298,486386533400042
486386562000000,44864,-0.892,-0.347,-0.329,-3.96,2.32,-0.13,1,imu01,fusion_20260817T192552Z,1955,44864302,486386553403279
486386578000000,44884,-0.894,-0.354,-0.33,-2.05,0.77,-1.89,1,imu01,fusion_20260817T192552Z,1956,44884298,486386573398517
486386609000000,44904,-0.895,-0.34,-0.332,0.36,-2.99,-4.63,1,imu01,fusion_20260817T192552Z,1957,44904302,486386593401754
486386625000000,44924,-0.856,-0.344,-0.321,2.7,-0.55,-4.75,1,imu01,fusion_20260817T192552Z,1958,44924298,486386613396991
486386640000000,44944,-0.87,-0.353,-0.304,1.54,0.63,-2.52,1,imu01,fusion_20260817T192552Z,1959,44944302,486386633400229
486386656000000,44964,-0.87,-0.352,-0.303,-0.63,-1.15,-2.03,1,imu01,fusion_20260817T192552Z,1960,44964298,486386653395466
486386687000000,44984,-0.883,-0.367,-0.296,-2.47,-4.19,-2.25,1,imu01,fusion_20260817T192552Z,1961,44984302,486386673398704
486386703000000,45004,-0.867,-0.354,-0.292,-3.53,-6.73,-2.01,1,imu01,fusion_20260817T192552Z,1962,45004298,486386693393941
486386718000000,45024,-0.834,-0.352,-0.305,-4.77,-4.05,0.82,1,imu01,fusion_20260817T192552Z,1963,45024302,486386713397178
486386734000000,45044,-0.888,-0.341,-0.326,-4.74,-0.27,3.99,1,imu01,fusion_20260817T192552Z,1964,45044298,486386733392416
486386765000000,45064,-0.903,-0.348,-0.32,-4.53,-0.64,2.44,1,imu01,fusion_20260817T192552Z,1965,45064302,486386753395653
486386781000000,45084,-0.903,-0.35,-0.315,-3.56,-3.92,-1.8,1,imu01,fusion_20260817T192552Z,1966,45084298,486386773390891
486386796000000,45104,-0.875,-0.338,-0.329,-2.57,-5.77,-3.28,1,imu01,fusion_20260817T192552Z,1967,45104302,486386793394128
486386828000000,45124,-0.843,-0.323,-0.33,-0.3,-5.78,-3.38,1,imu01,fusion_20260817T192552Z,1968,45124298,486386813389366
486386843000000,45144,-0.863,-0.335,-0.316,-0.57,-2.68,-1.01,1,imu01,fusion_20260817T192552Z,1969,45144302,486386833392603
486386859000000,45164,-0.886,-0.353,-0.296,-2.33,0.38,-0.89,1,imu01,fusion_20260817T192552Z,1970,45164298,486386853387840
486386875000000,45184,-0.866,-0.347,-0.316,-3.26,-4.03,-2.99,1,imu01,fusion_20260817T192552Z,1971,45184302,486386873391078
486386906000000,45204,-0.876,-0.341,-0.315,-2.77,-5.84,-3.14,1,imu01,fusion_20260817T192552Z,1972,45204298,486386893386315
486386921000000,45224,-0.864,-0.323,-0.317,-0.99,-4.36,-1.54,1,imu01,fusion_20260817T192552Z,1973,45224302,486386913389553
486386937000000,45244,-0.86,-0.339,-0.309,-0.74,-5.46,1.8,1,imu01,fusion_20260817T192552Z,1974,45244298,486386933384790
486386968000000,45264,-0.88,-0.356,-0.302,-1.58,1.58,2.54,1,imu01,fusion_20260817T192552Z,1975,45264302,486386953388028
486386984000000,45284,-0.914,-0.364,-0.305,-2.47,2.07,1.14,1,imu01,fusion_20260817T192552Z,1976,45284298,486386973383265
486387000000000,45304,-0.899,-0.361,-0.31,-2.59,-1.74,-1.11,1,imu01,fusion_20260817T192552Z,1977,45304302,486386993386502
486387015000000,45324,-0.894,-0.347,-0.308,-2.25,-5.46,-2.49,1,imu01,fusion_20260817T192552Z,1978,45324298,486387013381740
486387046000000,45344,-0.836,-0.348,-0.324,0.72,-3.84,-2.13,1,imu01,fusion_20260817T192552Z,1979,45344302,486387033384977
486387062000000,45364,-0.871,-0.349,-0.29,-0.8,2.61,1.08,1,imu01,fusion_20260817T192552Z,1980,45364298,486387053380215
486387078000000,45384,-0.89,-0.346,-0.28,-2.51,-1.01,2.08,1,imu01,fusion_20260817T192552Z,1981,45384302,486387073383452
486387109000000,45404,-0.912,-0.352,-0.298,-4.22,1.54,1.4,1,imu01,fusion_20260817T192552Z,1982,45404298,486387093378690
486387125000000,45424,-0.894,-0.335,-0.32,-2.74,-1.12,-0.28,1,imu01,fusion_20260817T192552Z,1983,45424302,486387113381927
486387140000000,45444,-0.874,-0.326,-0.308,-0.48,-5.3,-1.45,1,imu01,fusion_20260817T192552Z,1984,45444298,486387133377164
486387156000000,45464,-0.858,-0.327,-0.293,-0.31,-2.19,1.62,1,imu01,fusion_20260817T192552Z,1985,45464302,486387153380402
486387187000000,45484,-0.884,-0.321,-0.295,-1.25,-2.1,3.08,1,imu01,fusion_20260817T192552Z,1986,45484298,486387173375639
486387203000000,45504,-0.89,-0.345,-0.29,-2.26,-2.78,2.2,1,imu01,fusion_20260817T192552Z,1987,45504302,486387193378877
486387218000000,45524,-0.896,-0.349,-0.29,-2.82,-1.77,-0.13,1,imu01,fusion_20260817T192552Z,1988,45524298,486387213374114
486387250000000,45544,-0.881,-0.331,-0.305,-1.97,-1.52,-0.4,1,imu01,fusion_20260817T192552Z,1989,45544302,486387233377351
486387265000000,45564,-0.889,-0.323,-0.312,0.23,-2.22,0.73,1,imu01,fusion_20260817T192552Z,1990,45564298,486387253372589
486387281000000,45584,-0.888,-0.327,-0.309,2.17,-5.42,1.98,1,imu01,fusion_20260817T192552Z,1991,45584302,486387273375826
486387296000000,45604,-0.894,-0.345,-0.288,1.58,-2.74,2.62,1,imu01,fusion_20260817T192552Z,1992,45604298,486387293371064
486387328000000,45624,-0.894,-0.346,-0.291,-0.89,-2.67,2.27,1,imu01,fusion_20260817T192552Z,1993,45624302,486387313374301
486387343000000,45644,-0.9,-0.341,-0.308,-0.91,0.6,0.69,1,imu01,fusion_20260817T192552Z,1994,45644298,486387333369539
486387359000000,45664,-0.886,-0.333,-0.312,1.17,-1.27,-1.02,1,imu01,fusion_20260817T192552Z,1995,45664302,486387353372776
486387375000000,45684,-0.882,-0.332,-0.308,2.65,-3.41,-0.64,1,imu01,fusion_20260817T192552Z,1996,45684298,486387373368014
486387406000000,45704,-0.876,-0.332,-0.291,3.78,-5.02,0.99,1,imu01,fusion_20260817T192552Z,1997,45704302,486387393371251
486387421000000,45724,-0.876,-0.344,-0.285,1.66,-2.02,1.65,1,imu01,fusion_20260817T192552Z,1998,45724298,486387413366488
486387437000000,45744,-0.875,-0.337,-0.276,-0.95,1.58,3.36,1,imu01,fusion_20260817T192552Z,1999,45744302,486387433369726
486387468000000,45764,-0.907,-0.34,-0.288,-1.04,0.42,5.87,1,imu01,fusion_20260817T192552Z,2000,45764298,486387453364963
486387484000000,45784,-0.916,-0.334,-0.305,0.26,-3.42,2.95,1,imu01,fusion_20260817T192552Z,2001,45784302,486387473368200
486387500000000,45804,-0.923,-0.345,-0.298,2.51,-2.33,-0.23,1,imu01,fusion_20260817T192552Z,2002,45804298,486387493363438
486387515000000,45824,-0.883,-0.332,-0.293,3.66,-4.73,-2.44,1,imu01,fusion_20260817T192552Z,2003,45824302,486387513366675
486387546000000,45844,-0.855,-0.344,-0.27,3.31,-2.52,-1.74,1,imu01,fusion_20260817T192552Z,2004,45844298,486387533361913
486387562000000,45864,-0.858,-0.329,-0.277,1.39,-2.23,1.62,1,imu01,fusion_20260817T192552Z,2005,45864302,486387553365150
486387578000000,45884,-0.869,-0.336,-0.28,0.26,-1.59,4.33,1,imu01,fusion_20260817T192552Z,2006,45884298,486387573360388
486387609000000,45904,-0.908,-0.353,-0.287,-1.55,0.11,3.82,1,imu01,fusion_20260817T192552Z,2007,45904302,486387593363625
486387625000000,45924,-0.92,-0.345,-0.298,-1.58,-2.42,0.01,1,imu01,fusion_20260817T192552Z,2008,45924298,486387613358863
486387640000000,45944,-0.902,-0.347,-0.296,-1.48,-1.88,-1.38,1,imu01,fusion_20260817T192552Z,2009,45944302,486387633362100
486387656000000,45964,-0.9,-0.345,-0.288,-2.97,1.0,0.04,1,imu01,fusion_20260817T192552Z,2010,45964298,486387653357338
486387687000000,45984,-0.906,-0.33,-0.3,-3.2,-1.68,-0.37,1,imu01,fusion_20260817T192552Z,2011,45984302,486387673360575
486387703000000,46004,-0.89,-0.319,-0.305,-0.32,-1.2,-0.89,1,imu01,fusion_20260817T192552Z,2012,46004298,486387693355812
486387718000000,46024,-0.881,-0.326,-0.278,1.34,-5.17,-1.6,1,imu01,fusion_20260817T192552Z,2013,46024302,486387713359050
486387734000000,46044,-0.872,-0.336,-0.258,0.43,-3.16,0.12,1,imu01,fusion_20260817T192552Z,2014,46044298,486387733354287
486387765000000,46064,-0.884,-0.334,-0.267,-1.22,2.25,2.95,1,imu01,fusion_20260817T192552Z,2015,46064302,486387753357524
486387781000000,46084,-0.908,-0.336,-0.289,-1.83,-0.1,2.4,1,imu01,fusion_20260817T192552Z,2016,46084298,486387773352762
486387796000000,46104,-0.91,-0.332,-0.293,0.88,-4.26,-0.35,1,imu01,fusion_20260817T192552Z,2017,46104302,486387793355999
486387828000000,46124,-0.899,-0.33,-0.28,0.78,-4.96,-1.19,1,imu01,fusion_20260817T192552Z,2018,46124298,486387813351237
486387843000000,46144,-0.892,-0.326,-0.274,0.06,-3.84,-0.67,1,imu01,fusion_20260817T192552Z,2019,46144302,486387833354474
486387859000000,46164,-0.877,-0.331,-0.275,0.33,-3.68,0.02,1,imu01,fusion_20260817T192552Z,2020,46164298,486387853349712
486387875000000,46184,-0.891,-0.336,-0.274,-0.94,2.14,2.11,1,imu01,fusion_20260817T192552Z,2021,46184302,486387873352949
486387906000000,46204,-0.897,-0.319,-0.291,-0.25,-2.2,0.37,1,imu01,fusion_20260817T192552Z,2022,46204298,486387893348187
486387921000000,46224,-0.896,-0.318,-0.289,3.16,-7.23,-0.6,1,imu01,fusion_20260817T192552Z,2023,46224302,486387913351424
486387937000000,46244,-0.884,-0.317,-0.272,4.78,-11.66,-0.1,1,imu01,fusion_20260817T192552Z,2024,46244298,486387933346661
486387968000000,46264,-0.904,-0.338,-0.261,4.15,-12.98,1.26,1,imu01,fusion_20260817T192552Z,2025,46264302,486387953349899
486387984000000,46284,-0.904,-0.338,-0.252,0.78,-8.88,1.27,1,imu01,fusion_20260817T192552Z,2026,46284298,486387973345136
486388000000000,46304,-0.903,-0.333,-0.264,1.59,-2.67,-0.13,1,imu01,fusion_20260817T192552Z,2027,46304302,486387993348374
486388015000000,46324,-0.88,-0.326,-0.262,2.43,-3.92,-0.51,1,imu01,fusion_20260817T192552Z,2028,46324298,486388013343611
486388046000000,46344,-0.877,-0.326,-0.267,2.2,-4.93,1.31,1,imu01,fusion_20260817T192552Z,2029,46344302,486388033346848
486388062000000,46364,-0.908,-0.342,-0.265,1.78,-5.17,3.23,1,imu01,fusion_20260817T192552Z,2030,46364298,486388053342086
486388078000000,46384,-0.926,-0.337,-0.274,2.76,-6.03,1.54,1,imu01,fusion_20260817T192552Z,2031,46384302,486388073345323
486388109000000,46404,-0.927,-0.344,-0.27,4.56,-8.05,-0.96,1,imu01,fusion_20260817T192552Z,2032,46404298,486388093340561
486388125000000,46424,-0.931,-0.351,-0.239,1.38,-0.03,-0.87,1,imu01,fusion_20260817T192552Z,2033,46424302,486388113343798
486388140000000,46444,-0.929,-0.34,-0.256,-1.83,2.8,-0.06,1,imu01,fusion_20260817T192552Z,2034,46444298,486388133339036
486388156000000,46464,-0.918,-0.32,-0.277,-0.1,1.06,-0.35,1,imu01,fusion_20260817T192552Z,2035,46464302,486388153342273
486388187000000,46484,-0.91,-0.325,-0.258,2.63,-2.77,-0.76,1,imu01,fusion_20260817T192552Z,2036,46484298,486388173337510
486388203000000,46504,-0.902,-0.327,-0.259,2.78,-1.27,-0.61,1,imu01,fusion_20260817T192552Z,2037,46504302,486388193340748
486388218000000,46524,-0.893,-0.327,-0.253,3.7,-3.35,-0.55,1,imu01,fusion_20260817T192552Z,2038,46524298,486388213335985
486388234000000,46544,-0.916,-0.339,-0.225,2.76,-2.15,-0.41,1,imu01,fusion_20260817T192552Z,2039,46544302,486388233339223
486388265000000,46564,-0.894,-0.333,-0.243,3.92,-3.05,-0.69,1,imu01,fusion_20260817T192552Z,2040,46564298,486388253334460
486388281000000,46584,-0.898,-0.34,-0.235,3.44,-2.85,-0.69,1,imu01,fusion_20260817T192552Z,2041,46584302,486388273337698
486388296000000,46604,-0.906,-0.34,-0.25,3.52,-4.29,-0.76,1,imu01,fusion_20260817T192552Z,2042,46604298,486388293332935
486388328000000,46624,-0.926,-0.35,-0.234,3.32,-5.12,-2.29,1,imu01,fusion_20260817T192552Z,2043,46624302,486388313336172
486388343000000,46644,-0.886,-0.35,-0.234,0.36,0.51,-1.25,1,imu01,fusion_20260817T192552Z,2044,46644298,486388333331410
486388359000000,46664,-0.908,-0.336,-0.239,-1.86,0.04,-0.4,1,imu01,fusion_20260817T192552Z,2045,46664302,486388353334647
486388375000000,46684,-0.919,-0.323,-0.261,-0.06,-3.87,-1.29,1,imu01,fusion_20260817T192552Z,2046,46684298,486388373329885
486388406000000,46704,-0.918,-0.308,-0.274,5.26,-7.9,-3.49,1,imu01,fusion_20260817T192552Z,2047,46704302,486388393333122
486388421000000,46724,-0.786,-0.355,-0.211,8.58,-12.33,-4.28,1,imu01,fusion_20260817T192552Z,2048,46724298,486388413328360
486388437000000,46744,-0.905,-0.36,-0.179,3.88,2.3,-0.03,1,imu01,fusion_20260817T192552Z,2049,46744302,486388433331597
486388468000000,46764,-0.905,-0.34,-0.22,-1.22,7.11,3.95,1,imu01,fusion_20260817T192552Z,2050,46764298,486388453326834
486388484000000,46784,-0.946,-0.345,-0.246,1.03,1.91,2.17,1,imu01,fusion_20260817T192552Z,2051,46784302,486388473330072
486388500000000,46804,-0.942,-0.347,-0.245,4.01,-1.65,-3.15,1,imu01,fusion_20260817T192552Z,2052,46804298,486388493325309
486388515000000,46824,-0.91,-0.343,-0.235,6.2,-2.54,-6.16,1,imu01,fusion_20260817T192552Z,2053,46824302,486388513328547
486388546000000,46844,-0.877,-0.341,-0.231,5.55,1.01,-3.04,1,imu01,fusion_20260817T192552Z,2054,46844298,486388533323784
486388562000000,46864,-0.92,-0.347,-0.227,3.04,-0.04,0.17,1,imu01,fusion_20260817T192552Z,2055,46864302,486388553327021
486388578000000,46884,-0.927,-0.344,-0.236,3.81,-5.33,-1.32,1,imu01,fusion_20260817T192552Z,2056,46884298,486388573322259
486388609000000,46904,-0.909,-0.34,-0.255,8.75,-12.09,-5.23,1,imu01,fusion_20260817T192552Z,2057,46904302,486388593325496
486388625000000,46924,-0.853,-0.355,-0.227,10.39,-8.01,-6.82,1,imu01,fusion_20260817T192552Z,2058,46924298,486388613320734
486388640000000,46944,-0.888,-0.359,-0.214,7.26,-3.04,-3.37,1,imu01,fusion_20260817T192552Z,2059,46944302,486388633323971
486388656000000,46964,-0.903,-0.351,-0.209,6.61,-2.11,-2.34,1,imu01,fusion_20260817T192552Z,2060,46964298,486388653319209
486388687000000,46984,-0.906,-0.368,-0.206,5.44,-3.91,-1.31,1,imu01,fusion_20260817T192552Z,2061,46984302,486388673322446
486388703000000,47004,-0.918,-0.36,-0.217,2.57,2.73,-0.02,1,imu01,fusion_20260817T192552Z,2062,47004298,486388693317684
486388718000000,47024,-0.913,-0.35,-0.224,4.72,1.64,-4.25,1,imu01,fusion_20260817T192552Z,2063,47024302,486388713320921
486388734000000,47044,-0.891,-0.338,-0.213,9.25,-2.3,-7.94,1,imu01,fusion_20260817T192552Z,2064,47044298,486388733316158
486388765000000,47064,-0.848,-0.345,-0.191,11.69,-5.07,-7.04,1,imu01,fusion_20260817T192552Z,2065,47064302,486388753319396
486388781000000,47084,-0.853,-0.353,-0.178,10.62,-3.49,-3.84,1,imu01,fusion_20260817T192552Z,2066,47084298,486388773314633
486388796000000,47104,-0.874,-0.364,-0.18,8.2,-0.12,-1.0,1,imu01,fusion_20260817T192552Z,2067,47104302,486388793317871
486388828000000,47124,-0.907,-0.374,-0.192,6.69,-2.09,-2.09,1,imu01,fusion_20260817T192552Z,2068,47124298,486388813313108
486388843000000,47144,-0.885,-0.362,-0.216,7.16,-2.38,-4.35,1,imu01,fusion_20260817T192552Z,2069,47144302,486388833316345
486388859000000,47164,-0.863,-0.366,-0.193,8.0,-4.36,-5.99,1,imu01,fusion_20260817T192552Z,2070,47164298,486388853311583
486388875000000,47184,-0.861,-0.357,-0.196,7.57,-2.52,-4.06,1,imu01,fusion_20260817T192552Z,2071,47184302,486388873314820
486388906000000,47204,-0.862,-0.356,-0.198,7.32,-3.26,-4.91,1,imu01,fusion_20260817T192552Z,2072,47204298,486388893310058
486388921000000,47224,-0.866,-0.355,-0.202,7.42,-1.34,-6.82,1,imu01,fusion_20260817T192552Z,2073,47224302,486388913313295
486388937000000,47244,-0.833,-0.357,-0.201,7.75,3.05,-9.0,1,imu01,fusion_20260817T192552Z,2074,47244298,486388933308533
486388968000000,47264,-0.795,-0.326,-0.207,8.68,-2.63,-10.25,1,imu01,fusion_20260817T192552Z,2075,47264302,486388953311770
486388984000000,47284,-0.741,-0.321,-0.224,8.74,2.96,-8.08,1,imu01,fusion_20260817T192552Z,2076,47284298,486388973307008
486389000000000,47304,-0.735,-0.326,-0.203,7.25,5.64,-7.44,1,imu01,fusion_20260817T192552Z,2077,47304302,486388993310245
486389015000000,47324,-0.733,-0.323,-0.209,9.42,2.27,-6.17,1,imu01,fusion_20260817T192552Z,2078,47324298,486389013305482
486389046000000,47344,-0.765,-0.329,-0.236,11.46,-4.11,0.11,1,imu01,fusion_20260817T192552Z,2079,47344302,486389033308720
486389062000000,47364,-0.78,-0.364,-0.218,9.72,-2.22,8.26,1,imu01,fusion_20260817T192552Z,2080,47364298,486389053303957
486389078000000,47384,-0.858,-0.394,-0.228,3.43,2.49,11.13,1,imu01,fusion_20260817T192552Z,2081,47384302,486389073307194
486389109000000,47404,-0.974,-0.398,-0.232,3.91,12.41,5.57,1,imu01,fusion_20260817T192552Z,2082,47404298,486389093302432
486389125000000,47424,-0.904,-0.353,-0.278,4.49,18.16,-1.12,1,imu01,fusion_20260817T192552Z,2083,47424302,486389113305669
486389140000000,47444,-0.835,-0.347,-0.218,7.77,22.19,-8.23,1,imu01,fusion_20260817T192552Z,2084,47444298,486389133300907
486389156000000,47464,-0.74,-0.34,-0.159,2.59,25.98,-10.56,1,imu01,fusion_20260817T192552Z,2085,47464302,486389153304144
486389187000000,47484,-0.727,-0.342,-0.159,-1.67,26.62,-9.55,1,imu01,fusion_20260817T192552Z,2086,47484298,486389173299382
486389203000000,47504,-0.732,-0.329,-0.186,-4.39,31.29,-6.88,1,imu01,fusion_20260817T192552Z,2087,47504302,486389193302619
486389218000000,47524,-0.748,-0.332,-0.204,0.33,31.15,-8.62,1,imu01,fusion_20260817T192552Z,2088,47524298,486389213297857
486389234000000,47544,-0.813,-0.41,-0.146,5.32,15.54,-13.83,1,imu01,fusion_20260817T192552Z,2089,47544302,486389233301094
486389265000000,47564,-0.808,-0.489,-0.11,-3.24,17.46,-17.88,1,imu01,fusion_20260817T192552Z,2090,47564298,486389253296331
486389281000000,47584,-0.777,-0.468,-0.148,-11.35,27.58,-22.38,1,imu01,fusion_20260817T192552Z,2091,47584302,486389273299569
486389296000000,47604,-0.769,-0.43,-0.199,-10.93,33.53,-31.03,1,imu01,fusion_20260817T192552Z,2092,47604298,486389293294806
486389328000000,47624,-0.791,-0.435,-0.195,-7.24,23.06,-32.22,1,imu01,fusion_20260817T192552Z,2093,47624302,486389313298044
486389343000000,47644,-0.828,-0.424,-0.215,-10.55,11.8,-22.58,1,imu01,fusion_20260817T192552Z,2094,47644298,486389333293281
486389359000000,47664,-0.811,-0.426,-0.267,-13.34,25.83,-12.4,1,imu01,fusion_20260817T192552Z,2095,47664302,486389353296518
486389375000000,47684,-0.892,-0.398,-0.334,-16.53,29.48,-5.75,1,imu01,fusion_20260817T192552Z,2096,47684298,486389373291756
486389406000000,47704,-0.902,-0.389,-0.391,-9.63,30.67,-10.1,1,imu01,fusion_20260817T192552Z,2097,47704302,486389393294993
486389421000000,47724,-0.969,-0.403,-0.361,-1.48,17.83,-18.35,1,imu01,fusion_20260817T192552Z,2098,47724298,486389413290231
486389437000000,47744,-0.979,-0.443,-0.315,0.81,5.02,-19.37,1,imu01,fusion_20260817T192552Z,2099,47744302,486389433293468
486389468000000,47764,-0.981,-0.514,-0.307,-5.69,16.69,-13.97,1,imu01,fusion_20260817T192552Z,2100,47764298,486389453288706
486389484000000,47784,-0.983,-0.498,-0.316,-11.64,30.52,-10.09,1,imu01,fusion_20260817T192552Z,2101,47784302,486389473291943
486389500000000,47804,-0.987,-0.506,-0.303,-7.43,27.99,-19.7,1,imu01,fusion_20260817T192552Z,2102,47804298,486389493287181
486389515000000,47824,-0.945,-0.544,-0.322,-5.3,20.19,-24.23,1,imu01,fusion_20260817T192552Z,2103,47824302,486389513290418
486389546000000,47844,-0.885,-0.549,-0.372,-6.31,16.77,-19.49,1,imu01,fusion_20260817T192552Z,2104,47844298,486389533285655
486389562000000,47864,-0.839,-0.529,-0.387,-9.22,21.76,-6.82,1,imu01,fusion_20260817T192552Z,2105,47864302,486389553288893
486389578000000,47884,-0.822,-0.523,-0.42,-8.63,18.37,7.98,1,imu01,fusion_20260817T192552Z,2106,47884298,486389573284130
486389609000000,47904,-0.908,-0.553,-0.408,-5.59,16.56,17.55,1,imu01,fusion_20260817T192552Z,2107,47904302,486389593287368
486389625000000,47924,-1.039,-0.603,-0.431,-1.89,9.57,17.49,1,imu01,fusion_20260817T192552Z,2108,47924298,486389613282605
486389640000000,47944,-1.117,-0.694,-0.395,-11.82,23.15,15.29,1,imu01,fusion_20260817T192552Z,2109,47944302,486389633285842
486389656000000,47964,-1.058,-0.707,-0.385,-33.71,44.24,15.14,1,imu01,fusion_20260817T192552Z,2110,47964298,486389653281080
486389687000000,47984,-0.934,-0.589,-0.447,-46.24,48.61,5.43,1,imu01,fusion_20260817T192552Z,2111,47984302,486389673284317
486389703000000,48004,-0.757,-0.425,-0.547,-44.66,36.0,-3.22,1,imu01,fusion_20260817T192552Z,2112,48004298,486389693279555
486389718000000,48024,-0.588,-0.281,-0.577,-29.41,13.85,-2.76,1,imu01,fusion_20260817T192552Z,2113,48024302,486389713282792
486389734000000,48044,-0.569,-0.215,-0.619,1.75,-5.54,8.8,1,imu01,fusion_20260817T192552Z,2114,48044298,486389733278030
486389765000000,48064,-0.68,-0.298,-0.493,38.48,-20.23,17.01,1,imu01,fusion_20260817T192552Z,2115,48064302,486389753281267
486389781000000,48084,-0.781,-0.431,-0.323,51.63,-24.55,30.04,1,imu01,fusion_20260817T192552Z,2116,48084298,486389773276504
486389796000000,48104,-0.91,-0.553,-0.278,49.71,-32.59,30.94,1,imu01,fusion_20260817T192552Z,2117,48104302,486389793279742
486389828000000,48124,-0.992,-0.598,-0.295,40.78,-43.83,20.71,1,imu01,fusion_20260817T192552Z,2118,48124298,486389813274979
486389843000000,48144,-0.983,-0.603,-0.304,22.53,-40.36,8.35,1,imu01,fusion_20260817T192552Z,2119,48144302,486389833278217
486389859000000,48164,-0.914,-0.517,-0.336,-14.45,-11.23,9.14,1,imu01,fusion_20260817T192552Z,2120,48164298,486389853273454
486389875000000,48184,-0.831,-0.35,-0.479,-38.42,15.22,10.35,1,imu01,fusion_20260817T192552Z,2121,48184302,486389873276691
486389906000000,48204,-0.772,-0.211,-0.577,-39.53,18.49,9.39,1,imu01,fusion_20260817T192552Z,2122,48204298,486389893271929
486389921000000,48224,-0.794,-0.173,-0.669,-23.0,10.22,8.27,1,imu01,fusion_20260817T192552Z,2123,48224302,486389913275166
486389937000000,48244,-0.83,-0.217,-0.657,-8.63,2.33,12.0,1,imu01,fusion_20260817T192552Z,2124,48244298,486389933270404
486389968000000,48264,-0.857,-0.306,-0.608,0.26,5.31,13.72,1,imu01,fusion_20260817T192552Z,2125,48264302,486389953273641
486389984000000,48284,-0.882,-0.42,-0.527,3.76,18.07,10.55,1,imu01,fusion_20260817T192552Z,2126,48284298,486389973268879
486390000000000,48304,-0.859,-0.465,-0.484,7.53,19.83,0.7,1,imu01,fusion_20260817T192552Z,2127,48304302,486389993272116
486390015000000,48324,-0.822,-0.498,-0.403,12.88,8.54,-11.21,1,imu01,fusion_20260817T192552Z,2128,48324298,486390013267354
486390046000000,48344,-0.711,-0.515,-0.41,10.9,5.9,-12.55,1,imu01,fusion_20260817T192552Z,2129,48344302,486390033270591
486390062000000,48364,-0.748,-0.503,-0.39,-0.51,3.11,-2.45,1,imu01,fusion_20260817T192552Z,2130,48364298,486390053265828
486390078000000,48384,-0.783,-0.454,-0.46,-7.28,4.56,6.3,1,imu01,fusion_20260817T192552Z,2131,48384302,486390073269066
486390109000000,48404,-0.801,-0.419,-0.437,-13.35,4.67,8.66,1,imu01,fusion_20260817T192552Z,2132,48404298,486390093264303
486390125000000,48424,-0.801,-0.371,-0.45,-19.05,5.57,9.34,1,imu01,fusion_20260817T192552Z,2133,48424302,486390113267541
486390140000000,48444,-0.792,-0.319,-0.462,-21.06,9.68,9.74,1,imu01,fusion_20260817T192552Z,2134,48444298,486390133262778
486390156000000,48464,-0.801,-0.275,-0.501,-18.64,10.61,9.95,1,imu01,fusion_20260817T192552Z,2135,48464302,486390153266015
486390187000000,48484,-0.795,-0.264,-0.507,-10.96,7.48,6.69,1,imu01,fusion_20260817T192552Z,2136,48484298,486390173261253
486390203000000,48504,-0.757,-0.304,-0.476,-5.31,8.19,4.65,1,imu01,fusion_20260817T192552Z,2137,48504302,486390193264490
486390218000000,48524,-0.799,-0.33,-0.478,-2.58,8.89,4.53,1,imu01,fusion_20260817T192552Z,2138,48524298,486390213259728
486390234000000,48544,-0.796,-0.357,-0.494,3.04,7.97,1.75,1,imu01,fusion_20260817T192552Z,2139,48544302,486390233262965
486390265000000,48564,-0.826,-0.373,-0.492,8.06,2.64,-2.78,1,imu01,fusion_20260817T192552Z,2140,48564298,486390253258203
486390281000000,48584,-0.814,-0.385,-0.449,12.05,1.16,-5.62,1,imu01,fusion_20260817T192552Z,2141,48584302,486390273261440
486390296000000,48604,-0.777,-0.382,-0.489,11.15,3.33,-1.45,1,imu01,fusion_20260817T192552Z,2142,48604298,486390293256678
486390328000000,48624,-0.778,-0.393,-0.474,12.36,0.9,4.14,1,imu01,fusion_20260817T192552Z,2143,48624302,486390313259915
486390343000000,48644,-0.805,-0.42,-0.428,6.76,9.7,6.62,1,imu01,fusion_20260817T192552Z,2144,48644298,486390333255152
486390359000000,48664,-0.843,-0.434,-0.411,-3.04,8.06,3.24,1,imu01,fusion_20260817T192552Z,2145,48664302,486390353258390
486390375000000,48684,-0.858,-0.404,-0.445,-10.38,6.58,-2.55,1,imu01,fusion_20260817T192552Z,2146,48684298,486390373253627
486390406000000,48704,-0.839,-0.367,-0.464,-7.91,6.5,-8.18,1,imu01,fusion_20260817T192552Z,2147,48704302,486390393256864
486390421000000,48724,-0.788,-0.334,-0.484,-3.53,4.7,-9.97,1,imu01,fusion_20260817T192552Z,2148,48724298,486390413252102
486390437000000,48744,-0.757,-0.347,-0.443,0.59,7.37,-7.9,1,imu01,fusion_20260817T192552Z,2149,48744302,486390433255339
486390468000000,48764,-0.743,-0.359,-0.436,3.69,5.84,-6.3,1,imu01,fusion_20260817T192552Z,2150,48764298,486390453250577
486390484000000,48784,-0.787,-0.379,-0.432,2.75,5.09,-2.93,1,imu01,fusion_20260817T192552Z,2151,48784302,486390473253814
486390500000000,48804,-0.809,-0.388,-0.444,2.55,0.31,-3.34,1,imu01,fusion_20260817T192552Z,2152,48804298,486390493249052
486390515000000,48824,-0.769,-0.372,-0.445,2.9,-4.6,-2.56,1,imu01,fusion_20260817T192552Z,2153,48824302,486390513252289
486390546000000,48844,-0.776,-0.382,-0.438,1.47,-4.07,2.59,1,imu01,fusion_20260817T192552Z,2154,48844298,486390533247527
486390562000000,48864,-0.814,-0.388,-0.426,-1.77,-5.14,4.96,1,imu01,fusion_20260817T192552Z,2155,48864302,486390553250764
486390578000000,48884,-0.819,-0.368,-0.496,-3.78,0.96,4.51,1,imu01,fusion_20260817T192552Z,2156,48884298,486390573246001
486390609000000,48904,-0.812,-0.357,-0.493,1.07,-0.5,-0.22,1,imu01,fusion_20260817T192552Z,2157,48904302,486390593249239
486390625000000,48924,-0.777,-0.352,-0.469,3.04,-2.38,-2.45,1,imu01,fusion_20260817T192552Z,2158,48924298,486390613244476
486390640000000,48944,-0.744,-0.336,-0.5,5.23,0.69,1.62,1,imu01,fusion_20260817T192552Z,2159,48944302,486390633247714
486390656000000,48964,-0.735,-0.34,-0.501,9.29,5.11,8.74,1,imu01,fusion_20260817T192552Z,2160,48964298,486390653242951
486390687000000,48984,-0.776,-0.378,-0.461,10.49,-1.49,12.6,1,imu01,fusion_20260817T192552Z,2161,48984302,486390673246188
486390703000000,49004,-0.853,-0.409,-0.44,8.0,1.1,11.67,1,imu01,fusion_20260817T192552Z,2162,49004298,486390693241426
486390718000000,49024,-0.875,-0.444,-0.434,2.46,0.29,6.43,1,imu01,fusion_20260817T192552Z,2163,49024302,486390713244663
486390750000000,49044,-0.894,-0.426,-0.457,-4.37,-0.42,0.97,1,imu01,fusion_20260817T192552Z,2164,49044298,486390733239901
486390765000000,49064,-0.862,-0.378,-0.492,-3.51,-1.85,-3.25,1,imu01,fusion_20260817T192552Z,2165,49064302,486390753243138
486390781000000,49084,-0.813,-0.368,-0.466,-1.95,1.37,-4.02,1,imu01,fusion_20260817T192552Z,2166,49084298,486390773238376
486390796000000,49104,-0.78,-0.364,-0.444,-3.25,5.45,-2.86,1,imu01,fusion_20260817T192552Z,2167,49104302,486390793241613
486390828000000,49124,-0.737,-0.361,-0.46,-2.28,8.97,-2.67,1,imu01,fusion_20260817T192552Z,2168,49124298,486390813236851
486390843000000,49144,-0.755,-0.351,-0.455,-0.21,6.0,-4.18,1,imu01,fusion_20260817T192552Z,2169,49144302,486390833240088
486390859000000,49164,-0.728,-0.351,-0.458,2.26,-0.71,-2.16,1,imu01,fusion_20260817T192552Z,2170,49164298,486390853235325
486390875000000,49184,-0.739,-0.362,-0.45,3.31,-4.29,0.22,1,imu01,fusion_20260817T192552Z,2171,49184302,486390873238563
486390906000000,49204,-0.778,-0.396,-0.435,0.72,0.01,1.78,1,imu01,fusion_20260817T192552Z,2172,49204298,486390893233800
486390921000000,49224,-0.791,-0.386,-0.474,1.33,-0.42,0.59,1,imu01,fusion_20260817T192552Z,2173,49224302,486390913237038
486390937000000,49244,-0.802,-0.37,-0.494,5.2,-6.63,-2.04,1,imu01,fusion_20260817T192552Z,2174,49244298,486390933232275
486390968000000,49264,-0.796,-0.375,-0.471,6.91,-5.71,-1.73,1,imu01,fusion_20260817T192552Z,2175,49264302,486390953235512
486390984000000,49284,-0.793,-0.387,-0.449,3.83,-5.69,-0.7,1,imu01,fusion_20260817T192552Z,2176,49284298,486390973230750
486391000000000,49304,-0.804,-0.394,-0.439,0.39,-1.75,0.42,1,imu01,fusion_20260817T192552Z,2177,49304302,486390993233987
486391015000000,49324,-0.805,-0.391,-0.463,-2.08,-3.49,1.19,1,imu01,fusion_20260817T192552Z,2178,49324298,486391013229225
486391046000000,49344,-0.813,-0.389,-0.477,-2.84,-5.23,2.44,1,imu01,fusion_20260817T192552Z,2179,49344302,486391033232462
486391062000000,49364,-0.851,-0.375,-0.496,-2.63,-6.85,1.21,1,imu01,fusion_20260817T192552Z,2180,49364298,486391053227700
486391078000000,49384,-0.812,-0.373,-0.486,-1.49,-2.39,0.47,1,imu01,fusion_20260817T192552Z,2181,49384302,486391073230937
486391109000000,49404,-0.822,-0.376,-0.481,-4.46,2.98,1.51,1,imu01,fusion_20260817T192552Z,2182,49404298,486391093226174
486391125000000,49424,-0.82,-0.366,-0.484,-3.62,4.8,0.24,1,imu01,fusion_20260817T192552Z,2183,49424302,486391113229412
486391140000000,49444,-0.81,-0.361,-0.48,-0.8,0.29,-0.93,1,imu01,fusion_20260817T192552Z,2184,49444298,486391133224649
486391156000000,49464,-0.79,-0.367,-0.476,1.88,-0.74,-0.61,1,imu01,fusion_20260817T192552Z,2185,49464302,486391153227887
486391187000000,49484,-0.768,-0.388,-0.473,5.45,2.52,0.51,1,imu01,fusion_20260817T192552Z,2186,49484298,486391173223124
486391203000000,49504,-0.782,-0.399,-0.444,3.36,4.48,2.05,1,imu01,fusion_20260817T192552Z,2187,49504302,486391193226362
486391218000000,49524,-0.807,-0.408,-0.43,-0.38,2.26,2.18,1,imu01,fusion_20260817T192552Z,2188,49524298,486391213221599
486391234000000,49544,-0.819,-0.403,-0.443,-2.06,-0.9,-1.03,1,imu01,fusion_20260817T192552Z,2189,49544302,486391233224836
486391265000000,49564,-0.801,-0.395,-0.434,-1.72,-2.93,-3.63,1,imu01,fusion_20260817T192552Z,2190,49564298,486391253220074
486391281000000,49584,-0.774,-0.383,-0.448,-2.19,-3.88,-2.23,1,imu01,fusion_20260817T192552Z,2191,49584302,486391273223311
486391296000000,49604,-0.786,-0.38,-0.453,-2.72,-0.39,-0.4,1,imu01,fusion_20260817T192552Z,2192,49604298,486391293218549
486391328000000,49624,-0.82,-0.377,-0.471,-2.07,-2.31,0.2,1,imu01,fusion_20260817T192552Z,2193,49624302,486391313221786
486391343000000,49644,-0.811,-0.376,-0.47,-0.51,-1.23,-0.89,1,imu01,fusion_20260817T192552Z,2194,49644298,486391333217024
486391359000000,49664,-0.818,-0.384,-0.463,-0.57,-3.94,-1.97,1,imu01,fusion_20260817T192552Z,2195,49664302,486391353220261
486391375000000,49684,-0.817,-0.378,-0.465,-0.71,-1.92,-1.28,1,imu01,fusion_20260817T192552Z,2196,49684298,486391373215498
486391406000000,49704,-0.811,-0.383,-0.449,-1.93,2.38,-0.2,1,imu01,fusion_20260817T192552Z,2197,49704302,486391393218736
486391421000000,49724,-0.825,-0.369,-0.465,-1.11,-0.97,-1.73,1,imu01,fusion_20260817T192552Z,2198,49724298,486391413213973
486391437000000,49744,-0.816,-0.373,-0.454,-1.47,2.49,-2.28,1,imu01,fusion_20260817T192552Z,2199,49744302,486391433217211
486391468000000,49764,-0.819,-0.357,-0.463,-1.12,-0.44,-1.45,1,imu01,fusion_20260817T192552Z,2200,49764298,486391453212448
486391484000000,49784,-0.807,-0.361,-0.439,0.43,-2.97,-0.22,1,imu01,fusion_20260817T192552Z,2201,49784302,486391473215685
486391500000000,49804,-0.798,-0.374,-0.446,-4.07,-0.42,3.14,1,imu01,fusion_20260817T192552Z,2202,49804298,486391493210923
486391515000000,49824,-0.833,-0.368,-0.479,-3.94,0.05,2.37,1,imu01,fusion_20260817T192552Z,2203,49824302,486391513214160
486391546000000,49844,-0.826,-0.364,-0.453,-0.48,-3.9,-1.7,1,imu01,fusion_20260817T192552Z,2204,49844298,486391533209398
486391562000000,49864,-0.792,-0.362,-0.444,-2.49,0.13,-1.41,1,imu01,fusion_20260817T192552Z,2205,49864302,486391553212635
486391578000000,49884,-0.814,-0.353,-0.494,-1.5,1.59,-2.89,1,imu01,fusion_20260817T192552Z,2206,49884298,486391573207873
486391609000000,49904,-0.812,-0.351,-0.485,6.83,-2.57,-9.04,1,imu01,fusion_20260817T192552Z,2207,49904302,486391593211110
486391625000000,49924,-0.782,-0.381,-0.426,3.41,-0.2,-5.49,1,imu01,fusion_20260817T192552Z,2208,49924298,486391613206348
486391640000000,49944,-0.783,-0.386,-0.447,0.34,1.41,-1.07,1,imu01,fusion_20260817T192552Z,2209,49944302,486391633209585
486391656000000,49964,-0.8,-0.378,-0.465,2.02,-1.58,-0.8,1,imu01,fusion_20260817T192552Z,2210,49964298,486391653204822
486391687000000,49984,-0.798,-0.395,-0.432,1.82,0.31,-0.95,1,imu01,fusion_20260817T192552Z,2211,49984302,486391673208060
486391703000000,50004,-0.798,-0.391,-0.451,0.97,2.69,-2.09,1,imu01,fusion_20260817T192552Z,2212,50004298,486391693203297
486391718000000,50024,-0.81,-0.389,-0.457,1.45,0.95,-2.65,1,imu01,fusion_20260817T192552Z,2213,50024302,486391713206534
486391734000000,50044,-0.798,-0.391,-0.439,0.73,0.84,-1.92,1,imu01,fusion_20260817T192552Z,2214,50044298,486391733201772
486391765000000,50064,-0.8,-0.395,-0.452,-0.92,-2.3,-0.98,1,imu01,fusion_20260817T192552Z,2215,50064302,486391753205009
486391781000000,50084,-0.791,-0.381,-0.473,-0.41,1.58,-1.63,1,imu01,fusion_20260817T192552Z,2216,50084298,486391773200247
486391796000000,50104,-0.797,-0.384,-0.464,-0.41,-0.46,-0.91,1,imu01,fusion_20260817T192552Z,2217,50104302,486391793203484
486391828000000,50124,-0.808,-0.387,-0.469,-0.06,-3.68,0.11,1,imu01,fusion_20260817T192552Z,2218,50124298,486391813198722
486391843000000,50144,-0.841,-0.413,-0.459,-1.89,-0.93,0.85,1,imu01,fusion_20260817T192552Z,2219,50144302,486391833201959
486391859000000,50164,-0.849,-0.413,-0.479,-4.76,-0.71,-1.0,1,imu01,fusion_20260817T192552Z,2220,50164298,486391853197197
486391875000000,50184,-0.842,-0.382,-0.493,-3.67,-2.81,-5.2,1,imu01,fusion_20260817T192552Z,2221,50184302,486391873200434
486391906000000,50204,-0.816,-0.371,-0.479,-2.06,-0.55,-6.57,1,imu01,fusion_20260817T192552Z,2222,50204298,486391893195672
486391921000000,50224,-0.788,-0.37,-0.478,-2.46,3.27,-4.86,1,imu01,fusion_20260817T192552Z,2223,50224302,486391913198909
486391937000000,50244,-0.768,-0.362,-0.47,-2.77,4.89,-3.43,1,imu01,fusion_20260817T192552Z,2224,50244298,486391933194146
486391968000000,50264,-0.776,-0.371,-0.462,-1.19,-0.49,-4.58,1,imu01,fusion_20260817T192552Z,2225,50264302,486391953197384
486391984000000,50284,-0.769,-0.383,-0.451,-1.42,-1.57,-4.98,1,imu01,fusion_20260817T192552Z,2226,50284298,486391973192621
486392000000000,50304,-0.759,-0.374,-0.461,-0.91,-5.39,-3.51,1,imu01,fusion_20260817T192552Z,2227,50304302,486391993195858
486392015000000,50324,-0.748,-0.378,-0.441,-0.28,-3.52,-2.22,1,imu01,fusion_20260817T192552Z,2228,50324298,486392013191096
486392046000000,50344,-0.749,-0.374,-0.441,-2.27,2.22,0.08,1,imu01,fusion_20260817T192552Z,2229,50344302,486392033194333
486392062000000,50364,-0.759,-0.37,-0.451,-2.28,3.48,0.04,1,imu01,fusion_20260817T192552Z,2230,50364298,486392053189571
486392078000000,50384,-0.781,-0.374,-0.462,0.84,-4.26,-2.86,1,imu01,fusion_20260817T192552Z,2231,50384302,486392073192808
486392109000000,50404,-0.804,-0.366,-0.441,7.97,-18.62,-8.59,1,imu01,fusion_20260817T192552Z,2232,50404298,486392093188046
486392125000000,50424,-0.791,-0.398,-0.428,5.59,-7.98,-6.82,1,imu01,fusion_20260817T192552Z,2233,50424302,486392113191283
486392140000000,50444,-0.809,-0.418,-0.403,3.77,-10.59,-7.01,1,imu01,fusion_20260817T192552Z,2234,50444298,486392133186521
486392156000000,50464,-0.808,-0.452,-0.384,4.58,-17.25,-2.15,1,imu01,fusion_20260817T192552Z,2235,50464302,486392153189758
486392187000000,50484,-0.867,-0.454,-0.44,-0.73,-9.49,0.68,1,imu01,fusion_20260817T192552Z,2236,50484298,486392173184995
486392203000000,50504,-0.854,-0.453,-0.453,-0.83,-1.79,-2.25,1,imu01,fusion_20260817T192552Z,2237,50504302,486392193188233
486392218000000,50524,-0.841,-0.443,-0.43,-4.65,-2.26,-6.34,1,imu01,fusion_20260817T192552Z,2238,50524298,486392213183470
486392250000000,50544,-0.792,-0.379,-0.484,-8.69,2.24,-6.51,1,imu01,fusion_20260817T192552Z,2239,50544302,486392233186708
486392265000000,50564,-0.761,-0.352,-0.498,-9.67,7.76,-2.68,1,imu01,fusion_20260817T192552Z,2240,50564298,486392253181945
486392281000000,50584,-0.758,-0.341,-0.522,-9.96,9.66,0.49,1,imu01,fusion_20260817T192552Z,2241,50584302,486392273185182
486392296000000,50604,-0.77,-0.343,-0.509,-7.06,4.58,-2.63,1,imu01,fusion_20260817T192552Z,2242,50604298,486392293180420
486392328000000,50624,-0.778,-0.341,-0.493,-5.98,-1.49,-6.73,1,imu01,fusion_20260817T192552Z,2243,50624302,486392313183657
486392343000000,50644,-0.781,-0.356,-0.497,-6.27,3.56,-7.61,1,imu01,fusion_20260817T192552Z,2244,50644298,486392333178895
486392359000000,50664,-0.773,-0.348,-0.494,-4.02,1.12,-10.67,1,imu01,fusion_20260817T192552Z,2245,50664302,486392353182132
486392375000000,50684,-0.744,-0.367,-0.467,-1.03,-2.75,-13.01,1,imu01,fusion_20260817T192552Z,2246,50684298,486392373177370
486392406000000,50704,-0.701,-0.382,-0.447,-4.32,1.49,-9.56,1,imu01,fusion_20260817T192552Z,2247,50704302,486392393180607
486392421000000,50724,-0.716,-0.39,-0.473,-6.17,2.09,-6.64,1,imu01,fusion_20260817T192552Z,2248,50724298,486392413175844
486392437000000,50744,-0.728,-0.416,-0.467,-7.09,2.74,-4.49,1,imu01,fusion_20260817T192552Z,2249,50744302,486392433179082
486392468000000,50764,-0.765,-0.43,-0.461,-10.35,-3.1,-5.12,1,imu01,fusion_20260817T192552Z,2250,50764298,486392453174319
486392484000000,50784,-0.776,-0.421,-0.498,-11.08,-10.17,-10.92,1,imu01,fusion_20260817T192552Z,2251,50784302,486392473177557
486392500000000,50804,-0.826,-0.428,-0.525,-2.1,-23.87,-20.91,1,imu01,fusion_20260817T192552Z,2252,50804298,486392493172794
486392515000000,50824,-0.865,-0.486,-0.512,6.34,-28.29,-29.99,1,imu01,fusion_20260817T192552Z,2253,50824302,486392513176032
486392546000000,50844,-0.835,-0.528,-0.452,-1.36,-25.03,-31.89,1,imu01,fusion_20260817T192552Z,2254,50844298,486392533171269
486392562000000,50864,-0.787,-0.462,-0.473,-14.31,-21.0,-27.09,1,imu01,fusion_20260817T192552Z,2255,50864302,486392553174506
486392578000000,50884,-0.745,-0.394,-0.489,-17.28,-19.32,-18.51,1,imu01,fusion_20260817T192552Z,2256,50884298,486392573169744
486392609000000,50904,-0.716,-0.384,-0.448,-21.97,-13.76,-10.05,1,imu01,fusion_20260817T192552Z,2257,50904302,486392593172981
486392625000000,50924,-0.787,-0.363,-0.462,-24.46,-16.64,-5.23,1,imu01,fusion_20260817T192552Z,2258,50924298,486392613168219
486392640000000,50944,-0.767,-0.374,-0.479,-22.77,-14.44,-4.49,1,imu01,fusion_20260817T192552Z,2259,50944302,486392633171456
486392656000000,50964,-0.8,-0.348,-0.513,-16.5,-23.12,-7.01,1,imu01,fusion_20260817T192552Z,2260,50964298,486392653166694
486392687000000,50984,-0.881,-0.375,-0.446,-6.22,-44.45,-18.87,1,imu01,fusion_20260817T192552Z,2261,50984302,486392673169931
486392703000000,51004,-0.901,-0.477,-0.406,2.39,-59.46,-15.72,1,imu01,fusion_20260817T192552Z,2262,51004298,486392693165168
486392718000000,51024,-0.878,-0.506,-0.426,4.71,-72.41,-13.48,1,imu01,fusion_20260817T192552Z,2263,51024302,486392713168406
486392734000000,51044,-0.944,-0.515,-0.4,1.17,-46.83,-13.56,1,imu01,fusion_20260817T192552Z,2264,51044298,486392733163643
486392765000000,51064,-0.955,-0.472,-0.412,5.61,-16.45,-8.71,1,imu01,fusion_20260817T192552Z,2265,51064302,486392753166881
486392781000000,51084,-1.045,-0.517,-0.398,18.43,-8.19,-9.04,1,imu01,fusion_20260817T192552Z,2266,51084298,486392773162118
486392796000000,51104,-1.187,-0.616,-0.359,31.92,-26.22,-17.41,1,imu01,fusion_20260817T192552Z,2267,51104302,486392793165355
486392828000000,51124,-1.085,-0.683,-0.293,42.78,-51.0,-34.01,1,imu01,fusion_20260817T192552Z,2268,51124298,486392813160593
486392843000000,51144,-0.977,-0.703,-0.241,36.32,-48.24,-34.15,1,imu01,fusion_20260817T192552Z,2269,51144302,486392833163830
486392859000000,51164,-0.826,-0.587,-0.303,31.72,-33.57,-20.52,1,imu01,fusion_20260817T192552Z,2270,51164298,486392853159068
486392875000000,51184,-0.839,-0.538,-0.29,37.68,-33.49,-7.35,1,imu01,fusion_20260817T192552Z,2271,51184302,486392873162305
486392906000000,51204,-0.817,-0.573,-0.145,42.88,-38.55,5.78,1,imu01,fusion_20260817T192552Z,2272,51204298,486392893157543
486392921000000,51224,-0.841,-0.638,-0.066,39.39,-56.85,17.95,1,imu01,fusion_20260817T192552Z,2273,51224302,486392913160780
486392937000000,51244,-0.877,-0.687,-0.009,29.22,-69.47,22.91,1,imu01,fusion_20260817T192552Z,2274,51244298,486392933156018
486392968000000,51264,-0.899,-0.627,-0.067,26.0,-81.94,20.36,1,imu01,fusion_20260817T192552Z,2275,51264302,486392953159255
486392984000000,51284,-0.903,-0.572,-0.113,34.65,-89.22,16.06,1,imu01,fusion_20260817T192552Z,2276,51284298,486392973154492
486393000000000,51304,-0.966,-0.629,-0.05,34.37,-84.18,19.25,1,imu01,fusion_20260817T192552Z,2277,51304302,486392993157730
486393015000000,51324,-0.99,-0.694,0.04,22.33,-72.55,28.34,1,imu01,fusion_20260817T192552Z,2278,51324298,486393013152967
486393046000000,51344,-1.131,-0.692,-0.026,9.97,-71.69,30.4,1,imu01,fusion_20260817T192552Z,2279,51344302,486393033156204
486393062000000,51364,-1.101,-0.632,-0.078,10.01,-65.32,21.72,1,imu01,fusion_20260817T192552Z,2280,51364298,486393053151442
486393078000000,51384,-0.97,-0.541,-0.086,11.47,-56.88,16.75,1,imu01,fusion_20260817T192552Z,2281,51384302,486393073154679
486393109000000,51404,-0.84,-0.445,-0.06,9.84,-48.62,21.17,1,imu01,fusion_20260817T192552Z,2282,51404298,486393093149917
486393125000000,51424,-0.853,-0.406,-0.034,15.15,-45.52,22.66,1,imu01,fusion_20260817T192552Z,2283,51424302,486393113153154
486393140000000,51444,-0.848,-0.46,0.045,12.67,-32.76,21.24,1,imu01,fusion_20260817T192552Z,2284,51444298,486393133148392
486393156000000,51464,-0.861,-0.468,0.08,0.83,-32.49,17.46,1,imu01,fusion_20260817T192552Z,2285,51464302,486393153151629
486393187000000,51484,-0.842,-0.423,0.037,-4.95,-31.39,7.94,1,imu01,fusion_20260817T192552Z,2286,51484298,486393173146867
486393203000000,51504,-0.774,-0.359,-0.001,1.98,-33.86,-9.33,1,imu01,fusion_20260817T192552Z,2287,51504302,486393193150104
486393218000000,51524,-0.699,-0.293,-0.031,8.43,-27.41,-19.54,1,imu01,fusion_20260817T192552Z,2288,51524298,486393213145342
486393234000000,51544,-0.636,-0.22,-0.076,16.41,-26.3,-20.31,1,imu01,fusion_20260817T192552Z,2289,51544302,486393233148579
486393265000000,51564,-0.595,-0.199,-0.056,22.98,-23.72,-9.69,1,imu01,fusion_20260817T192552Z,2290,51564298,486393253143816
486393281000000,51584,-0.603,-0.242,0.007,21.83,-19.16,5.99,1,imu01,fusion_20260817T192552Z,2291,51584302,486393273147054
486393296000000,51604,-0.68,-0.307,0.039,16.93,-16.1,19.48,1,imu01,fusion_20260817T192552Z,2292,51604298,486393293142291
486393328000000,51624,-0.766,-0.346,0.065,10.12,-7.45,23.84,1,imu01,fusion_20260817T192552Z,2293,51624302,486393313145528
486393343000000,51644,-0.887,-0.364,0.012,8.24,0.82,18.79,1,imu01,fusion_20260817T192552Z,2294,51644298,486393333140766
486393359000000,51664,-0.932,-0.379,0.001,9.29,9.32,8.5,1,imu01,fusion_20260817T192552Z,2295,51664302,486393353144003
486393375000000,51684,-0.9,-0.38,0.016,7.48,15.97,0.42,1,imu01,fusion_20260817T192552Z,2296,51684298,486393373139241
486393406000000,51704,-0.886,-0.369,0.025,7.34,21.77,-4.26,1,imu01,fusion_20260817T192552Z,2297,51704302,486393393142478
486393421000000,51724,-0.773,-0.365,0.064,0.2,25.8,-2.22,1,imu01,fusion_20260817T192552Z,2298,51724298,486393413137716
486393437000000,51744,-0.721,-0.334,0.045,-9.27,28.29,4.03,1,imu01,fusion_20260817T192552Z,2299,51744302,486393433140953
486393468000000,51764,-0.683,-0.308,0.039,-17.06,33.26,11.18,1,imu01,fusion_20260817T192552Z,2300,51764298,486393453136191
486393484000000,51784,-0.681,-0.294,0.012,-17.82,33.09,18.98,1,imu01,fusion_20260817T192552Z,2301,51784302,486393473139428
486393500000000,51804,-0.724,-0.314,0.015,-11.19,26.73,19.52,1,imu01,fusion_20260817T192552Z,2302,51804298,486393493134665
486393515000000,51824,-0.822,-0.352,0.006,1.75,16.06,11.45,1,imu01,fusion_20260817T192552Z,2303,51824302,486393513137903
486393546000000,51844,-0.871,-0.384,0.035,17.13,1.0,-2.6,1,imu01,fusion_20260817T192552Z,2304,51844298,486393533133140
486393562000000,51864,-0.949,-0.431,0.056,29.61,-10.23,-12.63,1,imu01,fusion_20260817T192552Z,2305,51864302,486393553136378
486393578000000,51884,-1.007,-0.53,0.101,35.11,-12.2,-20.75,1,imu01,fusion_20260817T192552Z,2306,51884298,486393573131615
486393609000000,51904,-0.991,-0.578,0.129,31.75,-7.17,-22.8,1,imu01,fusion_20260817T192552Z,2307,51904302,486393593134852
486393625000000,51924,-0.935,-0.569,0.167,19.11,9.22,-16.45,1,imu01,fusion_20260817T192552Z,2308,51924298,486393613130090
486393640000000,51944,-0.888,-0.519,0.155,8.51,13.94,-13.15,1,imu01,fusion_20260817T192552Z,2309,51944302,486393633133327
486393656000000,51964,-0.824,-0.467,0.092,6.33,8.32,-13.09,1,imu01,fusion_20260817T192552Z,2310,51964298,486393653128565
486393687000000,51984,-0.791,-0.442,0.126,4.14,5.46,-9.14,1,imu01,fusion_20260817T192552Z,2311,51984302,486393673131802
486393703000000,52004,-0.792,-0.432,0.123,-3.24,6.3,-2.5,1,imu01,fusion_20260817T192552Z,2312,52004298,486393693127040
486393718000000,52024,-0.828,-0.396,0.101,-3.14,1.38,-0.75,1,imu01,fusion_20260817T192552Z,2313,52024302,486393713130277
486393734000000,52044,-0.884,-0.405,0.083,0.38,-1.17,-0.47,1,imu01,fusion_20260817T192552Z,2314,52044298,486393733125514
486393765000000,52064,-0.93,-0.429,0.086,3.31,-6.39,0.19,1,imu01,fusion_20260817T192552Z,2315,52064302,486393753128752
486393781000000,52084,-0.996,-0.471,0.109,0.6,-5.46,1.72,1,imu01,fusion_20260817T192552Z,2316,52084298,486393773123989
486393796000000,52104,-1.004,-0.483,0.101,-2.32,-0.57,0.71,1,imu01,fusion_20260817T192552Z,2317,52104302,486393793127227
486393828000000,52124,-1.009,-0.482,0.075,-7.45,5.3,0.95,1,imu01,fusion_20260817T192552Z,2318,52124298,486393813122464
486393843000000,52144,-0.982,-0.448,0.048,-8.91,7.46,-2.76,1,imu01,fusion_20260817T192552Z,2319,52144302,486393833125702
486393859000000,52164,-0.9,-0.425,0.055,-7.64,10.83,-5.72,1,imu01,fusion_20260817T192552Z,2320,52164298,486393853120939
486393875000000,52184,-0.828,-0.413,0.065,-7.65,10.06,-4.95,1,imu01,fusion_20260817T192552Z,2321,52184302,486393873124176
486393906000000,52204,-0.795,-0.406,0.054,-7.12,0.43,-2.79,1,imu01,fusion_20260817T192552Z,2322,52204298,486393893119414
486393921000000,52224,-0.793,-0.391,0.018,-3.69,-6.49,2.91,1,imu01,fusion_20260817T192552Z,2323,52224302,486393913122651
486393937000000,52244,-0.793,-0.427,0.071,-4.94,-5.16,10.8,1,imu01,fusion_20260817T192552Z,2324,52244298,486393933117889
486393968000000,52264,-0.857,-0.437,0.051,-9.41,-6.49,16.46,1,imu01,fusion_20260817T192552Z,2325,52264302,486393953121126
486393984000000,52284,-0.923,-0.456,0.05,-9.51,-10.06,13.49,1,imu01,fusion_20260817T192552Z,2326,52284298,486393973116364
486394000000000,52304,-0.965,-0.463,0.047,-8.82,-8.92,8.1,1,imu01,fusion_20260817T192552Z,2327,52304302,486393993119601
486394015000000,52324,-0.949,-0.448,0.034,-7.77,-7.2,5.03,1,imu01,fusion_20260817T192552Z,2328,52324298,486394013114838
486394046000000,52344,-0.942,-0.446,0.046,-8.16,-6.12,3.04,1,imu01,fusion_20260817T192552Z,2329,52344302,486394033118076
486394062000000,52364,-0.925,-0.437,0.058,-10.76,1.57,2.5,1,imu01,fusion_20260817T192552Z,2330,52364298,486394053113313
486394078000000,52384,-0.914,-0.398,0.008,-10.12,3.05,1.42,1,imu01,fusion_20260817T192552Z,2331,52384302,486394073116551
486394093000000,52404,-0.885,-0.381,0.008,-6.54,5.01,1.59,1,imu01,fusion_20260817T192552Z,2332,52404298,486394093111788
486394125000000,52424,-0.886,-0.395,0.023,-3.93,2.08,3.56,1,imu01,fusion_20260817T192552Z,2333,52424302,486394113115025
486394140000000,52444,-0.899,-0.417,0.034,-3.12,5.3,3.97,1,imu01,fusion_20260817T192552Z,2334,52444298,486394133110263
486394156000000,52464,-0.887,-0.435,0.066,-5.54,13.13,4.01,1,imu01,fusion_20260817T192552Z,2335,52464302,486394153113500
486394187000000,52484,-0.912,-0.426,0.046,-7.37,16.12,6.15,1,imu01,fusion_20260817T192552Z,2336,52484298,486394173108738
486394203000000,52504,-0.911,-0.406,0.039,-2.81,12.72,5.1,1,imu01,fusion_20260817T192552Z,2337,52504302,486394193111975
486394218000000,52524,-0.91,-0.424,0.043,0.87,7.19,2.14,1,imu01,fusion_20260817T192552Z,2338,52524298,486394213107213
486394234000000,52544,-0.929,-0.436,0.056,2.65,1.74,-2.27,1,imu01,fusion_20260817T192552Z,2339,52544302,486394233110450
486394265000000,52564,-0.929,-0.445,0.066,2.95,1.33,-5.51,1,imu01,fusion_20260817T192552Z,2340,52564298,486394253105688
486394281000000,52584,-0.901,-0.437,0.061,2.13,2.08,-3.9,1,imu01,fusion_20260817T192552Z,2341,52584302,486394273108925
486394296000000,52604,-0.878,-0.45,0.078,-0.38,3.75,-1.02,1,imu01,fusion_20260817T192552Z,2342,52604298,486394293104162
486394328000000,52624,-0.903,-0.425,0.058,-3.45,1.06,-0.66,1,imu01,fusion_20260817T192552Z,2343,52624302,486394313107400
486394343000000,52644,-0.877,-0.42,0.048,-4.16,-1.43,0.38,1,imu01,fusion_20260817T192552Z,2344,52644298,486394333102637
486394359000000,52664,-0.882,-0.423,0.04,-5.52,-1.22,3.21,1,imu01,fusion_20260817T192552Z,2345,52664302,486394353105875
486394375000000,52684,-0.886,-0.41,0.035,-6.83,0.94,5.11,1,imu01,fusion_20260817T192552Z,2346,52684298,486394373101112
486394406000000,52704,-0.912,-0.397,0.015,-5.35,-4.66,4.88,1,imu01,fusion_20260817T192552Z,2347,52704302,486394393104349
486394421000000,52724,-0.909,-0.399,0.016,-5.97,-3.38,4.49,1,imu01,fusion_20260817T192552Z,2348,52724298,486394413099587
486394437000000,52744,-0.923,-0.395,0.004,-4.43,-9.75,3.59,1,imu01,fusion_20260817T192552Z,2349,52744302,486394433102824
486394468000000,52764,-0.929,-0.404,-0.004,-2.13,-3.18,2.17,1,imu01,fusion_20260817T192552Z,2350,52764298,486394453098062
486394484000000,52784,-0.93,-0.416,0.005,-3.18,2.35,1.73,1,imu01,fusion_20260817T192552Z,2351,52784302,486394473101299
486394500000000,52804,-0.916,-0.416,-0.01,-1.4,2.63,-0.48,1,imu01,fusion_20260817T192552Z,2352,52804298,486394493096537
486394515000000,52824,-0.894,-0.428,0.009,-0.62,7.47,-0.41,1,imu01,fusion_20260817T192552Z,2353,52824302,486394513099774
486394546000000,52844,-0.886,-0.435,0.01,-0.85,8.99,-0.99,1,imu01,fusion_20260817T192552Z,2354,52844298,486394533095012
486394562000000,52864,-0.894,-0.436,0.007,2.47,3.59,-2.67,1,imu01,fusion_20260817T192552Z,2355,52864302,486394553098249
486394578000000,52884,-0.9,-0.455,0.032,1.62,3.67,-2.89,1,imu01,fusion_20260817T192552Z,2356,52884298,486394573093486
486394593000000,52904,-0.878,-0.437,0.027,1.78,4.7,-2.98,1,imu01,fusion_20260817T192552Z,2357,52904302,486394593096724
486394625000000,52924,-0.879,-0.446,0.028,3.3,7.56,-2.65,1,imu01,fusion_20260817T192552Z,2358,52924298,486394613091961
486394640000000,52944,-0.882,-0.458,0.038,1.02,5.34,-1.22,1,imu01,fusion_20260817T192552Z,2359,52944302,486394633095198
486394656000000,52964,-0.907,-0.452,0.021,1.73,-0.01,-3.05,1,imu01,fusion_20260817T192552Z,2360,52964298,486394653090436
486394687000000,52984,-0.903,-0.445,0.026,5.12,-3.01,-6.54,1,imu01,fusion_20260817T192552Z,2361,52984302,486394673093673
486394703000000,53004,-0.88,-0.452,0.052,1.6,0.44,-5.01,1,imu01,fusion_20260817T192552Z,2362,53004298,486394693088911
486394718000000,53024,-0.881,-0.433,0.038,-0.49,2.48,-2.04,1,imu01,fusion_20260817T192552Z,2363,53024302,486394713092148
486394734000000,53044,-0.886,-0.429,0.027,-1.06,1.1,-1.65,1,imu01,fusion_20260817T192552Z,2364,53044298,486394733087386
486394765000000,53064,-0.899,-0.425,0.027,-1.06,1.84,-2.38,1,imu01,fusion_20260817T192552Z,2365,53064302,486394753090623
486394781000000,53084,-0.917,-0.417,0.01,0.76,-3.47,-4.47,1,imu01,fusion_20260817T192552Z,2366,53084298,486394773085861
486394796000000,53104,-0.907,-0.417,0.017,0.82,-3.07,-5.74,1,imu01,fusion_20260817T192552Z,2367,53104302,486394793089098
486394828000000,53124,-0.882,-0.416,0.004,1.03,-1.91,-5.44,1,imu01,fusion_20260817T192552Z,2368,53124298,486394813084335
486394843000000,53144,-0.897,-0.413,0.012,0.93,-0.51,-5.15,1,imu01,fusion_20260817T192552Z,2369,53144302,486394833087573
486394859000000,53164,-0.899,-0.409,0.016,1.19,-0.81,-5.29,1,imu01,fusion_20260817T192552Z,2370,53164298,486394853082810
486394875000000,53184,-0.885,-0.405,0.013,2.23,-1.2,-5.34,1,imu01,fusion_20260817T192552Z,2371,53184302,486394873086048
486394906000000,53204,-0.863,-0.404,0.017,3.64,-1.89,-3.09,1,imu01,fusion_20260817T192552Z,2372,53204298,486394893081285
486394921000000,53224,-0.878,-0.411,0.023,4.88,-3.2,-0.81,1,imu01,fusion_20260817T192552Z,2373,53224302,486394913084522
486394937000000,53244,-0.886,-0.438,0.029,5.02,-4.46,0.39,1,imu01,fusion_20260817T192552Z,2374,53244298,486394933079760
486394968000000,53264,-0.885,-0.445,0.033,3.22,-5.77,0.51,1,imu01,fusion_20260817T192552Z,2375,53264302,486394953082997
486394984000000,53284,-0.897,-0.441,0.029,4.93,-6.89,0.14,1,imu01,fusion_20260817T192552Z,2376,53284298,486394973078235
486395000000000,53304,-0.892,-0.447,0.038,2.97,-2.49,1.25,1,imu01,fusion_20260817T192552Z,2377,53304302,486394993081472
486395015000000,53324,-0.897,-0.451,0.039,-0.07,-4.92,1.92,1,imu01,fusion_20260817T192552Z,2378,53324298,486395013076710
486395046000000,53344,-0.921,-0.454,0.014,-0.54,-2.44,2.11,1,imu01,fusion_20260817T192552Z,2379,53344302,486395033079947
486395062000000,53364,-0.946,-0.449,0.016,-1.42,-0.86,1.66,1,imu01,fusion_20260817T192552Z,2380,53364298,486395053075185
486395078000000,53384,-0.944,-0.447,0.003,-2.71,5.65,0.88,1,imu01,fusion_20260817T192552Z,2381,53384302,486395073078422
486395109000000,53404,-0.942,-0.42,-0.011,-0.18,1.45,-2.22,1,imu01,fusion_20260817T192552Z,2382,53404298,486395093073659
486395125000000,53424,-0.899,-0.425,0.014,1.55,1.44,-2.35,1,imu01,fusion_20260817T192552Z,2383,53424302,486395113076897
486395140000000,53444,-0.904,-0.413,0.006,2.29,1.78,-1.67,1,imu01,fusion_20260817T192552Z,2384,53444298,486395133072134
486395156000000,53464,-0.886,-0.434,0.023,2.51,7.69,-2.33,1,imu01,fusion_20260817T192552Z,2385,53464302,486395153075372
486395187000000,53484,-0.891,-0.431,0.006,1.56,6.0,-1.88,1,imu01,fusion_20260817T192552Z,2386,53484298,486395173070609
486395203000000,53504,-0.898,-0.431,0.012,3.39,4.52,-1.89,1,imu01,fusion_20260817T192552Z,2387,53504302,486395193073846
486395218000000,53524,-0.873,-0.435,0.029,5.6,3.41,-3.18,1,imu01,fusion_20260817T192552Z,2388,53524298,486395213069084
486395234000000,53544,-0.887,-0.451,0.037,6.17,2.88,-3.89,1,imu01,fusion_20260817T192552Z,2389,53544302,486395233072321
486395265000000,53564,-0.885,-0.464,0.052,5.23,2.93,-2.14,1,imu01,fusion_20260817T192552Z,2390,53564298,486395253067559
486395281000000,53584,-0.878,-0.456,0.057,2.91,2.02,-1.28,1,imu01,fusion_20260817T192552Z,2391,53584302,486395273070796
486395296000000,53604,-0.9,-0.454,0.034,3.13,-1.57,-2.59,1,imu01,fusion_20260817T192552Z,2392,53604298,486395293066034
486395328000000,53624,-0.89,-0.462,0.048,1.39,0.22,-2.92,1,imu01,fusion_20260817T192552Z,2393,53624302,486395313069271
486395343000000,53644,-0.884,-0.457,0.041,0.21,-2.71,-2.03,1,imu01,fusion_20260817T192552Z,2394,53644298,486395333064508
486395359000000,53664,-0.869,-0.439,0.034,-0.91,-1.17,-0.88,1,imu01,fusion_20260817T192552Z,2395,53664302,486395353067746
486395375000000,53684,-0.864,-0.431,0.026,-1.72,-0.59,0.84,1,imu01,fusion_20260817T192552Z,2396,53684298,486395373062983
486395406000000,53704,-0.878,-0.425,0.026,-0.91,-0.37,1.27,1,imu01,fusion_20260817T192552Z,2397,53704302,486395393066221
486395421000000,53724,-0.899,-0.423,0.019,-1.22,0.64,2.29,1,imu01,fusion_20260817T192552Z,2398,53724298,486395413061458
486395437000000,53744,-0.911,-0.431,0.03,-1.12,0.58,2.2,1,imu01,fusion_20260817T192552Z,2399,53744302,486395433064695
486395468000000,53764,-0.921,-0.436,0.021,-2.9,1.82,2.08,1,imu01,fusion_20260817T192552Z,2400,53764298,486395453059933
486395484000000,53784,-0.909,-0.41,-0.004,-1.67,0.6,0.62,1,imu01,fusion_20260817T192552Z,2401,53784302,486395473063170
486395500000000,53804,-0.897,-0.414,0.001,0.44,0.73,-0.18,1,imu01,fusion_20260817T192552Z,2402,53804298,486395493058408
486395515000000,53824,-0.875,-0.426,0.028,1.69,1.31,0.87,1,imu01,fusion_20260817T192552Z,2403,53824302,486395513061645
486395546000000,53844,-0.892,-0.422,0.012,-0.22,-0.49,2.52,1,imu01,fusion_20260817T192552Z,2404,53844298,486395533056883
486395562000000,53864,-0.905,-0.431,0.014,1.3,0.54,1.24,1,imu01,fusion_20260817T192552Z,2405,53864302,486395553060120
486395578000000,53884,-0.893,-0.432,0.018,2.09,-1.14,0.35,1,imu01,fusion_20260817T192552Z,2406,53884298,486395573055358
486395593000000,53904,-0.879,-0.437,0.018,2.58,-3.11,0.51,1,imu01,fusion_20260817T192552Z,2407,53904302,486395593058595
486395625000000,53924,-0.886,-0.455,0.052,1.31,-1.95,2.1,1,imu01,fusion_20260817T192552Z,2408,53924298,486395613053832
486395640000000,53944,-0.918,-0.461,0.019,-0.94,-0.56,2.33,1,imu01,fusion_20260817T192552Z,2409,53944302,486395633057070
486395656000000,53964,-0.904,-0.453,0.019,0.29,-1.36,-0.24,1,imu01,fusion_20260817T192552Z,2410,53964298,486395653052307
486395687000000,53984,-0.891,-0.45,0.028,-0.38,0.83,0.03,1,imu01,fusion_20260817T192552Z,2411,53984302,486395673055545
486395703000000,54004,-0.906,-0.452,0.021,-0.75,2.25,1.26,1,imu01,fusion_20260817T192552Z,2412,54004298,486395693050782
486395718000000,54024,-0.903,-0.435,0.006,0.26,0.16,0.36,1,imu01,fusion_20260817T192552Z,2413,54024302,486395713054019
486395734000000,54044,-0.91,-0.454,0.035,-0.07,-0.38,-0.63,1,imu01,fusion_20260817T192552Z,2414,54044298,486395733049257
486395765000000,54064,-0.898,-0.434,0.01,-0.8,0.61,-0.7,1,imu01,fusion_20260817T192552Z,2415,54064302,486395753052494
486395781000000,54084,-0.909,-0.439,0.028,1.28,-2.51,-0.75,1,imu01,fusion_20260817T192552Z,2416,54084298,486395773047732
486395796000000,54104,-0.895,-0.443,0.026,0.52,-2.49,-1.83,1,imu01,fusion_20260817T192552Z,2417,54104302,486395793050969
486395828000000,54124,-0.895,-0.442,0.028,-0.25,1.63,-1.37,1,imu01,fusion_20260817T192552Z,2418,54124298,486395813046207
486395843000000,54144,-0.888,-0.436,0.022,0.57,1.58,-2.7,1,imu01,fusion_20260817T192552Z,2419,54144302,486395833049444
486395859000000,54164,-0.869,-0.432,0.035,1.77,-2.68,-2.92,1,imu01,fusion_20260817T192552Z,2420,54164298,486395853044682
486395875000000,54184,-0.866,-0.432,0.038,-0.41,-2.79,0.24,1,imu01,fusion_20260817T192552Z,2421,54184302,486395873047919
486395906000000,54204,-0.88,-0.451,0.031,0.43,1.36,1.98,1,imu01,fusion_20260817T192552Z,2422,54204298,486395893043156
486395921000000,54224,-0.922,-0.471,0.038,-2.36,1.34,2.7,1,imu01,fusion_20260817T192552Z,2423,54224302,486395913046394
486395937000000,54244,-0.925,-0.467,0.007,-2.57,1.09,2.43,1,imu01,fusion_20260817T192552Z,2424,54244298,486395933041631
486395968000000,54264,-0.933,-0.458,0.008,-2.48,1.7,1.99,1,imu01,fusion_20260817T192552Z,2425,54264302,486395953044868
486395984000000,54284,-0.919,-0.445,0.006,-3.19,1.16,1.78,1,imu01,fusion_20260817T192552Z,2426,54284298,486395973040106
486396000000000,54304,-0.915,-0.429,0.0,-3.41,2.04,0.27,1,imu01,fusion_20260817T192552Z,2427,54304302,486395993043343
486396015000000,54324,-0.898,-0.413,-0.009,-2.66,1.83,-1.18,1,imu01,fusion_20260817T192552Z,2428,54324298,486396013038581
486396046000000,54344,-0.862,-0.398,-0.003,-0.23,-0.98,-2.52,1,imu01,fusion_20260817T192552Z,2429,54344302,486396033041818
486396062000000,54364,-0.856,-0.395,0.016,1.36,1.5,-0.87,1,imu01,fusion_20260817T192552Z,2430,54364298,486396053037056
486396078000000,54384,-0.861,-0.42,0.027,1.39,1.07,1.88,1,imu01,fusion_20260817T192552Z,2431,54384302,486396073040293
486396093000000,54404,-0.902,-0.443,0.037,1.42,1.26,2.02,1,imu01,fusion_20260817T192552Z,2432,54404298,486396093035531
486396125000000,54424,-0.926,-0.455,0.031,0.84,-1.55,0.17,1,imu01,fusion_20260817T192552Z,2433,54424302,486396113038768
486396140000000,54444,-0.939,-0.459,0.03,1.62,-0.18,-1.28,1,imu01,fusion_20260817T192552Z,2434,54444298,486396133034005
486396156000000,54464,-0.908,-0.455,0.032,1.83,-1.4,-2.88,1,imu01,fusion_20260817T192552Z,2435,54464302,486396153037243
486396187000000,54484,-0.904,-0.449,0.039,0.96,-0.95,-2.16,1,imu01,fusion_20260817T192552Z,2436,54484298,486396173032480
486396203000000,54504,-0.892,-0.441,0.023,0.2,2.23,-1.52,1,imu01,fusion_20260817T192552Z,2437,54504302,486396193035718
486396218000000,54524,-0.885,-0.424,0.016,-0.32,5.79,-1.63,1,imu01,fusion_20260817T192552Z,2438,54524298,486396213030955
486396234000000,54544,-0.874,-0.426,0.019,1.61,5.33,-3.55,1,imu01,fusion_20260817T192552Z,2439,54544302,486396233034192
486396265000000,54564,-0.871,-0.419,0.02,1.95,4.63,-2.39,1,imu01,fusion_20260817T192552Z,2440,54564298,486396253029430
486396281000000,54584,-0.853,-0.429,0.029,2.24,0.42,-0.41,1,imu01,fusion_20260817T192552Z,2441,54584302,486396273032667
486396296000000,54604,-0.837,-0.427,0.01,2.3,0.55,4.16,1,imu01,fusion_20260817T192552Z,2442,54604298,486396293027905
486396328000000,54624,-0.896,-0.439,0.021,0.81,-2.53,3.94,1,imu01,fusion_20260817T192552Z,2443,54624302,486396313031142
486396343000000,54644,-0.913,-0.453,0.04,-0.33,-0.17,3.35,1,imu01,fusion_20260817T192552Z,2444,54644298,486396333026380
486396359000000,54664,-0.902,-0.439,0.005,-1.89,1.96,1.85,1,imu01,fusion_20260817T192552Z,2445,54664302,486396353029617
486396375000000,54684,-0.918,-0.428,0.005,-1.76,-0.61,-0.21,1,imu01,fusion_20260817T192552Z,2446,54684298,486396373024855
486396406000000,54704,-0.897,-0.42,0.014,0.46,-1.83,-0.34,1,imu01,fusion_20260817T192552Z,2447,54704302,486396393028092
486396421000000,54724,-0.895,-0.431,0.021,-0.08,-1.18,0.68,1,imu01,fusion_20260817T192552Z,2448,54724298,486396413023329
486396437000000,54744,-0.911,-0.435,0.011,-0.32,0.64,2.08,1,imu01,fusion_20260817T192552Z,2449,54744302,486396433026567
486396468000000,54764,-0.925,-0.438,-0.001,2.36,-2.84,-0.35,1,imu01,fusion_20260817T192552Z,2450,54764298,486396453021804
486396484000000,54784,-0.913,-0.447,0.01,4.75,-4.67,-2.89,1,imu01,fusion_20260817T192552Z,2451,54784302,486396473025042
486396500000000,54804,-0.894,-0.457,0.04,3.6,-2.26,-3.32,1,imu01,fusion_20260817T192552Z,2452,54804298,486396493020279
486396515000000,54824,-0.864,-0.444,0.045,0.64,0.96,-1.85,1,imu01,fusion_20260817T192552Z,2453,54824302,486396513023516
486396546000000,54844,-0.887,-0.434,0.016,-0.03,-1.02,-0.14,1,imu01,fusion_20260817T192552Z,2454,54844298,486396533018754
486396562000000,54864,-0.892,-0.426,0.008,1.62,-2.62,0.26,1,imu01,fusion_20260817T192552Z,2455,54864302,486396553021991
486396578000000,54884,-0.903,-0.443,0.018,1.27,-1.73,1.51,1,imu01,fusion_20260817T192552Z,2456,54884298,486396573017229
486396593000000,54904,-0.91,-0.447,0.024,-0.93,2.54,2.3,1,imu01,fusion_20260817T192552Z,2457,54904302,486396593020466
486396625000000,54924,-0.929,-0.439,-0.0,-1.11,-0.62,0.93,1,imu01,fusion_20260817T192552Z,2458,54924298,486396613015704
486396640000000,54944,-0.889,-0.432,0.005,-0.67,-0.52,0.08,1,imu01,fusion_20260817T192552Z,2459,54944302,486396633018941
486396656000000,54964,-0.894,-0.43,0.024,-2.9,3.54,1.17,1,imu01,fusion_20260817T192552Z,2460,54964298,486396653014178
486396687000000,54984,-0.895,-0.425,-0.005,-2.31,2.37,2.63,1,imu01,fusion_20260817T192552Z,2461,54984302,486396673017416
486396703000000,55004,-0.923,-0.427,0.013,1.05,-3.35,0.51,1,imu01,fusion_20260817T192552Z,2462,55004298,486396693012653
486396718000000,55024,-0.891,-0.442,0.025,3.03,-1.24,-1.8,1,imu01,fusion_20260817T192552Z,2463,55024302,486396713015891
486396734000000,55044,-0.881,-0.446,0.042,0.5,1.87,0.12,1,imu01,fusion_20260817T192552Z,2464,55044298,486396733011128
486396765000000,55064,-0.893,-0.432,0.026,-0.88,1.42,1.43,1,imu01,fusion_20260817T192552Z,2465,55064302,486396753014365
486396781000000,55084,-0.901,-0.447,0.052,-0.64,0.91,0.47,1,imu01,fusion_20260817T192552Z,2466,55084298,486396773009603
486396796000000,55104,-0.899,-0.442,0.032,-1.32,0.14,0.21,1,imu01,fusion_20260817T192552Z,2467,55104302,486396793012840
486396828000000,55124,-0.88,-0.427,0.039,-0.15,-0.54,-0.97,1,imu01,fusion_20260817T192552Z,2468,55124298,486396813008078
486396843000000,55144,-0.869,-0.423,0.023,0.05,0.9,-0.4,1,imu01,fusion_20260817T192552Z,2469,55144302,486396833011315
486396859000000,55164,-0.861,-0.418,0.04,-1.03,0.92,1.01,1,imu01,fusion_20260817T192552Z,2470,55164298,486396853006553
486396875000000,55184,-0.885,-0.42,0.023,-0.83,-0.71,1.06,1,imu01,fusion_20260817T192552Z,2471,55184302,486396873009790
486396906000000,55204,-0.891,-0.426,0.034,-1.03,-1.65,1.73,1,imu01,fusion_20260817T192552Z,2472,55204298,486396893005028
486396921000000,55224,-0.89,-0.428,0.028,0.37,-4.39,1.37,1,imu01,fusion_20260817T192552Z,2473,55224302,486396913008265
486396937000000,55244,-0.912,-0.44,0.028,-0.41,-3.33,1.78,1,imu01,fusion_20260817T192552Z,2474,55244298,486396933003502
486396968000000,55264,-0.908,-0.437,0.038,-0.3,-2.37,-0.11,1,imu01,fusion_20260817T192552Z,2475,55264302,486396953006740
486396984000000,55284,-0.901,-0.426,0.021,-0.42,-0.72,-0.15,1,imu01,fusion_20260817T192552Z,2476,55284298,486396973001977
486397000000000,55304,-0.888,-0.432,0.028,-1.22,0.54,2.14,1,imu01,fusion_20260817T192552Z,2477,55304302,486396993005215
486397015000000,55324,-0.916,-0.428,0.015,-1.81,-1.61,2.89,1,imu01,fusion_20260817T192552Z,2478,55324298,486397013000452
486397046000000,55344,-0.895,-0.425,0.007,-0.7,-1.33,0.86,1,imu01,fusion_20260817T192552Z,2479,55344302,486397033003689
486397062000000,55364,-0.903,-0.415,0.008,1.14,-3.91,-0.25,1,imu01,fusion_20260817T192552Z,2480,55364298,486397052998927
486397078000000,55384,-0.891,-0.421,0.021,0.82,-2.21,-0.52,1,imu01,fusion_20260817T192552Z,2481,55384302,486397073002164
486397093000000,55404,-0.884,-0.414,0.024,0.14,0.15,2.33,1,imu01,fusion_20260817T192552Z,2482,55404298,486397092997402
486397125000000,55424,-0.9,-0.42,0.016,0.65,-2.05,4.3,1,imu01,fusion_20260817T192552Z,2483,55424302,486397113000639
486397140000000,55444,-0.937,-0.428,0.007,2.06,-0.79,3.4,1,imu01,fusion_20260817T192552Z,2484,55444298,486397132995877
486397156000000,55464,-0.942,-0.447,0.028,2.52,-1.35,1.04,1,imu01,fusion_20260817T192552Z,2485,55464302,486397152999114
486397187000000,55484,-0.932,-0.444,0.025,0.52,-1.75,-0.19,1,imu01,fusion_20260817T192552Z,2486,55484298,486397172994352
486397203000000,55504,-0.889,-0.429,0.032,1.54,-0.75,-2.25,1,imu01,fusion_20260817T192552Z,2487,55504302,486397192997589
486397218000000,55524,-0.882,-0.403,0.016,2.01,-3.0,-0.44,1,imu01,fusion_20260817T192552Z,2488,55524298,486397212992826
486397234000000,55544,-0.89,-0.423,0.045,1.0,0.6,1.7,1,imu01,fusion_20260817T192552Z,2489,55544302,486397232996064
486397265000000,55564,-0.881,-0.432,0.034,1.25,-0.65,0.78,1,imu01,fusion_20260817T192552Z,2490,55564298,486397252991301
486397281000000,55584,-0.9,-0.431,0.034,0.04,0.72,-0.29,1,imu01,fusion_20260817T192552Z,2491,55584302,486397272994538
486397296000000,55604,-0.885,-0.427,0.019,1.36,-2.57,-1.32,1,imu01,fusion_20260817T192552Z,2492,55604298,486397292989776
486397328000000,55624,-0.889,-0.428,0.035,0.31,-1.51,0.17,1,imu01,fusion_20260817T192552Z,2493,55624302,486397312993013
486397343000000,55644,-0.89,-0.416,0.021,1.8,-3.67,0.16,1,imu01,fusion_20260817T192552Z,2494,55644298,486397332988251
486397359000000,55664,-0.888,-0.429,0.039,2.17,-2.89,0.57,1,imu01,fusion_20260817T192552Z,2495,55664302,486397352991488
486397375000000,55684,-0.913,-0.441,0.039,0.18,-1.26,3.11,1,imu01,fusion_20260817T192552Z,2496,55684298,486397372986726
486397406000000,55704,-0.935,-0.444,0.034,-0.55,0.66,0.78,1,imu01,fusion_20260817T192552Z,2497,55704302,486397392989963
486397421000000,55724,-0.927,-0.439,0.023,1.54,-2.95,-3.88,1,imu01,fusion_20260817T192552Z,2498,55724298,486397412985201
486397437000000,55744,-0.904,-0.429,0.042,2.75,-4.31,-5.32,1,imu01,fusion_20260817T192552Z,2499,55744302,486397432988438
486397468000000,55764,-0.878,-0.435,0.047,0.65,-1.2,-2.47,1,imu01,fusion_20260817T192552Z,2500,55764298,486397452983676
486397484000000,55784,-0.883,-0.428,0.041,-1.06,0.77,-0.66,1,imu01,fusion_20260817T192552Z,2501,55784302,486397472986913
486397500000000,55804,-0.906,-0.437,0.046,-2.42,1.28,-0.3,1,imu01,fusion_20260817T192552Z,2502,55804298,486397492982150
486397515000000,55824,-0.891,-0.421,0.022,-1.43,-1.01,-1.38,1,imu01,fusion_20260817T192552Z,2503,55824302,486397512985388
486397546000000,55844,-0.889,-0.424,0.027,0.65,-3.74,-2.36,1,imu01,fusion_20260817T192552Z,2504,55844298,486397532980625
486397562000000,55864,-0.89,-0.438,0.055,-1.01,0.19,-1.43,1,imu01,fusion_20260817T192552Z,2505,55864302,486397552983862
486397578000000,55884,-0.895,-0.432,0.037,-2.23,1.51,-0.85,1,imu01,fusion_20260817T192552Z,2506,55884298,486397572979100
486397593000000,55904,-0.902,-0.431,0.032,-2.32,1.33,0.61,1,imu01,fusion_20260817T192552Z,2507,55904302,486397592982337
486397625000000,55924,-0.917,-0.426,0.029,-1.12,-5.46,-0.91,1,imu01,fusion_20260817T192552Z,2508,55924298,486397612977575
486397640000000,55944,-0.897,-0.434,0.037,0.6,-3.71,-2.59,1,imu01,fusion_20260817T192552Z,2509,55944302,486397632980812
486397656000000,55964,-0.895,-0.44,0.049,-0.76,-1.62,-1.01,1,imu01,fusion_20260817T192552Z,2510,55964298,486397652976050
486397687000000,55984,-0.892,-0.429,0.049,-1.67,-0.16,0.64,1,imu01,fusion_20260817T192552Z,2511,55984302,486397672979287
486397703000000,56004,-0.903,-0.424,0.024,-2.0,-0.53,0.59,1,imu01,fusion_20260817T192552Z,2512,56004298,486397692974525
486397718000000,56024,-0.92,-0.431,0.037,-1.05,-1.23,-1.23,1,imu01,fusion_20260817T192552Z,2513,56024302,486397712977762
486397734000000,56044,-0.926,-0.424,0.022,-0.5,-0.71,-1.94,1,imu01,fusion_20260817T192552Z,2514,56044298,486397732972999
486397765000000,56064,-0.9,-0.419,0.026,0.97,-1.13,-2.18,1,imu01,fusion_20260817T192552Z,2515,56064302,486397752976237
486397781000000,56084,-0.886,-0.413,0.03,1.5,0.31,-1.45,1,imu01,fusion_20260817T192552Z,2516,56084298,486397772971474
486397796000000,56104,-0.901,-0.422,0.049,0.99,1.62,-1.0,1,imu01,fusion_20260817T192552Z,2517,56104302,486397792974712
486397828000000,56124,-0.902,-0.429,0.055,-0.49,2.05,-0.41,1,imu01,fusion_20260817T192552Z,2518,56124298,486397812969949
486397843000000,56144,-0.894,-0.431,0.043,0.52,-0.76,-2.29,1,imu01,fusion_20260817T192552Z,2519,56144302,486397832973186
486397859000000,56164,-0.884,-0.418,0.036,3.51,-5.71,-3.16,1,imu01,fusion_20260817T192552Z,2520,56164298,486397852968424
486397875000000,56184,-0.858,-0.436,0.07,3.13,-2.84,-0.92,1,imu01,fusion_20260817T192552Z,2521,56184302,486397872971661
486397906000000,56204,-0.872,-0.448,0.074,-1.0,2.15,1.41,1,imu01,fusion_20260817T192552Z,2522,56204298,486397892966899
486397921000000,56224,-0.918,-0.446,0.03,-2.91,3.9,0.28,1,imu01,fusion_20260817T192552Z,2523,56224302,486397912970136
486397937000000,56244,-0.923,-0.425,0.007,0.67,0.97,-4.19,1,imu01,fusion_20260817T192552Z,2524,56244298,486397932965374
486397968000000,56264,-0.877,-0.425,0.036,2.36,-3.3,-4.28,1,imu01,fusion_20260817T192552Z,2525,56264302,486397952968611
486397984000000,56284,-0.861,-0.426,0.051,0.81,-2.72,-0.63,1,imu01,fusion_20260817T192552Z,2526,56284298,486397972963848
486398000000000,56304,-0.875,-0.421,0.035,1.26,-3.65,0.95,1,imu01,fusion_20260817T192552Z,2527,56304302,486397992967086
486398015000000,56324,-0.899,-0.445,0.042,2.03,-4.22,0.57,1,imu01,fusion_20260817T192552Z,2528,56324298,486398012962323
486398046000000,56344,-0.907,-0.454,0.04,2.29,-4.37,-0.44,1,imu01,fusion_20260817T192552Z,2529,56344302,486398032965561
486398062000000,56364,-0.927,-0.461,0.05,0.3,-1.84,0.07,1,imu01,fusion_20260817T192552Z,2530,56364298,486398052960798
486398078000000,56384,-0.891,-0.453,0.054,-0.41,2.8,-0.52,1,imu01,fusion_20260817T192552Z,2531,56384302,486398072964036
486398093000000,56404,-0.911,-0.44,0.04,-2.2,4.82,1.11,1,imu01,fusion_20260817T192552Z,2532,56404298,486398092959273
486398125000000,56424,-0.915,-0.437,0.039,-2.09,3.89,-0.12,1,imu01,fusion_20260817T192552Z,2533,56424302,486398112962510
486398140000000,56444,-0.892,-0.416,0.018,-0.59,-1.09,-2.41,1,imu01,fusion_20260817T192552Z,2534,56444298,486398132957748
486398156000000,56464,-0.856,-0.422,0.028,2.62,-1.42,-2.11,1,imu01,fusion_20260817T192552Z,2535,56464302,486398152960985
486398187000000,56484,-0.872,-0.43,0.031,1.39,-2.4,0.11,1,imu01,fusion_20260817T192552Z,2536,56484298,486398172956223
486398203000000,56504,-0.891,-0.441,0.048,0.72,-0.82,0.91,1,imu01,fusion_20260817T192552Z,2537,56504302,486398192959460
486398218000000,56524,-0.898,-0.434,0.033,2.33,-2.92,-1.49,1,imu01,fusion_20260817T192552Z,2538,56524298,486398212954698
486398234000000,56544,-0.902,-0.466,0.07,0.2,-3.81,-1.7,1,imu01,fusion_20260817T192552Z,2539,56544302,486398232957935
486398265000000,56564,-0.897,-0.45,0.038,-1.03,-1.16,-1.01,1,imu01,fusion_20260817T192552Z,2540,56564298,486398252953172
486398281000000,56584,-0.916,-0.458,0.05,-1.19,0.45,-0.46,1,imu01,fusion_20260817T192552Z,2541,56584302,486398272956410
486398296000000,56604,-0.907,-0.452,0.047,-1.8,1.49,-1.86,1,imu01,fusion_20260817T192552Z,2542,56604298,486398292951647
486398328000000,56624,-0.901,-0.436,0.039,-1.41,0.83,-2.53,1,imu01,fusion_20260817T192552Z,2543,56624302,486398312954885
486398343000000,56644,-0.882,-0.43,0.041,-0.57,4.22,-2.28,1,imu01,fusion_20260817T192552Z,2544,56644298,486398332950122
486398359000000,56664,-0.888,-0.44,0.043,-1.43,1.5,-1.05,1,imu01,fusion_20260817T192552Z,2545,56664302,486398352953359
486398375000000,56684,-0.879,-0.431,0.039,-0.38,1.04,-2.57,1,imu01,fusion_20260817T192552Z,2546,56684298,486398372948597
486398406000000,56704,-0.887,-0.428,0.038,1.41,-1.84,-3.51,1,imu01,fusion_20260817T192552Z,2547,56704302,486398392951834
486398421000000,56724,-0.883,-0.439,0.048,0.83,0.09,-3.02,1,imu01,fusion_20260817T192552Z,2548,56724298,486398412947072
486398437000000,56744,-0.873,-0.441,0.044,0.75,0.87,-1.87,1,imu01,fusion_20260817T192552Z,2549,56744302,486398432950309
486398468000000,56764,-0.899,-0.444,0.055,-0.48,0.87,-1.83,1,imu01,fusion_20260817T192552Z,2550,56764298,486398452945547
486398484000000,56784,-0.908,-0.451,0.048,-1.13,-1.26,-2.48,1,imu01,fusion_20260817T192552Z,2551,56784302,486398472948784
486398500000000,56804,-0.89,-0.44,0.046,-0.48,-1.05,-5.05,1,imu01,fusion_20260817T192552Z,2552,56804298,486398492944022
486398515000000,56824,-0.866,-0.432,0.045,-0.62,-0.31,-5.18,1,imu01,fusion_20260817T192552Z,2553,56824302,486398512947259
486398546000000,56844,-0.865,-0.429,0.041,-0.81,-1.31,-4.04,1,imu01,fusion_20260817T192552Z,2554,56844298,486398532942496
486398562000000,56864,-0.872,-0.431,0.038,2.17,-5.88,-4.51,1,imu01,fusion_20260817T192552Z,2555,56864302,486398552945734
486398578000000,56884,-0.877,-0.459,0.063,1.17,-5.81,-3.15,1,imu01,fusion_20260817T192552Z,2556,56884298,486398572940971
486398593000000,56904,-0.921,-0.484,0.055,-2.67,-4.21,-0.83,1,imu01,fusion_20260817T192552Z,2557,56904302,486398592944208
486398625000000,56924,-0.967,-0.499,0.04,-4.46,-4.74,-2.84,1,imu01,fusion_20260817T192552Z,2558,56924298,486398612939446
486398640000000,56944,-0.933,-0.49,0.073,-6.36,-5.28,-6.47,1,imu01,fusion_20260817T192552Z,2559,56944302,486398632942683
486398656000000,56964,-0.916,-0.463,0.069,-10.77,-5.57,-7.01,1,imu01,fusion_20260817T192552Z,2560,56964298,486398652937921
486398687000000,56984,-0.9,-0.427,0.057,-13.45,-2.52,-6.03,1,imu01,fusion_20260817T192552Z,2561,56984302,486398672941158
486398703000000,57004,-0.897,-0.414,0.066,-13.38,0.12,-5.6,1,imu01,fusion_20260817T192552Z,2562,57004298,486398692936396
486398718000000,57024,-0.906,-0.399,0.07,-13.47,-3.94,-5.33,1,imu01,fusion_20260817T192552Z,2563,57024302,486398712939633
486398734000000,57044,-0.903,-0.4,0.072,-13.54,-5.07,-4.78,1,imu01,fusion_20260817T192552Z,2564,57044298,486398732934871
486398765000000,57064,-0.906,-0.402,0.061,-12.02,-8.88,-4.64,1,imu01,fusion_20260817T192552Z,2565,57064302,486398752938108
486398781000000,57084,-0.901,-0.413,0.056,-12.38,-9.24,-4.88,1,imu01,fusion_20260817T192552Z,2566,57084298,486398772933346
486398796000000,57104,-0.889,-0.415,0.039,-14.54,-6.69,-4.37,1,imu01,fusion_20260817T192552Z,2567,57104302,486398792936583
486398828000000,57124,-0.881,-0.415,0.015,-14.13,-5.77,-2.12,1,imu01,fusion_20260817T192552Z,2568,57124298,486398812931820
486398843000000,57144,-0.895,-0.426,0.009,-12.95,-7.01,0.47,1,imu01,fusion_20260817T192552Z,2569,57144302,486398832935058
486398859000000,57164,-0.916,-0.447,0.012,-13.39,-6.78,4.62,1,imu01,fusion_20260817T192552Z,2570,57164298,486398852930295
486398875000000,57184,-0.949,-0.433,0.03,-11.8,-11.78,1.26,1,imu01,fusion_20260817T192552Z,2571,57184302,486398872933532
486398906000000,57204,-0.973,-0.458,-0.042,-11.41,-9.58,-3.44,1,imu01,fusion_20260817T192552Z,2572,57204298,486398892928770
486398921000000,57224,-0.974,-0.439,-0.062,-6.93,-8.47,-9.26,1,imu01,fusion_20260817T192552Z,2573,57224302,486398912932007
486398937000000,57244,-0.94,-0.428,-0.037,-2.45,-15.33,-13.35,1,imu01,fusion_20260817T192552Z,2574,57244298,486398932927245
486398968000000,57264,-0.898,-0.462,0.049,-3.51,-8.56,-14.57,1,imu01,fusion_20260817T192552Z,2575,57264302,486398952930482
486398984000000,57284,-0.833,-0.454,0.027,-7.78,1.56,-12.36,1,imu01,fusion_20260817T192552Z,2576,57284298,486398972925720
486399000000000,57304,-0.811,-0.476,0.037,-10.7,-6.1,-8.92,1,imu01,fusion_20260817T192552Z,2577,57304302,486398992928957
486399015000000,57324,-0.849,-0.506,0.047,-8.32,-5.31,-8.61,1,imu01,fusion_20260817T192552Z,2578,57324298,486399012924195
486399046000000,57344,-0.834,-0.536,0.066,-9.05,-5.85,-10.7,1,imu01,fusion_20260817T192552Z,2579,57344302,486399032927432
486399062000000,57364,-0.806,-0.533,0.052,-8.67,-7.99,-12.69,1,imu01,fusion_20260817T192552Z,2580,57364298,486399052922669
486399078000000,57384,-0.804,-0.551,0.054,-8.17,-6.95,-10.92,1,imu01,fusion_20260817T192552Z,2581,57384302,486399072925907
486399093000000,57404,-0.834,-0.555,0.054,-10.15,-5.13,-6.43,1,imu01,fusion_20260817T192552Z,2582,57404298,486399092921144
486399125000000,57424,-0.833,-0.524,0.031,-11.92,1.73,-1.32,1,imu01,fusion_20260817T192552Z,2583,57424302,486399112924382
486399140000000,57444,-0.855,-0.502,-0.005,-8.01,-2.92,0.74,1,imu01,fusion_20260817T192552Z,2584,57444298,486399132919619
486399156000000,57464,-0.857,-0.496,0.003,-2.64,-2.86,-0.28,1,imu01,fusion_20260817T192552Z,2585,57464302,486399152922856
486399187000000,57484,-0.855,-0.503,0.014,0.26,1.38,-1.62,1,imu01,fusion_20260817T192552Z,2586,57484298,486399172918094
486399203000000,57504,-0.859,-0.498,0.025,2.55,0.8,-1.88,1,imu01,fusion_20260817T192552Z,2587,57504302,486399192921331
486399218000000,57524,-0.864,-0.501,0.007,5.29,-1.62,-4.05,1,imu01,fusion_20260817T192552Z,2588,57524298,486399212916569
486399234000000,57544,-0.853,-0.492,0.01,7.56,-2.3,-5.77,1,imu01,fusion_20260817T192552Z,2589,57544302,486399232919806
486399265000000,57564,-0.83,-0.483,0.008,8.92,-1.23,-8.82,1,imu01,fusion_20260817T192552Z,2590,57564298,486399252915044
486399281000000,57584,-0.807,-0.459,-0.003,11.5,-0.24,-10.33,1,imu01,fusion_20260817T192552Z,2591,57584302,486399272918281
486399296000000,57604,-0.785,-0.453,0.004,13.88,-0.76,-9.5,1,imu01,fusion_20260817T192552Z,2592,57604298,486399292913518
486399328000000,57624,-0.783,-0.463,0.014,14.69,-2.34,-5.84,1,imu01,fusion_20260817T192552Z,2593,57624302,486399312916756
486399343000000,57644,-0.792,-0.479,0.014,14.01,-0.19,-1.33,1,imu01,fusion_20260817T192552Z,2594,57644298,486399332911993
486399359000000,57664,-0.799,-0.495,0.027,13.24,-2.65,1.49,1,imu01,fusion_20260817T192552Z,2595,57664302,486399352915231
486399375000000,57684,-0.824,-0.489,0.02,10.62,-4.37,3.9,1,imu01,fusion_20260817T192552Z,2596,57684298,486399372910468
486399406000000,57704,-0.824,-0.473,0.014,11.12,-8.33,5.26,1,imu01,fusion_20260817T192552Z,2597,57704302,486399392913706
486399421000000,57724,-0.833,-0.483,0.017,12.3,-10.23,8.04,1,imu01,fusion_20260817T192552Z,2598,57724298,486399412908943
486399437000000,57744,-0.837,-0.487,0.021,9.93,-8.12,12.08,1,imu01,fusion_20260817T192552Z,2599,57744302,486399432912180
486399468000000,57764,-0.851,-0.482,0.023,10.18,-7.05,15.56,1,imu01,fusion_20260817T192552Z,2600,57764298,486399452907418
486399484000000,57784,-0.849,-0.486,0.042,9.68,-6.71,17.57,1,imu01,fusion_20260817T192552Z,2601,57784302,486399472910655
486399500000000,57804,-0.83,-0.49,0.071,12.46,-7.21,18.65,1,imu01,fusion_20260817T192552Z,2602,57804298,486399492905893
486399515000000,57824,-0.878,-0.496,0.11,13.45,-9.46,21.84,1,imu01,fusion_20260817T192552Z,2603,57824302,486399512909130
486399546000000,57844,-0.913,-0.512,0.134,13.65,-10.65,21.04,1,imu01,fusion_20260817T192552Z,2604,57844298,486399532904368
486399562000000,57864,-0.949,-0.514,0.159,12.29,-9.99,14.91,1,imu01,fusion_20260817T192552Z,2605,57864302,486399552907605
486399578000000,57884,-0.921,-0.475,0.155,13.55,-10.69,8.5,1,imu01,fusion_20260817T192552Z,2606,57884298,486399572902842
486399593000000,57904,-0.874,-0.438,0.166,15.63,-9.94,6.68,1,imu01,fusion_20260817T192552Z,2607,57904302,486399592906080
486399625000000,57924,-0.826,-0.43,0.171,18.8,-11.23,9.95,1,imu01,fusion_20260817T192552Z,2608,57924298,486399612901317
486399640000000,57944,-0.863,-0.439,0.175,17.74,-11.51,16.29,1,imu01,fusion_20260817T192552Z,2609,57944302,486399632904555
486399656000000,57964,-0.911,-0.473,0.16,19.49,-12.8,15.86,1,imu01,fusion_20260817T192552Z,2610,57964298,486399652899792
486399687000000,57984,-0.968,-0.508,0.159,20.17,-11.05,10.86,1,imu01,fusion_20260817T192552Z,2611,57984302,486399672903029
486399703000000,58004,-0.983,-0.505,0.143,19.08,-3.5,6.18,1,imu01,fusion_20260817T192552Z,2612,58004298,486399692898267
486399718000000,58024,-0.966,-0.483,0.13,20.55,1.47,-0.12,1,imu01,fusion_20260817T192552Z,2613,58024302,486399712901504
486399734000000,58044,-0.929,-0.465,0.139,24.8,1.9,-5.05,1,imu01,fusion_20260817T192552Z,2614,58044298,486399732896742
486399765000000,58064,-0.913,-0.472,0.183,23.71,3.09,-6.76,1,imu01,fusion_20260817T192552Z,2615,58064302,486399752899979
486399781000000,58084,-0.916,-0.476,0.187,21.09,6.77,-9.02,1,imu01,fusion_20260817T192552Z,2616,58084298,486399772895217
486399796000000,58104,-0.894,-0.468,0.181,18.56,6.16,-14.24,1,imu01,fusion_20260817T192552Z,2617,58104302,486399792898454
486399828000000,58124,-0.918,-0.446,0.148,17.51,4.03,-20.86,1,imu01,fusion_20260817T192552Z,2618,58124298,486399812893692
486399843000000,58144,-0.889,-0.426,0.17,18.94,-0.71,-28.52,1,imu01,fusion_20260817T192552Z,2619,58144302,486399832896929
486399859000000,58164,-0.843,-0.425,0.18,15.17,0.96,-28.2,1,imu01,fusion_20260817T192552Z,2620,58164298,486399852892166
486399875000000,58184,-0.812,-0.414,0.184,11.54,-0.8,-22.02,1,imu01,fusion_20260817T192552Z,2621,58184302,486399872895404
486399906000000,58204,-0.79,-0.422,0.193,7.79,1.3,-10.34,1,imu01,fusion_20260817T192552Z,2622,58204298,486399892890641
486399921000000,58224,-0.833,-0.441,0.196,2.24,4.4,1.39,1,imu01,fusion_20260817T192552Z,2623,58224302,486399912893878
486399937000000,58244,-0.897,-0.486,0.193,-0.41,4.21,3.9,1,imu01,fusion_20260817T192552Z,2624,58244298,486399932889116
486399968000000,58264,-0.937,-0.495,0.197,-1.87,3.64,-1.31,1,imu01,fusion_20260817T192552Z,2625,58264302,486399952892353
486399984000000,58284,-0.925,-0.471,0.19,-3.7,1.06,-5.42,1,imu01,fusion_20260817T192552Z,2626,58284298,486399972887591
486400000000000,58304,-0.899,-0.467,0.204,-6.5,1.32,-2.75,1,imu01,fusion_20260817T192552Z,2627,58304302,486399992890828
486400015000000,58324,-0.891,-0.468,0.211,-12.81,6.13,0.78,1,imu01,fusion_20260817T192552Z,2628,58324298,486400012886066
486400046000000,58344,-0.878,-0.456,0.194,-15.33,5.32,-1.49,1,imu01,fusion_20260817T192552Z,2629,58344302,486400032889303
486400062000000,58364,-0.844,-0.445,0.201,-19.19,5.24,-3.56,1,imu01,fusion_20260817T192552Z,2630,58364298,486400052884541
486400078000000,58384,-0.823,-0.421,0.168,-21.58,4.02,-2.77,1,imu01,fusion_20260817T192552Z,2631,58384302,486400072887778
486400093000000,58404,-0.817,-0.41,0.152,-20.29,0.04,-1.34,1,imu01,fusion_20260817T192552Z,2632,58404298,486400092883016
486400125000000,58424,-0.816,-0.444,0.18,-21.94,-1.47,2.13,1,imu01,fusion_20260817T192552Z,2633,58424302,486400112886253
486400140000000,58444,-0.842,-0.475,0.184,-28.0,2.39,3.69,1,imu01,fusion_20260817T192552Z,2634,58444298,486400132881490
486400156000000,58464,-0.877,-0.492,0.18,-31.55,-2.71,-0.28,1,imu01,fusion_20260817T192552Z,2635,58464302,486400152884728
486400187000000,58484,-0.841,-0.488,0.18,-30.86,-9.31,-6.28,1,imu01,fusion_20260817T192552Z,2636,58484298,486400172879965
486400203000000,58504,-0.815,-0.495,0.199,-32.39,-9.56,-8.8,1,imu01,fusion_20260817T192552Z,2637,58504302,486400192883202
486400218000000,58524,-0.813,-0.485,0.21,-30.88,-14.35,-9.49,1,imu01,fusion_20260817T192552Z,2638,58524298,486400212878440
486400234000000,58544,-0.819,-0.497,0.243,-32.11,-18.54,-5.99,1,imu01,fusion_20260817T192552Z,2639,58544302,486400232881677
486400265000000,58564,-0.86,-0.522,0.24,-32.8,-21.08,-1.14,1,imu01,fusion_20260817T192552Z,2640,58564298,486400252876915
486400281000000,58584,-0.903,-0.553,0.235,-36.77,-18.63,2.31,1,imu01,fusion_20260817T192552Z,2641,58584302,486400272880152
486400296000000,58604,-0.927,-0.556,0.202,-40.2,-13.18,-0.12,1,imu01,fusion_20260817T192552Z,2642,58604298,486400292875390
486400328000000,58624,-0.863,-0.518,0.155,-38.77,-10.73,-5.23,1,imu01,fusion_20260817T192552Z,2643,58624302,486400312878627
486400343000000,58644,-0.818,-0.495,0.12,-31.8,-16.01,-10.7,1,imu01,fusion_20260817T192552Z,2644,58644298,486400332873865
486400359000000,58664,-0.769,-0.517,0.119,-25.19,-17.13,-12.31,1,imu01,fusion_20260817T192552Z,2645,58664302,486400352877102
486400375000000,58684,-0.76,-0.56,0.153,-22.88,-17.49,-9.08,1,imu01,fusion_20260817T192552Z,2646,58684298,486400372872339
486400406000000,58704,-0.794,-0.6,0.164,-25.77,-15.55,-3.79,1,imu01,fusion_20260817T192552Z,2647,58704302,486400392875577
486400421000000,58724,-0.826,-0.611,0.135,-26.95,-15.46,-4.22,1,imu01,fusion_20260817T192552Z,2648,58724298,486400412870814
486400437000000,58744,-0.821,-0.592,0.114,-25.35,-18.65,-9.28,1,imu01,fusion_20260817T192552Z,2649,58744302,486400432874052
486400468000000,58764,-0.77,-0.563,0.097,-21.04,-20.52,-10.44,1,imu01,fusion_20260817T192552Z,2650,58764298,486400452869289
486400484000000,58784,-0.739,-0.567,0.139,-21.91,-19.01,-4.22,1,imu01,fusion_20260817T192552Z,2651,58784302,486400472872526
486400500000000,58804,-0.781,-0.576,0.141,-27.06,-13.62,1.48,1,imu01,fusion_20260817T192552Z,2652,58804298,486400492867764
486400515000000,58824,-0.819,-0.562,0.109,-28.3,-10.64,0.14,1,imu01,fusion_20260817T192552Z,2653,58824302,486400512871001
486400546000000,58844,-0.844,-0.55,0.08,-26.44,-11.47,-4.45,1,imu01,fusion_20260817T192552Z,2654,58844298,486400532866239
486400562000000,58864,-0.837,-0.552,0.071,-22.18,-8.86,-7.47,1,imu01,fusion_20260817T192552Z,2655,58864302,486400552869476
486400578000000,58884,-0.827,-0.557,0.07,-20.93,-7.65,-7.82,1,imu01,fusion_20260817T192552Z,2656,58884298,486400572864714
486400593000000,58904,-0.839,-0.558,0.063,-18.44,-7.6,-9.3,1,imu01,fusion_20260817T192552Z,2657,58904302,486400592867951
486400625000000,58924,-0.824,-0.566,0.073,-16.06,-5.72,-10.74,1,imu01,fusion_20260817T192552Z,2658,58924298,486400612863189
486400640000000,58944,-0.818,-0.573,0.076,-14.4,-5.34,-12.45,1,imu01,fusion_20260817T192552Z,2659,58944302,486400632866426
486400656000000,58964,-0.79,-0.571,0.071,-12.99,-3.13,-13.27,1,imu01,fusion_20260817T192552Z,2660,58964298,486400652861663
486400687000000,58984,-0.789,-0.579,0.084,-9.63,-4.33,-14.17,1,imu01,fusion_20260817T192552Z,2661,58984302,486400672864901
486400703000000,59004,-0.792,-0.597,0.091,-7.16,-9.68,-14.6,1,imu01,fusion_20260817T192552Z,2662,59004298,486400692860138
486400718000000,59024,-0.805,-0.615,0.118,-7.84,-6.27,-12.1,1,imu01,fusion_20260817T192552Z,2663,59024302,486400712863376
486400734000000,59044,-0.817,-0.617,0.122,-8.7,-3.45,-11.23,1,imu01,fusion_20260817T192552Z,2664,59044298,486400732858613
486400765000000,59064,-0.832,-0.597,0.11,-9.26,-0.73,-7.89,1,imu01,fusion_20260817T192552Z,2665,59064302,486400752861850
486400781000000,59084,-0.83,-0.582,0.09,-8.42,-0.12,-4.76,1,imu01,fusion_20260817T192552Z,2666,59084298,486400772857088
486400796000000,59104,-0.851,-0.574,0.082,-6.87,2.47,-3.57,1,imu01,fusion_20260817T192552Z,2667,59104302,486400792860325
486400828000000,59124,-0.824,-0.555,0.082,-3.58,4.64,-4.6,1,imu01,fusion_20260817T192552Z,2668,59124298,486400812855563
486400843000000,59144,-0.812,-0.548,0.08,1.46,5.76,-4.81,1,imu01,fusion_20260817T192552Z,2669,59144302,486400832858800
486400859000000,59164,-0.791,-0.539,0.078,4.52,6.58,-3.58,1,imu01,fusion_20260817T192552Z,2670,59164298,486400852854038
486400875000000,59184,-0.772,-0.551,0.084,8.44,8.8,-2.55,1,imu01,fusion_20260817T192552Z,2671,59184302,486400872857275
486400906000000,59204,-0.779,-0.559,0.08,11.83,5.76,-1.99,1,imu01,fusion_20260817T192552Z,2672,59204298,486400892852512
486400921000000,59224,-0.785,-0.572,0.074,13.57,4.7,-1.37,1,imu01,fusion_20260817T192552Z,2673,59224302,486400912855750
486400937000000,59244,-0.785,-0.577,0.075,15.68,3.93,-0.18,1,imu01,fusion_20260817T192552Z,2674,59244298,486400932850987
486400968000000,59264,-0.777,-0.593,0.081,14.09,10.87,4.33,1,imu01,fusion_20260817T192552Z,2675,59264302,486400952854225
486400984000000,59284,-0.789,-0.609,0.1,14.15,13.84,6.45,1,imu01,fusion_20260817T192552Z,2676,59284298,486400972849462
486401000000000,59304,-0.814,-0.618,0.079,13.65,14.51,6.86,1,imu01,fusion_20260817T192552Z,2677,59304302,486400992852699
486401015000000,59324,-0.812,-0.615,0.091,15.44,12.48,4.88,1,imu01,fusion_20260817T192552Z,2678,59324298,486401012847937
486401046000000,59344,-0.775,-0.611,0.101,15.91,12.87,4.61,1,imu01,fusion_20260817T192552Z,2679,59344302,486401032851174
486401062000000,59364,-0.761,-0.594,0.103,16.84,13.83,5.3,1,imu01,fusion_20260817T192552Z,2680,59364298,486401052846412
486401078000000,59384,-0.741,-0.594,0.114,16.84,16.55,8.4,1,imu01,fusion_20260817T192552Z,2681,59384302,486401072849649
486401109000000,59404,-0.748,-0.598,0.111,17.79,14.69,10.75,1,imu01,fusion_20260817T192552Z,2682,59404298,486401092844887
486401125000000,59424,-0.747,-0.598,0.111,20.51,12.38,11.13,1,imu01,fusion_20260817T192552Z,2683,59424302,486401112848124
486401140000000,59444,-0.732,-0.6,0.125,21.15,9.61,12.42,1,imu01,fusion_20260817T192552Z,2684,59444298,486401132843362
486401156000000,59464,-0.745,-0.603,0.142,20.72,9.48,13.26,1,imu01,fusion_20260817T192552Z,2685,59464302,486401152846599
486401187000000,59484,-0.762,-0.601,0.131,21.46,13.07,15.67,1,imu01,fusion_20260817T192552Z,2686,59484298,486401172841836
486401203000000,59504,-0.768,-0.587,0.11,21.07,12.86,18.36,1,imu01,fusion_20260817T192552Z,2687,59504302,486401192845074
486401218000000,59524,-0.79,-0.57,0.109,21.39,13.9,18.65,1,imu01,fusion_20260817T192552Z,2688,59524298,486401212840311
486401234000000,59544,-0.806,-0.528,0.077,24.14,15.58,16.94,1,imu01,fusion_20260817T192552Z,2689,59544302,486401232843549
486401265000000,59564,-0.757,-0.495,0.081,30.43,18.93,16.7,1,imu01,fusion_20260817T192552Z,2690,59564298,486401252838786
486401281000000,59584,-0.766,-0.496,0.14,31.49,18.22,22.36,1,imu01,fusion_20260817T192552Z,2691,59584302,486401272842023
486401296000000,59604,-0.817,-0.507,0.149,31.39,15.5,25.63,1,imu01,fusion_20260817T192552Z,2692,59604298,486401292837261
486401328000000,59624,-0.867,-0.509,0.134,34.55,14.4,21.66,1,imu01,fusion_20260817T192552Z,2693,59624302,486401312840498
486401343000000,59644,-0.889,-0.51,0.15,39.39,10.45,14.86,1,imu01,fusion_20260817T192552Z,2694,59644298,486401332835736
486401359000000,59664,-0.914,-0.519,0.164,43.5,5.24,6.37,1,imu01,fusion_20260817T192552Z,2695,59664302,486401352838973
486401375000000,59684,-0.903,-0.53,0.169,41.15,5.28,2.05,1,imu01,fusion_20260817T192552Z,2696,59684298,486401372834211
486401406000000,59704,-0.893,-0.516,0.171,38.92,0.87,-3.19,1,imu01,fusion_20260817T192552Z,2697,59704302,486401392837448
486401421000000,59724,-0.864,-0.495,0.184,40.17,-4.07,-6.04,1,imu01,fusion_20260817T192552Z,2698,59724298,486401412832686
486401437000000,59744,-0.889,-0.518,0.202,38.85,-3.76,-0.93,1,imu01,fusion_20260817T192552Z,2699,59744302,486401432835923
486401468000000,59764,-0.955,-0.585,0.185,35.15,-8.07,7.3,1,imu01,fusion_20260817T192552Z,2700,59764298,486401452831160
486401484000000,59784,-1.031,-0.621,0.186,25.57,-8.26,10.09,1,imu01,fusion_20260817T192552Z,2701,59784302,486401472834398
486401500000000,59804,-1.011,-0.606,0.184,12.57,1.12,5.49,1,imu01,fusion_20260817T192552Z,2702,59804298,486401492829635
486401515000000,59824,-0.906,-0.51,0.176,2.02,7.59,1.74,1,imu01,fusion_20260817T192552Z,2703,59824302,486401512832872
486401546000000,59844,-0.82,-0.397,0.133,-6.16,7.09,6.69,1,imu01,fusion_20260817T192552Z,2704,59844298,486401532828110
486401562000000,59864,-0.775,-0.343,0.093,-10.03,7.6,14.71,1,imu01,fusion_20260817T192552Z,2705,59864302,486401552831347
486401578000000,59884,-0.791,-0.34,0.071,-10.79,9.24,20.33,1,imu01,fusion_20260817T192552Z,2706,59884298,486401572826585
486401593000000,59904,-0.846,-0.344,0.061,-5.24,3.36,19.08,1,imu01,fusion_20260817T192552Z,2707,59904302,486401592829822
486401625000000,59924,-0.87,-0.382,0.101,1.62,-3.06,13.65,1,imu01,fusion_20260817T192552Z,2708,59924298,486401612825060
486401640000000,59944,-0.874,-0.42,0.121,2.65,-5.21,11.08,1,imu01,fusion_20260817T192552Z,2709,59944302,486401632828297
486401656000000,59964,-0.91,-0.445,0.149,1.71,-4.85,11.5,1,imu01,fusion_20260817T192552Z,2710,59964298,486401652823535
486401687000000,59984,-0.935,-0.465,0.142,0.21,-3.52,11.39,1,imu01,fusion_20260817T192552Z,2711,59984302,486401672826772
486401703000000,60004,-0.969,-0.489,0.16,-4.07,-0.49,9.85,1,imu01,fusion_20260817T192552Z,2712,60004298,486401692822009
486401718000000,60024,-0.969,-0.475,0.163,-7.28,-2.78,5.53,1,imu01,fusion_20260817T192552Z,2713,60024302,486401712825247
486401734000000,60044,-0.915,-0.441,0.168,-7.77,-4.55,1.21,1,imu01,fusion_20260817T192552Z,2714,60044298,486401732820484
486401765000000,60064,-0.893,-0.413,0.157,-9.27,0.77,2.59,1,imu01,fusion_20260817T192552Z,2715,60064302,486401752823722
486401781000000,60084,-0.92,-0.393,0.165,-8.82,0.61,4.85,1,imu01,fusion_20260817T192552Z,2716,60084298,486401772818959
486401796000000,60104,-0.962,-0.401,0.161,-9.71,-3.23,4.7,1,imu01,fusion_20260817T192552Z,2717,60104302,486401792822196
486401828000000,60124,-0.957,-0.391,0.161,-10.2,0.26,2.01,1,imu01,fusion_20260817T192552Z,2718,60124298,486401812817434
486401843000000,60144,-0.921,-0.371,0.143,-8.25,7.97,-0.43,1,imu01,fusion_20260817T192552Z,2719,60144302,486401832820671
486401859000000,60164,-0.903,-0.354,0.154,-5.87,9.49,-3.01,1,imu01,fusion_20260817T192552Z,2720,60164298,486401852815909
486401875000000,60184,-0.858,-0.36,0.164,-5.29,6.03,-3.19,1,imu01,fusion_20260817T192552Z,2721,60184302,486401872819146
486401906000000,60204,-0.867,-0.365,0.162,-6.26,3.12,-2.99,1,imu01,fusion_20260817T192552Z,2722,60204298,486401892814384
486401921000000,60224,-0.845,-0.388,0.18,-5.77,-3.11,-3.86,1,imu01,fusion_20260817T192552Z,2723,60224302,486401912817621
486401937000000,60244,-0.844,-0.398,0.156,-4.92,-8.14,-9.25,1,imu01,fusion_20260817T192552Z,2724,60244298,486401932812859
486401968000000,60264,-0.807,-0.41,0.166,-5.77,-4.55,-8.11,1,imu01,fusion_20260817T192552Z,2725,60264302,486401952816096
486401984000000,60284,-0.865,-0.434,0.179,-11.14,1.69,-3.51,1,imu01,fusion_20260817T192552Z,2726,60284298,486401972811333
486402000000000,60304,-0.904,-0.447,0.156,-16.57,5.54,-3.15,1,imu01,fusion_20260817T192552Z,2727,60304302,486401992814571
486402015000000,60324,-0.911,-0.422,0.15,-19.74,5.89,-7.86,1,imu01,fusion_20260817T192552Z,2728,60324298,486402012809808
486402046000000,60344,-0.854,-0.378,0.117,-19.97,4.25,-14.15,1,imu01,fusion_20260817T192552Z,2729,60344302,486402032813046
486402062000000,60364,-0.816,-0.34,0.101,-13.51,1.32,-18.49,1,imu01,fusion_20260817T192552Z,2730,60364298,486402052808283
486402078000000,60384,-0.788,-0.326,0.139,-6.54,-4.4,-16.91,1,imu01,fusion_20260817T192552Z,2731,60384302,486402072811520
486402109000000,60404,-0.821,-0.352,0.156,2.1,-14.58,-10.04,1,imu01,fusion_20260817T192552Z,2732,60404298,486402092806758
486402125000000,60424,-0.933,-0.44,0.143,6.24,-17.15,0.46,1,imu01,fusion_20260817T192552Z,2733,60424302,486402112809995
486402140000000,60444,-1.048,-0.561,0.171,2.72,-7.44,5.72,1,imu01,fusion_20260817T192552Z,2734,60444298,486402132805233
486402156000000,60464,-1.113,-0.63,0.157,-9.35,9.41,-5.19,1,imu01,fusion_20260817T192552Z,2735,60464302,486402152808470
486402187000000,60484,-1.047,-0.538,0.092,-12.16,18.12,-27.41,1,imu01,fusion_20260817T192552Z,2736,60484298,486402172803708
486402203000000,60504,-0.849,-0.431,0.079,-2.9,11.54,-45.55,1,imu01,fusion_20260817T192552Z,2737,60504302,486402192806945
486402218000000,60524,-0.687,-0.378,0.099,2.89,7.04,-41.89,1,imu01,fusion_20260817T192552Z,2738,60524298,486402212802182
486402234000000,60544,-0.663,-0.41,0.134,4.65,3.08,-24.99,1,imu01,fusion_20260817T192552Z,2739,60544302,486402232805420
486402265000000,60564,-0.77,-0.482,0.137,2.22,2.52,-11.86,1,imu01,fusion_20260817T192552Z,2740,60564298,486402252800657
486402281000000,60584,-0.876,-0.546,0.129,3.58,-3.73,-14.16,1,imu01,fusion_20260817T192552Z,2741,60584302,486402272803895
486402296000000,60604,-0.918,-0.567,0.151,4.33,-6.3,-19.48,1,imu01,fusion_20260817T192552Z,2742,60604298,486402292799132
486402328000000,60624,-0.898,-0.571,0.16,-0.16,-6.68,-21.54,1,imu01,fusion_20260817T192552Z,2743,60624302,486402312802369
486402343000000,60644,-0.9,-0.556,0.131,-4.75,-8.2,-22.25,1,imu01,fusion_20260817T192552Z,2744,60644298,486402332797607
486402359000000,60664,-0.884,-0.536,0.108,-6.16,-4.77,-21.42,1,imu01,fusion_20260817T192552Z,2745,60664302,486402352800844
486402375000000,60684,-0.769,-0.541,0.167,-3.19,-17.52,-23.26,1,imu01,fusion_20260817T192552Z,2746,60684298,486402372796082
486402406000000,60704,-0.819,-0.547,0.131,0.13,-16.24,-18.04,1,imu01,fusion_20260817T192552Z,2747,60704302,486402392799319
486402421000000,60724,-0.914,-0.499,0.184,-8.16,-4.13,-29.43,1,imu01,fusion_20260817T192552Z,2748,60724298,486402412794557
486402437000000,60744,-0.856,-0.581,0.124,-6.45,6.92,-13.7,1,imu01,fusion_20260817T192552Z,2749,60744302,486402432797794
486402468000000,60764,-0.834,-0.633,0.148,-3.01,2.45,-11.88,1,imu01,fusion_20260817T192552Z,2750,60764298,486402452793032
486402484000000,60784,-0.79,-0.556,0.057,-0.68,-3.3,-19.85,1,imu01,fusion_20260817T192552Z,2751,60784302,486402472796269
486402500000000,60804,-0.728,-0.564,0.097,4.66,-7.39,-22.96,1,imu01,fusion_20260817T192552Z,2752,60804298,486402492791506
486402515000000,60824,-0.706,-0.584,0.112,1.97,-7.51,-20.02,1,imu01,fusion_20260817T192552Z,2753,60824302,486402512794744
486402546000000,60844,-0.726,-0.593,0.098,-1.52,-4.45,-12.58,1,imu01,fusion_20260817T192552Z,2754,60844298,486402532789981
486402562000000,60864,-0.735,-0.594,0.101,-2.72,-7.96,-7.57,1,imu01,fusion_20260817T192552Z,2755,60864302,486402552793219
486402578000000,60884,-0.739,-0.593,0.079,-2.95,-9.31,-2.06,1,imu01,fusion_20260817T192552Z,2756,60884298,486402572788456
486402593000000,60904,-0.777,-0.589,0.054,1.48,-8.26,0.4,1,imu01,fusion_20260817T192552Z,2757,60904302,486402592791693
486402625000000,60924,-0.796,-0.624,0.082,4.72,-3.58,-0.8,1,imu01,fusion_20260817T192552Z,2758,60924298,486402612786931
486402640000000,60944,-0.818,-0.622,0.074,4.37,-0.46,-1.86,1,imu01,fusion_20260817T192552Z,2759,60944302,486402632790168
486402656000000,60964,-0.812,-0.622,0.093,7.37,-4.86,-4.38,1,imu01,fusion_20260817T192552Z,2760,60964298,486402652785406
486402687000000,60984,-0.787,-0.624,0.098,7.25,-9.95,-2.73,1,imu01,fusion_20260817T192552Z,2761,60984302,486402672788643
486402703000000,61004,-0.785,-0.615,0.082,6.97,-6.39,1.12,1,imu01,fusion_20260817T192552Z,2762,61004298,486402692783881
486402718000000,61024,-0.79,-0.615,0.075,8.79,-4.6,2.04,1,imu01,fusion_20260817T192552Z,2763,61024302,486402712787118
486402734000000,61044,-0.76,-0.642,0.112,5.85,3.45,4.91,1,imu01,fusion_20260817T192552Z,2764,61044298,486402732782356
486402765000000,61064,-0.78,-0.589,0.105,3.68,-0.26,4.94,1,imu01,fusion_20260817T192552Z,2765,61064302,486402752785593
486402781000000,61084,-0.76,-0.565,0.092,3.79,2.91,5.03,1,imu01,fusion_20260817T192552Z,2766,61084298,486402772780830
486402796000000,61104,-0.749,-0.562,0.096,2.71,2.65,7.16,1,imu01,fusion_20260817T192552Z,2767,61104302,486402792784068
486402828000000,61124,-0.748,-0.549,0.102,8.97,4.95,7.68,1,imu01,fusion_20260817T192552Z,2768,61124298,486402812779305
486402843000000,61144,-0.736,-0.554,0.128,14.41,-1.59,8.37,1,imu01,fusion_20260817T192552Z,2769,61144302,486402832782542
486402859000000,61164,-0.805,-0.581,0.158,21.06,-11.76,8.1,1,imu01,fusion_20260817T192552Z,2770,61164298,486402852777780
486402875000000,61184,-0.826,-0.597,0.209,30.22,-18.08,8.05,1,imu01,fusion_20260817T192552Z,2771,61184302,486402872781017
486402906000000,61204,-0.861,-0.706,0.253,34.15,-18.09,11.02,1,imu01,fusion_20260817T192552Z,2772,61204298,486402892776255
486402921000000,61224,-0.931,-0.753,0.307,24.58,-4.65,11.44,1,imu01,fusion_20260817T192552Z,2773,61224302,486402912779492
486402937000000,61244,-0.8,-0.632,-0.029,63.28,-29.64,-1.83,1,imu01,fusion_20260817T192552Z,2774,61244298,486402932774730
486402968000000,61264,-0.838,-0.558,0.225,8.75,-3.23,-11.34,1,imu01,fusion_20260817T192552Z,2775,61264302,486402952777967
486402984000000,61284,-0.706,-0.46,0.154,10.98,-14.95,-13.63,1,imu01,fusion_20260817T192552Z,2776,61284298,486402972773205
486403000000000,61304,-0.654,-0.374,0.006,16.96,-30.52,-6.38,1,imu01,fusion_20260817T192552Z,2777,61304302,486402992776442
486403015000000,61324,-0.606,-0.429,0.168,9.77,-11.78,12.87,1,imu01,fusion_20260817T192552Z,2778,61324298,486403012771680
486403046000000,61344,-0.657,-0.478,0.205,2.81,0.2,24.85,1,imu01,fusion_20260817T192552Z,2779,61344302,486403032774917
486403062000000,61364,-0.8,-0.489,0.185,3.22,-9.98,22.14,1,imu01,fusion_20260817T192552Z,2780,61364298,486403052770154
486403078000000,61384,-0.851,-0.51,0.188,8.01,-12.01,14.43,1,imu01,fusion_20260817T192552Z,2781,61384302,486403072773392
486403109000000,61404,-0.886,-0.509,0.211,12.64,-12.41,11.3,1,imu01,fusion_20260817T192552Z,2782,61404298,486403092768629
486403125000000,61424,-0.89,-0.554,0.253,20.06,-12.55,9.53,1,imu01,fusion_20260817T192552Z,2783,61424302,486403112771866
486403140000000,61444,-0.909,-0.615,0.32,17.13,-0.2,10.32,1,imu01,fusion_20260817T192552Z,2784,61444298,486403132767104
486403156000000,61464,-0.912,-0.637,0.335,10.87,1.88,4.97,1,imu01,fusion_20260817T192552Z,2785,61464302,486403152770341
486403187000000,61484,-0.864,-0.587,0.311,6.94,-5.6,-2.57,1,imu01,fusion_20260817T192552Z,2786,61484298,486403172765579
486403203000000,61504,-0.761,-0.541,0.254,6.68,-12.9,-6.44,1,imu01,fusion_20260817T192552Z,2787,61504302,486403192768816
486403218000000,61524,-0.73,-0.489,0.281,11.24,-16.68,0.5,1,imu01,fusion_20260817T192552Z,2788,61524298,486403212764054
486403234000000,61544,-0.747,-0.514,0.303,10.64,-14.03,7.52,1,imu01,fusion_20260817T192552Z,2789,61544302,486403232767291
486403265000000,61564,-0.792,-0.529,0.315,7.65,-16.5,8.26,1,imu01,fusion_20260817T192552Z,2790,61564298,486403252762529
486403281000000,61584,-0.812,-0.544,0.286,6.05,-13.63,3.79,1,imu01,fusion_20260817T192552Z,2791,61584302,486403272765766
486403296000000,61604,-0.823,-0.506,0.245,4.62,-23.9,3.28,1,imu01,fusion_20260817T192552Z,2792,61604298,486403292761003
486403328000000,61624,-0.922,-0.448,0.119,21.72,-43.8,-9.34,1,imu01,fusion_20260817T192552Z,2793,61624302,486403312764241
486403343000000,61644,-0.802,-0.505,0.296,8.29,-21.97,1.34,1,imu01,fusion_20260817T192552Z,2794,61644298,486403332759478
486403359000000,61664,-0.759,-0.51,0.309,5.54,-12.31,3.23,1,imu01,fusion_20260817T192552Z,2795,61664302,486403352762716
486403375000000,61684,-0.822,-0.546,0.369,5.89,-26.84,0.48,1,imu01,fusion_20260817T192552Z,2796,61684298,486403372757953
486403406000000,61704,-0.812,-0.636,0.281,13.5,-49.1,-3.05,1,imu01,fusion_20260817T192552Z,2797,61704302,486403392761190
486403421000000,61724,-0.803,-0.537,0.323,16.42,-43.53,-7.79,1,imu01,fusion_20260817T192552Z,2798,61724298,486403412756428
486403437000000,61744,-0.775,-0.519,0.374,24.83,-37.46,-11.73,1,imu01,fusion_20260817T192552Z,2799,61744302,486403432759665
486403453000000,61764,-0.756,-0.53,0.396,28.74,-25.59,-14.22,1,imu01,fusion_20260817T192552Z,2800,61764298,486403452754903
486403484000000,61784,-0.742,-0.524,0.346,24.36,-8.09,-17.63,1,imu01,fusion_20260817T192552Z,2801,61784302,486403472758140
486403500000000,61804,-0.823,-0.548,0.361,15.32,11.67,-23.54,1,imu01,fusion_20260817T192552Z,2802,61804298,486403492753378
486403515000000,61824,-0.938,-0.566,0.43,16.42,-2.09,-40.54,1,imu01,fusion_20260817T192552Z,2803,61824302,486403512756615
486403546000000,61844,-0.881,-0.566,0.376,22.03,-21.82,-66.08,1,imu01,fusion_20260817T192552Z,2804,61844298,486403532751852
486403562000000,61864,-0.72,-0.595,0.481,12.65,-28.43,-65.18,1,imu01,fusion_20260817T192552Z,2805,61864302,486403552755090
486403578000000,61884,-0.576,-0.594,0.491,20.66,-42.63,-60.28,1,imu01,fusion_20260817T192552Z,2806,61884298,486403572750327
486403593000000,61904,-0.565,-0.518,0.411,14.3,-33.94,-34.03,1,imu01,fusion_20260817T192552Z,2807,61904302,486403592753565
486403625000000,61924,-0.607,-0.511,0.361,32.01,-29.88,-27.16,1,imu01,fusion_20260817T192552Z,2808,61924298,486403612748802
486403640000000,61944,-0.685,-0.559,0.523,24.22,-7.71,-15.9,1,imu01,fusion_20260817T192552Z,2809,61944302,486403632752040
486403656000000,61964,-0.765,-0.631,0.501,19.73,-19.96,-34.47,1,imu01,fusion_20260817T192552Z,2810,61964298,486403652747277
486403687000000,61984,-0.839,-0.624,0.461,15.12,-31.4,-54.19,1,imu01,fusion_20260817T192552Z,2811,61984302,486403672750514
486403703000000,62004,-0.648,-0.62,0.474,18.95,-58.08,-67.3,1,imu01,fusion_20260817T192552Z,2812,62004298,486403692745752
486403718000000,62024,-0.518,-0.563,0.432,46.39,-83.36,-80.96,1,imu01,fusion_20260817T192552Z,2813,62024302,486403712748989
486403734000000,62044,-0.378,-0.551,0.514,33.04,-42.95,-56.75,1,imu01,fusion_20260817T192552Z,2814,62044298,486403732744227
486403765000000,62064,-0.458,-0.54,0.428,16.49,-8.51,-20.36,1,imu01,fusion_20260817T192552Z,2815,62064302,486403752747464
486403781000000,62084,-0.587,-0.552,0.42,25.74,-4.85,-21.05,1,imu01,fusion_20260817T192552Z,2816,62084298,486403772742702
486403796000000,62104,-0.707,-0.581,0.424,39.81,-39.51,-43.71,1,imu01,fusion_20260817T192552Z,2817,62104302,486403792745939
486403828000000,62124,-0.593,-0.642,0.554,39.2,-38.13,-49.47,1,imu01,fusion_20260817T192552Z,2818,62124298,486403812741176
486403843000000,62144,-0.518,-0.61,0.577,49.98,-44.11,-61.56,1,imu01,fusion_20260817T192552Z,2819,62144302,486403832744414
486403859000000,62164,-0.489,-0.583,0.625,44.66,-37.87,-52.96,1,imu01,fusion_20260817T192552Z,2820,62164298,486403852739651
486403875000000,62184,-0.461,-0.646,0.612,33.14,-31.28,-42.46,1,imu01,fusion_20260817T192552Z,2821,62184302,486403872742889
486403906000000,62204,-0.494,-0.616,0.701,36.05,-41.66,-41.14,1,imu01,fusion_20260817T192552Z,2822,62204298,486403892738126
486403921000000,62224,-0.532,-0.657,0.635,40.07,-42.43,-46.84,1,imu01,fusion_20260817T192552Z,2823,62224302,486403912741363
486403937000000,62244,-0.409,-0.643,0.594,42.2,-33.41,-50.82,1,imu01,fusion_20260817T192552Z,2824,62244298,486403932736601
486403968000000,62264,-0.324,-0.603,0.696,25.34,-1.97,-35.89,1,imu01,fusion_20260817T192552Z,2825,62264302,486403952739838
486403984000000,62284,-0.304,-0.564,0.692,18.66,13.79,-18.78,1,imu01,fusion_20260817T192552Z,2826,62284298,486403972735076
486404000000000,62304,-0.412,-0.521,0.666,9.28,17.45,8.91,1,imu01,fusion_20260817T192552Z,2827,62304302,486403992738313
486404015000000,62324,-0.451,-0.518,0.605,3.97,2.16,10.25,1,imu01,fusion_20260817T192552Z,2828,62324298,486404012733551
486404046000000,62344,-0.388,-0.532,0.626,5.45,-8.58,3.28,1,imu01,fusion_20260817T192552Z,2829,62344302,486404032736788
486404062000000,62364,-0.371,-0.522,0.638,11.91,-5.37,0.14,1,imu01,fusion_20260817T192552Z,2830,62364298,486404052732026
486404078000000,62384,-0.385,-0.541,0.652,-0.36,9.78,13.3,1,imu01,fusion_20260817T192552Z,2831,62384302,486404072735263
486404093000000,62404,-0.395,-0.562,0.677,12.17,8.83,16.33,1,imu01,fusion_20260817T192552Z,2832,62404298,486404092730500
486404125000000,62424,-0.472,-0.56,0.725,9.76,12.92,17.19,1,imu01,fusion_20260817T192552Z,2833,62424302,486404112733738
486404140000000,62444,-0.406,-0.667,0.752,11.66,14.67,17.79,1,imu01,fusion_20260817T192552Z,2834,62444298,486404132728975
486404156000000,62464,-0.474,-0.643,0.706,14.33,-6.94,5.85,1,imu01,fusion_20260817T192552Z,2835,62464302,486404152732212
486404187000000,62484,-0.442,-0.601,0.715,25.55,-15.93,-1.31,1,imu01,fusion_20260817T192552Z,2836,62484298,486404172727450
486404203000000,62504,-0.453,-0.587,0.649,31.19,-16.08,-1.2,1,imu01,fusion_20260817T192552Z,2837,62504302,486404192730687
486404218000000,62524,-0.443,-0.567,0.771,33.49,-19.37,-0.61,1,imu01,fusion_20260817T192552Z,2838,62524298,486404212725925
486404234000000,62544,-0.382,-0.603,0.672,21.06,-10.7,7.88,1,imu01,fusion_20260817T192552Z,2839,62544302,486404232729162
486404265000000,62564,-0.431,-0.567,0.729,5.89,1.7,10.43,1,imu01,fusion_20260817T192552Z,2840,62564298,486404252724400
486404281000000,62584,-0.451,-0.548,0.713,9.46,-4.47,1.35,1,imu01,fusion_20260817T192552Z,2841,62584302,486404272727637
486404296000000,62604,-0.46,-0.542,0.713,-2.44,2.15,3.11,1,imu01,fusion_20260817T192552Z,2842,62604298,486404292722875
486404328000000,62624,-0.43,-0.536,0.698,-1.39,4.9,-0.9,1,imu01,fusion_20260817T192552Z,2843,62624302,486404312726112
486404343000000,62644,-0.487,-0.528,0.763,4.61,0.41,4.04,1,imu01,fusion_20260817T192552Z,2844,62644298,486404332721350
486404359000000,62664,-0.453,-0.55,0.744,4.88,-8.31,2.05,1,imu01,fusion_20260817T192552Z,2845,62664302,486404352724587
486404375000000,62684,-0.439,-0.54,0.727,-1.11,5.15,6.78,1,imu01,fusion_20260817T192552Z,2846,62684298,486404372719824
486404406000000,62704,-0.473,-0.528,0.669,-5.31,5.23,5.66,1,imu01,fusion_20260817T192552Z,2847,62704302,486404392723062
486404421000000,62724,-0.417,-0.515,0.676,-0.57,9.32,4.95,1,imu01,fusion_20260817T192552Z,2848,62724298,486404412718299
486404437000000,62744,-0.439,-0.529,0.708,0.47,6.75,6.0,1,imu01,fusion_20260817T192552Z,2849,62744302,486404432721536
486404468000000,62764,-0.48,-0.521,0.711,-5.52,13.38,12.52,1,imu01,fusion_20260817T192552Z,2850,62764298,486404452716774
486404484000000,62784,-0.432,-0.479,0.735,0.3,0.09,-2.53,1,imu01,fusion_20260817T192552Z,2851,62784302,486404472720011
486404500000000,62804,-0.445,-0.546,0.769,7.65,-8.62,3.48,1,imu01,fusion_20260817T192552Z,2852,62804298,486404492715249
486404515000000,62824,-0.426,-0.555,0.74,7.59,-8.73,-5.75,1,imu01,fusion_20260817T192552Z,2853,62824302,486404512718486
486404546000000,62844,-0.415,-0.563,0.77,3.23,-6.0,-6.28,1,imu01,fusion_20260817T192552Z,2854,62844298,486404532713724
486404562000000,62864,-0.405,-0.543,0.756,2.92,-3.71,-3.06,1,imu01,fusion_20260817T192552Z,2855,62864302,486404552716961
486404578000000,62884,-0.427,-0.547,0.745,0.43,5.74,-0.01,1,imu01,fusion_20260817T192552Z,2856,62884298,486404572712199
486404593000000,62904,-0.412,-0.55,0.745,0.13,6.22,-1.18,1,imu01,fusion_20260817T192552Z,2857,62904302,486404592715436
486404625000000,62924,-0.45,-0.547,0.721,-7.03,9.22,1.16,1,imu01,fusion_20260817T192552Z,2858,62924298,486404612710673
486404640000000,62944,-0.431,-0.53,0.721,-2.45,-0.02,-1.99,1,imu01,fusion_20260817T192552Z,2859,62944302,486404632713911
486404656000000,62964,-0.42,-0.523,0.683,5.22,-3.33,-4.04,1,imu01,fusion_20260817T192552Z,2860,62964298,486404652709148
486404687000000,62984,-0.425,-0.528,0.702,4.19,-0.45,-1.1,1,imu01,fusion_20260817T192552Z,2861,62984302,486404672712386
486404703000000,63004,-0.434,-0.535,0.718,-0.4,3.53,-0.86,1,imu01,fusion_20260817T192552Z,2862,63004298,486404692707623
486404718000000,63024,-0.388,-0.531,0.667,-4.25,5.48,-1.96,1,imu01,fusion_20260817T192552Z,2863,63024302,486404712710860
486404734000000,63044,-0.42,-0.578,0.743,-34.83,32.43,14.21,1,imu01,fusion_20260817T192552Z,2864,63044298,486404732706098
486404765000000,63064,-0.485,-0.538,0.673,-21.65,22.38,9.27,1,imu01,fusion_20260817T192552Z,2865,63064302,486404752709335
486404781000000,63084,-0.471,-0.531,0.654,-17.5,18.07,7.15,1,imu01,fusion_20260817T192552Z,2866,63084298,486404772704573
486404796000000,63104,-0.452,-0.526,0.619,1.88,4.61,-3.8,1,imu01,fusion_20260817T192552Z,2867,63104302,486404792707810
486404828000000,63124,-0.496,-0.552,0.674,14.04,-10.63,-11.81,1,imu01,fusion_20260817T192552Z,2868,63124298,486404812703048
486404843000000,63144,-0.416,-0.549,0.735,10.51,-5.33,-13.27,1,imu01,fusion_20260817T192552Z,2869,63144302,486404832706285
486404859000000,63164,-0.432,-0.527,0.68,-2.77,6.86,-1.13,1,imu01,fusion_20260817T192552Z,2870,63164298,486404852701522
486404875000000,63184,-0.464,-0.519,0.65,2.75,4.42,-3.2,1,imu01,fusion_20260817T192552Z,2871,63184302,486404872704760
486404906000000,63204,-0.453,-0.532,0.666,6.18,1.83,-5.86,1,imu01,fusion_20260817T192552Z,2872,63204298,486404892699997
486404921000000,63224,-0.449,-0.521,0.689,9.08,-6.52,-9.73,1,imu01,fusion_20260817T192552Z,2873,63224302,486404912703235
486404937000000,63244,-0.409,-0.52,0.671,3.02,0.03,-7.57,1,imu01,fusion_20260817T192552Z,2874,63244298,486404932698472
486404968000000,63264,-0.427,-0.513,0.635,-1.91,7.37,-5.28,1,imu01,fusion_20260817T192552Z,2875,63264302,486404952701710
486404984000000,63284,-0.365,-0.495,0.581,1.49,8.09,-6.73,1,imu01,fusion_20260817T192552Z,2876,63284298,486404972696947
486405000000000,63304,-0.269,-0.468,0.567,-4.07,16.64,4.92,1,imu01,fusion_20260817T192552Z,2877,63304302,486404992700184
486405015000000,63324,-0.333,-0.428,0.495,-8.57,25.36,18.1,1,imu01,fusion_20260817T192552Z,2878,63324298,486405012695422
486405046000000,63344,-0.443,-0.477,0.527,-4.83,18.45,10.17,1,imu01,fusion_20260817T192552Z,2879,63344302,486405032698659
486405062000000,63364,-0.451,-0.49,0.58,1.21,-4.26,-9.99,1,imu01,fusion_20260817T192552Z,2880,63364298,486405052693897
486405078000000,63384,-0.424,-0.388,0.714,-11.0,-9.17,-30.8,1,imu01,fusion_20260817T192552Z,2881,63384302,486405072697134
486405093000000,63404,-0.358,-0.446,0.668,-9.06,-25.23,-22.94,1,imu01,fusion_20260817T192552Z,2882,63404298,486405092692372
486405125000000,63424,-0.292,-0.439,0.576,-10.01,-21.39,-13.28,1,imu01,fusion_20260817T192552Z,2883,63424302,486405112695609
486405140000000,63444,-0.406,-0.469,0.593,-2.99,-13.96,-17.77,1,imu01,fusion_20260817T192552Z,2884,63444298,486405132690846
486405156000000,63464,-0.442,-0.566,0.746,-5.75,-10.12,-23.72,1,imu01,fusion_20260817T192552Z,2885,63464302,486405152694084
486405187000000,63484,-0.437,-0.628,0.802,-11.56,-20.11,-25.68,1,imu01,fusion_20260817T192552Z,2886,63484298,486405172689321
486405203000000,63504,-0.394,-0.618,0.743,-14.89,-26.74,-27.7,1,imu01,fusion_20260817T192552Z,2887,63504302,486405192692559
486405218000000,63524,-0.231,-0.628,0.72,-18.37,-7.82,-25.61,1,imu01,fusion_20260817T192552Z,2888,63524298,486405212687796
486405234000000,63544,-0.335,-0.595,0.696,-25.25,21.3,-18.57,1,imu01,fusion_20260817T192552Z,2889,63544302,486405232691033
486405265000000,63564,-0.462,-0.648,0.737,-18.67,17.49,-28.74,1,imu01,fusion_20260817T192552Z,2890,63564298,486405252686271
486405281000000,63584,-0.506,-0.657,0.791,-20.7,20.46,-56.33,1,imu01,fusion_20260817T192552Z,2891,63584302,486405272689508
486405296000000,63604,-0.47,-0.71,0.81,-23.85,-3.39,-63.02,1,imu01,fusion_20260817T192552Z,2892,63604298,486405292684746
486405328000000,63624,-0.279,-0.691,0.752,-17.91,-27.92,-61.25,1,imu01,fusion_20260817T192552Z,2893,63624302,486405312687983
486405343000000,63644,-0.301,-0.682,0.682,-21.41,-26.32,-44.48,1,imu01,fusion_20260817T192552Z,2894,63644298,486405332683221
486405359000000,63664,-0.327,-0.717,0.605,-25.6,-7.57,-28.54,1,imu01,fusion_20260817T192552Z,2895,63664302,486405352686458
486405375000000,63684,-0.386,-0.727,0.637,-34.24,2.46,-32.8,1,imu01,fusion_20260817T192552Z,2896,63684298,486405372681696
486405406000000,63704,-0.348,-0.754,0.577,-42.99,4.83,-37.55,1,imu01,fusion_20260817T192552Z,2897,63704302,486405392684933
486405421000000,63724,-0.365,-0.716,0.604,-37.57,-5.76,-50.22,1,imu01,fusion_20260817T192552Z,2898,63724298,486405412680170
486405437000000,63744,-0.208,-0.673,0.541,-27.06,-15.62,-51.15,1,imu01,fusion_20260817T192552Z,2899,63744302,486405432683408
486405468000000,63764,-0.178,-0.659,0.524,-32.36,21.45,-22.72,1,imu01,fusion_20260817T192552Z,2900,63764298,486405452678645
486405484000000,63784,-0.266,-0.676,0.529,-30.19,30.88,-11.57,1,imu01,fusion_20260817T192552Z,2901,63784302,486405472681882
486405500000000,63804,-0.399,-0.776,0.61,-24.7,9.03,-15.24,1,imu01,fusion_20260817T192552Z,2902,63804298,486405492677120
486405515000000,63824,-0.349,-0.794,0.648,-20.35,3.48,-13.9,1,imu01,fusion_20260817T192552Z,2903,63824302,486405512680357
486405546000000,63844,-0.26,-0.763,0.64,-19.1,6.13,-22.98,1,imu01,fusion_20260817T192552Z,2904,63844298,486405532675595
486405562000000,63864,-0.216,-0.729,0.578,-17.25,21.77,-17.7,1,imu01,fusion_20260817T192552Z,2905,63864302,486405552678832
486405578000000,63884,-0.279,-0.738,0.6,-23.02,32.6,3.09,1,imu01,fusion_20260817T192552Z,2906,63884298,486405572674070
486405593000000,63904,-0.33,-0.791,0.603,-20.5,12.14,11.3,1,imu01,fusion_20260817T192552Z,2907,63904302,486405592677307
486405625000000,63924,-0.297,-0.8,0.618,-15.0,-5.13,7.01,1,imu01,fusion_20260817T192552Z,2908,63924298,486405612672545
486405640000000,63944,-0.314,-0.861,0.581,-6.03,-11.4,-4.11,1,imu01,fusion_20260817T192552Z,2909,63944302,486405632675782
486405656000000,63964,-0.474,-0.913,0.677,16.3,-26.44,-28.89,1,imu01,fusion_20260817T192552Z,2910,63964298,486405652671020
486405687000000,63984,-0.358,-0.904,0.733,31.22,-29.97,-58.52,1,imu01,fusion_20260817T192552Z,2911,63984302,486405672674257
486405703000000,64004,-0.207,-0.915,0.75,9.52,17.92,-33.3,1,imu01,fusion_20260817T192552Z,2912,64004298,486405692669494
486405718000000,64024,-0.325,-0.901,0.674,-7.65,17.49,-11.21,1,imu01,fusion_20260817T192552Z,2913,64024302,486405712672732
486405734000000,64044,-0.21,-0.834,0.645,-13.35,17.45,0.69,1,imu01,fusion_20260817T192552Z,2914,64044298,486405732667969
486405765000000,64064,-0.321,-0.845,0.562,-6.37,23.61,13.27,1,imu01,fusion_20260817T192552Z,2915,64064302,486405752671206
486405781000000,64084,-0.282,-0.889,0.666,0.68,24.98,4.92,1,imu01,fusion_20260817T192552Z,2916,64084298,486405772666444
486405796000000,64104,-0.213,-0.932,0.671,-24.12,45.92,14.37,1,imu01,fusion_20260817T192552Z,2917,64104302,486405792669681
486405828000000,64124,-0.31,-0.861,0.742,-52.55,32.48,25.88,1,imu01,fusion_20260817T192552Z,2918,64124298,486405812664919
486405843000000,64144,-0.26,-0.765,0.452,-48.48,32.85,23.16,1,imu01,fusion_20260817T192552Z,2919,64144302,486405832668156
486405859000000,64164,-0.269,-0.727,0.3,-30.83,31.87,23.62,1,imu01,fusion_20260817T192552Z,2920,64164298,486405852663394
486405875000000,64184,-0.279,-0.777,0.356,-7.32,32.75,17.86,1,imu01,fusion_20260817T192552Z,2921,64184302,486405872666631
486405906000000,64204,-0.341,-0.853,0.457,-2.7,25.26,11.65,1,imu01,fusion_20260817T192552Z,2922,64204298,486405892661869
486405921000000,64224,-0.246,-0.938,0.535,12.32,-13.91,1.3,1,imu01,fusion_20260817T192552Z,2923,64224302,486405912665106
486405937000000,64244,-0.251,-0.879,0.559,8.29,-1.46,-1.86,1,imu01,fusion_20260817T192552Z,2924,64244298,486405932660343
486405968000000,64264,-0.323,-0.743,0.439,15.47,17.36,14.61,1,imu01,fusion_20260817T192552Z,2925,64264302,486405952663581
486405984000000,64284,-0.469,-0.705,0.483,13.36,35.51,28.28,1,imu01,fusion_20260817T192552Z,2926,64284298,486405972658818
486406000000000,64304,-0.531,-0.804,0.544,24.72,6.12,14.08,1,imu01,fusion_20260817T192552Z,2927,64304302,486405992662056
486406015000000,64324,-0.426,-0.868,0.568,7.27,-4.95,13.17,1,imu01,fusion_20260817T192552Z,2928,64324298,486406012657293
486406046000000,64344,-0.46,-0.83,0.468,-15.0,-4.87,21.86,1,imu01,fusion_20260817T192552Z,2929,64344302,486406032660530
486406062000000,64364,-0.458,-0.752,0.364,-21.66,-1.51,30.06,1,imu01,fusion_20260817T192552Z,2930,64364298,486406052655768
486406078000000,64384,-0.584,-0.765,0.292,-20.23,4.54,27.82,1,imu01,fusion_20260817T192552Z,2931,64384302,486406072659005
486406093000000,64404,-0.63,-0.811,0.282,-11.48,-6.97,9.99,1,imu01,fusion_20260817T192552Z,2932,64404298,486406092654243
486406125000000,64424,-0.621,-0.794,0.293,-9.39,-8.13,-0.98,1,imu01,fusion_20260817T192552Z,2933,64424302,486406112657480
486406140000000,64444,-0.523,-0.809,0.361,6.73,-25.49,-10.25,1,imu01,fusion_20260817T192552Z,2934,64444298,486406132652718
486406156000000,64464,-0.46,-0.817,0.429,4.84,-14.88,-2.44,1,imu01,fusion_20260817T192552Z,2935,64464302,486406152655955
486406187000000,64484,-0.429,-0.841,0.491,7.83,-11.01,1.12,1,imu01,fusion_20260817T192552Z,2936,64484298,486406172651192
486406203000000,64504,-0.406,-0.883,0.603,8.01,-2.36,3.98,1,imu01,fusion_20260817T192552Z,2937,64504302,486406192654430
486406218000000,64524,-0.363,-0.86,0.631,-3.51,-9.75,-11.02,1,imu01,fusion_20260817T192552Z,2938,64524298,486406212649667
486406234000000,64544,-0.28,-0.803,0.589,-12.46,-5.39,-14.95,1,imu01,fusion_20260817T192552Z,2939,64544302,486406232652905
486406265000000,64564,-0.305,-0.711,0.468,-19.47,16.61,0.96,1,imu01,fusion_20260817T192552Z,2940,64564298,486406252648142
486406281000000,64584,-0.373,-0.687,0.416,-12.61,18.98,0.2,1,imu01,fusion_20260817T192552Z,2941,64584302,486406272651380
486406296000000,64604,-0.379,-0.687,0.411,-7.68,13.42,-1.51,1,imu01,fusion_20260817T192552Z,2942,64604298,486406292646617
486406328000000,64624,-0.393,-0.706,0.412,-8.42,1.68,-2.04,1,imu01,fusion_20260817T192552Z,2943,64624302,486406312649854
486406343000000,64644,-0.329,-0.694,0.351,-0.91,4.95,-4.73,1,imu01,fusion_20260817T192552Z,2944,64644298,486406332645092
486406359000000,64664,-0.401,-0.742,0.388,0.92,9.02,-1.25,1,imu01,fusion_20260817T192552Z,2945,64664302,486406352648329
486406375000000,64684,-0.454,-0.79,0.457,3.52,1.48,-1.47,1,imu01,fusion_20260817T192552Z,2946,64684298,486406372643567
486406406000000,64704,-0.439,-0.792,0.498,5.84,-1.87,-2.96,1,imu01,fusion_20260817T192552Z,2947,64704302,486406392646804
486406421000000,64724,-0.438,-0.814,0.523,10.83,-10.5,-2.96,1,imu01,fusion_20260817T192552Z,2948,64724298,486406412642042
486406437000000,64744,-0.431,-0.82,0.551,13.84,-11.24,-3.65,1,imu01,fusion_20260817T192552Z,2949,64744302,486406432645279
486406468000000,64764,-0.452,-0.84,0.569,12.06,-3.82,-5.06,1,imu01,fusion_20260817T192552Z,2950,64764298,486406452640516
486406484000000,64784,-0.441,-0.849,0.549,9.6,-2.42,-6.07,1,imu01,fusion_20260817T192552Z,2951,64784302,486406472643754
486406500000000,64804,-0.388,-0.853,0.526,7.59,-9.75,-5.11,1,imu01,fusion_20260817T192552Z,2952,64804298,486406492638991
486406515000000,64824,-0.381,-0.812,0.385,11.52,-5.74,-2.23,1,imu01,fusion_20260817T192552Z,2953,64824302,486406512642229
486406546000000,64844,-0.395,-0.761,0.434,-0.74,6.38,0.04,1,imu01,fusion_20260817T192552Z,2954,64844298,486406532637466
486406562000000,64864,-0.354,-0.785,0.453,5.46,6.79,-2.73,1,imu01,fusion_20260817T192552Z,2955,64864302,486406552640703
486406578000000,64884,-0.354,-0.801,0.465,2.84,8.56,-0.17,1,imu01,fusion_20260817T192552Z,2956,64884298,486406572635941
486406593000000,64904,-0.334,-0.785,0.493,5.07,6.7,-0.15,1,imu01,fusion_20260817T192552Z,2957,64904302,486406592639178
486406625000000,64924,-0.363,-0.779,0.526,-1.12,2.34,8.17,1,imu01,fusion_20260817T192552Z,2958,64924298,486406612634416
486406640000000,64944,-0.372,-0.799,0.524,-0.59,-4.06,5.77,1,imu01,fusion_20260817T192552Z,2959,64944302,486406632637653
486406656000000,64964,-0.37,-0.809,0.515,-4.45,-4.52,2.43,1,imu01,fusion_20260817T192552Z,2960,64964298,486406652632891
486406687000000,64984,-0.357,-0.801,0.508,-3.18,-6.92,-0.61,1,imu01,fusion_20260817T192552Z,2961,64984302,486406672636128
486406703000000,65004,-0.362,-0.787,0.484,-4.49,-1.43,2.98,1,imu01,fusion_20260817T192552Z,2962,65004298,486406692631366
486406718000000,65024,-0.364,-0.769,0.467,-4.09,1.4,4.41,1,imu01,fusion_20260817T192552Z,2963,65024302,486406712634603
486406734000000,65044,-0.416,-0.773,0.455,1.05,-7.37,-0.55,1,imu01,fusion_20260817T192552Z,2964,65044298,486406732629840
486406765000000,65064,-0.468,-0.779,0.496,1.91,-20.15,-13.72,1,imu01,fusion_20260817T192552Z,2965,65064302,486406752633078
486406781000000,65084,-0.476,-0.787,0.469,11.97,-46.91,-35.46,1,imu01,fusion_20260817T192552Z,2966,65084298,486406772628315
486406796000000,65104,-0.306,-0.816,0.523,35.62,-45.63,-64.21,1,imu01,fusion_20260817T192552Z,2967,65104302,486406792631553
486406828000000,65124,-0.216,-0.793,0.524,15.1,-4.69,-37.68,1,imu01,fusion_20260817T192552Z,2968,65124298,486406812626790
486406843000000,65144,-0.246,-0.739,0.522,8.06,-2.18,-20.18,1,imu01,fusion_20260817T192552Z,2969,65144302,486406832630027
486406859000000,65164,-0.313,-0.779,0.444,15.46,-5.2,-14.91,1,imu01,fusion_20260817T192552Z,2970,65164298,486406852625265
486406875000000,65184,-0.343,-0.787,0.466,21.46,-19.97,-23.75,1,imu01,fusion_20260817T192552Z,2971,65184302,486406872628502
486406906000000,65204,-0.209,-0.808,0.523,15.75,-5.71,-15.9,1,imu01,fusion_20260817T192552Z,2972,65204298,486406892623740
486406921000000,65224,-0.294,-0.789,0.506,9.1,8.8,-10.28,1,imu01,fusion_20260817T192552Z,2973,65224302,486406912626977
486406937000000,65244,-0.244,-0.749,0.516,10.22,11.07,-13.18,1,imu01,fusion_20260817T192552Z,2974,65244298,486406932622215
486406953000000,65264,-0.244,-0.717,0.476,4.88,25.38,-1.51,1,imu01,fusion_20260817T192552Z,2975,65264302,486406952625452
486406984000000,65284,-0.364,-0.72,0.503,6.88,22.73,1.56,1,imu01,fusion_20260817T192552Z,2976,65284298,486406972620690
486407000000000,65304,-0.363,-0.723,0.505,20.13,-2.48,-7.12,1,imu01,fusion_20260817T192552Z,2977,65304302,486406992623927
486407015000000,65324,-0.358,-0.754,0.581,8.55,-8.76,-3.76,1,imu01,fusion_20260817T192552Z,2978,65324298,486407012619164
486407046000000,65344,-0.329,-0.812,0.534,8.24,-17.57,-16.83,1,imu01,fusion_20260817T192552Z,2979,65344302,486407032622402
486407062000000,65364,-0.315,-0.832,0.537,3.31,-8.28,-15.42,1,imu01,fusion_20260817T192552Z,2980,65364298,486407052617639
486407078000000,65384,-0.317,-0.789,0.543,6.36,-1.45,-18.95,1,imu01,fusion_20260817T192552Z,2981,65384302,486407072620876
486407093000000,65404,-0.31,-0.807,0.511,14.97,-4.42,-27.4,1,imu01,fusion_20260817T192552Z,2982,65404298,486407092616114
486407125000000,65424,-0.257,-0.81,0.534,29.26,-10.38,-41.19,1,imu01,fusion_20260817T192552Z,2983,65424302,486407112619351
486407140000000,65444,-0.239,-0.816,0.711,27.16,-29.21,-54.86,1,imu01,fusion_20260817T192552Z,2984,65444298,486407132614589
486407156000000,65464,-0.193,-0.857,0.641,17.46,-31.35,-62.8,1,imu01,fusion_20260817T192552Z,2985,65464302,486407152617826
486407187000000,65484,0.005,-0.881,0.748,16.25,-31.17,-40.64,1,imu01,fusion_20260817T192552Z,2986,65484298,486407172613064
486407203000000,65504,-0.051,-0.805,0.741,-13.17,5.19,2.85,1,imu01,fusion_20260817T192552Z,2987,65504302,486407192616301
486407218000000,65524,-0.185,-0.79,0.629,-12.83,11.86,13.17,1,imu01,fusion_20260817T192552Z,2988,65524298,486407212611539
486407234000000,65544,-0.313,-0.826,0.613,-4.08,2.29,7.43,1,imu01,fusion_20260817T192552Z,2989,65544302,486407232614776
486407265000000,65564,-0.292,-0.807,0.625,-0.32,-13.31,11.69,1,imu01,fusion_20260817T192552Z,2990,65564298,486407252610013
486407281000000,65584,-0.242,-0.748,0.532,-11.94,-21.27,35.06,1,imu01,fusion_20260817T192552Z,2991,65584302,486407272613251
486407296000000,65604,-0.286,-0.662,0.458,-6.48,-29.61,52.3,1,imu01,fusion_20260817T192552Z,2992,65604298,486407292608488
486407328000000,65624,-0.287,-0.667,0.487,10.4,-37.33,40.77,1,imu01,fusion_20260817T192552Z,2993,65624302,486407312611726
486407343000000,65644,-0.266,-0.71,0.499,18.63,-29.29,17.3,1,imu01,fusion_20260817T192552Z,2994,65644298,486407332606963
486407359000000,65664,-0.245,-0.739,0.568,12.55,4.16,4.26,1,imu01,fusion_20260817T192552Z,2995,65664302,486407352610200
486407375000000,65684,-0.296,-0.767,0.576,3.17,17.48,0.58,1,imu01,fusion_20260817T192552Z,2996,65684298,486407372605438
486407406000000,65704,-0.253,-0.715,0.58,8.55,-4.91,-5.86,1,imu01,fusion_20260817T192552Z,2997,65704302,486407392608675
486407421000000,65724,-0.257,-0.684,0.686,10.13,-30.56,23.01,1,imu01,fusion_20260817T192552Z,2998,65724298,486407412603913
486407437000000,65744,-0.223,-0.761,0.564,16.89,-55.94,19.75,1,imu01,fusion_20260817T192552Z,2999,65744302,486407432607150
486407468000000,65764,-0.259,-0.803,0.714,27.03,-77.89,4.89,1,imu01,fusion_20260817T192552Z,3000,65764298,486407452602388
486407484000000,65784,-0.129,-0.884,0.71,19.83,-79.29,0.9,1,imu01,fusion_20260817T192552Z,3001,65784302,486407472605625
486407500000000,65804,-0.161,-0.835,0.739,9.76,-40.04,-1.56,1,imu01,fusion_20260817T192552Z,3002,65804298,486407492600863
486407515000000,65824,-0.131,-0.737,0.665,4.97,-17.03,-9.18,1,imu01,fusion_20260817T192552Z,3003,65824302,486407512604100
486407546000000,65844,-0.16,-0.72,0.712,-1.1,11.93,-8.73,1,imu01,fusion_20260817T192552Z,3004,65844298,486407532599337
486407562000000,65864,-0.176,-0.789,0.656,3.31,1.2,-11.39,1,imu01,fusion_20260817T192552Z,3005,65864302,486407552602575
486407578000000,65884,-0.163,-0.739,0.631,2.39,-3.39,-16.67,1,imu01,fusion_20260817T192552Z,3006,65884298,486407572597812
486407593000000,65904,-0.07,-0.733,0.545,14.14,-12.27,-11.57,1,imu01,fusion_20260817T192552Z,3007,65904302,486407592601050
486407625000000,65924,-0.111,-0.686,0.567,26.57,-11.28,-8.35,1,imu01,fusion_20260817T192552Z,3008,65924298,486407612596287
486407640000000,65944,-0.164,-0.685,0.653,23.2,-7.85,-1.58,1,imu01,fusion_20260817T192552Z,3009,65944302,486407632599524
486407656000000,65964,-0.207,-0.725,0.617,23.59,-0.88,3.87,1,imu01,fusion_20260817T192552Z,3010,65964298,486407652594762
486407687000000,65984,-0.16,-0.786,0.68,24.76,3.8,-6.21,1,imu01,fusion_20260817T192552Z,3011,65984302,486407672597999
486407703000000,66004,-0.129,-0.764,0.661,12.81,17.16,6.91,1,imu01,fusion_20260817T192552Z,3012,66004298,486407692593237
486407718000000,66024,-0.154,-0.7,0.622,18.69,22.12,4.82,1,imu01,fusion_20260817T192552Z,3013,66024302,486407712596474
